d1,d2,d3
0.37924776816081174,0.760555885201313,0.7654822333336396
0.7810360635185509,0.6780468494057468,0.7250903533749109
0.20274116067494685,0.6212815139829561,0.7543431215052598
0.7348349570550448,0.5745962854151996,0.8221172874778835
0.6127016653792583,0.6627768784329375,0.7374012678159674
0.7124569291175242,0.5988775719053818,0.53125
0.6436865878907969,0.3658927139598497,0.7476723492835617
0.5460702184214272,0.5497748311092518,0.5442864998525268
0.7647022286674936,0.5447244749357767,0.5487775549518239
0.5240913656875238,0.6892405615730577,0.3158885510559911
0.43222502604233104,0.8032012448544932,1.0067642926190636
0.22994645891318,0.40725102163618077,0.5641697493106368
0.40122348108800154,0.4928170081875519,0.6601363649918219
0.4264606653235956,0.6247589297453424,0.22441375600697833
0.550431470486509,0.6961781898749,0.4784184774797393
0.37639043553767637,0.29982712217675545,0.767810452178102
0.5337366318134786,0.7458329801307619,0.7362938977594048
0.8866744447783498,0.6633424714378172,0.5632168551320154
0.43305329048615915,0.8431927990406409,0.45203569098380103
0.4803566155133491,0.3678819275894777,0.45809920877544186
0.5279067943702014,0.8369376120044354,0.5537602010104976
0.8382508401948424,0.9875514385504455,0.7938016551561756
0.8031251922604605,1.054799662435119,0.9072361035886017
0.9257924647069434,0.9762509833373635,0.784358152322512
0.313756433503279,0.8690692658584046,0.46558324706013865
0.5645476819504301,0.9391419380549816,0.5611154940922922
0.8250721428646701,1.0308166775680683,0.6666461598404375
0.6349527354539846,1.195976600339204,0.5866120175225995
0.6850551105339067,0.7137982676582854,0.6158655511986364
0.6089945139151522,0.6907974053433337,0.6538000330985543
0.738227499272833,0.4299920198324161,0.5665947207815509
0.6500433803633223,0.6949374583142826,0.7325797213332974
0.3266854708478829,0.4311057550488542,0.817457393199313
0.5182866716991432,0.5717866504552025,0.5641308705769805
0.5965061299620769,0.5983976285479513,0.8511930469685324
0.7574187083044341,0.9157848078933482,1.0069165820687396
0.5804093208516554,0.6578033849246239,0.8670242314006527
0.41779115761589913,0.7521147496894243,0.6517169119081243
0.7217493130677688,0.8650260654134929,0.5569492468697901
0.46594825381276606,0.6405927008776868,0.2025086443656221
0.32888513581186596,0.8517667575393306,0.3024920556546785
0.3193340373533373,0.7533715911815219,0.3896618774214534
0.4467743917132835,0.9823205827374717,0.5248627389458594
0.7647227419770233,0.8324636541774706,0.5772965565171684
0.40344644199057755,0.8860418398022667,0.82481190305118
0.23318841949276747,0.720908076190708,0.6288429792811162
0.3413333333333334,0.49861394780150414,0.7140838809237725
0.7144488397832904,0.5272695671402263,0.5499648396295904
0.5094221094803939,0.7469994238712356,0.578092037152741
0.5460702184214272,0.6302055064232638,0.7707319745258243
0.3247222793546347,0.6448655297297227,0.6038972016927551
0.3949419547719094,0.6669350789821884,0.8248759843683635
0.7401252537838079,1.0543223563376338,0.6751054852320675
0.5038501815225882,0.42161865827514944,0.7302532993191555
0.41779115761589913,0.775876135140916,0.4815901164833196
0.36355417265941603,0.30232504081410894,0.8829811145534187
0.22727945128041138,0.7506645123987473,0.7752409122380746
0.4873591277748659,0.5588742664988379,0.6984886554222364
0.6062192346758917,0.5771501219403211,0.585421901205575
0.5527509141741788,0.5015784226501542,0.6489066164899571
0.4063404071423826,0.7971017915271456,0.5585789594148834
0.4471837677686691,0.4626590707401679,0.712665294622436
0.8112682739712972,0.8632042473982183,0.7512337050973219
0.6205855671651559,0.7580741077206055,0.7108432493114343
0.39914484189632726,0.8572016075607256,0.4442871143032815
0.32023831428427174,0.8392396986672701,0.592927881068345
0.7470797192645265,0.5924719205925175,0.7563602978801657
0.5012914851663108,0.5367671607025674,0.609966502165642
0.6405923744715363,0.4707359432215643,0.49837624253625645
0.5656702892385433,0.5774095633295113,0.30476707298884664
0.4535648365044269,0.4107257900703706,0.36259918612047026
0.3083668128433441,0.6163549490267325,0.3508889727829503
0.731762744705549,0.49464400239897055,0.3682069368348956
0.7896075507658132,1.051231551957856,0.8613826055306472
0.38551124393739766,0.5038353761439325,0.5987841859687941
0.3875187297838335,0.6731801717008505,0.3986134138241294
0.4168540646653687,0.4740094805960998,0.6712787502583917
0.5918259260715363,0.6791436339780479,0.7240437478448333
0.29128432758403167,0.6701462370103799,0.7550582797607138
0.5489723200186718,0.7109837936824013,0.593828569147506
0.9387712648861138,0.6182031210662913,0.6201233322214786
0.6420445300724893,0.5035910537133013,0.29451475983988895
0.49495020109239607,0.6171580382213575,0.5042921926498501
0.46347863673417566,0.676900728279357,0.30807028908998046
0.37664334634595986,0.7855334187982068,0.5441287538678554
0.7015872541768102,1.049422163265315,0.7114520824529413
0.6386182433425812,0.7021127737384117,0.6130029548331025
0.4619010175305004,0.6388642387171248,0.3314832689925632
0.23349940724484664,0.6109335487371947,0.40029069174388754
0.45765509070854815,0.8174599654846544,0.5782124925215175
0.5390751138680889,0.5735432151990263,0.33350798440930574
0.3985547951765309,0.8142919597842053,0.8570571101583871
0.651541443658397,0.6878624423062119,0.55300288807991
1.0075254176929165,1.1352738270510543,0.6484339966542269
0.6881236125819414,0.6882725586919546,0.5145040906177418
0.7047380983578474,0.7854095847398448,0.45026210754667173
0.5707038982215189,0.90805516251305,0.507472928610605
0.48800380203808214,0.765719432821615,0.4575609812590963
0.5762773714753052,0.8694044321529024,0.7714642427717238
0.8015578067539588,0.9517774263409481,0.7653462472111862
0.5760338527031771,0.7238521745775218,0.4161165819565503
0.46413516125619025,1.0947200511190922,0.7815097705619776
0.6618712262975552,0.7080071601852093,0.5154233674211903
0.7305343776240205,0.782297726069148,0.3847504447218387
0.41812994798138214,0.7184925480910855,0.5299948473485764
0.2745237498899883,0.8822504343531348,0.573217156177876
0.4648889277457223,0.6677282404879583,0.7012216767149709
0.8229922203894957,0.5910412353807702,0.6454398108125308
0.8461032471872268,0.6930314480655213,0.5529458484157996
0.6840593223455814,0.7785962786149762,0.572773602415759
0.458636173868472,0.7533533088680188,0.7743104205792417
0.5648208879595689,0.9102186418502227,0.5984504351867251
1.0782301159425938,1.1886388194727033,0.7016836643963628
0.6540083719353659,0.6936222361728749,0.7156924000100995
0.5494834527153121,0.7280678988859826,0.6109677596492433
0.4648889277457223,0.7007368632858122,0.6739333075960244
0.45747155964477726,0.7792952159123013,0.7397121963027407
0.7955423252301439,0.6893630881080006,0.5854100925665373
0.5054305216164594,0.31676179028255236,0.510694513608771
0.6916571569650021,0.7003144958464007,0.5168793999832814
0.5050866022675677,0.6559438594866769,0.6188568329498692
0.6089945139151522,0.9202860319696461,0.5451182106208785
0.738227499272833,0.6107777824685003,0.6810852119038369
0.6500433803633223,0.8010776908254721,0.8025765597499943
0.3266854708478829,0.5573661051271805,0.9540222516544877
0.5182866716991432,0.9372418121239412,0.6717935322738002
0.5965061299620769,0.6980305322965187,0.585125265741949
0.7574187083044341,1.334029228314872,0.9567153255825129
0.2591093117408907,0.6651582629637269,0.482412636391894
0.40344644199057755,0.8237820742503044,0.8148356939225675
0.6089945139151522,0.7945488895656591,0.69245099755996
0.5060453610263349,0.6175949742769049,0.7069518428507224
0.4895516682442933,0.6472547724392927,0.6642792075182423
0.6386182433425812,0.5830285791690326,0.538482716162805
0.6861005306835348,0.8860180104292261,0.6460986855721214
0.6540083719353659,0.30223436426375383,0.501816750274994
0.33184689521893906,0.42682858362350296,0.6715372104452109
0.6486759737385281,0.9125307657095973,0.652966820181824
0.8996790166890309,0.8746142514754993,0.5481519429424679
0.9055088817476932,0.7159921742582511,0.8924171292720162
0.7037327310166606,0.5740809523208907,0.8045720327192645
0.5664450152379401,0.9432440806874448,0.9489985974421442
0.6507936507936508,0.6230229496873884,0.6801236363969239
1.0,1.0136424251511675,0.9709503553112937
0.5671125367805063,0.6656702586222953,0.6285714285714286
0.7308632175902461,0.7104318008077202,0.8962816739457236
0.5706039679026454,0.8141984808497853,0.6998203382167012
0.5747567444374377,0.6691911890742781,0.6886004223353908
0.7296168466631934,0.8175811980166032,0.784892923868922
0.5309792380866708,0.4980778473992705,0.7654293772206775
0.6142168182798573,0.7446772458988573,0.6945384481240353
0.2244332656705187,0.45405227167677775,0.7081108640103688
0.5671125367805063,0.3768712737887996,0.513781567519658
0.6363547447381014,0.9941780928511864,0.9317414048800123
1.0592423032601366,1.1053618057505237,0.9134938890251547
1.1662504104312075,0.835865124127977,0.8212879216379282
0.7824233626644602,0.8299074823073369,0.4979041607922743
0.7851546474381221,0.9146142337804053,0.597672580165663
0.8094135304589345,1.0432367634195931,0.5289302775270517
0.7823647006439644,1.1595454490464912,0.929713627223035
0.8733122456799356,0.8556552152829178,0.707655260068426
0.7508067415910007,0.8614213289702167,0.9585652357230661
0.8732394366197183,1.0743348146839065,0.5053227645892537
0.86312985108865,0.9624969053060178,0.5442485932071095
0.8175180630944401,1.0806656954372205,0.7331472961866461
0.8686096285014824,1.0133110132085417,0.6800595906389881
0.8130814060895423,0.7897761763882458,0.6215072289523741
0.9214877505005884,1.2333437681645332,0.8153594056312385
0.7037143427767367,0.8109527360567006,0.8257812793350298
0.5897121098922538,0.6993226873752095,0.9483048302938185
0.4916305221149092,0.6746072568572554,0.9677729611179403
0.8154466323686095,0.9541078349319198,0.8112636880353136
1.0727805106109847,1.040404269430466,0.6713894780305197
1.0946761032323755,0.7645829743752578,0.7290621179913449
0.973900212451406,0.6889383533212173,0.2983403568493803
0.7457324848036583,0.9252146995505737,0.5388959170329981
0.9640737885140414,0.7955073518203526,0.4004079758064042
0.7785902139795178,0.887614799329125,0.6407285574398671
1.103484687465778,1.027307730683968,0.47996705113750504
0.6645406778916788,0.8643161786527224,0.8452258621379136
0.9194656522218879,0.9271513273707663,0.3164535181394512
1.0727805106109847,1.070568421748079,0.5466646638172639
1.0058729110375326,1.121325192754689,0.5140442034988819
1.0240054631981756,0.9034677977863076,0.5647003084585498
1.0672664443621491,0.5644625008968391,0.41354427468707644
0.9852001682672104,0.7852008992222439,0.6892371072709254
0.7482885200225362,0.6754682210417584,0.6350218672419581
0.5582565362335968,0.7484209329895568,0.7316030386470497
0.4870307927842291,0.6345346578619039,0.8923755994998737
0.38669996692053143,0.7005863026318713,0.32555079391336983
0.7348349570550448,1.0374938820910433,0.7489371769435629
0.9225403330758517,0.9534470503890964,0.5666502969657181
0.9778813022398095,0.7267195680602668,0.6341362612889279
1.0,0.9089959443619509,0.41143659424740553
0.7480483700698656,0.9295005040695938,0.522107488024632
0.7705842661294382,0.8357854857569628,0.505397315945702
0.8530138160519671,1.0487681569332004,0.5250120868801963
1.1524985703326047,1.1973612837595606,0.5633154640957454
0.6500433803633223,0.6206117533143873,0.7864255748276042
0.821982751270922,1.0627022132416413,0.5354181812080858
1.025819888974716,0.8579616754341395,0.5346804125610402
0.9437456049536987,1.097836524213496,0.7697835106969956
0.872255967423101,0.9564782016749429,0.6214689925479195
1.1193184899758368,0.39967329243699556,0.38766867002237204
0.9149428034314386,1.0116373200825672,0.680434155558276
0.7435054119787115,0.3694024295076854,0.6194205068527618
0.3955294751730112,0.5531377201460752,0.5864284499467349
0.6220355269907728,0.6175498464849647,0.5564223477188702
0.5450670310256895,0.648184696723622,0.7465851928891851
0.2431061610907732,0.5212728005902814,0.4854712718338915
0.8232233047033631,0.8044120852483676,0.7083208809193382
1.086066296582387,1.0717496003334175,0.997495244276695
1.1032205895475553,0.7201471431898012,1.0184805317738643
0.9166666666666666,0.8857142857142857,0.7597530869397638
0.7573799119191298,0.820715708599841,0.8924021840929862
1.0,1.0605227532668802,0.8995062287112054
0.6780302637328806,0.8004271987789977,0.9178125185321481
0.9491671432224651,1.1454785934906615,0.7809885875446877
0.6818576185121111,0.8162273845266763,1.0354465635527632
0.9604406113935382,0.9493792536447446,0.7537105692986266
1.086066296582387,0.7256620258844725,0.792077772985463
0.9624970699691325,0.929914384851987,0.7325396807848041
1.0510976130307597,0.7987664587283387,0.9141279901712226
1.0159091319967783,0.3621561025366442,0.9019383477849685
1.0189015992374582,0.9605408302141715,0.8663448222651922
0.7606050511801307,0.47074387597503686,0.9954417663707643
0.5970196501153407,0.4074654620333211,0.842834270011564
0.49604736932103044,0.46413617784575667,0.9427401665686131
0.3802362451654321,0.5690989551785867,0.5646734446018722
0.1474069400792617,0.6067036651187805,0.6487343509899646
0.33333333333333337,0.42701150153820955,0.9670751338176812
0.6993242542887096,0.7470598902405104,0.7015405301976463
0.6643524369329252,0.9360077809807779,0.5416099611432698
0.932819239912817,0.69493835745384,0.7724352525418001
0.6658987934230671,0.9898070561712475,0.7567411320274415
0.8061370269557608,0.7441591403732675,0.7094284465579945
0.5958556124867765,0.9352249724368704,0.6050207660508417
0.5637655739933909,0.7508062918074228,0.8594116725378883
0.8795728304469189,1.3892494720807615,0.8104786878581903
0.46274350039809486,0.6525243778718419,0.5033155065071955
0.6323315567046742,1.027088657268854,0.5883651187147106
0.5639718573240804,0.7553227384778334,0.593882902553265
0.774464064877304,0.7874723253238392,0.45109317612303146
0.723747654392138,0.8923139854112428,0.806639277482422
0.7825575374480103,0.6982452720827987,0.6782504333966526
0.741657163621748,1.0492701248916294,0.6027386157812824
0.4951776539339905,0.5657284255716174,0.7077422396020898
0.833798349044015,0.3280865720924675,0.4718441402898005
0.6785641071530248,0.5507480457357665,0.6569133529797178
1.060076543022112,0.5914144535591959,0.6377892969645695
0.9968291016322229,0.68749211927773,0.5071888305099216
0.9088814891153819,0.44086379909532036,0.710408037203833
1.0202485579743596,0.3884233702748493,0.6449963119779647
0.7757055323607995,0.6924562067044088,0.7617618502639787
0.9602196310353668,0.9555077755852813,0.4849322618991857
1.0741697462822752,0.5785507756788655,0.5479865671268631
0.8867141863926391,0.6000961037934824,0.6484339966542269
0.76912252176386,0.7670620475618053,0.7075862274184423
0.8440627116048617,0.8820472827389887,0.7268925717888188
0.906751883149473,0.8408852446372455,0.7085719781666517
1.0621933286107186,1.2448608131252354,0.7262593677155811
0.48965917761748123,0.6516136245383584,0.6616045880835
0.7795093378146349,0.7533632286995515,0.6344794862654828
0.8853389365137042,0.8406830358230608,0.49521222853974145
0.9031330613404861,0.6419692479421091,0.5154233674211903
0.8633882218922249,0.7207176012716359,0.7666294790324216
0.8940259970319349,0.5012887106093629,0.5267645713853364
1.1207683639125983,0.807745184832452,0.7085201793721974
0.4653475551462719,0.2779733866972641,0.4590700974171783
0.6741891924902563,0.19389672263437097,0.605420373568917
0.41767502538242296,0.40662254263877073,0.4294208747977263
0.5894929947931007,0.6082354361253575,0.838154540738493
0.5765954524252064,0.6484259712241334,0.5515337895346888
0.6148282337349729,0.4177651627561889,0.5014772826709106
0.5619615207182044,0.3419302973816801,0.935647507016574
0.4797492941311414,0.3408426731245542,0.6742036266989353
0.7416252853160532,0.8736848188305095,0.7154814837117589
1.0727805106109847,0.9348769640446604,0.7644953655004453
1.0946761032323755,0.5766557683117202,0.8572989659519716
0.973900212451406,0.8843004288339564,0.5383201839622612
0.8392561685540368,0.8164115053276906,0.5327760646958939
0.9640737885140414,0.8563289077149672,0.5025754651180646
0.9188894843291302,0.9900472036561742,0.6106911940790574
1.103484687465778,1.1726711633452014,0.7166743408404659
0.7708248195497608,0.6073785498053292,0.7857402352821415
1.0185848494872567,0.7278608215625026,0.5596648240046622
1.0727805106109847,0.7424861522232822,0.5353459189783643
1.0998394876380537,1.1060212185625784,0.6962871954226476
1.0240054631981756,0.7143193993869308,0.566222035025304
1.146989637680252,0.5798367123170071,0.3966677720183428
1.0799190913570644,1.0523447758647297,0.7189421164505634
0.7482885200225362,0.38659716332987537,0.4886040679103363
0.5582565362335968,0.32330507952010723,0.696093623074733
0.5659491323558862,0.5248508480578828,0.7717039501175805
0.38669996692053143,0.694400207340147,0.35651091148657565
0.17438692098092645,0.5082263664680124,0.35339874904821666
0.13870701089639703,0.3575616911064685,0.5534850548762245
0.2170063735421791,0.4813467499453222,0.8585224596220148
0.9968291016322229,0.46625638301657457,0.6047822542576443
0.5009030193392098,0.4168446176339341,0.6155128153043707
0.7278344730240913,0.6823758043568082,0.6021137686148097
0.8310526417000159,1.0377894499024918,0.7289276637004576
0.7701357500925414,0.6051287238134397,0.7955535363212514
0.9037749551350623,0.7090691483981897,0.6355519560509263
0.7090713172741439,0.7062290520439203,0.7991959422700685
0.779244607155826,0.8654106029973436,0.6343767063264044
0.7979463979296367,0.6813270104018696,0.9243254697574234
1.0293483635441874,1.2298642499074586,0.7239757087935137
0.5959049028961452,0.5977824902950768,0.6183536812182712
0.7944433870517404,0.979263514211298,0.6194057985152186
0.9900619201000009,0.7235072868032625,0.5959644433064476
0.9350430197538369,0.8509806354871958,0.7212667596336245
0.8918288576597266,0.7841011251895613,0.7584359513169577
1.0642959914863925,0.28104969998728546,0.5823593325825285
1.076389903855026,0.946889015259887,0.6118970613732355
0.7828054114883328,0.44869177914351277,0.664551916624004
0.49794245511339263,0.44766944203001113,0.45787325346846774
0.636303516273346,0.5578372787748568,0.7031639742808775
0.4746886557988924,0.6350232376624971,0.4613999723454003
0.40729703823240304,0.5334043867443401,0.467443561936808
0.3264246859454366,0.23666263321792735,0.6402834612242105
0.2943496709904574,0.23087246128257055,0.39284693285286176
1.0350715311915948,0.37367823451297044,0.29354834457891443
0.5901249381154595,0.2919971280714596,0.7214230440531813
0.24656403165135976,0.4653398597385061,0.626324791185944
0.8938011511892817,1.0401788247303152,0.7493358852249609
0.9715625530745857,1.1263362288992997,0.5553276534014708
1.0155024786569287,0.5948392392937492,0.7313430362768426
0.9249060738517362,1.0469544929633876,0.8127542374050721
0.5711458259394138,0.9719393233366843,0.539277503057785
0.8506930224701105,1.0426272278859186,0.7037320016139679
0.8423175765398757,1.0234270992265377,0.8748321775939363
0.9618276120724252,1.08538591992976,0.8473420710179564
0.6591613368654639,0.6677854257659375,0.6624743331345162
0.8871145473536038,1.0415952508744373,0.729913126729449
1.0542896714030636,0.7244811565027189,0.7691812113791503
1.084487267742444,1.101467397801814,0.7839916737004036
0.7723308574957908,0.8661417322834646,0.6847608991541266
1.05017652569646,0.6972482367443469,0.7196023100397546
1.0596146024833137,1.291813686332844,0.7012469902226601
0.7483205075027467,0.6148102292539208,0.6887581575324768
0.6591613368654639,0.47833452262148934,0.5549159550320553
0.5837184020652719,0.7295169487832392,0.5880024778118829
0.41576827139145833,0.4329508373161223,0.5311011980030687
0.24477151347654102,0.6936151842782807,0.6805639147844723
0.3241546646656255,0.4104774590514997,0.674691561211541
0.2824358168054789,0.32922152909446234,0.7568691980654894
0.9543836884859381,0.34191879973537287,0.48177412698029054
0.571243343357872,0.4711460960250127,0.6532720543460071
0.24477151347654102,0.3115565854078495,0.48063108447596015
0.335215690031508,0.39940858461823436,0.4940153418950214
0.7387623201982734,0.8342935722243114,0.7042983012793089
0.6920249138849132,1.043846977981533,0.6159397085519138
0.7875368001580962,0.8151589155636342,0.7338546762888114
0.8680550465076851,0.7301587301587302,0.4207425307462367
0.6365350427116734,0.9601590463555202,0.5150795017074032
0.6246489206341387,0.9932752496370133,0.5394121817168362
0.7495392424949633,1.1061220450937075,0.6518782714963144
1.072437100372648,1.0727392967453309,0.5232495108244224
0.6205253731666417,0.7692632716834935,0.6696895773314704
0.6429751404133017,0.850950024620637,0.453980085013984
0.9536674649207392,0.8628310129422363,0.6547668871487197
0.7921704609325695,0.9078503948979828,0.8867117631925958
0.8408870966720796,0.9217425117276873,0.5657304600974544
0.9571777544990727,0.5300908484871412,0.584640005274075
0.8533545268197732,0.848739849154324,0.6016167378017071
0.5505627490460082,0.32372828596810266,0.579100380170741
0.513063531939496,0.36749289399588647,0.6690483756759644
0.4813467499453222,0.5028374538902298,0.9730515972181852
0.6555023284689754,0.686273800700199,0.5544763139551581
0.2423782440631217,0.6881438152709523,0.43096002287079915
0.3402752325384256,0.3240233727297178,0.6055275951234391
0.41944220463381454,0.46031746031746035,0.6157777974223698
0.8044319230563853,0.5299920345630786,0.5341509280171475
0.6771341855923345,0.3334935063224709,0.7945181068661437
0.4186974890811588,0.257483595007192,0.568955645972045
0.6038720370315966,0.4110786720448668,0.5301879805909389
0.4160729399747872,0.4223852056091203,0.5248508196356224
0.8745088389723683,0.9640912301577249,0.879732446000511
1.1237218113922247,1.1279643131168577,0.9209152938905926
1.1609427975859634,0.6313738496132577,0.7527538212096139
0.866896523587583,1.0539541584397163,0.6142959610869977
0.7267466547064945,0.8746075343561202,0.7535536782550717
0.8574985186312376,1.0126989886293243,0.6069982236932756
0.9217425117276873,1.02691945634334,0.817786417900739
0.9594038202816136,1.1068359941823136,0.5890447437167472
0.6104181158744966,0.7416514330617562,0.7417269045063011
0.8630972041449845,1.0477959959607923,0.6494636616907292
1.0504051824190546,0.6834086282909955,0.577175999852971
1.0099835407255202,1.0661746817207154,0.5944614487201092
0.8957138610615186,0.8381445180153537,0.8287155588662289
0.978824392245248,0.5257638727929499,0.6975379476033319
1.0553491085017193,1.2690802127301493,0.8701944626263566
0.572107972455894,0.5891170937974588,0.9536526083720859
0.6104181158744966,0.5426556470453887,0.7861275068412812
0.3962993761850161,0.7919936354244697,0.8535966068858694
0.2944240521318433,0.47893905448454477,0.33342446180688445
0.2635178392552031,0.6736625400389373,0.4096779949833903
0.42321826887952596,0.33876009952195074,0.6249515605763547
0.26053624215323845,0.2806112208037832,0.4005155987609823
0.9083647824033286,0.43324421378152544,0.5591966332924492
0.3445776250789703,0.4530013795598201,0.6423724990726151
0.33762925165719526,0.40983516808652887,0.5284626330683035
0.47060729643548804,0.24572546169220622,0.44159173721110556
0.28478342974471693,0.2610945387657454,0.5581367886295181
0.4614218185163448,0.503754962498906,0.5218801333432211
0.8601364402838851,0.6555128561120449,0.9339534463826813
0.9285006684791455,1.1405793831263307,0.7479352188765842
0.9982499956796715,0.8353752057292723,0.9270675042510528
0.9406609170903073,0.8451612712548272,1.0
0.6434010127581202,0.8903829904688595,0.9405518829968671
0.9546222691568892,1.0151381992073871,0.8932247865795754
0.8355275218607059,0.8752050816352626,1.0324348791264106
0.8250502440341968,1.2243908308928468,1.016411093710296
0.4286174781935068,0.9800814172893546,0.7363647479958517
0.8732394366197183,1.0654175879611603,0.9069391441525977
0.993871485869641,1.1054692357911613,0.8194779691867456
0.9599429894597551,0.7399701620992145,0.8680601508599373
0.933294119085368,1.0419444653807217,0.9435184002601052
0.9943358001845316,0.6520175404149806,0.9261190574456499
0.9932703786143361,0.8667591939032189,0.7167325732227774
0.6387750206456105,0.6867013486458652,0.7931283240747117
0.5897121098922538,0.44775186137185663,0.7430406509006113
0.6112468698525776,0.5107815341790999,0.7112566287573614
0.701095461658842,0.647355538750519,0.6077411376233297
0.5849383614512687,0.6050179340143997,0.8013848983664768
0.5450670310256895,0.4534236029369474,0.8793448269957878
0.4329820966407145,0.49975179943867254,0.7735643407540117
0.5986886926122915,0.3923689511232278,0.6199890226046206
0.2453124489427747,0.44078513517072604,0.8534823654600572
0.5188588966076897,0.4894051666543141,0.7502189785821229
0.4746886557988924,0.4075335739878202,0.4761774347280342
0.47914256059645266,0.5553886669643495,0.7387490284711432
0.7223139980992346,0.4137302834691321,0.8447148584786524
0.406754551294933,0.5576561750933722,0.6826318564491101
0.4023856953328032,0.8151515288777212,0.8304802270437284
0.9214415595150427,1.0117930322976632,0.470755327812293
1.1570271767770641,0.6405367989024179,0.5282718234751367
1.0,0.7589331886236311,0.5020647025570888
0.895896981678506,0.8035477615558724,0.5056286268678716
0.8836649898505778,0.9403135253127773,0.49208131873451366
0.7089562315000273,0.9671974689810475,0.5238119263911458
1.1288848155566167,1.326789201570187,0.5164408395267825
0.9032034205633772,0.8529996397535078,0.7254673621484683
0.979939728642874,1.0083202149409227,0.4723923130443459
0.7817821097640076,0.984969595304663,0.4456760843355799
0.8668778043024313,0.776009071269735,0.6839302293794931
1.1122819491544862,0.8934234003065382,0.5682539248661073
0.8628541599196298,0.4514976183718439,0.4665130248345515
0.8370573764295479,1.0064856565271558,0.5858297654391662
0.46239181889504566,0.333072731122132,0.579839920835111
0.6450792087323831,0.3205805092936169,0.624295263666897
0.4250110915000541,0.43924577860710645,0.5940010285294248
0.4316256448814305,0.6607878963634044,0.5682232268912701
0.4088363139553166,0.6454393491523782,0.35039511416493074
0.3238765962171868,0.28904443238483746,0.3129821010693511
0.38022021319908783,0.3425450598826303,0.8837628326014025
0.8665173915916532,0.40245838635242925,0.5360561785829435
0.5787264555691718,0.18739234076987843,0.4313934067893639
0.19707618761095247,0.4600973593607358,0.3910752912791545
0.4469899586624979,0.31661710483165717,0.6011819187103302
0.4838102636670767,0.5185677737985004,0.5323251403024134
0.580707965984212,0.389506127033871,0.42887855700359945
0.4750328094241486,0.4317842550880052,0.5313945683445762
0.6456018726907743,0.32786236058296525,0.617729853010464
0.8618552590011156,0.8962125586013563,0.6659700445205534
1.1069398537287274,0.8477061847213434,0.7200404599786143
1.1227233632472082,0.7779968919347304,0.8063508326896291
1.0976830831455704,0.9669209292148018,0.6127016653792583
0.875302179123355,1.0922531208028885,0.7294074299189817
1.026892043447896,0.836500357446532,0.5319871294690881
0.981949862867851,1.1155294493218222,0.7375373426846554
1.1132136319928914,1.0842151921066518,0.806335702075291
0.654422328822515,0.8936170212765957,0.6952380952380952
1.0602828155243538,0.9706964730920115,0.5241159157509667
1.1069398537287274,0.9117723377029889,0.3899574615371669
1.2066158633477964,0.9233650900232974,0.37720084467078163
1.0139758426702268,1.0129434249701583,0.7818632467403153
1.0988377748459233,0.7913005660323005,0.4021562888456205
1.117428908757441,0.9771577282667648,0.7579361287020657
0.7394261054520475,0.5302207621317416,0.7452603904090491
0.7339797783022237,0.5834895466134163,0.5294660330835401
0.5569511794836153,0.7414976226461045,0.6444444444444444
0.4450889545322301,0.6892920323226963,0.43749168496768476
0.28001902066525186,0.7033353736644268,0.3973033571992928
0.3943648844974632,0.3821391411120021,0.6057087535278847
0.2836573902658168,0.6140775075060201,0.5037481102613142
0.8124911389566469,0.5082892139695876,0.41648255309936244
0.2687516131077996,0.5018400425641947,0.5850333634892555
0.21475162310516138,0.3764247555731701,0.3411202610988401
0.3608299840404995,0.5676699494615531,0.449170261552144
0.2821082434607406,0.4693195762235104,0.5627781397187328
0.5442523904574661,0.2587837842575942,0.644281083280045
0.3308325640004769,0.5025826099248738,0.42800534783316413
0.24723766255486368,0.4989710348937646,0.6610403902803808
0.43861054131874755,0.5589989192605234,0.48573463613727164
0.5,0.37907909354816605,0.682981938643055
0.4522774424948339,0.6148890507968015,0.5872138786471919
0.5933526893915946,0.5155859622711771,0.4748949684894963
0.3812815664617709,0.45390608816140554,0.7199439831943981
0.4853250713978178,0.488861817541557,0.4537660281430358
0.3511143154769498,0.5404537850266576,0.7608275929232974
0.4357818226293263,0.49861697304461805,0.5151531452439575
0.5686689071862463,0.7905046913005791,0.8687134849627008
0.5950708564007372,0.539686239946283,0.6436142478693505
0.4964911850219865,0.8343272518995593,0.5930207843408708
0.5253071168288561,0.6182433744567446,0.6376492184970544
0.6022213579121349,0.43624029040815226,0.6622397352634007
0.6025538445585417,0.6399643587768018,0.571157916625231
0.5612712504091624,0.7301311859848096,0.45624551811665204
0.6391328771059186,0.7606551911892954,0.4655127667758968
0.4921666249229918,0.8660461642281624,0.4905646831478857
0.5950708564007372,0.9353579758514873,0.5151525429035236
0.5322928266532574,0.6422273507037055,0.5781907764637241
0.5804093208516554,1.0405759850223473,0.9094344320379508
0.667803938263497,0.77064626472203,0.7937680741556012
0.7348349570550448,1.0367703920552083,0.599060403385541
0.5285954792089682,0.925192614816631,0.8654348129570171
0.6993242542887096,0.9421765164677967,0.5121291504844623
0.7116213987495994,0.7813119725074182,0.6342982088466662
0.667803938263497,0.9982590150373454,0.6661806933580318
0.591751709536137,0.7854892165751937,0.6763765176164349
0.5398049884868874,1.1727000230257618,0.5850455198537633
0.5148443089396506,0.9653669513039957,0.5703241925588639
0.6235265169171049,1.0130801789761623,0.8504355951947269
0.6363547447381014,0.94490611747739,0.8978740787242916
0.641431417199682,0.8893394088713449,0.5449533624324205
0.6408236734029005,0.9278253686326924,0.5661390843626877
0.46307515582878056,0.5434456405767882,0.7530986448190324
0.3971240098830777,0.3902876845608544,0.661915889969069
0.491941840199833,0.6639956328333234,0.8158463791998332
0.8576263006371252,0.7062495818282115,0.7488814261815906
0.44200222378752263,0.5235086305532568,0.730979329224967
0.4556205546133223,0.4793414661977028,0.6195170017228844
0.764820754462687,0.6620112703558434,0.7979148753710359
1.043423571211605,0.771065726752185,0.9723747985768018
0.45041935897791174,0.9190250760342817,0.3701399267247628
0.5156293809625447,0.6123213660957949,0.6819496828543811
0.4755469029064172,0.7281791253003497,0.6308268537081692
0.4767357732267178,0.5612863693330354,0.5961861395176586
0.49075306629386817,0.5988798924728332,0.7241984752201347
0.5877623603618848,0.7526989520699432,0.5041526396426561
0.6824513083372545,0.6315670933387189,0.6816143497757847
0.5228303773882077,0.9222653961238435,0.5499132871639116
0.3537897957212809,0.9245159805803069,0.41830013835417645
0.4977527976660773,0.8931859208936466,0.7867532562375341
0.7934853949840307,1.0832745803335202,0.8153594056312385
0.7572263440159426,1.0562650793036314,0.659463416949577
0.7627105010618752,1.2934915066292947,0.7145211789653932
0.9050842004247501,1.0,0.9455478905524857
0.9135141368328037,0.92514546219756,0.3000632754241642
0.806452955576643,0.9946893337821342,0.7085201793721974
0.836499374541349,1.0878968898594532,0.5750404800732518
0.6894685795343252,1.0526238049982182,0.4976090794463356
0.7766685319669735,1.1196323127712602,0.7012469902226601
0.6142712485722194,1.1498726623325453,0.6351648019868266
0.8568189405807936,1.1949685534591195,0.7006525362607815
0.7934853949840307,0.982506176416122,0.6776612040121259
0.791431921184848,1.121525910761525,0.6700677792481494
0.8256926426953362,1.0809749239657183,0.48129170436156943
0.5973063668715854,0.631138952872222,0.42800489076017034
0.6743305263605353,0.7263785635853937,0.7137225493732526
0.3986163141036019,0.7092572617407465,0.6415836587129511
0.5488559248697755,0.6699953799029778,0.5684116858551382
0.4407410592841964,0.8566573599308075,0.6782705294556484
0.3111252362978584,0.49260783558411325,0.5888138394688601
0.411316563292756,0.5562152559263009,0.6247150214832097
0.5109246808863728,0.5103751909694201,0.7577094782035948
0.4481481894389667,0.9157848078933482,1.0765148154609792
0.5269315587470038,0.7375886524822695,0.4593201434472267
0.4299831474042579,0.9511607884866857,0.6996177893323564
0.6160657824503221,0.8294265195591118,0.8128329898723743
0.5040301607666859,0.8061587571177522,0.6025157482270228
0.47889370291920685,0.6764143757460429,0.4862129373104358
0.5446663442260757,0.7591929608065004,0.4980706760987781
0.5784080992305555,0.5659968370685324,0.5564965498933894
0.7637345314887398,0.8570237102140084,0.7348389855992471
0.5269315587470038,0.8611631822044721,0.582432731853669
0.7513176343490031,0.886258953964286,0.6082868990713313
0.9869859166074032,1.1531658995592342,0.9177279524078815
0.9347448820683882,0.6619403095245794,0.8787597299838568
0.8355120762600577,1.0195113955438315,0.8102673347197528
0.9780682768346743,0.8897364307160057,1.058007138565692
0.7561969133731052,1.0196684314412165,0.8334975369458129
0.9791297539381993,1.0293035269079887,0.8549680660788809
1.044648238584787,0.8537292636529659,0.8556137835554594
0.9113639960869483,0.8386828169632661,0.8136217591543108
0.7990734176389022,1.0647171248507914,0.7659295366439577
0.6423287681383754,0.9326167076597813,0.8997539971682469
0.8890708333132559,1.0347035388424506,0.9639907108886789
0.9036957828947834,0.9678238279289574,0.7939699520145533
1.1000927213921958,1.0785344390357972,0.911159693771202
1.1722456103337247,0.9361702127659575,0.675823640610757
0.5812821053206881,0.5910104222519238,0.5385005477555724
0.7189749495595117,0.5488539950481414,0.5564965498933894
0.690573626122362,0.8125615816963523,0.5028418532313481
0.7966242341682285,0.8684590660554012,0.7944004823105202
0.9419258141067758,0.787519127236701,0.8314500343841895
0.8784458404184212,1.0476190476190477,0.9325800137536758
0.49093166808306443,0.6812723708441617,1.0235520601593657
0.743444782126069,0.9798257489110399,0.7978902833418019
0.7692632716834935,0.9287239995639277,0.798683354164013
0.9480968604483183,1.2667107547328795,1.0657396226988265
0.3534120215928117,0.883610676866895,0.5672926837672654
0.671091196683623,0.8734481341118616,0.9713243433448362
0.7966242341682285,0.9034736757741663,0.681415674613379
0.8085372400465485,0.9493826112819905,0.7560653115454775
0.6944125314979274,0.7428682528195439,0.7484306327103357
0.8120325823206357,0.6163692500763874,0.7040474343821725
0.9531296125948366,0.9539643019165334,0.7200838748885093
0.5061407321070479,0.5236694883775332,0.7588769219906486
0.45241113790396015,0.32987165349006553,0.4839704649473747
0.3016640612013698,0.6695506430048833,0.5241877403877593
0.43643111478538943,0.746751140324257,0.811809752200328
0.22082473087742382,0.7199253372815558,0.8838429791512649
0.3922292020921061,0.4888043788233045,0.9399423660439984
0.2706750425105272,0.4285714285714286,0.5315200935449725
0.7253193164799638,0.33745865113108675,0.606387771207849
0.279534667193998,0.4684821632698185,0.7742611894262172
0.3020416970400376,0.3284105351856095,0.6876036607308482
0.41049365525343673,0.47052814363655227,0.4486488892267658
0.22838150154806047,0.5416347115478826,0.7497133620474943
0.32510169018824575,0.5079365079365079,0.9408919536710951
0.2277089767805558,0.37053481820331025,0.6959513483232862
0.313330743953529,0.42431754697307555,0.5476260768520205
0.4822306436423852,0.4312492978349739,0.8727843713067605
0.21538028210541038,0.46705941512736115,0.4777670321329065
0.48428937687060325,1.0207798292176025,0.7923048991864257
0.5708083387601497,0.9100764026004728,0.6478474555048988
0.7728659864738475,0.9081136922633382,0.6148525503216588
0.5804093208516554,0.9290602989921093,0.7946473395941838
0.8100160619588723,0.8690426953242458,0.5808488595037042
1.0577501425708404,0.8472004170179739,0.9908773704353897
0.9406609170903073,0.9812800094134786,1.191575220856817
0.8604612658618731,0.8098153193184123,1.1295981668449793
0.7549602534472014,0.8923663897144963,0.9122334141203502
0.7657513190137326,0.9799857091418775,1.230672743362483
1.1266877543200644,1.2927609743236972,1.223065720544936
0.7659093633127583,0.7058610504878515,0.4925681628090314
0.7887323943661972,0.8697022644027033,1.1526179110710932
0.711959835873129,0.7104089801465254,0.8070413092218651
0.8264196209922723,1.0732534481166929,0.7579492850622742
0.9696791450388036,0.6766581084794334,0.9344891189536468
0.8244098057204791,0.6534679044672649,0.9392716916047346
0.8990556792150421,1.1052612283893288,0.7043261132646709
0.5494834527153121,0.4798473428706794,0.7952407408329007
0.7659093633127583,0.4315226501375924,0.5012557472324289
0.6411509567869947,0.5661434331988572,0.7393298873492902
0.7230046948356808,0.6571753011318888,0.9515560841941844
0.8203464549565193,0.9213550742558136,1.0314345205785178
0.5846264196321513,0.6166911104021018,1.0812642626632747
0.8022030569676911,0.5988573445745418,0.9001941010462546
0.6323315567046742,0.4991189921266308,0.5292516220505483
0.5213739284268903,0.5475115000166604,0.7678593451251547
0.622108060425782,0.4230504147623235,0.9669187443323395
0.7030848924080696,0.6259634339102946,0.5575683689098416
0.7920531135461123,0.369012425285108,0.6399466851491905
0.8434101493040796,0.5052573916419347,0.8697478811119839
0.6103535810280329,0.5763521609656364,0.8744117944753923
0.647887323943662,0.7580800918596653,0.4517630190413049
0.3380110452148425,0.5707009244062704,0.9043688575638791
0.6893116430667918,0.6129750664313836,0.7738765287849265
0.8321637283406622,1.0711866719437766,0.7802831323154298
0.8760912369904185,0.9971943851719579,0.5088392460016433
0.929723949679977,1.0774049867137232,0.6277537157334019
0.671091196683623,0.5052573916419347,0.6014491812649321
0.6643274566813244,0.7212872214789239,0.6499053724253615
0.6139036097873858,0.8780256794331902,0.5865589543967293
0.7217493130677688,0.5802207147847018,0.7197757308410975
1.0593390829096927,0.8571428571428572,0.5436347616555017
0.9667764918718745,0.641431417199682,0.49842144013460377
0.7549602534472014,0.987895449346624,0.5947673780467195
1.0049840144890696,0.49536591691260823,0.7161655748414779
0.8371157444456315,0.7817821097640076,0.5928423585171815
0.8867303370868185,0.6875865536953496,0.5570188050385412
1.0140845070422535,0.8734481341118616,0.5028181468220168
0.711959835873129,0.6433606336498142,0.6793183177701695
0.8264196209922723,0.7687174700115569,0.5944441783483752
0.7756256732871469,0.5639939939114005,0.6426282761906176
0.8244098057204791,0.7199033319834829,0.5465829416165486
0.6837077948737988,0.8382174038781031,0.6075391407497261
0.9391193855020692,0.8835636527145081,0.6109673566625302
0.8867303370868185,0.9957676104430951,0.8151852402779801
0.7308632175902461,0.8124476622460148,0.6113578316204802
1.0985915492957747,1.1156629120310109,0.8855326593168455
1.1177040467526254,0.7103908806783747,0.5309993731756982
0.9406609170903073,1.0101115617375611,0.47222479926177485
1.197796943032309,0.7142857142857143,0.9739585697782908
0.9783724445120396,1.0509647191437625,0.6893844808161337
1.123689883664961,0.9544413282802702,0.5174661566594994
1.0185848494872567,0.9561139557646042,0.5989073403852236
0.9771603763390823,0.8361423939254172,0.7141862146088673
1.0772374149685868,0.8993832293641694,0.6986024702381994
1.0438451581948578,1.0920634920634922,0.729254423081716
1.1158408272619362,0.8980865896138693,0.8061621009857518
1.0985915492957747,1.2120099516664673,0.9205858879026012
0.8996986432143701,1.0156536890504135,0.49306305499023306
1.1344770500158663,1.077184498498796,0.6361647785383219
1.083918135829669,0.4888162012469778,0.6905705147616963
0.78597577298345,0.9100764026004728,0.7104796939956997
0.6798535485421175,0.5699720797924224,0.6351021570752639
0.9480670310553089,1.0666666666666667,0.7970382469688606
0.676056338028169,1.040114265542546,0.998831368135977
0.45528486430479875,0.870896127620035,0.9420964406138375
0.5156155073129954,0.5860337098254542,0.8262827289680493
0.7975366385267624,0.8874922501865413,0.6134504820836992
0.6601425591779171,0.5361970323314966,0.7355187508993732
0.5813760010004054,0.8363663962257355,0.8910246294615443
0.5737714117199553,0.8697928488914536,0.7021477344492795
0.6060742818763449,1.125461162236439,0.5114190796305835
0.7719577950940322,0.815057840096928,0.8504546870168109
0.4954257405822554,0.7735643407540117,0.7208415325918527
0.5321295704847131,0.5891340832596645,0.6250284268708757
0.44073481279133286,0.6214348612679932,0.7527924418032996
0.36271750881898746,0.869780516041045,0.5583403856692752
0.5438555883520053,0.8753689667307254,0.7278562503537215
0.4831063936863764,0.7857567540837216,0.6054794358925972
0.7147810979936511,0.8340757441394823,0.5803861445053302
0.49324246531255345,0.8240301400207146,0.9247294808955266
0.4954257405822554,0.987583466393598,0.6589045143237444
0.3491662048391786,0.7851517732179508,0.7268449404931032
0.6647824891978595,0.9135067865295196,0.9473668055339588
0.7421726498008241,0.9895108100955308,0.6268696406695381
0.8413998609496947,1.1351370142622341,0.8705497008495924
0.7734283727852781,1.1117597512454225,0.6571052488948417
0.7274877254972646,1.1495148637622428,0.6551642580809842
0.7515400410677618,0.9059463564088389,0.6784776951404479
0.8178650828868206,1.0585219097299785,0.7622782224239851
0.851747318041762,1.1471555068313324,0.6961826413786786
0.8480068994972351,1.177107257803706,0.9708493418071457
0.5575542543302362,1.0217310627421654,0.7706736546907395
0.7547192339252589,1.1231105262366923,0.6297808003342082
0.9515996107397979,1.286526524085484,0.8694264287182861
0.7472358733415031,1.0949077923933472,0.5819897702017378
0.9946882683760857,1.140174455723707,0.49571373629495974
0.6475372651383993,0.7098225493920114,0.5555826091426495
0.5741965022686146,0.8299902256731393,0.6675786339587682
0.5438360503634994,1.1617397566042773,0.7726638442163526
0.5218930360278213,1.2328328150946302,0.5939945104365099
0.8763101163350391,0.9921544694077514,0.9673348811253724
0.7042198434098761,0.9273561616904754,0.6950735622312635
0.5669872981077806,0.8642670242462323,0.7399199098234903
0.8524270425254756,1.0615614816008374,0.6703929065107752
1.0541795232873077,0.8979903523042774,0.8811071321790429
0.8979379273840342,0.9567392677539968,0.8162564770039753
0.6114222272498797,0.8914164238335262,0.9974828325857144
0.7190242565254918,0.9327980286540181,0.7001001367048469
0.6056692167635429,1.1050429304593472,0.7761413470254165
1.0,1.1982455801365268,0.7681407930409564
0.6103567499004017,0.9053933588455438,0.8421245381531177
0.7577492084442454,0.7981650872575576,0.684329647308904
0.7680996382543188,0.7738474920227153,0.5476313374715165
0.8622054363476124,1.0129700298557514,0.6089358352283296
0.895697434167042,0.7325473765349323,0.803674798472305
0.7077305826798099,0.4807205523088717,0.7257536102402241
0.7453539960010644,1.0975853624187881,0.7133804089179576
0.45548991922079585,0.6100046727439423,0.9333522882092659
0.6103567499004017,0.5407335192833803,0.5088885381306538
0.30563492517058644,0.7268404006552003,0.7581369187194227
0.43474815303657255,0.6943841575423737,0.6747554823295594
0.21151567003441873,0.843004529561997,0.42933421531603055
0.3876275643042054,0.4641438829759911,0.7386646028730189
0.18350341907227397,0.3943497485559543,0.4662793143529814
0.826404777274795,0.5421425413644414,0.31469884151323313
0.5375126026098707,0.49158040967410077,0.7075901141486234
0.29675721921988696,0.5227754762822484,0.684992399243637
0.4500280590771297,0.4210976647994723,0.3251622209030832
0.2846707706008732,0.5632735642152693,0.7001204392363227
0.2889648175788567,0.4792689637055163,0.6886485740138248
0.31170262179789243,0.2768623555105202,0.5399288930112227
0.4993483641181071,0.5563573790489152,0.8171174881956137
0.30993444065764575,0.44854156873599205,0.5513190740880664
0.31408203073560137,0.5826177596126934,0.4641802507014904
0.350480947161671,1.066702136590208,0.7517885122673055
0.6512570837685421,1.0695906519801592,0.6670580507632841
0.8656961726624366,1.1725179926934202,1.0773508238291993
0.1861618432936013,0.38954300052862056,0.6094140949895104
0.6608488918219435,0.6018284206311584,0.7144502953136527
1.048450158311151,1.158622684902012,0.7410819022232351
0.6485095779835017,1.0141015253006487,0.46169790980277514
0.7407185105791343,0.8144406350751521,0.9276679895608475
0.8532518688173432,0.9123156821122886,0.9228174123810726
0.84995629025189,0.7499964999264983,0.6169041429648057
0.7708253757429472,0.7537446952657462,0.8032751004413867
0.8100965293824843,0.9846244798661853,1.0217018733209169
0.7266034240361015,0.9455001191488439,0.8599646957586164
0.8190607241792437,0.7157608786526596,1.0776212991062954
0.9301023948885752,1.2900745505895788,0.8617640731011846
0.7258577956261318,0.9078014184397163,0.8457079935092562
0.836811855644957,0.9381369987498019,0.6682448847256703
1.0047338106833115,0.9235360260092571,0.7250813588641536
1.0309409916341052,0.9984973547063392,0.6253802801399391
0.9016336793592444,0.9870565750298417,1.013121136838108
1.0743777746913974,0.5879523996022342,0.7432792885742181
1.0051981202837221,0.8705604601783342,0.8973840157286195
0.7272512841314169,0.5846879201454527,0.8799711330909573
0.6325327898818363,0.6651582629637269,0.6050148849729147
0.5842246427948578,0.5553759109512999,0.8039524009936094
0.4959299541033114,0.768063066381731,0.7363656890432498
0.4018590995362058,0.4227688278276832,0.6904127129594653
0.31247612722884144,0.4818640516693632,0.8919558884300942
0.29719781894503805,0.5221911997693582,0.6540457890177989
0.8941976108261211,0.7049735283817525,0.710107109535959
0.5638344727123594,0.49532814769575273,0.6366839475797068
0.1721729937581088,0.6073785498053292,1.0458899783267015
0.1355483307592269,0.4601251607703972,0.5037421590520705
0.3253828054866027,0.7368170256067816,0.7370068192711647
0.4919942896611783,0.6385805229024633,0.862541531146544
0.43872751882813366,0.6799562528973995,0.5625518795147171
0.553952405429549,0.5388082003150555,0.8368900112333443
0.3647036592453641,0.4663685552695831,0.9435598214785647
0.3588511017868763,0.7234042553191489,0.7005818487902398
0.4814370211582685,0.8476313337801284,0.9130094866681042
0.9042899121036512,1.104110616527352,0.8530095360436981
0.8492141675283039,0.851063829787234,0.7491061530961438
0.3893717356301357,0.8346046460740086,0.7486974522042926
0.6627445016662443,1.0361223271330708,0.8020219466021887
0.9238455326343132,0.8640082645497404,1.0252009559790496
0.7715323428493311,0.9460867477985742,0.787666852057599
0.3637909897196482,0.8460323291015713,0.7403688279697282
0.8627831938760955,0.9770731433449401,1.1553674382727686
0.7695193307191818,0.8587035446078111,0.7775448442292113
0.7510513061174984,0.8046315081129872,0.7598077692923693
0.9676576886323425,0.9732068088922878,0.7598077692923693
0.9167021975599323,1.022416791983111,0.8788007197351273
0.5993289047360062,1.0794582870375773,0.7376593218759754
1.0733454680318621,0.9866320194924606,1.0661262997681145
1.0493215624481973,1.2864909281745203,1.1020896741181108
0.847715992572325,1.1895684100595232,0.7460241148887636
0.7773770808945629,1.0142410589766695,0.7389227711622463
1.0901880879794505,1.340159704290393,0.9099208757781375
1.0072775886415468,0.9320856083529975,0.7585977252073662
0.8182123598136607,0.9685484824166557,0.9041747743728785
1.0833551723018924,0.7685436705623578,0.6948897136942704
0.8642866474496304,0.9518957129954368,0.8820472827389887
0.6880843935956262,0.6128734290071698,0.7136561762236897
0.7160109050673088,0.6943890960620227,0.6984601288745991
0.6577211491846433,0.8844221105527639,0.7657121679981618
0.8132014586816447,0.8277332536303117,0.6674996294441702
0.7332557240536768,0.7150040909932278,0.7730642128269507
0.4501807067498217,0.5416919647960321,0.9694338686831143
0.6334538044998812,0.678481706707454,1.0118370137371406
0.8703327369829452,0.7801532989770772,0.8743464728220606
0.7567153762000818,0.5585271717232454,0.5603580538453217
0.5171590954389338,0.7343654347410211,0.7365477168750127
0.4647118576691557,0.6832735117465286,0.7779534336602755
0.582261683695191,0.8301618050499409,0.6402001807341826
0.49815319913742984,0.764815322498971,0.9298067022804448
0.6383905774271634,0.7020449372296458,0.7656208410612033
0.7313171665968863,0.7073624702167218,0.7430719902731215
0.6173206111581766,0.4627328664141386,0.916070042216926
0.6739605815458882,0.5760561011396115,0.7105856192918469
0.5883495816282867,1.1099040164504956,0.9775775735334562
0.8956269243185211,1.1630320154781184,0.7533715911815219
0.7829472784506778,1.1344212362240256,0.6431439828146519
0.6383164920956353,0.5981021333843175,0.7624915656018583
0.7773770808945629,0.987460792867019,0.7838031051557437
0.9002035190217006,0.9839240853353727,0.9435897435897436
0.8680986979398033,1.1205246150240764,0.8827206008581783
0.5510744269331307,0.7484768045636992,1.1176900444439841
0.2587962944712474,0.4726551501980534,0.40976708364857617
0.7788370657676543,0.4539680434653799,0.8516355617102712
0.5585268403123043,0.5624505581878099,0.4041646427659561
0.677155288777985,0.6182879623142179,0.8436141894571939
0.4787139648573131,0.6877316526810199,0.8436141894571939
0.6847867210863585,0.4131061046113663,0.6560282745039661
0.5694716140885541,0.6836414803013221,0.5857037330622408
0.5709176677142673,0.537113945454498,0.7019344604729498
0.5866240495132193,1.1958686534490803,0.8670616748262334
0.45603436744611014,0.8573657592441664,0.7359364956571854
0.5793161604776427,0.9799545656465829,0.669886647013604
0.5585268403123043,0.8817077151212751,0.8357820689029942
0.6481044333635588,0.45418360899685983,0.6227832319228411
0.5418526798445686,0.7184393834802463,0.6941643746647348
0.7512037497651342,0.7869530968147614,0.5792243394763196
0.7989959496232485,0.9343727568430016,0.48336315618454007
0.8502481075558046,0.7736520453274645,0.807136756270285
0.6683136386866525,0.6614491327730563,0.5313451016308034
0.8423779187521798,0.7326304718540848,0.8265213871145911
1.0247461082071976,0.8688815734352199,0.8651396491833906
0.9673469085537447,1.0538019154627671,0.6929019439196229
1.0,1.0186858107436592,0.8098331528470141
0.9304951953143084,1.090512564440284,0.9023790828913081
0.5313451016308034,0.8789101300758793,0.5004059142725961
1.0094486900181272,0.8195910908192464,0.8836403504920135
1.0544218190770922,1.0031597350963861,0.7269520758836072
0.9598713823047436,0.8808209382502614,0.6960293186468475
1.0313163320201009,1.2390609008186588,0.6355945555932525
0.6588459341510486,1.022628141110071,0.656147783373659
1.0185026622620632,1.052226632177764,0.8872677292783225
1.0247461082071976,0.767946419116603,0.6248822434519747
1.1057361065275362,0.7644477666572553,0.540976753162627
1.1547993144249422,1.0261981258531123,0.5334023515495898
0.6313951096127572,0.6346476786556496,0.5620321281446622
0.9010434383340401,0.6059263208405079,0.5578333318696514
0.4649495926056578,0.7642168673219892,0.52222224989388
0.8479252338318817,0.8717738670429309,0.6344909878749034
1.0742383246215925,1.0402418659142456,0.632241380057269
0.8762694589640125,1.131243218438412,0.7885361549568437
0.38583514882173575,0.8185503184996363,0.6097207656117201
0.9148743469241252,0.9520334122644095,0.7265491179512796
0.8279696350226453,0.7642168673219892,0.8244057117981776
0.8516355617102712,0.7665821579678518,0.7885361549568437
0.7443961398309225,1.0765358777683647,1.046026851401809
0.768,1.0481310951111888,0.8450057405281286
0.9337521308297234,0.6732089939813266,0.7204594141266749
0.5094221094803939,0.6294515923000348,0.9068198047088917
0.6385909382336203,1.1603567451474546,0.9861904999955311
0.6090497406789991,0.9729334019019616,0.790943213083964
0.46433929329269397,0.9936248807144256,1.0807263578287536
0.7401252537838079,1.162650012158089,1.1105542327094746
0.39870584913002405,1.024655683636077,0.8137769131107747
0.41779115761589913,0.9434042850389371,0.7670106238281935
0.5973333333333333,1.184031507679569,0.7140838809237725
0.6920737662997128,0.9843283800284154,0.5709144688181423
0.5857289056672529,0.9250046870605927,0.8771454119971288
0.7855770045990407,0.7705578016992419,0.6722842177628772
0.7452445848595003,0.9205899526208634,0.734524557895175
0.8039692111543735,0.6923023055847519,0.8015109041113444
0.5038501815225882,0.8012578741135115,0.6439160653276561
0.8048199854102933,0.9640531620094076,0.7929465901925169
0.7977590336981545,0.65008864253711,0.7658567929614188
0.7277469788255762,0.480332480852406,0.8220418663259834
0.6127016653792583,0.6608479089419155,0.9116052844556938
0.6040950357210195,0.744449374000024,0.7971147864122923
0.5639718573240804,0.8404551929565068,0.8138787545245295
0.8104582419920416,0.5359151373192845,0.5575409298252916
0.7277469788255762,0.7591301081185899,0.8737149061379199
0.5925387241000384,0.6336032541868504,0.5747176234944955
0.8061083164176297,0.8350103115333039,0.6965635351995149
0.6920249138849132,0.808337030500018,1.1251909237316966
0.7571386665263737,0.7184946128066677,0.6635548943481142
0.7977590336981545,0.7070362189798133,0.5897769248383624
0.7817821097640076,0.5869679887786474,0.9254084690205245
0.9132374771634852,0.8274102145474618,0.6500505749732679
0.5983367911628782,0.9721209335851627,0.8529152900926775
0.9460842610464542,1.1742652396911104,0.770828891858228
0.6160657824503221,1.024655683636077,0.6415836587129511
0.7162782526050595,0.89352057250001,0.6481963808424456
0.8100160619588723,1.185376330882594,0.5412829701353223
1.1041847402161022,1.0127775312999987,0.9338060268194238
0.590496201834658,0.9875048799533385,0.7821640569599349
0.683772233983162,0.8387767699025326,0.8110252663995112
0.5502879850854067,0.3014222969778213,0.2941301532305365
0.6626297449657589,0.3889037541599296,0.3868918877536799
0.30010352732438483,0.7672489160577487,0.8186588043200735
0.6391328771059186,0.7439557138456274,1.0081494964479847
0.651541443658397,0.7445173204828985,0.6570613486322321
0.7667120515195894,0.7980973664255896,0.8845108554694028
0.574714017157193,0.988031078844892,0.9055088817476932
0.7047380983578474,0.7162723264155219,0.9584332198982987
0.5707038982215189,0.8056214633790733,0.9194860298171208
0.7166160578722408,0.8188591065423692,0.7185157506526796
0.7146357807894913,1.0710998907892006,0.8503773730428021
0.5706432546131108,0.73568621326764,0.9705680930380601
0.46835991053255543,0.819751972723216,0.8838961718665806
0.5578383024572936,0.6445883257957696,1.0141747751854187
0.6618712262975552,0.946173842883614,0.7214297019875517
0.6378150236881996,0.8360849012875832,0.9748683718880486
0.5913377774194823,0.6766485297554847,0.7822245137406478
0.617363344051447,0.9476552241352703,0.7215858950460954
0.8778264206842461,0.608309032005824,0.8109601097756629
0.5706432546131108,0.8729350149317232,0.7678518551660735
0.7856760101554763,0.6370908052095641,0.5337366318134786
0.9214877505005884,1.102922209963163,1.210145651390902
0.8904812451773563,1.0124815643028424,0.7630975106586619
0.9149428034314386,0.8893970676996484,0.8316548754146413
1.0189015992374582,0.9601035961496401,0.9285979367043133
0.8518834404764689,1.135215049635801,0.819409035873613
0.9563178258188475,0.9611229745089289,0.5809727107259416
0.9852001682672104,0.841225626740947,0.9873091950278036
0.9017844093292523,0.9369614681787758,0.8939822513408962
1.1504559015055063,1.1639150987124167,1.124449746558428
0.6618175822578444,0.9623200630302157,1.0762669498977966
0.9748413143174004,0.9204742425081138,1.164472478139294
1.1368356348418318,1.0848219429987946,0.9203651999615597
1.067094021470186,0.9103805333351829,0.7402594319262816
1.117428908757441,1.1308738167315568,0.7831333171225482
0.7995182650588436,0.7788949097428591,0.7118494435864089
0.7685662077712194,0.9790721690810826,0.9465669899583415
0.4590192423754915,0.8383323440374886,0.8431363158318245
0.8649030010086467,0.9800517980748201,0.7565018974242456
1.0067296213856638,0.9197125172646599,0.9923377113870081
0.7913817370444205,0.7885490595930928,0.5978599282933957
0.468105290853025,0.6293612383768021,0.47710868586726474
0.9305510898184721,0.9617414938791676,0.696786837099227
0.838858271204611,0.8178031178835188,0.9426031401484836
0.8642866474496304,1.0261893233353923,0.8991287445551996
0.3260452428544215,0.6935056956505453,0.6876747649348749
0.46413516125619025,1.0981321781739077,0.9302738841617402
0.8549047499779977,0.8682365297930082,0.9452249495327558
0.8039692111543735,0.4810218657582359,0.8346749225140322
0.895610796639959,0.6251430571540377,0.5665181617817874
0.5383097415616807,0.9108515011679581,0.5463562158181496
0.6840593223455814,0.6948714233706352,0.6783585574229849
0.6469366351316121,0.605146577987803,0.6640609997280704
0.7026994185070321,0.7937790005762613,0.7809608601954632
0.7653096521722185,0.9793671846469942,0.6748632190330113
0.5495580691234008,0.8384035246951355,0.88844731293671
0.5494834527153121,0.8635914655012046,0.4082936236293163
0.4648889277457223,0.6584691750894538,0.6143726551321762
0.7345073589751038,1.0762070006217166,0.29482956933112514
0.46002203842832856,0.6670288871847754,0.8282443449628948
0.5837781617564263,0.6892772455606279,0.6741863232660181
0.7847417888246241,1.0279819093874512,0.6246600335492449
1.0105263157894737,0.8648867952666865,0.8781625929086982
0.7584586747473309,1.0780348112904852,0.8358833666483089
0.9224433265670519,0.9923999957439964,0.5800661069217481
1.0284109534323678,0.8745565610952206,0.7076274149074626
1.0053555634037759,0.8225178600527446,0.49463623458687167
1.0512989176042578,1.0430228216926651,0.7767799412502954
1.0341992784028384,0.9189559101526892,0.6691281070924979
0.7943316367879221,1.1011945372945862,0.5734604348471357
0.9860525449168592,1.1507673276039319,0.6192594584923996
1.091044577864189,0.9038073097875635,0.8470043525977557
1.0197449625919697,0.9857717601262067,0.588513020955336
1.0770447426012,1.028540381098448,0.8988892525402957
0.8971167738780019,1.1755955280025068,0.9318201382829286
1.0091040856924278,0.8384542962939316,0.6857478633574158
1.1582895976946201,1.2533885007015484,0.7823717663340393
1.1560797945143415,1.1376473295300287,0.6491513269406961
1.1884149699039042,1.0781918428894506,0.5002439619564606
0.8549047499779977,0.7489033221930379,0.7684945546173264
0.9123565999284463,0.6173917543803644,0.7974784353682977
0.5477203888498734,0.6090407855527472,0.6569963734230675
0.9052189283841809,0.9594779550763446,0.7661972834343742
1.0365283686987585,0.9886214155072386,0.9808712837098924
0.9391193855020692,0.7649721394427987,0.5828784221916379
0.5676288924226374,0.6909139276624419,0.47167660240324627
0.9581146091708305,1.0204518222475323,0.5554447621822853
0.9529743593330029,0.7549988922797215,0.5039966450538773
1.0066365022639228,0.8707999276479392,0.7481773756265306
0.33681304774713494,0.6341415183101566,0.7673755486965053
0.3801188568935595,0.8369019153341313,0.6160632498053142
0.2262339976668919,0.5529869101892659,0.5410765988561237
0.8525580438451028,0.6423950172365838,1.0189577901930702
0.845663854743326,0.8336202305500224,0.6965635351995149
1.0215229807481343,0.6061931523495026,0.5685206340203836
0.7567331836000795,0.4597739770761169,0.5848028742460295
0.653654545391184,0.6588788538310233,0.6909556913515182
0.792708554931526,0.7624915656018583,0.5947598642765767
0.9678917982643329,0.8728603529629708,0.6431165394207273
0.6078228162048491,0.7664503167515431,0.6910203517403439
0.6683136386866525,0.7574226788916631,0.8162226796070498
0.7112954042493627,0.7381429797344119,0.4713684275302892
0.7308090489709173,0.7988209183039964,0.7105605666500456
0.8670616748262334,0.720796976405828,0.39124926224659196
0.5702649167534326,0.8444535344829063,0.7581256353509844
0.7512037497651342,0.6982452720827987,0.5185328180794666
0.45216543132610876,0.9929614107297672,0.4919018154881738
0.8787722775451752,0.8678303903913618,0.7851427281030646
0.6683136386866525,0.8716569856805837,0.6815176389340485
0.737296531253633,0.6272164634828701,0.6328457455330384
0.9807530269499575,0.5590512419599242,0.9567681955605666
0.8802719980303971,0.68749211927773,0.651606535954736
0.8957427929714626,0.969938913929856,0.7078440135721482
1.0231682682285639,0.9490352808562375,0.9109322804794366
0.8015605385283582,0.9454545454545454,0.6453168088011061
1.0094486900181272,0.8103793991180224,0.5485994669787639
0.9963718787281939,0.8647849503641989,0.9354889136506982
1.2541479120699572,0.8985955236830524,0.6422213744749693
0.9478061132998318,1.0119651127320841,0.8822905620360552
0.6588459341510486,0.8924078151409457,1.0142748680796165
0.8951515805149751,0.9465324729982572,0.8879239084862043
0.9807530269499575,0.8002890958237182,0.852749452411008
1.035245368842512,0.804542462825561,0.6415630637354264
1.0461682165828776,1.0983421572060825,0.5964105905095995
0.7542634064085048,0.5151723303838336,0.6580045493300246
0.6899361067799923,0.7540493757919827,0.7012469902226601
0.5747035223275743,0.8229841170290515,0.6350953911873052
0.7938542058609951,1.0849411985729376,0.7497133620474943
1.1072331355645224,1.1097167922008333,0.9441501458812276
0.8432746480210825,0.8878776178837224,0.5984842596598849
0.5874072025417815,0.5913260390498697,0.4196368959786272
0.801373476156292,1.0360112607915608,0.6550681108586811
1.0828294349890968,0.6000752273619312,0.5643753980748012
0.8516355617102712,1.0477927610919398,0.6819161018084803
0.5797101449275363,0.4914225463186931,0.5631661442825946
0.7308090489709173,0.612534040037231,0.5553276534014708
0.5782856197977959,0.7936191347664088,0.46801152295353265
0.6505789176302109,0.5807654883509997,0.22656843826278172
0.4621471257995229,0.9242161305362584,0.7667762759937777
0.8516118346395252,0.8419755088581611,0.6146963677993451
1.037387423042158,0.8655675062632453,0.5839748528310782
0.8309691490542968,0.9860162272984737,0.8266561886796159
0.8201856956265103,1.0194994393991759,0.8869643708602479
0.6509949695517334,1.0098739249578037,0.6616264166148739
0.595378175500038,0.9186022298842929,0.9030865215335425
0.9742230368886766,1.27294056089508,0.9271899107349988
0.7311206126760479,1.1469088713092628,0.5601008630900626
0.8194575577858662,0.9876122923072637,0.6657659380092743
0.7119523848884901,1.2411883364868626,0.5943437883807072
0.9429476304153277,1.013339723411652,0.5818789949964547
0.9049921968692809,0.8084913875663333,0.9121313273590393
0.7983149410582792,0.8574824760941377,0.6053224740530228
0.6836996130691224,1.0160938184538821,0.6842634830748249
0.6011294140189047,0.7841375776050363,0.7092636251503444
0.6450792087323831,0.8515448596835885,0.4777176227030342
0.48889874800004807,0.9606596610881257,0.6896835545829124
0.4851197018337664,0.9870501977581575,0.7639723215827148
0.4794230227367714,0.711262256055577,0.7610785545760761
0.3238765962171868,0.6288308248868033,0.805878994417217
0.38022021319908783,0.8601622729847369,0.8154792171764358
0.7843742479557475,0.8919103443406355,0.5386068183684529
0.6400026074863832,0.7563750820428513,0.498536120177663
0.26766289639240715,0.7363911901580573,0.6926873385407664
0.2518099440727912,0.8172377574319828,0.5365125917002318
0.4161132490660375,0.9288682296674953,0.557443669440547
0.6520768228379632,0.852393510372778,0.739474947140547
0.5350290597756744,0.8288442050544753,0.5940433884827429
0.5921078157384383,0.865922321655888,0.5549876332654957
0.22857142857142854,0.6705590674198616,0.6220355269907728
0.43861054131874755,0.5772622274570194,0.4629138444704253
0.5219085562662426,1.11594158301364,0.7281425269167839
0.8556067146664331,1.1711557949455247,0.6471180104953925
0.9221501055838477,1.0989386276164423,0.6953063894886009
0.4822306436423852,0.728093308581433,0.5138275651956024
0.4984932160718504,1.0283590767781345,0.5850533984144868
0.8194575577858662,0.9394036516267193,0.8667653224947017
0.8085120252587145,1.1504217097647793,0.6163026748987395
0.30993444065764575,0.7482743129301974,0.772173082710684
0.17876326682937305,0.6192361906882373,0.3452599576746923
0.44238146197334305,0.15636828777869605,0.3782381716419414
0.9647546311574879,0.819109356323559,0.4795165612303838
0.5722929351374549,0.5309700048622197,0.3515621799549954
0.9137362581097607,1.1073961817874582,0.9184667349216286
0.9479734018285528,0.9008360635176489,0.6533011031483171
1.1292330190892108,1.1579771890406096,0.557443669440547
0.8301584448783106,1.0446101581135032,0.9726939521114367
0.9255791592464749,0.8174030612597949,0.8660652534893086
0.9787490425785279,0.7924607839736402,0.5682646244949984
0.5996796154872821,0.8984776150072273,0.9712176416329998
0.7579327039066303,1.1033050664725272,0.8413600904465628
0.8163204104073387,0.9476894461820383,0.8916446862172919
0.5090932235019714,1.0479147794991597,0.8963791354800745
0.7313875402219726,1.2305213582693748,0.940991555132801
0.5822628720025631,1.1394235124759997,0.7437876745877627
0.7529516973347818,0.9100650692482548,0.7796446528724474
0.9255791592464749,1.2093040305684697,0.8143392832227152
0.9459525254668825,0.992147574743872,0.5140203760042181
0.8445388376692163,0.9323610984140818,0.860855651973761
1.0534974986409964,0.7216886030035953,0.8361673557210079
0.9182796888738393,0.869264006770563,0.822678346626365
0.884998386445633,0.6187978974175867,0.8887794351050065
0.5822628720025631,0.7459648670398319,0.6713000938533908
0.757908986932479,0.858480833082905,0.7126458449796454
0.5629145414384602,0.8333852240699006,1.027433360447619
0.43997235348857744,0.5107056391739258,0.9349480883247432
0.43955146168219505,0.4675350594891512,0.9389540797618982
0.25273528224292663,0.6432997284037718,0.8609933273169245
0.7179143141084958,0.6720764778372992,0.6735614932168754
0.7170121283100388,0.5017118701592493,0.6633458464935333
0.37310338077079563,0.6647491123232349,1.021905452273663
0.2912164159344295,0.645136823561252,0.7803138149798757
0.44686601921953595,0.7584324943360066,0.6563297329924416
0.6027916860354976,0.7210420952901293,1.026435510880729
0.559518645178841,0.6632043980391276,0.7161059500871161
0.5629145414384602,0.6396911491230051,0.7592952617131353
0.5398678323333483,0.4242371908081889,0.8511509247833026
0.5182321977276583,0.486427314803596,0.8018247206756175
0.490475334634932,1.0083814545897645,0.7474322573259522
1.0455960752587554,1.0834792517680796,0.7815602820759568
0.8419651146897464,1.111185839063139,0.709698597288808
0.5095010723395956,0.611288165568213,0.7671392553712093
0.8289665596933105,0.9833064356837725,0.7045203338519519
1.1330260091274251,0.9478668833820898,1.0036870927259713
0.7605487239546482,1.0617136741660176,0.8032488911356462
0.4770236396315093,0.6385558077140365,0.892154611695173
0.22201703899736425,0.4052440037416215,0.3531177348954666
0.5546133436180635,0.1380196196867849,0.6497261910327261
0.5659426338587844,0.9152496271633589,0.6665813005513461
0.26406057477069655,0.3435088625203617,0.32512491806748733
0.8456394123172518,1.2126448487549768,0.9726017701471881
0.8192831787002804,0.9649763023429287,0.6146752528765944
1.033389028164709,0.9853168572165955,0.5763482890343189
0.32333504754904163,0.19200543458388541,0.3933079663080066
0.730418066991404,0.7779208522299748,0.8962738443707383
0.8661251307371132,0.8434128058542334,0.8551071725664358
0.9797615812837118,0.6276783376928468,0.7661464133266287
0.6950028593347907,0.7674340800360968,0.5657004818923104
0.6328539279189901,0.8449011089531064,0.8132733867731569
0.8250721428646701,0.9357421466005507,0.7391480450411914
0.5324833278621205,0.7359792883271562,0.6604066741997616
0.8372093023255813,1.0772283284276543,0.7594460882702946
0.5245406682766909,1.0325189925730525,1.118296953030118
0.7647227419770233,1.0806171313106816,0.46952188058706945
0.8661251307371132,1.1420383245658605,0.6391691324054418
0.8798979925271891,0.8139728060729303,0.4762150733835028
0.8519460542426094,0.7269996286882784,0.8118391741859132
0.9927216403457758,0.65812457253224,0.6390175644300762
0.9913525994178634,0.8394049828605714,0.7136458158677976
0.7027255594181434,0.6815794446028907,0.8022395899235885
0.5245406682766909,0.7278883323794536,0.7077706434371946
0.5965267076070355,0.8261590211295294,0.6319650350174111
0.4872162325140251,0.7953317817441603,0.7088742887143751
0.2756071877395543,0.5339263829535339,0.5246854903679667
0.313756433503279,0.536779324055666,0.693902339266854
0.1358414347819068,0.6292427362894297,0.6048696101532003
0.7313547756123575,0.837670135221222,0.7986673533092445
0.5646466997249704,0.6267725402283262,0.5704687238016966
0.21192430314522948,0.6634846953414835,0.820524914908879
0.26629091139531347,0.5640889972639843,0.6198913684355776
0.2899935845471091,0.7665648998928757,1.0
0.4285517637268871,0.6573304077826547,1.0
0.41812142403646235,0.699436408873614,0.7885461734348163
0.43895423086828633,0.5573995756430294,0.8440637648829099
0.35557592221691625,0.5291073513198274,0.6638009111916845
0.3505112690934127,0.5252227084334332,0.5169541084603521
0.4069197473810887,0.8690974042834583,0.887727821715232
0.8697292863651851,0.9893918732543628,0.9642057269834747
0.8494949607560818,0.7723670519886323,0.8657782355394963
0.2956002489414622,0.7022706821718148,0.7837750089530658
0.6923297395084151,1.0804475447304231,1.0780200098222323
1.1266877543200644,0.7741751211944707,0.7603421241938888
0.6613918775638659,1.2340177564053323,0.60851059453868
0.2529126323623716,0.7193134625112334,0.5378115562420549
0.20316730172975683,0.4081543351704441,0.5572468128746785
0.5758345629455037,0.24458192818104607,0.7860197537445436
0.6502203495881087,0.6823412173577929,0.8885443574849294
0.36212562292389217,0.37445280982619955,0.6377679314160893
0.9221733947607703,1.1106029323003517,0.5510433135323507
0.8904778376803686,0.8804921619648194,0.22405503266372373
0.9470030832709255,0.8857678729334526,0.37336790888955174
0.3040219959942695,0.22741823550512397,0.7405627391686146
0.09648536256481699,0.23771736480057803,0.7948690975377891
0.813401657284481,1.1421380587126773,0.8742284213061161
0.8664532812421305,0.8235193179256406,0.7700315574338725
0.9369614681787758,0.6314909932129853,0.7523665170916196
0.5513871581261294,0.9616674061000036,0.8440826218725013
0.8256550204877132,1.1069044967649697,0.7757234410219338
0.6246489206341387,0.7022674209215782,0.8171303166102213
0.6786123023165458,1.0318755964278725,0.9498885209223823
0.7504944320497676,1.162650012158089,0.9683554715252297
0.6205253731666417,0.8767215818196155,0.8552076218502687
0.7431926448586907,1.0113191429922126,0.5448892398698049
0.7792390975635218,0.8432324193840707,0.7812399988048493
0.9821860395085059,1.2037310596306001,0.5354221059917663
0.5819915251554635,0.9550028122363556,0.8850632712446018
0.9571777544990727,0.6093281488392497,0.5620012675158202
0.8533545268197732,1.1852901105513187,0.5799032980995125
0.9837552800860003,0.4556117714191765,0.8891530369621071
0.6205253731666417,0.8201856956265103,0.636747550037664
0.8803107884489205,0.8921594860282229,0.8705438862025766
0.789125667729494,0.7616545825977415,0.7340011257071524
0.8594956016262516,0.6562199488715916,0.7359595446796827
0.5513871581261294,0.5251870725186816,0.8716133680185573
0.7009247720840863,0.744449374000024,0.6121926054933187
0.7018388335121941,0.9772078847080724,0.5750880568257762
0.8301964976078204,0.7396597111791108,0.889448236341977
0.595016734099196,0.6342346086245254,0.860805451483005
0.522615018986796,0.6186482849699872,0.500407252306502
0.7542750380889376,0.745015936006015,0.678632446390272
0.8022284122562674,0.765745259500022,0.7909371361811041
0.8360849012875832,0.5844444284288904,0.7140952371967684
0.789125667729494,0.9733669289981648,0.7591929608065004
0.7234456796917144,0.7129777549139753,0.8346312846890054
0.8082148068440921,0.7287874800031542,0.4695456800495823
0.6641229831120659,1.0055758132829675,0.4606014133809624
1.0150283929127706,1.147455202815555,0.6978251793347371
0.7534499275516957,0.975344316363923,0.5405423703888474
0.8178031178835188,0.89352057250001,0.7477132602659464
0.7431926448586907,0.8385431956829021,0.7684036408298883
0.8434101493040796,0.9872224687000012,0.8084902498528552
0.710616566345722,0.8625536794867227,0.5193344513514168
0.8060813138851428,0.7742874778635456,0.6463012172833584
0.4145838957047865,0.4822306436423852,0.4514976183718439
0.6073987612299622,0.556655664782694,0.7238969859841777
0.48276641629352535,0.7874881407483793,0.502772623952447
0.3431681791704785,0.5142857142857142,0.49158328102948023
0.6618175822578444,0.5093391091304609,0.7796819387988891
0.6372012552540067,0.5107057460023938,0.5162557811295159
0.8936186246277463,0.886039423540362,0.5257140565685426
0.4379702522767097,0.6768904477939736,0.48107559854651905
0.3323519829107301,0.6502804220902862,0.6494337903139531
0.4285517637268871,0.630701056403419,0.6470248950336381
0.5576741315353086,0.9626543156513364,0.5995339459231979
0.6159542431985086,0.7260016878244046,0.6415829003414741
0.8247414424794777,0.9604183055622724,0.6373810669404222
0.4787139648573131,1.0145478593490662,0.7258247091500754
0.5291258426104861,0.8782838761099631,0.6477818653293531
0.5375806225395581,0.4761164813428391,0.7077361918714954
0.5942690871583889,0.9782248221845329,0.4594512598578836
0.6078228162048491,1.1111111111111112,0.7386286168334606
0.38527461036592925,0.9344992950281596,0.7899083379417061
0.4473369167059227,0.7035895420062941,0.4858925075477788
0.3862446316536913,0.7594295647904786,0.5581894893682355
0.6168248274403197,1.2795391466210322,0.5093315887314362
0.45661596911797675,0.880459712098336,0.6674927613069744
0.538897616231382,0.7811304198250342,0.4974214294272381
0.5782856197977959,1.050229064556576,0.46696380892014955
0.8787722775451752,0.9191547916545557,0.6793242856626318
0.38527461036592925,1.010775136397254,0.6368143592439768
0.8423779187521798,0.9317878742441619,0.722922590618772
0.8927668644354776,0.8672027980602843,0.9626678582374738
0.8802719980303971,0.7542304238442878,0.6765645460902794
0.7567331836000795,0.9399335223340467,0.7726476186428621
1.0231682682285639,1.0,0.7567885516402948
0.6664528200795807,0.9740500351946159,0.6235621473013997
0.9086626631581043,1.115986700954059,0.6801782853520897
0.8802719980303971,0.8273288366547985,0.6733388442795181
0.933118970507906,0.9744595277880601,0.6817569780304752
1.059153071593524,0.982922816014048,0.9182045562791248
0.7762322793893974,1.0565750085797017,0.8559975514263055
0.9938324459126456,0.8931640058176863,0.8446543273097515
0.9807530269499575,1.018193851153474,0.7987470345443195
0.9412577185958132,1.1195570249647027,0.6402691793525885
1.0461682165828776,1.0842151921066518,0.45193479463053776
0.7542634064085048,1.0571350841907512,0.4699396732110733
0.6899361067799923,0.679492017453059,0.6185829921606403
0.4283649493650191,0.6912109622756097,0.5946908075664037
0.7938542058609951,0.9272607032546692,0.46095662962199313
0.8432746480210825,0.9251076577311472,0.9496532722820473
0.7112954042493627,1.1600264528397277,0.5184812171437994
0.48662117568175867,0.900415760052192,0.30040868345991767
0.9148743469241252,0.8604938510150366,0.5640922611042399
0.8789415950159356,0.7847833979496673,0.8197822993241339
0.9955041079306143,1.150066676662844,0.9716753657143411
0.34782608695652173,0.8502180885389385,0.4664179988753324
0.3862446316536913,0.9674699975683823,0.7183009417399546
0.19992505438273434,0.6038720370315966,0.5528002248775447
0.30828887775776437,0.4429139854688444,0.46789433297859095
0.46376811594202894,0.7145503871407749,0.36522127478588384
0.8472700683491143,1.1542707518102626,0.558462648802883
0.7662768028470378,1.1047824355769886,0.724394575526252
0.7774129497378873,1.128713880712757,0.5839789852507038
0.5414595889126997,0.6421699732522045,0.4743614281245029
0.7118145606425836,0.4498864542459142,0.8450065416364037
0.7564666869270834,0.904659519111317,0.4789443496260335
0.9304587799006095,0.7107701401717704,0.6891083245652181
0.8544443725651045,0.7215858950460954,0.9469209334623543
0.59904211181687,0.5553002726179919,0.6980254586202754
0.6927866899999071,0.924939179924811,0.7663436522380734
0.8019465183389523,0.3963741820365343,0.829461803021811
0.937848329754477,1.0902118785198236,1.085312307934218
0.581380977882042,0.8599942603284991,0.5871731606513948
0.38503581396359,0.968609865470852,0.9032454931910527
0.7564666869270834,0.9702968371873503,0.976112553778419
0.6659237343090583,0.44329322367877066,0.7988076023683663
0.7292733574457155,0.8157924604132066,0.6295087672240274
0.7749174893576967,0.7371324730798119,0.8149164543109602
0.6269326510863755,0.807745184832452,0.5105032203063471
0.6953526775443556,0.8405915269331622,0.5754457322454263
0.46283399816722204,0.6738093714846058,0.48226574244659437
0.6038930366779046,0.5965033289943641,0.6371449731832042
0.8410766710242985,0.8011041444944123,0.9514736430990276
0.6504946723651169,0.8004579836677513,0.8440727311155665
0.5051108667213553,0.9910425409654798,0.8359577652557187
0.6700739111475702,0.8481377609342339,1.04260036145793
0.8974342536907802,0.7742611894262172,0.6924931962843827
0.7282548910485631,0.7533632286995515,0.6608051360629044
0.6504946723651169,0.9823286247767858,0.8014097011308776
0.5630097804556706,0.7185762642961868,0.6753888136997575
0.7289274802809058,1.0891326804452226,0.4399685192172943
0.5851648613632529,1.0534330100416585,0.7245878218268682
0.6538519142561768,0.9203400067320127,0.9244080848788852
0.7673730981660023,0.6096047170059786,0.5443057761767562
0.6949179445908238,0.7642605766738555,0.589839114443369
0.8612291728194011,1.1660533191452684,0.8433719308704479
0.7941532576018454,0.6752814137231362,0.5795296905488674
0.7513204823081149,0.7397773553245746,0.607996354851141
0.6054334842593048,0.7558039424334287,0.5154149749496928
0.5272459266893719,0.9071952983486985,0.7995989635875952
0.7167018918259235,1.1539882329786235,0.33703273980962467
0.827257251113368,0.9544413282802702,0.7581298537528828
0.5963397896158267,0.9851494246961324,0.8741170446122967
0.5959247147397009,1.0229938508187593,0.8570662345622253
0.5249869753433016,0.5474233066432879,0.8253913515035936
0.44638560215945633,0.8243602726210761,0.7425879969659195
0.8178973217962173,0.2743552764063024,0.508802693968395
0.46783461217399713,0.5811917092881347,0.5776057745489147
0.5212852602435791,0.7914777723660734,0.8815386583307787
0.5997770469700358,0.6912859482395682,0.8764709663947804
0.7531497028793168,0.41307909250816466,0.7876423838301909
0.5374562385731845,0.9545784051266333,0.6214475462643477
0.6364021592053819,0.9295104596810646,0.5960944548108877
0.6537264086320858,0.7223187699298748,0.9351498183204416
0.7818274456058589,0.8754894270856617,0.7807916731513358
0.6236544650455158,0.8582384766117058,0.8465567191625278
0.8408885431648541,0.4686192468619247,0.8511978609241377
0.6920737662997128,0.8096726266984796,0.6786023604679713
0.8855267955225429,0.7631914842736485,0.8188021211468144
0.718728024768494,0.9266545319681379,0.7715331092720703
0.6535394405574624,0.4886231564192336,0.8880809302450641
0.6128307003102496,0.8032012448544932,0.6539842234062561
0.673980170735369,0.33886115020871344,0.8007944133513157
0.8112682739712972,0.9875514385504455,0.9208182187914843
0.5060453610263349,0.663477083949852,0.619907458280009
0.39914484189632726,0.9350259591629033,0.7609754527724369
0.6920737662997128,0.762641447975275,0.8262728083932565
0.7088607594936709,0.5901909265527001,0.6009399868379418
0.4998430361721642,0.7761465479311012,0.8790864435576791
0.8013191916457058,0.6321774585367547,0.5903281797178052
0.4577180044394753,0.6522194883231481,0.6138252065518599
0.9191978918619881,0.7735585276021821,0.7726508932425928
0.5060453610263349,0.8008096028607077,0.5118640430584124
0.829902697774975,0.5001945249196946,0.5741878661057389
1.10236791582507,1.0873286072322033,1.0418354528020346
0.8179397578364904,0.7583012639747773,0.832743213761425
0.718728024768494,0.8529086164120612,0.8977397231428094
0.9624970699691325,0.8533090639362757,0.8998321907668634
0.6651133084541787,0.8866130542457461,0.6468815091765242
1.0662773790828253,0.9350259591629033,0.6264866751895037
1.0058729110375326,0.9283075998767757,0.8254148103470597
1.021652326748721,0.7739431400377283,0.5932723962973896
0.9943675154838371,1.086097481564961,0.8183636840486559
0.602154882356633,0.9646855153920664,0.9230373910259515
1.0099835407255202,1.005129824263182,0.9887804007412213
1.0311554526424127,0.7859695259867735,0.7747667955027016
1.0950872826411204,0.900878356064865,0.7654567615964201
1.1362785481655677,1.0849169975079813,0.5443538949411728
0.8408885431648541,0.6180589613234424,0.6955266627685168
0.7330284557279172,0.7486386111040744,0.5800612901848093
0.5040301607666859,0.4244514613347936,0.5618165506028017
0.8085372400465485,1.0081494964479847,0.596329023473473
1.040057010540245,1.0755164559116255,0.612479040217013
0.8264196209922723,0.564816889677618,0.7426506134744206
0.6074339854324963,0.985655125291115,0.4948003776484551
0.8622054363476124,1.1801546769095461,0.7234304190756863
0.9484316806098244,0.6131559002414186,0.6698042276261946
0.774394752112051,1.0504390846411318,0.5811764885956258
0.46042679782412366,0.6088707261702366,0.5466115655505182
0.413197177288132,1.0328010904721563,0.6102653208332542
0.4577180044394753,0.4708418086142968,0.49842839150067964
0.5498168260882195,0.6463191062864959,0.44723954735957683
0.36658798005440607,0.6075067262352748,0.32579062384162094
0.9429476304153277,1.0837611188809777,0.4493772665918422
0.7297626273344124,1.119743055988877,0.7133851266261425
0.8112682739712972,0.8702134850694658,0.4946730072953105
0.6971626716446012,0.9234641222316353,0.608086200002254
0.36658798005440607,0.713683086660246,0.5440311408783552
0.4563072538755262,0.3805808106863444,0.5937817576194171
0.6294758636833218,0.7160745378424703,0.7530986448190324
0.3716239205896351,1.0408452567829893,0.5348507210983835
0.5183626607931103,0.9256538180809972,0.6484339966542269
0.38866636477343885,0.7202419790880872,0.8828113322180756
0.49472786448467354,0.7550510257216823,0.793360934042366
0.37221627956502756,0.9586550884702638,0.712887062649784
0.4107297644405865,0.7305776960763349,0.8489679594878268
0.5116654480708901,0.850928801500014,0.8719195206742627
0.46283399816722204,0.8033197326318259,0.627024035040938
0.27448045467614557,0.982709723478719,0.9098066264810931
0.5640453037583593,1.1145274253849777,0.8116463539327393
0.4563072538755262,0.7207140591796792,0.5558047534694246
0.5388722022427023,0.9159913626349091,0.8562060426361385
0.5970745179860002,1.104196384275975,0.7238114051429778
0.5212852602435791,0.7349351774044388,0.5739910313901345
0.7909283081186754,1.0843618447072552,0.7150827230670633
0.46283399816722204,0.9469933376075976,0.5159280871618672
0.7799405759321693,0.7986644258946398,0.5562162359537871
0.9884838167408913,0.8166696215314178,0.8700677298886493
0.9422556415211932,0.7923893967899284,0.7041239524315996
0.8544443725651045,1.0959376623071746,0.7826952257796277
0.902962915043403,1.130120009726471,0.9455478905524857
0.6710822618359504,1.0812362394459922,0.6868150992138152
0.9815318857994169,0.8904949153652202,0.5650224215246638
1.039509297906552,0.9954575946000724,0.7369298209977273
0.7422878192430878,0.9885779535913316,0.6690410523366854
1.0087442748296482,1.2062030189870412,0.5791289716275432
0.6834961534845558,1.0253011130023695,0.8029051229124236
0.9845008319816199,1.0341275064907751,0.7218452770564784
0.9147802438825949,0.7694647682738077,0.5995184655908231
1.0885722096349222,0.9964354981998839,0.5858297654391662
1.1524204167393464,1.163202775050187,0.5504528104466935
0.5471371667240599,0.6621512460903893,0.6530521468545295
0.7513204823081149,1.020476503894465,0.6457399103139013
0.2376821686174918,0.7865809864728324,0.4051588797148302
0.7990087472751222,1.0975900072948532,0.6478474555048988
0.9378126104008124,1.3318839299181744,0.4110958123701295
0.7167018918259235,1.0195180014589706,0.6933229351213708
0.5119141246988754,0.9554645739978103,0.6239823892320492
0.8811543278646179,1.1214944589384725,0.7828639461499678
0.6957781752198673,0.6694097633598775,0.6533243774615523
0.6874149998587407,0.9938989219968073,0.624695899624055
0.33229017991946364,0.6238562289945302,0.4088929804994288
0.3716239205896351,0.5781120788770814,0.5348507210983835
0.30999047855798656,0.8591854326022464,0.6990877855548708
0.504201416395716,0.8615908669104334,0.6030577333218634
0.7531497028793168,0.4313463238780537,0.5791289716275432
0.7736487975996434,1.0902202783967951,0.4242451750187983
0.561817986734691,1.021868060554493,0.6376470561495283
0.7247568889126835,0.8426622338162337,0.7852343619008483
0.5851648613632529,1.0145478593490662,0.5995569449720499
0.3646639893779138,0.8178018685000171,0.6375353900657017
0.4338983050847458,0.3372060666842275,0.26677038394436225
0.35149901365876013,0.6269998830479513,0.39435975016603164
0.6755571577384749,0.5997326247149293,0.8135505469659053
0.6090497406789991,0.8967710028814614,0.6733183631306985
0.725983626938577,0.77322833228556,0.660402349514682
0.8852921330647191,0.5549120591778515,0.8757569571395178
0.7559485125498192,0.916983725520771,0.8090300659477513
0.631578947368421,0.9459525254668825,0.7909647785857559
0.913289003047588,0.8345093739597297,0.6874205421458413
0.9650144285729341,0.9494779042529843,0.7850427416595092
0.6350656603781388,0.9835889062897042,0.8325760017379883
0.5371471454002694,0.64589514539355,0.6876324478506708
0.7038255611204538,0.7928198186396397,0.6160590009987765
0.716075846894183,0.7600823470131505,0.4206080425004778
0.6834898974028862,0.9567379901894125,0.8472168922237956
0.8138599351934895,0.8555358482673533,0.574077991092544
0.5707038982215189,1.0058729110375326,0.4475566793410869
0.8352370963947523,0.9842456181955241,0.7814017328391041
0.5182866716991432,0.9223088442462188,0.5471663578711634
0.826578006095176,0.747441338799566,0.48958085201386703
1.0272266385058666,0.620826418234851,0.8657907729786238
0.7724673272555949,0.7356996693316983,0.7781175412034179
0.6558763991941574,1.1053468990865059,0.6352977539074204
1.0764719112901873,0.9716504496291625,0.791822306551998
0.8188318262871757,0.9039190129786382,0.6890582927844342
1.0103958192263425,0.8267146456181202,0.5407398900546385
0.8682705578848181,0.8911369081075364,0.8097717064848065
0.9558489214311652,0.9120713067057213,0.5794469510689362
1.0344554563530515,0.9900164592744798,0.6903530105850546
0.5277841259590776,1.001574975020602,1.0145234154683458
1.0203573544812519,0.9137489014228375,0.6972373050473065
1.099831007854844,0.7695455621543198,0.5795531189400106
0.961221663283526,0.9891275113675089,0.6075371449981776
1.026892043447896,1.0382925519906903,0.4525113049534216
0.9188892894346188,0.7018570896769671,0.540705845569051
0.6298219771370592,0.8245236270326693,0.767041973216121
0.5320721400532162,1.027351822850493,0.5455467356080193
0.8326813796474364,1.0519741756798686,0.566657583273092
0.9727733614941335,1.163191269692814,0.6530213605643683
0.7549602534472014,0.9688154945920787,0.6424239648672809
0.6569379655306957,0.6423737695349965,0.49581032891247845
0.9063414188418306,1.095865343733197,0.6261439373072932
0.894847470783116,0.5751350183890074,0.5787451542922921
0.7180462662957081,0.9813904144378628,0.8037045504464302
0.5694716140885541,0.6430065710206032,0.5187154449698856
0.6090497406789991,0.5752768042029952,0.38592833207041954
0.25848855147353256,0.8555089871245483,0.6145846111735846
0.5527864045000421,0.674320372828174,0.44823607129651555
0.4100166563435742,0.25663657409788465,0.3105769120691634
0.961221663283526,1.0716884217342073,0.43946985926479065
0.9632640820814677,0.9578006262929003,0.5486283507921712
0.9650144285729341,0.9481626369574336,0.5041334409875258
0.9152433046593216,0.8922344130067301,0.342427458765593
0.2824526901475902,0.7040848677674792,0.3354150827422352
0.47907308304332075,0.3847114228469485,0.6070812109892632
0.30309526055844915,0.716174042979677,0.49780642441510536
0.47907308304332075,0.4286903211221087,0.3588107643757996
0.9054150008320853,0.556246321923573,0.9134299618164119
0.7996821611026195,0.8725266654077813,0.7866967666000668
0.879680673452955,0.7924607839736402,0.591062682395297
0.5764159360356756,0.8545760431184608,0.8141194010887713
0.7678313294613687,0.4146046233223454,0.7027451070018882
0.5806051784736559,1.040685986302859,0.7632862721308711
0.7172507736348681,0.30318220671221996,0.6520168285810735
0.6668208163851087,0.9511015300640719,0.7304520723242096
0.48081920325901273,0.6311453910445071,0.7714563606456353
0.6666293340798679,1.0267374118451134,0.8840448086094006
0.6523219117987993,0.928280437077937,0.9609620242676441
0.894653100913494,0.5613859606934231,0.9103278251061687
0.4964890796205821,0.6746890923724888,0.7504818938280983
0.8148588316869693,0.8069131456245039,0.683181355893258
0.78003424910194,0.869264006770563,0.6913023577872885
1.0503207250428648,0.8221056854615405,0.6607280929807198
0.6623906294416531,0.6484153759831273,0.6477070017972522
0.9662947942081299,0.5702963477244569,0.7653618635961855
0.9947084021282518,0.868232758904954,0.9949380406615448
0.9883626799174328,0.8403355243620179,0.7506861036480805
0.8439427132763015,0.8818542837164378,0.7445303355087423
0.955412203793229,0.9176845527085628,1.2015301091070016
0.6235163136237978,0.8678517149493594,0.9891089985897825
1.0303069886214595,0.8517288979498254,0.8041595603166669
0.9883626799174328,0.9712642096277059,0.7220559018933612
0.9227716715723457,0.799285533688491,0.8713418169825454
0.9754460003799226,1.0161045003775995,0.7756315698658247
0.8846905599421867,1.0624987655360913,0.8106512073850748
0.9802173643977014,1.0316645437740992,0.8999948092844564
0.9947084021282518,0.932513580311928,0.8337040385238326
1.1130506970193614,0.9052922794279789,0.5583268232332927
1.0923360361678478,1.1641314767122528,0.8464186743538669
0.7793016686081989,0.816805349680862,0.6182488123615317
1.0211604316413199,0.9453066971174652,0.6913023577872885
0.574619066712897,0.7723337581088106,0.48812293371977666
0.8937712909280284,0.9771345979746008,0.9131109992070955
1.005291597871748,1.0243982863083325,0.864342412230796
0.8359604659758081,0.6844574520494906,0.6618728133823097
0.7110733751420859,0.9758511709785149,0.616789035204647
0.9453913252691039,1.1703357687784426,0.9807128342020366
0.8078942408878285,0.6876207378702285,0.8706670846038176
0.8009940104398475,0.796727014791809,0.8015685524544072
0.32130453138896886,0.4980170224291256,0.5693468425938559
0.357601413191159,0.8343433578322408,0.8135696149024205
0.5373134205247703,0.7835237125287173,0.7481182881237105
0.4647704699986206,0.8404475995622308,0.7421572361435467
0.668399930861277,0.7112315252597112,0.6464986604360835
0.8115821716343974,0.8007991237616782,0.7662885227014843
0.5930335951368209,0.9696969696969697,0.81928611872822
0.7212174177916215,0.7038264920562756,0.8940188166134609
0.4328658152258569,0.8956976697462257,0.7654161558661002
0.3708895884564415,0.9930145042948674,0.6580488905765285
0.7897238492487679,0.3461487466967711,0.3941109977752968
0.3328029724521291,0.3684140772351383,0.5673189956071509
0.45743561102459884,0.6219949532723359,0.29298281944830606
0.6624383143812353,0.7835580509861662,0.6140673965437815
0.6967607825684387,0.7574321294516766,1.017940286462017
0.91695452014626,0.7158501830425232,0.8590352565119556
1.0521702128705754,0.7913024261607311,0.8613249509436927
0.6247606128067718,0.9261538370599945,1.208012573584461
0.7779009217116959,0.7508704328837715,1.113035629139752
0.7786364644255233,0.8637562071335168,1.2610310500399544
0.5002281126082502,0.5923366000085244,1.2731198029509256
0.5912609280039287,1.3092954696090593,1.0728100892650012
0.7885276502650858,1.0199185827106454,0.9079280876235015
0.910934555569435,1.1709298266081931,0.9410175184722249
0.91695452014626,1.0571821157903887,0.9687956760292852
0.9396889579311434,0.8548897159280261,0.7491273969978728
0.9726088042847157,0.8685740084737386,1.2440796462248906
0.8413756675611445,0.6820758259605304,1.1270995422541112
0.7142685552594735,0.9753257766487442,1.0928636814485808
0.7690075071340292,0.7131772910138203,1.0513064190911157
0.6793806310470656,0.7053500346616615,0.8146739951526896
0.675823640610757,0.7743786984113656,0.832906529390799
0.5461903545680739,0.8080782154593977,1.160498821323754
0.5690785954332537,0.6795428521248903,1.146435724614663
0.5175493593229923,0.5124369928512101,1.0882368207194468
0.32099539460272986,0.642679856741909,0.9384930723921453
0.7720583054246428,0.6558173779089611,0.8345948971509548
0.8008135691080905,0.6813530392859608,0.8699908459719867
0.4795364853934103,0.8187138865319877,1.34456268103005
0.48417961617485594,0.5218447432419349,0.990138565780856
0.4686396792093338,0.8629814130896423,0.7561424300998932
0.6774715681112425,0.8663357982627141,1.0173683368572968
0.5718942835232828,0.762583822790228,0.9231973978210595
0.5461903545680739,0.6017874875868918,0.9190886605937265
0.47446172718775637,0.5445125511523395,1.116296760925916
0.5852800587874043,0.655255299238829,0.9641942562980284
0.3935215651368773,0.9220369586944198,1.0
1.0508802092393887,0.9375220586290074,0.9814272637102838
0.8236504351289646,0.8850850997462762,0.8171838336931606
0.6194663646046739,0.622828737672015,0.9626021203996618
0.8091454762202179,1.0278709571590248,0.8077076724359817
1.1145127142678692,0.9404466427903182,1.0621761828358058
0.8105299803711105,1.3098213634420275,1.0677112926649284
0.4310054576078689,0.7896003830177782,1.0839362326855375
0.38083351192152526,0.43155429341158,0.41417996212998787
0.5769699114407107,0.29186185540993004,0.6447075266525379
0.7988041746955469,0.5679652843715618,0.7879511916123786
0.5626271394369695,0.5685442497702704,0.6710822651945629
1.1033496715018924,1.0748428908812895,1.0815332650783713
1.120996067691699,0.9087801397474425,0.80987479850069
0.9776449082995052,0.9957508318260365,0.7922694774925017
0.3294856519292064,0.3257252987622197,0.5769230769230769
0.22746069606309283,0.3354303417157649,0.414595406086673
0.2642696704070716,0.2286106889778512,1.0
0.4964029747701857,0.6431168485754089,0.6642253872948065
0.9776449082995052,0.981806148846526,0.9705641765868589
0.8439479873108685,0.6475891229189104,0.9074649557535073
0.9396889579311434,0.822660464389041,0.9912599566125689
0.7440746991898244,0.9701660288354339,0.8328453733925544
1.1721716387801486,0.9657272887306424,0.7518964950844156
0.7753252644938604,0.5550471651074571,1.0962341377111535
0.7735445931710809,0.8746146777452136,1.07030092762686
0.6609717254561636,0.6658218209741589,0.7860128648670412
0.8654106029973436,0.728248279951367,0.8751618822177151
0.43955146168219505,0.9252397826639572,0.8898487196038662
0.6862090606197059,1.0125097770840135,0.933302142879804
0.5959049028961452,0.8669739908725749,0.8679166501810783
0.6166892293097584,0.8552749718616435,0.9356170984005152
0.7313875402219726,1.159877365626424,1.0782135197511928
0.5822628720025631,1.1134831543606212,0.9599118202974145
0.37287738554213845,0.976158166604841,0.6980745334623668
0.5286680085610078,0.9920240574456197,0.9107704915514561
0.8018259267119026,0.9376485717349111,0.5926011759138068
0.5827095116384229,0.9122417975288363,1.0093060209114528
0.8089375048535844,0.621212471616023,0.7952526985871978
0.7729991357606645,0.9814151505127434,0.8328044261564693
0.8192831787002804,0.6067010095861338,0.9728311243015686
0.7452822390259531,0.7851546474381221,0.6627628264378811
1.0,0.7672438713626443,0.7396074093192421
1.019003715589632,0.7187186825905671,0.9410064004583443
1.0417931079486136,0.5790036529975208,0.911028708304776
0.9199359230974564,0.49729820218392795,0.92337091107009
1.0533760512683623,0.5514386959837434,0.9283449708473009
0.48446409130173385,0.7066197220663288,0.8239002951224343
0.8911585108884764,0.6582670546693877,0.8052663316410642
0.90805516251305,0.6763809752284313,1.0956683329619785
0.784283257023522,0.6062490279260878,0.7482977586574436
0.9599178274796765,0.6946014554003501,0.905302692667381
0.8732313891602652,0.7292018794272228,1.1968212426711031
1.0710453798098643,0.6203911060408229,1.0244020969174639
1.019003715589632,0.6920843314535167,0.6443789618633247
0.9188002057058849,0.5625518795147171,0.9353368464885281
1.0688239717531918,0.41719668184291114,0.666292990583883
0.6603168897566213,0.9412775280661777,0.9383029423324436
0.9240065412354078,0.9529410462034078,0.8328044261564693
0.6733945703588095,0.9596076908207958,0.6450346262939122
0.883214541033237,0.6760390582104814,0.8534524165627059
0.8289665596933105,0.9314239823259264,0.7909871799587379
0.9809962844103678,0.8594507914082397,1.0178734987846874
0.6444511355690231,1.0555619688953235,0.8494050676151976
0.9346279549539387,0.6966337523351751,0.8971352890903094
0.633026905187436,0.37488092936945927,0.4854064101595502
0.7203386111090166,0.20638573006781102,0.5813838442533746
0.3656084648705311,0.7655324940242818,0.6794669901118657
0.26406057477069655,0.47174618759568243,0.46752038466914936
0.482438029534315,1.0563723462505312,0.8013938792876792
0.4249919322281651,0.6734267037545951,0.4207986262446475
0.7662768028470378,0.9199871969271806,0.35433654091396116
0.7022674209215782,0.22673036073427444,0.5356328799385133
0.5128205128205128,0.1686053094281459,0.5412059213629183
0.6337102821208718,0.20449645328053156,0.3405626368691177
0.4675718344731138,0.4851197018337664,0.5420133643532765
0.410127169090143,0.9619339605651371,0.7059160466839141
0.561817986734691,0.785423499443569,0.7336119748168195
0.5135727292019425,0.9155568237875928,0.41036537434005305
0.4126496417933092,1.0646898713760111,0.6597078320596376
0.5959049028961452,0.8412555508219927,0.4520921933130859
0.4787974113155775,0.8118951563645719,0.8616800947745535
0.8454921392126186,0.2308341397037238,0.5845136294186697
0.9116116523516815,0.4326422593798812,0.5649248167354011
0.9225403330758517,0.8213867127881382,0.5733203885898314
0.9778813022398095,0.6155878365741612,0.5322073928826394
0.875,0.6262889710628659,0.8103543484659349
0.6360698678786947,0.4250923379020225,0.7379461045182618
0.7705842661294382,0.8416738572176812,0.7479145722906746
0.9370059211651288,0.3612364885525702,0.8795141467816918
0.6950028593347907,0.9447561587695403,0.7743040414888807
0.6500433803633223,0.703799065310295,0.6213273057406118
0.821982751270922,0.976505646728047,0.7167876586469156
1.025819888974716,0.8366611836335076,0.6301620847927036
0.8312368148610965,0.39181589684148865,0.6645421497274764
0.7700607413615818,0.7424492772661644,0.8985271847368773
0.9284089060144979,0.7390641822678721,0.630413319390061
0.6881236125819414,0.8218548567853448,0.6647302393695538
0.7435054119787115,0.8347506053990711,0.6975138590427639
0.5227864277681666,0.7089178969848091,0.47468102734877327
0.527544408738466,0.5817187171775083,0.5778017086993028
0.7033045854515367,0.7942666624706314,0.8812167197906916
0.5563036116739015,0.7782381610744157,0.7034764489708059
0.5,1.0355532459512593,0.668563473096502
0.5,0.9276688331089418,0.8242950752206154
0.9088814891153819,0.8064672756879715,0.5666475589949271
0.7960855355067503,0.8227244253116269,0.63086460698264
0.6607027618682777,0.9983166438236022,0.8624581598929271
0.8075499102701247,0.7925897926013763,0.48393396563705204
0.524405134394329,1.0764161485034458,0.5833452895067863
0.44583119533227744,1.0093762623747669,0.6611360969398605
0.42321826887952596,1.012647208643513,0.8299486367312677
0.6241858082386131,0.7859140781829618,0.6975549025883221
0.746453723581445,0.8507317617039234,0.5811890611354844
0.785097217079745,1.1535282331637737,0.5038081937290775
0.6464466094067263,0.5044512414035199,0.4547229007291631
0.8576263006371252,0.6838197839121758,0.6376377334600227
0.5723313982761502,0.6045484903357343,0.4936284663713618
0.4894725297573691,1.0522391760879866,0.7340531298634813
0.9406609170903073,1.1049380041567356,0.5626390554519307
0.9406609170903073,0.7757733826377194,0.6582631839950407
0.6601425591779171,0.8703237671113006,0.6995681253161914
0.4896896369201712,1.1423740155981346,0.6873411200548631
0.6791555260401261,0.6541737778230147,0.5119848944451566
0.4501807067498217,0.9977390200928514,0.8137453372484819
0.7914855859429253,0.2801160521723808,0.48329366840085586
0.7159812212781227,0.7142639159601574,0.6007375523752236
0.9149428034314386,0.8400811632422055,0.6962920717066454
0.9487010823957422,0.647790683570858,0.5289293533726557
0.4787139648573131,0.2903800108558955,0.5306458794839293
0.746453723581445,1.0491683206894795,0.42492590868166646
0.6797436923898257,1.045150957031097,0.6099028372819435
0.6187535741684883,0.7824141347782927,0.6485844690241566
0.8680550465076851,0.962261271919266,0.42299762142701114
0.8957427929714626,0.9079269312825672,0.5616668504566
0.5051108667213553,0.10507872536833374,0.4033131722939649
0.6062192346758917,0.33361254465346046,0.3832518562602176
0.7379998706171881,0.40980596375899125,0.2583426507265887
0.7705842661294382,0.44378666895298347,0.38843123368351395
0.7547671208627595,0.30421217498232567,0.45603100007043595
0.5175493593229923,0.7638019172441127,0.7896070397615853
1.0800640769025436,0.8624694087816964,0.5588092965406738
0.6372618749449941,0.4016672396983354,0.5908985251353869
0.7191991403022107,0.7864394509556877,0.7428407418712447
0.8229922203894957,0.4961023322537922,0.6442437632310574
0.7435054119787115,0.6031373033403113,0.6047152924789526
0.7759693376632304,0.6047152924789526,0.8527080611362683
0.458636173868472,0.5196155385847386,0.7354478324947739
0.7026994185070321,0.6699874996979376,0.6383689823363767
0.8278937449262935,0.8556624327025936,0.810248515476048
0.6540083719353659,0.6718037691297373,0.860029157555247
0.6468924359120013,0.7823639026907119,0.5516641603377797
0.6344290694500478,0.6874898375636143,0.573059159821108
0.826852625418546,0.5596058681090182,0.6186149643017631
0.6277821818292362,0.711609134439763,0.6883111518803867
0.6621258018963931,0.6789936332669143,0.6644055745653978
0.4124032613861359,1.1696486190658613,0.44941938514608526
0.9263157894736842,0.9299859957985995,0.6880089696131872
0.5495580691234008,0.9580080616783109,0.6542295623221157
0.7673299797011556,0.6278373673706237,0.7278344730240913
0.8335929870389891,0.7674883741280523,0.827767706512262
0.7482885200225362,0.8226310863098492,0.6836501618821023
0.5383097415616807,0.9665591528449218,0.8390312726828932
0.7606050511801307,0.9055088817476932,0.5324754177878156
0.8940496310725659,0.9662900068768379,0.7220766664881395
0.9860525449168592,0.8493288557089543,0.6611811600898987
0.7482885200225362,0.9868055046507686,0.9150568862017868
0.7038255611204538,0.8341097667985717,0.5052743420724132
0.83050156627736,1.1109195636770142,1.041191171618444
0.7238397614620051,1.0734930919740164,0.7623645896855982
0.8634387146135831,0.8612159724993248,0.7498044583197327
0.8335929870389891,0.8975838076047211,0.630987516788446
0.8092358067046936,0.8239829846054513,0.8011019367604613
0.8035673718023126,1.0364662478744737,0.6325765385825233
0.6372618749449941,0.31552065806768126,0.822877022891981
0.7565461109123508,0.7422582346416031,0.8305905800449493
0.6557274601693066,0.8541350085021054,0.7220766664881395
0.7455876498733277,1.0629940788348713,0.4030379942042909
0.8417104023053799,1.114976734872549,0.7692136986067293
0.7443014191086905,0.7165266452430796,0.87847127594996
0.9395610279730569,0.6858309598443065,0.5367834886105192
0.6230314825374741,0.8569285761781533,0.6171918808661886
0.6520102590642216,0.7690470967950003,0.5285146277340935
0.5819003573728607,0.9822779698747917,0.7974521265832667
0.8502481075558046,0.47615120242190656,0.6922891124152994
0.6344290694500478,0.8309691490542968,0.5714012364520744
0.59857252510538,0.5381926627768979,0.7343936423701347
0.6736842105263158,0.5443521726939372,0.4899386295493293
0.7646755975876931,0.32580013753675796,0.5057059405786721
0.46239181889504566,0.9845843396005448,0.4737651884157824
0.6878527632095753,0.9909255748919922,0.7087430116130404
0.7653096521722185,0.8550896623279943,0.4506497344264643
0.6372012552540067,0.746453723581445,0.6751643960666065
0.5364822376727287,0.7113248654051871,0.37350928716653486
0.504201416395716,0.5145040906177418,0.846536460494091
0.5498168260882195,0.5633787965366231,0.561531961875438
0.504201416395716,0.634218239524855,0.6611811600898987
0.5527864045000421,0.5030861770910061,0.49709952144762204
0.6111580337596816,0.7368416718677724,0.9373006863577923
0.6810103669946117,0.8818274703131398,0.9122941980692971
0.8192831787002804,0.8318725984225375,0.6284491378819873
0.640907576770196,0.4657579693582964,0.6161841873956793
0.7788370657676543,0.6077150698363207,0.7928494377175717
0.7308090489709173,0.7977536399404886,0.7674752380238866
0.8985345193302239,0.7100830772311912,0.8093767870842441
0.8957427929714626,0.9380487845826699,0.771252144501093
0.7781832481718819,0.4644015761395567,0.7425145089828329
0.665144588735542,0.9737537931229951,0.6863698063219928
0.6409719260466319,0.6229047832035894,0.6948105655506882
0.904605549887666,0.7371332092181201,0.8455831332492432
0.6683136386866525,0.652000429093082,0.8256251702878366
0.5793161604776427,1.062197665780469,0.7513622483113219
0.8169501533002237,0.8523903191312343,0.8798979925271891
0.8357820689029941,0.5322820637867685,0.7700997550641486
0.7975628120243443,0.7721371138430703,0.8443220863238867
0.9104333499154483,1.1222680609021811,0.5770143107950534
0.5152255255619523,0.8659575299037675,0.6425779140814792
0.8502481075558046,1.0535538315790056,0.6144579478494221
0.6683136386866525,0.8072817672801452,0.5275549502148356
0.7635668781282698,0.7637450626761734,0.7243752691646448
0.9587564863213375,0.8246101952191955,0.9532799946547696
0.7061221769837022,1.064604659755875,0.699122829177053
0.5829711718858505,1.1680903164081553,0.5827601782836267
0.7219807812572336,1.16520324111288,0.966180943905993
0.7340066793039695,0.845291011576411,0.6697203301327139
1.0094486900181272,1.062197665780469,0.8263949868395757
0.7931970875070496,0.9625136009087917,0.7286187541417978
0.6388424407426924,1.1764371388508805,0.5933331292969657
0.6972754571390241,0.9951518534860228,0.7963924947897119
0.5708061752222869,1.0252393840589122,0.7803538890745214
0.8704813641655575,1.1429858212757171,0.9457052481485438
0.8267772425496176,0.8605405718420206,0.6218485546948902
0.8237731557874397,1.1154020424301305,0.6003451527463989
0.8940846796039869,1.1036029256898459,0.6062503845209211
0.7788370657676543,0.8071571157059855,0.594272649328967
0.9010434383340401,0.64903480232324,0.560881437300103
0.6844574520494905,0.7051301345750542,0.6410003588399065
0.685712149919222,1.06195121541733,0.7326822606253839
0.8762694589640125,1.110173986096418,0.8163631884514324
0.7772850261352225,0.9297886225270259,0.8095293467028533
0.7637827495468215,0.858642096335322,0.7890273199231814
0.6594973876965006,1.2021952562162617,0.8747313254751466
0.598595815052839,1.0345343085632819,0.7157869543330274
0.5279313327144992,1.1975246197297567,0.8779034273736239
0.6956521739130435,0.4864589706667588,0.41703391598018114
0.5585268403123043,1.0646459935155455,0.7261375025614665
0.7044058082694831,0.8529379727960289,0.7246134670968655
0.764675597587693,0.7949848220390183,0.6863838706730447
0.927536231884058,0.5211388453555577,0.5580227325923013
0.471319467362319,1.1516045501213663,0.5770450655621864
0.4991645775293666,1.2439280926837464,0.6430061618561865
0.6502203495881087,0.9488420776149092,0.673944341624311
0.6588459341510486,1.230878548269805,0.6699168334087884
0.8115942028985508,0.9263972985810737,0.6061641534341691
0.33229017991946364,0.4768078701995846,0.477327749109395
0.46042679782412366,0.4946239187981428,0.46657420183692944
0.4294116082948144,0.5344718935333251,0.47918496051872683
0.665144588735542,0.7110904427196507,0.5503272292027602
0.6931924593950133,0.4823964862564406,0.4481876352488695
0.6199634410915884,1.056816804064362,1.0
0.6327206901882022,1.1188748157733444,0.5475762157727088
0.5829711718858505,0.33954984333557847,0.3290399750932259
0.42238555771524655,0.7131618585282196,0.6624300244807115
0.9391419380549816,1.0997964809782994,1.1565467146868909
0.72,1.0563221650043553,0.8019908913714998
0.7982105134468586,0.7803204658289494,0.8376726325722372
0.5266353687968712,0.6142372785460193,0.9852429665974761
0.7446042630184251,1.1125879937561203,0.934701734618145
0.5063759352007564,0.8669739908725749,0.7263403450757704
0.6566277521107013,0.9507636502209715,0.9531227384838089
0.7768752178951887,0.8858018816954114,1.04206083132801
0.654995159336899,0.8672824126969005,0.5972021808621223
0.4382195380504291,0.9125799442177503,0.9121277375858731
0.8622222222222222,1.1196391383157047,0.8472527704403845
0.8741182063489392,0.8789648745442391,0.5728563536153012
0.6261885029906209,0.9684070471103811,0.9605201144299094
1.0041077202184092,0.690874545801582,0.8106467540805422
0.6925365679338796,0.783176755982006,0.7430669473929518
0.8852071957210296,0.6510163887876961,0.8434872821795334
0.654995159336899,0.8737506691131233,0.5374442154028847
0.9349399951367645,0.9242841509251976,0.7409030244464463
0.9625479692033619,0.7756870506734902,0.9216356995938142
0.8697139007581141,0.4891910989703252,0.9721148433346529
0.6987679619616454,0.5819637681318979,0.8610328025888919
0.9139337034176129,0.7308632175902461,0.9083668109064046
0.5660631193992647,0.8559769544689251,0.5942391465348484
0.9648996744429706,0.6582670546693877,0.6244824615743141
0.8697139007581141,0.8434101493040796,0.88306372551975
0.7184210695000265,0.6062490279260878,0.6201174148661792
0.7802560919399804,0.8630972041449845,0.5713448278260501
0.66840440580529,0.7557832900355936,0.9667316339883446
0.9007170649321653,0.8211759755729496,0.6847592217135512
0.9625479692033619,0.7718681484048322,0.5953235042628611
0.9854521406509339,0.7198365969925716,0.7215476616844365
1.0437175502664608,0.809579113869466,0.63421603451263
0.6957096902749077,0.8160029212740235,0.6776419124229115
0.9754928459302064,1.1788240244270503,0.4900867109798581
0.5866195002783704,0.9134450517588482,0.7832236536282067
0.8284278518703162,0.8953356957295401,0.8328536098421693
0.9285006684791455,1.1553456726902485,0.41627489225229464
0.9285006684791455,0.8116042523131722,0.9376163640202055
0.7854980104848208,1.149140021771658,0.7550142892390417
0.894590744661054,0.9139707655875869,0.7830792554920198
0.5660673540297784,0.5903065783252148,0.6797448886566786
0.4822535690068577,0.6550722431036775,0.6502735558708495
0.5513484149515288,1.049735531570607,0.7333219716605113
0.4355555555555556,0.3380110452148425,0.3859717540510146
0.6925365679338796,1.1565898506959202,0.9876052569929678
0.7439237443007582,1.1145127142678692,0.7405533952405119
0.8863415984543873,0.7919667120106695,0.5713448278260501
0.636303516273346,0.8316857882986275,0.49248478190690004
0.43495287576027253,0.5821487824587055,0.44953407792249755
0.671875320434101,0.5713805723884017,0.779136947850307
0.5230474330076089,0.6990959296431103,0.6946599605217281
0.6949169221670395,1.0228396236609176,0.8851454111550725
0.4738477803980198,0.785423499443569,0.4145470047456917
0.40932389132963776,0.9769700428511616,0.4624211683108532
0.31349662775741627,0.6833601032647874,0.5217092405314948
0.6643356359365143,0.8175180630944401,0.501299224481651
0.5126366754795532,0.7889205189739852,0.7337416481724937
0.6401362539671268,0.6297532244603014,0.8199139548701904
0.32469977834764285,0.676056338028169,0.4954428990680242
0.6987679619616454,0.8220934553965064,0.5790894749645269
0.6026402928804868,0.9109913756354611,0.9253346607053443
0.26421140052050707,1.188038344950563,0.6309300546173969
0.9705116087690205,0.9039241306113629,0.8996132728259761
0.9375476993612528,1.1575638063472315,0.7913542291996196
1.0018448269212687,1.0610969503647532,0.987484345641956
0.562119730480143,1.0726504005352209,1.1376721979384836
0.8529004698403007,0.9447421036004462,1.1778002548695135
0.8947597278883133,1.1818760028346915,1.0331563897058398
0.7250370360454693,0.8912571704151862,0.922075718790176
0.52302774943833,0.81504113348805,1.0506923606454663
0.7532253471828695,1.148683307262628,0.73224481791006
0.8168787992667386,1.0643583062167696,1.18099108771308
0.8686348158978077,1.1514939362160543,0.915512732257556
0.8170143053490506,0.8622913605775002,1.1811333651406906
0.9339415491868913,0.8371897337838983,1.0934012426690731
0.8785874298853855,0.7531911829507283,0.9843029165856967
0.8557500344355078,0.8130113798745776,0.9698280325811568
0.9015916135366716,0.9632970883036921,0.9660430744021402
0.9230487641753033,0.8190032674969822,0.6563571199274005
0.9054267512513079,0.8823230469437559,0.7457864593031145
0.9455585619441655,0.9239839461727735,0.9471713092007557
1.0195918548677532,0.8966880403889025,1.0542554381395333
1.1459600898399525,0.9493565000495391,1.035039488733457
0.8748913515657551,0.7358167253264694,0.9518904428088167
0.6934743637693362,1.035343069290067,0.7187234270543621
0.8885054577860998,0.9707462244469228,0.9765329142297886
1.1589117117051093,0.9492764299062375,0.88737714178673
1.1043344060076667,0.84153339311867,0.7774972805106427
1.0814224632522624,0.9767413905405569,0.9885881581130258
0.9405731627230859,0.9889923635552695,0.7460615403982157
0.855679234355907,0.7990612076008107,0.9069190127301645
0.8927668644354776,0.6503340544317346,0.7152070526218394
1.1480305491385507,0.9601963627221779,0.8058244338591867
1.115692119201799,1.0637214173982692,0.8707388776117531
0.7346044789211852,1.1008729311862315,0.7546440984939372
1.1543722361988975,0.8960661418624883,0.7016327666358844
0.6625066661051073,1.0637214173982692,0.9544300524278017
1.0101383177445413,0.6807785431028173,0.7772354154036689
1.1336289843188665,1.0463641413906708,0.6656936134482254
1.2920040768449303,1.0330229093341914,1.1907911411967398
0.8091364616338317,1.1227135184085963,0.72703945210939
0.982974869384825,0.7299954998874969,0.7640808694081103
1.0420518669944645,0.9787595275339103,1.0767151253224179
1.024277817174683,0.857548951563494,0.9919835654959352
0.4869565217391304,0.9215390595106879,0.8573367096862068
0.5240703985805817,0.9556951179483615,1.2256088415971593
0.7044058082694831,0.9400539626164625,0.8381127119142724
0.6962175896132037,0.9531645464557535,1.0222059153242475
0.6492753623188405,1.0589051154834448,1.1190092082498733
1.1480305491385507,0.9730625499457741,0.8472664095775291
0.7662768028470377,0.9651152070735738,1.2555231813748633
0.8282899897977988,0.8013216540404997,1.0
0.8701413555800765,0.8966219418795103,0.9026591767604897
0.7420289855072464,1.0504433272305318,0.9734336786544994
1.0121401785469188,0.713312999579844,0.904338027937678
0.6668721969175024,0.8813180436963894,0.6829009986437728
0.7013516077457964,0.9022445857944293,0.8089108730139933
0.8947597278883133,0.9901700613686069,0.988389460409777
0.47005970259138663,0.7875198976299493,0.8337387083037626
0.7630360279747552,0.8430633157685739,1.1805033341356475
0.7662768028470377,0.9205046438996589,1.0073526152135146
0.7289312617258028,0.9414796536261479,0.8253074983121682
1.1069656374601395,0.9781573985834741,0.9366752413138697
1.1130434782608696,0.9570380032327416,0.9618276120724252
0.9246265337118569,0.9066793645778606,0.9083918110096152
