d1,d2,d3
0.8158076426770516,0.6424845230945906,0.5071705072680086
0.6456367521216155,0.5173169497370882,0.6873946454217252
0.8042371832335272,0.25524044695978954,0.5225326597638967
0.5363555115823629,0.49452469987674896,0.6223208909219862
0.614839508380879,0.44363103909587864,0.6388548678832665
0.3929652744983676,0.33420787455409906,0.6465909463756292
0.7322424508041758,0.7779712028192328,0.6043403001871026
0.3583386225521512,0.6159684494320826,0.5011097359126228
0.6107505279192385,0.7010626055786109,0.6909809996916596
0.6880999107042155,0.7648611910408213,0.7044046289661772
0.8217776356822606,0.48344490025340425,0.5843040386332752
0.7114210423642432,0.28204103286347293,0.6384401069534963
0.385589602143805,0.3017002658019906,0.5784497805448288
0.6205855671651559,0.36393168030515755,0.5843154826503052
0.4865286737379494,0.5933281592115756,0.6140816539443631
0.9875447169417286,0.8396420629502634,0.6175827332541987
0.6248810487202646,0.5410497659707948,0.9226061162443415
0.6921856721374877,0.6077962806344004,0.8965435905326065
0.7573551280939609,0.5064251565336231,0.9457103285969363
0.5547656733219439,0.7071277300066692,0.6541427680669627
0.4913346504297903,0.6019543583020552,0.7525507033524554
0.8164986247988409,0.6213273057406118,1.0
0.3795993027311907,0.874377556186428,0.875565796632349
1.123473170937156,0.909997152926133,0.8941487751950074
1.0928721811677373,0.7595592516566142,0.9563564219528016
0.5418102050473431,0.5322852219677019,0.6496754751273146
0.9296208866727118,0.784273978652317,0.8143366699828303
0.7458760276022325,0.7760875245749932,0.5261208977927261
0.6314388981212782,0.7623645896855982,0.603474207140928
0.4083292763926343,0.9637112630698789,0.7006578299553752
0.3921693261451692,0.805005606008242,1.030556616567607
0.4193107499905022,0.7679522595538715,0.6724307900586697
0.4605570868795309,0.8169484952174898,0.5954800825220548
0.640940874759552,0.7877850529833142,0.796333730228295
0.601589208833429,0.6168840097089665,0.5554093807630999
0.754834116400501,0.5384336686229492,0.5669872981077807
0.6362717051577664,0.7620841011548353,0.9300594242448122
0.7365780478566735,0.6455026455026456,0.6877316526810199
0.7569050530907722,0.7338880864094531,1.0115493154779207
0.7569412454800988,0.8414670682829183,0.819047619047619
0.5871802232605288,0.5489482714951333,1.0509647191437625
0.837951804171848,0.522468473095306,1.0202575300852679
1.0517007763000183,0.6861714775423606,1.0129261122388247
0.6474426639653972,0.4077799077360179,0.636303516273346
0.7720981110078108,0.720058315110494,0.7060276321039344
0.8851455874396791,0.768243736076393,0.6982997950187586
0.4343852430339167,0.7160493827160495,0.6529570540541183
0.6224707193895669,0.4852137056182868,0.7415817916339247
0.7351257733039767,0.5218234336013227,1.0599982164885628
0.5625984998508458,0.6699404511335196,0.7896449812527515
0.6075949367088608,0.6077296816427245,0.6629107490108384
0.5621054816743412,0.7322132025199646,0.7669357525788636
0.46042679782412366,0.6949169221670395,0.6523666603640167
0.5401523483762682,0.6189682622337278,0.7171867150562805
0.7252226244653075,0.7365079365079366,0.6034600634376595
0.6370397666456604,0.5995585284737881,0.8247480148104278
0.4277074201140808,0.43160143994119493,0.5501804531093211
0.6997218358234125,0.38591988429747004,0.47821328982420463
0.6020585067605508,0.43956043956043955,0.5899719545224315
0.4,0.4007752932975768,0.7562020845803146
0.6386683259637421,0.23495930211818494,0.6446811272422026
0.3952787503327896,0.4717883254131756,0.9931295407854884
0.6123009427323672,0.5846932528614246,1.038662233651353
0.5362683729315265,0.7348025823472817,0.9330350469817574
0.6718612031045228,0.3310683612913382,0.9578160447039539
0.4865286737379494,0.4857346361372715,0.8588770452789315
0.5849342333808776,0.6790166623790216,0.745144645510978
0.8852071957210296,0.7318503636776976,0.5706816411216884
0.6885489385658955,0.609568294454111,0.6392092992175018
0.46880207072506674,0.589109298193341,0.7789104007093296
0.6072077975752137,0.5418515004975104,0.4790395536568789
0.738553197801643,0.5700295976743159,0.5297334330370917
0.705625472060439,0.5599954887166652,0.877748427169092
0.9461618097941834,0.5599137705766479,1.0833876398450166
0.5904030633314366,0.6186149643017631,0.8435324019872743
0.768243736076393,0.6107505279192385,1.1774175796776984
0.738553197801643,0.45505073908693383,0.6234812043616729
0.723590672367743,0.3678604587589861,0.8476682483759929
0.7087979760721976,0.5486177052626662,0.8067989782353324
0.7503736441390325,0.568898463117717,0.5738154787543601
0.33347101158179726,0.389803456414632,0.5330507832935711
0.6312666925240982,0.29562393183798696,0.3757784770992676
0.6336032541868504,0.7436437483111668,0.6971034966423486
0.47740493608117396,0.3338654833744892,0.40480416302602074
0.4626021940136792,0.6198818172363958,0.9318329110554582
0.8062931732667911,0.6688368286267661,0.8538675668396825
0.5269276386893817,0.5363995544282465,0.7363450011798613
0.7312854430027222,0.7701793200592707,0.7249598653885662
0.5570384696307094,0.5058104333300657,0.8744419317649762
0.7532430079217565,0.3724649574556611,0.6038073349736952
0.7372929326006272,0.41063242505299413,0.5670290247257131
0.7294654150301702,0.5952296832919617,0.8417150376956815
0.4700293982081878,0.3318470109916335,0.6149726270602038
0.31197878836557524,0.3104165640119294,0.6815077768139897
0.5751289712845711,0.40846534788730526,0.5361970323314966
0.4250110915000541,0.5471531524993634,0.5913260390498697
0.4471837677686691,0.2340257210422435,0.4318550915089352
0.4303928589931574,0.635577225819178,0.8558992459339495
0.6059447968804497,0.8502481075558046,0.829284160089472
0.372195549059114,0.7728900104169325,0.6303893645227137
0.6923023055847519,0.5950715365544008,0.7112873092826585
0.4471837677686691,0.5849798614529529,0.7592419685477436
0.510194633500046,0.23638253999997594,0.6584367680110464
0.7072299781154401,0.4122461863547413,0.5382330177711883
0.32562005663181914,0.33568101246204296,0.3615096202392598
0.8983815398583845,0.5647058823529412,0.6380828647173191
0.7828054114883328,0.5275046712255143,0.42150533085581643
0.5821445529813275,0.3628583736529565,0.5678257671036817
0.7183579626245861,0.4420077855782293,0.6778324780289533
0.5771099683889689,0.5604736055809303,0.577896371837063
0.6319104452717424,0.34336216133907327,0.6252276172884679
0.5687383568610993,0.5637574400689964,0.8723048287942334
0.8796141469142308,0.5690965892910409,0.7386978662143947
0.7952724084521753,0.6435468845283973,0.6354147615710548
0.4576738554533595,0.4294638153907214,0.8051789321414025
0.5453011382768583,0.42330418046916385,0.6727791511961156
0.5771099683889689,0.17942321408563133,0.47719437523666364
0.7184210695000265,0.3013892063543411,0.8270468897311407
0.5658119723970225,0.24259581052549073,0.5095650461678081
0.5878106517764589,0.2868332515144085,0.6961051848050699
0.8478557002516492,0.5247545251206547,0.46652105297433366
0.6137818130983471,0.49585536858089163,0.31757217347912003
0.40373663607554355,0.428046947640235,0.5188734500807078
0.7486493841975861,0.4095252411740097,0.4467892313351586
0.44225738181535457,0.4557558846921579,0.6311966693864677
0.5869305749731546,0.23701005999394442,0.5839943138663751
0.49755323081336866,0.5662893913043604,0.8558992459339495
0.7383568611159808,0.6975802848238566,0.8719631200671041
0.60188770173161,0.7440136522411638,0.7782336187136282
0.7002379576969846,0.45134355851317765,0.6367808084523768
0.41961131420278686,0.5674613239072142,0.8239836240643168
0.5679458591527395,0.1690924052448639,0.3416244948618722
0.7960081595104327,0.46100456186999494,0.7944736553085636
0.35650764451506944,0.32008894078432004,0.5111923466300561
0.35007654783444553,0.3459581113046858,0.6557377049180328
0.5259725494888583,0.22059742119787362,0.3838462921277106
0.7689389101549762,0.656147783373659,0.921723867616993
0.6657720106179011,0.5712884853981275,0.8443064548238909
0.5105421962042067,0.4642687674174585,0.6734838275518279
0.6565968152957038,0.4098272540662349,0.8475319244063094
0.6959132351550517,0.673102574493555,1.0173596112416459
0.40373026185925076,0.36448280197574456,0.4769706524405767
0.4934485650962731,0.7607772698450782,0.7930639569140265
0.9898616822554588,0.7536231884057971,0.6035764553348446
0.5780449655233957,0.7362478106416852,0.9570858924577126
0.8873421522296105,0.7359364956571854,0.7891398954555342
0.6663077612239844,0.6470607530952026,0.6394231604441987
0.5644162557626415,0.6138375859939562,0.7212471040472587
0.8284278518703162,0.6018267448074435,0.7753169009476416
0.5977824902950768,0.4650441077816989,0.49356213074931354
0.5283169536184691,0.5792684926567846,0.6859420909190196
0.635067500871175,0.5865068281075645,0.7135190889940168
0.5729279742926641,0.5100331746371011,0.6859420909190196
0.8582920632222993,0.8362839508472167,1.078733729501811
0.8229922203894957,0.3889831968068651,0.5732035970610563
0.6128892774689041,0.48198867961521186,0.9383485200714893
0.45112217589465,0.7478677049833198,0.6296007500066929
0.45414362358449145,0.6241888447426747,0.7106715435513546
0.6366720031802447,0.4668466572392671,0.9206996360938878
0.6295607356793322,0.6765496797366933,0.9704281565145914
0.9538793269682836,0.7019974220272258,1.0
0.6061858353487524,0.9559079720824623,0.6904189026434981
0.9085816455576272,0.31726693886836765,0.7377347358435189
0.7959390702793155,0.7389928222039146,0.8413516227745336
0.8130628847892094,0.4116913116277461,0.5045985875037526
0.31086986667700756,0.5480689346390474,0.7698806775806724
0.5636007827788649,0.6635738293104414,0.7051453799933822
0.5931426787944033,0.517194678520885,0.6851354345920605
0.7701357500925414,0.41717086501609146,0.798285786701783
0.6196610678443701,0.39215032622836365,0.7608923225097602
0.8730971493444359,0.6632328590388974,0.987630837736709
0.570831351756806,0.5260588863608615,0.5902260534402703
0.6372012552540067,0.5027177121797519,0.5515650222793331
0.3575807971417422,0.5232867123383351,0.5678257671036817
0.5197798970161926,0.39431170784333447,0.44974927663352204
0.4558124664901475,0.46415863680934843,0.6185810588889123
0.5427750140516527,0.33327939919955074,0.5476048584097039
0.7157364322289842,0.37483690603587483,0.7484792082310658
0.9009552712051432,0.47397146669405743,0.9128992887381315
0.5419750538236534,0.588251989876017,0.6354147615710548
0.6661863747495289,0.40866432172682776,0.8051789321414025
0.6377828033396211,0.7688687958018565,0.8709696968438942
0.5271813233438987,0.2578185715826774,0.8408852446372455
0.7410828922041306,0.43565715946629613,0.6527319439483534
0.5633997981270771,0.4333055221596146,0.3950108963675881
0.4879961505870488,0.45729592778063155,0.6068883583258244
0.522615018986796,0.28144411803098346,0.6827880512091038
0.5364206476866397,0.24516890469096742,0.7407135980446927
0.48933549942000343,0.5192212329999449,0.8171054070978752
0.7875368001580962,0.4525191690353423,0.6436784854911736
0.6577301095888055,0.7956386505780771,0.6537052395289176
0.21747452467275652,0.35624103766893855,0.3803518557024609
0.5364801125764649,0.4248050604749929,0.45703705041011655
0.5887901641142183,0.6639586729668028,0.4346073118125706
0.24221553979011068,0.7011799305894747,0.4928212875236926
0.49561034395681347,0.45007653894278565,0.39799822981570177
0.3934274878847306,0.5268651085259932,1.0842781332156672
0.5022526795763274,0.88558575703135,0.9001558847401364
0.39041361715247713,0.9634699388018222,0.7550086360053004
0.7484247038933145,0.42796707759771657,0.8420386516624716
0.3908021037400474,0.9080344339527056,0.8189602642848754
0.24221553979011068,0.3612187387026612,0.5280909762992634
0.714374509358925,0.67782206769834,0.6706119172843676
0.5183626607931103,0.6436519546933113,0.388568388967245
0.31781578538972466,0.5111084285711236,0.4598874498542147
0.5630097804556706,0.41946908704037833,0.3950501740750939
0.31542818002018713,0.4243169377946625,0.5110223658443482
0.4366583198274552,0.8052950602112448,0.8274535045970197
0.68320110843611,0.18962437191598025,0.7410819022232351
0.48683356924194987,0.4289051965690839,0.3428712133484174
0.9247505572880655,0.809849061989206,0.5510889453346784
0.27278102675789284,0.3567754590019776,0.39000079938069676
0.5484453702502663,0.4685507317655244,0.7561785574700111
0.577632989863098,0.5466519163794609,0.6958318352863844
0.2963541084557084,0.5805516519774236,0.4390434023565225
0.379746835443038,0.5102953772251261,0.8442866379699808
0.6594153746355986,0.5735163876081073,0.7551010000105381
0.6950238422484176,0.7889509558254391,0.8425001538083685
0.5527509141741788,0.8836102825773215,0.5680702516687002
0.7111314770019899,0.6617320227036001,0.8367459002949521
0.4810126582278481,0.5802761887058048,0.7629478720846707
0.6006334129072939,0.48234722366732763,0.6118073893385455
0.8741182063489392,0.7133191265502428,0.8694854417793842
0.6466261948739367,0.5241175516073071,0.9115328813499329
0.41883421739783155,0.5500050887933312,0.8033835582611968
0.5886057917743004,0.4718029499700168,0.5755885893544772
0.5764731211750067,0.5892955230608805,0.44039935812802156
0.5459597406818149,0.6866241465286822,1.1082885601808887
0.6466261948739367,0.5049894657977761,0.6221455290821534
0.5071470930686647,0.4983036383289693,0.740208772877589
0.35149901365876013,0.44993327215010126,0.5724647958433062
0.4951892150371424,0.5466531834290644,0.932167347448208
0.530980426671638,0.24755465399481713,0.5485844387514989
0.4932088394943217,0.1877009783107677,0.6079568355735901
0.6294350136008064,0.3655165394400014,0.7363966924099432
0.4178182635725405,0.7337952283322701,0.5830245142856267
0.612493444758767,0.21352685198169552,0.5239382473861152
0.815354370357077,0.6111381040902994,0.696230111914094
0.6474426639653972,0.8762694589640125,0.6961051294409655
0.5477024049231938,0.8123533437397996,0.9342048305040231
0.5019607843137255,0.6629317228302574,0.9917105878116335
0.7252226244653075,0.6629317228302574,0.7821092732017183
0.5024992434165346,0.4152799481113738,0.6343044539675922
0.6820088471745857,0.6063890531695177,0.574745068090982
0.465341139170365,0.3765496402586703,0.5024815773683208
0.31359745091983127,0.3790177321211057,0.6060387705783505
0.6505009290699428,0.42774254301701586,0.6749219520566105
0.6071080028067273,0.31550150357580786,0.7227680237403207
0.5950407093658974,0.36484988934859774,0.647057377560827
0.6426373417252699,0.43325006995767124,0.6733945703588095
0.4546609092442798,0.3529212249319639,0.6352177629948226
0.3984069006144476,0.4961763279938357,0.6614957852992815
0.48567311758890885,0.5595571505017233,0.9596152601553191
0.7556926523164381,0.6862293634134944,0.7542819532664196
0.539260700879135,0.516328043241126,0.4991619925790183
0.7045315798573606,0.5083818460715896,0.5266189316688492
0.5584043165537885,0.46814843122568495,0.9219279941641173
0.30993444065764575,0.5599258182868445,0.7562912816620231
0.6784793514777623,0.5003877809786204,0.8505439023349473
0.5666527961638117,0.6832944081997611,0.9470187057173982
0.6594973876965006,0.8620122156023315,0.850928801500014
0.428562098896882,0.9601392692614035,0.8709005551264194
0.7187795040892975,0.8058854603448364,0.5445799659573511
0.6784793514777623,0.7097968259446756,0.5053343226636986
0.5169541084603521,0.4549347276536523,0.6887750226169416
0.4729537233052701,0.6674499890316181,0.9067697844116364
0.6929827013719227,0.4956649413352072,0.7549284593020641
0.43422105013899637,0.5247295675021535,0.6946142216992703
0.9214325798681614,0.5283573450051897,0.435186977316654
0.5636231376221712,0.5057532979626203,0.6182677771240879
0.7419537551906541,0.7919231822574841,0.9778392501561822
0.3317858794565379,0.618833414355463,0.7519305308215831
0.7198952311674285,0.4332532155345613,0.6299500885867733
0.5008481770313953,0.5185720001826399,0.5758093651386799
0.4947532666079121,0.3321227045486733,0.6830376737227755
0.514255507063332,0.5025977661941423,0.7621646439957748
0.8341941886350497,1.027031673440785,0.9458742175612264
0.7146142688131598,0.9482793099138381,0.6374193548387097
0.6852131984144012,0.9044906120804018,0.6344905188537416
0.6059051232205164,0.7205122972549304,0.9701308537347062
0.667742615519008,0.6160066497673293,0.607668821445849
0.6453187955187284,0.7451097182058932,0.7701264577755456
0.6952617702634877,0.7783687654862322,0.9594603466041789
0.9303996560187833,0.7193881204596968,0.875565796632349
0.7611994661219426,0.7751711016644948,0.8203946979732251
0.8954858198508288,0.6787489531267972,1.2760633215428665
0.9123728788928623,0.8011303043165887,0.749303254345043
0.8683508476584749,0.6672765443511076,0.795536569595146
0.6903738414770596,0.5483003332461398,0.6822265923710382
0.6538177471947002,0.6184409039932488,0.9534038256771433
0.5280631454697864,0.825455125160735,0.7902264657776283
0.721634429023635,0.6962911984005921,0.7981365206030835
0.6052903162886365,0.6154560309309323,1.0026553611926883
0.5401641877622024,0.5781997533953933,0.958378953269753
0.5488145994243723,0.65038401656063,0.7641691034973491
0.688769110034913,0.6094582827005763,0.7981365206030835
0.5184663408818334,0.71767766384855,0.5760302170595786
0.6202824752024033,0.922898529088499,0.6692775418329079
0.5238798459871088,0.7197485454779319,0.6951172387379233
0.6820370891837453,0.6935369356711579,0.721756662543899
0.638204132221206,0.8525794076003632,0.6250883776317315
0.5877545236912474,0.3633536497550143,0.4467310539785755
0.9638230909193556,0.5954842918995813,0.566634848309166
0.4967460110106663,0.64134839337263,0.5043042407743579
0.5352991888818994,0.552578837970404,0.6504306485101174
0.8429657118069286,0.3794866630116732,0.789126993131285
0.6325195585575407,0.7364005981434141,0.9530619304344436
0.7442426190521374,0.7316590718582066,0.8239098187348752
0.7939759087707061,1.198516666794186,0.6441700025572558
0.8066488025951215,0.644563777383937,0.8270828746887295
0.8429657118069286,0.8514191686132635,0.7203595823670341
0.5352991888818994,0.49657159803681106,0.6221537948861352
0.3702425484702555,0.668763123522519,0.5099300234550201
0.8372193049184058,0.6663824949753856,0.4740923042150066
0.7388921664609807,0.6167764959146105,0.6054443455699183
0.780226169272523,0.5695318701930604,0.6261464866609221
0.7464326622966624,0.5881660525158396,0.6054443455699183
0.829312387099719,0.48731611289982557,0.6400612973985834
0.4181057911451057,0.3796309538804078,0.6434780079309819
0.8147215264095753,0.507012605997259,0.580133746557651
0.480404305951888,0.44432883375762666,0.5978216238938918
0.7002072679950455,0.4618390832377566,0.7191914632907241
0.6371354240483786,0.5194622453075431,0.588619559399957
0.49925517611027126,0.5301644729939747,0.6850003076167369
0.4807758495642368,0.7106871623347116,0.5891567232514174
0.6407810719770484,0.7181990690116827,0.7255494001129912
0.8634387146135831,0.4692578377419465,1.0860619242947172
0.8306870613728643,0.6916867920108963,1.0406719189254976
0.7572170867043965,0.5020647025570888,0.6310718410019542
0.745015936006015,0.5296765065599259,0.8923139854112428
0.7504114818619952,0.5665924964740596,1.0142677308076649
0.8430148714464933,0.6558184268890281,0.7906060290741608
0.8334760396414311,0.5829711718858505,0.897536896084288
0.9652223015080993,0.7628291754873715,0.7337930471751659
0.7721694775699516,0.5020449983447606,1.1006167706358307
0.8302798076661568,0.7848342585440324,0.9927141745674275
0.8050121863575409,0.4496504607209929,0.8989829621620811
0.9618142557431405,0.7361775734944569,0.8430011260264114
0.5956802889913604,0.7556611112873896,0.9859626412334112
0.6310718410019543,0.5383097415616807,0.9278451912651567
0.880459712098336,0.5929542107946528,1.103748582288953
0.6659644703949597,0.5446563012854528,0.9803214157995882
0.6418985758256208,0.652475976571542,0.881951650712361
0.7212941797901611,0.5991351997339438,0.9744236632684489
0.7611522847333355,0.3896586559216304,0.9431056161641225
0.6538519142561768,0.5523669887501215,1.0728911579453615
0.6905102375088741,0.6166077049176597,0.981844836504578
0.5054410610664802,0.6142959610869977,0.924101096477491
0.6739643997990017,0.5745788931273033,1.1832915724329256
0.4372350454505578,0.6318183808137064,1.0159373933879106
0.703503666732183,0.6076469871410347,0.47224966366097754
0.5683696186554007,0.5739708252307992,0.7792784427466153
0.5921493070279324,0.3296207744624001,0.46309592457013304
0.6279339511555277,0.2455639503666155,0.530677816488135
0.533311093550649,0.4954302097372745,0.561038961038961
0.3848458008275353,0.7139845055058925,0.6525132785652553
0.640940874759552,0.27442727123722477,0.490615198037721
0.3902774079937008,0.52096108739047,0.9682722699592485
0.6614375893149776,0.736474376300417,0.8412960798283692
0.5015673981191222,0.6598668968800108,0.8511049045721226
0.7720981110078108,0.6300405950797761,0.8225108225108225
0.4393638219929846,0.5903666642572318,0.7695993253965847
0.4605570868795309,0.3488512762531307,0.43166707501145096
0.4362018636444479,0.5378665304057847,0.7531042073016643
0.44766944203001113,0.36597144531447645,0.5444987493984554
0.4850592705765767,0.3792601521804153,0.41834129465450554
0.536669134918081,0.2776027036522247,0.36888341432059635
0.4353570671618259,0.4023046363531897,0.3777013851107155
0.5780449655233957,0.4673418244370131,0.7036162166892475
0.3684112453706406,0.4741621378620118,0.8074276032417447
0.5419750538236534,0.42448561303487287,0.7421104711494839
0.39041361715247713,0.3888412263714385,0.38944720219381646
0.6535394405574624,0.5307173002825973,0.5571049065418079
0.6599002579655022,0.31388297554837685,0.649583939309959
0.5199921630733808,0.6364773573360375,0.4854345069907734
0.6947506219123962,0.8491048487457074,0.7074798485589
0.4150810283490163,0.44547483671478205,0.6174863591599168
0.6472547724392927,0.556316933189463,1.0213429513469945
0.6035503649762234,0.6018489875018485,0.633705162803496
0.2362071606875058,0.2977911514113414,0.5022631865293958
0.40133816726390736,0.41613345108792354,0.5236694883775332
0.44534412955465585,0.43076135799376014,0.43263348538641977
0.2794032419718082,0.7018586200051791,0.5329006335030863
0.4630927837242771,0.2911694362720183,0.7400713379759625
0.5222147367623353,0.5950248629302526,0.8222953366722723
0.588708911971449,0.664300969273377,0.875
0.3266854708478829,0.8964516364736753,0.7594373878376559
0.6055275951234391,0.5319726021112381,0.8545214065093384
0.4630927837242771,0.7815872143185778,0.936793938248003
0.2794032419718082,0.35066747871650017,0.45872872888105864
0.7426154363307025,0.5968545792335236,0.7081432605424418
0.46801072432866075,0.4766114171779363,0.5616027005190473
0.27050446013011253,0.3140913569472872,0.6585683201789441
0.49794245511339263,0.3284405669022593,0.7386978662143947
0.3997155881424703,0.389787521415906,0.5732104002236801
0.3534120215928117,0.558091106444615,0.9504470569168556
0.648155240958109,0.4245369400150164,0.5192598299381348
0.29813984948520456,0.371565591911604,0.4773957324287894
0.10719305902276222,0.3514368977975486,0.5507014813306139
0.27696494874869315,0.5137366991938854,0.6062503845209211
0.2230088994855619,0.44623063095747995,0.5441576941614482
0.5064518832071754,0.7446101060890193,0.7391254026250246
0.4879126451428266,0.9605060155870275,0.9170438644215659
0.5559523626564702,0.39959128077307093,0.3836843655720633
0.6104181158744966,0.49518329004696826,0.590147584337152
0.4406858144080298,0.3227444001854851,0.6825921596567384
0.8831773427937839,0.5252455480201672,0.6489010961971367
0.4444666472867661,0.198327529269264,0.5683490059722307
0.6054334842593048,0.1916173081780833,0.5361831714780412
0.581380977882042,0.2569151019847654,0.5697177006396184
0.5768216650775944,0.5346169668633982,0.7015189971021454
0.6659237343090583,0.21864240674059598,0.6542472205634384
0.8741075918251328,0.4099365265705107,1.064888568452305
0.6236544650455158,0.7774333668219756,1.1825741858350554
0.5664439095255586,0.7576642994515673,0.7891814893221081
0.4348670884559963,0.6638292437694115,0.9601590463555202
0.6659237343090583,0.6019119072865003,0.9826903071036834
0.5768216650775944,0.31429617519057496,0.745885870067424
0.8847476090395663,0.5296318786729097,0.7031236061584907
0.7398643248133911,0.35467383395315755,0.619809857381146
0.39116892674566817,0.27834323388877047,0.7662377088939079
0.8095170837883693,0.3332870692413178,0.5467832688377388
0.7321240704426819,0.32518876192195323,0.579227876009034
0.9292284321391275,0.3817593522832655,0.9728587352825923
0.822283548634891,0.502953325093507,0.7366877645582467
0.7265160937876259,0.28950409928528753,0.45136922017199943
0.5898305084745763,0.4727997475878979,0.480474695461256
0.49561034395681347,0.4753462851886363,0.6118020164676217
0.4348670884559963,0.19771781975746494,0.8335499242847042
0.5483864458855481,0.47130511784384144,0.591751709536137
0.7905436550024119,0.7407837043244669,0.7500967929312915
0.8891857524541942,0.4424664033704885,0.6624300244807115
0.8501747091556586,0.5210420174340233,1.0
0.9837008988543443,0.28244880376171866,0.7174914196118706
0.4702431843993983,0.35249897791384377,0.6804951747886532
0.9084169603127394,0.5656818976611602,0.8473322686943309
0.6323479354289083,0.5089613643472266,0.713519595858338
0.9644726637131714,0.6272675067114678,0.9243697478991597
0.8594470423793668,0.6865063956335874,1.0207887678602572
0.47726391740363594,0.6547003778321647,0.6168164396176579
0.6962438389121788,0.4929379462188126,0.8319694929444422
0.5156073632749226,0.9176569435090031,0.9529743593330029
0.5598704890826975,0.6417787297815847,0.8941487751950074
0.8653281921612157,0.7987890908536166,0.7861036840267507
0.6587844300123683,0.5564223477188702,0.8960561606987144
0.4311475528718983,0.6878527632095753,0.7967779138092028
0.47726391740363594,0.4463836348422926,0.7360373113228329
0.7507351281270387,0.7889682181389126,0.7517495178102076
0.754617297587147,0.5569130311127354,0.8404831868394187
0.7588038984967239,0.5756706448263921,0.6137434740084555
0.49930882221579675,0.43817566578186784,0.5747405548300228
0.5095170490197227,0.5299963824252383,0.7763778007417375
0.5679994071377559,0.7656083046719011,0.8544445978243088
0.6851283907091709,0.6606537638551229,0.8502749773164738
0.6968800022097268,0.5495129589565813,0.8513320638836666
0.4826987610892083,0.5681729990395695,0.6234928451748983
0.5084673029669802,0.49844563495980787,0.7936895486284709
0.7571528826214152,0.6148831460951829,0.8612770341260396
0.5390772307676837,0.5729129613611452,0.5739570385019642
0.7141696121421666,0.9143708773952592,0.8123059421140836
0.5494637068071739,0.6305205991910974,0.7064300585320157
0.5426345121779341,0.5227864277681666,0.7641028702321141
0.42558351350396073,0.5910800168154171,0.5873744561070179
0.5408603384392648,0.5225298666181831,0.7882975503900147
0.9685618031601176,0.5698619679779986,0.8260686893042655
0.7980146537732287,0.6225299215424898,0.7930892354272085
0.6421620925316616,0.29401090033050703,0.5046245493020678
0.43000481162738535,0.4305380373578943,0.5496134173984595
0.577632989863098,0.4724704162099529,0.6183562394322184
0.44849376068150115,0.4758196509345449,0.5294055483996349
0.379746835443038,0.18819792915164157,0.8158531093720519
0.5178737121464969,0.6360836006632149,0.9826180248705919
0.9765402955575706,0.5502959356281458,0.9217489296953261
0.6535394405574624,0.7901507749651993,0.6724574953403464
0.7111314770019899,0.3860274571413622,0.9103521367793802
0.6835443037974683,0.6144823568096925,0.8061808985867596
0.6767032390201904,0.2174011669048752,0.5030844288807121
0.6417210488392885,0.44977069000462944,0.5754559923222871
0.3280920606757951,0.3446693860961796,0.6151401316500096
0.41883421739783155,0.2907908435763633,0.7169626032665313
0.41538717778453216,0.2346707583567912,0.6792349948721066
0.325494230019455,0.23339171589111796,0.556658236975009
0.45843390756023694,0.45804894806468854,0.9694641296901042
0.4873591277748659,0.27327925749105275,0.5800480717888038
0.5071470930686647,0.32046067052317684,0.720129338155344
0.4563072538755262,0.3180627606139176,0.5326903874530547
0.40506329113924056,0.4826799263217779,0.4615720284634772
0.48567311758890885,0.35027116095651767,0.788208494338023
0.5866163090428371,0.5730495528271334,0.6325531037219314
0.6202824752024033,0.5436441882033193,0.5606129294792297
0.6240694312953745,0.2900685586895857,0.3954356188621052
0.6905102375088741,0.3916986100297358,0.7444311094029263
0.45196238779089504,0.24013588753565873,0.5866884228140254
0.39150515488751403,0.22286700851355223,0.5696191133242935
0.8100350646071115,0.2871364681730717,0.5499712982746783
0.5968327316470736,0.4123833158385821,0.7297680504390757
0.5683696186554007,0.6862293634134944,0.7293497350288225
0.5921493070279324,0.6609776004026584,0.5772352624694035
0.3921693261451692,0.5394723222093547,0.7924091968702269
0.533311093550649,0.4417210240816196,0.5684240375500191
0.3848458008275353,0.4504773171353861,0.5140178256164618
0.4393638219929846,0.3876005428221183,0.3938257484259907
0.5311519418868529,0.37786874158692785,0.7283938929454966
0.6614375893149776,0.5991783405591538,0.8158538625651344
0.5015673981191222,0.5216712311368414,0.8405247669726258
0.6599002579655022,0.619907458280009,1.0200919908030717
0.5401523483762682,0.5796122244992965,0.8262856543985599
0.4605570868795309,0.26994287764519487,0.8697131318555331
0.7446042630184251,0.40140998025691277,0.5059364082446036
0.44766944203001113,0.28007132847086835,0.5469075369597405
0.372195549059114,0.5247295675021535,0.6439797969782979
0.45046804374004945,0.3389109229152242,0.7918906073815342
0.4353570671618259,0.301677240347186,0.7571517820447993
0.49093166808306443,0.44147801553324695,0.6892943265587488
0.6061858353487524,0.6539842234062561,0.6353391421078205
0.35285507604761346,0.26912744989751125,0.40694837826067254
0.2860993698202806,0.5476942988483404,0.5022015362781513
0.45196238779089504,0.45583948286671927,0.7933537082002327
0.4355045518808852,0.5325166975508855,0.4103102607055068
0.6114222272498797,0.4131082423038729,0.9505884062681946
0.5618529334933033,0.4886947830127152,0.7628392935803971
0.5666389805176922,0.5934686282116287,0.7130270085264242
0.5677628901720913,0.6376042422936288,0.946225673275353
0.4012539184952978,0.4737819088710472,0.6087541427256395
0.21268512728773614,0.5795095686112137,0.668536952617242
0.7750724041899515,0.38850787691889654,0.8184502119690598
0.5135324492354116,0.604994616845754,0.7631710555843434
0.45196238779089504,0.4336371619135444,0.8260036894129961
0.6506819019948795,0.5639924751291446,0.7666533113751418
0.7498350518772658,0.35744677913256073,0.5738154787543601
0.33963038552042757,0.374116534533636,0.6722654565973512
0.6861005306835348,0.510491200972172,0.5288442911438916
0.4920024088685905,0.7268621964853866,0.5947159462115932
0.5597946153685152,0.3737294761532447,0.6652659310009587
0.641083403192715,0.6835652635631426,0.8798960813834265
0.7989959496232485,0.8892217728214601,0.9269337834198412
0.4824979573368723,0.8585233686555428,0.9472690002359723
0.669757727738407,0.5204057019207717,0.7887372879071595
0.5597946153685152,0.8917045133369484,0.9575700321136816
0.6453601722290161,0.4753169160120885,0.7394026855709332
0.7608617750596841,0.7892301949383902,0.8229274375527322
0.2700344837871025,0.5456620989169593,0.44844844844844844
0.27844256752343677,0.3889418673483066,0.6608750730208522
0.6617018543563136,0.479942831780546,0.7004886291681748
0.35435261803992835,0.31434649396241976,0.6234543914231532
0.517510717888024,0.4849784175032792,0.8845919064710231
0.5911189720182052,0.4415048164499087,0.6727215042538229
0.3804976949325114,0.39244231940709917,0.4713803295677348
0.527888222171254,0.4646119608209499,0.6074253414621908
0.6235924971991652,0.6663833655701823,0.7389141132522412
0.3288624789522465,0.1936161393736372,0.3692548867891263
0.5138576287293047,0.6537079328476152,0.7549284593020641
0.716086287558547,0.7323297040769408,1.0625070631160272
1.0119917869993733,0.7217783199076385,0.7828821439419752
0.4616041263923679,0.4267836243689176,1.0308821892864954
0.4824979573368723,0.45036925935172156,0.7184371744491647
0.3902412607530734,0.4147760577186631,0.4885364839388885
0.6269326510863755,0.36098570972418964,0.7398699024186788
0.6965953342510478,0.6245961636918227,0.9332929690419387
0.41943927534108527,0.40158590206035294,0.9238856527775785
0.4824979573368723,0.6537079328476152,0.45003253372618834
0.6636391415588307,0.5259031724873229,0.5356577611831527
0.46002203842832856,0.25627307570247293,0.34838709677419355
0.6604404128699348,0.30682737144648775,0.6344905188537416
0.574084512993646,0.3506688051707595,0.709454668146688
0.3003970860374322,0.6846011417418003,0.41392502956725585
0.764293844632859,0.2751195770990632,0.47440974014006654
0.7006806860781689,0.6778404738256896,0.8415268094526993
0.4353067914363288,0.76081756338253,0.7511315932646979
0.6366635300317394,0.9637261874944995,0.6767104563518052
0.5872184921973336,0.5853557855686353,0.9864231153339574
0.4883451749347426,0.7828054114883328,0.6863832868081126
0.43859025422756903,0.32661950165856546,0.5261259318852207
0.5558239859065026,0.6887284912602665,0.5992163960924523
0.6405923744715363,0.4955033307959106,0.6624618591734532
0.4270452226910526,0.3409483855790093,0.6202833494455804
0.6558190925536755,0.4397037493031998,0.5380171377560501
0.48468848005375287,0.4506019536978295,0.5777975703625684
0.93291982398735,0.6332535971865461,0.7610643613633968
0.4235915439637845,0.44821184598451935,0.7273564757505939
0.49569300131659144,0.3839036076015495,0.49466390728154463
0.4436716246411956,0.29107974396631653,0.3772458499666337
0.4998430361721642,0.4300436637066113,0.4732938629190755
0.38242766662081695,0.3737873143650703,0.46822774198475003
0.31160306550247663,0.3276561869879958,0.6475584392222722
0.7214194815220483,0.8310666872734496,0.5367741935483872
0.4661839070369638,0.38791871020671476,0.4138635918386889
0.750620102538414,0.34042976512213496,0.7099394403400274
0.4535648365044269,0.31524519527338346,0.5099978897800984
0.38551124393739766,0.3051226240960161,0.37782898316174485
0.5091220217422314,0.27792816215389793,0.6592228994517612
0.5560338783858059,0.4890919245293943,0.5488756854320955
0.5918259260715363,0.2768570128829889,0.5995613678633422
0.4535648365044269,0.5590002946910511,0.5428641455969974
0.5277107908894123,0.4419062230762699,0.5897263675475308
0.8735934802685648,0.7175876538190784,0.8006128120478996
0.6736842105263158,0.593257760414776,0.6950645398446442
0.696230111914094,0.6019582941553832,0.7586799477087145
0.614839508380879,0.8547756303921493,0.7205089704560259
0.6358138127998696,0.43907938303410754,0.5253838616273295
0.619075775920801,0.5508167343509601,0.359854477762773
0.49580786118315134,0.8222604586097177,0.6206630961488422
0.9786068725079721,0.440706447939054,0.4876844804214401
0.7759693376632304,0.6644441311872191,0.6351978794622644
0.9421756690417088,0.35527670547480217,0.9217425117276873
0.7114210423642432,0.8452519130060374,0.5782316610699699
0.6358138127998696,0.42219240177301953,0.8989829621620811
0.6732820185906225,0.6356239258859354,0.5866764338246343
0.6777550678885691,0.7803380817582142,0.6565526221774591
0.6768471940293828,0.6703697700041168,0.6654640685929996
0.5458658603846959,0.5699210675806881,0.8538595238725499
0.6900718253258341,0.5635520872418814,0.8054006673514834
0.5859563713624745,0.6209915489696887,0.6585483230282272
0.7503736441390325,0.41126881281311045,0.8077038386479671
0.4639242428380098,0.43630818753063527,0.6039704654561469
0.5997770469700358,0.43562693968465904,0.6227562878266375
0.5498168260882195,0.6483219138889045,0.8043276823271182
0.8393768584491911,0.6257024869711715,0.4570309209543578
0.7905730458541522,0.7538536065525657,0.9541771068917686
0.8972611367727376,0.6220382793732998,0.6249400089378376
0.5877545236912474,0.5290800389809767,0.7609336083250582
0.9362714001530055,0.48417737543087913,0.9658792650918635
0.5002392917102834,0.5474283385507216,0.6310718410019542
0.5495580691234008,0.5375208304363401,0.760919424196672
1.017920430732685,0.5845402701481164,0.9812928822244562
0.6323479354289083,0.5742646437405028,0.9159447008873051
0.36512629320133505,0.36918875455658806,0.7925381946917873
0.5002392917102834,0.5457902400158666,0.2518764720588583
0.7498350518772658,0.6315873032199618,0.686498987546182
0.71166225352969,0.49283788873186807,0.5569404638160858
0.5609356735735549,1.020375087371793,0.9576096096600702
0.39247272477523965,0.5680768038501893,0.4815834104036951
0.3617152614957746,0.7975480382844095,0.6570028297149824
0.27050446013011253,0.9410871830061311,0.6363450839612041
0.2972357785000661,0.4628025745011306,0.6396250149217764
0.5322324188811816,0.6054882054975398,0.5015165561102595
0.5393611816205534,0.7011036915444178,1.0
0.6584854906297231,0.6607845251955078,0.8071208125473851
0.27343979273133423,0.7755145866934745,0.9554564596812626
0.6765229366403802,0.4621265166105222,0.6632824851492631
0.41883421739783155,0.8141627112832839,0.6927834274133147
0.3824193205000581,0.5317981386276742,0.6062629968182218
0.5120499635257334,0.5630048446859903,0.5560887700136123
0.4259410399427882,0.6783900399527591,0.47574216758709764
0.3492063492063492,0.6328018770720791,0.5653565711685202
0.636303516273346,0.48691825436485026,0.6976015405347878
0.33836621536299405,0.5261116230590555,0.5258435321838402
0.5895744921095769,0.6936781469947313,0.5641674482620269
0.3367668325552602,0.42983297269197973,0.537802668088214
0.34170933646906276,0.5787630497293279,0.6572817459394262
0.27380390057615844,0.4302384639493947,0.6071398228057467
0.4471837677686691,0.5491141135878795,0.8177293458558776
0.4240530335304331,0.7226840801911225,0.2614510541240036
0.33135215016426844,0.816376451555507,0.6894704982959405
0.5747895667104016,0.5275872271357915,0.7503920124165939
0.4937705268121052,0.5460032720659471,0.5516734697334277
0.6534311233654723,0.6302681210766192,1.0
0.27343979273133423,0.6062949425479656,0.5775725722781664
0.19034011508946558,0.5068488062822761,0.6528174625852932
0.5525458377287441,0.6705187832158882,0.6619382981085934
0.5485303741092524,0.5050239829709788,0.902000808489995
0.4471837677686691,0.3080999279195027,0.6558795348452848
0.27343979273133423,0.5181046977370414,0.4714927944687006
0.3498838974716113,0.653458193089034,0.40809599566285215
0.23391439887904775,0.7624975310520625,0.5199846392626807
0.5992905205964347,0.41150470392291105,0.5098775943670428
0.7344903575482531,0.8747551417829701,0.9806387131699722
0.48106711553161596,0.6748606573554268,0.5059767598985776
0.4687076753424362,0.7122410058768365,0.9477800940061901
0.4749113735699737,0.6505717210926939,0.7846918118276972
0.5950253101272003,0.8552850789415156,0.637886995794725
0.6106419117047126,0.5712527922108978,0.7723238484058432
0.5709073152870818,0.6879420403793854,0.9749521197437214
0.6484494170207991,0.652475976571542,0.8120636057060242
0.4385885814878886,0.7891814893221081,0.8643685902048068
0.6499189533391938,0.6311444432183413,0.9692416874039568
0.5307735859005511,0.9426224689450753,0.9309549438176925
0.6550215604787262,0.5806860653112327,0.8419636128656438
0.6716025993910084,0.5979848738963152,0.6562048813271162
0.36800511191853424,0.6742148150498528,0.7296551621271878
0.4745568644573289,0.6238079375687768,0.6691366436704613
0.709687872238816,0.7495102835659402,0.8373291509509748
0.4432741173249328,0.70768058847955,0.8616389600803747
0.7713328255272036,0.7219807812572336,0.7380774592271657
0.6192328935161355,0.651421912812125,0.5908252074385331
0.676853091109807,0.5659794886553817,0.7391127892609972
0.3955324472831745,0.6341923779033252,0.6587235114435894
0.5906748302536722,0.8977620546447093,0.6947504826754176
0.6499189533391938,0.5648467253289204,0.480629509086433
0.6015120441987798,0.6848732541683729,1.0420238553087533
0.6939348492801279,0.44137961226907185,0.6053660508065561
0.6059225950237875,0.7279685777511173,0.5656444821947854
0.8661417322834646,0.5416666666666667,0.9205667465203875
0.5975723460222918,0.7311011716299776,0.6504737204995086
0.44103468799384293,0.6543597301222486,0.7180954085590363
0.5298585701091356,0.6533256507141503,0.8970629974690043
0.7952744959272657,0.9151620316032296,0.9328601208651016
0.5906748302536722,0.5575989891125352,0.7545898869548633
0.4385885814878886,0.6008394552799389,0.4627145090362741
0.6930640346722845,0.6085351581056022,0.6884597582608547
0.5601845444768394,0.5411685322588764,0.5118231887755176
0.699565172149883,0.5087403575532182,0.6509750983471574
0.36276045263973933,0.6647764297761348,0.5215129488806087
0.5683696186554007,0.5627093004315797,0.9008599693473808
0.3164192610749853,0.2612725773484077,0.5060426581102788
0.5100516386503484,0.1657347235370158,0.47526530299849756
0.533311093550649,0.38236283532323534,0.5076089160110262
0.30913451477553966,0.652626767650443,0.8491790796352268
0.5401523483762682,0.23117831290214397,0.9005559894539885
0.3902774079937008,0.579403170242665,1.0337522097873229
0.4746445351439308,0.8634952734420129,0.886039423540362
0.4012539184952978,0.8274836101644114,0.758751045181418
0.7720981110078108,0.6619382981085934,0.6435552759002378
0.338575295609701,0.5868134754660586,1.0450187452062565
0.30913451477553966,0.4281137364104032,0.34351040531531607
0.6675036631749308,0.6052289830241386,0.969115563604373
0.3684112453706406,0.38683015682906297,0.4317048979981237
0.2593318275416514,0.37311687202449695,0.615766208341848
0.6228702260961123,0.371394619370396,0.610402644831205
0.26882643259204175,0.30813116452001965,0.42121745307189773
0.5780449655233957,0.2719747916907358,0.8108227543726033
0.5269276386893817,0.37625900689718583,0.5848950345850675
0.44741506493563343,0.39621711805709625,0.6898110229547811
0.1817851224880842,0.43281691494555186,0.6102934671092569
0.45196238779089504,0.5047146980276285,0.681409274558628
0.4355045518808852,0.11947823528575985,0.6493506493506493
0.428562098896882,0.5186359445738196,0.6942116851374247
0.6947506219123962,0.7007885467051556,1.0023634322578456
0.4908600044333543,0.4109450867465281,0.5284175437023897
0.6472547724392927,0.5635642195280153,0.9357778508655692
0.20062695924764895,0.19023621680905622,0.5908044710651779
0.21268512728773614,0.3688127586706216,0.35422340006205166
0.670758156857755,0.17580721917266395,0.6670998485694084
0.5135324492354116,0.6112235880155283,0.9457171003101894
0.3511738614076114,0.2759513857440036,0.4983885392216334
0.30094043887147337,0.4911294271208949,1.0188868599774037
0.38090246429871233,0.23117831290214397,0.5982382612221169
0.27046614297711447,0.3491859733817134,0.6998441032536145
0.5002392917102834,0.6012098890338922,1.0136228801194247
0.16057607121387152,0.6256350069475463,0.6834790231960015
0.4385885814878886,0.7090428130186768,0.7483462569800242
0.6950301413959687,0.600575625815819,0.7345749105874002
0.45207446951862273,0.39876215338452337,0.7552073941489243
0.570535248044304,0.3594786789249922,0.7671214379184121
0.6299857678169405,0.3441086806388203,0.5763002399771298
0.45837267335759835,0.5824367431949187,0.5595809292601002
0.42584951558982387,0.3596440746034911,0.8041939293088405
0.4447793033516907,0.5132724313068298,0.6235198942782249
0.6288083768920376,0.8100047709314068,0.6740658619741968
0.5415155878318688,0.6926484998418806,0.5833197834181523
0.9182489347167165,0.7647330165417701,0.9847590014380262
0.42584951558982387,0.5974320505270287,0.7362334552868322
0.3781315879290944,0.3441086806388203,0.42483875644596525
0.7650736250029067,0.5787432740979135,0.9461275800865541
0.5537488983162329,0.3395073945093676,0.8456292307480457
0.47667847864770063,0.4203891582205076,0.7645145987415075
0.6117263977643987,0.35711695964641355,0.4570585534093209
0.4539712316989435,0.37918307903349113,0.6691281070924979
0.39411536231193733,0.4215700803911717,0.8702152123981989
0.7217493130677688,0.6506189214527551,0.5493020722751754
0.6429751404133017,0.3919602211858052,0.7977276963681784
0.16392509538870104,0.49651369771770326,0.6635327023575728
0.39914484189632726,0.49881160968677507,0.540738877134988
0.5615170134805706,0.40163763149976395,0.6577478677720607
0.6608488918219435,0.4774073872743003,0.6876524762227878
0.5730516352817645,0.6529500599102491,0.6885774540947853
0.5331817026569557,0.4718441402898005,0.5879944967665489
0.6103535810280329,0.5444074455769098,0.6171361525427392
0.4352003618218674,0.393992255726212,0.6494570330746037
0.28262546821651735,0.37840342053253506,0.5343798028202812
0.8410766710242985,0.26349033906907804,0.8214785203422652
0.37665202213349047,0.43182226301093485,0.7301565867943507
0.5059635366703135,0.37182147600448356,0.6160632498053142
0.32888513581186596,0.2936385564257026,0.8366611836335076
0.670248552102471,0.49892573476931,0.8048039033425702
0.6785989374113186,0.4564954788615271,0.5495236661557128
0.6468924359120013,0.5577430708746887,0.8652223839169144
0.4467743917132835,0.5490109879065783,0.7629057044250267
0.5471676752487951,0.716520188358966,0.8195168517526618
0.32888513581186596,0.3106987741681958,0.7055039792457267
0.6382923932456669,0.6599165141342382,0.6458467195856651
0.7210799364824987,0.6310849389032681,0.38367719315851134
0.7059269060791917,0.6061359814277462,0.5290702356296828
0.698019920919505,0.5074003491159473,0.6827298756950892
0.4625913963478583,0.7088494072877694,0.425009636417648
0.6422949334753123,0.4893683270541124,0.5842945841711247
0.5634294371562623,0.5638013453170687,0.844979582849295
0.6829413776034452,0.7946463383860516,0.7286026527299436
0.7858725735787481,0.9644075145600347,0.6306561471698089
0.7778173300258296,0.40943606505896724,0.7081114856394821
0.6422949334753123,0.9103948101056077,0.7564750677634092
0.4625913963478583,0.3540160266849848,0.38167265619123947
0.6153246155884433,0.7200271475664783,0.7635849502554768
0.765589567202222,0.6527979368736709,0.4741514933562848
0.6923229227954114,0.6391335268970536,0.6599574906704566
0.5832212936669084,0.5189492661069796,0.3072957472831426
0.5096179856477366,0.31760980567097097,0.30254054655765183
0.5003979338202487,0.7477083585885775,0.7968310257562088
0.6351350654712848,0.398744749871339,0.7128907771658304
0.5355107263319376,0.29701149031739515,0.631486403033628
0.4017490437111755,0.2857050030701209,0.385952925714555
0.6111901450818612,0.6021378567129638,0.3748537833916835
0.685481674971629,0.5091074002612475,0.6664129771556186
0.6049671464118298,0.5309282680658165,0.4971707255754305
0.5778961685612021,0.6334697771409534,0.8444116593296438
0.3549228830746778,0.6564302610390106,0.6057291333758195
0.693345777336352,0.535717548496234,1.0089383546915007
0.3730968118028407,0.6466507976844114,0.35969120367554375
0.45760859582629554,0.5155045781372504,0.45720530545988713
1.0831649311432896,0.5602621991870479,0.5965202094584875
0.2829907469576106,0.7511345266931196,0.6090975158494754
0.6111901450818612,0.4849463820671758,0.36402371649637155
0.2905416594476593,0.5025534184970191,0.7676080045741986
0.8144898397238646,0.4279981105829579,0.6101284809328416
0.5032102636625452,0.38673930685932134,0.38126497082253685
0.5698012579645317,0.5828150354422261,0.7229110045634742
0.47172426366759324,0.7910949536506384,0.5872073042904217
0.6851683313986547,0.6810989221994335,0.7349538801738685
0.4556519641580222,0.5701799034635007,0.3792188515280056
0.29457624171874874,0.6461786585271599,0.5870471463921725
0.9141279901712226,0.6607435676960085,0.7874829570265702
0.35533873180977393,0.5987966366767141,0.7558647821932658
0.6935857104498282,0.5571805311183338,0.7401081771481025
0.8071543552178467,0.5113355414206315,1.0088073542755016
0.36274887762025965,0.5168422932757628,0.711978717059229
0.7754439948243,0.41168364177145644,0.818908527129302
0.8169107421578397,0.4831153965825088,0.6294350136008064
0.6454819326052765,0.4483227156326295,0.6860860294683875
0.6150874582015377,0.800795231777601,0.9352720302182819
0.6157777974223698,0.4098128130263633,1.0929665173525163
0.5758386568903446,0.5771099683889689,0.8713860805774367
0.5626707983668449,0.2736068858955333,0.7841416283211311
0.8536693145642337,0.4681839765216895,0.8836078618904409
0.8528444931686676,0.5228510002424028,0.8046301171864825
0.599527558037236,0.6251427450740841,0.9741619222722906
0.5874367202162241,0.31359745091983127,0.7846807253968173
0.5774393313650756,0.38382611202978156,0.7904244806530233
0.823883376142009,0.6234583614635407,0.898334604142839
0.9574884091376151,0.3895577169770795,0.8868167083163779
0.37186483556489625,0.25154772682961424,0.9252973945254264
0.4447952699198091,0.4142045288822881,0.9613816085138331
0.4261346534398779,0.46287187518515516,0.9549730088235214
0.6157777974223698,0.5364866525165348,0.40973201883148
0.7283927618724444,0.4322579946010331,0.7793924928813982
0.8875935825591794,0.6449031619520715,0.6637909286204402
0.7842664739077763,0.32377252119097455,0.6861046532986392
1.1246310332692746,0.49604736932103044,1.0654779352728907
0.7475304833364924,0.4139094238440789,0.8785652668074788
0.44027727490057955,0.47400314222020934,0.6860860294683875
0.5911282995533478,0.5138075560409563,1.0736876126183612
0.6988183562803649,0.6071947093008299,1.0035601619568753
0.6257399913738335,0.3520540233620336,0.9170961484003012
0.6813089707690151,0.36873441357737247,0.7510211054884006
0.7610708619852694,0.6864661324410756,0.7259906675005383
0.5278444694082118,0.42192668698392,0.708432797019386
0.6587087403698804,0.49124038428140804,0.6243634239607851
0.5809009328296655,0.6534311233654722,0.730131269590823
0.6654640685929996,0.6640315795473536,0.7945679884046029
0.5488659456340603,0.4776354707331958,0.8134650968601647
0.657855244170902,0.502539689641586,0.7478659186227137
0.6968524880122868,0.40087870734143516,0.7822300772677631
0.6818839014962931,0.8238606567085305,0.7405212271839356
0.3907151157500799,0.4157793679271281,0.5196094923138009
0.869756828854829,0.47968080999365603,0.7583049341708933
0.7316629017064771,0.6815586016395885,0.8487188915830041
0.4908249227826844,0.5196898300392221,0.6359167043391725
0.5836217594618758,0.3299136278931849,0.6782189314655551
0.6514876278416692,0.4578716669196238,1.0032591276450198
0.6590247953631618,0.6950238422484176,0.8532789141719144
0.7446042630184251,0.893264789955277,0.5446866611073129
0.8544786249782002,0.34845796912472926,0.7478648193050068
0.6610874786317593,0.6417210488392885,0.8165553733415428
0.43263348538641977,0.20979356703157137,0.5554127258162789
0.7111111111111111,0.5250825279130692,0.8703883813669987
0.8591280942930899,0.6013910452464111,0.689444726696574
0.7939766512664208,0.4343852430339167,0.5045268974366639
0.6521672035000328,0.3447616429557332,0.5962473264687485
0.8600055996640223,0.41180176771163346,0.5796697376358428
0.5606079133264195,0.5855452215170804,1.0013632115528381
0.9200456751393213,0.39996308771278744,0.6978536764441539
0.5230474330076089,0.42318236420769917,0.8646170560562866
0.39367220407771797,0.3664053898232089,0.5206952767599409
0.5642553296694048,0.582453168534772,0.5602154372920458
0.5957739582727783,0.47925886297681697,0.7387434450038647
0.894590744661054,0.698636504355649,0.6555177622736104
0.7925185535671018,0.7343171605975434,0.713591407531506
0.5449729396461384,0.31842956689374047,0.7335647794490135
1.0229114465541156,0.5499648396295904,1.1832207552154188
0.5904030633314366,0.2769417840902133,0.605970561771028
0.3921343283554888,0.3522149761687816,0.6698775568868072
0.8847476090395663,0.4118620699071355,0.8191844911681884
0.683137874737761,0.6349030929325084,0.7058891367621714
0.6417210488392885,0.2844987144837898,0.6329641597386002
0.5904030633314366,0.4717275193999023,0.8996952249132383
0.9170336770615231,0.5375460248840289,0.8180889823044657
0.6261885029906209,0.45796298043434935,0.5675344360734693
0.4613568414602155,0.5125095331016353,0.8374503043473464
0.5987966366767141,0.5241178920835377,0.7453050056498212
0.7326997902019836,0.6999765597530603,0.7647573346369476
0.5133024634879422,0.38621422982470466,0.5255580961270183
0.5199330597885485,0.43274295105503746,0.657991518550811
0.5518730057885988,0.5092995262795764,0.44003527915480856
0.49738590654671566,0.27708646554364413,0.687876168327947
0.5595663578153376,0.7566521981404537,0.9158841768861934
0.699565172149883,0.41528205545805386,0.758699758699638
0.608828727999376,0.43763095946470465,0.708308324401526
0.6104181158744966,0.4762533102106401,0.812917130661303
0.7150178108302521,0.5007661703420944,0.8569806116131612
0.5307735859005511,0.4655793779874402,0.9431524471889968
0.8779004555694948,0.6265992804917095,1.1813690625275028
1.0185026622620632,0.6858108952451996,1.1020620726159658
0.7168101694230942,1.050156986257552,0.882148869802242
0.8721926337587533,0.575843847900367,1.0
0.9301152149213586,0.7474564519682645,0.9903235875035477
0.6550215604787262,0.3432382778831836,0.5501619623801405
0.6716025993910084,0.5935061151200112,0.8595731966732545
0.8390572024140367,0.5252553092919452,0.7427235121679574
0.8323053822736156,0.5362173573508366,0.8170520692787392
0.709687872238816,0.5182706779515105,0.6933060704389676
1.0041238954272227,0.4248972289099825,0.7647812319298075
0.46069062624340484,0.5535207458747574,1.0455172846775804
0.9646710932128373,0.4775276349451202,0.6489941194151754
0.4895215497241877,0.46433773103589815,0.9066583692640336
0.6021880208615764,0.4342965861954743,0.6484347417034477
0.6705431560578337,0.5208174087141424,0.879439294457397
0.5165547450874582,0.4070571821629384,0.9767378947400382
0.963773822199889,0.3777197039449134,0.8174258141649446
0.720263034288289,0.5952455834308914,0.8348998348997523
0.7560473207290113,0.37021989368559416,0.7843344535931231
1.0551181102362204,0.6034742071409279,1.2196095317983555
0.8757939339574975,0.6012212990175629,0.8177764259688015
0.48620360209535063,0.5174211384403523,0.6938137821521027
0.9018386025502592,0.4031111052529398,0.9440983005625052
0.969508967478529,0.5004394261562284,0.9027694414671753
0.6705431560578337,0.42548832699753225,0.7244669085199129
0.6373182871558927,0.4177055864223487,0.9887233981295038
0.8943335201330815,0.5409748184373449,1.0111859342535672
0.8140986218922723,0.4359906142423037,0.9364999364999047
0.699565172149883,0.5161239558553481,1.0941183707707238
0.720508970456026,0.542582333521652,1.0472455591261534
0.8188976377952756,0.5241690485691135,0.856141165587891
0.7963020516902959,0.4116026507953463,0.5580200000607263
0.6314155496211122,0.31110532166792726,0.7006103770310945
0.6524585476478656,0.5559285639827417,0.6794786518637979
0.6654640685929996,0.43048388313632835,0.6841898540808734
0.24392226371418224,0.4378807713419407,0.40475733988584284
0.7336116528653108,0.838983706453742,0.6299092599981995
0.31657470092610407,0.723655582719889,0.5210525279286002
0.5438360503634994,0.8651154851273483,0.5722073680535014
0.4954257405822554,0.7224165894607535,0.7984189477284122
0.47149318971405196,0.43075098174248505,0.6853733975171536
0.5258618265613266,0.5589664150441354,0.6569831245950233
0.5279051606742269,0.6692597482531067,1.0683985568056769
0.5370141891117701,0.35183404827181675,0.9037749551350623
0.5255594678004596,0.757285843010867,0.7777777777777778
0.7133929936022532,0.4408626047633495,0.7480236846605152
0.36271750881898746,0.6862224744030612,0.7080637058645476
0.47149318971405196,0.35230537540842477,0.6874968859148682
0.7152973593707621,0.5024494325757471,0.7111367421303525
0.36855486273198157,0.6671212589917435,0.6625216015102225
0.4690566407898562,0.6574511113646102,0.5564672374272563
0.5901249381154595,0.5313704889325326,0.5474114281571715
0.5345882992095083,0.5275416381685472,0.6057486554908945
0.6320559309522864,0.8212875770955215,1.0
0.6892889007093878,0.6374779008010629,0.8718974769559302
0.5240718735768486,0.42223880730308827,0.6982742854381143
0.30612656646380676,0.701868543839955,0.5388397854217419
0.41370010811346847,0.7657651251190285,0.9090674214039369
0.5317806331125917,0.7403963500796623,0.5613655366934873
0.6855085697747121,0.7061290538825005,0.44056907221448416
0.7865618564065151,0.622888150434336,0.8563157583785801
0.5955991397622186,0.5193765158432962,0.6950028593347907
0.8592651342194109,0.5202940272166648,1.1183142012554819
0.4443717831459928,0.7430471909052669,0.6334889958698402
0.30512916274470603,0.5256211602630843,0.6632123429727184
0.5963397896158267,0.7132607618234539,0.736476861652635
0.6685654801487756,0.6459336626190092,0.6944338343239296
0.495272266984638,0.45458841326957744,0.8192868939808807
0.4443717831459928,0.5126337807187149,0.7873663559635011
0.6325558289467756,0.8229427213680836,0.5781520018877782
0.4188210795753976,0.6742457905469855,0.5689472751357403
0.4653475551462719,0.4875804944554506,0.8028096645741969
0.34345713646057496,0.5811405059257997,0.5991081371313633
0.2721996941060958,0.5138979475795538,0.8914948721638454
0.2819964138370591,0.8157624514466846,0.6490924293547898
0.43532879196430885,0.5967015335931676,0.7849392430545301
0.6011969849044403,0.6404099458912309,0.5970794332761552
0.567884659121666,0.2892576844064666,0.5857409933970041
0.34089388676244947,0.3739347922626445,0.36467906201020406
0.5617114179975936,0.4978303112395387,0.5285954792089682
0.9283832237772951,0.6900884033468366,0.5695947101270706
0.6242817961558218,0.5774078998117429,0.5451144966979389
0.7911809366429988,0.6014947047743635,0.3366520086126614
0.4977328392964182,0.5178353274390353,0.6809103859130137
0.62860053967512,0.8525515020629866,0.6340979673182163
0.6795457578931663,0.3797329723050199,0.5539862454488109
0.7216580672039197,0.6681537305945839,0.690655887555127
0.9490940129058765,0.6236544650455158,0.6083252740996798
0.6856124961378873,0.9263540305681341,0.6984886554222364
1.0254807050343624,0.45666729975795517,0.7340919882608448
0.8260391257134331,0.8346378738393776,0.6204046740167342
0.7386448242158252,0.3957683217273986,0.5961861395176586
0.39065409802307627,0.5611332706124464,0.8475827887610663
0.92440024796678,0.42384861589639233,0.4848725736710717
0.8051973535583927,0.5161483702175059,0.5542328013080069
0.7964022395148596,0.42757505088768655,0.29495362434288486
0.9281420816812804,0.3814068475273952,0.5096560814388076
0.6478470350281049,0.526533036670165,0.6118272920071048
0.4636017593833438,0.36476647257260086,0.9420634540497679
0.6864641813921817,0.39826643224417946,0.5678748020166069
0.6541216500301189,0.4434458900098377,0.5046520579558842
0.6612340869156328,0.7696373477660964,0.7121193575965672
0.699327680594525,0.3988552338745206,0.5238882394851075
0.6345494781981975,0.785335554732336,0.4939756862950101
0.5140739330104244,0.4722219681968429,0.8916939277852235
0.5146838596416148,0.45723426809889534,0.6321596081026377
1.0794332534796125,0.5924442431822926,1.0535096108547768
0.6856124961378873,0.4755275150892476,0.5234375893506049
0.5909370546847117,0.3343207669424193,0.521286446121831
0.8152156760434882,0.5044257319647198,0.6186149643017631
0.8282265914475071,0.7073371438290382,0.7788840028708872
0.7344807708257663,0.25624979991221686,0.8978367782900339
0.8314153964797367,0.5798448037068797,0.7884321954774827
0.9215522931100182,0.39601294678520305,0.4848725736710717
0.5800152576726116,0.47907308304332075,0.5451144966979389
0.6910761435058979,0.5829793087835813,0.7324519457261165
0.5386253110593513,0.6297420973386967,0.6776708143898479
0.7472578298375967,0.45659232424305685,0.852780128556425
0.758513946308812,0.4155637084729299,0.4842122594421998
0.7778684802005249,0.5366857666721452,0.5866242302975562
0.6962711179146805,0.3528806109920333,0.4533169517607657
0.765387801875418,0.4351808115592344,0.6018691691062366
0.39065409802307627,0.3777010737129516,0.5977314124714104
0.4006399964720151,0.5059462414889428,0.733499104555487
0.5537970717441318,0.49726789226023416,0.39697731084447274
0.988614967190662,0.6924463152781082,0.7336458729606062
0.6217193709563977,0.6448454729704653,0.6824417711805781
1.089374650049721,0.7321993924767095,0.7628953551038241
0.8147897206960709,0.6979051601735639,0.8628431275346851
0.48611624926955144,0.5565282924042763,0.8073987420944262
1.0654982977739207,0.50857383196906,0.7281247850166072
0.8499621193813582,0.522788246372205,1.0039607454983053
0.6358327423797565,0.6360764234059142,1.0891534397383986
0.7066468696675876,1.0,0.8069771408794543
0.8096167145222948,0.6631438326769051,1.0437734699357388
0.716174042979677,0.8986936267161656,0.9123047239650293
0.7485249730468018,0.40857489104401934,0.5424278590871218
0.49338790085617257,0.547195185438736,0.7086685676716289
0.9513548529195112,0.6181797318690729,0.9352660861656298
0.9429535248641072,0.6127184566187633,0.763140238617657
0.8879629469540093,0.5297732919541323,0.8354721127318373
0.8346617854339913,0.5961377756545796,0.6718208125425369
1.2358805486332813,0.7037831353303953,1.1076842485474456
0.44773450667445025,0.6194094357739364,0.7514965116518546
0.9283075998767757,0.3823267586799982,1.0218399850355968
0.740140180605459,0.5791856786684677,0.8981897077944452
0.8180602839613315,0.5356474294890987,0.8867891723145878
0.8096167145222948,0.6772611235174696,0.7231406162329306
0.498259653631146,0.4768644579351883,0.8604527938219068
0.8920441060865737,0.7598648822781935,1.0069335857820834
0.5814121903673066,0.2903767625992728,0.8174985976441511
1.086097481564961,0.6955843905744254,0.9486159728479823
0.6487005723179753,0.5688864629163609,0.8182737763273873
0.7900950167888804,0.5226412162732121,0.5988095211772062
0.7778010239959723,0.5523175518530864,0.8290902749163556
0.6983518914557647,0.6616793757397106,1.0389276282665363
0.9345017022260793,0.4904842241977647,0.7632400512553745
0.9384320590660369,0.4359345377736382,1.0357075439079164
0.8936300750280887,0.8013866526433845,0.9743507133863816
0.41497432158214453,0.525103433021447,0.696308942744745
0.8871794615133116,0.5992137627764398,0.9851557254894171
0.5354787024648731,0.7082648136010106,0.7730148721974065
0.6843092342618093,0.7564675124595404,0.9151769214830918
0.7066468696675876,0.5925692167983163,0.6266208310664293
0.9769700428511616,0.43044851450435384,0.7338065944550645
0.8658770460843874,0.5899862438317365,0.6927971248393467
0.7178841307252616,0.2994228845000957,0.7646134583923989
0.6715372104452109,0.3652438620871291,0.4125952878714001
1.0057398321043307,0.43669300919794996,0.5495903503930933
0.6570566146434889,0.4688402640743986,0.43379961324639915
0.43675628597096416,0.5013714953854298,0.790485105564352
0.66692764406689,0.6917717893260642,0.8479668995790709
0.5839583899535201,0.416181786310289,0.6709879461761561
0.5685019296835438,0.4586622293941538,0.6211891112218288
0.6273072561986848,0.6228312679359441,0.8293206242308769
0.33149198081473863,0.4564115897242982,0.6840593223455814
0.46491397096452125,0.25069130241174276,0.8999922115127799
0.7106798067097535,0.5807436595380062,1.1180119976868936
0.8016632305393606,0.5138531614788009,0.8524243096170154
0.7505358072458028,0.854364803001454,0.7585918837226938
0.6770906007532866,0.3343127541218349,0.9302254124214276
0.7352732277403421,0.6259269437037637,1.129421535017237
0.534583024617856,0.12798589146790285,0.5578155487293831
0.6423775613925169,0.3838189029311052,1.056915196902854
0.7320285832159458,0.4690105273365698,0.731777915782196
0.6026402928804868,0.3650741307363776,0.7449157321671642
0.6435214569734173,0.2591707918889614,0.648123184523386
0.5928437504012942,0.3116676789317535,0.6441417004307353
0.7736261187506928,0.5618676640487958,1.0201102269115103
0.7320285832159458,0.30268139618343526,0.8212717560304919
0.4160729399747872,0.3230513381953183,0.8023705556912168
0.4491106857321635,0.33083586867698656,0.5303357648451343
0.4536490019321954,0.5064950188109167,0.6019610813048355
0.5767692339970263,0.45002485026972383,0.9131079778047179
0.6116784183261883,0.5691508511765289,0.8020064346863107
0.8124713097049701,0.7113061304570835,0.7413812228082343
0.5235798008392458,0.25644486187492754,0.7596236718537425
0.9244802379233552,0.553852911559862,1.2230356836623841
0.6608408165926083,0.31811492730230884,0.714558505360386
0.4552952205980778,0.2734757892210492,0.6064648256453746
0.7114389306216095,0.38789383886002615,0.8113954193549627
0.7075602087704229,0.4560558158523963,0.9101788614237326
0.4536490019321954,0.170702775429461,0.7127446013799346
0.3917558446330248,0.36597146309977613,1.042122014713131
0.7587027994723012,0.5903349870328433,0.8611714840480713
0.4448965851301865,0.35946731059711345,0.6434427509722993
0.3374152136296801,0.32381267688058357,1.021421506340455
0.48910894798919735,0.42021047909574527,0.977228576600937
0.5424390885944462,0.5586501920807238,0.7469195563837967
0.48145083528621935,0.4095752271491784,0.4141795922963234
0.6019302459311293,0.4037668777654574,0.7371681006394016
0.47175112486118265,0.5035161063431783,0.47503729010083817
0.42638604887435305,0.20581769747212375,0.6839900162101886
0.3666205002975903,0.14181939885223505,0.23539731080163784
0.5069003770289664,0.3129089390887334,0.2920916010736859
0.42605590407164873,0.27647627299441546,0.5455847223015413
0.661854843657901,0.34139062661266206,0.5632762856154658
0.7182695076083846,0.3118750350405183,0.5970705371555078
0.9334751020565992,0.6900884033468366,0.743401219277291
0.5734382961187853,0.3368811708508376,0.6104522086440016
0.8259223440443022,0.45788919298134134,0.6121308495431659
0.494964626243924,0.5422487285813626,0.8199191480522828
0.5527864045000421,0.5492288777354162,0.5349473239564895
0.7873783722187189,0.3015890948001405,0.7267271902566599
0.6582357153958944,0.5655539178315567,0.7555867430443668
0.7635668781282698,0.6236544650455158,0.5483793289607937
0.5555990965249908,1.0,0.67999683945935
0.8343166260840972,0.3879453771976965,0.9865611304516629
0.6172810699936939,0.714374509358925,0.6817862965254441
0.744449374000024,0.1760477114464527,0.740471041040998
0.3168699489360268,0.5962426089634507,0.6135613361084838
0.7826378694929004,0.5661082169096288,0.8188848040095933
0.7619047619047619,0.4444666472867661,0.6031163933367192
0.7090428130186768,0.3984069006144476,0.7250916337969606
0.6662555245636342,0.28714503381728396,0.6872241775302621
0.8346046460740086,0.6236544650455158,0.9465952498237815
0.3144732807083781,0.3322944711705612,0.9578680874124625
0.8204661826733808,0.3603619555351515,0.9825667865334657
0.6258989790846876,0.33583421919602985,0.6910196045592705
0.7023297211062064,0.626776788241195,0.6532403421500224
0.8343166260840972,0.3435775542307983,0.6420707428206536
0.4599382751326784,0.6092006252819449,0.6878631482128816
0.649551840695386,0.6141454725472717,0.4903948565539562
0.4085108260646704,0.34027464910337113,0.4631997306719948
1.1006167706358307,0.417777490260418,0.7886098726095015
0.4709513053868939,0.35028035451354556,0.6029424906173129
0.6392604473170886,0.3343207669424193,0.6304921782406494
0.8459584031525185,0.3514510382946655,0.9325374102826018
0.6474826208798272,0.5591534191855132,0.7881386993303007
0.6172810699936939,0.17897705185114854,0.4976126033915146
0.7248946788011847,0.5211331605567493,0.901337014713015
0.8928380050777381,0.39601294678520305,1.0348731122714447
0.4399206109451863,0.3187878778258809,0.5312654444995036
0.6509949695517334,0.39077224122704246,0.6371661992551145
0.38095238095238093,0.5470798679073359,0.7529293894831254
0.4969161468208467,0.4954071582256956,0.7714136063706248
0.5555990965249908,0.3647431613836195,0.7590410883041001
0.7757193479918717,0.4235097707447303,0.588513020955336
0.6342706440775645,0.3528806109920333,0.626324791185944
0.7485405596977993,0.34715704193210206,0.4573153414751274
0.5771099683889689,0.19428665333361106,0.49060875911340196
0.7652275351830619,0.32125324765303354,0.6857272155285818
0.5033110510614784,0.3900183759424175,0.5259212436434815
0.23104218509891872,0.2169491525423729,0.6355026856747398
0.24209683033742457,0.4257501107993339,0.6005674184939183
0.6404840745109166,0.18050894761728187,0.6107137339500393
0.954554843070899,0.8446284794755239,0.5983297197964694
0.4083755471776137,0.6847776365017086,0.7019354838709677
0.8131293631395373,0.715875330080908,0.89133501911868
0.6988052978338007,0.5764276315989819,0.9429770844026211
0.5199206414808168,0.44090800245669604,0.57860725266406
0.9515839255188228,0.40733486726207857,0.7862984657712359
0.7259271636424778,0.5139841742091678,0.7457058105171221
0.6949169221670395,0.5122205679753253,0.709653525475481
0.522940038468379,0.6861649122364457,0.6048683355410952
0.757464374963667,0.5110421771726965,0.9411668331138153
0.7191867680091721,0.7132493338499415,0.8731769404333747
0.5199206414808168,0.3089082410299179,0.9735400266534895
0.8148148148148149,0.46566068683007833,0.7367020336788602
0.9885779535913316,0.4197557263656735,0.9011251910710115
0.6855433098276948,0.5418030345606879,0.7424299643092398
0.8178018685000171,0.34743961379720045,0.8983908660753777
0.7880084794912339,0.28030991450997045,0.7424299643092398
0.8033197326318259,0.5516370877348951,0.8936351028004799
0.8667427918988688,0.5280381319331886,0.978142502275364
0.5684714870068842,0.25582564717450706,0.8983908660753777
0.6041330919185102,0.5803205237074427,0.9270088652080593
0.5836217594618758,0.6369024649158153,0.664377949860062
0.757464374963667,0.5877692661482976,0.8132888516302011
0.5432265601979007,0.6716204818462451,0.9443513325087798
1.0287282002753244,0.5914046497886283,0.9264516129032259
0.7852272275129772,0.3970105252523599,0.6658474682444862
1.221477316689785,0.645559397495832,0.7800639712468339
0.7542418379988619,0.4948640874772813,0.818563450371976
0.5126122092219685,0.37133567438134674,0.668175457686264
0.5941111448784724,0.4703420735456195,1.0681554201096477
0.8098827248426567,0.7068172988206367,0.6608335445219404
0.8160189169715265,0.3061384022502285,0.8941089331431938
0.7542418379988619,0.31420059814147794,0.6872228364611035
0.8096654944352588,0.672943990295127,0.7556542078191665
0.494255033457899,0.6259544456897184,0.5548387096774193
0.4790172728877494,0.5215117446765561,0.6950645398446442
0.5337366318134786,0.49467895082760205,0.827194470134565
0.6563283016882646,0.7164475179966656,0.8801482080227319
0.6000406383118733,0.5049902048484254,0.9598216516166256
0.9080722880446157,0.3928333219321398,0.8479099194416394
0.7818850913130349,0.5272624147052565,0.7310372095388415
0.48466149911751866,0.294445967496913,0.71122291379432
0.5185185185185186,0.32207938309357176,0.4830952494492917
0.778522683310215,0.4771731917425859,0.9110999110998667
0.5046954060285862,0.2845252309315267,0.6168420223428802
0.5447415674885052,0.3685283107406262,0.7617266411274918
0.4822535690068577,0.3411074476860646,0.6824417711805781
0.49588162268583713,0.251165420394601,0.6709879461761561
0.5120499635257334,0.3685283107406262,0.5695816206984543
0.6843776346540064,0.6455224199400449,0.7476525306585801
0.6791030876195814,0.7749958794945628,0.7840997840996762
0.6021420047580532,0.6257232045140584,0.8379490691119589
0.8540580010221271,0.678284053841315,0.812917130661303
0.471319467362319,0.6200251855546095,0.7616343526886019
0.6950238422484176,0.47558127339097955,0.874935383815793
0.4999496027011672,0.5774862076988936,0.7460833124614958
0.6086956521739131,0.6444858747876812,0.8469068910760513
0.6380884575435968,0.5686689071862463,0.6464466094067263
0.6735580221901826,0.5899614350540666,0.8663693790437879
0.6950238422484176,0.8180401460260378,1.0483820624822615
0.471319467362319,0.47810524289813316,0.692216079523254
0.6231326685592842,0.48592742427958435,1.0382982190891124
0.640258750352612,0.5417462177101078,0.8098391176893598
0.4483227156326295,0.47521642859401025,0.7125103945808758
0.6388424407426924,0.5088563649771707,1.0400035560296998
0.4476422623559594,0.43642409530345827,0.8170520692787392
0.8073719628537167,0.6065643680983672,1.0758621411293006
0.7140518272033582,0.6029937685162883,0.5810574973664995
0.5267862957579061,0.41725092147125187,0.6666370330858344
0.4779723224824898,0.6750211311460059,0.8012892018323835
0.8357820689029941,0.9351550989893982,0.638317883372191
0.5690965892910409,0.5386543273469135,0.8371652631802676
0.6594973876965006,0.7700413171459752,0.8174258141649446
0.7911989680563498,0.5930484252220722,0.8602998602997904
0.6560504187252882,0.7795119921125437,0.730418066991404
1.0185026622620632,0.6249031132912395,0.9058816292292762
0.5446919304580733,0.4993521827706283,0.9392588086562672
0.5091041852562457,0.5887224181435962,0.4386586006121883
0.6479348221393535,0.5949581751367997,0.8881966011250105
0.7441107494666847,1.0303759824648555,0.8379490691119589
0.6481044333635588,0.48331308784283145,0.7005075092607749
0.5446919304580733,0.5293369014483044,0.8308509719425583
0.5861681315772764,0.4870231365169946,0.8098391176893598
0.4992343244812727,0.6714335130411058,0.6570996570994856
0.6791030876195814,0.555741872353974,0.8640512422200657
0.5008634093819029,0.7236380667919091,1.0
0.5374334434484198,0.49987081772165276,0.856141165587891
0.4512954033725499,0.4940005558987379,0.5580200000607263
0.6783005933064326,0.6478602510157,0.7291236744567045
0.5868630071802468,0.6219534135958456,0.703220973947961
0.4913436424336577,0.45868377466220955,0.6018045986237099
0.6231326685592842,0.5012526731051276,0.38229535271172377
0.8334760396414311,0.7566144884344642,0.5625
0.6692958493655501,0.500104473702027,0.7053721745056052
0.7794073892587983,0.48777653181845315,0.7867992836443896
0.6628080947960708,0.6096937217475709,0.6314830139579855
0.48849991033835105,0.4837228743394323,0.3824628860430026
0.6847558375043598,0.5513081247712031,0.6605853927708684
0.5872405417554064,0.4246909666844949,0.5300995300992951
0.794427612834139,0.7957667266419988,0.7244624627904567
0.37050723223777926,0.8296656682599185,0.5871867897659053
0.7616777747943109,1.0154694674056326,0.6815026275924836
0.8165614598413664,0.7107154597563037,0.9797969491089558
0.4377195979002291,0.7035090936632873,0.7477375104452435
0.4926697660845297,0.7965695491267109,0.7163801095110097
0.8110983847660249,0.7121809094942784,0.9725795751446459
0.6146542745709529,0.5640787181836525,0.8456966500379081
0.6564759035562111,1.105777177069589,0.7327387580875756
0.7916867576386343,0.8303511182870416,0.7306259881194104
0.4926697660845297,0.9784083241456235,0.495287059321874
0.5876610384601679,0.8509746307835504,0.5167773142769085
0.7391496477014601,0.8235044830192453,0.7780443850068062
0.7809018009400163,0.8467551674350509,0.6702249118693033
0.6554074336599472,0.8713050700942822,0.7431652465995802
0.7296999201416641,0.9214487410161534,0.526242413504501
0.762953771253579,0.9069210482571494,0.6641391686302202
0.6585494027243033,0.8198192035159098,0.8050222794856436
0.83322375892449,1.0145747820137208,0.700427655242361
0.6293612383768021,0.7482060843011542,0.9294403594581172
0.4534030951923702,1.0362254382973992,0.688022800463387
0.376233318956389,0.9102295518309514,0.83595641127029
0.4954190351691363,0.9106806988641182,0.7362325193300012
0.7283927618724444,0.8761445550296202,0.6549672203288228
0.8930768224343414,0.7303317583858383,0.9135972350672825
0.8155322023269391,0.6351504958186628,0.7554582562182333
0.9803214157995882,0.7909394974982273,1.166009201907937
0.7226974161236884,0.970767615425789,0.715320646535286
0.43087017027705987,0.6873815956236125,0.7299691375663392
0.6513830764612756,0.8054593896328992,0.9577422872635741
0.7205905232962422,0.9733955975436125,0.8285014148574912
0.5758386568903446,0.7549052692449221,0.6830469399890782
0.7226974161236884,0.8339809992950229,0.8891839730337598
0.7023865122974409,0.9041304771746568,0.8731634276420397
0.5656169118555548,0.8657070479065807,0.7599923196313403
0.6132032390858644,0.9383782073747408,0.7865595975469379
0.599527558037236,0.8293296980637884,0.8214285714285714
0.7048212369938232,0.6655031959971637,0.7607564744403044
0.5240328784212562,0.8540136262796376,0.5603875322166688
0.5701258195993385,0.7510893861427138,0.7736827178602528
0.8126616498952335,0.9223495019086942,0.470548498981193
0.5136612021857924,0.7155372064415437,0.636715170603031
0.23017335053357724,0.7271547273655393,0.44816084557461255
0.44244011432166597,0.6219856603142566,0.3858077313600058
0.36020131699409463,0.5282472626141343,0.4654775161751512
0.46460293248492834,0.6251032302016792,0.5165062215847718
0.5553088840245649,0.4806871529487049,0.5357122385856041
0.44859045988566837,0.7809618622088046,0.5559572437182718
0.5809009328296655,0.7030038576922394,0.7244212421157937
0.49738590654671566,0.602826516699279,0.9327978494967752
0.7071372486739241,0.7547657035815338,0.7165266452430796
1.0264012503928286,0.8185372571397255,0.7182393948148151
0.461361365155294,0.46867662695024304,0.8560850225399483
1.0164487923739942,0.5261054806704976,0.868337803551705
0.9204644046280278,0.4849212463622873,0.8228571428571428
0.6196805853721675,0.7720954213564919,0.7044046289661772
0.9718728024768494,0.453957871105244,1.0510489758148749
0.9312004007775593,0.6080002672068692,0.7595743123578609
0.5308425683715817,0.9211889593760899,0.6072077975752137
0.8180349339393473,0.9601590463555202,0.42045447471918496
0.8904107490600989,0.7258185509335073,0.6285714285714286
0.6906008272453434,0.8807233244174015,0.8613834308712514
0.746453723581445,0.4849212463622873,0.8329515370276572
0.9784834258544033,0.7340919882608448,1.1282865576131051
0.9889406511199048,0.4612833873704548,0.8732423727442957
0.7795207240779508,0.39247272477523965,0.6703087338260036
1.0481125224324688,0.6291848298072651,0.632215837749867
0.8257227203724351,0.5368072152499737,0.6703087338260036
1.085087911707105,0.7635668781282698,1.107052053076421
0.8562284645587621,0.6179246142230641,0.9782118088239231
0.8812495418569166,0.5386253110593513,0.9515323197034709
0.6943331823867194,0.5160820021201511,0.8529325377547149
0.6906008272453434,0.6019841952810862,0.5721024123520323
0.765165890843069,0.47667847864770063,1.0547101204432192
0.6938137821521027,0.6069478424160999,0.6096399708205867
0.9907280132305964,0.76006970402167,0.9701308537347062
0.8625396463077106,0.592681694050704,0.7348604078560519
1.0665517382062086,0.6535325664082083,0.8457209516917263
0.8740241850349328,0.5900753773707141,0.8103896103896104
0.6977647375865056,0.4052453830333086,0.7817821097640076
0.6069998059257822,0.4448440888127232,0.8565725668798727
0.9140958786070822,0.735457661365865,0.7990419106841813
0.9718728024768494,0.4635285999879203,0.7003200000910709
0.9300134361305182,0.6704714234397605,1.301379862046076
0.872414205147158,0.5032778053279962,0.9497752797666077
0.4762494664347141,0.39302302133311595,0.7963467300093607
0.820453788385098,0.8031805866198147,1.1140323400539414
0.6535325664082083,0.8173991940312704,1.0
0.6672413089689573,0.6640315795473536,1.178398213057051
0.6500671806525911,0.4776354707331958,0.6667656300276641
0.9703304585451537,0.5331526318174884,0.5275290445788137
0.9884806080603977,0.4717806354667091,0.6015087238730321
0.6858309598443065,0.6666666666666667,0.867889685867477
0.5481519429424679,0.503882868510344,0.42609230298949174
0.9334482617937915,0.5104159697136857,0.812917130661303
0.49021383876687574,0.6567162965500621,0.5968378954568243
0.5727610591451413,0.34715704193210206,0.5897419247453033
0.33698261696302034,0.5244257537117438,0.7227680237403208
0.6120147149006369,0.5394467925979896,0.5201655284981257
0.527544408738466,0.4351808115592344,0.475884087614853
0.28995305319530684,0.47306724154832747,0.5519628060205938
0.6872283789143878,0.6648994795527965,0.5991081371313635
0.35318138791474873,0.5891092981933409,0.8585786437626906
0.7093169496760485,0.8470588235294118,0.8118973881045304
0.6673231583592082,0.570622115676418,0.5346737707426161
0.5420237095225574,0.5482086649539146,0.7156681724320038
0.71665741153601,0.7571092713693469,0.8427698376614068
0.5542217019024596,0.37922560788234483,0.5916084203085108
0.5865447708072999,0.46943662636197114,0.9284191865453081
0.6447637680610719,0.7154939826536932,1.0262069372526703
0.9188662218097203,0.7257887386397534,0.9578643789212399
0.5667078724536634,1.0,0.5986042991571453
0.7915299147744741,0.5588161487434324,0.9218446561474829
0.5865447708072999,0.8113611805272966,1.0269651700121114
0.612684429521809,0.31071549983193036,0.59192116458843
0.8176724464192571,0.7167794079814896,0.6745537266981438
0.5964520790285681,0.701628652631254,0.7194543358893676
0.6241609298176047,0.5181305753475733,0.6843975627678862
0.542381138392292,0.47058823529411764,0.7481433289480125
0.6041789927293726,0.40647120692846195,0.5980789474565389
0.6657664439437079,0.6909682610067062,1.1111830197619754
0.9024599811869999,0.5394121817168362,0.6272064353766609
0.19909131865648733,0.44452063025090216,0.9243053720882005
0.5997703811285893,0.5786177485370971,0.7807104477823079
0.5573596958054623,0.6715574707086286,0.6889209137924881
0.7048929962391906,0.5169255233260523,0.7046893204413469
0.8411489853359032,0.670442161572664,0.8304073965886949
0.8091892384115333,0.810778285914505,0.7103180375608962
0.8628554769609003,0.45945782786799827,0.549255098926243
0.8964178281829073,0.5929542107946528,1.0226660692360168
0.5667078724536634,0.4796718774557983,0.8407637111881872
0.4910837003316685,0.5061560402919922,0.5786437892123988
0.9169334753285752,0.5115342281073922,0.7461350684674022
0.6668048178790961,0.820694361419745,0.8829221886484722
0.5573596958054623,0.4286003399496404,0.5017170807669405
0.4892478273057149,0.5757189505276812,1.0128025345856202
0.5905891144684915,0.5219676534548453,0.8302871908466545
0.6752560590731708,0.5546363135486971,0.6683731380222024
0.45440997970910135,0.46655445721381483,0.901780366643927
0.504328182802928,0.7091919347844098,0.668414958255513
0.7659810192280497,0.7912585696382836,0.7713441678776067
0.4892478273057149,0.5080479629855272,0.4501939380574671
0.6664912049709607,0.5701432925446435,0.7925270002380632
0.6354444241232191,0.5330459909097054,0.5356371889613585
0.40875253386408117,0.376714926697318,0.5309153073980875
0.5795303356199195,0.26021475817582784,0.303345131855014
0.6739079776128561,0.5580009313163343,0.445242102444559
0.6258101563239237,0.3967897062670034,0.4161517078649386
0.8838956276045201,0.5442476519806421,0.713940064164506
0.9188997568266798,0.46877090820764133,0.3787629326439286
0.5043533861876812,0.3024308916326718,0.3735170179308036
0.8529325377547149,0.281734299521492,0.4330128364035213
0.6762755681321504,0.34743961379720045,0.5766186702813099
0.6123608375353304,0.40635682375501503,0.5226501811732251
0.6708189783135154,0.8376607314333836,0.5416324422943857
0.9891915574708221,0.6291848298072651,0.5338263607855747
0.7744403138595508,0.752089942632402,0.7055565945124451
0.5054878932457579,0.5188308393047965,0.7507781722219306
0.7052587596390609,0.5360038112773744,0.6183944365127009
0.7366130889643454,0.5786685429518953,0.7420190916253788
0.5878510109688564,0.5167537078360107,0.8331224962260557
0.929822329986285,0.314703486392485,0.45126411865352223
0.8595543751623667,0.5664808705100226,1.0192385971757172
0.6334632022541591,0.5904165695976038,1.0
0.5015471122815274,0.8853235641838009,0.9124931632613092
0.648451774689272,0.47052814363655215,0.9480258243201313
0.5215158862701252,0.7945277638112375,0.7382632248277827
0.5878510109688564,0.2618779737427941,0.7463504232960889
0.5363646659320407,0.49885974766397423,0.6248998077625566
0.8469831735773652,0.4720514802806399,0.6096282752643767
0.6928022812228494,0.48221721285857955,0.5592048787291817
0.8144816620663655,0.3584617599418648,0.6081974067251719
0.7180233882868259,0.41594583563431453,0.6922751040184854
0.8649030010086467,0.455989187311689,0.80204321298305
0.8469831735773652,0.5291305157410973,0.9843862851348771
0.56604910997688,0.3089479069908324,0.7892469805128182
0.6269326510863755,0.49992174455891125,0.5573596958054623
0.7639478372265951,0.6227574104449478,1.063941964986522
0.648451774689272,0.42258289883794853,0.6422108124933803
0.6527554490923606,0.6619300587090271,0.632037833943053
1.0147214517562235,0.6416528770023089,0.8612440634532911
0.757765902612658,0.2724626677867028,0.7998299875453152
1.2968724910546756,0.592031427479538,1.123130335614749
0.7047380983578474,0.34259898244076203,0.5708908966595962
0.5706432546131108,0.34937321658767784,0.9566953465025579
0.6335356130140503,0.41690217086336956,0.786529579910554
0.8580400187780132,0.6596562888533961,0.8040403863173329
0.8660244481556351,0.3031246239950496,0.785245226116078
0.8063335913960075,0.3876648669011392,0.6375642165435569
0.7652733118971061,0.5496140052369847,0.7994747067467467
0.4523763158165579,0.466165220111862,0.8181354229727602
0.6916571569650021,0.4967268901677854,0.7504114818619952
0.5070548233575953,0.5986565623703923,0.619122973094633
0.5823658176688461,0.6172146726968504,0.9298052612527887
0.6031426053196873,0.4328711450882663,0.9235071392227228
0.8990556792150421,0.4180742738466796,0.7716481212743475
0.767459094865126,0.48554589164216966,0.7569695456987108
0.43411519943879595,0.25756698343655504,0.7422007189886761
0.45827871493112127,0.1261990388184141,0.510367548131955
0.6226197147610055,0.4128345909383152,0.5624434937033485
0.4629662115375952,0.30531987196072197,0.2499413993826507
0.487782619718354,0.29445242250901493,0.6155429987867702
0.4021276630889121,0.2873525634844123,0.5439478648627838
0.5145668083501589,0.16582357380131407,0.7811180408186779
0.42132522741978595,0.23814937393118074,0.5959644433064476
0.2533030935537076,0.23093888938898466,0.7507781722219306
0.4679304548850697,0.4744501809562581,0.9071849835128315
0.4257317209119633,0.6285141667531665,0.5890537341284199
0.39042342459197654,0.48600791160992274,0.7873783722187189
0.6249109851118515,0.22220585054898645,0.6975612009789518
0.860855651973761,0.9628057732025525,0.755201992202875
0.7361979823152746,0.5616194910405795,0.7122718457192254
0.6944765895768836,0.6504056824618425,0.6167433960401998
0.49453978042851654,0.745290726223109,0.6957731432454158
0.5005157298948502,0.6366549860483499,0.5943152052741492
0.8057039010470276,0.45194481256553976,0.6946679549347786
0.7450237807732267,0.7011683452917092,0.7795143969209632
0.8639651706249492,0.8536366388413099,0.7292926991230351
0.5294412145979368,1.1707469441906277,0.7525361893645549
0.9110805543102753,0.3726356673902287,1.0443048820516385
0.7366208436415262,0.9302928519322476,0.9882366396165372
0.7599880780014215,0.29247423950863627,0.5578052082300344
0.2832660731101502,0.6906784353238399,0.8292868255011041
0.8455115360410402,0.6899630923234046,0.6081175016625644
0.7824258217570816,0.5401997217903789,0.6909437129008644
0.7710477453848473,0.5300002250140716,0.6330549491193187
0.7770617281126018,0.42267845570475104,0.6909437129008644
0.8675190975320357,0.7185319977717497,0.9077763886262332
0.24792978534264642,0.429710138470879,0.7384689073378716
0.6617526835550902,0.5034729538067304,0.6802125460196471
0.6983607353561405,0.3310392446064816,0.613154150771738
0.7107146971144633,0.5909435349560123,0.8214602498236289
0.7572739455496706,0.5322146400973324,0.5758130491781409
0.42031613579026117,0.5593051566483545,0.7376946984012345
0.6370572814793629,0.5571572251371395,0.7936778601011031
0.5016923156937844,0.45935697809503984,0.6722763284416302
1.098755490472779,0.5950380646329709,1.0312046990880606
0.5294412145979368,0.638472617350559,0.6764401038047009
0.6459336626190092,0.5211513199483697,0.5488211652050585
0.8726411993725927,0.5965637167148361,1.0247120825286087
0.7193097463902074,0.5842906107177879,0.8961267148146336
0.7797977545199646,0.399828841915985,0.7074079335454044
0.666956110788494,0.5048563729137882,0.687193108454758
0.8280856974640286,0.48516027847065857,0.6476766182139775
0.3823018798211607,0.467346733006612,0.6140232076721317
0.799195479075806,0.5082167218236342,0.753829596083077
0.36661739222617096,0.46178013167817566,0.7702592613851861
0.6560584642154941,0.46005075284396113,0.7869577799747892
0.666956110788494,0.5758242920239485,0.6015213492279505
0.813267550057301,0.5637655739933909,0.4910860982452504
0.5490848369132311,0.37251793609132566,0.5526247860620707
0.7702134594422629,0.5170068027210885,0.40970081021961524
0.7060400023354994,0.3378355020525816,0.4153937825478815
0.6833013581390193,0.25920084047056247,0.3230907691054664
0.6539381631233581,0.5544909683597385,0.3748282678683492
0.2223646649646971,0.3681150823195145,0.5523211223258192
0.31238406680617925,0.49812671705064204,0.5308859082478763
0.6983673723620034,0.30528475688853096,0.36579665800421046
0.17321812267691017,0.24236683999503972,0.47346127408540584
0.5805289920967238,0.5138949613315078,0.5775308563974968
0.7199282924631307,0.7680073319980898,0.4612355101043508
0.7304972672470984,0.7697205956907734,0.5718468053087558
0.7217705357856656,0.4897959183673469,0.6012560615352538
0.7892867028505688,0.5029498782522915,0.4510660253241007
0.4755525707446949,0.3619971220300947,0.4094596246158728
0.6595229290912893,1.0241864709158988,0.7960886718366612
0.4082344299921937,0.8239451540185587,0.6788039597230222
0.7956567982086293,0.8597515466578685,0.890943055422047
0.700755944077512,0.6356117134339274,0.7824258217570816
0.6550215604787262,0.6242761430407151,0.8706329196506719
0.9301152149213586,0.8284064929754611,0.8136502462863706
1.1011681939567044,0.748315024474813,1.019686717737666
0.6484494170207991,0.6689162304083927,1.0886266792058656
0.6373182871558927,1.0542825294348155,0.9104548850804441
0.6943736894231058,0.6470109132020452,0.869455493054249
0.8502468891171971,1.0480149579949385,0.9506346366509243
0.6550215604787262,0.5456392969978602,0.8637964111767731
0.9770885534458843,0.7541572849378331,0.8157026579434288
0.9646710932128373,0.6906752322642089,0.6588159747483018
0.7428682528195439,0.7050060662391442,0.7758872011844292
1.119540287901664,0.7231992772958254,0.6685462532135671
0.9381415685916592,0.6859018477919581,0.82127713512176
0.9439118251293142,0.8836732701434893,1.1399858451919713
1.0274780386122377,0.7322353763836709,0.6890551801097533
0.7143193993869308,0.5914008363943786,0.7148629339872171
0.6848502502929371,0.6120865560856842,0.6797821547256675
0.6705431560578337,0.7328042839235412,0.981679221549289
0.5165547450874582,0.893047681011215,0.7550762742889068
0.6739643997990017,0.5145105481435037,0.7423721368783028
0.9835448843698994,0.6262438854418645,1.056519474898524
0.9361969915752799,0.5864715062216297,0.8888051979552056
1.0551181102362204,0.5923159783482692,1.343941535784506
1.0347776984919008,0.864987227107605,0.8773672813539914
0.5765414302983658,0.6803131841968324,0.7341199623824033
0.4058652259620945,0.7216393779324921,0.9271857529032601
1.1088965447195396,0.8334358842502454,0.9683383064128523
0.9900164592744798,0.6653850646645212,1.0507131564457957
0.9552858162246991,0.6010601997279487,0.6878750150794779
0.8138257259487627,0.8260065837863066,0.6588159747483018
0.5239111048460632,0.5175865977145098,0.9241811922092971
1.0637285998469945,0.6951547264214561,0.9443790915728026
0.6310718410019543,0.82102347043487,0.8564083682764524
0.6929133858267716,0.6280777346335087,0.8782016945125429
0.7168101694230942,0.8314367318337078,0.8409258276309395
0.9684070471103811,0.6428620454654695,0.8406086387401174
1.044975952657335,0.5447606861034116,0.8543931701809451
0.5605116195241366,0.5728731215637746,0.5692689384489232
0.5494082177690581,0.628227497553533,0.5574779550502007
0.5669291338582677,0.34316115000346237,0.33516144119166
0.5617114179975936,0.5602797568675726,0.38597635483733095
0.6317185520490695,0.6077267174748726,0.6528716971458701
0.6383905774271634,0.4966111608097088,0.6518457388015539
0.6490552232908859,0.5812583612202261,0.6452282360844939
0.7652275351830619,0.5677498224404648,0.7830428359118027
0.41193953844436393,0.47980082704397775,0.8111422424122491
0.7594653905931783,0.8039099045373098,0.6879329213756771
0.44244011432166597,0.5729497033690073,0.5794816499524678
0.3122987052025118,0.42148637983954274,0.8752574711407268
0.9194360885867057,0.6587020215200955,0.6232984351003558
0.38109633220804906,0.549989652098462,0.4142332424158536
0.7922729338331203,0.41839685449823183,0.37171240383999626
0.8484866630031542,0.6661804950496618,0.8292126869314153
0.6554575127918455,0.49429782585270277,0.7108013682796355
0.7852716735920818,0.5946666129802695,0.6446525587519831
0.5094476436086072,0.6537459417811117,0.8572432530917321
0.480332480852406,0.6284843069494559,0.7006810111267749
0.7818191901194556,0.5656372920895426,0.6452096425628633
0.7229358298995952,0.7181512361937268,0.9694070386307098
0.7928897393837667,0.7749680329614073,1.0382569355949
0.5789360878456793,1.0413670151996015,0.7680796533270999
0.9022560044321812,0.5235167693894404,1.1961861726517133
0.7818191901194556,1.0478493708376848,1.0099745397138205
0.6722097186915176,0.39319833361640366,0.45199397508935124
0.32831863667329764,0.7337671654043765,0.6853709072084198
0.8681815083627509,0.7163288678803912,0.7285075032458613
0.8510241155752957,0.5738758844053069,0.713449527842162
0.8270510390015359,0.6334129362815304,0.551401726725817
0.8747059064320212,0.45619064256825836,0.6350767491323259
0.9379074037902289,0.8113368357151192,0.8507101795245187
0.2655826894496116,0.43571373963888227,0.712453692816122
0.7728355296882696,0.4224820931366603,0.911280007235468
0.6612803890226417,0.35304336010827053,0.6863046830279587
0.7073184257700014,0.7040968569037762,0.8983203376606764
0.7126918918158053,0.4682768274055972,0.7318733803105958
0.44002503518195757,0.5187216342672131,0.8118007610777387
0.742132643741154,0.6520616347730233,0.7941096161003167
0.4418582139772379,0.5575762387235175,0.7928473752507098
1.1049263067540134,0.3949853053448511,1.1146577877451906
0.5789360878456793,0.6966093449940612,0.6550614488580129
0.6238095426446374,0.5386327836838011,0.7322014508356995
0.8099865596956283,0.5551537330203062,0.727595574117462
0.7376381808296442,0.4985094420967088,0.6993213958670627
0.7924621564550919,0.47734132758463965,0.6733183631306985
0.6636785104176182,0.6506351906136729,0.8594549049480894
0.9061284285348733,0.38091883525183234,0.9968552992653961
0.38370728815106436,0.3922815619286718,0.7560258456680053
0.8107442675898869,0.4399424385061179,0.9265014181120572
0.3862193561702182,0.6740124753164024,0.840614320317419
0.5928859297944278,0.49854637920474143,0.8786709347650349
0.6636785104176182,0.5575377365284312,0.6054396897253482
0.7923084688121103,0.497391220749797,0.6192428094903316
0.6098884435082643,0.3696480643513447,0.5605837664415119
0.7867198052757925,0.4932088394943217,0.6770332830577022
0.5888495897212307,0.5253534164528328,0.3843131890751419
0.6264623479557121,0.28158498353948447,0.26203397577605836
0.5992040131029386,0.509277394182597,0.46989635046194267
0.24172979582807852,0.4192582807827484,0.6603564387071765
0.2626658812395104,0.5048820393848041,0.33362718005773373
0.6377142755264298,0.41355321983098237,0.4537694612321779
0.1955302241065966,0.297397723307653,0.6548402147428524
0.5969911820039786,0.6128456640662323,0.7488851387119468
0.694265805756989,0.6453727625343151,0.6603013539286617
0.6538567331525158,0.8167681449138886,0.477569161040429
0.6570867668657084,0.4437657994449873,0.8171711837841481
0.8957107549715003,0.5187264805930707,0.38220876393168013
0.49309351408831603,0.5028870005598427,0.42719482026031064
0.07972142650429004,0.3095632621682223,0.35660667599556495
0.6936151842782807,0.4456406518874254,0.5562571673985008
0.7263274137445259,0.650708159271626,0.7299076117020138
0.32052992732585384,0.5579147909250666,0.6529606060267793
0.6454548365717073,0.4345419652443975,0.8152266450243227
0.7775273086750599,0.5011826901557666,0.7845831556279792
0.3950889888590513,0.45503767135003026,0.7094671954903078
0.7084364272242915,0.3435430279172348,0.7027285296675397
0.6070290988041984,0.650322319190421,0.9358206175239163
0.4253318281931907,0.5071864842940415,0.7592282938284616
0.35283169747721066,0.6811141540912276,0.6061394401144143
0.8171080804634132,0.41300693098288854,0.7810804427113609
0.5603406442271062,0.5524904325315091,0.9448339114345068
0.5063369909079614,0.2501223222871458,0.7440087710824298
0.6495108566675586,0.4964242691050218,0.9623549044016829
0.6633585894262044,0.3955679067910498,0.7295187314463762
0.34182754046490305,0.41480307291081486,0.6043783885595115
0.8970875944619083,0.27181531509169465,0.6670792336090159
0.6042817229428001,0.23577768007553546,0.7276890206968067
0.8139973959453147,0.40205293427677025,1.0447410499448118
0.6633585894262044,0.43209474127312497,0.770728673268999
0.6591536185894362,0.2947721007783003,0.7509647810461142
0.3940793233789295,0.5495144425149467,0.7025094799689746
0.5510846577897821,0.5853554851684237,0.7108485114939807
0.40495727587392205,0.39040177360635475,0.6936036128596502
0.4122418244968086,0.6653426017874876,0.7128629855689783
0.7970959596318932,0.6919366063535138,1.0674105297645824
0.7198915362529037,0.4569690435235624,0.8198104831211469
1.0547514541494933,0.4800408693778151,1.043172878611481
0.6476272231815418,0.3331181357190245,0.754014024719311
0.384928441631048,0.3198201815367485,0.5184565876569232
0.4563478514111343,0.4247316698235599,0.780206508868071
0.8889432651623411,0.6250456515236344,0.8789415950159356
0.6991804407869673,0.2837688416814361,0.8987315400748463
0.6476272231815418,0.41112214498510424,0.9002413456860449
0.5778132104139798,0.3876005428221183,0.5887805104103445
0.342113143304802,0.48670526103384626,0.54809978194854
0.7932047604904773,0.443616265377309,0.9280452023141986
0.41438198482310273,0.616907216189408,0.7770887149698589
0.5072369126545598,0.7268901536125898,0.7907198308352701
0.35283169747721066,0.2985838049504228,0.5381188790869353
0.6729215824564359,0.38935148915934725,0.6720836047890495
0.8085668349537223,0.47595199702627133,0.5449201264726788
0.528683750781457,0.26550859441392405,0.7327650490956479
0.5362214366005069,0.25190944022402273,0.29126638379123615
0.711642341479335,0.4626897042094633,0.5822477908944581
0.46876505075389296,0.3650936349313284,0.3049519531430841
0.5614803270189597,0.3339897980157088,0.4551313349996594
0.4705068019152365,0.45895761786451017,0.35334802286912037
0.5737247113284715,0.24079844723106236,0.39891614126003017
0.5180311910491022,0.3046339764406436,0.6120049026630492
0.3592067177457384,0.1846358902984998,0.4931726836218432
0.37386900683735713,0.335913710262676,0.4348058347395609
0.3523202510738732,0.7443834433590035,0.609905251197253
0.3521315700405899,0.471960232740821,0.4483227156326295
0.7065640548246279,0.2244537095692033,0.45470273594698507
0.3025754138882871,0.21053526385854493,0.5699054185554608
0.5500997521404551,0.5150655198640193,0.367223855069973
0.36123303492257763,0.5767181102198236,0.47453212966892133
0.5155467819788362,0.49192669313433846,0.5048986634857675
0.8935254576815117,0.8188722294920984,0.5765595982775512
0.6372223774810306,0.5783323731187262,0.6025093195713613
0.8402307978989974,0.494063540068724,0.538914313750789
0.6991162710982572,0.48641013155129387,0.8771593700794341
0.5607416626189364,0.4575670173284704,0.5513280954269763
0.8610019675271896,0.3777496785995692,0.5197295830323418
0.9313317599052929,0.4750243303644863,0.8967896349603245
0.9200528857833538,0.6184452825296545,0.9553232948391229
0.7829447716834042,0.8133366517633607,0.8194412457420347
0.9012912085938043,0.5623656127204679,1.1072418197719227
0.9376905371673608,0.5275290445788137,0.6420784593165009
0.6759569642270842,0.2636482608988431,0.5284467686592356
0.5563477517971037,0.3770821823556476,0.6339710988072591
1.0094228820484612,0.44471956009079605,0.6890699180857657
0.9302254124214276,0.5094511432916203,0.7197069692104503
0.8770202580141795,0.34572213510411043,0.3841902549777426
0.9425841626465934,0.4285917442259165,0.6281827142587606
0.8529339711288146,0.4379247710383083,0.8505642996113929
0.6475842113875534,0.5946544960896751,0.8537851549953324
0.6964636239217651,0.33229384714170174,0.8044585169834538
0.6651525768891553,0.5925752938111621,0.5483535074242534
0.6788666146317828,0.4840147590822046,0.7414058984738776
0.55981214643183,0.44657730034156773,0.6385118017139912
0.6347688000716684,0.55170761786476,0.6003994009982532
0.7487800531078912,0.61480000212426,0.7748479362607011
0.6774691006226674,0.33855422517324607,0.7521854330316178
1.109627708918799,0.7048593319495224,1.1304648456800512
0.9355989981917793,0.41112668956405585,0.5453301360082949
0.6069536874706964,0.49906493344022695,0.6872630638738608
0.6998774948413911,0.4135580302151407,0.853177364730281
0.8891652306547398,0.6582158117726802,0.666599580712109
0.8322437539121254,0.3895827727196832,0.7928620002058951
0.9355989981917793,0.31361041905434195,0.6618685454947658
0.886461836803069,0.7243612634645307,0.6890699180857657
0.5232739011899574,0.5801985396737412,0.5524755276292949
0.8470214844799526,0.5702475679921415,0.7642477349992056
0.6403925101719734,0.5896978443187815,0.7518244502226878
0.7996459112863329,0.7245353764862208,0.8929461693199038
0.8592718849375918,0.433236229637614,0.8319843585431227
0.8736035038807194,0.37250184260081254,0.547548316206937
0.8135178136452186,0.5764569528516554,0.48294941846708617
0.6441417004307353,0.24887857377384703,0.5942871448239256
0.4390182316112138,0.23626385220192248,0.37809298105616707
0.40649826550857115,0.3305833240509971,0.4254655620771881
0.6158394217942276,0.3906364895520652,0.32935319847041467
0.19222269366335099,0.4673036245164456,0.4400404400634903
0.36895441525869943,0.29321597953058864,0.4831951181201587
0.5969122899699543,0.23033166673365135,0.5285865140170265
0.4686396792093338,0.3573275986101634,0.6230583824981473
0.4756837066693044,0.242624785859192,0.5135603561187988
0.7601586573500613,0.5934057847849212,0.7537709551759377
0.39850499807318984,0.6396588227913642,0.40024242137149546
0.47813245451817643,0.5463524059426205,0.7367700787416445
0.9429035635694085,0.37529401600335976,0.6075027699412572
0.41781495041573713,0.1491159729364916,0.30060261104170327
0.36075686778358096,0.4231132469012715,0.3076007372613674
0.40649826550857115,0.5718993951338583,0.42685542464519455
0.3008024243288604,0.6351494121145336,0.31546787031122947
0.5005692019884531,0.2875685379344525,0.46753411687849666
0.6597172171590979,0.8093162890443037,0.7628237766435251
0.4870108239574229,0.7021456893929202,0.5113743298445014
0.6710241525201155,0.6538860133714773,0.7140533476422966
0.7242766027104963,0.7038746260710097,0.8322676508939828
0.436563830180989,0.4558197566105645,0.6227539763276357
0.5874677696604579,0.5783887966309562,0.6763185108583247
0.8034297165073121,0.6191757937565872,0.9307141969386875
0.7219807812572336,0.502772623952447,0.7029386719725286
0.7573799119191298,0.8143796548952037,0.774895175515484
0.6868878544574253,0.3788812937315261,0.8500942773690184
0.5874677696604579,0.6495212528899026,0.7174787217558202
0.5492510641447912,0.4115950362190193,0.9074017483116044
0.6270460481429895,0.6128517549931385,0.6899724114096383
0.7493214253845084,0.7534920776886904,0.618464207067962
0.7060276321039344,0.6424247954375186,0.655309574346425
0.4867997607203327,0.6255247604123073,0.5209220350451288
0.7056650388512238,0.6671385999133589,0.6172747687570651
0.5948194680614041,0.747561486006627,0.8606175089617368
0.8083046194116829,0.6125208806496298,0.8815643915687935
0.3490715627712466,0.5909864586033795,0.8702244499995665
0.4371849072517374,0.6132869161404122,0.712207005939608
0.437456049536988,0.6680589397489085,0.7697196758710985
0.43639813802336547,0.7518288607139462,0.5958764677811021
0.8639172365120457,0.7190706389396687,0.7176940377437893
0.7403843704567006,0.6394955256842483,0.7493338760668009
0.6475375546351554,0.5773911025882381,0.7400867589757698
0.9112643490583886,0.6514788018326498,1.3053294392840264
0.608075242330902,0.722795150950968,0.6607784507539705
0.3425057449250297,0.6746498975959467,0.8886020019896982
0.7865184130954866,0.6937579666977933,0.8983080060480702
0.6236581348500745,0.7735726672327283,0.9793646745721245
0.512461909598723,0.5435279034656199,1.009806639145867
0.5334229075367881,0.608086200002254,0.6871689564634977
0.6786728129632125,0.8307400278445445,0.5859064860710947
0.5060564073693239,0.6212598852510046,0.7123692863623661
0.41861226715174604,0.4409399302015531,0.6661350991006438
0.5380434218776111,0.6690348107778703,0.6046510617426195
0.7337930471751659,0.6331355808764735,0.6833469615759429
0.5334229075367881,0.7278083095511181,0.8624710492448777
0.5648467253289204,0.6501188058644984,0.9053387870168567
0.5545835116687117,0.5901787962640614,0.7246626466587969
0.43326369226816086,0.35753404530864885,0.4617212082257184
0.16802579970359188,0.40150565710760633,0.5372481776314173
0.3196933427809794,0.47339423911364387,0.6930232148205829
0.3807042189464269,0.3594071268789102,0.3997204680412907
0.43034807886018844,0.6219338005798313,0.4764186359616476
0.6334538044998812,0.4445818348657359,0.7554364504487288
0.3491859733817134,0.40971225628172714,0.6177784522200764
0.6220355269907728,0.48523189796462907,0.5414962480875338
0.51229098603314,0.5240841765495674,0.5483389195489363
0.5829711718858506,0.5221190367568463,0.8976744049401943
0.1868566019499699,0.49993647402585517,0.6304346881507097
0.5833333333333333,0.5978810211644061,0.7155842776028404
0.4667835018938892,0.4968706903699097,0.5458725441481023
0.4140504236387992,0.4423438211161338,0.545333126884347
0.6290273810475542,0.542416334428462,0.5413736771654082
0.615478845919684,0.5292645918423955,0.43601432154219466
0.6058468584663316,0.5692807953449006,0.741098928356684
0.5200974592893258,0.46704347551928926,0.546269861071508
0.3609785157365425,0.3828233244588122,0.44507615034306847
0.7814830300655152,0.7458317579350859,0.5582925588479684
0.56530160109893,0.5788561880880231,0.48458734156941297
0.5786056053699065,0.6982693462334635,0.6652519588229718
0.45455349459742056,0.5029536207050582,0.6905002625791794
0.3171407099657131,0.41538424177260846,0.6966075139057838
0.5011380778191314,0.4877057796756811,0.39861713082395467
0.5622686104741746,0.4809112834998044,1.003784378163043
0.897272321455146,0.6757144953586609,0.957408229000004
0.45383830116697177,0.8080767539506986,0.7663914807049494
0.8210592326758758,0.6600068229414937,0.9674699975683823
0.767197769648928,0.768207669412788,0.7546862049128138
0.450381547045574,0.48704813656762014,0.6418442720591788
0.3809334142336791,0.5997057981868434,0.5511631049531637
0.707957713327033,0.5968288485723484,0.6020504982000183
0.5406826643202871,0.630283017049508,0.5991811659802923
0.6397092548072363,0.5557994274192624,0.5311773678712128
0.684034268710008,0.5432470339112843,0.511928086465798
0.5448706851901395,0.5491640545230163,0.849623483202665
0.35925050535931113,0.6734086835407698,0.9137663273808361
0.5891708465288679,0.3548430053365972,0.7537637807513491
0.3632142173694969,0.608919445515373,0.4434491294488695
0.5233097188049478,0.6474801359645842,0.690584395776995
0.4261554703053948,0.5633332160204689,0.6578083143204514
0.39661150996815275,0.5087136652398152,0.7523809523809524
0.506658158345155,0.34215678083917567,0.7946299175919255
0.48739764729786683,0.40111620524150104,0.645625346068829
0.8338757137095004,0.4499836496871109,1.003273063793445
0.5421068585541278,0.5909834508580678,0.46135385584009536
0.34170249347964543,0.6387606781342812,0.7018576030000281
0.6271074245857414,0.4591153106833936,0.7433867888512862
0.7049557370669308,0.7079585531442185,0.712590065656087
0.5233097188049478,0.4441218604611218,0.6937942531016095
0.5421068585541278,0.432211656907329,0.5447074577569362
0.6033024284714594,0.6298329546724901,0.7140832025190748
0.5015550557811843,0.6083994338515328,0.45543803955020234
0.6461757218247104,0.6455710418614363,0.6017772384641797
0.3668869156847201,0.5949658102678338,0.5859606643945875
0.6065477429961852,0.6206783790945591,0.7268449404931032
0.5421068585541278,0.5199063697576833,0.8373982770175195
0.5205580070112233,0.3617325143747725,0.7932556866427024
0.6050062837630517,0.5848017410166174,0.5083171873237584
0.7013656918615221,0.3739505784134821,0.6834139021220065
0.448776327742317,0.4153248722507077,0.43875172833013387
0.4666536071726066,0.47957860958571075,0.6218106150559568
0.5043901994708995,0.41917459188380657,0.31146962734090367
0.22220589318036343,0.4854204643356188,0.5773862874551732
0.458246952661,0.38877127078264084,0.5457596043794719
0.5017855567556437,0.5206878004324687,0.6652965919697158
0.3668869156847201,0.45008453055609043,0.45048176092940073
0.5335799696281144,0.40036645199964416,0.5269863263246284
0.6096348215295547,0.5679790188452201,0.8043848008910122
0.42458267456244503,0.4575800062542559,0.595818743813764
0.63050152068839,0.5842267200150606,0.7797254121059025
0.83386195194446,0.53679619436768,0.5356393001833311
0.5921278489917822,0.3408740917111791,0.25439245298987057
0.3382643241488148,0.5760341430695446,0.4595357796728733
0.6764948109079745,0.6044385533665837,0.4408626047633495
0.31491420791520375,0.5447312337519463,0.5197253188542292
0.46093729260846894,0.4967602264378642,0.46418182128496865
0.2654123258757476,0.3439540335238721,0.32353327168989987
0.44164674237356727,0.48928424555989847,0.4247126399400749
0.8321505158923872,0.6927882082873116,0.8211759755729496
0.5343667612699363,0.4740740740740741,0.5751164588682441
0.7089528030592207,0.5382844576164015,0.7207669529924818
0.6673621986364857,0.67520082282354,0.9013165131164236
0.4464975860879138,0.42083890481919484,0.5145889946915622
0.786705783341396,0.42964377024126177,0.5661988361314902
0.7899563802737497,0.5094525037312626,0.8011233259734261
0.5567829163166635,0.6231326685592842,0.6345660214253164
0.7201646362893384,0.9591751709536137,0.6175925768042028
0.5071336561503104,0.5142857142857142,0.9551438695983744
0.5798750277936586,0.9333333333333333,0.7953693224482603
0.601866684729903,0.2692018513529649,0.7483362030510995
0.6192827746585685,0.7664503167515431,0.6357562828238174
0.7789006385542772,0.6530158361679186,0.6057448449695132
0.6453463032885096,0.49667770431528335,0.540882678075484
0.5245933424552274,0.5310977915964229,0.5717929579823886
0.5701528354753918,0.4339258937040721,0.7748278102663202
0.8575446781844445,0.8025933025786727,0.9168148630087227
0.6975767354937814,0.5769883670201373,0.7478840398442133
0.4572691700985544,0.3906540980230764,0.6672816363417166
0.61535019366513,0.48548994130297407,0.5296670839334061
0.5928019500153923,0.6277920918711855,0.8138429741926142
0.6222557218670262,0.5403614402230783,0.49245074768872277
0.6012947246528346,0.6175827332541987,0.6118607717439328
0.840201483310276,0.8754332675389622,0.6063787929983399
0.6525367965972013,0.48942223396194207,0.656133238274111
1.0866614091674116,0.548151942942468,1.164985420645788
0.6172366864187501,0.46539378216621785,0.5555165260202548
0.5138370595456331,0.4574908226622738,0.6802452687471519
0.6354188792130362,0.4276011447965655,0.8749022291598664
0.5685345069778422,0.7207103670822517,0.6119748567557866
0.5928019500153923,0.4145843195999036,0.6635548943481142
0.6172366864187501,0.5199442821701643,0.5394617817001761
0.7035578983599666,0.5307195577934433,0.7659501143152347
0.27493615121610726,0.4076511222409077,0.5154338209835159
0.5343667612699363,0.47487124577458595,0.4722806758067353
0.428211386934536,0.7479740879047274,0.6828192601522245
0.6278657135752326,0.6987679619616454,0.6748509637717828
0.5143087365481619,0.5492510641447912,0.7579380488976986
0.8022814079087855,0.5765194297751861,0.7367938957054498
0.547348105293459,0.4405730036323081,0.5284626330683035
0.36723942898330997,0.3819299537992623,0.38084718348890345
0.46106262906212947,0.2737588827823416,0.37544723928736046
0.6686475531834264,0.488087402638374,0.510477540993598
0.4507163646041925,0.4153829259930718,0.3143039308213291
0.4904149128226074,0.503913621518133,0.546751030922475
0.43144672424232067,0.36072185134683776,0.6319512446349843
0.3528949992412377,0.29396807255346113,0.5230638879765814
0.37030874257347635,0.23332105143711468,0.3515712615977825
0.3127312425654679,0.39599327768391923,0.5751164588682441
0.4369945153211672,0.4541204380781132,0.538450252936821
0.4776540252681015,0.6761248621843521,0.5030835075718183
0.4111528856380383,0.4469899586624979,0.7099303567361541
0.5752847011968185,0.1430407915382902,0.412478164959594
0.2540083376311246,0.2587394010911731,0.39914484189632715
0.4642649357330223,0.45628424507153154,0.2688776476148882
0.5055201947506516,0.5235438783579176,0.4094396501812201
0.5027486007226045,0.40047553009253634,0.4036492372143917
0.46829901676959806,0.34094045518276794,0.43083951123445774
0.48360106060468866,0.43608305320697116,0.40306650761373597
0.3680665114164313,0.40323889005578006,0.4567944370326872
0.5754573398950741,0.5396800195380718,0.32148593556740135
1.0030296771286067,0.7859653316997859,0.7919936354244697
0.4083755471776137,0.4503023709933428,0.47290007308376714
0.9943372534284708,0.5721050088414443,0.6815831357506825
0.7864255748276041,0.5186622047210263,0.6302539627135721
0.5199206414808168,0.40796050164039344,0.5889822546093182
0.7966524871790557,0.4024497996230356,0.8153517297437762
0.6717893194237079,0.4743196381624516,0.9636351614730705
0.6949169221670395,0.6472628662645747,0.7953636227324855
0.9084430376858506,0.9563304204145717,0.5983006504952764
0.757464374963667,0.5173697265014909,0.9553446814871464
0.7191867680091721,0.8128056722842194,0.7652431901063003
0.5199206414808168,0.24361203599018433,0.4920688964987877
0.6962962962962963,0.5940362233778078,0.6646895600489213
0.9276603727451003,0.5655709656177544,0.7510491024042385
0.8590366561296563,0.5218204649141496,0.7851517732179508
0.6190402705000358,0.37086779317815854,0.4786487602059626
0.7240110393376442,0.33276440888394154,0.6174653523148881
0.7363647479958517,0.6472628662645747,1.0091263012799303
0.7449076302064062,0.4620689349775974,0.5028181468220168
0.7138284598045653,0.2554799122232001,0.7780915235748456
0.5239575155982084,0.36489013237590673,0.5372211334334417
0.5836217594618758,0.5012610410108239,0.6470793325039339
0.6712294860618597,0.504235739335593,0.7061619580729743
0.7540450708757928,0.43971175189932976,0.6705417878275923
0.7733664200502188,0.6747726725904841,0.5900333901762633
0.49400990888650587,0.23819937701741611,0.47029348553281625
1.0992829350678346,0.4303567391982266,0.867903626149954
0.6771412381553676,0.39750613868732776,0.5445157511688932
0.5126122092219685,0.3772948281684593,0.4679454191044622
0.7544622975190759,0.39432950700756386,0.8206656641351119
0.6070909646748237,0.5760371021470239,0.6945797424547362
0.5836217594618758,0.29551539104217805,0.5027958673447017
0.8313424378423562,0.40489772483288033,0.726421431235019
0.9658373964370978,0.5781430734010768,0.930473172743526
0.494255033457899,0.390136075300793,0.5492913668397429
0.549658998597885,0.4901773997946446,0.6833880563276676
0.6204833049644594,0.541496932672028,0.7726522345373155
0.7174254924992398,0.7007934387707857,0.6711787743329217
0.6000406383118733,0.4425048520370153,0.5848954645792813
0.7446452445683769,0.3351959808432372,0.4483124123693625
0.654981871713346,0.4433631339387276,0.4882591197892021
0.48466149911751866,0.18662587714946643,0.5842869625775362
0.2222222222222222,0.21926880693941397,0.5383737511085365
0.5341339200663143,0.2854033683507716,0.3233061453919346
0.44229482726053415,0.33357371585512696,0.5274125299944428
0.32061433917515403,0.4512548957203174,0.6580228395712502
0.4377162416095981,0.2755386561394898,0.5703529303219661
0.49588162268583713,0.2060152448768343,0.5681492284660132
0.3819299537992623,0.22612869909275524,0.4127255036691784
0.41481481481481486,0.1997231868275957,0.7988362597759304
0.5872405417554064,0.5502893662884629,0.724309911085603
0.34469301739635083,0.6679917762364553,0.48846752770895985
0.41905249806888745,0.5171950393774908,0.80173038580293
0.7953466235318192,0.24979767777601725,0.43350300805814557
0.40947499555554656,0.19143737524004212,0.6570519232120422
0.5805289920967238,0.3606096467431634,0.4100266216083446
0.5341339200663143,0.39107903541713374,0.5184827599805332
0.466725705480012,0.3598285924244734,0.37291626748969253
0.5291408478463161,0.272169246642042,0.6304701272540344
0.2996894263904696,0.2235686780718924,0.4788786917348675
0.2827808618134412,0.4845114515118705,0.637542284311857
0.46573705611947647,0.2889069289171039,0.463976718290924
0.3127312425654679,0.26013670474239114,0.3634260096303643
1.0119214666442158,0.9638449236968907,0.8047813355541915
0.870492230311929,0.6687306700000312,0.6224445195047397
0.7184324639015662,0.5727886872946574,0.9605997883779644
0.9118468557533524,0.757908986932479,0.9793243883759021
0.5472494353418875,0.7493464041133859,1.0579549706751215
0.7540660001027161,0.48340038435198907,1.0163346361557526
0.46380179464773696,0.713852813604551,0.971938195971759
0.7753130254004287,0.8194212203713462,0.7292926991230351
0.5845722808109733,0.726138721247417,0.9609267667417718
0.7859936505818065,0.57408229000004,0.37480888660465717
0.5878007607355382,0.6521672035000328,0.6802504768495117
0.7137783786644116,0.36451109069775744,0.7252635909121516
0.5044944851076343,0.521286446121831,1.325906969497892
0.5410205713603937,0.5062580688989813,0.964149550625282
0.6625396535243488,0.5261208977927261,0.9682278583356029
0.6385720594329025,0.42151877915025016,0.5387397553186616
0.46344463416132053,0.3768466796405483,0.4136595674661261
0.8727603364077006,0.6789710584379487,0.80046164084585
0.49743795499105414,0.3559947120911219,0.8585980216707153
0.9658771072901411,0.5771431128385545,1.104630918122604
0.6181943369954375,0.39974984364141386,0.937496522177093
0.8579817747072023,0.7520861578564604,0.6509148168193342
0.8476891747384028,0.5546273386121043,0.9871458499750951
0.5098119134560966,0.8544491907722074,0.4148574041258307
0.7476525976796051,0.6188404358175965,1.108073501851803
0.717428992498506,0.5650717742243501,0.9106208168477173
0.9317013816206323,0.7474092572295388,1.1976297608910509
0.529411753781725,0.44110428060085316,0.5905154840681899
0.7747197424807895,0.46435101864781936,1.0
0.9229218614591728,0.6523666603640167,0.9258637524141742
0.5662578593008474,0.6693767387332097,0.7815079173687121
0.6917165353400244,0.32952160034519407,0.9616055659403472
0.6948933348694701,0.5633475723166221,1.0859907391100467
0.6979772352698171,0.6448377642419925,0.8850313175224558
0.6712084335396633,0.668866910733739,0.8835051863155888
0.870492230311929,0.4554325373273944,1.0866797196890574
0.5927202714949038,0.453530112449536,0.7702592613851861
0.5219096713444259,0.6632123429727184,0.9904607961182741
0.6397328078402218,0.49604736932103044,0.7660544695467323
0.6675043344659082,0.47392703212607923,0.793598386594823
0.6410914223336419,0.6101038569371365,0.6365896355988081
0.8839304230801664,0.4908249227826844,0.7981753412833132
0.9284564229834552,0.41538717778453216,0.7331415355579501
1.0682986183793677,0.54213145350437,0.9309276295005577
0.7028409966992438,0.5568666039706722,0.7395117782784788
0.7720042828982769,0.3613219868198264,0.6936933994860868
0.4603103236517986,0.6250572073655905,0.9653066748864989
0.7672636228684813,0.30203277757539226,0.8451944598277994
0.4530815074360137,0.3613219868198264,0.8735751344110078
0.7959683173972611,0.3451635927439536,0.8919264981481969
0.5827241900293675,0.5275004614251053,0.903298681300781
0.8247576975916239,1.0482804549585267,0.7389309788468024
0.8229721418554647,0.5635642195280153,0.6485146023903348
0.791023942512326,0.5299840080595783,0.9529485164563515
0.6316369748088522,0.47657607740978625,0.8783750591640631
0.5214868178797261,0.4700422665697328,0.9282442748091603
1.0682986183793677,0.7522352845842779,0.8515501861101662
0.5558600411799628,0.5090843071679154,0.9779925824787216
0.6061413220679628,0.3450213584749333,0.8017482464382318
0.8045731467193303,0.4547214587272024,0.8397503889731549
0.8871126701687021,0.6187433119532852,0.6619986826232734
0.5722655101399279,0.6933979840851181,0.8284926874161918
0.6727917958079943,0.6273220037500351,0.9118943465413291
0.7959683173972611,0.44189434430018903,0.8531991124189777
0.9689550476264129,0.7413116332452421,0.7244624627904567
1.2197439080600196,0.7853060667776999,0.7023904763428621
0.660134100276971,0.6492936500150633,0.7795018191024886
1.0721479105365823,0.7050318936217386,0.9393908473268674
0.978704114500002,0.7444162568058487,1.0
0.8724270233312313,0.5764710053854603,1.0945399634963302
1.1139214282013685,0.8433973503436952,0.8628978757232295
1.1838924281224568,0.9126159799348006,1.038575837490523
0.9224061914567444,0.772815266301174,1.0890870806374748
0.897434101861584,0.688632455703887,0.8653129940597052
0.9858252248145812,0.9124048752453016,0.6708393865142657
1.149071198499986,0.4790988759703043,0.5883658603099592
1.0759033390071082,0.6931327953914667,0.9710492676095834
0.7603443176460184,0.6123530541803179,1.0084557714905307
1.0476190476190477,0.649884811581545,1.1382956364463799
0.9757535677515564,0.56135450854628,0.8891205648627556
0.6428348596207314,0.29929868002063154,0.7431652465995802
0.8101016306775655,0.679591926427602,0.9426536116134245
1.0278669398086024,0.5805366333837318,0.700427655242361
0.7406733749726611,0.4592053288830583,0.8488007702673939
0.9486528010508395,0.5660276815515058,1.0115547110939487
1.0708738759270937,0.8512639358615154,0.8724105420991144
1.0236690534165576,0.5239599121099057,0.8769085090206673
1.1543033499620918,0.749080274329335,0.7929803321972937
0.892529231146585,0.7734947524992062,1.028800921644239
1.1545332076047257,0.7726210547612374,0.7962152135151944
0.8770239470006514,0.7006578299553752,0.9762843997274375
0.9788380522154757,0.6667599785400979,1.0826488445542717
0.9278520894634177,0.5768837975900403,0.6913933000758161
1.1687122251186703,0.6477137234260407,1.0422577127364259
0.919601299498908,0.6990623584895115,1.1224989893875064
0.9007765737020688,0.5795370403529586,0.9366093879978157
0.7531106091805504,0.5679652843715618,1.0255729292999016
0.7785318771606589,0.48607351246377983,0.9069865136041625
1.186693129684938,0.6841005033517071,0.8367947773493114
0.961221663283526,0.5147193994962918,1.0079052000908542
0.8888888888888888,0.7042728115798813,0.9642857142857143
0.7652275351830619,0.7206139746250169,1.0652482342435534
1.0352699129742071,0.5558116457205484,0.7714015167526678
0.865431608795123,0.49449197648777987,0.816790771601157
0.7735961130003971,0.5232588293001516,0.9730787372363319
0.9161801865659331,0.6304070285355067,0.7612699692534204
1.1192766755825985,0.6834209214711009,1.1273474971750894
1.0335389235452768,0.5299603104001238,0.9055088817476932
1.0057090683786036,0.6668567536469114,0.9554564596812626
1.1948026464416073,0.5573192762337436,0.838835407194924
1.1222424467197702,0.7594315071208017,0.8658724244802857
0.8675467642934956,0.5157712365266305,1.0113857116995315
1.0952380952380953,0.5294338763114597,1.0285081473673316
1.0975900072948532,0.4185773753017399,1.201606451509674
0.7635668781282698,0.5712857023759916,0.8582633226215398
1.1210730638492077,1.1351741488973208,0.6785714285714286
1.157485197087178,0.6605778833489346,1.101015254455221
0.7439936768322815,0.56135450854628,0.9707424963166629
0.9357028030466429,0.6218734912306496,1.1904385134526834
1.0435148356485837,0.5312742198628145,0.9477861957693605
1.2124131824534203,0.6788499480690817,0.9076910938920051
1.1251397429167516,0.3715118040450418,1.0796928398412904
1.1813861108954993,0.37553060754142775,1.130031582934249
1.1341818991895622,0.650141729751105,0.9793187041852239
0.9580039474434192,0.8923783684940547,1.04297271068015
1.0620699102269882,0.797886416278911,1.1478711912876474
0.9782865083646026,0.6753827729678822,1.0951542219543327
1.184336680445834,0.468809815650877,0.8673804701467673
0.763389872011325,0.30869887017971653,0.7807020222313139
0.8853568649425221,0.7463282118285874,0.6257839471035098
0.6485064886209582,0.5534980285876426,0.4390091322626418
0.9471260559590581,0.6713370159741339,0.5786017339553945
1.1587806703228378,0.463611812478791,0.7353523184692521
0.6067916213616071,0.6451867643743336,0.7331782123315466
0.8524829413943874,0.32635385190349187,0.87566890413561
0.7821722270182708,0.4892768847121256,1.0406041877570718
0.47966601807158993,0.7777228877628065,1.3515269661186142
0.9786871629762799,0.8651600275073515,0.8883751963162031
0.6000543724912786,0.5202943594806572,0.9884935790638806
0.7002072679950455,0.8348554352310459,0.8475246164342011
0.6639855673453734,0.2848157499717213,0.5820823557610053
1.0473228142768016,0.614305392080065,0.44048803526223335
0.6837938221978228,0.5311609650364391,0.675409029499614
0.664289928306975,0.45315170092524104,0.6961931923097967
0.894182970390474,0.4526029834195835,0.7829931617954362
0.5616626642802769,0.28808291313766543,0.5521662612566633
0.9732657955698355,0.6888120428679291,1.0169837158506594
0.9831606177501799,0.5169388636868981,0.6987372409045174
0.7566824864896832,0.3233488987494366,0.709509364731457
0.6527820243564749,0.41507164690484855,0.7143908475214351
0.7668278751072576,0.7057377569556045,0.8027606089708825
0.6000543724912786,0.5192568705992053,0.7576356950150914
0.7409940566087609,0.5901699874798967,0.7327470146637345
0.9168613898093793,0.4748849144089534,0.7911320550919387
0.7978533094812165,0.5650202942897702,0.5403891796632094
0.7560473207290113,0.4669982091109739,0.8622290689759065
0.827129210807604,0.61589286700099,0.9110867473118041
0.6689826703439141,0.42404858730612915,0.578167640657663
0.6380067913503675,0.44566585292606287,0.5571597274966058
0.6532739126119725,0.6608590818185109,0.7739519235124963
0.7668278751072576,0.3279684863817173,0.6193668874613976
0.751350234723266,0.40205129320837385,0.9932031050334313
0.6810184658166684,0.4813520806690601,0.7678741130842937
0.5655990498559907,0.4864282125532555,0.6511577255200444
0.9262297568710653,0.5789576311012552,1.0783403333274257
0.7388921664609807,0.5270373913241764,0.723366878782024
0.7335286118732278,0.3603978509331687,0.9231997740327842
0.59979228255459,0.5812821053206881,0.5693526812251624
0.8243156945483167,0.4431060885760977,0.9423034855144565
0.7719818045913514,0.38209144369999937,0.7291222448275219
0.5654063749736363,0.4627846906497465,0.8569401109892466
0.8143489593756245,0.4722869978309916,0.7959507956276934
1.06380300842472,0.4758545848356105,0.730918219431489
0.7297605625899186,0.43544941315315444,0.5940916229680113
1.1548881299016123,0.31728359114837856,0.7613473379581291
0.8495272579751756,0.59328314373733,0.6392001128344249
0.6633297259264004,0.38019311197444283,0.8534479419352368
1.015986193890144,0.2924575399174105,0.784595827129231
0.865311990135257,0.3803506790528972,0.963912868157246
0.42675069787548037,0.5201744503055983,0.8816040165498552
0.8342916393784369,0.732568906629749,0.7315031470531409
0.7990964061420386,0.5433669870522846,0.956275600442746
0.7275395475623219,0.5594121573864941,0.4612205187985049
0.7050020398154151,0.452353236110018,0.8915378815777378
1.0827807553733453,0.32080635889289366,0.9107866410780265
0.7635535570142725,0.6248779427391271,0.8329330946818001
0.9819954262573303,0.4073452358906683,0.6883346161506126
0.6676974125733206,0.5229847395257814,0.9047825341776062
0.9765759682016463,0.5343609062801391,0.8280295204959007
0.7885225327810932,0.6793153964536649,0.8110558936863995
1.04584248682702,0.3772883619421732,0.7630656306472605
0.6476771713747845,0.5045663056931378,0.8879990266012542
0.6905815989593741,0.3449149537553049,0.6698174097001574
0.8242069768999922,0.4460882905930027,1.0249797404981527
0.7175772412741219,0.4511483002349701,0.6013228547152698
0.9465704755352913,1.080214826731504,0.7850285072730313
1.218013962898438,0.8332195042912651,0.9675430782614973
1.1708796310637295,0.6212750950900616,0.9808855150025162
1.05794565148182,0.8381781005018142,0.9211889593760899
1.0969215747207575,0.603119354434524,0.7656993512018612
1.2466637748306053,0.6611158734204841,1.1363425540622563
0.9960219093358699,0.816416446023601,0.7218893426036372
1.2602216153841233,0.9246663690671071,0.7592282938284616
0.9830037648785858,1.0,0.6061394401144143
1.1541907540719654,0.8437190028104591,0.6584854906297231
1.1859465379492256,0.6466514921425108,0.8268926186393144
1.0513114219109891,0.4663320335698128,0.9581105261771249
0.7590556368073743,0.7920384311421926,1.0978772485556243
1.2253056380711136,0.6589314638062289,1.07696621462908
1.3442074822454324,0.6057386614618202,0.9023790828913081
1.123332427987808,0.5207678300399892,0.9344644160647669
0.9514066588773675,0.6377457844529926,0.9434826269370731
0.9262014391759807,0.7968274802112887,1.1700159897902849
0.8910774067603225,0.8019356475311321,0.9977740647890194
1.2616830981640506,0.7567722896199762,0.8505788686276685
0.9744707587868449,0.7808898373353801,0.9368959502964491
1.2997913571018127,0.6887194536253992,0.7582503948556232
1.289371689148757,0.8012069785168487,1.1600578141777946
0.9586903807613987,0.742282004529552,0.8205393659806115
0.893669640370054,0.9124323826391952,1.2321918247446728
0.7018423583301858,0.5907227369452634,0.9258043165792957
1.0448946883417738,0.9835778453639284,0.6114440924966726
0.9225727066691128,0.5946205506607007,1.0740346139194306
1.148083331564651,0.6997611184111648,0.5585852053521796
1.465417705193674,0.6377365271184718,1.0
0.8824453364545566,0.7596691642862198,0.7132827250377421
1.1176396464576732,0.6458225816675194,0.9317026665621057
0.9830037648785858,0.6098004646893216,1.2593725012162835
1.2964538304005901,0.9274475718163095,0.9714125488520561
1.2602454365221867,0.796554964491209,0.7927750381310984
1.05190808640439,0.7376435401852317,1.0884016085854131
1.0637421263417468,0.7950162315362841,1.1857594041917843
0.931161477875947,1.0656886185442862,1.299779701776505
1.1642969395070044,0.6416392062187244,0.8033575425815666
0.9239446115084231,0.5071980237852343,0.7225322809753496
0.7186974404674047,0.904809045335618,0.7269520758836072
1.2518264778976096,0.6317185326532032,1.2456402073969297
1.130632486068291,0.4567947958474987,0.9138921774699633
1.098768314351902,0.5858490183535653,1.1228682967957475
1.2735861530961596,0.7315243829403764,1.0
0.9917654789602651,0.7494926801063186,0.7904351288460228
0.9149114311641566,0.489419103719801,0.9382863258339824
1.109757061502103,0.4734232338611678,0.9615069450068
0.8087736209747598,0.5659147968254529,0.9332747284834544
1.1248265977985892,0.42957351840467006,0.8077551558565612
0.9929669833679967,0.8275228258428723,0.8279843844859534
1.3066797701129305,0.8873902560675709,1.0185759404191783
1.27826559365889,0.6482705087137335,0.5428959643813216
1.2026952034377925,0.4055875660152656,0.9974637336555674
1.0707663982246571,0.48685084695819214,1.3258292283670752
0.8174886876212744,0.5938854445148485,1.0896206557197035
1.3860943197392537,0.6377625553939772,1.2053859188603708
0.8324898606291609,0.8399555582664164,1.1450762055832402
1.2233766111965894,0.46282875642906596,0.8019323671497585
1.0273013023103659,0.36603258373251235,1.0591628759023892
1.1911319229172173,0.6662313861389209,1.292801222658288
0.9302079034267233,0.7047322078540945,1.187151804048791
1.2770896382542207,0.5166192412509549,1.1512262168217624
1.0783794916409746,0.45005293183064987,0.9359481553906993
0.6936616642525111,0.469045217610664,1.0027157774460516
0.6047988166811702,0.6794870099568324,0.9071202979041079
1.1155539185418897,0.7549149407240856,0.8751593225884171
0.8147899945464102,0.7736468464677395,0.9521771900141189
0.9634716313012415,0.7867352249122378,0.5451144966979389
0.929723949679977,0.701419635061777,1.0
0.9270039950115052,0.6925825403372565,0.6809103859130137
0.8462045862620341,0.5509388556554475,0.7560653115454775
0.8976320841749298,0.6090696765278212,0.8254728786538825
1.0326600409793123,0.6112873110829822,1.0618688224889745
0.9752538917928025,0.6160447447706957,0.7824029300553776
0.997785099458125,0.654935125748997,0.8492443277111181
0.7646560241844871,0.6453040634516773,0.6581182706210862
0.9688445473575873,0.571513892254863,0.7854461200964149
0.953192700166706,0.3780158374265423,0.717330297662361
0.7991209257271231,0.4448016182219512,0.673391690202285
0.8862497191786476,0.5584099916115584,0.6756605093484527
1.0448561304016257,0.5171991143064895,0.6433862410464055
0.9010282974693565,0.4319817090605539,0.9772565685271898
0.8106364877609131,0.45942719345433747,0.6879629609156048
0.8672824126969005,0.7487700181832948,0.7670963752042629
0.8302495809281356,0.7503853035581454,0.5171954504147325
0.989560676620272,0.5615506932974181,0.7953091167447085
0.7673730981660023,0.7577430250361135,0.7653615011369977
0.9599429894597551,0.6632248689449387,0.8766225818271003
0.8439297844591862,0.8462181091156379,0.6032401995709229
1.0161500527703837,0.851708886757685,0.8832251583757715
0.6053295185250674,1.0190487971172648,0.8050490700134023
0.6101481602834076,0.7067295429069758,0.4482394121539566
0.7999112983657466,0.795401698158858,0.7324519457261165
0.8560314647781231,0.5030199323474003,0.772078847080724
0.8313540574403743,0.4882292533461039,0.521286446121831
1.0115161832591089,0.6285561145263739,1.0
0.7844497646629827,0.8654777919413543,0.8341630021531654
0.9599429894597551,0.5210274609929897,0.7343756235540881
0.7851546474381221,0.5078454357610123,0.7114984483783854
1.0785122494994117,0.9027441634288725,0.8664484450258334
0.9979786096692536,0.7027255594181434,0.5451144966979389
1.0933502755634938,0.6080075344299771,0.6967788718229321
0.875399637773262,0.6953967013545861,0.5567973697860409
0.7226840801911225,0.9545337107019685,0.46019380470689186
0.997785099458125,0.7023532681757282,0.6429161796138306
0.7230046948356808,0.5898607629476976,0.8784188912639871
0.6263259161559264,0.7639607607730406,0.777277276643275
0.9444380311046764,0.5446069850332874,0.7423859329510942
0.8535966068858694,0.4859066015083623,0.7509765886727778
0.8630972041449845,0.7241630868923927,0.8400994627332922
0.8763101163350391,0.5786220956336459,0.8492443277111181
0.8615702122988779,0.7498443527485469,1.0
0.879732446000511,0.5487948698216598,0.743926240134208
0.8593882958264187,0.4169798238738076,0.8201725881946036
0.8355275218607059,0.5910153703666718,0.6783847226541821
1.1736412336935038,0.2989931946995946,0.848371498899313
0.7277928097208276,0.5488372093023256,0.6801989254665843
1.0087729424571563,0.8346094279968483,0.7582531107923859
1.089008624364539,0.6820841216270119,1.0455842305838552
1.0324957287464192,0.5003147365419911,0.713940064164506
0.9214877505005884,0.5362795714319925,1.0678453531552758
0.846666850047052,0.7606424853948546,0.8821897690331103
1.0877582024711638,0.6341602696591601,0.930574339429174
0.8185037970700423,0.8907123607810153,0.9400629009483252
1.0927535810944435,0.357405175949968,0.8742610773076137
0.8837152235702619,0.4404297434168718,1.0466632966613758
0.8549489084429734,0.5971788739154569,0.7866890739103009
0.8245943928089842,0.852543736971123,0.8887858651197824
0.9795463525422882,0.5245565105841632,0.785303119910646
0.8467871467410261,0.4702361644759381,0.6152756945176564
0.7868617528627616,0.48812549987719744,0.7879415842595986
0.41687030477886644,0.5467877425117627,0.7179619625911169
0.586723586223183,0.723736804721405,0.6511999554772657
0.4569378400689158,0.4556889179197138,0.9580870257692046
0.8038376852179052,0.8589971228093084,0.7460276106537537
0.9715714651904235,1.1774363390852152,0.7206265718109639
0.7184324639015662,1.0615121835250512,1.1537747312451345
0.8491601754001808,0.7579888940875389,1.034583425062254
0.6721461428337806,0.9979376883747022,0.9383112909135501
0.5878007607355382,0.9434159472405946,1.132408632219891
0.5799982454689949,0.8014503632108534,0.8591857913033311
0.8780270709316613,0.875196619157971,0.9559774546837188
0.6948933348694701,0.7476350688208973,0.6950028593347907
0.8476891747384028,0.9085367653036711,0.7502308189948315
0.7540660001027161,0.7767736379250518,0.8121818090524856
0.7554106144950427,0.7938423912597554,0.8468191060349197
0.5468906788952164,0.7335987092063856,1.1376601057710618
0.5410205713603937,0.6552781857264768,1.0627229361945405
0.6625396535243488,0.8742587925345736,1.1240032056780256
0.7807732163773343,0.7733244885668629,1.0057515925129088
0.6008028078160225,0.629884506570607,0.8083586821339603
0.5374463994115232,0.7801083289926155,1.0458103803310894
0.5846031877297331,0.8619024873979508,0.6923166369815322
0.9138803183989276,0.8214033842783146,1.05176433261618
0.5608338618022637,0.9991768833589065,1.0857101457275313
0.8579817747072023,0.9414294713443132,0.6983908309418888
0.6626026022686139,1.0372078421731454,1.1705723778097739
0.6103633158240767,1.0008981652294282,1.0
0.5284186553922035,0.8733506038939436,1.1040802967763075
0.5924206205162783,1.076042586090012,1.0232558139534884
0.5383013397554741,1.0142508568585287,1.0405961797183862
0.5845722808109733,0.9777741754673418,1.214836428417033
0.6493463817744463,0.8810061823762042,0.8679323640511565
1.0376428118455203,1.0585048141496922,1.192897128868165
0.5662578593008474,1.13601404617646,1.013979521022285
0.6362947888842985,0.9416825103079126,0.9018228782767521
0.47425122675247666,0.6560027171290395,1.1313266232167212
0.6421117527763729,0.9035680227621401,1.0241242062286695
0.8725736034292475,1.1503910560862498,0.9726104482167611
0.7694129954334346,1.1134141076870734,1.1308099124259114
0.6547819444099661,1.036250693048095,1.2037847864848057
0.6093319028700166,1.0950057123901913,0.9875898423484224
0.6948933348694701,0.9626824969873209,0.7491582679268031
0.49212200539298057,0.8320584866525851,0.8708639467477243
0.5049047683574743,0.716897305008199,0.8207859697162816
1.13882831749235,0.831228715122803,0.9822323388659607
0.843664035408291,0.9583129867636658,0.6851220120761069
0.849743039565391,1.0158223304812979,0.6765016803896848
0.7474846028289349,0.9267157092471663,1.050832856777535
0.8120914419491294,0.7261934016783002,1.0919600979743405
0.8426734891826276,0.8785308682880819,0.8057243136211931
0.7179420065227289,0.9384711777882927,0.7726169868886753
0.6858127808674972,0.9651518874863291,1.1030222739114353
1.0503454801227536,0.6706694346178306,0.8520964203705103
0.7367952583262165,0.7609125087310344,0.6225852937879656
0.8611716825076501,1.040518361624578,0.6331873843273499
1.0692717705782964,0.9605003375819327,0.8962497248132377
0.9188054808487381,0.9589485294254948,0.8274926921816486
0.9109643872760733,0.9285105416932306,1.2459231581586128
0.7483375116256337,0.9953831563407454,0.8987035924274129
1.243143081430549,0.8935880721393836,0.9239193459693512
0.7422532042257489,1.0270310655691106,0.8433724056773659
0.8492952325597671,0.6829476740118824,0.8410092498127767
0.9304857501753323,0.8906438072485348,0.9173951443438726
0.8460627320482301,1.0637832143456831,1.0245201170777576
0.5237282630636078,0.9535113401433307,1.1743748297121634
0.9557826751091885,1.0367955541881784,1.102556753497195
0.9655530925475896,0.9183289600825135,0.8378449445508621
0.33364928909952607,0.7038015024356427,0.7556968993837607
0.5772048532661382,0.6638484655382482,0.673944341624311
0.8242069768999922,0.7751663260719508,0.7910859907560043
0.5275120584233645,0.9017074944885427,0.7350154163546279
0.5140447965270964,0.6170712538212504,0.7241197060769783
0.9652585051099623,1.1205523619524658,0.8159153240111624
0.9257451384678896,0.739640412417867,0.7323041845848989
0.8571428571428572,0.7531695778435996,0.8768081993733836
1.104661159569247,0.8238237920485848,0.7875917355917793
0.721964662799456,0.6838271176607127,0.5881668870888416
0.6668859288731472,0.800920787848744,0.9567842507684048
0.7904793230515672,0.8224726288169103,0.7117106280495658
0.9862807587847604,0.9299135550092259,0.8589308768282804
0.9889485332026394,1.0,0.7556611112873896
0.8145885998149958,0.7914869103779454,0.923040483910065
0.7261062081845877,0.8606155743247167,0.695727040879468
0.8109359707036301,0.6060059349450171,0.8609217912730589
0.8584313357117707,0.8802288348883972,0.7132666073652936
0.7584196242851056,0.832011180963705,1.0425179718140567
0.9585529390581672,0.7586017112427483,0.7561623197920189
0.6074691255279137,0.7837711603074818,1.0691156179300652
0.4954694612946907,0.588771010338484,0.9367828236497826
0.6449031619520715,0.7939883283604517,1.005242792673488
0.8981287572286589,0.6197461997397085,0.589181880900462
0.8367907971116859,0.7538204431720393,0.8479456405538568
0.6360794272294559,0.7326142234068995,0.8468264754949799
0.8593518366353289,0.7778803510939196,0.6084013133159103
0.8805126532141083,0.6990085337451428,0.9598092035067379
1.0268607654675126,0.9220034221451442,0.8738239404246977
0.7486586002843669,0.7757681972963444,0.5655428569492621
0.7467616364354888,0.7189782953670798,0.6460173535493603
0.8890708333132559,0.6791555260401261,0.663935659725917
0.6942427519396912,0.7477492013047664,0.9622198739194865
0.761372556182117,0.794048854658916,0.6473271920707009
1.2413368008899397,0.7365639623452629,0.8454665181427489
0.5446041439597427,0.9475046842688337,0.8096126717588656
0.5632504400781264,0.6299371381400759,0.5819050759794915
0.6942427519396912,0.8295630335764261,0.8947917967192484
0.9141892591354228,0.6795935426750173,1.0734401331333705
0.989914071669404,0.8387661218674445,0.7761887444890139
0.871741602808173,0.6046041351759717,0.8084794619943397
0.8425011684210353,0.7442188209796486,0.9020465277327492
0.783980043820551,0.8166603005943578,0.7713338071872129
0.7531839081922809,0.6932719815938646,0.9115802477148234
0.5549183479731876,0.764264852191533,0.6305239396720779
0.5422161115253397,0.7669909011963425,0.9138569819263355
0.6838582726863307,0.7189666567039317,0.9762766596923673
0.6772234454228372,0.6871521956996016,1.034927562691963
0.783980043820551,0.6340821043308567,0.956806578720932
0.8598712050136239,0.7596056598012865,1.1628925924750737
0.9518109853791535,0.6673129752404396,1.0
0.9446728356835061,0.8722537548527459,1.0801770845191963
0.7200203360542079,0.6297170411944235,1.0988872729079968
0.7761858709141027,0.496521775363874,0.674211597370727
1.1868706368604627,0.5906068888223059,1.0833806638178185
0.6844574520494905,0.7228354542180466,0.827226314883728
0.7714052125578084,1.0792134520182861,0.967348842577583
1.1151415466179595,0.7343657440078257,0.9722945742076234
0.7070089570237479,0.4622981951009062,0.8885493415023153
0.9067274555819813,0.7072765822400789,1.242830742551037
0.9621251970549856,0.6089731759618305,1.0811504383381547
1.2043432017913707,0.7154457452961713,1.1734720199620492
0.9408719101195587,0.5393189112691268,1.0283335798879498
1.0297709679214597,0.5233542464425477,1.1613359040023448
1.0028029684579123,0.6554932913237931,1.1796213532625215
0.7148875988507668,0.8060646577970201,1.2003639282555776
0.8508912142078131,0.8087520421241227,1.1487074987851777
0.8374671497603441,0.5818467229741501,0.9951670514748734
0.6885489385658955,0.496797647017828,0.679566595157163
0.5847385258979934,0.40017639277170847,1.0811504383381547
0.5109246808863728,0.3944762849879303,0.7714418980430813
0.6744078182741998,0.5895743698780952,0.6615509739833004
0.5983219062008438,0.5433570109901662,0.6688368286267661
0.46642258090352906,0.6103024807426671,0.6684807390923092
0.5199172226235338,0.8040439140463385,0.7578013471653519
0.8344469288242049,0.7507545955902,0.587918308153933
0.6267324866104607,0.7368075910548042,0.4566373119612571
0.8423638157609427,0.6257698938758499,0.5236694883775331
0.8362626863820348,0.7543959447508692,0.7119523848884901
0.6550215604787262,0.667072968953403,0.5173306546198557
0.9301152149213586,0.7182194055663496,0.6249600733653172
0.7383581190774888,0.6463553145028167,0.8459892917826359
0.7964707151173047,0.7233618465631542,0.8333333333333334
0.6770642282894934,0.9285885051716077,0.7305698743781747
0.5610094811713702,0.5783137008328622,1.0727392967453309
0.6905102375088741,0.8420845546328826,0.5796796893492202
0.4750328094241486,0.38746940437867383,0.6675047905983647
0.854894171823934,0.6170039382195036,0.40377837510813097
0.7448467843149362,0.7482534104206983,0.7552281744564681
0.6534311233654723,0.6959075528764853,0.6841756961655232
0.709687872238816,0.5810555968431022,0.7604730440298617
0.6412210978316234,0.49443357943842314,0.615889360201312
0.9784276250497362,1.0686690451793588,0.9157599967586545
0.8704606751137368,0.47948423034753873,0.7670259175854037
0.9016509407725499,0.5061123990197289,0.8301536130393565
0.5608569061458959,0.38451780042732153,0.7453975060873479
0.7504114818619952,0.7290083917404382,0.6771253153071553
0.6499189533391938,0.7085472111477837,0.6429235270931344
0.7464167553992236,0.7322497423545117,0.7018576030000281
0.9572166993617384,0.7957241161800744,0.6142539695602818
0.6059225950237875,0.7864683978929019,0.4541204380781132
0.8661417322834646,0.7036073456077407,0.6618717570781504
0.6770642282894934,0.6789243174856603,0.7183005416953553
0.6217103443998735,0.6094756752906821,0.4666666666666667
0.6125207995404964,0.6917448082163733,0.7078813026639115
0.7255807073067605,0.8293708348996636,0.7565421829485169
0.7504114818619952,0.6019437555916382,0.5500563457481251
0.756556110556695,0.646854311344655,0.8048050943190425
0.8540796230409221,0.7261124194160318,0.8429076343526586
0.7778251822614961,0.5402098265896839,0.44834169840341376
0.8452305432287276,0.49828418913932526,0.6618717570781504
0.720508970456026,0.8271675177709683,0.7222539700682346
0.5669291338582677,0.6800841190686726,0.8402540648501206
0.5975723460222918,0.7905658942305304,0.7188972447328931
0.6314155496211122,0.8028070736433892,0.753221295494749
0.8160074664018112,0.2986461822173747,0.6471834485489266
0.6129878440585681,0.4985507627814014,0.6636636030018438
0.854894171823934,0.5712556993684693,0.7322340183637437
1.1338582677165354,0.653014542790918,0.8367006838144548
0.7225512646039813,0.5569359041536068,0.6150998205402495
1.151645302097442,0.5020224575436454,0.686660219279744
0.7761465479311012,0.6940890287264223,0.5319444413734071
0.7556713579873257,0.4661861081201666,0.8671818786553139
0.8993832293641694,0.39683908223933284,0.388259272865075
0.778522683310215,0.5977948230262666,0.6225495831181251
0.5374334434484198,0.6900548940805713,0.7550510257216821
0.8097736860626861,1.0448501313537721,0.6913933000758161
0.8447126108521801,0.5412272936085162,0.8516118346395252
0.7659810192280497,0.5103476806984781,0.5660031028887709
0.7433814060374837,0.5828618251168765,0.8397727820594644
1.0919447669918976,0.522937351825467,0.7789223709504787
0.8818897637795275,0.6256854562087584,0.9423926585161874
0.9958029477298395,0.3861051685390856,0.6977702088002895
0.6824415659329386,0.5561216658966821,0.7190996761332051
1.041582924072648,0.6484236573187507,0.6515216997451592
0.8521072484306477,0.642724837617112,0.6026804737632568
0.816388946731553,0.7762144600332912,0.6209332381000356
0.8725567512243948,0.40963918116600706,0.6756773440149684
0.778522683310215,0.5234526972382849,0.48431632928586343
0.653043018632812,0.47848417889768047,0.9593939048684552
0.8993832293641694,0.4879425796881369,0.7839753100530713
0.6134288313090487,0.5004891925871853,0.3918583486147975
0.8832738103113884,0.75245763754008,0.8314598056799232
0.7226840801911225,0.6323011476359572,0.5125825633240461
0.784176365921198,0.8479414255001156,0.8063008006083627
0.6438589911636111,0.5419868757747548,0.590899542802013
0.8110084553649883,0.7638360305226413,0.8215633932134175
0.9535444841525401,0.4455154356120541,0.7395723120611764
0.8765778642170521,0.5639792798030527,0.839577763020063
0.9547263761701507,0.5799587205587093,0.8299159871458477
0.9453315158797395,0.8294518299677831,0.7977400412610274
0.8180602839613315,0.5913794869862334,0.8150924656020047
1.0076290447772192,0.7533819007030287,0.5639592003638094
0.9865123237918428,0.8034107251268038,0.7834936490538903
1.1484873869583816,0.9627322003750035,0.625
0.7042983012793089,0.5652995575355825,0.7165266452430796
0.7598395748289576,0.6348516283298893,0.6236758708410184
0.8578619412873227,0.5799587205587093,0.7488814261815906
0.9721641703767128,0.6801989254665843,0.5576781363871022
0.8426186417984185,0.7120438581395466,0.6757043514512295
1.0570464751358928,0.5888967916043267,0.6858309598443065
0.6140945950638099,0.5867130534146221,0.8019924998187625
0.852698681568465,0.5070975243910993,0.6858309598443065
0.6886376758040686,0.7051160876902057,0.7103297740895598
1.1173206488411789,0.45773975570811976,0.7037629154605888
0.7166443233224944,0.6931011532541674,0.726561071178291
0.8079296987083828,0.5507396496625581,0.9459577873541104
0.8908361703767989,0.5517825043771043,0.8465512736191434
0.8987322949586674,0.6083820327948785,0.6545753601461213
1.2904812531609156,0.8960134791749632,0.8386256939080243
0.9736107814878291,1.1316680880911993,1.1167434463174037
0.9151880908587353,0.630086031984604,0.6568782167516395
0.9139025184350389,0.7053721745056052,0.711609134439763
0.8008096028607077,0.556339568348359,0.819607865154687
0.7818634488198168,0.36969345497875705,0.6030716899321322
1.071555602441975,0.6258453834705113,0.9604715292478953
0.8190111348734588,0.820031491733661,0.6104031387630102
0.832615461244425,0.5046941382296758,0.7882268288838447
0.7428633055110954,0.866303044653524,0.6890232955966202
0.9596527870796199,0.6177421007290571,0.7073429513096461
0.9768633912490113,0.5674095436512998,0.7216117818584988
0.6880843935956262,0.7359965013819775,0.6080842083412163
0.9429535248641072,0.707187290935526,0.6659234476094695
0.7646668837224397,0.9214325798681614,0.979655288530721
0.9167021975599323,0.5628071751074062,0.7532681143900867
0.8387902999581318,0.7422779322474653,0.8084615133454409
0.7287735820817611,0.6153284514956529,0.689415396483703
0.899585877037805,0.6733473709959257,0.7961068951875879
0.5713282238013768,0.6022213579121349,0.9444094179258928
0.6728295700531479,0.6635367075447735,1.0
0.5691224132700243,0.8010007034859391,0.75
0.8473451616182988,0.6431989798431987,0.6607997373500158
1.0292887029288702,0.9043314036782848,0.932441999307809
0.7376991967388409,0.5793684911431254,1.1597553710658643
0.9266545319681379,0.5608602828839369,0.7599976295945124
0.8942238474315085,0.6324132147808039,0.7036512516558213
0.8516355617102712,0.8714019140878901,0.8674174785275224
0.6796311315015683,0.9211583472014556,0.7995540685656817
0.854459598845541,0.6436516774501009,0.8677124344467705
0.8797479152947321,0.7638360305226413,0.7354437426263003
0.8055997922927137,0.7293298993252308,0.8968669424151144
1.032270783868302,0.694558580671515,0.8534753752816443
0.9942601678956693,0.777471052687385,0.8560882081649994
1.0275352990408482,0.7687513549685598,0.8591912180914535
1.1250561824622305,0.5097778303962549,0.8783665918000397
0.8594614636602343,0.6939125805857832,0.864580934306526
0.504084559029251,0.7751759906001319,0.8954870457750461
0.8789022600065765,0.9821186073071393,0.6772513878160487
0.8253463793424123,0.7869967831924354,0.6736350439966903
0.6715372104452109,0.6256820974095566,0.6632814276210405
1.0458039208708805,0.591751709536137,0.9316218417981007
0.6169736669447199,0.6048884937771851,0.7995540685656817
0.8221685776070257,0.748740546185197,0.6118501144631608
0.8232775878024792,0.9225852206342647,0.6698521777429649
0.4856642903426108,0.4213086133955054,0.8115554096388977
0.7908951438503279,0.7178474293732349,1.0
0.6127098497845427,0.6398868202487975,0.7556611112873896
0.9024228542263775,0.6673313399767504,0.6824573519457058
0.940422732688977,0.9557192557229952,0.9140441358847022
1.0400713013043599,0.9188559174066421,0.7699385286193214
0.8372497721748808,0.9127958559606105,1.081292488153399
0.9585813898172459,0.8888126025008348,0.7988934908645582
0.8899702879660846,0.7441777449516747,0.9335691136180628
0.7802890471311099,0.7231925557003518,0.6989824921291476
0.820861102026266,0.7663618006660271,0.7270498425504909
1.0814387934696854,0.7788370657676543,0.8293359628034277
0.9927108203732339,0.6645898033750315,0.5730239794621397
0.9429307790597201,0.530523522138429,0.7641343411374447
0.956057809426222,0.9391419380549816,0.8085307202884231
0.8459584031525185,0.5181879441702842,0.7558646433668484
0.8767463483336507,0.6801989254665843,0.8398981982322518
0.80994579453493,0.740839472325592,0.6477288420049649
0.8851841726954713,0.7098094999559954,0.4828527834675139
0.8747256619995285,0.5129118129529475,1.0111487192699826
0.6672284510966064,0.37989688552428635,0.8324734368979271
0.5125898872376573,0.901705362563402,0.7843489143006945
0.856019541314341,0.5070361415528362,0.6307972378060391
0.8557067336415286,0.424564662351564,0.8922290470568353
0.6589048847881678,0.5507396496625581,0.8935012512464486
0.9267630157103699,0.8264964533072662,0.8454425322488076
0.7472648786930465,0.7482455925109932,0.6823334563557757
0.8937011993094532,0.7771717410892067,1.0
0.43507258545576444,0.7127241714373835,0.8902783751876764
0.6861349588419792,0.8668309715144574,0.714503518168867
0.5263516917882209,0.602252435582567,0.8338757137095004
0.8760839463449752,0.6577476670115912,0.8205615322528886
0.7100697287207215,0.6912784269283707,0.6586719256068554
1.0985385888389738,0.8064717500709541,1.124635390569951
0.6485102738800197,0.820031491733661,0.846447522376913
0.8095838408469619,0.530762867796535,0.8898241905215252
0.6428301982884579,0.6434747857427309,0.8271508221316605
0.8449709469071998,0.6045607938576454,0.8971243520899456
1.046566398159359,0.7566678683038561,0.7203868270911753
0.9866428995652133,0.5414676076634346,0.7406129564937813
0.8523796506084631,0.5816961299078942,0.841995804055083
0.7805044425360048,0.7642977396044841,0.6872786580828265
0.9343973833591045,0.7299691375663392,0.6434355122360746
0.5828343085388599,0.7852316102062211,0.813258136770256
0.5380932957323447,0.5224766984083966,0.8114205201954119
1.0096238412239436,0.5991081371313633,0.720650766809775
0.9215658580305051,0.7215549505384945,0.43972971249722825
0.8267140335810564,0.8317683537723867,0.7561434449979338
0.9705028865937622,0.7286373229353714,0.8686227629114276
0.8834591434622017,0.6294758636833218,0.8811648177955387
1.1094758676845093,0.8277965266209125,0.6842828164188841
0.9022360353348312,0.5929372494933473,0.727153149610992
0.9507932168694877,0.5883065152036908,0.6952017995870492
1.2128926710600578,0.448619822171206,0.6566774965549873
0.809976148570734,0.5177571778295879,0.407776937852125
1.0673668885676055,1.236524958395633,0.7103256407676521
1.2278305942164418,0.8663693790437879,0.7988934908645582
0.9718572127545501,0.6014733015069571,0.6943810038688368
1.0959703662003049,0.7435756940975871,0.9445708975354591
0.9350495058848345,0.6181982258393937,0.7728499957409374
1.242600352986521,0.7572411483862382,0.8222767041999675
0.944580482283586,0.6300021679496958,0.7747466337608762
1.1338814053258282,0.5097778303962549,0.6370288691415158
0.9278989570210053,0.7495648386610954,0.8703799831862644
0.9132073926794507,0.9481175362923381,0.7940406525094168
0.7306142140683658,0.839067465764254,0.8146434684496142
1.112187362760465,0.726138721247417,0.6998615165842618
0.9439756128789322,0.511759257490726,0.7695011360084176
0.7474843415475472,0.3876275643042054,0.8960499980509374
0.39311634139034846,0.28033261366558715,1.0263340326574861
0.6971477673036641,0.4723551469889137,0.8350192191415202
0.442322301280099,0.7677556619027941,0.869878273843185
0.2635222977908267,0.5177571778295879,0.4058240889776935
0.2985676154098533,0.6372324091941592,0.564242211941955
0.40895969895088313,0.43822343958812415,0.8194343043680035
0.8267140335810564,0.5608773687693105,0.6700495280866269
0.621045073399775,0.6666666666666667,0.7290344485048194
1.0060668488231668,0.7223332920832555,0.6671173565890081
1.1355641074783729,0.774799217658827,0.6057964746005686
0.867705819572373,0.6658309662559367,0.9304608465083146
1.0402089649999853,0.6109388373767022,0.8356154290216389
1.0097105686651242,0.6363907857992945,0.938627645353111
0.7479250166761953,0.5453993423933322,1.1447399408819672
0.8125417157281852,0.6916158034189555,0.6938728626821042
1.2036402816923437,0.6918169643654379,0.8248128512578649
1.0225154890341912,0.7507292188600977,0.6797095662980234
1.0899391138411842,0.76860720571161,0.5221378750629035
0.8513403944500638,0.7201479817768686,0.7799263163866605
1.0873951179861188,0.4594459952932942,0.766327136530295
0.6687265701574557,0.6533973852369879,1.0785203803982168
0.8958037492037398,0.41015206093547807,0.8831976078625133
0.9493351861840729,0.6933522922480824,1.1233672876110572
0.8120485307381131,0.5248814108980151,0.7768382180815864
0.8317989356208054,0.40510546254207036,0.6448517477863502
0.6955366651393029,0.5457153771016456,0.8719546775448687
0.8958037492037398,0.7584301828269877,0.616153434155567
0.9120715415243468,0.5589827229373194,0.7158025170440715
0.9030013531851198,0.7638163181667084,0.9628307625240047
1.0452442277760676,0.6665570846278548,0.6999375548247002
1.0899391138411842,0.60631185941572,0.8369571675850452
1.1172662574550487,0.7277918361095267,0.7649617759769314
0.8188950144183128,0.7406330571503782,1.161677943597002
0.8809391820507892,0.5845371863701287,0.6683760796437783
1.0356841096571694,0.8193562990032129,0.7352342693626254
0.8166595892930147,0.5575270062767126,1.1442274777082873
1.0182768022727207,0.6406095775608271,0.6496257025157297
1.2575481311981305,0.6431300279554177,0.7761074426474796
0.9351391742515711,0.7387708307458911,0.9582765079049888
0.786705783341396,0.5114167921464754,0.7104062075167932
0.9195875391636029,0.4297083714690083,0.9758049724231814
0.9837119724373607,0.7198925241009421,0.8319965592542999
1.2084191630107546,0.7814849618609282,0.8128895708933574
0.7583422431907265,0.6117898878755643,1.0942386498878791
1.0506648138159271,0.6764948109079745,0.8107762525514689
0.8419703715182495,0.8467265567299989,0.905343381948937
1.0225154890341912,0.5556326157112184,0.63065807350898
0.870460232767825,0.4074405387215164,0.692070702853987
0.8597043835120077,0.7403042887311521,0.7266143671945835
0.9193124104072677,0.44137080795710604,0.9666109718352911
0.8269467157538948,0.5380908127954921,0.9052177954682642
0.8419703715182495,0.4556128606031141,1.0536398904889113
0.9661578802836707,0.5424570469828949,1.0
0.7989710206547901,0.5773884145305069,0.8475191589670347
1.033444310338687,0.48675288494027,0.8848132903011119
0.8648269553970586,0.43749878662009856,0.9806099766836146
0.8045785752814236,0.5161957867702184,1.0881088351351376
1.1334982478469955,0.30384686531835237,0.954584847304213
0.7005289975112592,0.49152833073158453,0.7318005475554432
0.8768452579900402,0.7610476165336262,0.7702283066696408
1.1292591226648208,0.6896504488650589,0.7744490770296906
0.9081025376858614,0.4426097937374982,0.8874303054116783
0.9120446511617484,0.4332530630814849,1.168797817709997
0.9360645396553813,0.6399945206834683,1.0256882384331705
1.3313524468165736,0.640581523834491,1.0174670371366294
0.9755450131502921,0.6100930714812696,1.0854520741976459
1.0779828108737923,0.3117170000488032,0.9261848097715508
1.0073421650150993,0.36215510718041766,1.058700884442453
0.8276545031135722,0.562606473532232,1.115466694411457
0.8358435047594286,0.6175223114396922,1.1287114083935852
1.0495049504950495,0.49965851287379537,1.1500453205312344
0.8961680294523369,0.3525365444851569,0.9390555721138932
0.7895255335197369,0.39319453441218744,0.6462927169586523
0.5584923367469202,0.3766710561737171,0.49990866745745366
0.885798807273206,0.6008614748935107,0.7552075475713347
0.536892143057631,0.4811218985976268,0.6520141032087396
0.4750230485853961,0.3616104592885532,0.7255344861406625
0.5631328300787816,0.6189995262555894,0.5295567641458251
0.4368047747509597,0.39682981012107665,0.8331838921179553
0.9235340507346368,0.7431863880097459,0.9240855688784081
0.4611750000989314,0.6748579266639118,0.7597821747235175
0.4390631861976748,0.5819601914250294,0.8455262453086725
1.152891695294212,0.8905166635894372,0.8908767374797412
1.207017543859649,1.0179807460063939,0.6483615512435181
1.002250147319155,0.8393090340688146,1.0612665323689732
1.1544994062426983,0.7959796164018036,1.0148593167219175
0.8439202054856584,0.9737446237765569,0.9098811924953112
0.9576750862134223,0.7518814399573152,1.3147994534845364
0.7216859393730995,0.8555834483267535,1.020167685552674
1.0071310424973425,0.9518522090399842,0.7730201878216312
0.9751077041848034,0.9582744340850251,0.6985922319778786
1.0963738849304854,0.8089714728794398,0.5888922373602788
0.9576750862134223,0.9290233710273927,0.8289179872018434
0.9826578006095176,0.5608374793733737,0.7341009400628169
0.5790930509771084,0.7513514617810648,1.242742761394998
0.8835077005982152,0.7380501225532214,1.028608359300011
0.9526042551243095,0.5904887736871413,1.095903896964941
0.8881118786455048,0.6922072240533235,0.7316208506507018
0.8553668518187225,0.596118061738704,0.6774141647542888
0.9451267480118942,0.9518522090399842,1.0624237233121312
0.5446210114293865,0.7504818966675031,0.7016033811398189
1.1714720435366635,0.7020271125338328,1.0637585824420985
0.9342917539801551,0.8370971197094681,0.971105186875781
1.1038884247488725,1.0313644232521884,0.5522401990286012
1.0278413445354735,0.8160029212740235,1.0388001253608208
0.8464202336263783,0.9116418865203424,0.6954746262694197
0.907408184992714,0.8617961028732377,0.899733615013212
0.6456135379100196,1.0072478177323492,0.7422004900584166
1.033381647538902,0.9175326094057448,1.0174427920615008
0.6074676429142072,0.9157335381037927,1.068893195710709
1.054401199381232,0.7236607252530056,0.818416150257305
1.3205765942180312,0.8203386379365833,0.9751356073543244
0.7800802718775661,1.1196378564966922,0.9675647769811319
0.8576343808996933,0.7829222410633079,0.7322466953992934
0.8525610170946047,0.7785849626921522,1.3824467195482915
1.013574842146195,0.7168312344494265,0.9888054246217348
0.9772824805811271,0.8562131913048578,0.764162164890231
0.8140350877192982,0.7948426702634568,1.2965274650455125
0.9784564796019588,1.055615261652364,0.9369572582928003
0.8937856669216758,0.6701304376229789,0.9264153510998868
0.913834360639704,0.8704298080810294,0.5887186711752987
0.8092407412398168,0.817652845252941,0.6084319439369503
0.6328340406803513,0.6333618400408076,0.660750533722221
1.1441007540660504,0.8129815370415773,0.8274680467841768
1.0029434052379222,0.7958772605672182,0.5666482973934539
1.160838847232891,0.8665821744431441,0.7081080210813726
0.9984502827685399,0.7556768234627631,0.8427437732058497
0.869194403106101,0.5256180133001984,0.881463659040175
0.7456007465496242,0.7817594220066987,0.8133226139615575
0.95377315443928,0.6724272970145937,0.556168692070796
0.7026994185070321,0.6178056058572448,0.755376786720988
1.0206038366654562,0.6235202840738339,0.874313968115153
0.7361514275983225,0.5118168917587345,0.6803087849938843
1.0176965838326728,1.0303435864470551,0.779350404024801
1.042749098003548,0.6966144934230031,0.4442615546002806
1.0813210057344158,0.576526717657257,0.5911417634251559
0.9243687366140572,0.7597561785933512,1.178401470428972
0.7046992339350089,0.6847403052986587,0.7741892857667525
1.4521695893905802,0.7777498913660359,0.9170195736244229
0.7201603272910295,0.6882300296803506,0.8997049737549283
0.917000550128831,0.6226588800809918,0.680295647628615
0.998543061756952,0.8228085801227597,0.9482823782545624
0.9658007215971616,0.9213386864978145,0.8470251651741811
0.7540078827924177,0.968718335727945,1.0536544706096738
1.0216116693081465,0.6507949854547721,0.9673399590206877
0.926414869051942,0.7619832340078463,0.729670739903614
0.45775202122474323,0.5429193264739908,0.47925284268659263
0.7544038674623309,0.4806072404672207,0.6952934150818681
1.0303759824648555,0.47253679747980537,0.7714030116049022
0.5443623526725766,0.615381003620703,0.7294809326088282
0.7145375631319244,0.6243014789110999,0.6918055135044551
0.45775202122474323,0.5139244671455272,0.39447091850930416
0.6557274601693066,0.5050868412174427,0.8318958238211585
0.699565172149883,0.5241815460454606,0.8683517089365461
0.9181498054116182,0.8911485979168792,1.0098285141746344
0.6660724891303338,0.4868433901795731,0.7559550660165753
0.6011664664042071,0.656551487740177,0.47710410855416774
1.173624172702861,0.9629443719806997,0.919041459842632
1.107583383148153,1.0759453965468402,0.5662829437636927
0.9207865479817138,0.8598104462727447,1.048403973109543
1.175449893078576,0.8530862362493348,0.9866950204113198
0.7702384999439768,1.0428161471850064,0.8528556530947247
0.8820240578422756,0.795354001402521,1.3158305952765703
0.6839458910117222,1.0471640356622725,1.0975136009356785
0.8785295677707491,0.9935060827633698,0.756115695660123
0.8325679404506571,0.8818178426815688,0.8943949984286855
0.9537909812314713,0.7484228964809714,0.48110579604147385
0.8121123884154758,0.9169068014252219,0.8603018669959301
0.875272328541016,0.5788472105814264,0.9740699421147135
0.7359394990550069,0.7840256573710325,1.2503985310766736
0.8677110678185112,0.6994198081579859,1.099122100170281
0.867889685867477,0.5686372559688568,1.0806676455967303
0.8729395833562521,0.588487499364612,0.7942133163806602
0.7202407606635481,0.5997777718312409,0.6643185070329611
0.9376858045715505,0.9242376322393142,1.20998009027548
0.7027794121117199,0.7926499630939026,0.8883917960342939
1.0635415354810056,0.7744347467909325,1.0491232728639714
0.8530242840350271,0.801228850395444,0.8554194252315425
1.0480642727309248,1.1308653292759152,0.5174525109475738
1.109442412872831,0.8484606745554594,1.076431288758083
0.8255944521433521,0.9970557330306398,0.5455484307089902
1.0331286597443397,0.8078364372448111,0.8672294725807222
0.8078133602084581,1.063540554852128,0.8443220863238867
1.0930475922298972,0.7664220025508877,1.0843383570140843
0.6238214765969308,0.7780753972069755,0.8802551837018786
0.9827021232176052,0.710207567706808,0.9593526159433539
1.146975715964973,0.8900437943659156,0.9332095325457972
0.750258633846536,0.9029002144477334,0.9257805745653676
0.9082409338773254,0.6951613305319568,0.6863033335460669
0.7629857858327482,0.871433675671268,1.250375215885365
0.944944203507925,0.647312215183068,0.9565644729590904
0.9742019309330511,0.8213784409973189,0.8267660737481805
0.7888178034499219,0.8044703562584723,1.21761378538202
0.8972475334524821,0.9401228792353988,0.8682874219301392
0.7691041229850697,0.7716126247164234,0.882548486994764
0.8325679404506571,0.8233008875958365,0.7753383330444229
0.7833733321884253,0.7937886716422942,0.8282443449628948
0.6403096059341461,0.7222025503713493,0.679689840577268
1.0258380777277094,0.8626690460029265,1.0013671194701013
1.0568231457729733,0.7442121085835414,0.7618196062758102
1.292927605168195,0.9086152287088289,1.0124456687897154
0.9419245350985931,0.8195267964420951,0.9061288874921649
1.0537283722634117,0.5339926326805954,1.021227404011936
0.791492165573485,0.9532288502693432,1.0584346474434112
0.8852880137726368,0.6853525990241256,0.7975484054507617
0.7798161431124616,0.6500411599507974,0.7584359513169577
0.8629559425475353,0.6666341747124096,0.9709169320891106
0.6355887033122471,0.5603351130450045,0.937771656051423
1.0200962826771074,1.200536473655751,1.0094080412907043
0.9708724135982268,0.7214143504630796,0.5609356735735549
0.9311585195246591,0.6352946084416229,0.8522793858758703
0.843641537962507,0.7524748363815786,1.1570997137319332
0.8077359621450211,0.6653608998520291,1.0041263288596316
1.4032062329962214,0.7500734702023858,1.0526857240099352
0.8585574102739963,0.683243707601413,1.2204275371733027
0.8546246117226015,0.5632670662115591,0.8947925448846688
1.1571777406284403,0.8584465547174711,1.133475352689889
1.0129455939563436,1.0102829747625046,0.8652908930540792
0.8431052251945312,1.0011813491280033,1.0558326213700384
0.9531465887191845,0.7828855134013862,1.0515245879833295
1.0233977659065183,0.7516285533788734,0.8827171387955771
0.4224838458339113,0.46057472118392506,0.3879278858213243
0.6036690576024308,0.43131941033375953,0.8965115458022522
0.929367303324476,0.5684086980308158,0.9131964415415974
0.60833028986504,0.6020940790542202,0.7724582947505627
0.774155176111337,0.6580384212572257,0.7240437478448333
0.4990077254749665,0.6422771459732053,0.6403303373689797
0.6908120098641086,0.5156116222531801,0.8064744345517867
0.6036861812430301,0.6545053276199706,0.9227699702923723
0.9070507244122765,0.8972309243088276,1.1672079191545812
0.7421379647860243,0.38338554585296525,0.9965314766677066
0.6898750396174589,0.677788264529767,0.5852076148016214
0.11941008608363679,0.19354048849919847,0.23469205208621202
0.9480688345238505,0.7693648789214618,0.827695819522947
1.0676276771915394,0.7840876842336001,0.8393196946441692
0.6344605489562904,0.753151876054905,1.0663895372085455
0.7623348719121114,0.7146381435375484,1.0161018279027474
0.8461381483675856,0.47860900441425946,0.9483006163838225
0.8128329898723743,0.6104603435816378,1.2315248801964411
0.8803020885153758,0.5194132458813624,0.6721888953141844
1.1505327157868597,0.5659426338587844,0.8032324128226873
0.7135431303298864,0.5949042531665334,0.9005966580034621
0.8171984654244503,0.580644468769819,0.6833307179126333
0.756329741531959,0.6830223449386894,1.057132028971573
0.8885827970937689,0.44606227863171166,0.8944462922773366
0.5650633844860988,0.37235408553915217,1.386100389800442
0.8181020416669902,0.6283074160527989,1.181959705373887
0.8536817735910296,0.5564223477188702,1.0535362043599779
0.8610645945438896,0.48859168804324127,0.8377189115838447
0.6892893877013438,0.3896882905274629,0.7008270932824766
0.7817607639857862,0.69949874651762,1.1553972079525803
0.6848027744916547,0.6260249907593691,1.091410628595092
0.8161165118783589,0.41360300429089136,1.1462136539195062
0.8556279703023998,0.736407553716237,1.0570964364305915
0.9611540167659645,0.7888118626424717,0.5612855713651838
0.9429973709388071,0.7149442661555174,1.1317395175218794
0.7309018894465287,0.7628348790842701,0.8020064346863107
0.9173470950285951,0.8089004539015424,1.2096495412737982
0.9216727125841256,0.7436668045570035,1.0324832875873322
1.0139262799979771,0.7197757308410975,0.8979328227307734
0.8260169932678451,0.5995580615906431,0.9107080452665823
0.8542054256267574,0.576160504100027,0.8032324128226873
0.8519729822087896,0.5924226772936914,1.0269435115207197
0.8813593122237922,0.9490564478051906,0.9023683276344919
0.8481475200851338,0.5306793216136948,0.9639126383643134
0.8260169932678451,0.48025516054637896,1.3492050897185366
0.7312405574298209,0.7447843630362455,1.0094349476860534
0.8925410990152925,0.7795844924888065,0.9158341257659934
0.8099984307475799,0.5799315722217049,1.3011611773746317
0.7034090005223572,0.5974095144107686,1.1138571169953149
0.6518430000505729,0.7331197436581881,1.1976107573441588
0.9384908562058039,0.6156288932019633,0.8234129871515233
0.936673319149056,0.6400975731729086,0.7131181229201311
0.8510317383097464,0.7431728828609889,0.7468163497216577
0.9791174301163509,0.495643722775998,1.0512895785208594
1.0405220449236554,0.5496043788906875,0.8985040678055272
0.9860737200020229,0.6317293297495947,1.2259282124232918
0.8421205964346873,0.489952172907303,1.170405729136922
0.7522291335841146,0.7296323747937454,0.8715518487104311
0.7462079338415359,0.6295341275965651,1.0345368111009565
0.8161488322087171,0.4330834012590704,0.9546279491833031
0.6559544406059343,0.6177561160877092,0.8561004074912597
0.7649721394427987,0.28487541666180494,0.8882889305621366
0.6662100649943545,0.3119990847449613,0.8945668342024639
0.9095088638375204,0.799141166204964,1.2163285222910984
0.9293764576853862,0.7780832380214391,0.5008433350148287
0.9470757521168636,0.5287021438829871,1.0295364185094658
0.642247364525788,0.5983583622784838,1.3211333853682172
0.6350152488734806,0.7665550945420334,1.1015391177473575
1.0752019119890763,0.6770274297918456,1.1455054699929956
0.7105004928767737,0.7748197242463063,1.2300660925559561
0.8902531246394083,0.38942596530205686,0.8904428434808922
0.7659927956764496,0.4990404989501357,1.1549400967916066
0.8639842888755587,0.6534025994269466,1.1630263949312218
0.6319597407794938,0.7388176953280521,1.1335670877116157
0.8359081327732814,0.5865508847026384,1.20729025363562
0.9378661977837284,0.4527044579218136,1.0936179994234516
0.5854298380135299,0.5377498364789758,0.5688748934989252
0.43449982766262785,0.45356255688410174,0.8975285947042165
0.8234317080286222,0.5903267548006487,1.0635491225236584
0.5204093105133043,0.7002199794151599,0.42260417510199944
0.48717805506980705,0.2027925902600345,1.0770688907737413
0.4926588926739003,0.6759611973566594,0.8115969319934738
0.7872849522175023,0.6036690576024308,0.8178392341168479
0.8746634800182063,0.688114686676543,1.0934646039092235
0.5553563000903711,0.5470891863421616,0.9254474935025966
0.5218910926955197,0.37724763122047245,0.9370353422179212
0.3851062997328455,0.4162178546505745,0.6057361925668303
0.6983590906218642,0.593275189046582,0.53272100033114
0.6184472814634401,0.6658717727242596,0.43463517670323826
1.227225784645505,0.5932297217554272,0.8501273376674549
1.1854345299891063,0.9212331847363865,0.9049618073377017
1.1868706368604627,0.7894089692234816,1.242535625036333
1.1478592174270432,0.6419884413118218,1.0530612244897959
1.261861468283191,0.6947389214738176,0.7597377526079765
0.9709503553112937,0.863310499540007,1.0850816263581247
1.1116593037012128,0.7289543102120967,1.0720169110448805
1.2691909510290826,0.6788473673579574,0.937652031361145
1.303583611883759,0.872942935033712,0.658032143467842
1.1778594583599775,0.8196871162780693,0.7891156462585034
1.1452482234435317,0.5562162359537871,0.8004985412326112
1.1309307341415955,0.6700677792481494,1.1265518658881384
1.0222222222222221,0.6163768325417758,1.0682375306452687
1.1941747889473624,0.7954732224603807,1.1896239437383178
1.29277002188456,0.8282385196372095,1.0678541346847208
1.0993807989999906,0.7274219784959048,0.9083594280107642
1.1799928004319713,0.5685936849044197,0.876265989692568
0.9623378211422645,0.7346999991217908,1.215494392556432
1.148486603312689,0.8015886205303385,0.936018803689298
1.0136272161997826,0.6784776951404479,1.1690259438912571
1.1352962850405093,1.001933917649533,1.0536912957403421
1.1452482234435317,0.8089865781135765,0.6501697863463258
1.1778594583599775,0.8172126106371144,1.280655812663268
1.316227766016838,0.9303619224929583,0.9442342815457981
1.0478803337922074,0.9982996369082076,0.8467751587689476
0.9672380516545219,0.9558598461979203,1.0082341488243463
1.1145572327705784,0.866070093963515,1.023956373960912
1.2457581620011382,0.9369762090703935,1.0797773654916512
1.115001613554367,0.7533146659053054,1.062347968638855
1.1653621261606224,0.8038940759070866,0.7951036669712468
1.1394193351153852,0.987217366222331,0.9554526402994491
1.0290496446887063,0.8703890372718035,0.9981704517710077
1.072281812353276,0.7277784242906553,1.2634921079602837
1.2488989688154308,0.8071367322276812,1.1622907626589205
1.2770602860187164,1.0153628138402877,0.9398737964789542
0.7615841757282921,0.8598580179873567,0.9856261756234528
1.2277100170213244,1.0099036311605802,1.0288615012729203
1.0229114465541156,1.0446433020121617,1.1098511164144402
1.2457581620011382,0.7661927877217083,1.1172359723783272
1.1532128532589738,0.743726634379812,1.0021772855088533
1.1070745915372375,0.7305476778814175,0.8966605880835433
1.095433055718978,0.6540915665724216,1.0817825754153714
0.8888888888888888,0.8267146456181202,0.8576379591994256
0.9312656603376529,0.7503986877603063,1.1718107983722728
1.0585005425950489,0.6787651206999364,1.143986465908277
0.9369642170368699,0.7699678322358414,1.0651203294055074
1.1169104844178064,0.8070203245590091,1.0270978623411717
0.9353694388058765,0.7436427675735229,0.9608955608076133
1.0487950036474267,0.7699678322358414,0.9865611304516629
1.0666666666666667,0.6344794862654828,0.9049618073377017
1.0,0.6848789395807016,1.057270266124091
0.9809133888562044,0.8152036071903818,1.01443075063646
1.0968245836551853,0.89032171623028,0.7591836734693878
1.011162911443719,0.7274219784959048,0.8640491077523442
1.0439233474380172,0.8441771174470429,1.390818801540831
1.1288139315608485,0.9819211620159802,1.4156219887701322
1.297848805203504,0.9281564701152729,1.2673054189841568
1.0610619421206093,0.7963311029150086,1.16279278156206
1.2442803120195804,0.5294154156342337,1.0713052272311567
0.9670010724477185,0.6877275206775875,1.1295258342699845
0.8709005551264194,0.8108336488518273,0.8593548625508551
1.0254410925657391,0.8653733510294969,1.1852218505800278
1.19283080244566,0.8098069582659088,1.211464614750521
0.8888888888888888,0.7480043256093536,0.9961724012703268
1.2146307310496343,0.7680265980918823,0.7742560771654612
0.6421699732522045,0.5710277048368748,1.0432922519093804
0.8580315571695952,0.7858453606868635,0.8832920162193596
0.6429378714133378,0.843841348459876,0.6885087442007364
0.6220749619611977,0.5113340077555808,0.8046390117834779
0.8330649869613955,0.41787214439934517,0.7282730887965749
0.7791528837103623,0.609171522966365,0.7427353319279315
1.0229114465541156,0.6313957681538745,0.7693125160362366
0.4822535690068577,0.5580538577769802,1.1214885806101087
0.5630097804556706,0.7632431380948108,0.8776336055525089
0.3918413153636875,0.5227263748703252,0.9153501378682858
0.8498863328659617,0.5515790951414737,0.6624812344592995
0.8696410185208262,0.772676290779337,0.6635740875433731
0.5218398699008664,0.43168236228785484,0.7814751927484274
0.7649453605999839,0.661944546903922,0.9522040040392076
0.831960540895279,1.0144843312754637,0.646398538005723
0.7761858709141027,0.9592887644595525,1.1657440138205468
0.7675233993821238,0.8493655647005874,0.8734481341118616
0.765745259500022,0.806100967129188,0.9006749233475355
0.7306792714770438,0.7708655345554287,1.2476464870736164
0.6285170819520591,0.8620535437204526,1.1580205619337673
0.9737296531253633,0.7327650490956479,0.9613377663486471
0.710786713611502,0.8034996996843702,1.0223216510060809
0.944772208694699,0.6289782834823514,0.5865972380987478
0.7306792714770438,0.709199195161843,1.1667816737612628
0.5527864045000421,0.5725238998259913,0.8251121076233183
0.8807233244174015,0.6369983600674509,1.3312611106744283
0.8160781972632234,0.6631285676316163,0.9597451302914449
0.8888888888888888,0.8127252219272892,1.0544521094475143
0.7332892452671205,0.661944546903922,0.8206801963372131
0.7248071869208914,0.46947748292756253,0.6188352338673997
0.5773229844113553,0.7543597926030703,1.1580557657463997
0.8160781972632234,0.7306007423848535,0.830577006116002
0.7539721762561143,0.6934322288499457,1.063140775937601
0.611228350813499,0.8687741163233026,0.8291863043046414
0.8157279225895564,0.9630734871227377,0.6483431644596236
0.8816547329172123,0.774155176111337,1.022029852170627
0.7942622000505442,0.9082111848327967,0.7925166817446277
0.8271122414097237,0.689366785638257,1.199652526160034
0.8241518672084155,0.9524582874666906,0.989787940402328
0.8099460999100977,0.7863976997203302,1.0415952508744373
0.6543548528527706,0.8652831696650456,0.8918556782410453
0.655293316325218,0.8505746292319692,0.8453510653945882
1.0366765706779717,0.9394132776273876,1.0423523549887628
0.6103755283408616,0.7009938441900327,0.7851466487511432
0.8157279225895564,0.6714051214441614,0.8116712675666626
0.6543548528527706,0.6732318180047563,1.091841562790362
0.8499732071088334,0.6731304545079813,0.756352104395588
0.890559199839864,0.9910902311863453,0.8917546544915479
0.9870738877611753,0.8019605656939521,1.3268198282991495
0.6666666666666667,0.7874838942897409,0.9284114539669495
0.7428682528195439,0.9741088120873127,0.8855598575923628
0.710786713611502,0.7457535819095393,0.6607402765723445
0.5364866525165348,0.6862308571441614,0.8352824607662154
0.5994392768468564,0.6273544499101397,0.6514882243986986
0.8603003109432219,0.633026905187436,1.0962260211098571
0.8373499878419111,0.6810280082402265,0.7085719781666517
0.7875868175465798,0.7135639855575513,0.8816215690474054
0.8344370170204928,0.6199431809843441,0.9553566979878383
0.8872195204811747,0.5455058629390835,1.0807627720964683
1.0081494964479847,0.7020724299561137,1.0180960733694358
1.006307296938405,0.6344579413053106,0.7632173583518632
0.8571428571428572,0.6178631384910702,1.0642869898338811
1.0325300024316177,0.6063114943615078,0.9158091757156483
0.7635668781282698,0.5576760278545929,0.8342701966663676
0.953433436981074,0.9123122389626137,0.9821028634917374
1.1889822365046137,0.8091739906974666,0.7519583428592487
0.7548875629245249,0.7203138337694319,0.9242488389355769
1.0357206649740873,0.719499217478896,1.1280804793257373
0.7824258217570816,0.7336823826217391,0.9136542714295334
1.055898205908795,0.8883347291404954,0.9254735080023853
0.7556795495434849,0.5948385530855229,1.0377170138602472
0.9637227778209002,0.5043403980971022,0.8184789467675411
0.9302254124214276,0.6951024543628785,1.0259095182055364
0.9160078948868384,0.7278663816587259,1.027994820277887
0.7393063770466495,0.8011229808342903,1.0568109085699233
1.0506648138159271,0.7693648789214618,1.1086127965779466
0.9024099927051467,0.7224555157560703,0.9477827837522118
0.7556321628969422,0.551551470669125,0.49500831472424045
0.6984126984126984,0.5326554401985373,0.9821028634917374
0.7921794794281274,0.7267590193910092,0.9571889242486884
0.5962998665022707,0.8813722434397675,0.7719350869643465
0.566390739450952,0.6795137686850643,0.7577116837105952
0.69357048998188,0.4742154517016114,0.47918496051872683
0.5606611540165721,0.7092534401885164,0.9918189288984153
0.7875868175465798,0.7533370671525308,1.1005218074935177
0.665870645632628,0.8352294890856731,1.1506711442910456
0.4587253855643648,0.6155354745332372,0.8614366894784815
0.6019193200177149,0.4247191590466144,0.576679595163578
0.9181346224874436,0.6195111544937095,0.3760586415335406
0.9070334826474837,0.5561052921019474,0.23859920936840584
0.6005907873701077,0.5833362339119408,0.4608202497409898
0.8048199854102933,0.4044389504281809,0.8951427396926853
1.0376321651628173,1.131386710469666,1.0140988341056434
0.8903183005785836,1.0992342293970019,0.8556757363172859
1.140675989690666,1.0524485142732258,0.8728832195981804
1.0,1.3031581760174549,1.120949825935034
0.8192984194189498,0.979484924188541,1.0719153622747697
0.8797230441351472,0.944505163322179,1.3853260957468856
0.7058005386997347,1.2232715797264457,1.047423467767511
1.0,1.17735651503831,0.8357743014402885
1.0598550271262108,1.3586326300604163,0.7274047150950018
1.1338923854009157,1.0271906436521059,0.44900634851817867
1.0601384779324263,1.0439233474380172,0.8063470122586036
0.8192984194189498,0.9940557220388734,0.7023750470653647
0.8159825175087055,1.0170971398022681,1.3119753997529515
0.9527082349370075,1.0069275936288575,0.9628770095174943
0.9326564970298526,1.0058177894912264,1.023655314304434
1.102868899974728,0.9041232112788924,0.7250916337969606
0.9006345339938521,0.8680302303378018,0.771331961723805
0.8440637648829099,0.8935860909770139,1.0442496501460097
0.7162494096220453,0.8280353656876932,0.8485528547529058
0.943577964584907,1.1430517007993786,1.02547931198955
0.8132733867731569,0.9394084673525614,0.9861650569205643
0.9398615220675737,0.9739117809554476,0.8084334757332292
0.8661076145990843,1.047107349699647,1.0912368694770882
0.7272276372050095,1.1804789035990262,0.5409752179601199
0.6828105345297458,0.9380869267443416,1.021712499846072
0.5478421557966477,0.7881962008884018,0.7668443274635937
0.7628439972743755,1.1417619942809356,0.9905347704153508
0.8204349186213673,0.8764923852906857,0.9547965297010479
0.8639565952297128,0.8560986899441456,0.7947178768003608
1.0622422044089477,1.0853575344729818,0.9325374102826018
0.8425679394134843,1.0829849171756172,0.8402891733413036
0.8195845662027209,0.8212603987103695,0.7289276637004576
0.8802899457475781,1.0089345991880707,1.5182641870822087
1.0,0.9032804275043691,1.07087116364842
0.8361230617916645,1.0910628094681627,0.9399713239549773
0.7806366011571673,0.9515292051503954,1.2765950423069707
0.8653129940597052,0.7702173374322567,1.019005431578221
0.8577063983646254,1.1134095954247485,1.1417814340232832
0.8204349186213673,0.8267639814772574,0.45959700386647695
0.9365638520304449,1.0378902826688103,0.8179134273913855
0.802964032265339,1.043080614990061,0.5881215749493632
0.96048696101532,0.9785676010155476,0.8991959794597565
0.769978146885882,0.7894669899588551,0.6713240552150775
0.952568799454875,1.0854426765128875,0.7862945065594357
0.9031138968455593,1.0369942170014115,0.8103684974573926
0.7390070630257866,0.7589918896398709,0.7212667596336245
0.7925476887414766,0.8964290466822019,0.908034422814751
0.7859232430670414,0.8057714214454471,0.6107137339500393
0.7474618638619472,0.8646392804826672,0.8900126422250316
0.9079912587543528,0.8110742629391215,1.0600286760450226
0.7213608937123236,0.8491778308634357,0.7611526838017222
0.9209739220306401,1.0237094670080207,0.610388652646467
0.8663693790437879,0.9499910690362778,0.475884087614853
0.907562311248411,0.7052676494869654,0.6406053905807217
0.9393800213639922,0.8372067658600744,1.1933503489127562
0.8358952780302313,0.8071084091399287,0.9624893255944749
1.047431200545125,1.1095046104236619,1.0886931802876278
0.7471795405360677,1.0315255680999125,0.9564132694385172
0.868076098143387,0.762339661597322,0.8492503124996561
0.8178286128074961,0.9832641081215027,1.0192597906752772
0.9109129193625252,1.1685040786615648,1.0537398412465984
0.7366596734251383,1.088188358703629,1.1639374221571
1.0,0.8975121893112932,0.9817145908910437
0.6779694056402347,0.939312322301125,0.816004127759013
0.8354341383624174,0.7380917582113395,0.5623754652688729
0.7979694910895578,0.8064948359295351,0.7244212421157937
0.5478421557966477,0.9395524825346091,0.784595827129231
0.6394200817320097,0.6777996250026408,0.5378657120891096
0.5348015815565959,0.8414433606513042,0.8499128705719516
0.6050419320698018,0.8787862066913693,0.7126220780365224
0.6834790231960015,0.7141033843952777,0.9522177009477066
0.8102751978195004,0.9215678676165153,1.0123169273919783
0.7579723035317227,0.9732691020078458,0.8311094430479902
0.4084943494566622,0.8396146120470749,0.8633663239528152
0.4779722559266869,0.7858205599728537,0.5127041975179132
0.6709549017357509,0.7138106418673064,0.35279687001038507
0.7924086689160177,0.6626941758368057,0.5181235298291644
0.630890147733615,0.9001196197346923,0.6137431990554865
0.4134442745589989,0.8595023377554307,0.7101043854572996
0.5622672306940419,0.7731701184526509,0.683327050077548
1.007982987753208,0.9009852457023326,0.6645324578563103
1.0542896714030636,0.6643291833963794,0.5651111108383358
0.9850790580609402,0.7075084090123631,0.6657144538121181
1.129866238965848,0.9337006455868204,0.4597085105084281
0.9616674061000036,0.7483041809240485,0.8229841170290515
0.8043881024412214,0.6020969743437141,0.9014952600712931
0.7057855289060309,0.7997348232569598,0.8653111087564677
0.952713375625654,1.0659380473395788,1.0842151921066518
0.8941902610773788,0.95,0.805513344669474
0.8911223542838353,0.8017079732032666,0.7610955998846791
0.9404659442212413,0.7550510257216823,0.9481016213306941
0.9616674061000036,0.6353535507275123,0.42369730414289175
0.8763859907598525,0.7139612232263224,0.8367267329688102
0.755885607276642,0.7295664067498104,0.5431185541640302
0.8571428571428572,0.7080014419646274,0.7735643407540117
0.9854521406509339,0.7821675405451316,0.7414340896130645
0.778674716289568,0.5413577935987517,0.47165012842602727
0.9522191199769359,0.7142684615284922,0.9436630066138406
0.9163991805741925,0.6362407696803141,0.5188439090569367
1.2034716596368351,0.8713287468362554,0.6974228708237988
0.8723655340406582,0.7168920257141217,0.7288293790486686
1.1956118975587786,0.641131704613408,0.751302253678818
1.0426042961498037,0.6997653499836793,0.6257087382738051
0.9691393300075816,0.9900348173153508,0.7740269268535872
0.8065526160638531,0.9598519824400884,1.0157188755118673
0.8944911203250493,0.7518541665072674,0.4883833387048515
0.9932922152909446,1.0395284707521046,0.6764143757460429
0.8941902610773788,0.7023835347700094,0.924820293670004
1.024049303512194,0.6979839397148861,0.41049365525343673
0.9163774188542243,0.7316997601070925,0.630987516788446
1.033396383285069,1.0201210909146383,0.9064000470673931
0.9914951348887487,0.6327638561890988,0.47115820430969624
0.9619084939878564,0.6711489714065785,0.9023002152594167
0.9785676010155476,0.7612581846062285,0.6169579797536819
1.1506420425733637,0.8549047499779977,0.7642168673219892
1.1163350101494223,0.6737651275431297,1.0215723749502639
0.9904761904761905,0.6352112033768961,0.6491434709865473
0.6847341186743973,0.894590744661054,0.988129675338026
0.9619084939878564,0.6894704982959405,0.3761812304563419
0.9730863217590247,0.7886958436412929,0.594152753433749
1.0383145039537789,0.7597507232802343,0.6718563051961224
1.1620516393058626,0.8804771390665607,0.7564081451433338
1.0325300024316177,0.679794369865831,0.7729558461151258
1.1676946177263845,0.8244505480985683,0.7937157507482413
0.9554692666468911,0.8907786293548902,0.7568916808368424
1.0307583125960433,0.760650599346436,0.7361203017198745
0.8875369490178114,0.8588118201063546,0.7240782784957265
1.003784378163043,0.6268098076912259,0.8819329063991892
0.8571428571428572,0.6501816451986371,0.808104604801359
1.1236140092401474,0.6637481202533349,1.0261981258531123
0.6059447968804497,0.7627678989524355,0.6390025638094223
1.0614678631849823,1.0793328828021918,0.7271115885450923
0.9811017763495387,0.7609542781331212,0.7684465045036121
1.088240477347171,0.6633498353879308,0.5795075582938164
0.9528487222342048,0.7610907587162516,0.885122344027929
1.0551187918215392,0.6755808060378075,0.7663239096827251
1.1676946177263845,1.0407118970761118,0.7928819693810699
1.0250279485833502,0.865557200601295,0.8115238119386254
0.9036062382098204,0.6512186060372802,0.8479252338318817
1.1642386446080242,0.7573376472923689,0.9209883965358744
1.1763834207376394,0.849183469602353,1.023453509506835
0.9031709400458984,1.035985608634244,0.8654922183652305
1.1346236481394636,0.7142261966752959,0.9134450517588482
1.0195180014589706,0.8144042867619297,0.720817432457793
0.5741017696203852,0.5435645354123615,0.8575145790748324
0.6476190476190475,0.5645625937439169,0.49320723586945714
0.6451064956388022,0.7303200550147031,0.4094019759021653
0.5946000764664907,0.8026606315975773,0.8276485983427991
0.40490867000509956,0.460836133982808,0.6921403520065204
0.4996277621223104,0.7025699025389145,0.755313770684929
0.6170291568974648,0.5458460220722487,0.6970558356403056
0.6847341186743973,0.6518689627115877,0.6799822699947228
0.7212872214789239,0.44098300562505255,0.6353375212552637
0.5768216650775944,0.7204915028125263,0.755667420470496
0.44847731246090683,0.5326172853626832,0.37297967609774085
0.7233811980891517,0.7183524300739192,0.6501927826891245
0.6388984747044371,0.9113633820111766,0.820285819009426
0.4946089368900968,0.5949042531665334,0.7700798703563158
0.6681939751974988,0.6400049825955172,1.0866356615802812
0.7428571428571429,0.7420933558357358,0.6971968886174515
0.5555328803970273,0.5517092124244796,0.6836319160238622
0.9401498113314581,0.9183442931123091,0.9375948025819196
0.7952252442219282,0.4904152123035145,0.724775811567951
0.8005875258483008,0.6158465791176386,1.0037965772579664
0.9294467153236025,0.6020809612971109,1.0156536890504135
0.7376024790201069,0.5911518405416873,0.8603874734468293
0.8918804419524408,0.45147362380427025,1.1185338777393063
0.9273455326023173,0.40719680558087445,0.9532591500864022
0.9845861709828381,0.7643622819700513,0.7130631400847138
0.7558081724074271,0.8167372855649598,0.6824791094843434
0.7546532923299469,0.669737754699621,0.5251714321374552
0.6257399913738335,0.5984837643435522,1.0011335093054206
0.7376024790201069,0.37122716785115994,0.7198860969889342
0.8918425368518249,0.571901351567348,1.3514276293891145
0.9640286538856743,0.5433363661303416,1.030137749205139
0.8789269361507923,0.5213608785874735,0.8071228735231977
0.78660520011184,0.4828471897112909,0.8672278506375733
0.6255356676324655,0.48102767050615136,0.6601688723980148
0.859825544276293,0.8126982241300408,1.0657608672312524
1.016350611870148,0.5303253130852761,0.770538663980233
0.7229962939447679,0.49301617282225885,1.0671670873245218
0.694422202824081,0.4753108681396947,0.9122625694518391
0.8419791074689519,0.465863865672016,0.6638806971812057
0.9768540841820704,0.6457970535166966,0.9536757225517588
0.8491070899291357,0.5790501982008169,0.6364208163881484
1.046607538938877,0.7667629807322824,0.8943734195747272
0.9906202814742512,0.4315515122297041,0.8799989362739449
1.1377500894028825,0.7247243957951213,1.0183752758092175
0.8882511975423819,0.59561001909145,0.890424176647105
0.7695259367237681,0.3967037151819892,0.8087087600564759
0.8235395819124975,0.5059265315568711,0.8690318410372482
0.8657383034020903,0.6183493660744772,0.7835950962959121
0.9085142201136037,0.43755849794623025,0.7179327252471925
0.8220296849749045,0.4329504839104279,1.3183508445075616
0.8700560828340939,0.7966320230057191,1.030137749205139
0.8375784974764249,0.6077893967827213,0.7991607273603967
0.8558992459339495,0.6489667303015136,1.1555773351847085
0.7485405596977993,0.493466136240983,0.8893117032186696
0.6523450124593917,0.6716010335801448,0.9764074280063999
0.8220296849749045,0.5826711511073934,0.5231324380328108
0.9210435178855928,0.3188065884624096,0.7478232101115672
0.8944092935773134,0.6714151844284092,0.6426144112132648
0.644808743169399,0.4268431371204142,0.8697151319996728
0.8409449071350366,0.40340217828300184,0.4171824490832392
0.9672023596659803,0.4232079330476419,0.8682158321520799
0.7621690759506844,0.4028498883809697,0.7791159022499781
0.8977331444072335,0.5428040210135137,0.8751267600466464
0.7465738801430316,0.34725619786972795,0.7010172934251759
0.7150433920214527,0.3452731658562578,0.5324416717685048
0.7485405596977993,0.4348315388912438,0.7422993407540426
0.6500787956970806,0.29134202951302635,0.8199885037822815
0.6454819326052765,0.7134549625263573,0.4875060139247551
0.7431693989071038,0.5807991026320704,0.8118298954717383
0.7227920233920352,0.44144585974155015,0.41455202951453274
0.7986562682888493,0.6134963207315963,0.5692843876459831
0.5934012914486164,0.48773707408307465,1.0885331217217131
0.8439721020904254,0.5102872663840481,0.8656854179543406
0.8622499105971175,0.6157599024496376,1.1160255659769802
0.905597290859777,0.5820956389178059,0.8065246474111178
0.8145142503075411,0.48591163034069396,0.6171468798222561
0.8267946329530127,0.39280033407001047,1.0480727255883366
0.7782336187136282,0.497181957341139,1.009322889260395
0.7742033279928582,0.4537290502504061,1.1054074103748646
0.7834175226721397,0.5436181917693792,0.8607374897331497
0.8027716848474454,0.3507561631502959,0.9031157627959923
0.8065507051336107,0.3642782232439056,0.5031978712287056
0.599527558037236,0.6131461880160736,0.9446558516093349
0.7092287257017855,0.3883993005096148,0.8802215729475734
0.6484402635290797,0.47180141271920983,0.6689615878162365
0.5642771912945677,0.49607596858083536,0.6753295761212805
0.8429646900496369,0.8174813001454129,0.564206663310642
0.6546759593958381,0.7281760248370333,0.8229090508517051
0.7048212369938232,0.6278366065767296,0.8995720990296499
0.4501131361594082,0.6311909015039063,1.0931854787382904
0.68241323960986,0.754127267669271,0.6123223934419371
0.4691605947846561,0.5231937076978812,0.5831973991183955
0.9974719165953324,0.7562601474895366,0.31126215141566627
0.8133916608554317,0.9341224185332743,0.38039076042268694
0.29695348058381255,0.5684861253822777,0.5077404770694824
0.5991811659802923,0.7458073531319063,0.6444376344263205
0.5809009328296655,0.8188187585585622,0.43145197903694565
0.6838956881225602,0.972067304560314,0.36532009065709903
0.5250210572069542,0.6426377068516718,0.6798211331617499
1.0864062162569903,1.249215996835555,1.0516232611481304
0.9324339110069648,0.8650699957464074,0.7708503369629718
1.0275733763415316,0.8438386745559908,1.011934397902586
1.186657524481189,0.7648611910408213,0.8523796506084631
0.7874881407483793,0.837696335078534,0.7015706240164636
1.0202071752252488,0.7390016544193694,0.8367228676727747
0.9034994886277392,0.786820864698732,0.95992869869564
0.7877816655559442,1.0150875734849127,0.8872530957995757
0.9631281233713229,0.9084742476087448,1.0
0.9212687579442042,0.7838154437343539,1.180424871478545
0.9124355740239215,0.7695810696592496,0.9750579927376652
0.8279665901296404,0.5524777506905953,0.6076857561702838
0.9536261104239832,0.8036506430703616,0.9388889614328138
0.9284925629501568,0.6729247823280403,0.9629290462552722
0.9622864314832149,0.6956275287290803,0.8556423816408454
1.0576084274850237,0.5967232051206475,0.8968864767414776
0.7857611995394365,0.47528033725925534,0.7401562869535219
0.8399003420087581,0.7535696330797569,0.8938481223937571
0.9284925629501568,0.6040110645946304,0.7123126425346926
0.8262145696987628,0.6525863689203468,1.1325745299038146
0.7525170756897307,0.7178971372697838,0.7692291445873107
1.0336786253754149,0.7403414988431671,0.6537264086320858
0.8012973414782294,0.7337952283322701,0.7173285516721615
0.8289116991417544,0.8700299048826432,1.1344585290905629
0.7890622553464485,0.7776880603916118,0.48090586536509927
0.8303449478063658,0.7524420981663656,0.8610246404158594
0.8565634595088047,0.8191063486768946,1.0115523977612628
0.90949630282052,0.7606809127702366,0.7271260208217045
0.8133424755188109,0.6860630502041289,0.9248353971997171
1.0243997249319985,0.7722593667629396,1.1235080454388928
0.7972210169332834,0.8756921360195793,0.8925904188767253
1.0875644259760784,0.6358747193514778,0.8544276622008413
0.802232661718914,0.6511329025797264,0.7383999728552884
0.8947603493651857,0.7106762525734095,0.9629290462552722
0.8195110896490087,0.9170003004583686,0.7053790046666779
1.0798508324463143,0.8315105371091045,0.6880852604459016
0.8566884396362169,0.7196300289229008,0.7912332998082336
0.7184393834802463,0.9517616929805053,0.5868096904568967
0.90949630282052,0.7157855371685442,0.9400393897486403
0.8792137090428118,0.6527631864463008,0.7112652032913755
0.6937963074653943,0.659984972147255,0.890717104596763
0.8185503184996363,0.7356306887735307,0.6713523080606193
0.8299624048879383,0.6825068368055875,0.7229156675153063
0.9309379619857208,0.7302989655871084,0.8619138073152515
0.8507906263658074,0.8083991109279584,1.1301889109808239
0.8392232058841524,0.5829313915495906,1.078506867197886
0.7327928723341222,0.8149753802746318,1.0251294358233087
0.8651273271376474,0.6396904406984811,0.7282345303099432
0.8416030122295028,0.5829313915495906,0.7454058373370562
0.8402677136826087,0.44090800245669604,0.9204990964973575
0.7628148026801729,0.856892602351736,0.8158850764203354
0.8982111542802838,1.187575879519145,0.930411099936078
0.7455591554620689,0.7356306887735307,1.0885722096349222
0.9611749283021592,0.5967232051206475,0.862230835837422
0.7250189773735498,0.6741914138803873,1.1220616404827168
0.8001140521881469,0.5741440159061306,0.9033488679586198
0.8884382462846259,0.7484823767462638,1.0849352615352164
0.7876240179101299,0.7609994586107964,0.90941962789708
0.810375310310934,0.5097619219257594,1.171926341769336
0.7373004531484036,0.5942430444583047,0.9093311164582479
0.8603069873125084,1.0291999154989453,0.7613641912140554
0.7699385286193214,0.8325748298034231,0.9471770064287075
0.879622691584061,0.7944912242906821,0.8918459318434081
0.7990464785039271,0.5478516911262077,0.7692788197629765
0.6368902631853416,0.3315904109690291,0.8626536544675123
0.6454924559422206,0.3978620287459824,0.8608221998721558
0.7645086588954033,0.5217734650262758,0.9405496342407382
0.682967990672159,0.4320091359871332,1.2624138900689865
0.722902038392333,0.5904167584549687,0.5289587968126843
0.5779079709108793,0.4534874192960986,0.8213173948203907
0.5942774624031797,0.31237925589147997,0.761423396261804
0.8034388148824361,0.683412945937285,0.8045720327192645
0.740538006469365,0.6589036599355661,1.1301889109808239
0.49337659532629796,0.33486213687435396,0.6023352683866352
0.7626847348371488,0.5413295533285218,1.059255426029125
0.6703593840036768,0.4199948707003034,0.8003880851149822
0.6628608896954622,0.4118413465638596,0.8487653983643262
0.7613460657411335,0.6639924695114117,1.0055462340753072
0.7681305521199159,0.6947389214738176,0.7258479225585743
0.7812613026026468,0.6936957306823404,0.8169200195461325
0.6159877114101446,0.7497160751002012,1.078692741186728
0.7601417042332471,0.6567784285327933,0.9050499780333099
0.7565918906702438,0.5743785827177565,0.7897169227331442
0.9673066877272174,0.7916110383422588,0.679492017453059
0.9967142396127324,0.7839414204357357,0.709653525475481
0.9936786045875898,0.8336839941972336,1.1058512248049925
1.1528306565844282,0.8788246063213769,0.9563564219528016
0.8754936487490237,0.673040302946596,0.8832251583757715
0.8306512464628986,0.6953884879461889,0.8514693359862643
0.814918552858875,0.7714153075087371,0.8222953366722723
0.9265441380376405,0.8466172314991691,1.0
1.0125516375752117,0.9113841959005262,0.8075499102701247
0.985961340456089,0.6188468247554009,0.8908910548820038
0.8306512464628986,0.7738921841769327,0.8735878764960061
0.8754936487490237,0.5116264436588828,0.9226755326972941
0.8594273007988971,0.6303481386416554,1.0
0.8739109859659324,0.6790443260530057,0.7442682419694442
0.9394772467331197,0.7304615935813394,0.957321040022368
0.9198766383230225,0.6161255969462662,0.8693489331071973
0.7871649086783099,0.41280392112328157,0.7012472801565761
0.655872180911272,0.7687085236892234,0.9008941138337112
0.9192463617984061,0.5763075230074061,0.926039973836636
0.8968948631836824,0.6892871461421126,1.0
0.766924461029091,0.6267172076254557,0.9500779423700683
0.9963968350311255,0.7733075695785655,0.6850003076167369
0.8576078817689025,0.7131590765389525,0.8480525647204827
0.9084791369355141,0.8774736661219809,0.925464400750007
0.76601031493801,0.7162695284890587,0.834087728843132
0.8252643585907609,0.7240299857603975,0.779887273418594
0.8152820124943526,0.8073434028713838,1.0
0.8404148936865933,0.6562022975516597,1.0
0.8471693434155718,0.685530096610834,0.9583333333333334
1.1734082009943563,0.8418152884192889,0.9543564535412361
0.7626164659660231,0.8462122263720109,0.8941487751950074
0.8810955560271415,0.5254156599013519,0.8434978593906521
0.7830359790570538,0.6655362237383802,0.9263415450260538
0.9037516335625218,0.6464155760404315,0.817334458549603
0.9590891678076885,0.8955309254548243,0.792609661053915
0.9441420734164503,0.6603126048103556,0.931691264056192
0.9314075462975357,0.563805509005825,0.8842724875284311
0.7982311213399852,0.9299430555895941,0.953015901426506
0.8977938083161328,0.6483833920707638,0.9240262823602414
0.8061621009857518,0.6233744173436437,0.9534379802820281
0.7092943552348752,0.6047572676307198,0.8061447519499597
0.9360801258194409,0.6160539769166211,0.6412411765353
0.7712248228687932,0.5073736216750331,0.6698775568868072
0.8209656428791419,0.6194224196416043,1.051031036307983
0.8650365535017108,0.6303259186451604,1.0481125224324688
0.8253840057221765,0.5329690415078674,1.0
0.9192089320981603,0.6914776832200236,1.0891534397383986
0.8733403348357778,0.5210819889511384,0.9016162064113437
0.8184317401993593,0.4677070735089668,0.8768307260802164
1.0303196017884733,0.476065360126427,0.709653525475481
0.7262099690493871,0.553271590408577,0.6938137821521027
0.83664921042746,0.9091939319864951,0.9228483250189541
0.9439551461682195,0.7396228119319614,0.8254256878112061
0.9487702159479129,0.5283828762482699,0.8314575156849595
0.8637994814563987,0.5903385469769593,1.0866093069948841
0.8857001254948895,0.5706613436456798,1.0
1.093779901349021,0.7970658908604257,0.9556866603970672
0.8651863282371214,0.6116573513057627,1.0765138711898001
0.9380841542462726,0.4513910996632835,1.0
0.8731165901590514,0.5678579444653766,0.910646589678246
0.8398718461949128,0.7288502277138915,0.7400713379759625
0.7822650376804846,0.7090134548816591,0.914816458000008
0.9981601755844637,0.6472718073160151,0.9543207526781645
0.8098134069632137,0.4932961102678739,1.0818545509070059
0.7249094538088985,0.39328906429074273,0.684174815643541
0.5279225245183341,0.41910336186776875,0.9228483250189541
0.61124706136084,0.6041909455494316,0.8242365169406929
0.5171516210013734,0.7135289923648498,1.0802572353905129
0.3830127005232755,0.45293686739873873,0.7388835160664533
0.44094501903098726,0.5217800578522123,0.5597745468371881
0.41632449025413043,0.433784006708686,0.96473271920707
0.8891692074966115,0.6074546479129892,0.8
0.43446252468712243,0.5211351755358657,1.0
0.23700309541809772,0.45508485492012307,0.4880078884102832
0.23647286755244712,0.2924511257204123,0.7080214187631081
0.654995159336899,0.6059804062200514,0.5914363380789363
0.7276138364976568,0.5778149718041111,0.6748209275468308
0.43204605715571365,0.42226840776230856,0.7540405160283591
0.4294402208896412,0.434691121079143,0.6259121881668702
0.3907376171134056,0.24498181049742307,0.6133776634864705
0.24678953318079322,0.6285651854834928,0.8768307260802164
0.4601370408594283,0.41292029784098605,0.6631392315733924
0.4389255488595364,0.6620055660768288,0.6652403300988328
0.422885367095139,0.5311043104272888,0.5490123831983027
1.1505198842374993,0.8905166635894372,0.8930817610062893
1.1880148077937613,1.0785474693963522,0.8091353987685351
0.9115802477148234,0.9369440513434589,0.9054914044298239
1.2098833010518621,0.8236433972286776,0.9940050935066982
1.02065040513911,0.8973653474901772,0.8823714405961657
0.7388424089545451,0.8994612526221091,1.007650845914725
0.7934720121231376,0.8846484147012434,1.1871403645777325
1.1783186307394338,0.8418001154170911,1.137360563948689
1.212045446584473,0.8748233022550752,0.9206948414281856
1.0076505473684294,0.8479072236301273,0.9500424458891517
0.9037840454043061,0.611048073230112,1.1280597992366421
0.9380487845826699,0.7544839451614924,0.7079133580173798
1.0105146716312752,0.5922163973209462,1.346488740372715
0.864888549237624,0.6735701527201683,1.032618354323905
1.015391903217987,0.9153902424973432,1.0175872180338132
0.7413732741851806,0.6591556507973044,0.7876353999580963
0.7331483078524486,0.596118061738704,0.7361917294928024
0.827737632030762,0.7684320530018289,1.187182055698495
1.0378312062134654,0.7136866003235404,0.9212662704981892
0.9677607166924507,0.7879292062177728,1.02691945634334
0.8506274189361017,0.9590361178216791,0.7428504253927606
1.0412354091124403,0.9018597078883142,0.6268088822661785
1.0688549263158644,0.784684269575985,1.109575823352895
1.2493773340269083,0.94490611747739,0.7952349610553496
0.7961043750945318,0.6741738425314512,0.7806481448533911
0.9948327830671975,1.0072478177323492,1.0846574631154153
0.9024329334688146,0.8845456531680427,1.1618554819846463
0.9931598243037266,0.9441180305319888,0.9155263175943836
0.9766796332164598,1.0117016631000355,0.954213145350437
1.0924687406586038,0.9647899843192299,0.6990580824546885
0.9100440676129483,0.8173948506103118,0.7455537811572182
0.8762937726626793,0.7829222410633079,0.8629552078803588
0.8837170131633535,0.7453207317351047,1.1897081296526946
1.0207827808865724,0.805379122048303,0.912181353743333
1.1935195767489435,1.098380448054571,0.8262277511176216
0.9373283974020795,1.0126400250548582,1.1618554819846463
1.107743322525909,0.8370570404220214,1.0423903903399296
0.8373882224480242,1.021991304158468,1.2258816796836574
1.0478812298739133,0.8128430561170426,0.8069378350448994
0.8405126986708227,0.9458969980420814,0.9072611133377664
0.8817853121429682,0.7818734997711134,0.7576845976112445
1.045155125964441,0.646742903300757,1.0646791000353917
0.9684559851061744,0.9146395816917458,0.614560657855749
1.0108407851701318,0.9084387471668636,1.0280386077046022
0.9723198701962735,0.7961863656865537,1.0
1.0497100419158232,0.7099931984142913,0.9521771900141189
1.1343422351055015,0.9531385261977574,1.021430791830756
0.9571871449170215,0.7939615172526574,0.665527179073956
1.092351419307922,0.8636391860093687,1.1212499733085328
1.2418374475193295,0.8105909503725499,0.900294611296996
0.7707331890492995,0.7277872990912759,0.7476525306585801
0.9909689748071118,1.1627519636705685,1.021195195169965
1.1832541665344578,1.0290917609046435,0.754208833774626
0.8890812408756751,0.8739908769614277,0.8639873421678912
1.1454794662060066,0.8873545567678369,1.1992697794713756
1.1265876902425764,0.9412227687844957,1.145639321094492
1.4011090512948734,1.1401449729602704,1.203911328163339
1.1329035780071908,0.7917937568453552,0.9605875431380189
1.1658375213610406,0.6891873419950869,0.9614153731002877
1.0572505264204193,0.7916540447597284,0.9324950084210589
0.8778305556436947,0.9213386864978145,1.033153665630475
0.9398114347893345,0.9286778054597146,1.1140833788405908
1.2175719871165709,0.9914828045232871,1.1286278070440188
0.947426641843624,0.9077542677255289,1.1180576663807065
0.7630389758084182,0.657189494855493,0.7490045742839604
0.4920671938064288,0.7333915492892578,0.9788048048300352
0.7571408041582817,0.838244617893807,0.8720422528805549
0.6085360568152145,1.0314195799859145,0.8181010446156419
0.4635427137109488,0.948257089909912,1.047822809985881
0.612587531877255,0.6041822063215996,0.7218397640493492
0.47751964558759263,0.6986170377271188,1.0290660014719217
0.7940250817674974,0.7923531991548683,0.9725278872102622
0.42311863748814094,0.9533493991072339,1.297394344644304
0.37970083028069035,0.7200963946434035,0.8984157969546481
0.3332471362556697,0.656551487740177,0.8195214583916309
0.6866419870103976,0.8008705114254624,0.6601589824369081
0.6441498953855103,0.7524117932844673,0.6789575131690576
0.489987032548578,0.8045608051262797,0.6857982591300799
0.3375756872296626,0.5515790951414737,0.49899710020263477
0.5228510002424028,0.33254313633408306,0.5804573687885999
0.5102326386637457,0.7736672396466933,0.6700872819279455
0.41818605836009126,0.8435291278188439,0.7802109206644792
0.5213556647769259,0.9703688806751986,0.4317842550880052
0.6708658007191379,0.6873223377026327,0.6179878675038355
0.34660356295597294,0.6429558519706624,0.49634459885480686
0.9177871602281035,0.9259349645419,0.8711268342583851
1.0490778403420007,0.9748254724722084,0.5802720787082207
0.9759322391709653,0.9317752810745394,1.049655381596069
1.0089519954426935,0.9960005438890491,1.0175486614172238
0.7669439493948423,0.7763906461156822,0.7182757808494967
0.8448753341141887,0.9071876836071576,0.6192674932847062
0.7555227464494139,0.7846459246456085,0.8967896349603245
1.0176017424240527,1.0875085320458031,0.8212931793564919
0.9637647869454593,1.1447781015552985,0.8194412457420347
0.9277542853860299,0.7649856218989394,0.7952656167990568
0.9461812383661471,1.0689563145326466,0.5573633017582762
0.8049939168405824,0.6920418794567844,0.8186333725612445
0.6972797638702966,0.781435869339621,0.7010298287967689
0.8917053187690945,0.9487283947020306,0.6694837711935304
1.0531764460939554,0.9882569453085428,0.6281827142587606
0.7671453590041232,0.7347993891661584,0.6877173330929784
0.7894604427809325,0.5251531513885783,0.6739448417346054
0.6675438167794729,0.7905098778297441,0.7177325659326311
0.6925426866203027,0.7087500706371399,0.8736108966908805
0.8767380049190334,0.7112539137542836,1.0612891215424995
0.7591732906729846,0.6639438255122554,0.89628858318631
1.0031658095078737,0.9028745393536054,0.7836253436209997
0.9277542853860299,0.8324693856179325,0.5163186079271713
0.8506634713609582,0.9434926742962033,0.8001997004991266
0.8883355587892896,0.8769676120052224,0.8415596588501231
0.7155602280793925,0.776060751282605,0.799388207692262
0.9225969350179656,0.9046190507854355,1.1304648456800512
0.6612795301423371,0.8225170475910903,0.6091434502527447
0.8191696920575906,0.8573721970695561,0.9553232948391229
1.2408267093270156,0.8945364533002377,1.0489408784232397
0.700267379803149,0.8713383773136051,0.7800975957888379
0.7499010488779776,0.8206643295043007,0.9396940000599442
0.7116937396095242,0.7126542373785657,0.7605930577590678
0.9058608783550516,0.7172958178838709,0.6694837711935304
0.9209209165202938,0.9912472438154679,0.6191872502187168
0.7719323889989379,0.8099487745540603,0.5994500351928251
0.8333804689056062,0.7054635665637863,0.5450114920749276
0.7777782973096432,1.1271745989527526,0.6914330762750169
0.8629363680110852,0.7502340459242969,0.8727154231387293
0.7962962681356197,0.7381121022163328,0.9719167920404306
0.612332798221617,0.638215582720782,0.6700229957051254
1.022880497592168,0.6971748742779771,0.6664138746330055
0.7747761443195007,0.6694791880243502,0.6730686422152973
0.8377032508441214,0.6338926569739454,1.1367939137911458
0.8533670119962233,0.9253281484023521,0.7936471379908968
0.7504047310898895,0.811188018847639,0.766683516693121
0.8088876849754197,0.7135168954769513,0.8894694761297449
0.863358188438772,0.689219019920519,1.0296693802366907
0.6915766126550584,0.7045647824321882,0.7771367079003644
0.9346124289959841,0.6457038859983291,0.7581700056133457
0.7242393686898406,0.8464837287999374,1.0273587827582291
0.8772773310965539,1.1052852548275947,0.6897805627783598
1.0211037477956257,0.985579755917999,0.9707522309712938
1.0255470482623201,0.6774587165534359,0.8108106876695268
0.9409636016802866,0.7013831321052281,0.9274484036350314
0.7030412466068725,0.56533264267111,1.0090707326996327
1.2372029410739764,0.7789678311477191,0.9732730508901904
0.67126835240485,0.5770241963627212,0.9512879757899376
0.9988425437502128,0.6333035246881278,0.8547820318759536
0.7854267613387598,0.6734507539824872,0.7664670658682635
0.7655139133819364,0.9286165718807344,0.5446140605954328
0.6146152612131331,0.868304595215172,0.7573853506060823
0.9757524273333136,0.7734292522498757,0.7214310368864101
0.7408714778729739,0.5324059200053755,0.9177176881686633
0.7011238983134336,0.6035088397269461,0.670430045246677
0.6206746845297844,0.36729786653530605,0.9379561125556719
0.8655159237362818,0.7641106742890104,0.8091834405502459
0.3764529100498303,0.768178616794144,1.1021904220132177
0.4912972379124493,0.6539378971252825,0.5800303300476177
0.4793491677865901,0.6879138456156235,0.8229895950225842
0.5056852198959785,0.532511137482183,0.9905462445651304
0.8976282043785997,0.7102976296896567,0.6515216997451592
0.3902607092072916,0.6942515275318186,0.7485074494264055
0.4102089268755166,0.5143994849034768,0.5043940533592464
0.35178155737724814,0.46994354002120486,1.0273937460731448
0.5178823919344636,0.852751887149918,0.8265938565005917
0.5923847795204753,0.7682995324317321,0.8501807265725736
0.3826343251060884,0.6151159822911945,0.9703306197633094
0.45510357496653386,0.6295435145866564,0.6615615298106857
0.37251793609132555,0.5095521206302132,0.8600886016901028
0.4284583303869606,0.6646694392887804,0.9532262226457555
0.589477836154664,0.6018602207229291,0.9209883965358744
0.4945490077366542,0.8441219861945665,0.8173236427643206
0.5097820470895551,0.5776267759962886,0.5869528638653516
0.22050717078861537,0.38123773844768116,0.4192028329085986
0.39153697848158164,0.6111139583702963,0.8343059297607809
0.9390289239150308,0.8868167083163779,1.1418653804263816
1.0592348877759092,0.7111111111111111,1.0321287731561
0.9113639960869483,0.7505674656088606,1.2459760185072364
0.9877546940271559,0.8285782120457572,1.0676123403782813
0.9674699975683823,0.7322158377121009,1.0301511344577763
0.7618244057640686,0.5644114869775038,1.0287628394063164
0.825982143996584,0.6421610051372979,0.8623505596776629
1.0401286176952564,0.6590247953631618,0.8063508326896291
0.8599232268356989,0.8911337892096365,0.850928801500014
1.0602584605051824,0.526984126984127,0.8309691490542968
0.8484337127589527,0.8148148148148149,1.1223980122724209
0.8373499878419112,0.3955126424771438,0.970052362588226
0.8178018685000171,0.7145503871407749,1.2906630463593625
1.02554047221194,0.6109571496428177,1.0848952719956018
1.0242464322484437,0.6732820185906225,0.9669410197546356
0.962962962962963,0.5849945971600525,1.134935841664015
0.9016169442335367,0.4803729998616868,0.900823059263907
0.6163530137363635,0.7308090489709173,0.8848493660100506
0.9574325463134336,0.4689853968976193,1.0572891899231547
0.8273288366547985,0.6147813263364276,1.134935841664015
0.8991561031820778,0.5153166113723668,1.0
1.0649569802461631,0.7228238982019466,0.7560022874678325
1.0602584605051824,0.6833601032647874,1.1176979772673
0.9214325798681614,0.8345570689964973,1.202072594216369
0.9357617913131465,0.6918612407542748,0.8393561342195002
0.9593011424578747,0.5650633844860988,1.0681994339470473
1.119540287901664,0.8278674068352259,1.0396837895066273
0.8599232268356989,0.6135097905703826,0.9692671180098721
0.9142828581900915,0.5608259040599359,1.0968245836551853
1.1904829162116308,0.7385338562650978,1.1414213562373094
0.8205069362660403,0.654995159336899,1.0
0.9783476732512789,0.4336222279055977,1.0
0.8599232268356989,0.5307929989572793,1.1711667816528775
0.9890871565921392,0.7039923364543257,1.2263873919882715
1.0295012206382563,0.7828054114883328,0.9357424536878001
0.9012751870401513,0.5256083234775245,0.8941765613156607
0.878767838757782,0.5137681897959893,1.0
0.880459712098336,0.7131123447253764,1.0
0.9461243180137303,0.6243758867873259,0.970575505683175
0.8401226343735759,0.5242378778955794,1.0
0.7073681423618718,0.6052528120868668,0.9399361482181828
0.957321040022368,0.5120499635257334,1.0694733474291875
0.7515480025000234,0.4286903211221087,0.886350335610071
0.7438422402107201,0.4334833922531339,1.2766992952647331
0.9215132860221092,0.5474997788759934,1.4472135954999579
0.7024340423678717,0.36360636295760485,1.2022599587389726
0.9128600698531184,0.4585349014139882,1.2762318298911395
0.8940198926137186,0.32369573265647344,0.9237922411788851
0.7090428130186768,0.32351857479745394,0.9681978302229479
0.850928801500014,0.40819543369030475,1.0
0.7190996761332051,0.6184712739255631,0.9209430584957905
0.815057840096928,0.7912804667410269,1.3286878675669582
0.9037749551350623,0.6421699732522045,0.8647753192434373
0.8585541700485266,0.5418771527091488,1.0326381117440289
0.7490046016192003,0.4772162091906168,1.4696109650648523
0.7562766321838698,0.40051852661732956,1.279585298131532
1.017077183985952,0.686056043879248,1.4462245483721798
0.8088458852122239,0.524320960495956,1.2370695590975642
0.9129202722369993,0.4711250566281471,1.2486679488640837
0.8606229590827368,0.4564043846229362,1.4152771241235897
0.8716999401800831,0.5674271319451951,1.2588655546568475
0.7534852796049512,0.6833259708878934,1.2639315516295433
0.8562724058585571,0.48888888888888893,1.1769149641447585
0.850928801500014,0.4503023709933428,1.1902127874844723
0.7452229271412264,0.2546440075000701,0.8951555132006754
0.5878106517764589,0.5517190674318373,1.0896421457000796
0.9104625134073242,0.4678675135222591,1.1633749702624254
0.5650909118324661,0.4713906322451963,0.7824155447439267
0.6117263977643987,0.5832532376725381,0.8314500343841895
0.6030217701967946,0.6148731994970673,0.8636011321059053
0.5314954078881551,0.48717050930791983,0.7814566541167387
1.017077183985952,0.5942787788260213,1.232379000772445
0.5394032263664827,0.7565677522199261,1.0279508497187473
0.5239575155982084,0.5739935663848708,0.6915431455325378
0.34769784197345155,0.3526655336050799,0.9547668726968099
0.7959687198829793,0.503163597191749,0.7186915096025248
0.7683015931790479,0.5898948586470629,0.7166320452670826
0.41405502916336057,0.6003325218792172,0.5046495676627536
0.5527864045000421,0.6599578950814733,0.5894965048461491
0.3938391937889101,0.4083707763637495,0.7604189007058081
0.5370899501137243,0.7608617750596841,0.7773848115606354
0.5490163601789491,0.6461848149313187,1.0326164036526722
0.4736261602758721,0.4239114879711836,0.5554793280540183
0.5276108946228062,0.4332939821349111,0.5342219922083344
0.24190973182552022,0.3337356360413617,0.6127016653792583
0.5532811099562212,0.7302888099040923,0.5744038587208549
0.32309697384919533,0.6420838912353108,0.7577550109279061
0.8091303408977759,1.1606231415508088,0.9200311883636971
0.9735093528586991,0.9244525988933271,0.926459053342945
0.6092704865644871,0.9683677322941252,1.2100840336134453
0.9178559903183093,0.9605643565258204,1.1640002797864728
1.0,0.8144070297128538,0.8887531598889975
0.6804539084242303,0.8039641358472658,1.254502346943798
0.7665305468065551,0.6694770187662311,0.7209811987091506
1.0538381902058165,0.7218893426036372,0.7882975503900147
0.8120672878814826,0.6971866805559099,0.8268458394502267
0.8868167083163779,0.6404840745109166,0.657370307488355
0.6804539084242303,0.879320385245185,0.8887714507679999
0.7817821097640076,0.6594194427229939,0.9856764432500762
0.9333333333333333,0.7009673579699561,1.398304106980067
0.760137025417964,0.862122474284575,1.3219339320149912
0.7722899829786756,0.9122807017543859,1.0971288340212655
0.6521672035000328,0.8179604395757499,0.862856710094235
0.6280148791072595,0.7289244376659634,0.735719219058417
0.5354997940879291,0.6838571159511432,1.2609506759726354
1.1713306961300258,0.7413117166395853,0.9383485200714893
0.7683373246036957,0.691076143505898,1.342281992453884
0.684308668238812,0.7362948493504848,1.1968405826980355
0.912851065933881,0.8311207908991289,0.539448386332243
0.9514928749927334,0.8417104023053799,1.1708906101345888
1.105409255338946,1.0463415614453682,0.7633094658344246
0.9138153991740269,0.7177756998867607,1.073540946657055
0.9890793505515073,0.801410789199448,1.256291218741891
1.068734339662347,0.7777046903815499,1.1925137495806886
0.8698927377641034,0.7949259465721965,1.034647946433762
0.7535679709549279,0.7135048252827444,1.1058512248049925
1.0751646028002828,0.9634959612472919,0.9806742988115851
0.8605806648846148,0.8106838261533134,0.9467787114845938
0.738553197801643,0.6841655223393405,1.0134598289053334
0.6385909382336205,0.5980138972297127,1.3537815095591907
0.926794420936638,0.8594279413148687,1.074441179474938
1.0923534286729053,1.0078458525526308,1.1437890151055852
0.7615841757282921,0.5292436776511393,1.2069748763097543
0.9024099927051467,0.442627642608032,1.081665992925004
0.6563283016882646,0.6580072159716153,1.2461795568279608
0.8120672878814826,0.8059647461028205,0.9899476111685536
0.6016465815266678,0.677993976789171,0.747406850652246
0.654981871713346,0.8354448882650565,0.8738031350380195
0.8282204997058396,0.6682297858701663,0.9109959510781173
0.8,0.6344666536613748,0.7583049341708933
0.702151194796496,0.6013096580735262,1.0972305585328246
0.7542977211007947,0.578704240413946,1.081484310846952
1.0210119276543768,0.6993349954849521,0.9447210007177218
1.2839254621575296,0.729319351400211,1.0082573756929016
0.7544038674623309,0.5343876958733436,0.9336104627914545
0.9512049963525734,0.6674764519601789,0.8728832195981804
0.9777777777777777,0.53210574428684,0.926459053342945
0.6769708587651007,0.643147171443927,0.859555859897031
0.8663937219934308,0.8941841687441876,1.040832996462502
1.1290994448735805,0.8922823980097943,0.4987597082582451
0.765578859681902,0.7665610342794911,0.91191288479266
0.8389477260606036,0.6517109795076672,1.2234627173574275
1.0693613477635338,0.5845178208949207,1.1516311174545004
1.1145572327705784,0.8165460610939952,1.0598054212201677
1.1343362726653405,0.7125619482733959,1.0982014296326428
0.9681373506061417,0.608791004542589,0.9171705650109033
1.120996067691699,0.5256008998910732,1.0874880532883118
0.8278674068352259,0.6374061960752382,0.9341634855396352
0.9236767223027823,0.8430324388175104,1.1882253295507195
0.9258343067516692,0.8145654700108939,1.1269241122761446
0.9777777777777777,0.6398894859230015,1.0801457413416649
0.7853692689503656,0.4076511222409076,0.4257120669636638
0.5120499635257334,0.5597966929241647,0.942833804952497
0.8361902582726098,0.6864736418638049,1.0846517488080776
0.6255202066042324,0.7809659230343445,0.6920444083738713
0.5607898206576082,0.6104939714453321,1.0921316654704636
0.5945863969062463,0.8079766056535737,0.6691513358059225
0.43938808941861185,0.58721937636747,0.7872141625540263
0.7937969810129588,0.8465057171662259,1.0599823607228291
0.4154475779109683,0.7904179721904411,1.0229174624257054
0.4957805159103893,0.564714249933993,0.8885991829008977
0.3325087607650228,0.4642089501917044,0.7079355553349216
0.9028676271485635,0.7935521916935175,0.4654194724668027
0.8094753347612075,0.7433125399715914,0.4288331173073936
0.4732134159924799,0.49070713997351767,0.2749221132321603
0.6333333333333333,0.7183111722050235,0.463781781382257
0.4469899586624979,0.5205234405372441,0.5436924063952848
0.7929803321972937,0.8894619996666988,0.6295143408801669
0.5510859664436747,0.7080014419646274,0.8618286409090088
0.4083150545423362,0.6204580051739179,0.3963442159833337
0.7990464785039271,0.5966446112426024,0.7891589703876458
0.3798263270539578,0.4764965173113127,0.6118788423816937
0.43220773191113937,0.7213518652912504,0.5371502114383683
0.4986952889692112,0.5968217889266363,0.8037430155964898
0.3043344070000654,0.3436206319433228,0.5627093004315797
0.8327137546468402,1.0337419608810554,0.9652720263445642
1.0469509930431045,1.0360685807813463,1.2273691789145351
0.8679823194178568,0.9224754384243824,1.208011188473019
0.8947280630162853,0.86820573970333,1.0872698629478985
0.9226478191212063,0.6491138440893855,0.9946321054510379
0.7584096839248421,0.9146245900184129,1.1651436174903211
0.6775465608247512,0.9060384102062171,0.7263481928881625
1.0513803850563246,0.7378479398044017,0.9540320973738888
0.8837160159847883,0.886407633150587,0.8009531428354917
0.8478954403387022,0.9403764276879784,1.0652016217426827
0.7584096839248421,0.5517190674318373,1.079536696268384
0.827445134962691,0.6799282249938015,1.1786107900752316
0.7788335696117086,0.7292348194630589,1.2802994526926144
0.7586293384555648,0.7147503606232528,1.260719144089796
1.0133049795886802,0.8341559633807318,1.1677392246352336
0.7899885157073282,0.7188169926578718,1.3408266258125439
0.6384527930711235,0.7152769852533403,1.2148239192696852
0.65939883793215,0.7877816655559442,1.1862138175080024
0.8582920632222993,0.9686967636853532,1.0956190172753728
0.8680910215356417,0.8976874946535516,1.1486424491429157
0.7888994089080658,1.1296730035204663,1.1772742489411485
1.0514864608029024,0.7521065597691924,0.7420772232363932
1.1300604205799503,0.9786847721840256,1.3955089154843656
0.9281448977401289,0.9490614090743763,1.3083620651652268
0.875972030868738,0.9224713582379833,0.9556701600858454
0.7811358330720876,0.8816126152889088,1.176055294651357
0.8406942145289519,1.0449013255066937,0.8198419651285793
0.6314388981212782,0.9468747791875518,1.3214485547453942
0.8902484061233613,0.8480702439222925,1.0
1.2111005910919344,0.9459281528979504,1.176243600326654
0.6319398593700661,0.9200039180794903,1.0547397864402681
0.7980146537732287,0.8112882779536901,0.9770688854265168
0.6945081775871558,0.6773889241377165,1.2348985250796054
0.9061831393929105,1.04519874646084,1.220414735341615
1.06655268322098,1.1648171286860658,1.1387094990862259
0.8158076426770516,0.8358869241932914,1.0270825804055077
0.7738153469924374,0.771564028106615,1.4043010778585907
0.6345337862723014,1.1197368680178499,1.3142451481233877
0.8206467365189107,0.8824207297495569,1.1492980674344957
0.7618728501310988,0.6617824015349895,0.9759209681297035
0.6382923932456669,1.0454841399607628,1.1162901051153196
1.0390327317403534,0.7510904477892187,1.208719163082182
0.9242580717848317,0.7777210725222624,1.0973731497182106
1.0093709285571204,0.7293710878061319,1.2674200267022984
0.8867450739726771,0.6346911988266133,1.5838707810158907
1.0200526973423574,0.884972725320579,1.2640654963656552
0.988614967190662,0.7156917811427657,1.3642272260847195
0.8925004565506893,0.6846481718305103,1.1339789630687467
0.7738153469924374,0.8013165255537275,1.0806811229585462
1.099979345244022,0.5289203551714827,0.9528101704139644
0.7430980747183773,0.7427714214255949,0.8451778792776167
1.0858720098287773,0.8047484515927589,1.329824563516219
1.2024095863450193,0.932115576669787,0.8946743033387432
0.8067186000463779,0.5838491491336503,1.1786777452009125
0.966066241908074,0.7557556043834339,1.574792707497056
0.904084963981913,0.912720027146869,1.331317422298438
1.3092406423849758,0.8689707788121854,1.4170739645606323
0.9017660782108363,1.017621164372569,1.352157865812504
1.1433523070862006,0.5528723685417474,1.2739273160242939
1.1814566143737617,0.5441240720999247,1.366584456199585
0.9882661109365206,0.7034914234019876,1.4493442615434318
0.9479721500155989,0.9114333734255903,1.3949971215687904
1.0262896782337225,0.7681305521199159,1.3574874075953416
0.954554843070899,0.7209701366259471,1.2455150021702237
0.5957539037915949,0.6370669068443511,1.2317666475233204
0.5077157552188342,0.7526881720430108,1.074476514342372
0.7900690643752677,0.9234160418932517,1.1660332867609002
0.37665554791173106,0.43959385176501375,0.5268528177762195
0.5028573537824695,0.4242979431906174,1.2160535879355363
0.4570313828407212,0.5853562290649458,0.6782437718440719
0.3723369923199856,0.566437702544228,0.5574225202800458
0.784468643186229,0.9442313700650447,1.0873390149896112
0.5195516154459343,0.8306664973330793,1.0099523428582253
0.4638045942007929,0.8094998094997142,0.8470211770491947
0.39129283474227194,0.33341163420470066,0.937589360090885
0.7676527780174572,0.603049640052895,0.9014007232042871
0.692398119227215,0.7035402827641566,0.9313335440321646
0.45306538487885106,0.5110822877384068,0.5404012785869577
0.6091716504097315,0.386609708785438,0.6410328297463288
0.4101459049018463,0.46290252082518457,0.9013641905554691
0.6236783483718263,0.7046500127345534,0.9447971263967841
0.411919902180337,0.659222899451761,0.9709660318720164
0.523800672767689,0.6513111380772681,0.8433701080674179
0.5806137308502178,0.5451475756714257,0.8807970095853466
0.3901006227732622,0.4400743596342752,0.6782246816172222
0.4280244398975027,0.6504466979570269,0.6306206438467288
0.3155533459954153,0.7738718006750733,1.0954967911108162
0.3428672910842204,0.4589712882798036,0.3946880674745572
0.37285683437840633,0.49018314668891627,0.6046570979313969
0.9640992243583304,0.751373870156317,0.9626151897271971
1.288540147082097,0.6721623149527864,0.7798664465330032
0.9369649120605739,0.6402275944985277,0.8703592552895671
1.0137650002160228,0.6923781007615581,0.6436516774501009
0.9843283800284154,0.4878983242037158,1.0953462589245593
0.9617522582194877,0.5260142998625372,1.0151593474162675
1.0595347588542035,0.8393490395107673,1.1450952500220024
1.2126555301093986,0.6472628662645747,1.1020620726159658
1.0882473136284065,0.8253216816582868,1.0785674201318387
1.0251593792248377,0.5988692977518988,0.9109129193625252
1.128651495079905,0.6226400060332677,1.0645094166430153
1.1514923263919847,0.3594226333505389,0.6527566025390559
0.7898705778589967,0.5940362233778078,1.1531928763564496
0.8947294397478356,0.4643447828490759,0.8955979469667074
1.1440648755820269,0.5218204649141496,1.0696944497985756
1.0416334899222814,0.37086779317815854,1.1244555076479552
0.8233387597436611,0.2955016882631494,0.7212222008056978
0.9504127053091924,0.6472628662645747,1.0606897129034405
0.632236614183997,0.5390881478667109,0.7735445931710808
1.0505639657759989,0.4802406934388378,1.0888967911771108
0.9982006499877604,0.6839406153267856,0.9388582159484257
1.149513899687457,0.5690302413830262,0.9357009570439451
0.963228599594468,0.5370135416935704,0.7828870175736902
0.9116820308544791,0.6137818872315768,1.1217161238900368
0.7329359844316177,0.7869804836643872,0.9153332486665396
0.8052367452215337,0.5849649522015226,0.8562229690620822
0.7668992212661031,0.6374997431261442,0.9163392259815788
0.922134723269053,0.45692001715267594,0.9190117448750229
1.049160715057224,0.5883174582596319,0.7278344730240913
1.2321161515789165,0.6362197506987708,1.223606797749979
0.8983570143451295,0.6814786518721163,1.2592814894208657
0.9269815838735675,0.3871556653781548,0.8881894701240226
0.8667638598159352,0.5441538330986779,0.8947517158753696
0.9561886663814126,0.5472519483412015,0.7464521569191465
1.0300041185765103,0.6752672608744482,0.9830666497333079
1.1870754799763046,0.6204314772922204,0.8187349896267542
0.9182334489939847,0.6395287688935989,0.8110177634953863
0.7723839454716066,0.9309523320240275,0.9616376441567709
1.0882473136284065,0.5027745977627434,0.6588224561872273
0.9449840338837451,0.6036341967803528,0.9429734051487799
0.8049092075783922,0.6298801990063791,0.9841717852772246
1.1667723215614685,0.4302031545806423,0.7619981509015278
1.1728912966982938,0.4678598335855707,0.8352787607231263
1.0575896041577864,0.5920501987902873,0.875
1.1330410867711393,0.5455582197580687,1.0
0.9220349647919567,0.547737551417844,1.1066003581778052
0.8660624003855166,0.6342661300820249,0.87261141223239
1.0572455767674833,0.39681007964986037,0.8995874611452037
0.8247859621299674,0.4190940104878085,0.983238784828191
1.3165240662630302,0.356352287876629,0.9491999491999238
0.8646737535667463,0.5126172713178629,0.8333333333333334
1.1622032168611545,0.9913389159018205,0.9055088817476932
1.1622504696440459,0.7259755628899272,1.1425393290199597
1.1589998554675016,0.2843891393194862,0.8451838425426677
1.155968347682171,0.4251380564609848,1.0883952537973034
0.7710982668281302,0.5992159593288051,0.9079035060007438
1.2769785723779246,0.7229483689124185,0.9819091548623581
0.7471173693185397,0.6488654184197729,1.0468549856650122
1.169077010246843,0.23735521957559258,1.098294637436598
0.9144215893874948,0.419204916667951,1.0
1.092714554082312,0.7682201366748705,0.9242032629186625
0.8264267071664273,0.6660612649610709,1.0173880176985768
1.1899717933817113,0.47407307927471176,1.1305393224017073
1.0611769203701655,0.34326579261025025,0.8329150976276382
0.7231188319969244,0.44189434430018903,0.9079035060007438
0.4354214335298947,0.4357396096213596,0.7165266452430796
0.8601364546221751,0.6098931747082152,0.8421386887331402
0.35475764049541736,0.48633809921501936,1.0655297582910654
0.35081159982819177,0.3948919745347381,0.6446654727406493
0.5099869363519454,0.6034526616054572,0.6405574226552053
0.4936859065510606,0.36176640764315715,0.9712043858139546
0.9040173264036895,0.6170079959399714,0.8094841311168639
0.6701536725911976,0.5605833317416534,1.058925565098879
0.27979905925974957,0.3652870347379439,0.6748579266639118
0.4123302466416221,0.27996620971641795,0.8331203407011647
0.5698320884160679,0.5797694418607431,0.83320458347507
0.7035394921647113,0.5107835142311143,0.8506519745234151
0.44804216254639573,0.40847855553165713,0.9799174922290408
0.5451628963783346,0.5260631811919037,0.9236396451678788
0.45878330524589916,0.46502295066025134,0.6843241841264145
0.43834251100570587,0.6887309434154478,0.9161939241409551
0.5631329989107186,0.5960563888347881,0.5874315014964826
0.6321870716247062,0.7028884136450506,0.8242877762027732
0.49488856019031435,0.3879760459995628,0.5090268704542276
0.2764946810065533,0.2611072156889521,0.6257724004081255
0.4147775796077692,0.6162122002901637,0.6635367075447735
0.25822188662867895,0.5745552455260177,0.7811297379341668
0.48255519668021707,0.4503023709933428,0.7891814893221081
0.6568772727064629,0.6776715726458342,0.9567864184298557
0.4070932507663647,0.4233382823602906,0.8311031410301273
0.7346467020158102,1.090774460563603,0.816852581401748
0.6883347257533827,0.7849417247263231,0.958521932210783
0.8445467668074688,0.9004015785222838,1.158776837207489
0.9212536082795606,0.7785808381082153,1.0
0.6767032390201904,0.7992184319199137,0.7275253695434669
0.7848101265822784,0.6051020953305308,1.0742653320068678
0.6594153746355986,0.6453469379459968,0.5261208977927261
0.6011850244787,0.870463230015049,0.5
0.9559050197073133,0.8952254728297986,0.47076225324284304
0.5984022972954495,0.6501696090457394,0.636303516273346
0.6835443037974683,0.7683073829924476,0.7155727221160137
0.33438902151215655,0.4833552889191691,1.115986700954059
0.9903167851037645,0.6878169001166159,1.2084690996125416
0.7660764951982397,0.5901609462568032,1.0
0.7023297211062064,0.7577974140840837,0.957321040022368
0.5886057917743004,0.5513148092141906,0.7386978662143947
0.6601327515601905,0.45939227144512684,0.8719631200671041
0.6334855738033927,0.6862331571475633,1.0495529430831445
1.0447938626216136,0.5365841993661431,1.036980013081682
0.649658777000617,0.5989262761087981,0.9564496443690658
0.4563072538755262,0.5371214071090458,0.9500779423700683
0.810126582278481,0.7040250121634127,0.5275004614251053
0.48567311758890885,0.7296668918349376,1.0
0.8622054363476124,0.8368597962580013,0.850928801500014
0.7871912773112371,0.5825059115014268,0.958521932210783
0.66213834964521,0.49951227431096057,1.0
0.6905102375088741,0.7307975058671607,1.0
0.7543279669407461,0.5823755657695675,0.8809720598712769
0.4487752579569245,0.5897634593268827,1.0416666666666667
0.7576309444987286,0.7834997226646644,1.1369306393762915
0.5526500173070268,0.6653267763566334,1.0
0.810126582278481,0.41597420842042887,0.9217489296953261
0.45196238779089504,0.5445125511523395,1.0
0.7767074135927251,0.764914150592662,0.9269337834198412
0.5918259260715363,0.8194728511885927,0.9170438644215659
0.826852625418546,0.7521869923162782,0.795073792168576
0.673980170735369,0.4916173692783147,1.038575837490523
0.630608993155753,0.9171684633437418,0.9060318028530121
0.6031451773658205,0.6204182133431873,1.0
0.5593728840573067,0.5094133921638112,0.6740658619741968
0.4867709915080568,0.5862934466754538,0.6898316031199355
0.6922751040184852,0.4729924686360767,0.8654654412007375
0.4867896104995213,0.4082259758601273,0.7065578283438286
0.630608993155753,0.5960084588197956,1.1020620726159658
0.5768444258558076,0.5788113015904144,1.0481125224324688
0.8809741386460331,0.3851135892406913,0.7824029300553776
0.9053913476598924,0.5242729868548879,1.1783068794767972
0.5888286303201058,0.4266006927157403,0.8032324128226873
0.9149513488874875,0.42369469736676546,0.7947178768003608
0.7772860573865847,0.31593856762018746,0.7511315932646979
0.5073462067089825,0.7260204002233357,0.8469068910760513
0.7089088821796482,0.8995625444771622,0.8842724875284311
0.7468552222916447,0.6190935664399366,0.43263348538641977
0.829753729155947,0.6135601536006613,1.0
0.7129095317620752,0.44805315843427673,1.0866093069948841
0.9870469267364685,0.47895577875052,0.9097642330410117
0.7104773189599145,0.7067420785633338,1.0443133396029327
0.8350340217976372,0.6410732792609661,1.2295416135694004
0.7362043865362637,0.4531540370568202,0.8796141469142308
0.7555551842719541,0.40593899193567107,0.910646589678246
0.5874677696604579,0.7432218767447136,0.7772040039793964
0.700682846691479,0.5459839948124926,1.0
0.6445096389023266,0.6898883433898912,0.9086415053563291
0.544888899876934,0.36944448038185396,1.0
0.8025600282514763,0.2348350402259033,0.684174815643541
0.8724270233312313,0.5264160361214292,1.1157275124715689
0.5003454466584091,0.47903758291746745,1.3515269661186142
0.9658465542542238,0.5279855106117619,0.6789710584379487
0.6750931367291251,0.5960919302261547,1.0435194139889246
0.6362947888842985,0.5691465641249871,0.8239098187348752
0.5632504400781264,0.5102415337223273,1.0
0.5906748302536722,0.7112374868007757,1.1666666666666667
0.5415119155825553,0.7071462936712887,0.9278312163512967
0.5166359036884416,0.4728633286083196,0.7724479504045703
0.8642673166717975,0.38379664641823674,0.7080214187631081
0.9499796473431354,0.7172007115601036,0.6368323005146099
0.9431967685907252,0.5962795696472079,0.5935261594335384
0.9046507684255491,0.6485129823974667,0.5572729288510464
0.8838014212451747,0.7698073866344707,0.6570861724862977
0.5889315196228564,0.4064800457762868,0.7680265980918823
0.669238371371655,0.6970470132957638,0.6304921782406494
0.8213978326637239,0.698773234385671,1.0842151921066518
0.7421764385019741,0.4347627835564637,0.7130631400847138
0.46787771906844633,0.2957661418086527,0.8120884929992928
0.5063663992641936,0.3080012701944995,0.6666666666666667
0.7113521362129184,0.5860474183705864,0.862639436051311
0.6232686685630296,0.4991050925195114,0.7766164741956149
0.6752150987691845,0.23363211297501874,0.6449765265976535
0.5933049743581114,0.38953617234058546,0.47074387597503686
0.6712787502583917,0.5611289968245705,0.7241925842433332
0.7878988864898866,0.4151990759097013,1.0340206908719887
0.8688028498305416,0.7726903125560453,0.810387957875128
0.9621061202520499,0.7602455729852748,0.9040116986922493
0.6089741520300961,0.8559880460727001,1.2105798931586653
0.8141301424604379,0.625388289447457,1.1311224337085917
0.9262184932217388,0.7414256973814455,0.8925362779890276
0.5580119717111269,0.6404334752908002,1.0376895605133865
0.534026997680716,0.6877654390102641,0.6392604473170886
1.1050184323524588,0.7007703787911037,0.7834672152156933
0.8138864285495153,0.6796676310403125,0.7655963845307523
0.8717380214843646,0.70835067536304,0.8405267698138749
0.799783200860596,0.6391574785333936,0.9602245261038745
0.744602476536788,0.49560155508279635,0.8838434794806878
0.7659243032851142,0.686091044241203,1.397799728122617
0.615295289447849,0.5152921692988871,1.2714330003442353
0.6404271924544345,0.5467517097826993,1.1698106157726538
0.5412092462815712,0.4907558165015278,0.7365471460592778
0.6676258053667588,0.46946297826157557,0.7816720654351594
0.34861027747886975,0.7790003451202269,1.2031962836434755
0.9004817930231888,0.8695482083733901,0.9804819985410294
0.6898805432813967,0.6267520290610273,1.0194495395526708
0.6578904239405081,0.8837950118760265,0.9655438831125399
0.8980027627025677,0.7402245008039092,0.5172169445176498
0.7371680768122225,0.8296903225396165,1.1449726807365281
0.9862923639535216,0.7863019141849938,0.7821180882392311
0.5927897161475364,1.0221489998218918,1.1498764704629791
0.8707669249058994,0.8260070987781107,1.2645220001749187
0.824212357733817,0.6482708700729045,1.0207999574017308
0.7537285064645102,0.6224384326435146,0.8759652654107916
0.6389424606415404,0.5646451597524896,0.8917336076078467
0.9667664983256493,0.658837397968235,0.9703500273335559
0.8203444493792964,0.6365489850266424,0.6862789346819883
0.5957887262657314,0.5347400853114368,1.0873670986654655
0.6334126622944999,0.616052816772209,1.073267879550858
0.7125019238529289,0.7553059317624483,1.0341145300979093
1.049755008068091,0.7482403470264583,0.7726592863763799
0.7967510086246312,0.9013021654425942,1.0429865786302437
0.8180984620651846,0.7378283282866577,1.2255292049646647
0.7229110045634741,1.0562766607883354,1.2174606509379415
0.8138864285495153,0.6929856453310719,1.0524369270749143
0.6772293516495711,0.5367846205838664,0.7145476050621529
0.7416287373068955,0.8614410134600159,0.6961985790951903
0.8982354534123265,0.6561256485924214,1.027310446249874
0.7659243032851142,0.6106054305315348,0.81682652443681
0.6037329420101298,0.7344497442911873,1.1823232246362438
0.831112818384336,0.6404099458912309,1.1250152615835987
0.7786728277740551,0.7722795061465636,0.9151895808711736
1.2497681631537996,0.699627805369768,1.0090490512092134
0.9109102763387565,0.5812688857739368,0.9181153760369459
0.8857827552502321,0.667429782357931,1.0283370724993188
1.1184827600655596,0.4315180936329033,0.7962353603817923
0.6429373300016403,0.6219534135958456,0.7513774209505766
0.942912571426427,0.8470520492140947,1.0877058019307029
1.2937962465694701,0.7270275767176952,0.677509690068058
0.8040275294833686,0.6740132389369642,1.16935948632048
0.9828643530773269,0.7032322581539128,1.268999165131722
0.939437867243402,0.858702586093204,1.0824301642942173
1.175787642266183,0.6993246971876643,1.0737637982349897
0.9444156574930447,0.8702487256548024,1.0792146101660418
0.9709956094486963,0.47595199702627133,0.8273029183854138
0.978543758450988,0.6561827029031087,0.9383284324303653
0.8097319546026288,0.8214129263316943,1.1070383518580174
0.7121681624035234,0.858042754640643,1.0086461076095543
1.0096446590663586,0.6730621449799203,1.0204003001732367
0.8410597121071763,0.5366216664725534,0.9966767136521569
0.7880829882529212,0.6750865474476138,0.5548771128112258
0.733493095583875,0.6580266514061157,0.9373529986209265
0.8111208902470838,0.7180417267368928,1.2297785345682097
0.7406541906104622,0.6682179347134647,0.5210099811821856
0.6214418321815958,0.30339639154970544,1.0848104191288264
0.5234451589492521,0.6142425034247698,0.7354779998250812
0.4896781306155491,0.7394769116697113,1.028636959456987
0.9135959046488253,1.0103257073965732,1.0595465158156843
0.5591048946067714,0.5887993791850082,0.9179587345857633
0.38364446992574364,0.5622703068743635,0.8568018579577631
0.31137134266199384,0.41499151162569126,0.6799338900812372
0.8978013546191649,0.7224688358789911,0.6922070752347332
0.9673997121658328,0.5819893265840177,0.6682937979886474
0.5710570066209633,0.3466678599095332,0.31496521904079144
0.6272127793059227,0.6099536316185553,0.6785222185136842
0.4035321663067678,0.4525060979618182,0.6075793225698911
0.6051548127995338,0.9409636016802866,0.7616352136822007
0.5405928600064892,0.7953432087201996,1.0205147688264986
0.6847781117894014,0.6453240824475385,0.6136213678247011
0.7447064694426971,0.6274086820535789,0.8596229434316178
0.35803668152809254,0.4785949989442664,0.7293340190196167
0.4216111643625383,0.7818734997711134,0.5352646026351175
0.43029002053868937,0.7412758321534376,0.9093065182799489
0.4248960974515471,0.6052528120868668,0.6226174587801094
0.29777290985534266,0.6506812540363478,0.36253025540404016
0.37710902577203054,0.43902894048392394,0.6435382053309613
0.575587509004805,0.4122769564274523,1.0662993544131796
0.5353459189783643,0.5117097300197609,0.5128012342353099
1.0470291657352129,0.7833371264176656,0.6968350743594032
1.092614827902203,0.773958188231579,0.7877816655559442
0.6840284584139698,0.6181354377660125,0.8279696350226453
1.0666272424676748,0.7043630822316087,0.8791564043766712
0.8474162428604541,0.7454481167766356,0.8406755588172656
0.7034406422382667,0.46750730358402204,0.9754136377920521
0.6522106634983946,0.7013970721609848,0.6648410026248961
1.1430513632736048,0.9211889593760899,0.6789710584379487
0.9373287047760339,0.6322373509740327,0.652475976571542
1.0700961106909872,0.7951682264470661,0.6935126197959053
0.8984385761089955,0.7522715199438339,0.7812379246540786
0.8962430451451089,0.4727300332584361,0.8836403504920135
0.9844616307352727,0.5879886851074627,1.1179546328747267
0.6949119232212617,0.4494434618181571,0.9538202712225521
0.8862707822578856,0.561506500206024,0.9434826269370731
0.701194290555357,0.492025699752342,0.6198936131756481
0.5284604307596099,0.4733919716074154,0.6968613626624829
0.6155177905394564,0.6301943478416527,1.0029827366629875
0.8993688542562277,0.753728597496564,1.015581546476864
0.8265810764801161,0.5717496477012439,0.9134930292054924
0.741419112636057,0.602845784273276,0.864777036349534
0.9715628013105188,0.7333680531494655,0.6065643680983672
1.0700961106909872,0.6238985989402157,1.0137192412152396
1.0442229742011646,0.8176751063888202,0.6051866051573453
0.9317024242190785,0.8412768811220278,0.9725364508366516
1.0137448157830469,0.6906327728525511,0.7562141830462575
1.1313664047534109,0.8691661439583445,0.8581462559908487
0.7432498550502034,0.4582115127487062,0.9020832525581723
0.8598530417059252,0.5549257357247925,0.6789710584379487
1.258580887363943,0.658630837220246,0.7362478106416852
0.8564301361450699,0.5615626975084616,0.8661986050176129
0.6465662448593043,0.4903253732152969,0.837499448027079
0.7432498550502034,0.4951707719610047,1.2771073730943199
0.8628180644412005,0.7780602959976153,1.059373936999576
1.0608859197488896,0.6998465490108815,0.7728015478304814
0.7369738887577433,0.6563515902810408,1.1377420412842483
0.8953691196772547,0.6035527242468554,1.0
0.6892063107053452,0.9806172065123473,1.2545299354706174
0.8079428049588135,0.5558844083156724,0.8033575425815666
0.7043198060569811,0.44720090955437786,0.5207375762301494
0.6489456816009828,0.7177557861166979,0.6709422452956293
0.9225939740772512,0.5641025641025641,0.8785295677707491
0.835293285793891,0.5387746228129132,0.6842713173898654
0.8686335952465892,0.6656686763350915,0.9754263406408504
0.7463881537849715,0.7020907405596963,0.9073269270857446
0.8912784667444726,0.6529832158930361,0.6227832319228411
1.0350343953576104,0.5456672833226337,0.830958196849604
0.7812735821197805,0.44850775830782885,0.7956907081130151
0.8225824203223016,0.6529832158930361,0.5971770645482612
0.8912314151469091,0.41673283973211206,0.7478346849547102
0.64613610137582,0.5816200602700594,0.7788370657676543
0.8638721613082694,1.0218817533506506,1.0557278212575354
0.9187572087241617,0.5787545787545787,0.33273318938422813
0.9203848710023828,0.6522469844182699,0.8554328183673402
0.9406227443103703,0.49830857697310416,1.013033169134683
0.9182440362305436,0.706436420722135,0.8940846796039869
1.1762232258887217,0.8415429983600761,0.9279815609190908
1.0017078454084445,0.6852760335321211,0.9424300771495079
0.9628679790974268,0.44936049718432636,0.6859903381642511
0.958467288746566,0.40791266097176815,0.8440251453482466
0.8435324019872743,0.6128138214394679,0.9173004180278118
0.7616262062569081,0.7320082041476386,0.9205245763628422
0.8859110210817617,0.647174589010915,0.9532573511641825
0.8415086334997819,0.523217554478811,0.8176985961119903
0.660940491948229,0.29498835462217843,0.6333700447830315
0.5132389480637503,0.476071501989894,0.9814240595808216
0.9862551842169531,0.7210612816835222,0.9597970699861005
0.6382868232819767,0.5406826643202872,0.4251207729468599
0.6786084848445447,0.46661514792723213,1.0
0.660940491948229,0.8483544428844826,0.8622080165044065
0.4607102260148207,0.7503571039003313,0.8046986425234774
0.8942660644667669,0.7464029225850295,0.799356911523718
0.4604703114928006,0.7944144292981351,0.8783665918000397
0.619231221235224,0.6299459727366432,0.8150901786192628
0.45029855612121517,0.35924754211832166,0.623894030740759
0.6283058240191582,0.8801163698984469,0.48901953937223097
0.5779032099882255,0.7147741724676167,0.557150014514536
0.5613882499211739,0.5949631127524169,0.25678793820821466
0.7855705041467637,0.8890237483750171,0.6584854906297231
0.5951239848380727,0.563019730177039,0.7346999991217908
0.8069951173972227,0.9159190501379176,0.5971770645482612
0.5823863124509558,0.696595814553577,0.7465420563864693
0.5008645914636545,0.5240074068687419,0.5538177922740578
0.6649328014796662,0.6612987338928786,1.0814387934696854
0.49003707946269615,0.5692064515536625,0.7190996761332051
0.46623476140308484,0.6959751140624615,0.7299076117020138
0.3588937629185128,0.601779413427816,0.9731077836807321
0.4093375510977988,0.5070453477670229,0.6891650639198954
0.31941942620494557,0.4620748675996803,0.40320330174522623
0.4775949427791223,0.6605778833489346,0.6818016025980425
0.5569839261155476,0.5874577155595606,1.098294637436598
0.7440652117946686,0.3774648277643221,0.5585852053521796
0.5308070551224078,0.5606807453468603,0.4428075291302974
1.0975591268234546,1.0631464753084345,0.7549198778090047
0.9850345676396075,0.8606155743247167,0.7766127485456784
0.8944306697695348,0.960431764387142,1.0384716520276507
1.102092838695872,0.894294275229151,0.974043560652398
0.975344316363923,0.8209090666469772,0.8610994226611227
0.8194779691867456,0.7411115824814138,1.1999843444933773
0.8451672972558419,0.6996337843015971,0.9647708359256284
0.908755140299129,0.9426565450075485,0.867836279908982
1.0571681014452174,0.9420228964347551,0.5803238234559165
0.8629836986576345,0.8207914527032072,0.6491073940046401
0.7538335943455622,0.739640412417867,0.8945364533002377
0.8767215818196155,0.6252251576306259,1.1865056788632695
0.8116891057113227,0.5301285061006352,1.2328148371085161
0.890304315535021,0.6304245981201508,1.0543189543536802
0.7978501229793439,0.7648717966650146,1.0310233556614272
0.803497885084479,0.6038993821561836,1.01295049827581
0.6813907109802415,0.5454837482688508,0.9858984746993512
0.7943262411347518,0.9171705650109033,1.3258177896415104
0.9419258141067758,0.5877920988774991,0.8839238676751221
1.0230953794232158,0.7090605237487737,0.6906269856334295
0.8216556489906014,0.6955508484335984,0.8235065802365533
0.9835889062897042,0.7497639398399853,0.591490600365935
0.8629836986576345,0.7497781786556006,1.2133705944888207
0.9404508665824587,0.7775653150065223,0.7044729377172292
0.7565575111682249,0.6345564737943883,0.7409804262278112
0.8951196595432008,0.7208965322587721,0.8545454160781215
1.0388302749104747,0.8166603005943578,1.023698333724753
0.991833128364969,0.6672261450437472,1.0852105332118247
0.8979071613041282,0.8123926813694579,0.867836279908982
0.8386408252772108,0.9222236460257442,0.9276109492223508
0.8925965376861824,1.0058328128590184,0.8775901980938384
0.8523001566073374,0.5589661783313233,0.8927022422670916
0.991833128364969,0.6851249264378043,1.013385591210081
0.9586437758189735,0.8077561256050103,0.8611848944294841
0.8732930008649943,0.894847470783116,0.784835592157494
0.9850345676396075,0.9702777595918156,0.897307220526071
0.9816227384526677,0.6556444197641207,1.1019665237674816
0.7540749255669926,0.8777735337295718,1.108667881920431
0.9264981552847206,0.7599519855951984,0.9874487885594811
0.8788230724623874,0.8941976108261211,1.0292305962691728
0.8588568153841958,0.6620938161260611,0.8834261301263553
0.9245214469180039,0.5264780654052547,0.936286227151357
0.8619053441883033,0.5977671087566306,0.7370067887133229
0.909396025208892,0.9200311883636971,1.0674445159856283
0.8083165628314306,0.6306135748166108,0.8982603208377979
0.7269825327745982,0.5783592253047284,0.9769932494041706
0.8584716708200313,0.7209426683676488,1.245966999067638
0.8904642510083998,0.6174035936331929,0.7610741351088102
0.7243410767900144,0.6210570252738699,0.9281032499638455
0.8870134634267935,0.5776102821182523,0.6450472507566302
0.6046056079628922,0.5436162742387385,0.6088218072833562
0.730433738992871,1.0229974538117605,1.0917698713907333
0.7447362648786845,0.8036616368753495,0.6048853121531701
1.0693692286154568,0.6038993821561836,0.845465788064324
0.7105064307328144,0.6204753164059067,1.233224642216584
0.8824465231622289,0.757464374963667,0.9985092631691792
0.9611697250895251,0.980330351057339,0.9809659986123642
0.9379074037902289,0.8291182946356197,1.3248594960921625
0.7659967239312024,0.6215721592968106,0.896580825764051
0.7700798703563158,0.6374562908695414,1.0619987153324464
0.805513344669474,0.8621153347342976,0.8392763857139114
0.755667420470496,0.7183439165827987,1.0098509020760924
0.7905068796830066,0.739640412417867,0.9169893352160927
0.6861485095188711,0.6170598445858944,0.9702499446258139
0.6811523724098849,0.5236694883775332,0.8076949488241223
0.6875865536953496,0.7859629164458848,0.9694100428697555
0.6606812514632967,0.6677506803775057,0.9570253218120456
0.7687645094180732,0.918707511846601,0.6579211929118608
0.4979813002013195,0.7061639025920645,0.9309797482125118
0.6452258791602945,0.6316025584071163,0.7265453822268684
0.6065143145955387,0.6778711484593838,0.883473624322797
0.8058486254476258,0.6920702724135357,0.933918139954491
0.4999332368974436,0.7839320921492785,0.9904619050785436
0.48726988137987337,0.5462573935134849,0.8609071700764863
0.3715206390490199,0.5995592250221458,0.758818903230218
0.7056798302456144,0.7611111636833685,0.6205190210073699
0.7110887302862796,0.74591022228212,0.5447137208161752
0.3910667470652355,0.633026905187436,0.7708262112268178
0.5480538537071744,0.7851466487511432,0.5612125729333954
0.650832030600685,0.48377651625308027,0.75728713024643
0.49320723586945714,0.6621221815580554,0.6242377403770792
0.43765579665162924,0.6231488268259084,0.961044324230518
0.4285195266648867,0.7264051846079584,0.6507956638700694
0.7118206156157647,0.6086531456359869,0.9354287820858807
0.2946158278407518,0.3931106461319943,0.6035088397269461
0.34065093639360633,0.37405077066401615,0.518916797180639
0.5033679238310647,0.6747396692207708,0.9911430406667934
0.41049365525343673,0.6291848298072651,0.7270037936611566
0.3974051382762325,0.7021709424423518,0.7213719747088323
0.6867838559878566,0.6871765701901392,0.603587391715884
0.553714347782732,0.41451298552388793,0.8021627531088238
0.6553670320837871,0.3659715979196019,0.5594542663632736
0.505335624250871,0.6620938161260611,0.6619524931371269
0.4891126805798256,0.6455248557161287,0.7215637616724448
0.9661110401560632,0.9335788835844928,1.0530418021720687
0.7934770334265837,0.9898569896758302,1.092307128586736
0.9404972865973742,0.9345968919704579,1.3065584963604384
1.0723931038025274,0.8146876708347247,1.1995746938302023
0.8668593083651848,0.8720888724758373,1.0806920612061188
0.9113800939644024,0.8319383373894993,1.3520548929427003
0.9827963663617603,0.776096725638276,1.0397277633441653
0.8114272899515332,1.1474419561548972,0.9187052318867077
1.031034112213118,0.8881966011250105,0.7066527734130155
0.7314480493689635,1.0912870929175278,0.9423450884490526
0.7013180944726155,0.6652806593023985,1.0761113966022173
0.8274102145474618,0.7035002733355595,0.9363534942815696
1.002510811923849,0.6268987463776818,1.4537678964181346
0.9006286152493719,0.740839472325592,1.277319134184269
1.0183772615473323,0.8911785624834982,1.3304771287349917
0.8596413464889134,0.8007366507534786,0.7942133163806602
0.7030832583177569,0.6303231432933245,0.9973978178839764
0.8624113475177305,0.7788370657676543,1.2583208304827849
1.1071146095363913,0.8890831318493881,0.8883917960342939
0.8999200224993976,0.7985976318230474,1.3890032148417197
0.7808912259027389,0.9693686124769926,1.2450260267128597
0.8785579065438107,0.9024042549853373,0.8247464343242432
0.9068289150871914,0.7902046604258277,1.3728920451530713
1.0119098266835083,0.7214646763615085,0.9818219372283596
1.0595081639366561,0.8114752375057829,1.0695464667434311
0.9346040230092899,0.8557335524739955,1.1449415058363812
1.0698944948388547,0.9558058261758408,1.0843383570140843
0.9787661337489193,0.8193668242561176,1.189898345038435
0.8088079566240945,1.0868279424263958,1.0406473840566461
0.8929933893943608,0.8935594625390247,1.0667904674542028
0.7665764752379697,1.0224960635332925,0.9774114792155466
0.8785579065438107,0.9022422641242781,1.0679874904481907
0.8742301768205218,0.6323333727971912,1.5378014726865015
0.9586437758189735,0.9703420595393234,1.3129585409870665
0.8375169069915809,1.0405553552826907,1.1504732644085147
0.7934770334265837,1.0937907166142975,1.3842080708419395
0.8640082645497404,1.0522879837615131,1.3951377342095823
0.6608822657818529,1.1178511301977578,1.249226381255013
0.8742301768205218,0.8071208125473851,0.8865111166925436
0.8926718641809718,0.7208010932680875,0.7373983786622771
0.8158417495965221,0.810980359786657,0.8688028498305416
0.7778774009301257,0.6881952177688382,0.9138714733836202
0.6409538948895885,0.761332814747281,0.7260366363266362
0.8472675853521323,0.859806961476989,0.663966942677684
0.6179550804019549,0.8236142599079914,1.093871112507835
0.8504339092591278,0.8970766288009228,1.021227404011936
0.7226044748072612,0.7847456582761407,0.8410034011423463
0.6334203600414445,0.7862920559840073,0.7015713532200116
0.7463937906468132,0.8147379318416609,0.998748372804751
0.6560187664326826,0.724309911085603,0.9709169320891106
0.6289375705497912,0.7829907300233145,0.8382063057336997
0.6010419337094492,1.266090578195087,0.8212472154766175
0.5405252767816322,1.0445435403187373,0.6460875429411078
0.9482883932139321,0.7564559064764738,0.7700696527980937
0.5119965546638872,0.7756287323353886,1.2838356172467702
0.9630546215652719,0.9427297338759091,0.9601121543568953
0.7230107056386128,1.0455172846775804,0.9229977879854794
0.893752668707725,0.895938109735852,0.7352536987389434
0.8139973959453147,0.7437475022525878,0.777351664755927
0.7203674098928164,0.6452168547698851,0.9155564095227233
0.6207510221054742,1.0907943114884082,0.9739637860524691
0.8821454616387099,0.7720122431660265,1.1804821946612867
0.589393484178693,0.9543564535412361,1.0515245879833295
0.5354997940879291,0.6948495359317037,0.7230128171555119
0.7961171508085743,0.6938137821521027,0.6960271073404779
0.5258666520788247,0.6401663068327936,1.0470402064535218
0.4731305249993736,0.8115554096388977,1.0846602607186888
0.7687645094180731,0.8258167464270956,0.7333113347076488
0.4241210777022033,0.7347664478062733,1.0636822120358076
0.7386347616092297,0.4659254913136234,0.46854781193326867
0.5834810061816191,0.708308324401526,0.978497159394643
0.7851391454953724,0.8502991029895377,0.9878057847830062
0.32632515310334864,0.9166666666666666,1.1672079191545812
0.6239979130119071,0.6875,0.8300423567176229
0.5525226950029021,0.570347974520169,0.8700435874700359
0.9451267480118942,0.731759044866595,0.41183385558162766
0.8651747408002638,0.7687695796948619,0.7137546468401488
0.42036879833427676,0.6603168897566213,0.6745778072801132
0.5706511610218157,0.5501619623801405,0.48110579604147385
0.7537446952657462,0.437034087709383,0.6911965833661337
0.6257530357189838,0.8997591325294219,0.5581756000771301
0.5523299087069833,0.7204915028125263,1.0256734544272248
0.3077538417336929,0.8463295422932944,0.5670024843424424
0.7467514500865811,0.5651021664178468,0.9220912658240468
0.4067298684488443,0.44270041980467134,0.756115695660123
0.5901343658662959,0.4985060404027646,0.6342907323925786
0.5624712452924916,0.5548661944948536,0.980932092472873
0.511551885781419,0.7261387212474169,0.8110880301780551
0.4651970602201564,0.7702658541318297,0.463253720407513
0.6046288018207371,0.6189996189994285,0.7071165449535182
0.6907555985646001,0.4995532389279942,0.9502173248411384
0.5372071573696571,0.4875060139247551,0.756115695660123
0.756096179086073,0.6518059259227892,0.5626759028208534
0.54810173189432,0.7019009224822959,0.557150014514536
0.34042553191489366,0.3842064626254438,0.8025749762831202
0.9383970824167333,1.349690240216835,0.8992689197709614
0.8717527059893557,1.3902334207488722,0.9128960576426443
0.7861656991380751,1.2795847447681816,1.2646280620124815
0.8886501664792389,1.1751116692951165,1.1833030277982335
0.746453723581445,1.3142624186096086,0.9844300211167696
0.8031096173379458,1.2949339323650488,1.40474605943743
0.8329152590312153,1.0617651072739884,0.9170711571137271
1.0,1.3881221503663908,0.8
0.7340510572959692,1.3018545562364912,0.6920798564321996
0.8590995345058414,1.3608925620459495,0.6653992349714783
0.7468552222916447,0.9055224349765888,0.9652366660364017
0.746453723581445,1.1951244315002727,1.1778462747962235
0.7633176843984356,1.071951756691206,1.496156457077849
0.8783471623189526,1.1457707362178138,1.303224798807659
0.7795207240779508,1.2791134679986318,1.1792516319060544
0.9037749551350623,1.110585802461734,0.9956449644369065
0.7095378672873918,1.094978501644068,0.9402494560313153
0.7690470967950003,1.1758160168326386,1.4013788389734698
0.7456349757578099,1.0682105700431535,1.0554700196225228
0.8020825697615277,1.2446920253520526,1.1001658179511487
0.7234443078736985,1.169536518213618,1.0948519094968705
0.8031096173379458,1.024885709606372,0.6298753614496658
0.7964771053973264,1.2662173913270156,1.387465959962769
0.6938137821521027,1.0556486622461712,0.7913003221000197
0.7496563572261041,1.0642299687289065,0.9543741254318613
0.7568009126982572,1.1093597676582891,1.2289172356446623
0.8447126108521801,1.2625006779468413,1.215172518222995
0.7900403083915546,1.1835239243402298,1.1864771062016661
0.7295789757352944,1.2539594307351856,1.2
0.868999935308594,1.3644444243295797,1.1095445115010332
0.7913757051886282,1.3613817566574187,1.0317553674414979
0.859364012384247,1.271851096001812,1.0430380886675708
0.7340510572959692,1.1037772349996164,1.4309019615975855
0.8440618062909707,1.260235822675043,1.0986393923832143
0.8083839511346514,1.3394318828824603,1.0539214881259822
0.8717527059893557,1.4543940128192974,1.2015107710342336
0.7165266452430796,1.258342414607975,1.3394673699166022
0.6672413089689573,1.3500009039291216,1.2349204928674697
0.7900403083915546,1.1458096032325606,0.9772078847080724
0.7923132098160757,1.2174424625519897,1.023281009858986
0.7350539853891475,1.0362601694051914,0.9495976355069895
0.833675214035221,0.9819607399264104,1.0134534558799262
0.8924171292720162,1.123504286274291,0.8569469413176165
0.9778160872645971,1.314157382700362,1.0816496580927726
0.8300712795889585,1.2069718569745094,1.038490017945975
0.8168975967764891,1.0639123178367034,1.0696310623822791
0.7574326647425684,1.0368067096529567,1.2184259273590767
0.7872338759132524,1.188206523232818,0.8179899818609857
0.7165266452430796,1.1972945463654758,0.9876830726080217
0.7633176843984356,1.0575161917686156,1.0124434203367652
0.6350997754001191,1.0813745347576853,0.8367006838144548
0.7967141504874925,1.2753904095319972,1.0617213399848369
0.8125,1.1984318608094855,0.5548355039185755
0.7514058218289078,1.038854471135204,0.9283694441661078
0.702299812010035,1.1860588749619367,1.4027332775262111
0.740958774696999,1.167507414969046,1.1127947086987353
0.9778160872645971,1.2232514678624395,1.128508684848505
0.775332709325809,1.2762709371018737,1.3022297911997105
0.7429093531907103,1.0887370560141647,0.9598713823047436
0.8402446289341357,1.0760659958992442,1.2769955719974375
0.8333333333333334,1.3659482031910994,0.9517275341955359
0.6797679845966047,1.190092348690821,1.2768465114999739
0.8994651268162505,1.2587863737597784,1.1050622688402214
0.8493839809808227,1.1071026252301979,1.0900400059977065
0.59206623992781,0.9448891501545207,0.6074744137284009
0.49604736932103044,1.0200015512008562,0.8456966500379081
0.6510621790888038,1.1119306651641998,0.9894541910164416
0.5530885920023888,0.8792968516911339,0.6869967819770001
0.4362787123579197,1.0227848697321518,1.0348155311911396
0.4997038791567481,0.5497365370205616,0.5245565105841632
0.5887801906501444,0.8527028383562525,0.8730377891454524
0.578505658027346,1.0202086422640082,1.0666666666666667
0.5957211079042807,1.1124945511771378,1.1443375672974065
0.3816026728410866,0.8650065385874346,0.9658671925606855
0.4111528856380383,0.9702161062614486,0.7956149931341756
0.6152581179680672,0.7087394182685594,0.3689961221441348
0.5630862039734028,0.7636609249276763,0.32931816306533834
0.2859175165966832,1.0382124990292831,0.5523537391716136
0.515877081724073,0.728334659435055,0.5074510477530458
0.4015562510687236,0.7497669069207789,0.5592505363745763
0.298439239979886,0.5047338627004322,0.5278511166408297
0.4897479614375432,0.9245363609408772,1.0168430384213303
0.35318138791474873,1.0649994552750686,0.450037685162368
0.5360196364308316,0.6235757843027767,0.894769556079604
0.2233784540453274,0.7943664150434788,0.6666666666666667
0.38915277821847394,0.5575987920727847,0.5512888244342826
0.38799131392685393,0.7760276108116017,0.9195819307104214
0.3264246859454366,0.9301687562870439,0.6127016653792583
0.4513273592872826,0.9591939374271006,0.37547777365054347
0.48077540894103743,0.6828325452435642,0.6184664082032776
0.37417675994439437,0.8434653938943261,0.9183503419072274
0.6624736297221928,0.6817566491862661,0.5333333333333333
0.5718968978559149,0.9503101382225155,0.5506944715725637
0.6118399972376611,1.0624435925624254,0.7190996761332051
0.3071412903850008,0.5056065564630652,0.32596502753580847
0.46759278103268487,0.44315197167316767,0.5244256065372399
1.2003939429265402,1.2530855341217655,0.8908767374797412
1.1102775939107405,0.9834365335000016,0.874313968115153
1.0445274937962532,0.9881330190915183,1.3495796258700234
1.1393155305651919,1.1412197576227205,1.2050585707624633
1.0874771550759201,0.7075708047989502,0.9098811924953112
0.8790695862149052,0.8116563901283294,1.3552556081492155
0.8513185508636074,0.9523088022674252,0.6974847167098908
1.0083008277583119,0.9598713823047436,0.818416150257305
1.0780113912589955,0.8782838761099631,0.6461734897131619
0.9127464160856001,0.808337030500018,0.7870164603191806
0.9507320536431095,0.9503096005000047,0.9322127873818625
0.9259808687819137,0.6973862336655987,1.0710819269139005
0.9486063224724622,0.8259223440443022,1.3335938533790908
1.0616372018323257,0.8824423973569003,1.307228902047945
1.0250775468241087,0.7433154863043934,1.2818993335030089
0.9923386828956482,0.8192246184844532,0.9214138402457857
0.920445769292959,0.6559674377182194,0.9564073195613904
0.7193383080961582,0.9598713823047436,1.440340318499088
1.005283188728485,0.7383728517870183,0.8224728976401454
1.165983602927811,0.733756774750201,1.1112068298408695
0.9605975493504073,0.9722106409093247,1.1342758962831354
0.9776054789286861,1.0059027105272271,0.5951393416366395
1.0722958266719314,0.748764139729905,1.2043473269003233
0.8862352451765387,0.9332892124372617,0.8578881589257292
0.915842471928897,0.7898735735917519,0.944924098387539
0.9377009906876701,0.9093899529634063,1.1259020862505407
0.9823374475616254,0.9037749551350623,1.073259726658303
1.0780113912589955,0.9534253567167378,1.2850287116658745
1.0227970868197587,0.8897193273686687,1.0
0.9652331317797712,0.9104580791846709,1.0248643926456757
0.7752710035674344,1.0857171418099085,0.9675647769811319
1.0492679463568906,0.7765072001150647,0.945383654285428
1.0066866906793426,0.8362553396187333,1.3021956046266827
1.1241560294787702,0.7147939621943273,1.1878200980131162
1.1362889783839043,1.0441510785688348,0.990114581761866
0.9795782233498629,0.7447340018722162,1.1476823061207062
1.1354187528501873,0.812150976154528,1.2731852140645321
0.7633217973257806,0.8075499102701247,1.1823619559698457
1.1493360918386484,0.8320157897736769,1.0439734754089303
0.8535404012935385,0.8947854064252159,0.8113498029493809
0.7780473998360764,0.8429584979330134,0.914197605805231
1.1677392246352336,0.8302749742608948,0.8274680467841768
1.0582461678645427,0.7185197522666267,0.8463911832259217
1.0741827202411733,0.9236885755840616,1.0416988541312324
0.9693331081825776,0.5937943869731162,1.1572562267941502
0.899571138228608,0.7198780643946607,1.118536340959825
0.9922748374825981,0.7734720627833775,1.0561549860440844
1.0418521879774756,0.6953317679892586,0.9313317599052929
0.8946743033387432,0.6750585546978064,0.8895700922911888
0.8595239480913968,0.5225151197091329,1.009885418238134
0.8920892391419448,0.48812549987719744,0.7359072571688609
0.9264301646336695,1.0160934849861756,0.9894928763821333
0.8905242285595205,0.7332892452671205,0.6344608086408263
1.232349743757816,0.38536370284714083,0.8665831017492613
0.9480802058543324,0.6801298250837583,1.414304241244142
0.9740283611812061,0.760999453551056,1.1182818026936059
1.130702888043972,0.9091529376809019,0.9652990944247587
1.0056487559725933,0.7545421535839577,1.1914723228315005
0.9819870739906695,0.533024487060832,0.9863374208388297
0.9168991241725496,0.7614406381931511,1.1916594217625038
1.013269790477634,0.8376128921282511,1.0088497838328987
0.8391761092055636,0.8904992800303992,1.1928660700293676
1.0617486931030582,0.6024768040000374,1.017107640512973
0.9143438707874371,0.7408795169965163,0.9080323135754563
0.7413922439797077,0.5555555555555556,0.6758771380733659
0.7141159662051602,0.5736976366108252,0.7373219095533345
1.0084187850422068,0.7538170180413346,0.9628978709934658
0.6200054933194293,0.6144256937410775,0.6420404259773382
0.6929072930348388,0.7243752691646448,0.928878195424105
0.6237318431363519,0.8519007512178214,0.5383590170813507
0.8087937031102073,0.5471919827786427,0.7550482004251167
0.7633217973257806,0.7772692847375511,0.9773020187821632
0.6575177950618527,1.0453609211626516,0.9705144574760968
0.5283707770550667,0.5237103277921598,0.8179347317901434
0.645516761815777,0.6776345964064745,0.5407264223422539
0.5112388121733848,0.4349975007803497,0.39567233384853173
0.44496163298886404,0.5265044774836676,0.4561193064554816
0.5489138413887095,0.5993831916151123,0.42553155237842666
0.6608017283182506,0.8324636541774706,0.49266047192309803
0.7442090223940907,0.6487153186908146,0.6287943816718533
0.7020939426305121,0.6617018543563136,0.5764523792940532
0.6780042987784436,0.6957096902749077,0.7878218517950427
0.6674643441441859,0.7267511661311523,0.5196745500416585
0.6162847190226397,0.4847676084552932,0.8003880851149822
0.5372039563871958,0.6561971364314209,0.5460403756432625
0.5185146099749949,0.7397179497976892,0.6102740624276469
0.5284087473653243,0.8604938510150366,0.9239446739037683
0.578627559260648,0.6521672035000328,0.6132008257034718
0.6402442573072354,0.6774989443311609,0.27321074346610263
0.7071165449535182,0.5506542656168157,0.55082551681953
0.5976910148438521,0.5282678386346835,0.9444015278250233
0.762618076644073,0.6732107984298129,0.5006444132075887
0.7741031291438045,0.7563149105857103,0.3383373653249654
0.5443337102381601,0.7594007876885212,0.48901953937223097
0.37867308206115047,0.5589532299791974,0.47652623846471187
0.6202356968859741,0.7278344730240913,0.41183385558162766
0.4725258285140532,0.7887417422589961,0.26004581229851775
0.9959352615943354,0.7168329772257778,0.9646557425021992
0.7986013815619086,0.7363647479958517,1.057444372150873
0.7644814753167483,0.6312287516114425,1.257145424021636
0.9338753477466419,0.617729853010464,1.36266076116362
0.6291579722795575,0.6939218094176927,1.2156338781002822
0.7531634750645803,0.5472705173109818,1.137417761811487
0.7140054366552553,0.6907430998289265,0.9757925407118551
0.7833054644456154,0.7262654208973869,0.8789129042169334
0.6056300078605061,0.630987516788446,0.8863967905631668
0.8047625879632094,0.6179979001572545,0.7853101140652523
0.7011978908676497,0.5606079133264195,0.652007720320401
0.7462659810333814,0.4342401824554867,1.0158000543639842
0.8111764819000178,0.7361203017198745,1.2508514959613977
0.8110005056316452,0.518853386016956,1.0904091231479434
0.723590672367743,0.6557950557109729,1.3313897480572658
0.7555555555555555,0.49760689507799294,0.9772585225141751
0.7692470146568404,0.32597314447395787,1.0213174691732745
0.5901527317476274,0.7262654208973869,0.899871295951694
0.7292709945534377,0.5779836802907028,1.0545732165803583
0.7501346695122378,0.4658353902111705,1.3253020040363652
0.6705766037281209,0.6587862699489433,1.2776883734896025
0.7791462671630455,0.6286678679527089,1.0911841700352665
0.7469144658782345,0.5326032794977802,1.1466160243959052
0.717157287525381,0.56332337903585,1.0676897443422413
0.7558948069899568,0.7370316261094777,1.1534988960752839
0.9365097822342844,0.8397544071224304,1.1559189432188128
0.948768448042144,0.5988712733807899,1.2023885297485515
0.7090713172741439,0.6038484543287299,1.2603302532943024
0.5959049028961452,0.6775977354849286,1.2119024176203665
0.8453726915458527,0.6606644471622305,1.414513336144839
0.7109216973547807,0.7679708211457458,1.031241967404498
0.9350430197538369,0.5402179096962099,1.1821014009294488
0.6056300078605061,0.4897778428734667,1.1964986661508552
0.6791624038088909,0.5064840774290882,1.1700355068378752
0.7816909672769028,0.6653627592948727,1.1836336486790204
0.8933772020033633,0.6517441438558336,0.9294354168309648
0.636303516273346,0.8058486254476258,1.2382228425854753
0.7643348609938624,0.805513344669474,1.2453453719082686
0.8125126266877816,0.5225447394405773,1.0465721489257582
0.7944433870517406,0.5658273066941363,1.1553990216235253
0.6967269839023036,0.4705327452413829,1.0044012566853786
0.9402494560313153,0.4303048920326964,0.7607347645779473
0.7714241623000215,0.5897226572426038,0.89923329761217
0.846305344126432,0.7108038429795778,0.8980432003079911
0.7436100676722237,0.535383877260238,1.1048645010186153
0.6335240311267472,0.5838631809780699,1.0474267550508984
0.6788271146014935,0.7572604277989066,1.104242415905342
0.8901660705269449,0.5507571087065786,1.0145189783022834
0.6508513756224121,0.5159224758316323,1.1593956158337568
0.6322910437000346,0.4726551501980534,0.9971748669433996
0.6388424407426924,0.37328167927062117,0.953656000139996
0.7524620321297344,1.0609892168399333,0.5585870857975015
0.7401923788646685,0.7243410767900144,1.0772883589365092
0.915132502029116,0.4245315343620647,1.016262879953599
0.6398761675405918,0.6341339565885372,1.223182203021003
0.570160605851552,0.7558449537282984,1.1300922947046559
0.9282758272590016,0.8560276835687037,0.9869209268573907
0.6231533165612414,0.6422278515190221,1.0564576336765952
0.6817631767206702,0.33349357852840256,1.1621710532241902
0.7196061882723294,0.6469843335059001,0.9452260536694947
0.7305698743781747,0.7270853555807006,0.9435153985192047
0.5335182983293691,0.7178183004574675,1.1614883900736328
0.754557493081536,0.5480538537071744,1.0425208493548856
0.7913003221000197,0.541740493646957,1.0092920592305843
0.6196119051736451,0.5368164434134146,0.7367423642590821
0.6653992349714783,0.4673047743200498,0.6706919528965487
0.7899938950826331,0.5646207105002139,1.072627178629805
0.7078968810815071,0.7652490902559668,0.9690235066875142
0.5477754515138291,0.5921356960332614,0.9209554082485026
0.5058509796180997,0.5717875704115576,0.4282972081976866
0.8100657059006034,0.6033144851903802,1.1249095687659179
0.9692610688252864,0.6170763793137359,1.02724459655119
0.5742591984252354,0.7249543343309884,0.9147975929223751
0.5941111448784724,0.43271831455766363,0.7391016906883293
0.6351530302563373,0.4298906477644906,0.7918483887266814
0.7512134713411812,0.5140241487934624,0.7062612631169345
0.6816015441750788,0.5502647455214679,0.9529345828719047
0.3584808669809164,0.46278688875289054,1.0212200452110298
0.7913003221000197,0.48230435795886895,0.6758418645336888
0.6072077975752137,0.34853341142984606,0.88939961945211
0.7222539700682346,0.8428463481120992,0.6523124870994663
0.5199206414808167,0.6771140771898903,0.9732318957883552
0.47931668827288976,0.6745487713312603,0.8642798787490054
0.6059583560024384,0.5672687650388069,0.8191084137568665
0.4563938076992755,0.3919780917528567,0.5156516168677335
0.7037548413393888,0.5525172855226931,0.7692227892790655
0.41190665088018086,0.7829612349986005,0.6044103876130174
0.4,0.5354997940879291,0.8124126778366243
0.6124148839000365,0.6557950557109729,0.7572739455496706
0.5732024674052153,0.5022356087908662,0.761004729875177
0.6609844392042801,0.3000211935926047,0.6663232010079709
0.6752150987691845,0.5348344764802782,0.7578258084338667
0.5618871394069089,0.43769756665170123,0.8070421473408351
0.578892418782666,0.6649683856370944,1.0127550266580825
0.5789240394667405,0.45177170425187374,0.7929570341264093
0.5182891011499511,0.48428937687060336,0.5394971931976551
0.4515172442698556,0.756338532637861,0.6579289544128368
0.673627891354611,0.46663711665787133,0.6073176885879019
1.0666170341906072,1.1021423776522552,0.8657795210148611
0.8504011408748803,1.3166740291121066,0.9485582389100549
0.8101681042489808,1.1146108684849634,0.7971152356560366
0.8519511586188888,1.0198818551717976,1.2263512024003564
0.7849982173707507,1.0576381733463625,1.0526640075265064
0.9406627244509207,1.3086493128662045,0.9790670343170224
0.8280274232571716,1.0845999719044583,0.9332144978260668
0.9159047123315293,1.1344598433878723,0.8120884929992928
0.8766738330980633,1.0479808115123255,1.0867926073205492
0.7649244254085522,1.4295387051726807,0.819575128521455
0.5497347914216927,0.7094434165878609,0.5831121643295474
0.7849982173707507,1.163031212408741,0.7994838309314785
0.7089605641302481,0.8970672052480454,1.0799144350493974
0.8147255449056321,0.9212194301808037,1.0864988920710315
0.8710159850324638,1.182912612617612,1.182852983254929
0.7432687119474118,0.988122979342761,0.6906594302244329
0.6063915822244164,1.0882799850423568,0.7594039694014091
0.947205329115596,1.1133681032485983,0.860326476833891
0.8147255449056321,1.1996570396167763,1.2376547735582974
0.7331098127758608,1.1512569030550561,1.279879563130275
0.7633794203658878,1.3560257148669574,1.1181997064308895
0.8917967328222672,0.9802216577933925,1.0621516702455231
0.9514306664067257,1.14855674094149,0.9057761838907206
0.8353506754822108,0.9557722764327814,0.764697574091515
0.932114498224862,1.0414161909574164,1.2385027105079274
0.8333558612174323,1.1416842377261658,1.099268113988672
1.0027528995559922,1.2844912156790806,1.1732859664189434
0.7655065840596978,1.1152590275636867,0.932899841185665
0.8322113131014073,1.2949948616955012,0.9624176985998586
0.832017451099447,1.2086714444388442,1.1646773939185238
0.6938993616507776,1.3306584976796865,1.0596719895129305
0.8917967328222672,1.2873785098748163,1.1985077333624892
0.8766738330980633,1.0322742847652675,1.2782095526777093
0.8117669803018901,1.2683445915984528,1.0864988920710315
0.7352662507094072,1.3567916269352702,1.0140295712063487
0.74854659849182,1.4259855932201666,1.050060390298806
0.6912200853807466,1.3691308820550767,1.034794450031961
0.5347599750373316,1.4298978370261661,1.286054829683687
0.8210902085788806,1.1158846693688351,0.8886445809617606
0.893227097235715,1.0852559457333337,0.8897558048930707
0.8241724664133601,1.141957245359357,0.8120334199064324
0.6216004375305478,0.9761049839089115,0.7825869114862558
0.794403334293845,1.1408341548593186,0.7973562344514927
1.0412934933398819,1.2797641000493,0.8619138073152515
0.635894273241109,1.0684180305299777,0.7830184816986269
0.7248115193020377,1.1258842640895697,0.6467190976095132
0.5003192452844034,1.0200150465486792,0.633110236979691
0.6753973473995392,1.234742876781365,0.8502516799667035
0.5661446769273781,1.2318920654281547,0.9027913197105124
0.6288579671018759,0.9973110603228683,0.9111460490264585
0.5407103519645059,1.0594998956081434,1.0920574617898324
0.7179203261591356,1.1363980101231987,0.5824665996164674
0.5579136654026404,1.1481490997647485,0.8326969373562583
0.7921035691882878,0.931113280188014,1.0047506608331924
0.4564111861054583,1.0722172734299056,0.8974682219945179
0.7297391139444789,1.3911955491483912,0.9542178848225041
0.8651079217563861,1.187199861575485,0.9350495058848345
0.7549498708128068,1.3361793887008788,0.83177930895172
0.8149596300626911,0.9677257152347324,0.8642686775505242
0.6999854731439151,0.9395452522359882,0.6071015046524075
0.7001051765304461,1.288060384656951,0.7864837500336285
0.7218269795444532,0.9870503597122302,0.9951979096753371
0.5455238550705312,1.186086800612269,1.0463517434956822
0.6288579671018759,1.0825025110096178,0.9353980695336335
0.5635020619809771,1.0876005759756806,0.6286561768936443
0.5505102508707072,1.0931085048602769,0.6868499497123506
0.6627752467155913,1.266876416310497,1.0118900731518523
0.7980447731663849,0.8168592175297549,0.7737811292508737
0.5765902131761111,0.9405001043918566,0.960746566401057
0.7163240971736328,0.5621416920476494,0.7816101492249219
0.6182950053178431,0.9316143665777166,1.302197031401715
0.6228527608290795,0.9839388368444946,0.8346378738393776
0.5203867454737847,1.1251697488500247,1.0
0.6405353176838344,1.053644178078582,0.9358605271591347
0.45641088547651776,0.9040691139441573,0.8090658494617083
0.7570344770237418,0.8310790129309029,0.7696785597480563
0.6855323542460583,0.9232123066797884,0.9129255323915817
0.334910779870071,1.0182220212561823,0.7947893392136306
0.6875998715893488,0.6062805548975851,0.7961433270307348
0.7459405765790953,0.8217472643033269,0.9389733398487108
0.6351781134071519,0.7741517642955842,0.6435681722718787
0.622428610731394,1.0119952028780814,1.018990004393338
0.2959474807386556,1.0890300743052659,0.8436356604938764
0.5783850697092403,0.7721919815358051,0.9830508474576272
0.47441181923324816,0.8232821438322405,0.9248353971997171
0.6020356915927101,0.6709168918579813,0.8864288254741133
0.6097902883154926,0.9927639887480864,0.7279933493747437
0.5402718795337376,1.1077344635123663,1.0582222509739583
0.6074972745609768,1.2399917257748807,0.7175525829721294
0.5773640617743443,0.5980437717007557,1.1813958549788204
0.5963536950603316,0.7053481749656507,0.8465708970169461
0.6404859187320492,0.901027652848398,0.7745061915991514
0.7552074036721852,0.971181611844341,0.7253492371488175
0.5978491482908024,1.1268273930988542,0.6290010519714329
0.4162417819353039,0.614026848650502,1.1639115531666107
0.3003951898232401,0.4233250856552434,0.6929479300124198
0.3872838520492736,0.28851149490007,0.9849670794399434
0.6183756953183532,0.8174988000506654,0.8925166612157596
0.6095296223572264,0.7510161474624714,0.5119340220232437
1.0800307266443365,0.8002961867600733,0.6717082481658989
0.8881652145104444,0.7849417247263231,0.9397166723643298
0.7192723148294342,0.7369580150716726,0.8529955337074926
0.8117453137251973,0.8133132556598679,0.8449473404284383
0.8052226874896505,0.6553749204595534,1.0553155067329065
0.6741332342228677,0.6421599632174018,0.5550653510888262
0.734308132820237,0.7548218381298692,0.667115936075876
0.9935060827633698,0.9395495073403562,0.7846846820633635
0.7576237141610735,0.8952254728297986,0.6643566367173093
0.8966343007882674,0.7479388012774979,0.9671100419090627
0.7862594331999455,0.5972112965868703,0.6294886239069725
0.8052226874896505,0.4833552889191691,0.8976077750913865
0.8043289194851999,0.4380704202099085,0.6646971692411007
0.7644102845172602,0.6306388774906992,0.5882076847726729
0.8234316305751912,0.6558173779089611,0.7491284562556653
0.7183001321738276,0.4268241204412493,0.8298063851589534
0.7496046410703143,0.36998944295026415,0.8814563035054243
0.6259777513259346,0.7322906753644347,0.45105382911060266
0.7644102845172602,0.5827814131364963,1.0943540047967024
0.7518007925574439,0.5989262761087981,0.784796503548098
0.6681737423367664,0.6136698048997979,0.8887480185948775
0.8212988703802824,0.7040250121634127,1.0330643262212795
0.8342248220189196,0.6510245330960103,0.7914316091024809
0.8855706182217128,0.7115681197841462,1.1348087125009236
0.6130558644476789,0.7507654937678543,1.0602833276356702
0.8274416183435485,0.7075071732986133,0.6417040687043383
0.8590584695848618,0.7307975058671607,0.7650410227684875
0.813422571332625,0.47546371060657666,0.8141930939018476
0.6809578474711239,0.6982557676040707,0.8277477456506909
0.9256564122175269,0.747227424891205,1.1651062792544096
0.7966714985044904,0.7496538878258281,0.9555567892604048
0.8212988703802824,0.4892637195206103,1.0037909471683448
0.6460259998179707,0.5862764433102912,0.663375879748257
0.8887420579985276,0.69079841481892,0.9657823004538897
0.9315710720767142,0.7814671356493491,0.7602063189603342
0.8881652145104444,0.7912511117541062,0.5885460163973983
0.7371093166341737,0.5700185460643095,0.9401970252596034
0.49979574499725465,1.0276105122187527,0.8452191393285328
0.8692214285041764,0.5481169206466516,0.9337488640678469
0.6710487813520949,0.6704264326844065,0.8992435634025622
0.7029493142803542,0.6608771633311465,0.8534925846697944
0.8135209099273346,0.5147356394371796,0.7610193517640413
0.7614421073175726,0.5200572875086071,0.7832047226693444
0.7429889739488656,0.7536636944023144,0.8285908846062858
0.6965796907420179,0.7313928678067171,0.8508251718743597
0.6527815765208738,0.6937624542492855,0.6626657274601105
0.8287657473649828,0.7394428019876593,0.8747454395237222
0.830054089862842,0.5028949872400492,0.9030853145816806
0.6586344857787031,0.5780191298710626,0.7520358366525122
0.8740199892575945,0.5508094456905093,0.5967715195925172
0.7727128967179426,0.5904428663132337,0.8022202514687913
0.7812899560876148,1.1766313872987837,0.6710836389278185
0.8676391347788364,0.9112957620476565,0.9351597969064378
0.8074560780288984,0.5720632573430142,0.9550913989872971
0.8286980892993202,0.6082554163036931,0.6601345416500739
0.7047888657032947,0.6936349428704774,0.6983625572222218
1.008290678259714,0.991113396320101,0.7667142173070014
0.7009712511679153,0.7710995630003897,0.8208386325429831
0.8603620627101314,0.49491792921477196,0.81077729690468
0.7572015233094856,0.5232843762446743,0.6161787988545834
0.7819938690474951,0.93770471565996,0.7541466225692974
0.5611783031214922,0.7470706683903505,0.5281695062467671
0.8801262322599569,0.7754363865926799,0.6798563739602541
0.7882463649223397,0.506708266965396,0.8175860249403886
0.5656471859259813,0.4739490901553085,1.0714020999812133
0.5644646887521385,0.5264160361214292,0.9900328375432672
1.0039517186638882,0.6909544983408705,1.060172866676139
0.7342356332632649,0.7456290792057622,1.0440655609948006
0.65872851099075,0.50570690761942,0.8875552424867035
0.5042816669398065,0.6824669198619768,0.9943127629953069
0.5430490964011958,0.6317320059772539,1.1868022101065823
0.7650974493081031,0.6738269587749652,0.85789189016182
0.6394008091568462,0.6290519719836323,0.5617989423809316
0.3958692663426324,0.41429258734257723,0.5480170484192421
0.5187157683272895,0.5143827875746368,0.9641655472016656
0.6069806109938474,0.8046362403531151,1.1598121934877341
0.5923909630472923,0.6375545018238512,1.4240346142192204
0.5943179959441065,0.43629440573178624,1.1985956668408184
0.6863901860242245,0.5923094678947854,1.267818230169061
0.4781423748111209,0.4064800457762868,1.35712410151053
0.5671773366071098,0.6218958848109919,1.091494798240517
0.7433873031026113,0.5939987072154694,0.9945601537409384
0.6892015165455577,0.7803855401079254,1.31663224375455
0.3902998268168504,0.5834531647293733,1.0242761355242858
0.38061603242317976,0.2615778753228517,0.8277477456506909
0.4635214297503292,0.4548941251810692,1.3756130854318094
0.4645607516621275,0.3979780449524727,0.7777877256526535
0.4665683353929926,0.6328563145880323,1.0667130112441559
0.5738123040842027,0.6161584749519691,1.3635226724597664
0.5888832535393669,0.6206369294585271,1.0786858688721306
0.4292419836879211,0.2779352893261593,1.017580422091663
0.5690149226818573,0.3842195540308748,0.7846846820633635
0.49910768231140223,0.5117097300197609,1.0786760178617207
0.5558086663770261,0.4930613007519915,0.9403818880658581
0.5048369420387878,0.2444811256646754,1.0896391512449215
0.7519641929845671,0.3117937901275283,1.1719768868814795
0.35376754039078917,0.6185033123785675,1.3832612659272128
0.44332421689422996,0.7369745450776543,1.2536468759025503
0.6511716530322715,0.43817670535929687,0.7487320008503268
0.4869526902435958,0.6999409792705401,0.800935688700856
0.9740699421147135,0.9865041040907445,0.8221120836851141
0.4022700483374889,1.0715435770165447,1.007797470131347
0.6254925130993414,0.869007935564844,1.0862289679107147
0.7826952257796277,0.6869419986275359,0.9617120307878906
0.4453619933815839,0.9443074510510022,0.7170563383653736
0.6911000204496925,0.9044432266156592,0.9930194228060369
0.4392425765681187,0.7923091055073423,0.7698647168439388
0.6509210514760406,0.8651878152402572,0.7493464041133859
0.4638475876126281,0.9610566093191012,0.44525946927581006
0.7274219784959048,0.8921168283083849,1.0091161831457403
0.4500073534835989,0.9072583260896642,0.8197878467428479
0.35480884944388325,0.7514900401476317,0.9563912744962597
0.7406458521807846,0.8236274359650907,1.018288735307195
0.6237809006906919,0.7479938314153018,1.0068678662213677
0.5191029096250739,1.0157936304497648,0.9411630086709811
0.6520398971378234,0.6780264833077629,0.5824609635304298
0.4242568211079216,0.6085099912650734,0.8983724695226037
0.5474233066432879,0.9165448380058735,1.176993883030407
0.7659739460989343,0.6705327673653305,0.9976827066862856
0.678380970937503,0.5465140132372321,1.1064315191000866
0.3332965985140487,0.693250916581853,0.9343059978902438
0.5856219786520265,0.8083083587340313,0.8272841752520952
0.5932297217554272,0.7771182901364879,1.0523684851780195
0.5352484309582631,0.5896075123617283,0.9626347680528513
0.7938618114115735,0.6317957658022322,0.8674430077671011
0.7535885313728804,0.8270208415021488,1.0110344092836072
1.0059421786963483,0.7383066444819912,1.0577861772448982
0.5838257498251869,0.8501553453991386,0.9577340599606585
0.39921621244955896,0.8781841594999702,1.0
0.6062161195901692,0.9081541293749844,1.0
0.5759537465963611,1.131250236989453,0.9137710320892852
0.64589514539355,0.8416628431293518,1.085810865673062
0.7038039120377456,0.6516999927608994,1.159241275732545
0.6240738226429092,0.7649819897844591,1.1533823456105432
0.5654378444944577,0.7669168334385817,0.992202529868653
0.7870157643501398,0.8684156890489957,0.8865678742970515
0.4684821632698185,1.04644306049797,1.2320601371520938
0.4711460960250127,0.7331754022169323,1.1236556991978426
0.4638475876126281,0.7984488049532329,0.9857176858605402
0.5152160542984336,0.8634750629793261,0.6644605418709739
0.6451580515842733,0.45162732647073467,0.8323627232319422
0.46042909729281256,0.44532379832163094,0.7161767779717099
0.5101088318970377,0.8718372113211337,0.6161487490551186
0.7088332438789395,0.8412957472146492,0.6674310684371769
0.43255379689839735,0.7223442029672484,0.8070467719220209
0.5803861445053302,0.6325344557937309,0.6945676669983403
0.5451817141403228,0.798810504929808,0.8016736564771997
0.6479937134468299,0.8130167989327417,0.6640040714055023
0.5191029096250739,0.7472554061800782,0.7247173424209274
0.4294208747977263,0.6267985328754115,0.8414514406626112
0.45543684030262344,0.6241560435515696,0.9232533234855024
0.4703294808287243,1.064364405183494,0.6712481390345337
0.5145040906177418,0.8952709269558324,0.5678929188919086
0.7133804089179576,0.6317548401903157,0.7016391804928261
0.3430784981537708,0.7366986134472993,0.948441281190651
0.6427868142183293,0.7955289526280538,0.8218838842063766
0.518683525595798,0.7053688109644916,0.7695235682176891
0.5977486337429274,0.6989496384799949,0.6907470591985263
0.3581851681906906,0.603190242449047,0.7938031623728579
0.5121707021466098,0.7801035631904305,0.6584495075713337
0.5758886308844642,0.9514322685058137,0.5974533818147998
0.45234501079590317,0.7162161727735085,0.8959111395757999
0.4806501354142616,0.7853692689503656,0.7452448959308822
0.3833134707409769,0.5971605450035057,0.6050451026528954
0.3711874831150408,0.7155976861111364,0.9123555620698044
0.9071952983486985,0.5631623978422637,1.0580150342880235
0.6572897965071095,0.599601663226057,0.9757693380200958
0.9796719537389517,0.9019143131999362,0.7636280154030322
0.8701944626263566,0.9055140891610091,1.0
0.6680694583000707,0.6147796123321472,0.8124150421786759
0.599056690494589,0.6754376570135623,1.0088398707478907
0.518683525595798,0.5367887310633022,0.8245424828793702
0.8657203156033334,0.9274332759693154,0.9457319046030683
0.7820476423168243,0.47751958697907027,0.7504642647642217
0.8730478108790417,0.7097877101895019,1.0475705628507843
0.8236582134942018,0.580563649302565,0.7638927796178678
0.7581345955887373,0.6672838267468333,1.007641309732887
0.724649516758455,0.7682929091221905,0.9414319023550876
1.1901930417340911,0.7175497874975757,0.45693594688946926
0.6540915665724216,0.8051032440391874,1.111444520731781
0.8210286349173735,0.8550989047826291,0.7247173424209274
0.792454939943453,0.9902641523297753,1.07388094255435
0.6683371515469582,0.8385282826408845,0.8471662690733672
0.5389550098714075,0.570053522113737,0.7456562473337205
0.7061905042771174,0.7853909449906209,0.8328976027422572
0.893646075679398,0.6130623495987342,0.8106354439228634
0.7757704452299907,0.7286640230251085,0.7928300291826123
0.6778147195720587,0.8595626080786343,0.9029222797464139
0.7060652991382226,0.93577256950429,0.644029132471152
0.7477712551158496,0.9059969716875758,0.9222263644019467
0.9730959550476729,0.5971605450035057,1.0
0.4650756451689797,0.708005295623752,0.49869280822677187
0.6694759289458625,0.9783423114719879,0.7184498841198194
0.6542311034566186,0.9722512712447078,0.6429274275237293
0.6385898348014745,0.5343235948455458,0.820560395031103
0.5995184655908231,0.6407947160481109,0.3963365311019317
0.6149515201451056,0.5488926683644506,0.7075708047989502
0.7520775600448277,0.6978225414930825,0.5818342000461033
0.5901803232956587,0.42966691966275194,0.6338920760697465
0.48685896247713345,0.6111110515785116,0.5760937455562007
0.5432670429419706,0.6672025421737959,0.8299958901255944
1.2987492328374963,0.8392156862745098,0.9206003742611968
1.0821440096816908,0.8832235879454693,0.8722663292109891
1.2001775213929877,0.8339570307095583,1.0981086348581592
1.2954726027298944,0.7964969570932365,0.7781706937680363
1.1353329904901917,0.750784003164445,1.079138278029774
1.1261107739106075,0.7741165835006412,1.2564588924831412
0.9181612648695706,1.0086213944650395,0.9822896468486723
1.1001670844941267,0.9608269626628219,1.0797293793856872
1.2241363852716387,0.9207881965618661,0.8503967193853929
1.0701932977195552,1.1085635654924537,0.734674751369612
1.0540474745331174,0.5849945971600525,1.1200002380811847
1.0270665980980382,0.7702384999439768,0.7156379087151421
1.2067245576486807,0.6034911711740855,1.3851942690519323
1.1204220920550083,0.5945209894732426,0.9049711380861858
1.1412197576227205,0.7108783452085441,1.079114332560354
1.0924500327042048,0.7137254901960784,0.9856769983407685
0.8734896310325618,0.6810574813031949,0.8341151091476448
1.0389284863222543,0.7519040968645387,1.2296417263025408
1.1204220920550083,0.8668442800224029,0.660566199155549
1.2450859809568207,0.8624041928144437,0.9440100844230043
0.9720309353234909,1.074148808197335,0.9298480113973465
1.1621424235993525,0.8060076288980789,0.7904489717260377
1.2306351210785382,0.7398829740986436,0.8568954049398969
1.1307440900921226,0.6664953611124564,0.9108598439448664
0.9821835265181226,0.7058317890267515,0.9689966818473275
1.006772699279428,0.8171984654244503,0.8473197755585253
1.0142090759619729,0.9686887854457426,0.9356666074795942
1.1524127419847143,0.8467642098656234,1.0533813838526116
1.1120758148285805,0.9470271185088296,0.6810824824572508
1.0279690646765092,0.7754771364283102,1.0655043693781425
1.055022673451584,0.9880462907613163,1.0791198668210962
1.1621424235993525,0.7125686558534554,0.8233608812461989
1.08068909869779,0.7296441684757782,1.0869900042296734
1.190680725961042,0.8896848431049643,0.7302054150262975
1.2045541609615575,0.9569002884079384,0.9689966818473275
1.0821440096816908,0.9427791978326238,1.0990530011822122
1.1815682598006407,0.8758971950990793,0.9815462345055849
0.8152820124943527,0.9582517139276567,0.8848100996269856
1.1524127419847143,0.6993626440467111,0.5252561846418804
1.1330260091274251,0.6690483756759644,0.7201807945200008
1.0959181061407772,1.0158588154030666,0.8156876934840684
1.1775552060571086,0.8027578881953538,0.6366446607241307
1.1515980089423659,0.8661340990984832,0.6786710812235166
1.326808747125376,0.8460452682113074,0.67043749880624
1.0943292905633204,0.7572739455496706,0.9079364426987033
1.1433414878400043,0.814053042008102,0.9375440343658166
0.9896421707818154,0.7992004868344673,0.9933361108558358
1.1202465175609704,0.774686980501509,0.6837855731962894
1.0605227532668802,0.814053042008102,0.9791320542408536
1.0137816371765787,0.6936961452517472,1.1103718126235143
0.8998329155058733,0.6028142777641468,0.5483773131789216
1.1538811785828276,0.952869244609692,0.7508741658253955
0.9199359230974564,0.897434101861584,0.8199267984705236
1.256148920260436,0.6823529411764706,0.7140270810507676
1.0998803802653077,0.8391423291889631,1.1333587278362196
1.1782094817552797,1.0371942267974477,0.7666302974200986
1.2131361394295932,1.0403107848598312,0.7760913677525179
1.1287546303353335,0.989760137884959,0.9782673126582204
1.0988018815219054,0.7020165652543249,0.8584252320381627
1.0886819531146414,0.737549557019163,1.0454160861872943
1.1601281538050872,0.9885130294605002,1.063282064378957
1.0788894791012738,0.7790874157753551,1.0751324172464698
1.303571028563485,0.9191547916545557,0.941273104108624
0.9586550884702638,0.8162328605503213,0.7675036781303413
0.9556305570659513,0.7830695421813438,0.7666302974200986
0.7377347358435189,0.8087955550073528,0.7508741658253955
0.8306825180143032,0.853137385795498,0.8644192576326171
0.5625199250683584,0.7716962623795657,0.8920192447748698
0.6389294037969888,0.713855447421482,0.7709947926746609
0.8767515474054205,0.7269184783522049,0.5630186679778484
0.8419651146897464,0.7722899829786756,0.8439429682316205
0.7584457086464612,1.008838489518078,1.1156076001092465
0.6789072942362784,0.9704795038153301,0.9568452075150171
0.6039087107361709,0.822877022891981,0.6156040080218357
0.6596324831257897,0.5701308003362993,0.621129863239225
0.7097578324580263,0.6302355241982879,0.4883084684958193
0.6206494069944535,0.7094058644802237,0.6609322725429347
0.6632485471631222,0.5888678276426057,0.751440752884525
0.5038610616431661,0.5680686736165876,0.9384843100365142
0.8587802423772795,0.50142900802377,0.512191859665813
0.5720395074890872,0.669757727738407,0.5077619853283706
0.503713423211582,0.7029557371069977,0.46116739362883963
0.491008409302955,0.8348740149604472,0.5524628624932433
0.7411612111556272,0.7870336027041621,0.7078496772643854
0.5846153846153845,0.4888986519341716,0.5614884133787199
0.39355420513877726,0.6302355241982879,0.6851394151737116
0.6080007159457199,0.9784972477702291,0.8958101552173838
0.9075499672957952,0.768243736076393,0.7529675531486242
0.8346203538810554,0.8907762637454499,0.6930149167341466
0.7125243231186356,0.38139738384731803,0.7787260869869918
0.5793573726782286,0.4703182451156318,0.43038580040584706
0.8378575764006475,0.7224895062769849,0.7209471721500945
0.8548324154209255,0.5647636217158387,0.8559532951817355
0.6819959112295724,0.8525235902506799,0.8728226660681799
0.5562152559263009,0.4776064315393146,0.6588538965673021
0.602929439513006,0.40220995226043565,0.6609322725429347
0.5996796154872821,0.6263993160076551,0.6292583858565541
0.4071620928926889,0.5540873922616512,0.5751738743745132
0.7966099280507493,0.4062626941830826,0.64973359258933
0.6472895951376241,0.46078326216135057,1.0224731017488935
0.7057676804586763,0.4735081287311024,1.065663609267799
0.9678310771106333,0.7821376803220192,0.8476185257386667
1.2032369202832307,0.6365598210858185,0.9879060766977978
1.0,0.9578199367720378,1.04930119320983
1.0759737176397586,0.8043644629439397,1.1537747312451345
1.0734718358370645,0.8296506961965783,1.0806946584785928
1.0487950036474267,0.5240689859600552,0.8560596787982836
1.0649569802461631,0.7857890403682817,1.230489100530921
0.9546040375643262,0.8615054373086234,0.796601698549256
0.9398070734571154,0.6611580743772252,0.8239098187348752
1.1293016367670472,0.8042364863070415,0.5933371457797209
0.8553796947875625,0.8544312103636493,0.8655089025356786
0.9350430197538369,0.6336994509150653,1.02921616303628
0.9024099927051467,0.6674132640028434,0.8468191060349197
1.149071198499986,0.4633720883941782,1.2037369565411713
1.0510809444238798,0.7069335815190441,1.004824841245734
0.9272607032546692,0.7856400110714432,0.9436349065099884
0.9444444444444444,0.6365598210858185,0.890719742254731
0.8926730300729491,0.6111038933692754,0.898542831717979
1.2807173070221731,0.8117544857651251,1.2814066220338347
1.0510809444238798,0.8516441977799418,0.8681357015635138
1.1828282906008016,0.5906765297525733,1.2128089229776289
1.0,1.024582432653536,1.1648272033221756
1.0,0.8504743559849137,0.8647958897325708
1.1446203052124375,0.6969414577115891,0.9297643150195049
1.0,0.5830124009292578,0.9212500769041843
1.1713018898316092,0.6954437168182726,0.9945220896433522
0.9023227418988992,0.8664107742497857,0.9767441860465116
1.051231551957856,0.8065441918664658,0.9864679400938712
1.0646508183835235,0.7981622442238852,1.1938767768641518
1.0734718358370645,0.9725496990360523,0.8679323640511565
0.7983122063641557,0.7776227114096603,1.1446728466511236
1.0566820201265135,1.0344660352468693,0.958061436933145
1.0,0.7903166395531989,0.9638294814703824
0.9353491816164764,0.6220287844680407,1.38425197163411
1.1964311813414954,0.7987715227702039,0.9662261112798628
0.9409975587234872,0.8757309426554635,0.9945220896433522
0.8815302244481815,0.787877346511293,1.1488526589674166
1.0727392967453309,0.9427785764561178,1.0815139145939223
0.7438422402107201,0.7936471379908968,1.2357929953799736
0.9353491816164764,0.7298206828492879,0.7491582679268031
1.068518870982753,0.8260762690968009,0.6986825424113567
1.0532057922978415,0.814920202838309,0.841267573177278
1.0,0.5417849518836033,0.5794986864944035
1.1987615979999813,0.7475204446499095,0.4719738356353178
1.409852415662848,0.8220322949282461,0.730418066991404
0.9476755240147395,0.5278238990600307,0.7458357161123255
1.3288886900144576,0.851322689501529,0.8620598530384891
1.0373456843486635,0.7079008000597613,0.6879814733916132
0.884385337396784,0.6993079832778739,0.5907105763996157
1.0545544725589981,0.7792367207749975,0.690933178265694
0.9006192010000094,0.6544142903083858,0.6987149303843728
0.8796141469142308,0.4142051985836819,0.5686689071862463
1.128036879932896,0.8252820562515766,0.7962152135151944
0.8917468245269452,0.9707522309712938,0.34291492381717215
1.0499220576299317,0.5202589638332804,0.449089565354297
1.065477060447165,0.6655965554289084,1.040034002490937
1.221566698014664,0.9707522309712938,0.6841935528619345
1.153694655873568,0.9369049265025882,0.8068721859221992
1.163846384103808,0.8405676276477396,0.7827423691653785
1.0,0.5586271612175184,0.6290215828964789
1.2951513807659691,0.6482844730632179,0.8229895950225842
1.1924500897298753,0.7757283135407387,0.7302787121446668
1.1706640371965722,0.6507018193976275,1.016874983520532
1.066335812680666,0.7002995507486899,0.7888537427998927
1.0496903994999953,0.7034596725417847,0.8378449445508621
0.9644497107638921,0.9553232948391229,0.8272002459055868
0.9272607032546692,0.7729948328554395,0.9592430427030388
0.8046454837977983,0.8515182992419972,0.8467963932210698
0.9610529174775343,0.92629450024317,0.6926178829713683
0.9543207526781645,0.6991864533267556,0.9080399020256594
1.035550289236108,0.8698737993763541,0.6511627906976745
1.0379868588198793,0.9125119467116882,1.0558919968079958
0.5389160323792961,0.753169771646718,0.8767368731144126
0.9253086313026729,1.0,0.8856260722505465
0.9624176985998586,0.7811297379341668,0.564242211941955
0.966832093659667,0.6670544666156988,0.8071953951417316
0.7235705237124236,0.7728179493448453,0.4184522682713119
0.551551470669125,0.8867312025514485,0.7476944157662992
0.8912679435560875,0.4671831919321433,0.6816637816441454
0.7391254026250246,0.5180829613770209,0.6294633029044203
1.0,0.5942871448239256,0.7651226292535435
0.7299691375663392,0.8288699895226632,0.47404418055740905
0.8254256878112061,0.8287069255186612,0.7108253653549161
0.743926240134208,0.9260054346299049,0.43788975412532083
1.0691301129820283,1.0615910724051694,0.7816101492249219
0.926039973836636,0.623228746263384,0.5597745468371881
0.6825944728636308,0.6502927984297057,0.6250883776317315
0.9675086547447613,0.8730502495573715,0.7757868203619399
1.1666666666666667,0.9933399900166375,0.7613019811853343
0.925464400750007,0.9761822234523826,0.46411836081240965
1.0406473840566461,0.6525431115134277,0.7996612164312146
0.9286283029903748,0.4897369140133412,0.7843344535931231
0.9025645296307554,0.9967951516274443,0.5597745468371881
1.1550841984400322,0.7800816527843437,0.7068810268331981
0.9583061800774917,0.9572532606503525,0.5654252828215895
0.7052468276267183,0.538914313750789,0.6567271819443667
0.8315696157866962,0.5349006931101047,0.40412936489487694
0.6752404735808355,0.8559629854018571,0.5245565105841632
0.5862888763649998,0.5979096535521067,0.4184522682713119
1.2,0.42434403190422765,0.6361891324894369
0.7850621774443448,0.550902339225521,0.7021956580339843
0.78422988847357,0.4840194120185195,1.0170617110140792
1.0773244673027058,0.5735495612277948,0.3710386708343838
0.39907478742266844,0.3167324636413388,0.49984064407103135
1.0731553388716237,1.0222957450772592,0.9100764026004728
1.3079795173096707,1.1827205138866281,0.937052625639257
1.141074854493039,1.0268327004161608,1.2866330114065754
1.216187705599286,1.1617310781819605,0.9766233766233766
1.2509115977335359,0.8826409071142266,1.023165781428983
1.0779377732379714,1.0011061507004477,1.1977871573779781
1.0220464681533004,1.1339776280025018,0.9682722699592485
1.116930349474324,1.0907357300930576,0.8809720598712769
1.1532939429807587,1.0500391083360534,0.5304077759582329
0.9607512567584775,0.9781124495344323,0.6493506493506493
1.0185566126757075,0.7174074039890037,0.9200650720763661
1.0278790664148374,0.8133872174823533,0.8734481341118616
1.1391141927863102,0.7256650976636032,1.388333583490347
1.0744221085351369,0.9468375662236075,1.2054647645911503
1.1537707362102587,0.8904148939037245,0.8653802996361957
1.1460118818208085,0.8637482245278609,0.825049817111459
0.9586080856266381,0.7745024446477807,0.8653802996361957
1.1523686662198716,1.0247461082071976,1.3170274299095115
1.12111833349836,0.8193570782590144,0.8426408415061114
1.3325281278670387,0.983903513058009,1.156807200959359
1.1209962152311235,1.0993937856338691,0.9598906921149223
1.3377303506978753,1.1225474595022753,0.6695862001184916
1.2912669893186672,0.9014084507042254,1.1921636461848613
1.1212018164248334,0.8516519653561477,0.8048199854102933
1.106437408386006,0.7679638494817286,0.9049618073377017
1.0599935824251274,1.036009289111321,0.9947600871117797
0.9385305002789661,1.0988984715161545,1.0213429513469945
1.0941926637592614,1.0287211777677423,0.9067296340023613
1.2539680813350835,1.2407223573030837,0.9603240199570923
1.0633789698829694,1.0378945699169888,0.9782685707393747
1.0987752257569212,1.0478249687855654,0.8393595210798314
1.2783491901356117,0.9365584635277407,0.9965072261082876
1.035091384537764,0.971327690783121,1.3452169328891417
1.1926634241024017,0.9634970268852264,1.2054647645911503
1.2477765445598155,1.1361331925293325,0.9444581990934621
1.2538292725079703,0.9988339641338666,1.0863881364045012
1.1787065312713818,1.0783973275409062,1.1652976891085436
0.8507169292489178,1.131864628688206,1.1426067220362006
1.1532939429807587,0.8791440715098102,0.8440083342734656
1.129189438254409,0.9783724445120396,0.6937944834367091
1.0835977291152519,0.9187411342836078,0.9134717842804789
1.4121007491827737,0.9252397826639572,0.9212675905674863
1.3662394054986537,0.906533642072762,0.5361149272927614
1.4361407361159066,0.9968627364135605,0.8663693790437879
1.1898372721315795,0.9590099500125783,0.8625583734511901
1.3892438620053535,0.8595025642388726,0.8963994759457837
1.1301586779847488,0.8185597361068361,0.8607207774771947
1.219637978260541,0.8872721742788875,0.714558505360386
1.1620826678972997,0.8226507778097245,0.7593220635434174
1.2469986688246735,0.8794154996216108,0.937052625639257
1.0206347675542924,0.7760719834490867,0.6962940432813359
1.3291929061519199,1.1885629690646395,0.8989847455447789
1.140194564010234,0.9850479565327914,0.4363636363636364
1.215348722907457,0.7646560241844871,0.7203961227950058
1.2263327603533067,0.98684971405221,1.1069551218536142
1.24179133014825,0.942327832340767,1.0201385827507448
1.3424729270171885,1.0831851369912773,0.9195634856192847
1.22935373527797,0.9236699095302439,0.9464946801858964
1.223888840967103,0.8292127668385902,0.754014024719311
1.403318684155499,0.8668983380568327,1.0558366499638936
1.4068391269316594,1.0072564660609957,0.9790058324570862
1.2307713978275783,0.9954982805775306,0.9885933757707315
1.4453370134786803,0.9693574293482052,0.8599945020797745
1.3378487539096107,0.984976840585927,0.7783472371998357
0.866958445662557,0.7259245160689873,0.6334777939364453
0.6966144934230031,0.8176363842411081,0.9357175653466775
0.9400064175748726,1.0253022699684629,1.0115064209361195
0.5605141443162206,0.6868685086441865,0.6537090639252436
0.6828986515573597,0.8785932440386615,0.8963994759457837
0.769462344774049,0.7395451047879817,0.7956433973594076
0.876288204521489,0.795712619288872,0.8278905367443271
0.7102152156008406,0.8872155874556558,1.067449166072943
0.7844913692383669,1.1678362716593378,0.9570494917034968
0.6779098068131101,0.7202728805677703,0.6580512218404104
0.7669087120941376,0.8557776118651648,0.866198605017613
0.6852517020901169,0.5654537076897153,0.5069408542272786
0.5195847910274111,0.5921990510394883,0.6480228126994613
0.6759190071106721,0.8036282722404676,0.5359745958935505
0.6507949854547721,0.7218452770564784,0.4860853432282004
0.7880457419804542,0.4300106825667076,0.7814104134659426
0.7178836834880301,0.706139866159345,0.4856578109227345
0.45390608816140554,0.8874120062438797,0.8446286069180081
0.6074069785891918,0.9942685607365161,0.389506127033871
0.8400349295735547,0.6765468903392098,0.7629127721893498
0.6672251546744762,0.6133883205525011,0.7619441197425538
0.4398302620753506,0.5654537076897153,0.5667317579840967
0.7131868571458471,0.8203951071039096,0.8218544977342442
0.8539881181791915,0.7105979438441604,0.508273888157954
0.7700357221287524,0.9391193855020692,0.362687773172926
0.627256130511251,0.5950106714964869,0.7086445014435364
0.5850810093962351,0.6353469487675023,0.886616442825032
0.9220622267620288,0.7034527722552951,0.5635642195280153
0.9368671652664994,0.8118801601908182,0.5151369466058215
0.7939414376546851,0.8723325519338346,0.5199691161998206
0.6391268431634621,0.575710824676888,0.5818129216219684
0.793099390080385,0.4265594051639291,0.45449583686411354
0.5629228298504471,0.51099074926456,0.42469828937783827
0.44452063283090415,0.42900940847705693,0.3772595446541792
0.9123928709075149,0.5903065783252148,0.7414713401541011
0.798395279521972,0.5243183143590675,0.8613263384503744
0.7195370106500397,0.5461680547774406,1.1012327281500278
1.1480009883030604,0.8258356037678567,0.4405978524204801
0.2129610801031263,0.3633326127938229,0.5219400512755006
0.3143789897109862,0.5500039826626626,0.39741001785466346
1.055487727934068,0.766310600489197,0.49704359538005327
1.061095372121563,0.8124189497218499,0.5084040350916179
0.7487872350140177,0.6558217551736428,0.5954182624074618
1.1537877736279891,0.6422444971632776,0.8121597866127269
0.8519776883956658,0.679209603959076,0.5949240411359017
0.806890459696613,0.6173997398162261,0.6386216039040855
1.0481988969818474,0.6636436606647204,0.7450554134730893
1.0803433549290067,0.8470367300519355,0.871523582626293
0.9548919877067876,0.6772448212783284,0.7651096685084433
0.8398695347261568,1.0035293995522718,0.9859820736278154
1.059115165398996,0.49215861997866694,0.7655208983105369
1.1361805266759875,0.5218781597602682,0.5703384743879786
1.1537533147596857,0.49031392546848085,0.7683239096058936
0.8156013628494685,0.4349929823811486,0.6984334456901966
0.8543653015890632,0.6040441089928325,0.8492109034330455
0.7640568583352888,0.5426079274532145,0.5342001272377951
0.842092617598145,0.5062109112716675,0.410551713420087
0.8586391641890395,0.7406274987837166,0.7915009044271064
0.9643599272734267,0.794318584774666,0.8800357452220254
0.9057146652251441,0.6703610755923034,0.8475309725793383
0.8959887385017521,0.8719650754787752,0.6263957357133384
0.940884834601004,0.6859768677227347,0.5168889935822945
0.8398695347261568,0.6706836302020438,0.8218648332112504
1.1573034528486854,0.5929352190802794,0.7510222642805221
0.9441372326956814,0.8145389029076718,0.5537001402593278
1.2148242448926216,0.7186826356565774,0.5758105820569398
1.0031082742826187,0.9202623834863128,1.0954396706545837
1.0176509613321265,0.5891837022413686,0.6673928378963481
0.8462122263720109,0.7885091861970063,0.7002216927946838
0.9734873255004466,0.7145497939112015,0.7419787496888977
1.232129809914724,0.9208521045390828,0.8878050643650944
0.8147724817498124,0.6490037785934488,0.6770339734650674
0.7038560932054319,0.49644578952893814,0.8592323057355151
0.8192482988181703,0.8974381586919953,0.9612774463337607
1.0733847240298073,0.8609727150472152,0.5963317686524667
1.0035938454189155,0.8317176336862004,0.7268450805403293
1.0044131726791192,0.8424506567891921,0.7819322424892002
0.7730959773688258,0.8936831779817506,0.9064365957970382
1.0176509613321265,0.6241562319218301,0.787701924512038
1.0789851818226073,0.4826912110710281,0.7143536993754138
1.0855434204799659,0.9039703505525218,0.5305251467511353
0.9870531041284365,0.4977002299232067,0.4339320313249788
0.9608079785906684,0.6590950551647318,0.5440608005522374
0.8974269486735789,0.6686431335399603,0.67218576401414
0.9190481289469394,0.6070897248647547,0.8021976155860575
1.0541609561770628,0.7790168324134841,0.6197971491059865
1.088366336873933,0.5404240976303643,0.8124388745035863
0.8860148947892257,0.5657590793211107,0.5433800965294374
1.0397185541120737,0.6898807648155617,0.5054891548832954
1.0150738543882045,0.4551038423771866,0.6789305486641732
0.8320093487848044,0.4583691930721886,0.6984109028930088
0.8886566955045537,0.9013136818342612,0.6728983637338004
0.9211859375382934,0.803098490129897,0.7224450578307458
1.0802638844875465,0.5585866898129276,0.5385047821887086
1.053629625625378,0.6443338386676823,0.8456093580493288
1.0604921224035193,0.9156136386270988,0.6826370244160953
1.0466241142392823,0.8727064862112935,0.773694540216544
1.01491110895183,0.8320641906396368,0.6792888098733563
0.9524509991988422,0.4743336285900892,0.9252440749831377
1.01939942012671,0.4671944644745215,0.5608974190364875
0.8949145833843912,0.699280245932032,0.5217401424605225
0.8515873092974524,0.6600326901594635,0.6019092247562194
1.0986043243071761,0.6952951719872001,0.6522791668789627
1.0150738543882045,0.5232066856778663,0.5977484861803324
0.9730390634410327,0.44756158769540333,0.6826370244160953
0.6337066676330982,0.5589040001374534,0.752195730101364
0.9274042206914589,0.707597988267239,0.6669234265233859
0.8664926420260177,0.5275455804932052,1.0541336008742797
0.72147330620449,0.39311246934594624,0.7539863905979912
0.8004890694636425,0.5300141770444717,0.8359800917286834
0.7533966435458705,0.5838437890309243,0.8051664028681083
0.9720255314564306,0.7992265687470842,0.6017231061415085
0.5309786735152793,0.7744679625900777,0.8980081455365609
0.7035792877683671,0.6391487401441243,0.7405387351296742
0.5794223718326572,0.23213062195458856,0.8518261698346639
0.7831713263920997,0.6054548100346496,0.6981779255719711
0.7537688427027632,0.7288206874266336,0.8315830734954442
0.6888465576501692,0.4024464933699581,0.7993400424195105
0.6834490578477058,0.4980751800991847,0.6335313534128894
0.8190599201561088,0.5131905196862758,0.9875820368320225
0.775317928387423,0.8969096765499586,0.8008769663663403
0.6584204346361664,0.6066421259329627,0.7132788464870203
0.5779311945870291,0.46858329161660106,0.7803483071776692
0.7923871221115852,0.5868958209257167,0.5026707376234507
0.5322056816250149,0.4045138763826197,0.44326885804727
0.550662056474208,0.6391226662450262,0.6558719336810891
0.5121068515641056,0.7408062792957036,0.675695479419105
0.8045042540492393,0.5196095053852254,0.701447785078744
0.6653604325818605,0.6607650630765038,0.722345866358062
0.8187400887487112,0.3412202599455474,0.8951722018763455
0.5615673606068434,0.34702439863042656,0.7727154630498037
0.7832443935370146,0.5152084650030078,0.7430471652525861
0.6295155883497412,0.4731831380778534,0.8070032147457875
0.525698190653532,0.46864412014645684,0.5798201455948768
0.6678871929742495,0.4415515014396244,0.7438861876001961
0.6842373619355171,0.33468048964072916,0.789805231261756
0.6584723959992713,0.7183805088981091,0.8843712243636638
0.7699138589772407,0.6010167022244579,0.6981779255719711
0.5914813032891002,0.3812346966429725,0.761785944823947
0.8272132061392813,0.5656645400969658,0.7440927096509018
0.5778149718041111,0.4306671618972653,0.7413515048834197
0.9835802400313444,0.6572934237722465,0.5840436016492407
0.5120131211196198,0.32289994500716046,0.8143393714598979
0.7168682300023466,0.4644195209661619,0.6776160423632742
0.6429558519706624,0.5798377350853661,0.7489516822436038
1.0,0.6124749888913794,0.8859986300910101
0.7806366011571673,0.843664035408291,0.7699823427074777
0.859324010309334,0.6753674924867874,0.9800339931381726
1.0,0.8741313190358134,0.9703640961232763
0.5934214436926369,0.6636170043480534,0.8883992923070635
0.5790306544730155,0.7925298884177826,1.2507462728755674
0.7058005386997347,0.8821672067980432,0.9597769129199973
0.8885443574849294,0.7753130254004287,0.7485022725860715
1.0598550271262108,0.9610566093191012,0.6369942984424732
0.8661076145990843,0.9625247929913336,0.7310816129704706
0.6993076103378681,0.6263835422469328,0.8986618468300007
0.7289476291284246,0.7837640609076795,0.6995449654880973
0.8619868881315291,0.767930836796172,1.2909837515766305
0.7635411746850377,0.8006518367912089,1.0840701424494457
0.9326564970298526,0.9589365608306116,0.9838995078358533
0.7428277500631801,0.6741705130479757,0.6730584582429371
0.5528554029723342,0.6936616642525111,0.7262916332095064
0.7401062748048499,0.7410750102233511,1.1626350060656776
0.8108329397480302,0.8143393119029387,0.7558647821932658
0.8307338937547208,0.7720042828982769,1.2513671150192494
0.564304569137366,0.9368719277603234,1.0696818264317403
0.6391691324054418,0.6477784128462742,0.771247321700247
0.9330538072995421,0.7844258871811932,1.0601877345881983
0.8908910548820038,0.6963289630478036,0.6625803911894461
0.9207026336324364,1.1680762427866669,0.8294426894905788
0.6834895090576534,0.6782007833531596,0.7276393754902736
0.9051375989097502,1.015393726795177,0.9033653583303296
0.7007248643689454,0.6464990745051501,0.9296521473633328
0.7279131904594257,0.8529808821551365,0.7988018180688572
1.0,0.7952426920928551,0.9724498043068212
0.5801811717692915,0.9314364433637186,0.8602379519672084
0.5790306544730155,0.8586883438681312,0.8066443306178029
0.7007248643689454,0.6963289630478036,1.4376515664769094
0.9393800213639922,0.9319911252489826,1.172274882068536
0.8361230617916645,0.8940531061084462,0.9295864314410647
0.670954901735751,0.8411913488522362,1.1919808214504117
0.7979694910895578,0.9826976833438935,1.06985249532608
0.6679815961841258,1.2257746596625958,1.1807908284421336
0.7007248643689454,0.6372078489158193,0.6646683358657519
0.5559469642131142,0.7475223767425894,0.6118054729637782
0.5566690725970127,0.9662140058963011,0.7966951764361917
0.7234087271072401,0.4996277621223104,0.683641480301322
0.6779694056402347,0.7124996902609216,0.6333060547334168
0.8577063983646254,0.8071132927685736,0.7689845861373634
0.6124555873822373,0.786145960583285,0.8257572632523872
0.9130023543419289,1.0519829306438138,0.8161234335611128
0.9308492295804922,0.6813458307894473,0.7158025761232918
0.5718464861340828,0.6765456474428944,0.6975131513641735
0.8484771183171684,0.8799015050642925,0.6453157261263366
1.0,0.7097321922364312,0.8701260846579636
0.7213608937123236,0.7039441460378286,0.7381825309556787
0.7234087271072401,0.9768288141339422,0.7322321012500268
1.0,1.16679074595923,0.44350358275930035
0.8613434668726165,0.5662033457739322,0.5437985927400245
0.9393800213639922,0.727394677526709,1.135593223166126
0.9179476390151157,1.0980796080889823,0.8621334012960467
1.1422936016353746,1.083236613942767,0.9515205367114724
0.8483077243216406,1.0110754313602677,0.7936181308793215
1.0,0.5585612721621427,0.7850349439066081
0.8633714596056221,0.6674293558995767,0.9089876724879481
0.6436516774501009,0.8678505910507025,0.7940798764653161
0.7893277387401106,0.8727060198860593,1.088371802307526
0.8771699425709851,0.7376735509393357,0.8776503836063728
0.6319650350174111,0.6545571955834811,0.620183991341986
0.8354341383624174,0.9288994215277842,0.5353385006644535
0.6296107336641894,0.7880323871386512,0.7322321012500268
0.5478421557966477,1.0853307930829714,0.802407599013578
0.7475940572124069,0.7421458749070488,0.7063153459005773
0.4502200509305223,0.5905610530310395,0.7635872717214307
0.7037814490523513,0.7955436211238959,0.6346381866332937
0.47246503866000256,0.8729973440487853,0.7818068321013273
0.7628439972743755,0.9070101204948843,0.6831128634584501
0.48136922185369146,0.7532731382956721,1.0326705131401774
0.5476721495845063,0.9129199311631784,0.7725154272170124
0.570094798998448,0.5136163365893743,0.6893828530455515
0.7075154682095564,0.9969532468472341,0.37492026909788434
0.6678538702656283,1.1179368568015549,0.5537780661654718
0.630890147733615,0.5612355087632969,0.5898797941808733
0.6204639423617051,0.4577780592106745,0.49901210113157635
0.6296107336641894,0.7357534781144812,0.722881278848245
0.6071428571428572,0.6979772352698171,0.39750138630194287
0.717157287525381,0.6981887222230341,0.6505311644289191
0.5258435321838402,0.8474493719977417,0.3415037903576531
0.9039969278525362,1.00222770195796,0.7901686326727166
0.5549210877886506,0.6279390754862522,0.6982027271032859
0.44493032381891173,0.769462344774049,0.5612674551987359
0.4886206113988595,0.6699332920781622,0.8280878258105686
0.8456966500379081,0.8860602291958731,0.8051906980233685
0.6549672203288228,0.9631481956172155,0.44760714348944275
0.6236783483718263,0.5631623978422637,0.8525995061832408
0.6365745659448685,0.4844930457168872,0.7330488550920644
0.7293768493040813,0.9247699233266435,0.7988018180688572
0.7487348808724306,0.7167174340536022,0.7120559513865776
0.5367882817533347,0.8558856345289659,0.4883226129607995
0.6101594122072748,0.74317240685421,0.682568741367642
0.4698168006018937,0.5754846644204946,0.30843267299184807
0.6659234476094695,0.7457929368959282,0.5120944088169788
0.6595359344348709,0.9229743733217661,0.4297217797523164
0.8148359800454896,0.5284647760991257,0.6722481947400079
0.6351781134071519,0.566733333740624,0.6880885080270112
0.7669416427884437,0.516742388827083,1.2323091333640428
0.7852343619008483,0.6957345971563982,0.4925375816444182
0.5292434582379959,0.5392115539554212,0.634556715486966
0.6913933000758161,0.3591331394987529,0.34234873593992887
0.7178836834880301,0.8233997380862882,0.35489522369354076
0.7004239045165639,0.4314409523327529,0.5783345727051931
1.0282885657934036,1.0342363749300727,0.7445863015497717
0.8567989398085385,0.8065582580454553,0.8541313180999215
0.7690243497158853,0.7715099380960498,1.01283634648447
0.8143073516563422,0.7643885551809354,1.0952661023244934
0.8355674052966721,0.679135602665569,0.7545421535839577
0.9286207780940584,0.7299294638248146,1.0585389633296536
0.8885919023681232,0.5902121844335851,0.6695688777941947
0.9735423399019453,0.784672073722261,0.6766191666182226
0.6755712586389281,0.7694863748814105,0.5332399719906633
0.8543244403113929,0.8946900169282208,0.7353719379875184
0.7763451046947165,0.7751893269176914,0.6819082748680579
0.8927613512804383,0.6115595098928935,0.8780994029488888
0.7561054956503301,0.7252673526725522,1.2780865085640913
0.9232872586397085,0.6808855951000315,1.119617833424335
0.7495496290544099,0.8067963860735026,1.0103511682340756
0.7639466262556729,0.7299130422183158,0.6989683873801584
0.6874635139935605,0.6209533650864549,0.8447324764888657
0.77584397823939,0.8353374681405525,1.1021560091960123
0.8035405404187657,0.6209744663032919,0.9955155147066912
0.8281151510064735,0.6193572116366423,0.9947187436382484
0.7315832670557147,0.6754530804103662,0.872867286771059
0.9191035485065996,0.621779764930912,0.5129586236000258
0.9390811295847643,0.7332601489818225,1.027639499641139
0.8100623081797581,0.6190625277200943,0.7107593895751251
0.7662706996527833,0.6683745016920157,0.7837119544240215
0.855098389982111,0.7197151213812298,0.9786459289120509
1.1163466624215483,0.7873901412692246,1.01242547647568
0.827129210807604,0.7304817309833558,0.9951885806906822
0.7551010000105381,0.8126922307204706,0.9191547916545557
0.8744105194480867,0.8453828477052466,1.0
0.9854665711873282,1.073437938794505,0.8844728816397688
0.8429657118069286,0.6875903597241549,0.9003619707079429
0.751350234723266,0.4965499738210293,1.2724381910988287
0.9112607762046371,0.835239987364824,1.0132908703804817
0.842232490743718,0.8467038530122256,0.7434723180377929
0.8567989398085385,0.6544308205620037,1.01242547647568
0.7388921664609807,0.7179072713200509,1.074848118856512
0.6134288313090487,0.6355259564615278,1.1481391302857835
0.827129210807604,0.7613957295197601,0.8986551679824899
0.9046285198976576,0.7011070110701108,0.5313426349570267
0.8343457554723492,0.6837828590701671,0.6755840541085097
0.8155322023269391,0.4872332185536349,0.8857970184242175
0.930835886826213,0.7471263757715227,0.5418419629369506
0.9437032278605411,0.7254056177277752,1.0
0.7910914987397243,0.6013639436094315,0.9533239971990664
0.7143174492925818,0.7276702597996578,0.7466798014475505
0.8057533693861357,0.6424893272862827,0.9621599508455898
0.8666023442349888,0.6310698275909428,0.683834132953018
0.5683727649661108,0.6427882628540966,0.785910619346257
0.6905815989593741,0.5736914813566087,0.7736520453274645
0.7089657389213977,0.4904330691168365,0.7524631142558313
0.8843168048490975,0.9644413408775305,0.887727821715232
0.7990964061420386,0.9158144090162684,0.37547777365054347
0.961599533549052,0.516886709320086,0.8722576350671103
0.7050020398154151,0.6860905388889029,1.152292357443267
0.6672538264404748,0.7802428079515578,0.9179297944748833
1.0037531181426307,0.8774782199772049,1.1128494169394683
0.7899466396688529,0.7556486962538539,1.0324753442526933
0.7790448764230979,0.6152340104107485,0.7956149931341756
0.8612576578097508,0.6235011055604875,0.8157932256171263
0.9013105152978436,0.6902325733450019,0.9414610366703464
0.6457626017912088,0.661280431816215,1.0878051853075512
0.803185178492121,0.6078883609029501,0.9944605775998047
0.865311990135257,0.5742737669122308,0.9503683883342525
0.782537519572583,0.5089985633176739,0.6990759130745723
0.6749473909004045,0.6908763884997215,0.925151881143488
0.9731663685152058,0.5726163005351448,1.0554175780890576
0.6590446107220785,0.7426256885356082,0.4647059343990315
0.6402654697894103,0.714145380236274,1.042220033092075
0.7408680622451738,0.6000568084200737,0.594272649328967
0.8079840979565793,0.537810615714108,0.8460357041719879
0.8536283924374068,0.6347644059655817,0.9838309583309112
0.6470730232508664,0.9140926440824885,1.0350070021007003
0.6090452996101845,0.5704632204124422,0.7378499767596006
0.49702878947986473,0.4912368261750394,0.6388424407426925
0.7063655028397304,0.5892179480972846,0.36691705790093354
0.613984099563997,0.8581114713135052,0.5021488457373371
0.3986057423832019,0.6206433879390117,0.4094260219311091
0.6833011659937123,0.7030483223766075,0.49342628129039234
0.664289928306975,0.7664425177238494,0.6530521468545295
0.6382737246373181,0.9345531481175096,0.46726595976859275
0.6451064956388022,0.6734390310819981,0.8978740787242916
0.3090274019365009,0.540590489893253,0.4258626120094875
0.8455379375550495,0.5384827161628049,0.7630087790299339
0.48121123519582476,0.6106074484400383,0.5553513541000562
0.6331275977710211,0.6854010626891399,0.4558577728669049
0.5227600479491061,0.8725324391318434,0.7724504551740973
0.5848716530703213,0.4719563260159727,0.49902056713188037
0.5304120737148148,0.5741210660760002,0.3453463292920228
0.7900690643752677,0.5526799504172442,0.5373225592061242
0.6091663545049568,0.5071642129279519,0.9009852457023325
0.8810346301567641,0.5848882549078402,0.272393124891001
0.6747870967412194,0.8752224254709308,0.40262009985433966
0.546421079159453,0.7474432270488052,0.3089840244060226
0.3645485254676285,0.43757677333885425,0.48178703090633435
0.5915836153976408,0.5919400593918202,0.5021488457373371
0.39728921842611564,0.7129759494313735,0.401745458243712
0.5234967666110983,0.5440700945092687,0.36691705790093354
0.555568475639991,0.4063352969083087,0.6732817291371682
0.4948189493599324,0.7488405922990982,0.6171680276637395
0.45598006393805723,0.6653947751681379,1.005222163521566
0.7932409516117271,0.4034047272658222,0.4832643743593028
0.5055929526017651,0.6310079590869948,0.6277586138859681
0.5604523385450462,0.6474518968178397,0.38073193844947595
0.5828353222066724,0.8101581240501259,0.3793269090979978
0.4533093354111907,0.32381735080070706,0.61049864762299
0.6834895090576534,0.6689737828402837,0.5059230160402091
1.1670514103912064,1.1436344702363197,0.859116798546278
1.0215435203980412,0.922233725258265,0.8463769032400389
1.041447060941833,0.9442839518114157,1.0542828996898106
1.1095579382222176,0.8761365841867407,1.0646574150692591
0.850928801500014,0.9949708088383624,0.8136918042552801
0.9007765737020688,0.9242043708778411,1.2729420714986273
0.8926827125639282,0.8832593076843982,0.871741602808173
1.061297476040819,1.391304347826087,0.772078847080724
1.0681884984168004,1.1758347929055433,0.5832972598588129
1.0920463188421683,1.2691909510290826,0.676712924653704
1.0519741756798686,0.9341977675262242,0.958582754410244
0.850928801500014,1.0218582498493987,0.6959880400453478
0.9963855552853758,0.7694786417306252,1.425254931909018
1.11332555522165,0.9065950029460109,1.0978383508940959
0.8888888888888888,0.8645101925504899,1.0826832209897288
1.2020536020703634,0.9347116044380365,0.6898110229547811
0.95901383634992,0.8476179729732611,0.7324954615038183
1.034712605144961,0.8502415458937198,1.2174126554225306
0.756628725671538,0.8182911109922109,0.8546079055145668
1.1086068771482018,0.9264691297529327,1.0471487245108733
0.9633234293220282,0.9337601751234131,0.883372497456055
0.9480258243201313,0.9253867015544481,0.5378190884442069
0.9237330501022034,0.8267772425496176,1.1688311688311688
0.7085381167382708,0.8620122156023315,0.6942116851374247
0.9890971683771898,0.7476257938725575,0.9267336000067878
0.838361817332988,0.8363774828403698,0.9297643150195049
0.9590079823335504,1.0347524023428458,0.9824848684178825
0.9929460174051585,1.005606928163821,0.9163522951901192
0.9759506964878059,0.9525848826657313,0.8100657059006034
0.8801898691186255,0.8383062921356232,1.041612518928824
1.1051367621937358,1.3316863613133476,0.7044597683554756
1.0236246253090313,0.9192838858819748,0.7480795774757536
0.9177035363935169,0.932101248947179,1.3210766196158628
1.0214323989844525,0.8892217728214601,1.0645316782492973
0.7875560938067948,1.047836487323494,0.8132888516302011
1.0215435203980412,1.145457297422444,1.1381749269255934
0.9417989417989419,0.9568271213885192,1.1758449871133325
0.9515548882123779,0.9536634635428722,1.2195277332727448
0.9177035363935169,0.7876593142431313,0.6926406926406927
1.1545044491611551,0.8606701653496983,0.620604225514765
0.986454468299169,0.9354602777784733,0.5559536980680753
1.170744064402729,0.9387025239591811,0.8952338215242021
1.054216670719363,0.960900492595951,0.5255580961270183
1.1602415236052117,1.0385846268997123,0.8371652631802676
1.0323513874787542,0.9919979512132323,0.9561365536693487
0.9419009650963628,0.8502711312546676,0.8809720598712769
0.8777575532802298,0.9746099830283196,0.9517401074167494
0.8885710874215121,0.9779933529887523,0.5487220782761152
0.9206349206349207,0.9797663690884686,0.8713326199682088
0.8590366561296563,0.8275527260518827,0.7707470709889811
0.9036753947929987,0.7203288881663092,0.6045442105806499
0.9782689372578345,1.0988088238783722,0.8065705141753343
0.7795207240779508,0.9036753947929987,0.3882413804985476
1.1615926437016095,0.8302501715388949,0.7190947194442081
0.9785676010155476,0.960091870883869,1.2393486288837385
0.8726788142134033,1.0487877870528968,0.8483210297061231
0.9813672646970684,1.1222922031824856,1.0833245664790316
0.8033518325593902,0.993180849483679,0.91934402497148
0.797884047859301,0.927720684363126,0.8307960250120456
0.9159126765078743,0.9302534387419799,0.8727154231387293
1.0979907892986884,1.2371392101149867,1.0655907303601353
0.8386182334098307,0.8022649361943054,1.1092101124509197
1.1664701025380464,1.0897303170096944,0.9245183163229382
0.9168677715636435,0.8776218107448525,0.8087720679522532
0.9418171816421291,0.8394855292189743,0.6015213492279505
1.0476190476190477,0.7794593779306871,0.8417395115980008
0.8205993796772724,0.7480859394645141,1.0180270970649932
0.8116066043677264,0.9794544642910292,0.47409575341581756
0.8986583720555865,0.9762990583191787,0.9603240199570923
0.8590682844220461,0.7801083289926155,0.5484848822682455
1.0248682365650996,0.7260257150360647,0.9437328849094331
0.8323053822736156,0.9431027911371026,1.053181602347831
0.9266545319681379,0.9672351208544673,0.9835512076260058
0.7977054471301162,0.8034107251268038,0.7990272887148784
0.8721316603693265,0.8744439484451785,0.5774195976183825
0.6423775613925169,0.6216959281713048,0.34039786886604506
0.6460748374474382,0.7510665059291753,0.47887757664943453
0.7587726537581839,0.7440174507372319,0.41978552921214807
0.6638566415399496,0.6974649112792353,0.5772399783933053
0.8888888888888888,0.8407387666327599,0.4845014592073287
0.416356307592056,0.5782856197977959,0.27244445109296256
0.7301587301587302,0.7142684615284922,0.76006970402167
0.7050784342134684,0.8771461470100267,0.30513583827638147
0.7209195929757908,0.7133361037866559,0.7687233604590412
0.6274488298905372,0.6907998158792775,0.6201314118012069
0.6870313012342643,0.6950639905865669,0.3477629562327682
0.6655792390091246,0.8329382570034669,0.9134464877343359
0.862603550592153,1.0179460634019388,0.5292080909308003
1.0325300024316177,0.9881149291710956,0.41093001447724065
0.9305184399257814,0.7877816655559442,0.6044910845156343
0.6768274412619397,0.8008354959180932,0.7828870175736902
0.8346276228367813,0.7783481935813061,0.43019711770181024
0.9675679428488313,0.9354602777784733,0.3615032997348657
0.8984018988170445,1.0181871632209023,0.47409575341581756
0.675335045997128,0.509394885064581,0.42515451602423593
0.8517567568515189,0.48395315345786005,0.4047623875506875
0.5065463824601756,0.4327445494645059,0.36941814359000347
0.610462105998844,0.6388424407426924,0.34039786886604506
0.7623849639652527,0.685712149919222,0.6049991813333848
0.9022848371458059,0.5227993793489238,0.7173285516721615
0.7920416982330031,0.5941181207138204,1.1300485260890414
0.9465669899583415,0.6084027014121756,0.5667698044363849
0.38804771696821083,0.3340583652679724,0.48891216049963193
0.46657849053424083,0.5966167552109823,0.3478114966096879
0.43340332333337095,0.6288083768920376,0.33760060785689006
0.5836907106030796,0.6342182675154977,0.6315286276013534
0.7306259881194104,0.7753130254004286,0.343667084728694
0.6500799781824025,0.7002297496917751,0.19845451040696604
1.2747155156960253,1.0963738849304854,0.9507396359177164
0.9119672880730586,0.9735093528586991,0.8310636300881478
1.0887144856101376,0.9810206393764751,1.0406719189254976
1.18458502337878,0.9247137715492934,0.8457209516917263
0.9792807599862026,0.8886442178277123,0.7965930835545698
1.0965366753337573,0.9282795618953411,1.2425514237303015
0.8731000240576183,0.7655264321162153,0.9362714001530055
0.8722049801260057,1.2781106573963628,0.795073792168576
0.9702604358376509,1.1297771369046101,0.615478845919684
0.9513850213298256,1.1475907483586762,0.8323053822736156
0.8758814174280264,0.8145654700108939,1.148145117128974
0.9792807599862026,0.8386723676056287,0.7088332438789395
1.0035165735446365,0.8453279437775635,1.4069154488703213
1.034342328623515,0.9373283974020795,1.0308821892864954
0.9433748977507964,0.9052631578947369,1.085273864868451
1.0550430824557917,0.8393768584491911,0.7289149946643485
0.8272024877788204,0.7819860371015619,0.8228927421962939
0.9980133726729328,0.9358206175239163,1.4303052732097807
0.9186629058916753,0.9248969499921377,0.6561403617202565
1.1358563411096834,0.9081577723936454,0.996653271539066
0.9214964094509269,0.9081476441557869,0.8273630469715121
1.05056682993673,0.8583932097601392,0.5945346819355748
1.0332628801427508,0.9634716313012415,1.1576361842390575
0.8832359894142983,0.7898464073989114,0.7708855344588431
0.88937781216482,0.9140301362731978,0.9139380757052828
0.9637089127409268,0.777794774942085,0.9594038202816136
1.0398820444766699,0.9487010823957422,1.0078740157480315
1.043465516852664,0.8151574675381681,1.0213429513469945
0.9818014765682893,0.93560857636648,0.692610688252864
0.8501295089517695,0.9241839195136062,0.9438786466733686
0.9298010550793481,1.1893161738466866,0.8942530107937063
1.1241185825719735,0.8922002082236072,0.6963240241140654
1.043465516852664,0.8415765225007179,1.2632111781785353
1.0162182665672028,0.9799182773306955,1.0308821892864954
0.972858705706264,1.0235375576578924,0.9139380757052828
1.113184915334639,1.1239893525672588,1.1758530183727034
0.974261317159453,0.9666183524610981,1.2371560027256245
0.6990718462214901,1.2051956704170308,1.2094149409917057
1.043465516852664,0.7761131685801774,0.6555357455516895
1.0824339927697229,0.7070783917888587,0.5598854837640834
1.0433016027287996,0.9105051146704692,0.6752397795421364
0.9305313466817886,0.7285516429846816,0.8449206796168379
1.0597817502588198,0.6883347257533827,0.5969143385260784
1.25016918808093,0.9430442368676466,0.6548993071740128
0.9981485068560704,0.8858170371215367,0.9408428993722591
0.8969234654688811,0.9342917539801552,0.9464903891452233
0.6960616659463631,0.7043334453756149,0.8389967149236778
1.0756836145161974,0.8434833903675721,0.557708898500018
0.7683518544350765,0.8387161234058353,0.7886098726095015
0.7995553079557215,0.6727164532576342,0.9330629477707756
0.616614940378017,0.6851298571564062,0.5294081461463811
0.9728166139189608,0.9914203380062855,0.8339907980920629
0.6833435845023932,0.9353694388058765,0.47008500798462527
1.1536841043359582,0.6337792372641557,0.6600089614597475
0.761359791939731,0.8108697603854692,1.1763758861508566
0.8980786756208142,0.9723011880596614,0.6983545754820802
0.96011795552333,0.9603739491963029,0.7990836573140014
0.8511929344998977,1.0100659239904257,0.8324232332954906
0.7932726393967343,0.7445825566848308,0.6977898497196342
0.8868579232590645,0.7153605399346439,0.9107345792715439
1.068098153870453,1.011291848565131,0.9857322691923353
0.8993513428037583,0.7314687176464847,1.0556420844885668
0.9507070773034231,0.8675467642934956,0.827993923156519
0.7995553079557215,0.6139143013010542,0.6162914854831998
0.7144473359945764,0.763060448896363,0.753829596083077
0.6242152305280129,0.7850169895676153,0.8339907980920629
0.593885452100848,0.8468824762590675,0.991895827586818
0.632037625593147,0.6529152318851922,0.6114440924966726
0.5037796905822569,0.643147171443927,0.9464903891452233
0.7547014560305833,0.6695638036373679,0.5534420230977501
0.7607397206272046,0.7021709424423518,0.8373882224480242
0.6990718462214901,0.9913116443678995,0.9077832064758592
0.7330628544398494,0.9032698333186651,1.1109195636770142
0.5159369027259422,0.7098094999559954,0.8338757137095004
0.4859452347356976,0.5922596413408567,0.6634333932575747
0.6548558754610394,0.6920204826903293,0.4034565114966746
0.6080535115330179,0.7028389985563237,0.5345772149963496
0.4344224566733583,0.5892799515915466,0.5350273035513009
0.5674614540097147,0.6221247432018608,0.7173147872612378
0.6551016499366693,0.5975584556309833,0.518683525595798
0.38848009490788193,0.59857252510538,0.5362037503521899
0.42242395705812397,0.7728900104169325,0.6246406758654097
0.4170673873732694,0.7532481547997534,0.4303664499142562
0.6061685783135338,0.6510852158601652,0.8267140335810564
0.3365743779996553,0.42139088755460874,0.7438422402107201
0.5058208909694204,0.80032097229373,0.4862847745704706
0.5343710902599592,0.6203078983095507,1.1304648456800512
0.5675186378473509,0.7615841757282922,0.8015810524668637
0.7151575428844463,0.7929824561403509,0.49837966658553
0.6763822459078236,0.5024678901421953,0.6502814617201833
0.4456580206403459,0.5572411712168053,0.7490176779447366
0.7195839430781337,0.5113456599942041,0.692610688252864
0.7022961077589136,0.5409778462130521,0.4883210479174208
0.6975575358028627,0.7822447245921071,0.5127632270990021
0.3146135721618193,0.4450974401294344,0.5361897542441232
0.4004358726911219,0.31079756239548895,0.33466407244444607
0.2951841074408107,0.3487352413365259,0.43645292846358397
0.41606251133486305,0.6643356359365143,0.29182264230306987
0.5140482148902963,0.5061407321070479,0.7929588603721713
0.3446559539471915,0.4590456775777012,0.9422380111936854
0.48972812841377433,0.375372278427374,1.294526041881755
0.6579857744077046,0.6683337605549401,0.5954967592857119
0.28685016964459986,0.3382326568106674,0.49452334448252533
0.5753819353410354,0.5792192809920922,0.3910573042242048
0.49457106514158855,0.508896376383358,0.4359362858294342
0.5577516066197616,0.38806816844346836,0.7268450805403293
0.694240047453941,0.5230323604171043,0.2849036516444394
0.37268263452173533,0.6447546453609563,0.4657045115457612
0.517828674787085,0.30828887775776437,0.23517258758086979
1.5113866928432107,1.0697026696489706,0.883691606519051
1.1066933623974757,0.8229204077740944,1.2198093390476092
1.0393942535439444,0.7067440713355386,1.143714250549483
1.0100255173389403,0.7984607110593925,0.9197191630105678
1.2077379538143143,0.7632660126239431,0.952265946385753
1.053181793349003,0.7368674990584803,1.2195493485288267
0.8451386155893721,0.77989418787823,0.808021964732845
1.1774128656541452,0.85230665072793,0.7664171350104865
0.9594194658516061,0.8293424348274425,0.7134243487929683
1.2979834347456751,0.7126085306497597,0.9681425250041935
0.9964545471100664,0.5964907652557232,1.2643652425795462
1.165125040211378,0.4731692271552541,1.1794878516506428
1.0949262718872557,0.6033807153382982,1.3305160198157497
1.012546347844964,0.6250187491598371,1.01440029492106
1.1230769382333425,0.6020380042330099,1.0560760398232079
0.981806148846526,0.49518369557260644,0.9790189777683542
1.0454000637878431,0.5073947667804324,0.9962615973451194
1.0199185827106454,0.9648349168399833,1.2669419434234093
0.8787186374986832,0.5544003358617985,1.176537028173178
1.2345077247613736,0.6568949566777125,1.1621260808808989
1.0825632481798708,0.6717340237509328,1.1771004844444481
1.0602726991288702,0.7486116173899092,1.0793268533222058
1.3611322421089969,0.6277288879096499,1.2695197841961496
1.1415149507917222,0.6779424715756429,1.0261153582247855
0.9871438555206414,0.6445751733548706,1.1289790336560352
1.022658350060879,0.8359016404626096,1.0231365525829923
1.1370185869103577,0.6795729527564297,0.8339604740070702
1.0158793394493715,0.6399316246315877,1.3006187185967915
1.118301104599495,0.7855512707238402,1.0
1.210994967570781,0.8181425254427152,1.03198465105036
1.01082827449123,0.8862548322764275,0.9675483950372135
1.0602726991288702,0.5430193926844864,1.070256482200068
0.9594194658516061,0.745967824114121,1.385507439390643
1.237660338402678,0.6595310650900048,1.1680034407457
1.2721275942890846,0.7755979810878458,1.2452418245572499
0.8997729019902501,0.7047265829404072,1.2408321052690243
1.0674938048376394,0.7076856959080069,1.4054794588182808
0.7958702684804875,0.70768058847955,1.4897451107859345
1.1287990866449025,0.6614258890204352,0.9966725952568377
0.9513817365452921,0.7356918059251496,0.9163900583908177
1.030492575365442,0.6801592552310393,1.1103730815674042
1.1747112951740757,0.5283082650710742,0.7819892866892537
1.1817160061841752,0.6167224421862902,0.9405603124123013
1.265648280744571,0.7191358559792937,0.9463601095110886
1.0185636826913074,0.6026172134732711,1.0
1.0076933952642366,0.5817132016613815,0.9695038317934069
0.9816545307988663,0.7467304694782957,1.0527125620655928
1.200356085434034,0.5699136555243538,0.8815054130665336
0.8451612712548272,0.4874513879512703,0.7968102373414176
1.0135608959838938,0.5720115438447997,0.8710209663439649
1.1642711719019863,0.45942719345433747,0.7675604745480508
1.198006134530619,1.0479497630190442,1.1216438376454843
1.0551471805205348,0.7152851690068646,0.4915546990669294
1.0722078216206337,0.44449084491880964,0.8173049218976419
1.162609705222885,0.6707687694762366,1.1346589332293233
0.9383233816790433,0.6448652960959824,0.9110791746544098
1.3998705699628806,0.8045933154466098,0.9204279419331327
0.9180225900784603,0.6260621254171188,1.0217819012660667
1.1646247942707277,0.47174062169338127,0.9050947554205654
1.1892903952012934,0.5838873677463992,1.1291419457733969
1.2415971718042476,0.6597141820675603,0.884533305588543
1.015525180450027,0.7607484463344822,1.169749828461105
1.2045702113986232,0.6255202066042324,0.9779933529887523
1.100350630280813,0.5493539724922956,1.0035849663462415
0.7894676836465604,0.3378995971180826,0.9110791746544098
0.7975185854870818,0.5698865096380246,1.0675799098030467
1.3185497449735337,0.6188726706696592,0.9984604248274926
0.7778547081165326,0.5823552316170587,0.7293443024956865
1.028672309216879,0.6204488805104923,1.091488504619779
0.8515601640457315,0.7856214154941438,0.853468500307716
0.9440186923322896,0.3888250855406542,0.9691081281699917
0.8853517946260272,0.5915480331056187,0.889048139129981
1.099880887872839,0.7932989618414288,1.0885013040492304
0.8317933677709233,0.37989688552428635,0.9152885861370139
0.8823268695494645,0.49594596919300193,0.9360613810741688
0.4945536670260998,0.47818008527672773,0.7594281259887996
0.4651771702924288,0.4254027327865847,0.8451204398615496
0.9416414819087253,0.5733219022271643,0.7048407561839112
0.8128596354222675,0.7447700858335049,0.691437599326332
0.9325061951623606,0.5244946328461857,0.8814702866458018
0.8652461352787495,0.8259529124744922,0.7968102373414176
0.9976178657116127,0.7760119457110183,0.8008288382898706
1.067555034133976,0.6432676077867142,0.6795437289704247
0.9037826615849329,0.431350318983286,1.0460875535782084
0.9344011367679895,0.452974276619878,0.7080214187631081
0.8113555887437034,0.5137840026992111,0.7312875047164282
0.9015747405582337,0.7748016300623339,1.160449084142705
1.018193851153474,0.49779066467079225,0.9095337453936199
1.0244096127710085,0.6066520563578446,0.5997635387922999
0.9789233250238156,0.5093071447983097,0.6758673217623383
0.7925604663937554,0.325777648767543,0.9761600486715949
1.1169999453678068,0.46777378661652025,0.8248128512578649
1.0391494061645987,0.6194179861947975,0.7889934534609637
0.8645950490663585,0.6165665938519542,0.5887439401557832
0.9586306359086595,0.3166796487579322,0.6854998498122042
1.0983671546171876,0.6064730235057971,0.5033172726594523
0.8188021211468144,0.6989664439416823,0.5503529848951865
0.5922875756192827,0.3573731383793154,0.5049388708364554
1.040026472537643,0.33581295258382704,0.826319356198696
0.8445557666545308,0.7479542456037058,0.980248191323625
0.46316198925330965,0.4230723723690889,1.1565399780137764
0.9852282865894154,0.4942821372575352,0.5425907418193824
0.6013607542054751,0.5078569082360557,0.820167630938434
0.49057216770272594,0.5954436474646825,0.39073744864787185
0.6122638079069145,0.4569378400689158,0.6333494241391733
0.7715049449301805,0.3577514466866787,0.7880551543204685
0.9326230676393747,0.8411194394258786,0.3941864155143735
0.6361335549047085,0.3627918731993919,0.7379837315192082
0.7948717696110958,0.7022689625785256,0.6240032640226553
0.6433422852102739,0.5535904569222458,0.40315521737676563
1.2800718071097161,1.169749828461105,0.7190295817636072
1.0995475339588427,1.189430669242688,0.8968485282678532
1.089374650049721,1.1585764448444322,0.8529955337074926
1.1440524394586116,1.1238634158132594,0.7547348839504389
1.0546684841202605,0.6831609568168302,0.8943976689644513
1.1237190069062946,1.1535347359141168,0.9004593642597644
1.0127150746286984,0.9789483997463668,0.667115936075876
1.0674383810407857,0.8405797101449275,1.0
0.9963783564156492,0.9120826035472284,0.7140815794258561
0.9392393769752004,0.874377556186428,0.9295215183765629
1.0654982977739207,0.8265213871145911,0.8907859029147274
1.0546684841202605,0.9198530838855381,0.7777339508081316
1.0723731570205468,0.6856526932690343,0.8801528034636866
1.0429221886004314,1.0594395435798112,0.7769949926132813
1.1385414396157396,1.1069656374601395,0.8814563035054243
1.0871399301468816,0.9608269626628219,0.919826148380664
0.8827601751259211,0.7960425176719033,0.8814563035054243
1.0849169975079813,0.9565217391304348,0.9119765615191928
0.9055711850790511,0.8522101036069982,0.635721880215263
1.1467987240618402,0.8925318050235171,0.6497668587155322
1.0414269277295645,1.0180654067845236,0.8887480185948775
1.1091638296232011,0.9211230845004166,0.8702861048242114
1.133673370654559,1.0412435136786624,0.7914316091024809
0.920777840047023,0.9101984260269143,1.057775162500396
0.9688127417583435,0.6452642277509375,1.0602833276356702
1.019151076257705,1.0414510376804396,0.8236956528545156
0.9942601678956693,0.8957427929714626,0.8709380265911411
1.1122709511148738,1.0691521140204578,1.265255376291845
1.0535051917989129,1.153624980163031,0.5263063005393998
0.9585730722704355,1.1769119391927887,0.8348937207455905
1.003175243247834,1.2697715738681894,1.0649554618501778
1.1091638296232011,0.9269711348455963,1.084664486759703
0.9963783564156492,0.8401093926820667,0.8917569083289448
1.0696906404988384,1.0019434776697989,0.7392375310451598
1.049578447323547,1.175400453519478,0.8459426071532873
1.0995475339588427,0.739815820103516,1.0121340316880123
0.9918505035520153,0.6977898497196342,0.9800656750865344
0.7302278910964553,0.8609903906286168,0.8937778407156598
1.1122709511148738,1.0,0.6981892696424135
1.1612097000418682,1.071775975425913,0.658631177498233
1.0566296916532587,0.8924337962974556,0.9336333930555478
1.1769201214095817,0.8511347010437255,0.714671589681916
1.2505224666095849,1.0078199014808098,0.7073856092859456
1.327170429946852,0.9173186566434736,0.5648845532313409
1.079140781236118,0.815952877904343,0.8011002291658129
1.0684314792745557,1.0202336309115314,0.6176878244547919
0.803347280334728,1.0028211129968534,0.7365335107223121
1.132769542391451,0.9419824760612561,0.6488828610254331
0.8777575532802298,0.9231122025361806,0.9641976876450151
0.8830895155821936,0.7782820763524206,0.8539803841713767
0.9865123237918428,0.6729270048046667,0.48577265381885737
1.129103872379965,0.9941877162424487,0.7109522887547497
0.8868019102131985,1.1663788635393657,0.8449473404284383
1.0978796038298693,0.7867245744975859,0.7373527274105561
0.9889962146580782,1.0231047063303915,0.9734261575775778
0.9081523843748326,0.8911657058050766,0.6983625572222218
1.1434958026082684,0.9015696901214141,0.5835204738425609
0.8990372368502234,0.988634749139465,0.7417605117343686
0.9813746111226465,0.809445440593696,0.6448834202183722
0.9862217121235524,0.8399931829963068,0.754700736110072
1.1509307863824019,0.8648561490742548,0.8309008477183948
0.9681321736859412,0.9657259222736796,0.9243420491066244
1.144925344800977,1.0179460634019388,0.915906973805228
1.0167014977739723,0.8728226660681799,0.7752871321729425
0.7470826977999203,0.799356911523718,1.0714020999812133
0.665870645632628,0.7212033645538874,0.7109522887547497
0.980848923742295,0.9555445775525613,0.6605342049780091
0.6356463847285683,1.0022828373009967,0.7537512767937617
0.8387902999581318,0.6444858747876812,0.7975994364760663
0.8108098920550585,0.7602982685414998,0.6303295946949522
0.9446728356835061,0.6113388050511617,0.8223100928254461
0.7761465479311012,0.8528520460442309,0.8234414392919581
0.9288702928870293,0.8034107251268038,0.710973770506572
0.7052572793109361,0.5085268128170095,0.5480170484192421
0.944259482768855,0.6689885913554705,0.6020489715553394
0.6040220315859368,0.8097015881104139,0.7375561226210606
0.4699379148916307,0.8506399035575052,1.1719768868814795
0.6812371649049692,0.4546458733097548,0.9952337039958203
0.6826715422945256,0.5950684197122071,0.9778496200612055
0.8777575532802298,0.6193926456816804,1.037460570088517
0.6888215331122148,0.7595833907258462,0.8369005770495134
0.770184200166832,0.6263510650757207,0.6028912230885031
0.7083208809193382,1.010069987949998,0.92122807594399
0.6708317992521794,0.7636280154030322,0.9077506850077137
0.7534836646072072,0.432727221258832,0.8277477456506909
0.5969732946834957,0.6996494944875207,0.9970424166501433
0.6924001786747231,0.6367070033249995,1.1010055792487938
0.9626543156513364,0.8384854293825503,1.1000695168662338
1.050104493321917,0.5364822376727287,0.9259279821006745
0.8428865472311349,0.5131461739224602,0.9361605214811015
0.5781965146469255,0.565677406761143,0.912097889541685
0.9636120567922662,0.7841053833584151,0.8708108092380181
1.076016397481591,0.7985578367025077,0.910833846423383
0.8481842867836885,0.9656464694716289,0.7330145422079732
0.7075081196947313,0.5221378750629035,0.90751516141397
0.8131826054824411,0.6313951096127571,0.7938902958748681
0.5633787965366231,0.6914926497087663,1.0387567572285945
0.3742618360904526,0.6120900289458548,0.7844734638284687
0.8580863994750785,0.5843289724738098,0.8738771521777905
0.7250752474054749,0.7389897157764831,0.8397775055397133
0.5064424482873033,0.46170275584031495,0.6675938803894297
0.9263627537179571,0.6554799722806572,0.6572933023166743
0.24387846707252636,0.5168658728414701,0.6124559531449517
0.36512336607271956,0.45677723035078954,0.6075806466761801
0.2766591502159048,0.6013127011062627,0.855198755937302
0.6170792068796241,0.6031822417289339,0.7413515048834197
0.7579723035317227,0.6939977393548695,0.9203975696864468
0.49933614926285685,0.5566777988399492,0.7545583144864032
0.44311774272104665,0.6473429951690821,0.894488931663608
0.40005215799847327,0.550744322667414,0.8179895246798143
0.36198534889390577,0.49127846361842553,0.8547761649751713
0.9816657747952124,1.122291187729171,0.7802989624930283
0.7328177943873706,0.7572276558087059,0.8589321209783252
0.6968568025572234,0.815360780370114,0.9358135091455236
0.9056788202673456,0.8225824203223016,1.0667372414294929
0.627535707532875,0.8210173592348403,0.9302158401482507
0.7160231218885091,0.7342571538495444,1.1889441063136006
0.8440666421866001,0.6737932159478748,0.8906810329617297
0.8412748816333644,0.809976148570734,0.8242365169406929
0.6926868088989064,0.7941532576018454,0.7260118455034077
0.7817244259432179,0.764697574091515,0.7430232657599984
0.7160231218885091,0.8095170837883693,0.8741869785877834
0.6817123318917295,0.7134023712898716,0.8756440180557138
0.9344847061331785,0.8429862656042281,1.3902293663691694
0.8706196306171002,0.6659927547665256,1.0760910583665593
0.6012388927595123,0.9065002969564935,1.0922672527059136
0.8997654495538345,0.6657374202069324,0.9299607559233948
0.5847875719837723,0.5828395167055858,0.9122335888894968
0.6629984517474414,0.7737811292508737,1.100595855423137
0.8139049481478839,0.3964326792151842,0.9795258319061323
0.7695189359181385,0.6291881837433688,0.9667026544553844
0.5964558352319345,0.5525841512136169,0.882860762347501
0.7070079829008429,0.6286441152084484,0.5702257479681336
0.7014391573246314,0.7064389578606792,1.23835828341491
0.6238091851732972,0.6348685300393212,0.827071597723593
0.8261500248317697,0.5735601267718913,0.8261256374849124
0.9169678749986758,0.5545823000325782,0.8746515944536026
0.8826810800762267,0.7721694057835582,0.991895827586818
0.8362491755446728,0.6534243082678244,1.1119260945604348
0.6048707335523937,0.8046116446349232,0.7890838203288315
0.6571040912086379,0.7612693590605101,1.0577617746743557
0.8603662900430133,0.9420139457441443,0.9079063392087948
0.7791290948021738,0.5464338166339946,0.8504287227151833
0.6926868088989064,0.6020477237507209,1.3039183035051418
0.6978466434232993,0.7706602834591959,1.0452693638383328
0.7195359785876887,0.7909283081186754,0.8261256374849124
0.93012157699362,0.6661467679761481,1.1071551685742949
0.6719054180932695,0.6187708738783242,1.2440880481335084
0.6338227650864044,0.7830184816986269,1.2403103844780623
0.6926868088989064,0.6022663071910048,0.7936898891450779
0.7575082440318386,0.6599382352018006,0.7851725524474447
0.7840111237796993,0.6812930225973288,0.7945417781521957
0.7304918988873268,0.49152990765137305,0.9326081514577442
0.879313932350592,0.7216994596994057,0.6721673920274316
0.9466732182164667,0.7212343898000961,0.9461836438862978
0.7440173040050475,0.7751713665244271,1.1217725131095966
0.8337208946636683,0.6134255360932568,0.8714947204389927
0.8574655921932784,0.6670950919158932,1.1657093944310948
0.7452740152970367,0.6514995785122788,0.6459406030824748
0.7728575971414943,0.6134255360932568,0.8885093979613607
0.6517344904974226,0.5108710978975102,0.7889449561923779
0.590656273686045,0.6359687885619363,0.5802324223131229
0.7008756240397802,1.0326608309797716,0.9593186586444153
0.6494386524059358,0.8851841726954713,0.5512495834913406
0.9636253870871525,0.6657374202069324,0.887800561646699
0.7205649409102692,0.7600079974502775,1.3664877896162755
0.8324101981513565,0.7680251652418706,0.9869153740247772
0.77602751650916,0.815630949420736,1.1320179042024936
0.861667229423861,0.7743454689783176,1.1724750182467483
0.6324917445002495,0.610252925322871,0.9386376331366796
0.8139598524915788,0.7310317048824884,1.016490319952448
0.8530981019605826,0.8232817869477735,1.12433109586439
0.6012885220880768,0.6592540657135942,1.1942637246351846
0.813568333681438,0.764697574091515,1.0806888733087738
0.8172468118451821,0.5460433446723527,1.0151063930202542
0.7545388168336897,0.4362654789978784,0.7965935416579006
0.6113341106643346,0.6648491322927818,0.7640482201376086
0.6492316351984875,0.6114108328426417,1.0083410565338276
0.7635171842372782,0.7306142140683658,0.5027532340386105
0.6085263808880009,0.7957873691932813,1.018357897080144
0.6361253817383843,0.6400711142186414,0.5311041125856986
0.6915847469495229,0.5584272776043149,0.7508122555701223
0.6907046656555067,0.812577249352358,1.0105458089835584
0.5827629153294152,0.8158850764203354,1.0684970386241481
0.5044886848973804,0.447655229261006,0.7870248101645079
0.5235635194081193,0.5510236901139429,0.6566747365308656
0.8095470431786898,0.7466223813596466,0.4267122647054876
0.684139549553199,0.8499809587562241,0.5702688031874146
0.3498501021635443,0.6872963505811875,0.4410271059653723
0.6586308372202458,0.9041009626194028,0.6202881091080574
0.48009627790164255,0.7724746748111979,0.6310092994767902
0.4860354132599808,0.8449709469071998,0.4728551146328418
0.5669151518831157,0.7529839091222146,0.7646489076903366
0.2980942861131478,0.5359943969351959,0.476757397613084
0.5466687276624751,0.44421179972924096,0.8137221872876463
0.3032876669162541,0.6306141893728883,0.5078622474339403
0.5350115337606152,0.7122660940863783,0.3698684528646198
0.4036379850683455,0.7963523127323928,0.9599520801154837
0.36004094715140544,0.4733707610619621,0.4554167657919155
0.4310513953670765,0.7016914236230982,0.5190664380903729
0.6206225707624737,0.7427911945502743,0.31284033873408446
0.510920193784083,0.5460433446723527,0.7273304623572422
0.5988263150488463,0.4230695059601649,0.578167640657663
0.5628026431016724,0.7692121887773761,0.5447245184642303
0.47776557493343563,0.784247181658523,0.4519705856000006
0.3045690593863386,0.48682089018879837,0.32518140467022993
0.46352470295517556,0.6777988837355868,0.5702688031874146
0.18870088128230855,0.72038900314305,0.3988888879371698
0.49759743172993687,0.6241769859985855,0.4267122647054876
0.39396648730241524,0.4492898725931973,0.5873818532790207
0.48169636118851045,0.8666646344096673,0.8533557644604876
0.4447524447761181,0.6818794472116797,1.0238420792490361
0.5465908817133074,0.4188131670538785,0.7995463418026105
0.634322256116266,0.6820429119041551,0.5280949354809694
0.7224273987644649,0.8690338348841359,0.5496742467407203
0.689425293662504,0.747640507634619,0.47593482827310396
0.4821505271846933,0.4892570898603248,0.5946627461759171
0.6573569421733205,0.7474843415475472,0.5053559357856687
0.32388126784635984,0.26451757845970825,0.23694257861989987
0.507016858981169,0.7013910906111533,0.21682278306529545
0.3533941028902776,0.6393582882607605,0.3867842874025643
0.9785370129875618,0.4335399753160061,0.6535955861858511
0.6916073722000025,0.6832935809512232,0.8058573546864198
1.093134857120761,0.7923048991864257,0.9153425368845846
0.8061083164176297,1.025949964805384,0.8630522410838058
0.5871872730193451,1.0185919859783756,1.013979521022285
0.7450773827707426,0.7155372064415437,0.8270828746887295
0.6550066549000324,0.8909170239279787,0.5270532303372176
0.5322324188811816,0.721783857318675,0.7302787121446668
0.8008851559263037,0.6762230954707535,0.8278937449262935
1.015762208124782,1.0,0.5597745468371881
0.7587537952564236,0.8093074821508816,0.8475014296673953
0.739640412417867,0.8554216246557171,0.8655089025356786
0.6683102606612015,0.8702501759730795,0.8372242345121542
0.808337030500018,0.6839302293794931,1.2348773707464564
0.8243379868692641,0.6363636363636364,0.8843655111523081
0.6488765584116083,0.7421516859606849,0.8407802388907818
0.7047619047619047,0.8143935325330762,0.8759967943219743
0.636303516273346,0.7167794079814896,0.8792165572289133
0.6662555245636341,0.5627018143473544,0.8759967943219743
0.8346046460740086,0.7694786417306252,0.9803669798581045
0.6488765584116083,0.8213295788107862,1.0927933951960458
0.6927976903522293,0.5338037404286794,0.9712420374354556
0.7315275026372465,0.799727231271941,0.8351727966778245
0.583261609548689,0.9167700689984576,0.802393992686065
0.6638994414848829,0.8210859332588717,0.7892929450585146
0.7839753100530713,0.800469993418971,1.0787499230958157
0.6719805228908813,0.686107011238843,0.9616546275034656
0.9968027612219712,0.8769691601655071,1.1162790697674418
0.8323053822736156,0.6607997373500158,1.175916778779674
0.8941902610773788,0.781094672297477,0.8061232231358482
0.6392604473170886,0.8107684759667559,1.0
0.5642823403456951,0.8432106262243032,1.192897128868165
0.7959109910356894,0.980815292558083,1.1537747312451345
0.7193394513287089,0.7165485372751121,1.118845989454458
0.7587537952564236,0.6484471312619964,0.61574802836589
0.6356492172643097,0.7723686105334614,0.6091878590955553
0.7180289972344731,0.7924856608401776,0.9178313446502835
0.8681536551639881,0.9733383360404343,0.4902924102024826
0.6095238095238096,0.9732451945726116,0.7554582562182333
0.5774095633295113,1.0,0.714566374013716
0.8264720281669011,0.7697169067640809,1.1304377006780624
0.8295467044738225,0.7985293919598716,1.006149335869156
0.9825843163846459,0.4655063726269133,0.790063564524787
0.8044204353205107,0.5821445529813275,0.8045557275255678
0.7722899829786756,0.7286185873788966,0.9079587419914774
0.8457209516917263,1.0717342149788216,1.0539163866017192
0.6266269280393183,0.7570101880021091,0.8983342864449302
0.5878386112130205,0.631351947314455,0.8160798040513189
0.5354787024648732,0.6695748650498885,1.123629982241059
0.7010341251196044,0.7830348249757413,0.9415300823428022
0.6285714285714286,0.7717893007184722,0.8319110267760792
0.7072299781154401,0.5939021219908596,0.7315823925242594
0.7320424618787058,0.5270532303372176,1.1617491598051577
0.4803171567087853,1.025213645282965,0.9184860854060778
0.527544408738466,0.7340919882608448,0.9654165749377459
0.7222059046477949,0.7545421535839577,1.0166942555953242
0.6785140152332144,0.6993158485983846,0.9142128518051351
0.6837921942869587,0.9185995882431157,0.8391174703258912
0.7383963963468403,0.9353045486678508,0.8653957659457753
0.6817875108688315,0.7929300175367373,1.1364175821519715
0.6548481432674216,0.6294442734923745,0.8622080165044065
0.5459284531425217,0.7330352210095632,0.799388207692262
0.5716402639228758,0.9004475941410928,0.445845354042679
0.4860611433205375,0.668327661354813,0.8031251922604605
0.6482414355065627,0.8053752639596192,0.8250502440341968
0.6551819742248517,0.6981294994347802,0.9027069667305172
0.5741017696203852,0.7388835160664533,0.934455265688326
0.8,0.6931327953914667,1.3260556583756888
0.9520414183295679,0.6785878267333875,1.2646244117090613
1.2065244893472595,1.049514659251859,1.010599383345815
0.8833740609557733,0.7326822606253839,0.9080399020256594
0.760286788365572,0.578914088745577,0.9767441860465116
0.8159750494182623,0.9355078341706754,1.0186306656026654
0.7383963963468403,0.7361582685512136,0.8767368731144126
0.7995223873795768,0.9289330945481299,1.0381246425831512
0.8523796506084631,0.5735985672887791,0.9549216081319264
0.9001179384771721,0.7524267037407055,1.2545020784129144
0.8888354347461077,0.7314595787235499,1.101920736488533
0.8267886992484698,0.6901237692714814,0.8657949020033506
0.6844271765557881,0.6620368152903127,1.0584699176571977
0.9804819985410294,0.697139604638244,0.7447413864452674
0.9333333333333333,0.4262232143001644,0.9080914636209518
0.9191877964358232,0.8461257417795874,1.2656890221926491
0.8228571428571428,0.8569806116131612,1.3336630399750968
0.7038366591996303,0.8689493933369432,1.1578961364816514
0.7963467300093607,0.7600174526415531,0.7816101492249219
0.8862172238582652,0.6092251751354644,0.9119549093674376
0.7137106001454417,0.49275698203337215,1.1330331563242242
0.9298070911559788,0.6664021163604741,0.6577798837103294
0.8981649845565369,0.8702501759730795,1.0
0.9804819985410294,0.8040820621182471,0.9021433528440053
0.9654070530694316,0.8916939277852235,1.0060708722293572
0.8247859621299674,0.6981294994347802,0.8562229690620822
0.7873783722187189,0.5129943641819207,0.5597745468371881
0.9060880432057464,0.63518688925329,1.0071492432479707
0.8007464105158155,0.570456288729057,1.0529969167290745
0.6581829352196178,0.3642915082538005,0.8778181495056221
0.693467277390496,0.4136980300220713,1.037577427439062
0.6409337506412341,0.5826798111910052,0.9119549093674376
0.6780042987784436,0.7098705734071702,1.0539580369645174
0.6944949536696107,0.47224060343974905,0.9480270189270624
0.4723381205873518,0.7369495245227828,0.9007318860113281
0.47971187142823024,0.41309577221923777,0.9374403929483766
0.5494753574382272,0.5451444401204972,0.702070949342603
0.7942226388926071,0.6412539167765535,1.0789725298835213
0.8690692658584045,0.6033619783783056,0.9767441860465116
0.892776081237171,0.6063890531695177,1.1414776479819486
0.743153350075257,0.6634148564414496,0.8699152451641282
0.8383755928716463,0.8607585020777032,1.126215899163044
0.7474181365357241,0.7618983723162119,0.8932296445602544
0.8317460317460317,0.5599137705766479,1.090303023546351
0.6695153123273757,0.47411500884371593,1.067660299530644
0.7689329740264345,0.6643990668247138,0.9922878158056693
0.6137138683655261,0.7275656674998296,1.0739340810610096
0.7122862897125595,0.7644793984063422,1.1160633384688865
1.0292709550950963,1.0099152561955584,0.9045017508838384
0.9301989939103467,0.9560900811340338,0.91217786659086
0.7861331655401427,0.8730772397057313,1.1438384539461628
0.9374718108682953,0.7620966622718874,1.151713314537239
0.7572269053000228,0.6830329014234848,0.5916084203085108
0.8043881024412214,0.8391415048862296,1.0786215492043336
0.8722098761915084,0.6991841445437739,0.7866006537996855
1.015762208124782,0.6588459341510486,0.662915031369919
0.7926129117116624,0.8331013684797187,0.6959123478463223
0.6260289560183908,0.8812485445447515,0.885065670805122
0.8724270233312313,0.66840440580529,0.8352128499259858
0.9616674061000036,0.629313404005034,1.0610896460196961
0.8243379868692641,0.5703446763526419,1.1805106860014345
0.7826378694929004,0.6324721702939382,1.1258414707327529
0.780952380952381,0.8429677074980029,0.8570347933905809
0.5199206414808168,0.6661863747495289,0.9683458828732475
0.6943603224951176,0.7240756447930079,1.0728313316689493
0.8640082645497404,0.981658383556508,1.3116256469384946
0.8361423939254172,0.7479577051266055,1.001168631864023
0.9800517980748201,0.6263340243989015,1.0564269044433414
0.7667370104880994,0.8125228703826637,0.8816782991631158
0.9234562139987388,0.6875766733125571,0.6889209137924881
0.9289928397503273,0.8058285851370588,0.9735901018280879
1.0308606699924183,0.6723544554752439,0.8680946417912071
0.8289812982593483,0.5215736479052948,0.8361527361769775
0.9712248509977407,0.7200332478147987,1.1279892928974866
1.1006167706358307,0.7888880744122961,1.0226660692360168
0.7926129117116624,0.7970552957324344,0.9611312995813686
0.8316548754146413,0.8574228386081574,0.8735931367637196
0.8107488953016655,0.8974417759966791,1.300022191811252
1.0037107092538966,1.0033581825383484,0.6688370478913926
0.7193394513287089,0.676032176523927,1.0160736425559052
0.86033114462214,0.6457436498285632,0.9755587976092708
0.8756920858901762,0.9719604458058565,0.8672314758324168
1.0579392471436013,0.8425947086530259,0.7942078366382838
0.9301989939103467,0.7464271695982583,0.7981640501364216
0.9142857142857143,0.8142295547925943,1.2535650319222547
0.6847341186743973,0.6833321116184443,0.9613957686027128
0.9280493775326175,0.8617948029837803,0.9879955008309491
0.9013165131164236,0.7851957187668495,0.8866991419739778
1.0104494101692125,0.6747665430996181,0.810089087833801
0.8491243358186796,0.46139854802014224,0.8030127725931546
0.928433994650441,0.7209146189665933,0.6371830719977027
1.0067077847090553,0.7865361246270424,0.9612959606356669
0.8184516255604025,0.4794637106207077,0.9026919513108231
0.8831184121350356,0.5605820383329271,0.8899769477555792
0.8484193660674849,0.5137223744984418,1.1000177591434945
0.9129593022500114,0.6703456017241921,0.7217358466739798
0.7428571428571429,0.6097476843935786,0.8066794339224821
0.9154219936777938,0.5173681842477708,0.7024533688973911
0.6689936293795777,0.6220600121054948,0.6258609528114467
0.8379483606941374,0.660159227594387,0.7756924717610824
0.9055088817476932,0.6209841634215816,0.7103654904289074
1.062095150725787,0.5868643251850605,0.9374167776298269
0.918556883859081,0.5900991306021516,1.223065720544936
0.9390792300919829,0.7691708062943468,0.9073228354443287
1.1140323400539414,0.7168850038084341,1.0266071737289713
0.9964245787738071,0.7221100463675902,1.1172715262204052
0.9284820477040603,0.5825429864176965,0.8199250895452834
0.9838981720972525,0.4921921247762724,0.87857999357895
0.8740118423302576,0.5333670399465378,0.8462772694661534
0.6648224847742636,0.5015062466551812,1.0955640860492275
0.8914325418230131,0.6320651626058698,0.7820250685722326
0.8633739897872054,0.5900278897070876,0.9301579051030591
0.7044312827420159,0.542929273497996,0.9073228354443287
0.7238095238095238,0.8262145696987628,1.009752501227779
0.9776193285537983,0.6736832001927968,1.101090583070796
0.7781774003307214,0.66197601296679,0.591661118546347
0.5723715568378354,0.7156451519650866,0.8459677268578109
0.7416682864910533,0.7999330321268645,0.6049026175773242
0.6568183354016243,0.6468150775739621,0.8172209200637971
0.6847341186743973,0.5009136181048044,0.8356710777928356
0.5256993067272915,0.9751202209712642,1.027367888693831
0.7736487975996434,0.7387623201982734,0.6368527222441474
0.4832188990775427,0.5891708465288679,1.0055362144879503
0.7440629776712712,0.7092555112366731,0.7747693223078929
0.6623847527724411,0.8668600277957149,0.7289647862592055
0.5135907608566659,0.7887189819337753,0.7808086836929115
0.8243379868692641,0.7632035720089309,0.6433751956981785
0.780952380952381,0.7519830389289779,0.6896645982199439
0.9191877964358232,0.9251808810304966,0.765160923087042
0.4114285714285715,0.8497912316317469,1.0904857153038623
0.4356132562106163,0.5121485748459903,0.6176454388576622
0.977371858889929,0.6830329014234848,0.6341991158441893
0.6731771323588467,0.6949592110225251,0.662915031369919
0.5290077615295976,0.6535439924317241,0.5861742538299668
0.5384284479044666,0.9899319720734652,0.6752720758506803
0.723590672367743,0.6411499734057248,0.7715332177917982
0.5510859664436747,0.7852087033593372,0.6264660304498872
0.6886634776248843,0.6303109937228226,0.6208545406712342
0.6939594805203428,0.5900278897070876,0.8107802519965938
0.9234562139987388,0.5825044357809739,0.49437254705487854
0.6015087238730321,0.9836640729410767,0.5671924238476627
0.42953424380555405,0.7099838335493074,0.8960130798782623
0.48176122436522695,0.4242601949493354,0.48906256053699937
0.6405407641341787,0.7574221544698253,0.7289647862592055
0.6409337506412341,0.775812950024557,0.45645048808399447
0.7020787437295879,0.5835577825203965,0.5452348737044715
0.5548355039185755,0.6227754694208065,0.6183006410890585
0.6036672994633887,0.6016053939131769,0.8527295141710373
0.6492175060760466,0.722398237404103,1.0857346019333418
0.792454939943453,0.4589084156008093,0.5749018412331417
0.6489680310520946,0.6727965455465679,0.6737137180270873
0.7817821097640076,0.5711713042024443,0.5381255951960269
0.713238356797085,0.7056110806916698,0.6000285344018245
0.3830384594591223,0.44954253031790725,0.8849645351496781
0.6767511857432926,0.865133328813415,0.6963955791405738
0.36374948317226696,0.3427630201075246,0.4634820672818635
0.9587301587301588,0.8055788656989846,0.4501939380574671
0.5953879057466002,0.7671590145660043,0.556392644952242
0.9023324941761218,0.33600139037285115,0.6991990128213701
0.8093017831171585,0.6368359944188582,0.9115436646719489
0.4942295829683939,0.539635769237258,0.49676885570252105
0.6857142857142857,0.6658236371631658,0.6160321213075404
1.3581894010106175,1.1728127697644626,0.8352926583257769
0.8777333342658076,1.2135176834488346,1.1097113997602874
1.0060314332988678,1.0567213804873192,1.167988819036295
1.2274797015017205,0.8159098380267387,1.175467696685052
0.8915347710906719,1.0423558437623874,1.1153132716151244
0.8865496973416138,1.0958695228253432,1.2475083819627724
0.772953438867923,0.9332259710026726,0.8871911153237432
0.866198605017613,1.1220579589085773,0.9294654384141402
1.0153975786987175,1.0528885885347945,0.8371074075249264
1.0746276526372407,1.323875137815648,0.923040483910065
0.8865496973416138,0.7480971150322739,0.9431577988456149
0.9535149018960023,0.9561690090539854,1.040905355507924
1.260359587582133,0.8739317735851752,1.4808298430335847
1.0121657061957927,0.8058898787510644,1.374931205996681
0.8729575297428732,1.0428983099685727,1.1715894786648757
0.9823581291991679,0.9633427458075382,0.9493152135179522
0.7486447067268136,0.9520502369809557,0.9187207732640063
0.852914359677332,1.0058122837575514,1.309324767735791
1.0121657061957927,1.1078533869015337,1.1760649081855163
1.0725722443341175,1.020415722894501,1.3916551682703688
0.8238715751272916,1.1907873083663025,1.2588104379567582
0.8659223695855436,0.9102295518309514,0.7917028262318672
1.0746276526372407,1.0297731003786272,1.3295645312447493
0.887727821715232,0.7918174435604255,0.8738239404246977
0.9694013811904802,0.8322536134841041,1.0307191919328804
1.1046849812316486,1.0131240828842207,1.2794599840399787
1.0244031513552985,1.1254363015010636,1.1626117775519758
1.0975179984252108,1.1146808933295966,1.155318296108778
0.8658453042425751,1.162013917596522,1.2116036847575795
0.9199416250578598,1.1350340707253994,1.0772667409286256
0.9145019771189189,1.3564989929155922,1.1455903098314557
0.9484316806098244,1.1248595798186245,1.2028381314554943
0.7690363195192377,0.8339809992950229,1.5572138173758328
0.9532169174465,1.16601795416096,1.2821647220387393
0.9391065634128656,1.1726623669772533,1.2062574315493402
0.8777333342658076,1.253881785616068,1.3505187205009255
0.9422534226103969,1.2646626421329659,1.4244650464914206
0.7803716378023131,1.0557494673338061,1.3877383269434216
0.9332771589722242,1.0729931868601812,1.0241144778959572
1.0108792096236696,0.9136432564168598,0.8374305334557143
0.9619846866002357,0.9223495019086942,1.1025512119924579
1.0609878725249806,0.7998224786070123,0.8908726345848899
1.0078896844721859,1.028225373031151,0.7011752969687609
1.1708220594870897,1.0464228136456175,0.913613157441864
0.9293827241534296,0.8363306829477608,1.0
1.0074599865705443,0.9367057401639198,0.9631645265658121
0.9347740739134698,0.8608377337967118,0.8254969336935138
0.8760907193750903,1.050547262567199,0.7553841143854815
0.8960561606987144,1.01460636765448,0.8914038657902423
0.739640412417867,0.8399450141922468,0.9341731601438276
0.8279696350226453,0.8003906889617136,0.78403289360466
0.9390121274750193,1.006993006993007,0.967348842577583
0.7020729884658313,1.0105356590206835,0.5105374776680133
1.154566095138726,0.7538727218506138,0.9509617102610187
0.9636131580139444,0.9115509920840873,1.1420330758317385
0.9964820340458724,1.1309431906856386,1.0525091071599824
1.0406719189254976,0.9748793943158239,1.032819030803631
0.9436341435789136,1.1230661713264927,0.9878570371908786
0.8378558686433004,0.8708741105627955,0.8386640959976552
0.9960947331053797,0.7976165991019991,0.9716387336953913
1.030556616567607,0.9907963768225617,0.8782101612564136
0.918707511846601,0.8636019898768011,1.2298206799407292
0.9736685236724385,0.9784083241456235,1.1788190954296838
0.8658753639728406,0.8989540188545734,1.1125847098096455
0.9012201564823885,0.9034390900829465,0.5942478083092264
0.8036616368753495,0.9749677502041999,0.9020465277327492
0.7712439299012125,0.9465137813259498,1.0855420615207043
0.8175751098494027,0.7994997242178702,0.8216813692605663
0.8730758877238554,0.8802344133770281,1.1105064203025636
0.810907156694858,0.5066293613948458,0.5714946911386993
0.9457171003101894,0.7930229156941553,1.044776119402985
1.0406719189254976,0.9315445363547687,0.957679263048484
0.8280407403173294,1.1182624791978166,1.3665083330689156
0.7255088482405201,0.9408687604010917,0.7953588782837373
0.81567966570707,0.6731570846839254,0.8949676357779718
0.8275726508876773,0.588982329035344,0.49568747146347547
0.6902659097518482,0.783837307617827,0.6258505734667874
0.6978776895584646,0.9062658775623166,0.5784279418132765
0.6923023055847519,0.6360071050719641,0.4920671938064288
0.9191547916545557,0.7044597683554756,0.7463867958508721
0.6570028297149824,0.8719688781566883,0.6828992881075077
0.7020276606696481,0.9206671171978082,1.017820244962335
0.5595320317640283,0.8909593041528506,0.4687271525551152
0.8627967413114646,0.6551024150777014,0.7932336100935634
0.6388984747044371,0.721723339958614,0.6120599112777709
0.6976201257346689,0.633118454776515,0.5058779749773306
0.6982059273797645,1.003190462267503,0.896008690216435
0.8765069043941752,0.8488582690193643,0.7541387358813312
0.8343166260840972,0.9399423660439984,0.27204845084272156
0.8935112591590055,0.4442840545332368,0.7227811390765122
0.798853941367579,0.6679917762364553,0.8560219290697733
0.7834130585612626,0.7333212387841892,0.6120599112777709
0.8738031350380195,0.8470520492140947,0.5360812567968103
0.6921694020846574,0.9829808585050496,0.5159922879929657
0.6389716101170876,0.47105856232950816,0.7249977534018007
0.5533945102929898,0.37912198421146326,0.3506142137182173
0.7020729884658313,0.3175107242033113,0.36518894572726157
0.565731027573873,0.6298498453179615,0.4188398480674336
0.5871802232605288,0.5242841086485204,0.6316769126133189
0.7582660373966359,0.2228485469724718,0.5387518994394878
0.7687497528635026,0.7333212387841892,1.1959145130386106
0.8710879892506859,0.44646611542195114,0.4607678843786611
0.28073273416737443,0.36635317753030383,0.7342812702322188
0.5236694883775332,0.5664406581057642,0.3851880351120469
0.5433896926099828,0.5534034943205908,0.38292460735161193
0.4187990843909575,0.3892117064877245,0.7417322084530737
0.6080032339599798,0.6884762789118888,0.38799477296713747
0.46106620773336504,0.3955027949180192,0.3670356727070613
0.41098491062604847,0.4478330430326265,0.47751964558759263
0.37449673745952927,0.37368467445884,0.512164667344073
0.6157946350112657,0.506399498333368,0.4624814301578557
0.41296666522122794,0.6222015557591656,0.8314223957574745
0.5482609778737537,0.6407308592225134,0.5202206114708325
0.757464374963667,0.6217953207555256,1.0186306656026654
0.757464374963667,0.44831043440647245,0.5943196030684277
1.0037740148642058,1.1478043972554626,0.932167347448208
0.937668692401246,0.968216548159307,1.0779932645089034
0.8424610553818751,0.9613875958724706,1.3317288314377314
0.879483499613436,1.0353458726825073,1.1740776559556978
0.7160885192853397,0.7176877650448545,0.8669227173252
0.6823618451040215,0.8397223175544006,1.2687104114753929
0.7035513793611579,0.6856689283681532,0.7502336475738106
0.9776449082995052,0.9497810704444466,0.772078847080724
0.88594912196006,1.1218572440810755,0.8464779378427205
0.8411060441381555,0.8169983859855755,0.9253952903047009
0.746693623310802,0.8217362918500266,0.8397332670657267
0.9093899529634063,0.6515906835581411,1.2687641964816492
0.6462877709933298,0.7240574817827985,1.1449192784717883
0.8087092194745568,0.9823459147962086,1.335148393488286
0.9324632584605743,0.9851741085175673,1.0729557832262313
0.6905077697049136,0.8582284352855767,1.1513722207980668
0.6030584836422368,0.6084529376392995,1.1507752853342115
0.7271973481412503,0.8426473540592658,1.234353901299611
0.6569413274874283,0.6322898972665751,1.1116779856192458
0.8245898002008512,0.7608872543793676,1.270484787983431
0.7399133121847808,0.7982935548000524,1.2986801894418103
0.8673157074485154,0.830100315258561,0.8519226205695032
1.0559485760076917,0.8342207431514974,1.1428571428571428
0.7811559452337957,0.8800849422518151,1.1359059177167001
0.7813065087567898,0.7663913964856583,1.186711148369799
0.756645662706511,0.7172712648134986,1.1906397163756297
0.9968288465446169,1.0240841525429545,0.8306870613728643
0.6938634326296349,0.9002665138232858,1.1921636461848613
0.8294577824718433,0.9040497261234479,0.9240262823602414
1.0603401115731308,0.9512221722045676,1.4577377082170635
0.6789695996734824,1.2298656893839932,0.9095285005169823
0.674320372828174,0.8162037783088514,1.394601015812315
0.6938634326296349,0.6372190025086557,1.1489963398217402
0.8925974002039156,0.9016783964829516,0.9687749943955013
0.837478905422647,1.0773539694240941,0.9976365677421545
0.7030096520294662,0.7600557164555615,1.0486531432836597
0.7073407866624888,0.7649164751396265,1.351689974226665
0.5718942835232828,0.8394389830469706,1.0374803447051029
0.8219205588499183,0.8107986535823685,1.1688311688311688
0.8515575926157251,0.8566252084453765,0.9548970058304266
0.675604447339341,0.6733544603887175,1.1259235781597996
0.8864042640126923,0.6176759310015928,0.9821130914797418
0.7939241796222009,0.6260643169041408,1.0062701573199073
0.9016942428831242,0.7211403596729321,1.1163105262998088
0.7457539052843107,0.6691131493526157,1.1315903389919537
0.6655520905139588,0.7167488180821011,1.0
0.687928623193967,0.6383081292894763,1.0888998021270406
0.6869089018910216,0.6076314718337816,1.0476504637845097
0.4732134159924799,0.5821343949924066,0.9789453378129797
0.8369847988056216,0.5526925594021428,0.6998441032536145
0.634866835558585,0.6484995279079001,0.9302136842201147
0.8177184701599016,0.9395794596044873,1.0527534961339997
0.8659859331452756,0.9817940919524568,0.8557642279224218
0.8933916261980288,0.4962584828232194,1.165662088532903
0.7831683362607352,0.6695694733833607,1.4318145366459203
0.6091329222922455,0.6176759310015928,1.1516789702938768
1.1553865193137716,0.9193831068411303,1.0782745927530297
0.6332035774423389,0.8188437175532527,1.2899255318592746
0.9309087203381952,0.6341831782618662,0.9131114723034829
0.8096936268584707,0.5877236534844841,1.0458224476700575
0.7736651315342433,0.7967807714466725,0.8667027092681122
0.6443507637455863,0.8337313559907621,1.2402622473920235
0.7351575998668047,0.6642009218570268,1.2004168842459915
0.6893483901767505,0.62250931300303,1.0419768631324322
0.5874048136255581,0.5550402574758805,0.9048792898157043
0.5452526069678674,0.616459787750453,0.9824155012886667
0.7596686979523929,0.6611059340516054,1.0781174206149706
0.49976649351536484,0.6566941280696326,0.5015342358462966
0.44722874964522397,0.6156490164974235,0.8412960798283692
0.51698856848432,0.5620515218675695,0.5685522208341012
0.49916723576625954,0.5039830353523103,0.8311986547282991
0.9778019258123184,0.6342437281204807,0.7948709623726518
0.4428948014055262,0.7956391890129485,0.9177560381300289
0.4835644955701346,0.591278378025897,0.6823334563557757
0.27938230661432906,0.533293860739823,0.9966725952568377
0.6932321920139752,0.5090219364788343,0.7904793230515672
0.6516337478569384,0.8034815509646046,0.8170281269124682
0.25854028940347085,0.5140745887844138,0.683264564255907
0.5109543964168646,0.480680285785553,0.5985556097348192
0.5002281126082502,0.560385039958743,0.7752955078596049
0.46513629527616407,0.5766370306131199,0.9415148272582767
0.4407957800535556,0.4364102461250259,1.23993029597833
0.2893662097538193,0.6245451107424167,0.9100764026004728
0.7325595894080092,0.4667435561958365,0.820118169245921
0.2869748350330472,0.38077479613442855,0.8100657059006034
0.41059273299146504,0.6615588105824974,0.9426031401484836
0.22670752594930943,0.5019736891312625,0.7607049955008112
0.37413793429215847,0.41546086397334314,0.8823020227327001
0.455590743181038,0.4909777257698107,0.6240406577039044
0.31941931948823743,0.4376666061002883,0.6411607852890191
0.3693594586231864,0.5160802206338402,0.8759354386135372
0.7708180401383447,0.4952833768582495,0.6201314118012069
0.4756289025383601,0.8468425478171165,0.6020962592550612
0.3896449000898744,0.8557531900848501,0.7942113817714069
0.37967804641035885,0.4480523390418881,0.7314040751728963
0.3713375831688175,0.4380077697856084,0.6317401541656005
0.3835352924682679,0.49653043814696474,0.5973392965092793
0.5746214096982993,0.4530703164807698,0.6249321215120649
0.42640773318643976,0.5011490717604905,0.6774447463290085
0.37802317017519493,0.6985238872359972,0.7001969487432016
0.48691335375298106,0.4952833768582495,0.9877312711236753
0.7487211206601136,0.5625210600792637,0.5953344327153045
0.5364764176378558,0.5867509709388088,0.8932394290821454
0.8349374771759539,0.6011708370442275,0.6488215750975243
0.6663832872330033,0.5293393512462053,0.7580998806849394
0.5180510436981696,0.4761113555529689,1.0561247785772774
0.3887271946013303,0.5832827724822818,0.7850438050421487
0.3243516225454064,0.3240902683853465,0.6222601715710989
0.7283522173636434,0.5748130630963142,0.7532467532467533
0.39986697052935327,0.441558087495035,0.8306870613728643
0.8547239262644455,0.5077229879863392,0.7371350252901749
0.6509423859428816,0.3806332021481742,0.7521716766982419
0.4058129363090721,0.49205068618294967,0.7255875224551035
0.7001368675649501,0.6950109009178298,0.588619559399957
0.41918402276093936,0.5805327248919845,0.320545347031717
0.4922179595123619,0.4884394246513256,0.5579012385741169
1.0395048288550748,0.8915347710906719,0.9426031401484836
0.9782168107133952,0.8012384020000187,1.0732663999932122
0.9261618236327386,0.9287981145491095,1.1025343660807534
1.241238580506296,0.8789544934662396,1.1840249505817377
0.9538582868237961,0.6657952054845145,1.1330772826748
0.8054879379099831,0.7094127161979938,1.3067953516845034
0.9368011817929017,0.8410293408914172,0.871741602808173
0.8671869945064759,0.699035367285577,0.9620131411801207
1.0560407354752872,0.9543564535412361,0.8026144915120693
0.7549781311425241,0.872224687000012,0.9088164659279678
0.8054879379099831,0.6521672035000328,1.0162067482742523
0.9538582868237961,0.6368634803987185,0.8722268574103635
1.1122501162095124,0.7824029300553776,1.425254931909018
0.8725328184420271,0.6473271920707009,1.164451696183693
0.9656079975799035,0.8519127805602269,1.2772319762596793
0.7490011096732794,0.7107593895751251,0.9677403463872972
0.7392246957028556,0.6884233398202741,0.9659539678277587
0.8186071536237574,0.8796141469142308,1.1722359997503164
1.1730870149576684,0.7182476865398658,0.8883220143807542
0.9055525981765066,0.7650795071325303,1.2059654807580253
0.8393000978622518,0.8332638454559483,1.156451527802853
0.976112553778419,0.5395885788762835,0.7532043676158386
0.9981006056677715,0.8629622580344937,1.2380952380952381
1.1857380414863843,0.5633475723166221,1.101929438287525
1.0506209785602751,0.7947602346710135,1.0779932645089034
1.093648792962507,0.49258373659507515,1.1705723778097739
1.1103487007681343,0.8195780408782419,1.1693129386271357
1.0016982041053117,0.6895023781115851,1.386588041148368
0.8822755727129276,0.8109474183462893,0.9620131411801207
0.9911703350473765,0.9051909073720046,1.124837556786472
0.9270446307956371,0.7795844924888065,1.0904714994830176
0.86691279962262,0.5849419430708345,1.1047810606959254
0.78432807862541,0.6361229769305186,1.3546532595756917
0.9948402781758077,1.0,1.0645316782492973
1.0511445993515203,0.8013201464402434,1.153623096759961
0.8786365168317734,0.7957872014977729,1.2627269737317623
1.0343920024200965,0.760919424196672,1.351689974226665
0.6528053073392851,1.0,1.2623624129357194
0.9473556727353363,0.7480236846605153,0.8311688311688312
0.9244080848788852,0.6492846880840528,0.8328536098421693
0.8840013681999185,0.8375432737238069,0.9801173297642422
0.8632304184771721,0.4544552744100191,0.772580734528146
0.819877720501015,0.6102581185230215,0.6593214522850395
0.9327142068486987,0.725278872102622,0.6510684211005735
0.7869642715596232,0.5568666039706722,1.0438634463306513
1.0666439175581959,0.6974683095462335,0.8809720598712769
1.029429137663974,0.3907179619690845,0.9923800169605393
0.8162682758803023,0.5679250527847667,0.5935695736027125
0.9426799959665058,0.5966244127283113,1.0210546621870205
0.9086336263410946,0.5088726945579651,0.8841918193655678
0.6521564141836274,0.7243752691646448,0.5580200000607263
0.7780296955613121,0.7103172702488394,0.7714015167526678
0.8407628003870629,0.7817821097640076,0.6667656300276641
0.9331227336025091,0.5661390843626877,0.7575091167851711
0.8400486234500381,0.6161557901005099,1.2393486288837385
1.1175632854873208,0.812956094083435,0.8894543097858185
1.0619029296991973,0.8017882276674223,0.800526037822924
1.0932491373936022,0.8489490175901278,0.91934402497148
0.9288841601602551,0.5633475723166221,0.8307960250120456
1.0478091643292036,0.556961185215852,0.9134464877343359
0.7876837338494171,0.6611051661806981,0.9301776096166302
0.9910342242884846,0.6057974081094375,1.1092101124509197
0.9041644580345891,0.6273220037500351,1.049453516891868
0.8250986561386667,0.5216237236858763,0.9580231368675678
0.8347154481808385,0.625,0.8071877496264277
0.49940529810748413,0.8963048305269574,0.7714015167526678
0.6600420529443243,0.8153627635310009,0.9859789245050052
0.6961583962317273,0.5828212424083788,0.8033575425815666
0.538049407593187,0.6062503845209211,1.158703920171631
0.7151876366957952,0.6708905582618252,0.46821552800482247
0.48313276542917005,0.7530138087883506,1.0080381592986525
0.7819940301897836,0.8696210447244201,1.1139605764596379
0.2642715584006501,0.8639172365120457,0.9835512076260058
0.585381647895113,0.7958758547680684,0.7471633632219439
0.3709703518270304,0.43111987601142576,0.6838965493995774
0.8205480120674938,0.8476397754913303,0.46455827002067185
0.6831302773238099,0.964038314745595,0.84945352214317
0.4792377039243261,0.7226499018873855,0.6888705011717315
0.41264474076417945,0.7293643644405293,0.7477650291254174
0.5987599717655407,0.551551470669125,0.766483566991354
0.6433240007624288,0.7380917582113395,0.5718885355305856
0.42909275982639794,0.726138721247417,0.76006970402167
0.3296048381094173,0.49811438677150444,0.6539303978866684
0.5732721490387834,0.7075708047989502,0.8029865663169611
0.2918741501439821,0.47418385571864374,0.5821445529813275
0.28483683845136165,0.7714596632369954,0.5564788102382824
0.3249125473148724,0.9118908532726547,1.0763707461167624
0.363746998939243,0.4534056055000515,0.7646040454654002
0.27167947854758256,0.763060448896363,0.47526530299849756
0.3903443979392497,0.42967656789826614,0.5625828550603372
0.5078798014856812,0.4020296546073453,0.7828870175736902
0.5666134756941729,0.42612628016942755,0.6581182706210862
0.4755179286277025,0.577612511681898,0.6082653094991688
0.335222614611451,0.6978521519809335,0.6570189696190114
0.3230949879130457,0.4178182635725406,0.6259738990725379
0.3089374974641682,0.5407206732281541,0.36770479300131387
0.40096482050371274,0.6693349009271243,0.5213655788695206
0.5013215510743141,0.6666666666666667,0.3817846692509207
0.5061742762409169,0.45260125130676265,0.43940931848624476
0.5116346845450169,0.6057974081094375,0.7515917575300813
0.5059651518676297,0.5695947101270706,0.9337488640678469
0.774547126365164,0.7155976861111364,0.5667698044363849
0.499746484669617,0.42151877915025016,0.4525681363573836
0.719815192193428,0.5979096535521067,0.3478114966096879
0.5707752419933684,0.588886774103481,0.5184605101485242
0.3635954939838103,0.30024467774751085,0.6705719518290245
0.5460487282430913,0.5022959506944888,0.5729536926837354
0.49583595021554505,0.40378396974288977,0.45642317372426433
0.7516133158548586,0.8394855292189743,0.4155844155844156
0.4286887946232698,0.46688601001681695,0.42200065779012297
0.9474305803978069,0.4936879272079455,0.5707647881320578
0.6841272557400124,0.6789710584379487,0.4233697428127411
0.3280045447024942,0.39868317759773686,0.34501547330524707
0.7959407856407608,0.6953641020775287,1.1304377006780624
0.41075035853567976,0.3905723646639948,0.6422659247622821
0.5634727096320528,0.46891499545620574,0.41321437119837323
0.3138673958401512,0.49942028966036556,0.6839826839826839
1.137999404331292,1.1042100211437813,0.7042087668736924
0.7852867309201128,0.9045180167947423,0.9186115855819181
1.0523624685349369,0.8973871618177686,0.8753790066373834
0.9943735415472313,0.941851619537042,0.9077749068814293
0.9153012038939773,0.6789064195685608,0.9200961585304798
0.9170934580104821,0.7828543753858993,1.0011209515590795
0.9756651041095613,0.877812744869271,0.7603855071177725
0.7234262654643674,0.8265055204101279,0.7584980170341707
0.8432200209977418,1.0877058019307029,0.5468484866557626
0.7028209951952393,0.7544749003293373,0.7408914050478251
0.6517925236440252,0.7612950419868557,0.7338272124780968
0.9551594608850468,0.6220355269907728,0.8202626327157184
0.7843674197625111,0.6655031959971637,1.3662649743641793
1.1264805141576135,0.6611629262141514,1.0165427839299241
0.9071606540659504,0.8577224016938819,1.0231908702974142
0.8014597792339458,0.5831599154248751,0.7515241276166972
0.9657538423694259,0.5135510952074885,0.8170498009870664
0.8695831979048595,0.8457826848090026,1.163052200973072
1.1264805141576135,0.6519585999467274,0.9051108185508847
1.007778307681035,0.7291548293402866,1.0039440614664017
0.8438317576103123,0.8718440675214463,0.9140990341315391
0.8706657944963522,0.8638926199594144,0.6980850814465187
1.1162874366627324,0.703761391595515,1.126141148810103
0.9398332272391638,0.7902389587016542,0.765993564734544
0.9442473764414722,0.6901331613102406,0.8810477020043419
0.9713262647989029,0.5821344770129384,1.0265788299727125
1.1909340293939,1.0,1.0402106945117773
1.0016503155684449,0.79117847399378,1.089829636154452
0.945610901623236,0.848636795638529,0.8792490085170853
0.7717541072766103,0.7874575304696103,0.8897699302061558
0.8828011612077017,0.9647052717122213,1.047931151293314
1.0829065419895179,0.6319001086757253,0.9421255222661821
1.0016503155684449,0.7203186116022056,1.2768360669789631
1.1554408248625252,0.8138751789021994,1.0165427839299241
1.0015061317064424,0.9681857618512111,1.0012521294525858
0.882058908533583,0.8691991263698724,0.957727218590183
1.0334221645362578,0.7374843573894119,1.2049551074676352
0.7044445846368398,0.9537749836478976,1.3659327833908852
1.054460413758679,0.6973862336655987,0.8004676373367461
0.9265397404335944,0.7304349020402757,0.7090402800992075
0.9307336886468509,0.8126999513068587,0.8396537381674702
0.7625001764731378,0.545743237420502,0.7928739376124754
0.824957081924862,0.5319351404392776,0.6600605005216446
0.9346116337692123,0.6040847168068747,0.8890831318493881
0.7502304656877425,0.5316763248693385,0.9070458434165667
0.7577324550663581,0.6124492715208503,0.6846992567249168
0.8150581822140809,0.5947374441222666,0.93137079020391
0.8686694094981048,0.5529431890267318,0.737156313745315
0.6769190761495072,0.5478574834409919,0.8723416974631175
0.6676721410457525,0.3708535303703987,0.9586797280646662
0.9078087551547891,0.6595278454641096,0.6672493955481644
0.7145644322750555,0.7680681964786433,0.6925673387985469
0.727350898442036,0.7554002047648858,0.528334523765024
1.0165664250303466,0.4094765468519064,0.8308267257682114
0.6306191151116336,0.4971105617092735,1.1268051862567747
0.8608662269713475,0.6405880559810566,0.9850179197996612
0.9346116337692123,0.666737505756476,0.9799342011513503
0.9567814421961836,0.7460310930907559,1.012703797986501
0.8532919420808208,0.4406372232044111,0.8522101036069982
0.8857311304214717,0.5088562405550645,0.8894074928905021
0.8329717215680942,0.7151003286137751,0.8553972488787263
0.8054108914288989,0.705426311431792,1.0990027226123082
0.7443075107232269,0.6061368192783119,1.0041368608032286
0.8300307896951559,0.46378943034766995,0.8986888136610509
0.7522585042094885,0.5596475770360103,0.7235125199392036
0.8700249156923305,0.6014916148906257,0.7298319037926625
1.028673735201097,0.763475041604367,0.94163505917377
0.8637964372486053,0.5263126352483628,0.6244682960505692
0.812268225552519,0.583867366678356,1.0630601486550166
0.7812978004193653,0.8102811257007154,0.5906860184202279
0.9010931149895638,0.5593062086432015,0.8509504307071576
0.9136873565753603,0.8121039273701682,0.818873512775628
0.620583281037135,0.7711978423387853,1.0435722608984843
0.8426668676669204,0.656796763508178,0.7561404215267696
0.5783613918548575,0.38056267686324363,0.6632984846679639
0.8578658641302155,0.7438298046290304,0.6066946637814868
0.6920658507033128,0.7581439127646852,0.7828116222733122
0.5531348896420663,0.5558844083156724,0.6926065364140124
0.7336303420595726,0.7399816919439735,0.4748816126514035
0.9071606540659504,0.5691445895298431,0.9136326936426179
0.9054678432579181,0.6225500509844089,0.5153942107580478
0.7303945394075199,0.6491767922771883,0.6898434276835286
0.5228214554827265,0.6142431199954574,0.5394715252267901
0.7829472223201596,0.5584963269067711,0.8230140939052044
0.6441218038822085,0.45595158864051055,0.5974966950569511
0.7083177806953336,0.6340425780414719,0.4111819377952942
0.7420586004424101,0.5344110850398858,0.9109865186679651
0.6085921362040647,0.6180720671789691,0.7817555964426977
0.5966402322616384,0.8102965355918426,0.4493243284745918
0.8059707623311911,0.5018645186132822,0.5684354216121696
0.9590077731807196,0.38718792039733707,0.6877895563167962
0.9237259813696436,0.4945866339944993,0.5572463645626463
0.8070098517953697,0.594183227831527,0.5832893840580181
0.7967184219368679,0.7419606555761431,0.5275568885797483
0.4453703031778089,0.4406578802009865,0.4826656505837783
0.631106759788031,0.6077677297236319,0.4686860590075944
0.594710794981405,0.7882048326307367,0.4405204061291621
0.4778351067165709,0.4128634360480138,0.3874303648443367
0.683470162321548,0.5549876332654957,0.49830366296850126
0.5254063509427922,0.705426311431792,0.6505662879666856
0.5198966963529623,0.5405333036313631,1.0272995150284232
0.7493234969633,0.6242882559474214,0.40727770815119824
0.77816611117326,0.5136865679956877,0.5751909039084829
0.7277162686636972,0.5278361111766405,0.39931844261669813
0.7695626201537406,0.5611279875489112,0.3999380304882607
0.8110553394537844,0.4692343416799084,0.5772529072436954
0.8424464054298635,0.5901326428517326,0.3364460912906432
0.3903714559418925,0.6967392647953101,0.321531335027313
0.996286426162638,0.6915653696180052,0.36012035421784094
0.5989549498364437,0.5447116854204223,0.3473494967703854
0.8002963222973647,0.43871280216248676,0.4341299140231226
0.7540464485115096,0.6144567120225065,0.6529061660671902
0.5359007514470921,0.5305972059618227,0.3303949516117981
0.80169515708487,0.7909394974982273,0.9627896380382025
0.498667531956132,0.5608606504413052,0.5051999723596556
0.7919443171427094,0.6289091143658294,0.314371981252925
0.5354632826950732,0.46562063434019374,0.7224894726177733
0.5145467692329084,0.47958350013346684,0.32342474729126547
1.0358467126304656,0.885564296286358,1.1069182389937107
1.0889996647797768,1.0417265062502858,1.0085461761745431
1.0124075590818087,0.8091308352858467,1.0363494598346832
1.1607861601229792,0.8475317324139107,1.245791166225374
0.8533722564317867,0.9163471840300543,0.9893064945996515
0.8345093739597297,0.8738214149763186,1.4820032926276747
0.6990001805640469,1.0297790716674482,1.0081365375903362
0.9134930292054924,1.101091581105719,0.862639436051311
0.997888325400675,1.0,0.8149546299990997
0.8512034722833544,1.2077154651799946,0.7701952510900973
0.902402964130097,0.6758171437477787,1.1497648499547168
0.7513703478625948,0.8318939613794399,0.909718674296281
0.8084829405843826,0.7638660092220774,1.4323950396386775
0.7847705986483832,0.7949731840293609,1.1681099799770485
0.8146823988662121,0.8278185876254531,1.0293120300563552
0.8475737552917302,0.9229310566826493,0.7816532985484652
0.8194618172354852,0.8402485391626451,0.9355135338760183
0.756104495876153,0.8315140314904685,1.3028945992212013
0.7847705986483832,0.9727004849715768,1.1193704931156487
1.0537451002566598,1.0880126462641677,1.2602214113189523
0.7782147277336979,1.0355418396459128,1.0925738468586061
1.0297034456995358,0.9668283617603103,0.8107001576712499
0.7000450949204127,0.9513145637819741,1.2661127138570305
0.769039361577105,0.9236104105107589,0.7133289454774894
0.758007873910326,0.8323888436599837,1.0370334300896873
0.7814569495570087,0.9754177388317185,1.0120939233022022
0.7021411669768767,1.055940560547115,1.063334753820079
0.8627411510438721,0.9007204821494217,0.9972750425030447
0.8392138398770207,0.9603117311926271,0.954213145350437
0.9407108678099985,0.9887723825426356,1.1003139725151039
0.7352510010867328,1.315601253268286,0.7891731329588378
0.8939162653588011,0.9113190914139023,0.9650670137734249
0.7951675638654707,0.810788862957418,1.660184291191377
0.8011044385470804,1.0260699555834052,1.1681099799770485
0.9364029618080353,0.974332710497906,1.0370334300896873
1.0270868544981928,0.8867768801366889,1.4761835194620752
0.9572343997383567,1.0937629721346411,1.2967327323795081
0.7891561069611599,0.8756876432286331,1.3420494006638242
0.9303147382222735,0.886065843055371,0.7338872861429695
0.8075306326819796,0.8210309220296838,0.8369074751802098
0.8105745263459265,0.9338888930453941,0.7736614373291845
1.125461162236439,0.8825358639609382,0.9846002142772877
0.9642934296004781,0.9202784727327334,0.7002138449989159
1.0301205561484057,1.0266182501487109,0.9158841768861934
0.9367647003382497,0.8668982957641174,0.947129894285457
0.9171299448240815,0.8718919093386104,0.8565315700423569
0.8463035146241659,0.9167462319394928,0.9785692081692442
0.9867829683596336,0.8744063212466604,0.6317420456470828
0.9002135993894989,0.8718919093386104,0.8336337575534084
1.0616749852355378,0.8810343640915578,0.871807357381852
0.6775649270386531,0.5803373979606842,0.859806961476989
0.9191472510031837,1.0467798467928429,1.021195195169965
0.9717132142598233,0.9765071727921877,0.3345653792434995
1.1353391793848173,0.6800471141067561,0.7192930253252222
0.99358401414668,0.913220085002722,1.2765983506095213
0.9464463378554672,1.0704784816234372,0.9535193656081409
1.1907635222732362,1.0880234384808072,1.088260127115475
0.8840470151808433,1.0426872122716675,0.9973725028758679
0.8898493800556914,0.775532129346999,0.8181010446156419
0.8891347019731216,0.8965352376911059,1.0184104522488022
0.9622842856797643,0.8727598722465165,1.007650845914725
0.6543897026305405,0.9702927502584731,1.2135406834708498
1.119169114624039,0.8748204812491422,1.0219608451050763
0.9058644962194423,0.983262217245463,0.9718910318141175
0.6110077805724627,0.7416216184760362,0.7056226488515586
0.7101442648933061,0.8325463121231383,1.021195195169965
0.6570309792318021,0.8807343241802066,0.9734427317299265
0.6043708445250509,0.8150422068057062,0.4763514920753328
0.47630427962306054,0.68716060575251,1.1434684299576432
0.35090552041793033,0.6077771468961446,0.8427789970713713
0.610402644831205,0.7458760001300065,1.0484433357865361
0.6285131408363294,0.7947192133583291,1.1007310802290386
0.6267371069444028,0.947258733725011,1.0594788689288608
0.29784600828720476,0.947258733725011,0.9765574916049188
0.46482233977931553,0.6362088438496338,0.8596278009712685
0.480190363677536,0.49438538258562215,0.4419124573963904
0.5503196101824688,0.6875658466434902,0.5170404328543214
0.4731956804140589,0.7551573293250128,0.3411898981759739
0.5617829996422316,0.5629600156339667,0.6788442950016889
0.5485853305715422,0.6683238275997908,0.6123213660957949
0.3548832864742141,0.6172334875179208,0.29223852789670357
0.3870263962497784,0.5400610792198592,0.9421607685959156
0.5845841517060131,0.8930169762236839,0.41207735064019035
0.48292240736136594,0.8515837136017094,1.0516232611481304
0.2185084071619976,0.5806643527626278,0.862639436051311
0.37795943862941406,0.769951500105867,0.5408805031446541
0.311244057343954,0.9985771563294457,1.0184104522488022
0.5136876954545679,0.7849480062485265,0.6453365489340457
0.6202119330232674,0.883936973880861,0.45475810247975323
0.5685117924110616,0.47084634630911715,0.7127049452141223
0.34376801914688615,0.6948573451672875,1.037384810272803
0.4865547243365971,0.87180255496767,0.633705162803496
0.4769892936525373,0.8667284034407151,0.5724434344243081
0.6064295364748005,0.8861501450698324,0.43225477561851866
0.345333120509674,0.6068485203805034,0.6096872128069335
0.5917959457295614,0.5385139200938464,0.42770687130136353
0.3116882136556982,0.563916776758268,0.42308563141550615
0.37089710918301366,0.6770270230950453,0.49179737740565155
0.464330625739509,0.5158536829435175,0.8648601919201735
0.5588808479642866,0.5317571588359329,0.7418836942593483
0.4491087840106739,0.6741004710623901,1.2868855849361063
0.7146036927620434,0.6957327572729244,0.6384858474891029
0.4624980543849906,0.3110503551933801,0.7453736140100451
0.7386978662143947,0.5238308406842576,0.35902206498328304
0.49861697304461805,0.5854361340222645,0.43048388313632835
0.5653502530980679,0.3969313464041213,0.826465334078498
0.6371218486417454,0.6061748518664642,0.3332647153807561
0.5549378753752222,0.4721544915559027,0.3892281124016279
0.4979001747058909,0.45825280894627585,0.23296923652973534
0.32965529503338653,0.45284573400977335,0.38776404640590334
0.8371723446098188,0.5962187485921975,0.4986707177545302
0.5730653184004606,0.5671206655216654,1.050278916947565
0.38500338782938837,0.7718043260717129,0.39401142401923206
0.7063428782033823,0.6963991547140995,1.1572210029286287
0.5923012775056666,0.6319304103018066,0.626688662545914
0.6023997057353871,0.2983022981073564,0.48650064066271614
0.4729907792504455,0.4808477238167693,0.7234514934426937
0.44975938761665135,0.569369364126727,0.5669146029385581
0.7498691875236165,0.7931317339171062,0.5715173725740403
0.9052102019502057,0.961906689329976,0.822463385056646
0.7494278991807382,0.9571647063121881,1.0110373168435642
0.7157025197163268,0.8056327432898203,1.1327873733478444
0.7967869429423777,0.7159456087284362,1.175862469098539
0.7353719379875184,0.6598829796140178,0.9940811821303066
0.7674960668552602,0.7108438338121086,1.1708002312488073
0.7907349530713539,0.6208569730759017,0.9504610036535838
0.8302501715388949,0.711728163864196,0.949314271915353
0.8913083298652636,0.7551759041260658,0.7805243593469264
0.7450980392156863,0.8143803940194816,0.6294721563018201
0.6547668871487197,0.6620771275739281,0.9243138807499086
0.7353719379875184,0.6463812680088695,0.9382718609470767
0.9730515972181852,0.6165068445486811,1.2710283676883702
0.7368259493325631,0.6013968430894288,0.987500976448074
0.739640412417867,0.9148949012291636,0.8994105415431768
0.6746043132720156,0.5463433002024418,0.8063022748229445
0.46159244829070034,0.5579412084335644,0.795576261845811
0.7716394977627241,0.6502301721552245,1.1902557451671485
0.8254740506100156,0.6626627853075179,1.0716942274516494
0.7521185951110363,0.4914705680074105,1.1771423640508116
0.5515396895489519,0.7748169771582257,1.028466278182639
0.7815872143185778,0.7167460580188095,0.835350740965243
0.8705882352941177,0.6784170392613067,1.1819495059102894
0.9744345003717543,0.6322998189654088,0.7959938797245862
0.6585870115127073,0.5015190363451641,1.241244211009333
0.7271894064013358,0.5851500868626185,1.14057282997419
0.6499189533391938,0.7234993681953346,1.2064383266952832
0.6108136972594923,0.6297335342394893,1.0769209770499613
0.6294350136008064,0.8717353315022368,1.101371456169294
0.86509730498627,0.7563247799912198,1.1388085830776715
0.7018206280288264,0.9120334305147578,0.8350217482647995
0.7252226244653075,0.6299694189602447,1.0818031322307782
0.554714770738338,0.49288742805181973,1.2926077659131623
0.8188993990823522,0.819084109925223,0.8986190311899334
0.7984090310731164,0.8604460902054891,1.0898752942975947
0.800827304476997,0.7832095719793959,1.247985662885529
0.6291848298072651,0.7628238523601132,1.1173146645809309
0.4609863249825683,0.852532996370845,1.260765845283521
0.6108136972594923,0.5897057852549353,0.910469290742556
0.6061085036350888,0.6607164121735446,0.9592894847339251
0.6220009121218661,0.7059059402135838,0.8098728135448672
0.7546532923299469,0.2545137688143828,0.8073637566556316
0.8005818194145706,0.5955862299256203,0.5161519794968914
1.0388978940734228,0.7324792973041944,0.7361723865212146
0.650963744683932,0.5437218243305804,0.590312137447596
0.9745192949656377,0.6361741445458031,0.7617721761446525
0.8987322949586674,0.5219081046437175,0.9000213950278394
0.7209811987091506,0.5941059649414828,0.6241309389385352
0.7869785192509822,0.6876893099198487,0.8767022445559393
0.8975960694291039,0.4080615748010423,0.7082994834200875
0.6474426639653972,0.46068446395273654,0.7051338437590047
0.8379785892744933,0.8381449891240051,0.6597874727153006
0.765165890843069,0.8676239402567596,0.37950411846364496
0.7752854925491084,0.5186390742606062,0.6460119296339932
0.8970212269291806,0.5070066284857065,0.7777635509379153
0.9735644891192711,0.8357740612207919,0.7478766866889437
0.994443157989511,0.8220133322683624,0.6378238115860545
0.9555709111055369,0.7558514852038974,0.9345560285716201
0.8943863563239429,0.4196959228221855,0.6430420900375016
1.0560239086359489,0.4352824581845198,0.7248667334654876
0.7703844266021118,0.6287360281520376,0.6485185323888181
0.8333999752499534,0.4315359403206188,0.7490400901373878
0.8021339495493947,0.6715960817267752,0.796833661497018
0.768243736076393,0.4367941473101423,1.0466746469848383
0.6895943940871248,0.5530144002301294,0.5832247269756008
0.5660673540297784,0.6788589993247007,0.9882685335419069
0.8066488025951215,0.6816692830229187,0.9585745444905716
0.8458092459280346,0.6712507040093385,0.8444029623240391
0.6804276538926193,0.7548565745239711,1.185288307443048
0.6895943940871248,0.768306189601707,0.805875615749928
0.526170866193878,0.6535941247429935,1.284220100924299
0.5498957971503922,0.7861423314355076,1.1774000482962645
0.6151827208429361,1.0260687295668591,0.8792883976408096
0.5679044700235956,0.6089690564971124,0.8659214197608099
0.708597271154563,0.42786724730906966,0.8423890847150346
0.6980284938844793,0.8814281148665127,0.601364326537075
0.5792547238444498,0.8777200817388076,0.7388642940966941
0.8054048180324793,0.6192303930073373,0.7176307053717355
0.8868167083163779,0.7444812449072696,0.8506828092559573
0.6765229366403802,0.6241561846583545,0.7266325270513395
0.7322152291981686,0.8024457038377768,0.527098482284172
0.8059137619842281,0.9475376937412998,0.8655419876770067
0.7268781933484316,0.6266413960725689,0.6382278589791747
0.6288384303083907,0.6598829796140178,1.051431930358196
0.6610666481541481,0.6842561329139607,0.6958856314921178
0.5333166105258075,0.4144373057253935,0.7319545225365047
0.7057308697430974,0.6560974789317765,0.915082325143669
0.8433280026865261,0.6906339900324694,1.0
0.6927882082873116,0.6955128688421186,0.5318909767838618
0.6230452217089579,0.6722375353932513,1.0017474374598465
0.6342213328081292,0.49788766353412695,1.0620770855244202
0.5561288549054967,0.46636074730180366,0.5438284472381767
0.7581946306672447,0.7805964950799752,0.7221922281468469
0.6404747871010661,0.5707156928974266,0.7711808269471163
0.6620264566888316,0.38660813308149566,0.6298905055498223
0.7131792091899815,0.5503144149716793,0.6894184799611568
0.5459873889632666,0.6648049592987368,0.538759874429712
0.6484927048019893,0.6275120001917744,0.601364326537075
0.9349208626544031,0.4595543850815099,0.672033349514737
0.5201349840984496,0.6622778095631721,0.7885576196385271
0.32324721459488326,0.5030055028518944,0.9165123855209231
0.6351648019868266,0.32749272081821457,0.6347438998692472
0.6089230555624785,0.6502341474843254,0.671152098727588
0.5299840080595783,0.4907689817720545,0.3506874044049316
0.6095782909132761,0.730920379790073,0.546015409960032
0.6336741410858655,0.40559936374870476,0.7671988329625133
0.6317959401474819,0.5283936295358113,0.6692063862054449
0.594757079411693,0.3986954235550939,0.5881813261620452
0.8237970467878494,0.6809791680097103,0.4945847058047518
0.5982867551990855,0.5631271596430398,0.6455492881269664
0.5757189505276812,0.42737532062913197,0.589323671440583
0.5422699732131767,0.6732919190460889,0.7593592288544253
0.5759934251080899,0.35924777270516695,0.6592422208095402
0.5786908491852757,0.48311792091343975,0.9531423900086033
0.6544318201182598,0.34330846592687914,0.6460119296339932
0.7416735101018589,0.5421815406650432,0.5656258834930522
0.621787626188004,0.5658147226716345,0.8122743192989078
0.5764350639130456,0.4572317717080142,0.4021659091519063
0.7065126598511992,0.4171751720698985,0.5608647497217366
0.7331109899685562,0.775204208467799,0.48827681575150894
0.9636438744567192,0.902787153564696,0.6086577737396609
1.2119251771304071,0.6840105488416061,0.7329321548634522
0.8640940822832999,0.7128312813581485,0.6682711685622686
0.9342847922546474,0.7597765207095651,0.7861331655401427
1.0872871560943969,0.598838695483962,0.8846663550151733
1.0,0.6589460159766483,1.0021158300116173
1.0,0.6926529813836018,0.9257451384678896
1.1615145706174497,0.7687925647425717,1.0379868588198793
1.0,0.7194852506726894,0.6271607061894642
0.8706476666472891,0.7682340075396248,0.809343519667569
0.9419007106225873,0.5864567585510951,0.9297707574782398
1.0,0.5118038969258905,0.8722268574103635
0.8222222222222222,0.6210978811118057,1.1591736337313083
0.9086236287306529,0.5574797655484787,0.7980782970909084
1.0,0.5676977378018484,0.9270442167737686
0.8012384020000187,0.4583855698604491,0.6501068338929931
0.8080076795392307,0.5138003644551101,0.7324954615038183
0.7489188076150969,0.8921031968798668,1.081882688405888
0.8172472574613059,0.7088257395991338,0.8208937966483794
1.0,0.5728854854655046,0.6501068338929931
0.9398683177597738,0.7886510677016876,0.7468329822826559
1.1161985787548254,0.5442739226509072,0.5737166349728122
0.9353238333236445,0.657855244170902,1.0995670995670996
1.0,0.5597275361613295,0.6942116851374247
0.7318701307636393,0.8554695744501425,0.8889186838812588
0.8689522066180879,0.700683165001029,0.8494949607560818
0.8167084275670745,0.6303893645227137,1.1693129386271357
0.8843491002347585,0.5090239378452677,0.9886962561067729
0.9342847922546474,0.6873430068149143,0.7340919882608448
1.1202633644804525,0.6783148991520271,0.5422622917829365
0.8479061798741253,0.8918182968295237,0.9457171003101894
0.9419007106225873,0.5462427704135003,0.9621004674078567
0.8265236503521378,0.6342710221022685,1.0524634999372324
0.9414355367493104,0.6796159544023059,0.6981582791565126
1.0527733878130887,0.7116987163730863,0.8889186838812588
1.0529812942826018,0.7668579714002363,1.1070369152240513
0.9349399951367645,0.7223133118386336,1.1055069922679994
0.7708855344588431,0.8521557458090854,1.1338583739467956
1.0578254498826207,0.6128528652033381,0.6580086580086579
0.8774297173928209,0.6272926974559946,0.8328536098421693
0.7620564632505834,0.8273562454409148,0.7680355139161587
1.152692889150365,0.5063944319993838,0.8543494591921834
1.0888888888888888,0.5425711005680187,0.5924397742060289
1.0,0.7948157896055129,0.697592631620497
1.0,0.5659587567242743,0.7368193220160923
0.8739284340737399,0.7632848050045697,0.4842122594421998
0.9665970044520553,0.6309499903353061,0.9923800169605393
1.1034088979105976,0.5893440411249394,0.5038745829495179
0.8048199854102933,0.5911282995533478,1.0210546621870205
1.0888888888888888,0.44977893141182523,0.7329321548634522
0.8384854293825503,0.47064804147245276,0.5580200000607263
1.0763464445751825,0.8701847448927599,0.8065705141753343
1.0645497224367904,0.7299139344902289,0.5871872730193451
1.1339549373246274,0.3843186392430745,0.7190947194442081
1.0,0.5867250100940868,1.0024675116379766
0.8414597765404941,0.8044204353205107,0.8483210297061231
1.2291144655411568,0.7811111542768925,0.7197264582068932
0.9023008926070251,0.823521619450651,0.8495875060278952
1.1274505975754332,0.3966636606655256,0.6478728088088517
0.9560014299302912,0.5680149657016216,0.7097911647563029
1.0,0.7586373558664711,0.6593513681296201
0.7964712594740863,0.6382806321889135,0.9150588014270624
1.0593325545986647,0.5610079436927011,0.9245183163229382
1.0,0.44619967207752165,0.8833976024099105
0.7138256919338208,0.615889360201312,0.7660544695467323
0.47951996109411565,0.6503774429627138,0.9120775064433337
0.9563174022060292,0.7005552414256425,0.76164171658509
0.40779939649041397,0.5848254740513844,0.8033575425815666
0.3871485869641045,0.40006778033544643,1.158703920171631
0.4912456745490149,0.7703471038824585,0.7090235907950915
0.5583057674207246,0.5595320317640283,1.0080381592986525
0.8167084275670745,0.7850735739791537,0.8708446800124103
0.43214907568494065,0.6515277510071222,0.9835512076260058
0.29409272227454497,0.47729162651068335,0.8508912142078131
0.34734189941468896,0.44400604419746803,0.7371350252901749
0.6114705085942538,0.6903148216200458,0.6714922719450499
0.6791163532820337,0.684597094568455,0.8865111166925436
0.31922964528258946,0.4199863268801115,0.8682604824781206
0.5333333333333333,0.7079386856906049,0.6625025037593614
0.41445995623088006,0.7215229400457981,0.9074746208833667
0.5514573864274697,0.7946047760926,0.6467495566399915
0.531567964984704,0.6493565633408617,0.76006970402167
0.5037481102613142,0.5737428755934677,0.7411290377892401
0.5362611042398318,0.598838695483962,1.00856580146448
0.23925362785285487,0.46917726926589554,0.6581182706210862
0.3691197021234882,0.8463766437957707,0.4729924686360767
0.24441029062026032,0.8279613913320849,1.0356396815211557
0.3043344070000654,0.7518740551306571,1.029424494316825
0.3666666666666667,0.8407307455059442,0.7004388128228971
0.3819458657642265,0.5353117912795564,0.8140322317921194
0.2020401690847976,0.24203365256693055,0.9069515789601529
0.651404263735524,0.635676538877151,0.7340919882608448
0.4104760230884358,0.4279875601958022,0.7563225153577506
0.44061870646981827,0.7485405596977993,0.6204343263783727
0.3220807805607615,0.41045056559185333,0.42515451602423593
0.5480538537071744,0.6079687198830125,0.6271079548469287
0.2576781919769118,0.8271225790156955,0.6429235270931344
0.4243908116915768,0.4736261602758721,0.7128790723299254
0.46334368540005044,0.3422583231426054,0.8257856651295714
0.4873433790184186,0.6438886844030389,0.8886445809617606
0.3566978174855888,0.43973787071024073,0.9337488640678469
0.8270972347871898,0.5880667956374535,0.6048559754749445
0.6278957962323746,0.43061047087893356,0.6706322812108739
0.8881966011250105,0.39937207687953635,0.6287542365316685
0.591174617117782,0.7046442706090693,0.6631484319818315
0.5658729936197109,0.2856018442677103,0.5924853033736823
0.7929803321972937,0.5015835814618912,0.6646683358657519
0.4321262286783808,0.4746174168957996,0.5669811722888207
0.7831333171225482,0.6865854766510416,0.5887445887445888
0.40921564450107384,0.43118123394980057,0.608828727999376
0.8047230978319312,0.28940053266516097,0.6772417399132528
0.6659700445205534,0.5324471864794228,0.46262967521697995
0.33795071460896176,0.5091840975788746,0.4732081635451987
0.8048199854102933,0.7102513208502044,1.010033669282928
0.49253196206676275,0.47330281243019257,0.7575091167851711
0.8106475726675396,0.5734641617904968,0.5739775571714216
0.3725452633272981,0.6118833108118691,0.8571428571428572
0.342162109655881,0.35981560033552007,0.38095238095238093
0.6346930405388423,0.3849307239214528,0.36012035421784094
0.2988527994275705,0.6388552502141995,0.6921441153418666
0.5796049166036895,0.4726605169670409,0.5870035024575971
1.1910327433221735,0.9460838304796317,0.9535771863543824
1.1113557821722877,1.0897008319790749,0.9128877707106156
1.099976198976219,0.8854377586295532,1.0996556331842955
1.1611398236783232,0.9762488398759396,1.0063213954124102
0.9633080706234162,0.9049139440752346,0.8985170353361022
0.8127604422186798,0.9252429321814759,1.2931198583846504
0.968708681636103,1.0087339592566325,1.0772169579434308
1.0754378674245642,1.1417303502719072,0.9517195450414733
1.1904082812319006,1.057318591613529,0.6933779296640667
0.9320320008630305,1.1955589566748777,0.7998224786070123
0.9430140476317721,0.6294965635646905,0.9748241563054341
0.9633080706234162,0.8052404869827047,0.7704044816607774
0.9813173840264257,0.7950582521059522,1.2626960556236952
1.0480135840042366,0.8726714029028582,1.1349333843310032
1.0091161831457403,0.9302627245842964,1.2287221161413278
0.9860748002285215,0.8552776502348011,0.7192987637071366
0.9764608454206489,0.7355843324824825,0.7836412414879331
0.9261190574456499,0.9401582965518614,1.2045535034282906
0.8431556255861608,0.9763066286723344,0.6973726904154791
1.4086202355143027,0.9668113524437784,1.1734670561360392
0.9789359288661409,1.1504955880219323,1.0976155160209755
0.9267323469551356,0.8568451349709689,0.7547657035815338
1.0045311999424646,0.8655544742772163,1.2365889445887137
0.9113805713098914,0.8357828069615107,0.8704499448737408
1.0509882036688027,1.0701874485895857,1.0390503096814483
0.9234901375644192,1.0241797284739669,0.9617422867065565
0.8908483318707476,1.0679714881644164,1.00742044791027
0.9959487599737894,0.9305456765860818,1.1810217777190177
1.0598519345090915,1.1125223789313612,0.8551586351244197
0.9536590435055101,0.978916446615809,0.788445645860822
0.9467216793743948,1.0893817259540004,0.9616709103137324
0.9267323469551356,0.9974941120770447,0.9178285592621963
0.9959487599737894,0.8357828069615107,1.44008763506343
1.077957288083544,0.9936646552696166,1.177265426474063
1.0554594027701751,1.072770734584398,1.0390503096814483
1.051966031680401,1.036062980890005,1.3042383643210729
1.136742747186105,1.1487768581109086,1.1340970468803022
1.0064206863605443,1.1510477514764812,1.2517939156988458
1.0607686003931598,0.8615624490612294,0.7634110554112863
0.9742382479031229,0.9642155599137823,0.7201195807764388
1.0100021673710877,0.9834240970082687,0.8062600148605521
1.4118589393031322,0.8001826067488707,0.9837615257338174
1.0809580025521555,0.9541156606349671,0.7688923046898829
1.1605171590136063,1.0395302574131027,0.7930406614038211
0.9836058524267646,0.9321788359889998,1.0557494673338061
1.0294418331423434,1.039574530429821,0.9495727094340701
1.0046804150364195,0.9025196581656794,0.7707923703626415
1.032601634783553,0.8552212365115591,0.7256866733083968
0.972651450562779,0.912936033054394,1.0624400201084647
1.1183232344993044,0.8747223528658762,1.009011609926488
1.1659633083340413,0.7558575037528137,0.8521719010027293
0.8876748347355093,1.291781817947029,0.7988544296795466
0.9457319046030683,1.0970541624362629,0.6523232523174423
1.4598580147682934,0.650963744683932,0.7040054279539976
1.18463568230313,0.9685039351621652,1.34184062893283
1.0749742609412336,1.061168589770754,1.107826441087211
1.2118826498979605,1.227520988725973,1.0417196298368452
0.9965776095542801,0.9896264416540773,0.819911430055519
1.074409705315762,0.7529602226464466,0.9011911761216279
1.0339078460049493,0.8368359765414543,0.9676448252317734
1.072357460529242,1.0947580179851213,0.9650407508348582
0.850278558858533,1.13922849735576,1.2745227358627873
1.2951347522243384,0.8712988062908925,1.1819467245360555
0.9688623067107094,0.9139566663121613,0.7806653898190048
0.8952980079758841,0.790702096058958,0.689590548385302
1.0638132820201822,0.6934425596242952,0.7541554140527792
1.0275435504768091,0.990338953354393,0.8090663291380302
0.7486226731986201,0.730614492805504,0.6338261232742681
0.7738690649274123,0.700230099544594,0.8487181283022103
0.6814386200117326,0.7068213436502038,0.5281548693808633
0.9000238010237811,0.5832196072584768,0.8876204561190373
0.8523242137074821,0.8042935733710064,0.835846453141009
0.6957730226327337,0.9786386221296,1.1045302512508863
0.7833368032842803,0.7436634655551995,0.9093628890299961
0.8046291076824802,0.6026191689451357,0.5813232954142096
0.5966446112426024,0.5680080972753823,0.41151842226739155
0.6318728506365743,0.6965796907420179,0.6791354690964342
0.7161033235852817,0.6879877312136324,0.7043116088908692
0.7197607603963846,0.47503640033915906,0.3001312221974488
0.972651450562779,0.5512350439436738,0.725605356131173
0.7679398628479062,0.5503305598999003,0.44398648760557513
0.6554082770910157,0.5844402108019144,0.7438452892722802
0.7593032172903772,0.9671738728540973,0.4908860013152704
0.9783403607462584,0.6688382190206448,0.8366958451011425
0.7242420956679861,0.6142881438060055,0.7585977252073662
0.6198855578406954,0.424509056923952,0.4628217278149963
0.6233366457918694,0.6905359664383741,0.9676448252317734
0.9582244006855644,0.8400985169068664,0.8130106019983085
0.9065869201321282,0.8496774285483721,0.4659480170380058
0.8650035280523307,0.438430175594948,0.8035874141734056
0.7428373953126083,0.513464058601494,0.8423166944029112
0.9267323469551356,0.8029436015285047,0.806878180165893
0.9295437532424105,0.7386107605150068,0.6118840619051928
0.7883732057310304,0.8168706527786352,0.5408295831534473
0.6305952872282498,0.4973711542685284,0.7415725563322679
0.7572483316071356,0.3431376304851985,0.20814166226551167
0.7286595230153419,0.34469136940155665,0.5847880873566699
0.4843896010351282,0.5203589701351121,0.41151842226739155
0.7409912842504988,0.4513887832761636,0.6119624525873764
0.9797968982066447,0.42074069618652954,0.5971830845828181
0.916621187060777,0.4426119014663421,1.302509675927051
1.0339178976140202,0.6275049113553901,0.42517069179616906
0.4322631381399715,0.35016827262293027,0.7315063929564378
0.5822440068556431,0.44246208306962675,0.42613430059834734
0.4199948707003034,0.37796536765592115,0.4914150054560933
0.5716574511470909,0.39730884836838176,0.6681448562999384
0.5745564152211613,0.4349793599210975,0.23866997127363332
0.733745678724179,0.573339368202788,0.49648159622259325
0.32844117493046276,0.48662117568175867,0.36726212493716104
0.7073118768407434,0.4188560382024695,0.35442103180650386
0.8335470711654904,0.48186756480671433,0.5390327191934227
0.5928038918315051,0.5307150624330186,0.7037276369786616
0.6550260873460301,0.78172136079384,0.5646712304347089
0.83043899348923,0.6037792874048409,1.1147731398803304
0.6554082770910157,0.6914837773437863,0.8016531218248437
0.5025251851304919,0.38233199577447086,0.4176696362531932
0.6922844829910217,0.3997535805080763,0.7524069184536717
0.6817733502975005,0.581404192117916,0.4552952205980778
0.8272449810865502,0.5978261565597578,0.3616245477990302
0.4787584577406019,0.356133173412452,0.47608538885660123
0.8867200014383841,0.5815167168664699,0.754063433810991
0.7010781444228102,0.54108680852456,0.5433283162589946
1.1566375305765835,1.0562366014684257,0.9277274343926175
1.1245086034958933,0.9020995664506312,0.8269686217883664
1.0621027319149066,0.9889250626320546,1.1074095811232747
1.1458542538931469,0.9435167455871414,1.127937636139332
0.9772078847080724,0.7790716796118353,0.9122266541224893
0.863463860548591,0.7840504335759857,1.1883966911467985
0.8674723419048693,0.7972407799186791,1.0133571004347866
1.08434823356733,1.1123508829409707,0.7745061915991514
1.0377479453880636,1.0,0.7396221780383523
0.9577799669079251,0.8741280140079544,0.8523796506084631
1.045512046483803,0.8299624048879383,1.1033311729439583
0.9772078847080724,0.7552392308776129,0.9912819056926729
0.8955534064265813,0.8375408916778353,1.3713670805236704
0.8866655852928232,0.8902886002397127,1.2100687378867907
0.9830117602854125,0.8341559633807318,1.2405960305985908
0.9740500351946159,0.7863009144199826,0.8772458056446162
0.9185349155509419,0.5820023826059675,0.89413774653662
0.8492086922840069,0.8127485284317155,1.2737601054055738
0.8389458317319067,0.7057495786423194,0.9624755620697425
1.2917798439509394,0.6930624839606547,1.1522152010006759
0.882239699203171,0.9325700381693575,0.9718572127545501
1.1365361394514089,0.9173688532563975,0.7602721290529824
0.9577799669079251,0.7229020383923331,1.1627502278251192
1.0,0.7566267322442422,0.8655414709094371
0.8849784314336511,0.6944459412908754,0.9485582389100549
0.8460156743418933,0.7801377141079734,1.099268113988672
0.8683837599470745,0.7305920469598377,1.1501811708964178
0.91695452014626,0.8792608617898905,1.1386736615496256
0.9914203380062855,0.9754952006326278,0.9248353971997171
1.0549548070385202,0.7591344992726883,1.0
1.019857101769645,1.0342840351087899,0.9880656020974139
0.8938052248711263,0.7516951025706449,0.9073630577641718
0.91695452014626,0.8019054797336855,1.3197333665102031
1.0076460733637378,0.6534762771335585,1.2100687378867907
1.199810021329721,0.9587957178284835,0.9485582389100549
1.0691714463866075,0.973530149063434,1.2271971559715038
1.0849411985729376,0.9096881041351733,1.2435611502237274
0.8444535344829063,1.0,1.0953516098945624
1.0377479453880636,0.6472621892486707,0.8029865663169611
0.9199871969271806,0.7708848526527348,0.8162596748217844
1.006213097969072,0.7725793001961854,0.7683202617451377
1.269126754772037,0.7058341655690767,0.8938215149118924
1.0348155311911396,0.6968923716212669,0.507865140810768
1.0837557891245888,0.92878186521214,0.6777988837355868
1.0061101823962495,0.786328814408019,0.9132073926794507
1.0329193640186614,0.7385743757285888,1.039253433598943
1.0261662182509816,0.730271689802111,0.6833691086263087
1.0742548615321104,0.7983816180555722,0.5285701035988811
0.9490352808562375,0.6967462758451629,0.837985532850854
1.243708718337977,0.6053116489274585,0.78955643190477
0.9718839221442234,0.5712857023759916,0.6317701528406706
1.0498382879207475,1.01501934987748,0.8608221998721558
1.1348399724926483,0.8416030122295028,0.6161870915820041
1.3322895012775806,0.5613545085462801,0.7292123325080362
1.175859687365968,0.788321523798976,1.1025317780054822
1.087969614637543,0.8545333785781148,0.801610834230851
1.3230580437662716,0.9768771962609739,0.9050723547547581
0.9808668644455754,0.770924863156604,0.7196321815862
1.1053849310614008,0.6094708029035514,0.6290010519714329
1.097654391275002,0.8197699819929936,0.8690338348841359
1.1348399724926483,1.006589079479956,0.9455742892242582
0.8007073408541884,0.6797975808463648,1.0816355355192704
1.3485859308909662,0.7681305521199159,0.912446706730378
1.0116051770637131,0.658963500320602,0.7692788197629765
0.8131879272141092,0.7407620763173937,0.7202204072486361
0.7791528837103623,0.6451612903225806,1.104383350095883
0.9258593987572079,0.6936641675730066,1.0832305120629666
0.6134166515706312,0.7817365527926896,0.7194886002710834
0.5892676108928603,0.8407632608825112,0.882239699203171
0.514288610756684,0.7389279960779288,0.38453769327023435
0.6894863404254667,0.6213190060196423,1.0159051069158798
0.7487326326262332,0.9543711209623092,0.894769556079604
0.7645040357411649,1.0,1.3580195051972657
0.4909145939104378,0.5554995554993333,0.7562700032047118
0.5894432369506397,0.6991503835791126,0.7168907423052917
0.44201699914803316,0.6148989045289279,0.37045472997802065
0.49203519190445844,0.6476044870592805,0.4638045942007929
0.6995003414597557,0.626121749447017,0.6284023169544122
0.6170291568974647,0.6993184846987441,0.6414934371919818
0.8471058425687124,0.5047542724491962,0.4333238700237433
0.5675500179061317,0.6028051895395719,0.6528261418232585
0.500545752391127,0.772815266301174,0.981009995606662
0.770743875564561,0.7866232337487761,0.3367995255429933
0.8143288661163482,0.5711391427759156,0.8813559322033898
0.5293014663745917,0.5784829448932184,0.6993415887988684
0.5222735890230562,0.567501846624796,0.5353906496668269
0.5333168813503502,0.6505291464978404,1.030222961180584
0.9221501055838477,0.7990464785039271,0.7671109961041672
0.8607378752354418,0.8955796806471275,0.5186459512623613
0.77691018372426,0.7096774193548387,0.7771422353117348
0.5291053482665456,0.5597528822320499,0.8158850764203354
0.8331224962260557,0.5760059799830597,0.7369238901990098
0.7147685597977309,0.6108579136690284,0.5422487285813626
0.7516917498738395,0.9007843043635347,0.5023184843519222
0.6262998026168864,0.4566750955933997,0.6771439104294033
0.8072493718760784,0.4284994284991428,0.2804899255514912
0.662900068768379,0.5285348645512442,0.503913621518133
0.5222573851423746,0.3432639266707307,0.4523467976231562
0.797590274518004,0.397443105378417,0.7235430474397394
0.85358724057004,0.6661719459887632,0.6779661016949152
0.601055090488268,0.5164980473491032,1.2379061281380013
0.9729113427311461,0.585280757445187,0.6326145794820406
0.3306580485143278,0.4038920244346883,0.6898711958652707
0.5329006335030863,0.5135603561187988,0.5036594300566406
0.3550457606023474,0.35343808958211065,0.601872391034946
0.41904169788108514,0.5818180780523909,0.7923771040563921
0.5315125193983093,0.7069317352612655,0.44990155052036507
0.5152345303355901,0.7054233819820876,0.4348670884559963
0.4620390757047286,0.3633449966678326,0.39182809602192326
0.5096623394034454,0.31819673834300843,0.3184085320854887
0.5453390053859117,0.4971912718303667,0.5983798902470417
0.4330652712287303,0.6379804883013165,0.8494879597494277
0.6704627850902021,0.5089650077777965,0.5125070007740533
0.8674917302262173,0.4043166028187294,0.9404391316067968
0.5413175277061371,0.7630198677710401,0.6151964725114198
0.4932088394943217,0.5944775533080378,0.37970083028069035
0.5904030633314366,0.48957430399872315,0.7173285516721615
0.660545183219804,0.5852193221078299,0.5288809194536025
0.7973012037767266,0.4022374223359385,0.5507280845285958
0.3236170777630045,0.698583361821649,0.5147413452075749
0.6706837418818157,0.4537292256554186,0.7999869374959041
0.6170291568974647,0.4556509554989089,0.7001969487432016
0.2877625069197338,0.42215278938030876,0.401218098704189
1.1379781260775834,1.2231327750334264,1.203911328163339
0.9690655887555127,1.1377777777777778,0.9241811922092971
1.138865930150177,1.0477636767983032,1.2779193103760738
1.0959235372095852,0.9729334019019616,1.031910879475628
1.101929438287525,0.9813173840264257,1.129367080349328
1.033922676577638,1.0418742548430466,1.3838064463903228
1.0829754386718775,0.9758280943867579,1.1063082757833969
0.8742610773076137,1.3337967792760625,0.9113733207941345
1.016881394379732,1.3265986323710903,0.7825332923382213
0.8300676447888937,1.2076190476190476,0.5503466982979687
0.8303866171118104,0.8977777777777778,1.1501967438067622
0.9490352808562375,0.9079735664666697,0.84837713697037
0.9221501055838477,0.8910101478173869,1.5833773007956125
1.1200426894357154,1.006308802978765,1.030354450645169
0.9620131411801207,0.9629130940021787,1.17872286487824
1.1160517706371318,0.9126871749869201,0.8682869390499328
0.9859875794907035,0.8240815854280348,0.8156033933795936
1.1319398491400627,1.0179460634019388,1.2816185826803188
1.0133380766039684,0.9585988614530347,0.6816809946578107
1.2068710817561354,0.9957976144691246,1.1461870236918328
1.0175546691755022,0.9925433324826518,1.0547522740624506
1.1017680297329138,0.9255584183742371,0.7251883232393342
0.981118627198766,0.993871485869641,1.204523935903078
0.9384542545103336,0.9039888564340328,0.8612773044729323
0.9217229424629972,0.859698522385989,1.1640443295835208
0.9107320023152985,0.9627197186702371,1.204832530082516
1.080264416282165,1.025819888974716,1.3098879183800993
1.1519325494175878,1.0208288136818358,1.0804365143807153
1.0575541223257512,1.0042273442389953,1.0
0.7015706240164636,1.077733177867133,1.1213570784945666
1.0444018293930573,1.3384333198885656,1.0316616935871477
1.2374587360434655,0.9742988237873128,0.990897638586652
1.1519325494175878,0.9560626970121845,1.312124984920522
1.1538742582204125,0.9581257451569534,0.9137933601677204
0.9537804699711443,1.082928842886273,1.1640443295835208
1.2784097012003857,1.1506891207777274,1.2372402012506987
1.0379868588198793,1.0351308847163108,1.1025654512311054
0.8127163620082816,1.1032795558988644,1.1717668410720548
1.08440697189866,0.9323876596217187,0.674276694672876
1.107348440044677,0.984315534436118,0.9117931301765698
1.1250361846873986,0.8067434012547974,0.7745026971828796
1.0222883599345998,0.8763859907598525,0.9537970141588811
1.0778498944161523,0.9012312080583984,0.6623178885644783
1.1872836379917184,1.077810714798967,0.7964779922015286
1.0136627831929366,0.9702737081013426,1.0511686370968891
0.9263900642782126,0.876730051407536,1.0694256605708259
0.7854653766812675,0.9056802731495335,1.0637048222618433
1.1056611296654029,0.965813190881536,0.6746563086673468
0.8290591353105431,0.876730051407536,1.1732928291773652
0.9740500351946159,0.8279496003099649,1.0124067140021151
0.8113916159614205,0.7499519426035228,0.71506918908214
0.933134920196201,1.0906850385883815,0.887178003645784
0.7738664915666773,0.9544579965957352,0.6605842819410473
1.1694611380677238,0.628112041610956,0.7941444979916442
0.7777371825705153,0.9016854363552503,1.309434527962141
0.9652871697145871,0.9135631363959871,0.9565147009817658
0.9197355837178349,1.028808974796963,0.8689248895434463
0.9572170082775883,1.0287096225026109,1.0368726135972592
0.8387672470765014,0.8356419406752088,0.8426263738602353
0.9614655546131293,0.8384454152430783,1.097998813402635
1.100503781525921,1.0928295059913231,0.9321242618923866
0.9702912044488847,0.9549474061675559,1.1967597416149225
1.0173213741660498,0.9066666666666666,1.056171549982763
0.9221501055838477,0.8306337034952461,0.915666472086986
0.9164551012466219,0.8211145618000169,0.524660696938613
0.886039423540362,0.8237792196111361,0.9282041841382263
0.7321960069458955,0.8568747105335731,1.0922957029380265
0.8677935717794327,0.7608537298820514,0.7946140811396292
0.6063890531695177,0.7992571933577578,0.930574339429174
0.9164551012466219,0.7012200999919924,0.4674354217854586
0.9008100498927307,0.6386524511738881,1.1265876902425764
0.6521875294439515,0.8352820431401452,1.2348606998955436
0.8634779669789884,0.9756567752219926,1.067158836189667
0.7252259648073991,0.7078813026639115,0.754212463255274
0.7401793875092519,0.7506772928557557,0.6720078582121813
0.7834591212885889,0.5213336142087364,0.35878761437054063
0.7072567419898799,0.5898948586470629,0.47179184390039375
0.668763123522519,0.7767374777394248,0.5929116626038662
0.6886004223353908,0.6507364142701234,0.6332320995333662
0.9240262823602414,0.6650776937381226,0.3755193946406764
0.6373796661885789,0.46413516125619025,0.43099913569321846
0.5213655788695206,0.7223911624845731,0.8040775386037148
0.5319444413734071,0.9745623254428835,0.4262297353741116
0.8736429157494274,0.5927189717760789,0.795156133944478
0.642724633306902,0.5459755058272808,0.6011799435736049
0.6684807390923092,0.6303537163106612,0.4552219740113783
0.9066757158554928,0.6946220356411368,0.8841832205241584
0.8259223440443022,0.8533333333333333,0.622425382146617
0.8832251583757715,0.8428221602949482,0.41484499629679006
0.9681588939820962,0.5084367704942216,0.7295894075925571
0.7297732646549053,0.6024349039941042,0.62009225210952
0.8643092936894483,0.6556691261087758,0.6011799435736049
0.9696287195422648,0.8067434012547974,0.5232339870177493
1.010886943659924,0.9234293788917305,0.7305976908454876
0.3842807040130406,0.3893384218528153,0.5036518099685757
0.6041804525798118,0.4705348610783394,0.34210390787593803
0.5100440650611341,0.23349940724484664,0.3397312399163017
0.45986603016115946,0.532910244700044,0.35878761437054063
0.8259223440443022,0.5555862894787215,0.5301594494155
0.5603635001611555,0.41823389703322256,0.8651028199146562
0.7089041468913917,0.4503538224220832,1.2790842185591087
0.8990465348794147,0.5119138190204612,0.6973261317557603
0.37235408553915217,0.38881022490844086,0.3759706166357153
0.43424761814398205,0.5884113830282007,0.39720712575716743
0.3535138006307684,0.47090494674567684,0.4474934504013164
0.7993318466911844,0.5898837720260153,0.8619394364843067
0.7582531107923859,0.7249546928030612,0.46003908130364046
0.42613430059834734,0.5890670022262916,0.5002382964109267
0.5061708353415688,0.2713898258812827,0.27027879659272214
0.2977930849633639,0.21057871518923388,0.27465794928614096
0.7434614201101055,0.45134355851317765,0.6448369115552024
0.43440872034152334,0.43649360917912006,0.8668982957641174
0.6013667008099876,0.7512517211824586,0.45674048270655265
0.6581182706210862,0.4861906968533949,0.9473287779787816
0.7037025012049414,0.6266142761259567,0.6148961697122596
0.5854075053829134,0.2615646857803229,0.5170914038894308
0.687521044479636,0.3756624547119537,0.7601262480149087
0.6799211855860372,0.6422291236000337,0.3510783762087528
0.582300597966804,0.5989756705379177,0.4635743107794327
0.4882727918617712,0.3432889862455003,0.4247874474198352
0.7545421535839577,0.6373278467765257,0.4996914978653869
0.6886004223353908,0.5686425881502193,0.5934771150568452
0.5854846909263189,0.29097342374800783,0.3934607662181726
0.47147484168186793,0.41568899134218795,0.4154455529635105
1.0564815997398946,0.9623662803350376,0.9434906595528935
0.9251728381980375,0.7896614249538889,0.8801040936635234
0.8944306697695348,0.8097744591342718,1.1134503026583862
1.1763421759292332,0.8614044710196485,1.2863304587454585
0.8274102145474618,0.8115688712394281,0.7117570389359145
0.8194779691867456,0.6874461105277955,1.2617048049498587
0.7992909408872025,0.632651887753934,0.7114210423642432
0.8479252338318817,1.025061860794732,0.6535627720204635
0.991833128364969,0.8986448166386074,0.6124697230143695
0.9360590593735627,0.9423662452449766,0.7590288218478813
0.7538335943455622,0.8517285454592987,0.8367994225396763
0.8767215818196155,0.5758136840298334,1.0678073125842138
0.8619053441883033,0.6738454824808988,1.2315600464714904
0.7870613183915113,0.7112176893881714,1.2930754286009085
0.7978501229793439,0.7574807672131517,1.1801992634125986
1.0280717307022174,0.7616531087885713,0.9250341608535527
0.5186966059488753,0.631086807410154,0.9584155545970926
0.9645390070921985,0.7800125552462419,1.2655517874617621
0.890304315535021,0.7388454086234735,0.8306512464628986
0.9615077009613068,0.6967851608572775,1.106083734641199
0.7537149438441638,0.7952048574946485,1.128090051396954
0.9835889062897042,0.819363013629045,0.6137905314814065
0.8629836986576345,0.6719229183960169,0.9975324883620234
0.7618034663298345,0.7386565699073697,0.7482364126978784
0.8431148405306338,0.8708025926161452,0.7750267824922292
0.8951196595432008,0.7245980123284645,1.028595716064955
0.9870565750298417,0.9399037689838747,1.0698847850786413
0.991833128364969,0.7102008104328874,1.1481908314839233
0.8979071613041282,0.8852091506189383,0.8700860395076738
0.8386408252772108,0.7488976216795347,1.023718935565494
0.8925965376861824,1.0280414318124107,0.8040403863173329
0.8523001566073374,0.7407803248174107,0.9478997294127763
0.9264981552847206,0.5770529029901876,1.173442866670575
0.8263038584396887,0.8465237173559426,0.9893211382291167
0.7540393546202829,0.880512485174367,0.8612440634532911
0.9850345676396075,0.8382147657716327,0.9278966503156876
0.8346046460740086,0.9182322679319156,1.0200461593108088
0.5987538259250933,0.9198716919784996,1.0762986290730556
0.7958282091242237,0.7377185451305266,0.9629873254303497
0.9480670310553089,0.6860495994152063,0.7716481212743475
0.9126256476187878,0.7283114449933294,0.7569695456987108
0.8813908451568633,0.6012388927595123,0.6489851597529432
0.9121215826652839,0.5807960370735136,0.6247342522179217
1.0647171248507914,0.7680575316586259,0.9337035596520225
0.8083165628314306,0.6755830441278554,0.8999921865843534
0.8694264287182861,0.7644048517828057,0.8869244114078736
0.6697672319134063,0.5950876918711536,0.9609098169882386
0.7152070526218394,0.5629395066988125,0.7299923277252303
0.7243410767900144,0.6151168370709201,0.7666461306225357
0.836797224949813,0.62795049237658,0.6214522507803377
0.5437757014956448,0.5327677011078162,0.6419992221209215
0.730433738992871,1.1641663105279987,0.9097922831013605
0.5988712733807899,0.9040954299041865,0.560581969252019
0.9684685324475196,0.46058335146887186,0.6537691576817866
0.6443364720431719,0.5701892532624426,1.260196905766526
0.8824465231622289,0.8204493386928002,0.9252666026188822
0.8576223253282589,0.9879647781033433,1.0129530732635315
0.882713984937099,0.7654674085906957,0.9440862622813753
0.6219947078888655,0.6553296791531977,0.7784361247103889
0.7700798703563158,0.5814105342418048,0.9042318927982416
0.8541350085021054,0.8309717052284622,0.8154800223164591
0.8131574391833204,0.8130744419733753,1.0954488325486065
0.7905068796830066,0.5551856363778962,0.8264196209922723
0.7363647479958517,0.5974980532365501,0.7846605099238404
0.6092993859107041,0.62990319835262,0.690808885344787
0.6875865536953496,0.7193663552196274,1.0701615575878307
0.561970342798074,0.7522905162770701,1.0011417065097081
0.80812374185755,0.7565622989646674,0.575118686209334
0.6826318564491101,0.6803147428632427,0.9321546468447242
0.6811523724098849,0.6722755472439468,0.6053791183036215
0.6449031619520715,0.6657865771261104,0.766332681696172
0.7540749255669926,0.7681602099608154,0.8397727820594644
0.8018603391480437,0.9811135766776642,0.859364012384247
0.6391899165265775,0.7167036501649633,0.767197769648928
0.6396718330547714,0.48549112916316195,0.7439583663949485
0.7455876498733277,0.5916273010285692,0.4706931579834629
0.6657693154292255,0.7566892735535798,0.565665497329361
0.5742045674967436,0.5958298620232414,0.605373402059952
0.7363647479958517,0.6968329564118564,0.41883421739783155
0.9448682153580029,0.4849763098626053,0.7262593677155811
0.5711753534280022,0.8659620448268771,0.5106235996484035
0.48176122436522695,0.6325874603149519,1.016411093710296
0.4285195266648867,0.7620126040563528,0.442396654419385
0.6419589466741318,0.6492282064610893,0.8095838408469619
0.5188439090569367,0.48495729939507437,0.6535627720204635
0.5544938759416259,0.5916273010285692,0.5806412103662097
0.7332141739588364,0.683591637168825,0.8345823602878717
0.7473544236800442,0.5138075560409563,0.6645635963822483
0.7363647479958517,0.6204642515143675,0.3433633997650979
0.7689389101549762,0.5322772586993791,0.6192931417876643
0.625841321878452,0.50897528831263,0.9116047462026966
0.7210114069249705,0.5271029995800613,0.4803441580306953
0.8579676544878738,0.6200869583516682,0.48134147899439195
0.6155177905394563,0.6190996628988135,0.5125594743628556
0.34042553191489366,0.36462722904194633,0.4090688513162626
0.4085106382978724,0.2492646729371526,0.3966842926429117
0.5259387776318427,0.6424265019675881,0.432709039183509
0.5180361290754718,0.48340654770053215,0.32915149549436107
0.781040500522705,0.3980723791327132,0.6568696526240969
0.4162417819353039,0.7006151631606092,0.7802890471311099
0.6865481559695079,0.47400579251536645,1.1972058832400805
0.6385898348014745,0.7150676718019213,0.5142625964803433
0.36935852157948024,0.41542288787091686,0.636176674543906
0.6210316355200665,0.5690642330017154,0.35373681693201775
0.5236474329757701,0.5070919208751752,0.48841947739897806
0.7087626153774187,0.35979812224971874,0.6675733024665729
0.5321912946487297,0.6139228626580145,0.45599345404433744
0.5126148884654627,0.3988701632213639,0.3120586612045524
0.5283169536184691,0.5572404592930691,0.3313043461083178
0.3622926280114318,0.40397815671028814,0.4841837291814568
0.9218578678274679,0.5040617520861777,0.649128131726411
0.4810627930067811,0.7076116240614607,0.7496464319150751
0.5383273587522752,0.5775114050177665,0.453122581849857
0.5258666520788247,0.5047283252487724,0.7769534146933512
0.7463937906468132,0.7187708117166276,0.4348089411959597
0.4250288605568432,0.41369174811429066,0.5189202270215305
0.4630826788257728,0.3535094982114516,0.5237702538704994
0.5354573446462079,0.49111689773485256,0.44974490473119877
0.7549310641948458,0.5555281181727814,0.45748296601482963
0.47736677687747087,0.4725682897852117,0.4676225294719968
0.6620264566888316,0.5679672080290178,0.6197287427159883
0.7363647479958517,0.5824105246495943,0.5681854633540797
0.6728129686878783,0.38455224154405043,0.43862869193599474
0.5869629397344536,0.46031991388389903,0.3994567288250336
0.3403007542996863,0.4807050917714044,0.4343824674924581
1.3111417197428852,0.9399346760829936,0.9692897867532901
0.8911785624834982,0.9629114689693263,0.9411495375071106
0.9767378947400382,0.9048541330933406,1.1720303649773547
1.112480317666462,0.8207623512349306,1.16888080133695
1.0,0.8762818974237147,1.0040165825508252
1.1988893210439324,0.8519070015613203,1.1446444426000049
1.0416988541312324,0.8105355977173019,1.082516348897822
0.9262790219225514,1.0956521739130434,0.8280202098774726
0.9406144313151328,1.105500875743326,0.712051523444992
0.9778596278614976,1.2230439308526686,0.7710726915210231
0.8806664073736405,0.8169501533002237,0.907875349636935
1.1195228609334393,0.8382489511144495,1.0099736842435416
0.9695709690274907,0.660504908730557,1.4872350944582176
1.0782014058862317,0.7401642809225395,1.1140356567769634
0.8663693790437879,0.8844771115430493,1.0682612427902884
1.0,0.8563655297636803,0.7899116423561956
0.7863967465322481,0.7622840378382874,0.9977980244261198
1.154713186938819,0.9333333333333333,1.1776858840665383
0.9530791564682609,0.902604035491825,0.9360838603704145
1.0186598342715518,0.8744318985011621,1.1494211313723315
0.9382459772805536,0.9506212214556352,1.042498645718718
1.0397778642087865,0.8017418069875336,0.8191956734634493
1.066421116415507,0.8564725723982546,1.1901094854111764
1.0,0.6754001643216754,0.8000295792355385
0.8557617361662215,0.8231615702519599,0.9903699243193453
0.9551388546584065,0.7866362376238423,1.1953314930871601
1.2823551123121715,1.1042572070285375,1.2828264088629662
1.098975947808112,0.8508557108423637,1.029682080234979
0.9775039364667076,0.9624472270712592,1.068791916049011
0.8147379318416609,0.9303765916725154,1.0188394420970224
1.1909077869876714,1.3900631609044967,0.9371952635796958
1.1193335926263595,0.8962221389911106,1.186724236739071
1.0197951895616224,0.7174535843285837,1.3030762926300161
1.1002408674705781,1.0361486846582604,1.0235610861109428
0.8735398596322632,0.952163512676506,1.0246101934061174
1.0362738125055007,1.0774406456699772,1.1277564775237698
0.9554564596812626,1.043172878611481,1.3025224582551915
0.7176448876878286,0.8609903906286168,1.1333252042941329
1.0197951895616224,0.8725955885458787,0.8412487802236568
1.2097953395741723,0.8961359414425024,0.9699710260795833
1.0814544015563843,0.8392374191936518,0.8889805143702579
0.8170520692787392,0.7110261843789965,0.9271177406624495
1.0912870929175278,0.8639337142339094,0.6470525516076516
1.2196095317983555,0.9437766865175621,0.8841527487354379
0.9519368997915999,0.8031495998455147,0.9602829687510334
0.856141165587891,0.8518898217275901,0.8383356708240748
0.7484358554395085,0.7545631692737561,0.9758511709785149
0.9823001918648803,0.8427525040832664,0.6662525231908261
0.7327387580875756,0.8518898217275901,1.134509674327005
0.7261387212474169,0.7309822526409371,0.9411495375071106
0.7051160876902057,0.6274211967774899,0.7367107925805408
1.0261354186744658,0.919790484145792,0.7213608937123236
0.6906407832308854,0.9422052368757993,0.7365459499143578
1.076427230064468,0.6683349505452255,0.9445644641859725
0.6591810506000342,0.7844961027728931,1.2759308093942887
0.7964779922015286,0.975230815803914,1.0779816095223393
0.968627209743092,0.9731553700331129,1.0080020487867678
0.8829424891341361,1.0504617138207752,0.9654580462897047
0.7527648659556612,0.8199587955954232,0.7453416149068324
0.8945668342024639,0.7415274494555724,0.9285435394945168
1.0,1.007649651939193,0.8247024304913848
0.9651633492854191,0.7927736531316321,1.2582035652727936
0.8578222188520822,0.8384854293825503,1.0058919305255232
0.8478548451374539,0.7538038780867031,1.002111599272834
0.9020349225585756,0.8555369762970769,0.6310422355435588
0.777282298406313,0.8477021364577952,0.9442721787424647
0.8056017035197618,0.7777228877628065,1.129677120120022
0.7972739818060167,0.8890541071715576,0.8074534161490683
0.7062865245961588,0.689991682814858,0.9461118902746916
1.032655025813808,0.6113266139491096,0.4776018208134091
0.9767378947400382,0.7846434690283486,1.0982572046931574
0.8431360487154603,0.768094824565708,0.962164446173044
0.8399137261887781,0.8623875075887627,1.3202185644447932
0.8158850764203354,0.8230696526141235,0.7152975766042617
0.6953333261116047,0.6288106548579275,0.8900304308841471
0.7460833124614958,0.6299498351930217,0.5772407648129306
0.656728102261819,0.9025912414505468,0.7242236475548296
0.6115903335838342,0.6327206901882021,0.8464507806315207
0.6804951747886532,0.6174094724177405,0.43223882979101524
1.0890870806374748,0.8137453372484819,0.7067736832398741
0.7165266452430796,0.6902172870664183,0.592234451843332
0.6525603855138483,0.5648088875587807,1.091244859700871
0.45115620783621746,0.8006142385900434,0.4756845024418652
0.8094998094997142,0.803861544696133,0.809976148570734
0.716930741463851,0.5456948475832535,0.6216444617304397
0.6976460510465239,0.8060331849896508,0.38815805916170465
0.850773968252624,0.8615774129457296,0.6888186397341864
0.9319586182560229,0.8671991308256525,0.8134990383519373
0.8630693606237085,0.9814592895069092,0.5458034279169313
1.0124456687897154,0.6329871157261623,0.7901076409683981
0.770543185327986,0.5695167225024811,0.817452816189175
1.0,0.7979226388234765,0.6904363777794507
0.9643865168737553,0.876787803031631,0.5852477096533792
0.808508904554438,0.9818128367790977,0.7908902691511387
0.48428937687060336,0.3692219950830328,0.5783679819611307
0.6183741388842464,0.3954879797649218,0.32156920139914336
0.602252435582567,0.484494169513358,0.4049499261760551
0.6481315438127653,0.7190996761332051,0.5397662619708635
0.7142261966752959,0.5681076640825438,0.4353948403799861
0.528354507447754,0.39730352552024295,0.6470985616313629
0.7467476349038964,0.5215775295222478,1.1810761287937601
0.8816215690474054,0.48771369791297725,0.4891778691536651
0.32063377951324257,0.32883529362301533,0.6801712869046144
0.4896896369201712,0.37072213812913246,0.5321129351633143
0.5684819417419138,0.6848995554950186,0.47288719582709504
0.5665447709591889,0.34425311230960143,0.857485009943223
0.763772204369233,0.4851458467746965,0.4147933181200014
0.2672679594206405,0.3945485367014163,0.478609676362693
0.5397167500397135,0.33043478260869563,0.4335913269708246
0.29215580409519015,0.3453702987439461,0.47928221919622105
0.6546161986882706,0.607557671934214,0.6279111839504705
0.4282633078170647,0.4869565217391304,0.8966866259029467
0.5892202927391967,0.6470985616313629,0.4912666826060679
0.759464882278818,0.6353571241920797,0.8864351784376976
0.5991081371313635,0.5135803319185919,0.38803516346475597
0.3842064626254438,0.2502153952758823,0.3049212556891463
0.5830460760316032,0.3752765163289151,0.5629441727145117
0.6246743211217877,0.47030224642261553,0.49630785824049106
0.5935735613380442,0.5836132489843071,0.31781291383932875
0.7199751077921008,0.2643643405691535,0.5535207458747574
0.712175162199469,0.6056441281662202,0.695343615306732
0.726138721247417,0.44201938957873976,0.4649495926056578
0.7697599704565071,0.40473252885799016,0.3697823754312234
0.6186149643017631,0.6180069980006995,0.3911480678694944
0.30709767184426606,0.3044105825408502,0.37012444549871426
0.381147252244724,0.42691878316046317,0.4894721461814172
0.8152450697623275,0.8989544151869553,0.8768894737633077
0.6738772407978857,0.9101404350774235,0.6627691285285924
0.7227680237403207,0.8419755088581611,1.2100693386971557
0.9294467153236025,0.8109522924258648,1.1955795646794893
0.6376415186468143,0.6222673578247817,0.6112613542181687
0.6922751040184852,0.6151679443763711,1.073692435829385
0.6018535186606988,0.5112826926050074,0.9620787489299867
0.6763095906396004,0.7031303150021203,1.0
0.8220296849749045,0.6998498874061679,0.7782336187136282
0.7546532923299469,0.6604008650328603,0.9906866873962148
0.4261346534398779,0.7630975106586619,0.9494205816276773
0.5876610384601679,0.4527566359696086,0.9455478905524857
0.8918425368518249,0.5134907640226789,0.9919924800769571
0.5454529900098845,0.6173382536734906,1.0397594741975553
0.6554074336599472,0.7175934886583271,0.994535519125683
0.615889360201312,0.5185475076554928,0.6347686166005886
0.4056667018386837,0.41413822534497347,0.8633879781420765
0.8023180752614387,0.7295187314463762,1.364814742871846
0.9117066959012006,0.586430401751896,0.898201681860591
0.7229962939447679,0.4206896331296883,1.0808527489968163
0.4878343962826146,0.6299480581178727,0.721953894303649
0.7754439948243,0.7525480935766328,0.5513111970576028
0.7546532923299469,0.6958603089764817,1.0437734699357388
0.8491070899291357,0.6859396759943679,0.8473071108496352
0.8711438629336934,0.6312567810745852,0.7849157433922518
0.89056995053293,0.6752628405993518,1.1240032056780256
0.717940293127431,0.7152526012742503,1.387012155941432
0.6233651472724724,0.5635610211770354,0.8907802431010644
0.6190122627474532,0.6710694393867214,1.042678959977632
0.8235395819124975,0.8259505398948981,1.0467524582212184
0.6335018552327332,0.9335671752610663,0.735719219058417
0.6423737695349964,0.5643449760566934,0.8822764810046634
0.6233651472724724,0.3987988083320756,1.0165042478221982
0.601784769975449,0.7054044263846704,1.0023387925998561
0.6562707737291782,0.8475737552917302,0.8274015224752638
0.734551242509907,0.6894555102658282,1.0546627338900327
0.599527558037236,0.6322212003153717,1.1580521559387198
0.4949163388560974,0.7468912011326669,0.8014819862022768
0.4909221221375175,0.62717814039928,0.9951362811182513
0.6403093592565894,0.6367593746977753,0.853939434662454
0.7854124353345401,0.5539810546114787,0.6252086211039338
0.6885245901639344,0.31837879683253356,0.7961662757036254
0.6373543882678835,0.4553780496849512,0.51861617997401
0.9147261351315489,0.7064348110848558,0.6079687198830125
0.4941905699796245,0.4572624224643804,0.8521557458090854
0.9458587235097119,0.5413244451460785,0.9554232801308007
0.7083208809193382,0.44909057480405323,0.9629014831569824
0.5966198666277709,0.4399346087980379,0.6000530615460477
0.7485405596977993,0.5413244451460785,0.8081291173084801
0.8027716848474454,0.32043133358994824,0.9176838030266643
0.5221713004679815,0.29442078540068506,0.8693229066276709
0.5683060109289617,0.8650666156689968,0.6641391686302202
0.6119088327488493,0.7967094657219838,0.7932444601959683
0.6452515203184488,0.4234457807726273,0.7113721300526823
0.6604691196632775,0.4349359509123305,0.9972277036398062
0.9801419039024177,0.6463769697852993,0.8007020204687818
0.8097736860626861,0.8004118853087107,0.6340436576302706
0.905597290859777,0.6864880646867632,0.7771274105439038
0.6685582505495408,0.3569240984646579,0.820171994799778
0.8771816488212272,0.4229216425991994,0.6853853736035667
0.6303893645227137,0.6483055802641269,0.698098730634455
0.7742033279928582,0.5499548131947531,0.7900472774182483
0.6475226349370116,0.5343640726739218,0.663703872475673
0.6500787956970806,0.40688882736550414,0.6698673588470951
0.4788248408893748,0.39720371321368997,0.8007020204687818
0.6740340588675177,0.5283557964881587,1.05926955847702
0.5091280638191431,0.5345693213530971,0.9077327472940864
0.967586690963674,0.6539637297570895,0.9332067409256318
0.7514332970472366,0.514509714725242,0.9554232801308007
0.5880667956374535,0.4995263548569162,0.6054443455699183
0.4990369551798779,0.6548636224343787,0.9187207732640063
0.6523450124593917,0.6275813272950279,1.0085357919955265
0.5648721338304883,0.8657687889571951,1.0924026588693216
0.68241323960986,0.39595955030737806,0.8179059096716599
0.605055482519784,0.39833333191998443,0.9962615973451194
0.9570225821206516,0.5898411841819593,0.5786040890934403
0.8593260212602485,0.6541442186993365,0.5862530435522544
0.6310745987221986,0.3768536381303439,0.7449157321671642
0.8663937219934308,0.5995699802675316,0.676695005325742
0.5809009328296655,0.4212627999675046,0.5495325491160178
0.6443826491378801,0.7578018453419738,0.8081291173084801
0.6144288582032923,0.7298648986655512,1.0539132522014258
0.5245901639344263,0.5296959266200105,0.7520151231012541
0.6857822588652238,0.5123814982829,0.6439178747140855
0.47680399281838626,0.384920242257593,0.615889360201312
0.5213556647769259,0.539745450952275,0.7010172934251759
0.6609526265887846,0.5618271015469802,0.6853853736035667
0.6443420001864001,0.3873211482551602,0.8016461185278141
0.5228347214051099,0.418956718044144,0.5776025125121708
0.523800672767689,0.539720717054709,0.8793454699992179
0.7418455844322472,0.35445911044753764,1.0348472248992877
0.44276843160104085,0.32779715903320583,0.5732104002236801
0.605352124208778,0.5967134086606785,0.6083959268916351
0.6289849102323422,0.4673971975250161,0.8098961087883367
0.5147807301871679,0.2778238822366411,0.7433522395281922
0.4112672859604304,0.42951735306807937,0.5446181296958774
0.5010256421056634,0.6511835356908255,0.5476030242371008
0.9028878173164436,0.47026992979384874,0.4391075116898896
0.7524620321297344,0.32160027739507524,0.6996174798311332
0.36933406255091306,0.7587757798723878,0.89413774653662
0.5418600132782666,0.32779715903320583,1.1185436964945756
0.4307279466850774,0.4360123555380315,0.5025599824001129
0.8224447939428913,0.6255369503987167,0.6758864440269365
0.829284160089472,0.49320844916341333,0.6054443455699183
0.8414997118527794,0.6357833329718361,0.6063008762945343
0.7436514617430423,0.31279294581198946,0.6243980685514043
0.6443826491378801,0.5821231442587487,0.7584926175377998
0.759253891172446,0.25622157676211155,0.5341974294665974
0.953433436981074,0.7295187314463762,0.5282192684703704
0.6103714661717707,0.46440144400717187,0.5473925633905288
1.0302832911635065,0.3565124770182495,0.8841095176987037
0.899585877037805,0.5316056081144565,0.8979972844116442
0.5350244848935198,0.41922172466593133,0.6916923507143863
0.5697249577051233,0.3990180026162504,0.7181745325499417
0.7038366591996303,0.42391160501045744,0.4524162841186402
0.7763778007417375,0.5475762995960483,0.6839141182489132
0.5007071139162522,0.30049422171371754,0.6935857104498282
0.4731007924940237,0.39720371321368997,0.6060387705783505
0.7319956119834492,0.5261516861566092,0.770668060392238
0.6291925649456358,0.6354045117328251,0.6423932333124653
0.39357700557024633,0.25991134486739487,0.5814180599699939
0.6564409994116791,0.41764064263580836,0.8005875258483008
0.9732559130322641,0.5655944114053543,0.7218244533416283
0.8903557665743553,0.5056259553550578,0.5284317800267618
0.8885582003270017,0.5441669343018392,0.5489375314977754
0.5147807301871679,0.35734011513206365,0.553660286008794
0.9215937439766025,0.489384141803647,0.6146542745709529
