stimulus_filename,trials.thisRepN,trials.thisTrialN,trials.thisN,trials.thisIndex,thisRow.t,notes,welcome.started,welcome_image.started,welcome_key_resp.started,welcome.stopped,welcome_key_resp.keys,welcome_key_resp.rt,welcome_key_resp.duration,instruction.started,instruction_image.started,instruction_key_resp.started,instruction.stopped,instruction_key_resp.keys,instruction_key_resp.rt,instruction_key_resp.duration,start.started,start_image.started,key_resp.started,start.stopped,key_resp.keys,key_resp.rt,key_resp.duration,block_info.started,block_text.started,block_info.stopped,img_presentation.started,ISI_text.started,stimulus_image.started,ISI_text.stopped,stimulus_image.stopped,text.started,text.stopped,img_presentation.stopped,evaluation.started,horizontal_polygon.started,vertical_polygon.started,ha_text.started,la_text.started,negative_text.started,positive_text.started,mouse.started,evaluation.stopped,mouse.x,mouse.y,mouse.leftButton,mouse.midButton,mouse.rightButton,mouse.time,rest.started,rest.stopped,key_resp_2.keys,rest_image.started,key_resp_2.started,key_resp_2.rt,key_resp_2.duration,block_text.stopped,end.started,end_image.started,key_resp_3.started,end.stopped,key_resp_3.keys,key_resp_3.rt,key_resp_3.duration,participant,session,date,expName,psychopyVersion,frameRate,expStart,
,,,,,,,0.01963964570131793,0.05301110633445205,0.05301110633445205,8.836708435636865,space,8.775296018757217,None,,,,,,,,,,,,,,,,,,,,,,,,,,,,,,,,,,,,,,,,,,,,,,,,,,,,,,,,ED06,001,2024-01-15_14h36.55.629,rating,2023.2.3,60.03741696289162,2024-01-15 14h37.10.757198 +0800,
,,,,,,,,,,,,,,8.836727822398643,8.869730079246438,8.869730079246438,10.553395135290884,space,1.6746490710884245,None,,,,,,,,,,,,,,,,,,,,,,,,,,,,,,,,,,,,,,,,,,,,,,,,,ED06,001,2024-01-15_14h36.55.629,rating,2023.2.3,60.03741696289162,2024-01-15 14h37.10.757198 +0800,
,,,,,,,,,,,,,,,,,,,,,10.553414236954268,10.586350065629631,10.586350065629631,21.05345757207033,return,10.462472359608,None,,,,,,,,,,,,,,,,,,,,,,,,,,,,,,,,,,,,,,,,,,ED06,001,2024-01-15_14h36.55.629,rating,2023.2.3,60.03741696289162,2024-01-15 14h37.10.757198 +0800,
neg_192.jpg,0,0,0,103,21.086512287216465,,,,,,,,,,,,,,,,,,,,,,,21.07396648598933,21.086512287216465,22.069800612849576,22.069808880733945,22.103139001947056,23.053126286511542,23.103099943322377,24.05310091266074,24.05310091266074,24.303150805063524,24.28664896389182,24.28665723177528,24.303150805063524,24.303150805063524,24.303150805063524,24.303150805063524,24.303150805063524,24.303150805063524,-0.00026599778539093677,26.52023037175786,[-243.0],[-344.0],[1],[0],[0],[2.216757404317832],26.52155636929274,26.525581973503904,None,,,,,,,,,,,,,ED06,001,2024-01-15_14h36.55.629,rating,2023.2.3,60.03741696289162,2024-01-15 14h37.10.757198 +0800,
neg_56.jpg,0,1,1,144,26.553143392477978,,,,,,,,,,,,,,,,,,,,,,,26.52597255974797,,26.52600534618523,26.52601247367147,26.553143392477978,27.536535494311465,27.553146528572142,28.53651354165322,28.53651354165322,28.78652038404016,28.770044772017172,28.770052754802236,28.78652038404016,28.78652038404016,28.78652038404016,28.78652038404016,28.78652038404016,28.78652038404016,0.010565500458142196,30.520204712807754,[-328.0],[-347.0],[1],[0],[0],[1.7333755660647512],30.520601856339454,30.523693474758147,None,,,,,,,,,,,,,ED06,001,2024-01-15_14h36.55.629,rating,2023.2.3,60.03741696289162,2024-01-15 14h37.10.757198 +0800,
neg_140.jpg,0,2,2,46,30.553157647450462,,,,,,,,,,,,,,,,,,,,,,,30.523928681803227,,30.523959757642842,30.523966885129084,30.553157647450462,31.53654205159819,31.553185302097518,32.5365275115264,32.5365275115264,32.78653321351521,32.77007898395095,32.77008668163671,32.78653321351521,32.78653321351521,32.78653321351521,32.78653321351521,32.78653321351521,32.78653321351521,0.012623348276974866,34.27025004361985,[-329.0],[216.0],[1],[0],[0],[1.4834485515239066],34.27063179178185,34.27370887012785,None,,,,,,,,,,,,,ED06,001,2024-01-15_14h36.55.629,rating,2023.2.3,60.03741696289162,2024-01-15 14h37.10.757198 +0800,
neu_65.jpg,0,3,3,346,34.303265415042006,,,,,,,,,,,,,,,,,,,,,,,34.27392098411747,,34.27394892386383,34.27395519605125,34.303265415042006,35.2865574469688,35.30322122462803,36.28656286385831,36.28656286385831,36.536566855250385,36.52011462138216,36.52012260416723,36.536566855250385,36.536566855250385,36.536566855250385,36.536566855250385,36.536566855250385,36.536566855250385,0.012666398292822123,38.60365560214723,[21.0],[15.0],[1],[0],[0],[2.066795664663914],38.6040516052808,38.60715491277642,None,,,,,,,,,,,,,ED06,001,2024-01-15_14h36.55.629,rating,2023.2.3,60.03741696289162,2024-01-15 14h37.10.757198 +0800,
neu_106.jpg,0,4,4,200,38.63658772452982,,,,,,,,,,,,,,,,,,,,,,,38.60738698372734,,38.607417489368345,38.60742433175528,38.63658772452982,39.61991852998199,39.636623076861724,40.61993877204259,40.61993877204259,40.869959584301796,40.85346914710772,40.85347684479348,40.869959584301796,40.869959584301796,40.869959584301796,40.869959584301796,40.869959584301796,40.869959584301796,0.012590276740411355,43.07035085478492,[146.0],[-363.0],[1],[0],[0],[2.2001138687191997],43.07071464168166,43.07382336606679,None,,,,,,,,,,,,,ED06,001,2024-01-15_14h36.55.629,rating,2023.2.3,60.03741696289162,2024-01-15 14h37.10.757198 +0800,
neg_184.jpg,0,5,5,94,43.10329295564861,,,,,,,,,,,,,,,,,,,,,,,43.07405771781305,,43.07408850855336,43.0740953509403,43.10329295564861,44.086637160774444,44.10331462320664,45.08664656905603,45.08664656905603,45.33667108760892,45.32018036531463,45.32018834809969,45.33667108760892,45.33667108760892,45.33667108760892,45.33667108760892,45.33667108760892,45.33667108760892,0.012630760861611634,47.05366654996578,[-294.0],[-345.0],[1],[0],[0],[1.7167257582796083],47.054172031287635,47.057246543738984,None,,,,,,,,,,,,,ED06,001,2024-01-15_14h36.55.629,rating,2023.2.3,60.03741696289162,2024-01-15 14h37.10.757198 +0800,
neu_21.jpg,0,6,6,298,47.08666966211149,,,,,,,,,,,,,,,,,,,,,,,47.057476333894556,,47.057504273640916,47.057510545828336,47.08666966211149,48.07001842882801,48.086677644896554,49.070028122209806,49.070028122209806,49.32001985432544,49.303556501578896,49.30356391416444,49.32001985432544,49.32001985432544,49.32001985432544,49.32001985432544,49.32001985432544,49.32001985432544,0.01256518798891193,52.43709993419907,[60.0],[-158.0],[1],[0],[0],[3.1167852870439674],52.43752644297365,52.44056360739796,None,,,,,,,,,,,,,ED06,001,2024-01-15_14h36.55.629,rating,2023.2.3,60.03741696289162,2024-01-15 14h37.10.757198 +0800,
neu_70.jpg,0,7,7,352,52.47005058804643,,,,,,,,,,,,,,,,,,,,,,,52.440802520734906,,52.44083302637591,52.44083986876285,52.47005058804643,53.45339450807205,53.47006085162593,54.4534019206576,54.4534019206576,54.703401065359685,54.686953107982845,54.68696109076791,54.703401065359685,54.703401065359685,54.703401065359685,54.703401065359685,54.703401065359685,54.703401065359685,0.012616790988431603,56.65382312658312,[63.0],[-284.0],[1],[0],[0],[1.9501358213774438],56.65419746215866,56.65717618119561,None,,,,,,,,,,,,,ED06,001,2024-01-15_14h36.55.629,rating,2023.2.3,60.03741696289162,2024-01-15 14h37.10.757198 +0800,
neg_58.jpg,0,8,8,146,56.68680086487802,,,,,,,,,,,,,,,,,,,,,,,56.6574322004999,,56.657460710444866,56.657466982633196,56.68680086487802,57.67010002429015,57.68679231189435,58.67010686667709,58.67010686667709,58.920132525627196,58.903655203008384,58.90366318579254,58.920132525627196,58.920132525627196,58.920132525627196,58.920132525627196,58.920132525627196,58.920132525627196,0.012721707586024422,60.28720576311389,[-371.0],[-320.0],[1],[0],[0],[1.3667778744575116],60.28761716161807,60.29074441746798,None,,,,,,,,,,,,,ED06,001,2024-01-15_14h36.55.629,rating,2023.2.3,60.03741696289162,2024-01-15 14h37.10.757198 +0800,
neg_74.jpg,0,9,9,164,60.32012477092303,,,,,,,,,,,,,,,,,,,,,,,60.290976773518196,,60.29100841955733,60.29101497684405,60.32012477092303,61.303467835650736,61.32013189840927,62.30349834129174,62.30349834129174,62.55347866942975,62.53700847429627,62.537016457080426,62.55347866942975,62.55347866942975,62.55347866942975,62.55347866942975,62.55347866942975,62.55347866942975,0.012521852872851014,64.57055441579178,[-283.0],[-237.0],[1],[0],[0],[2.0167974893001883],64.5709584017095,64.57405458171888,None,,,,,,,,,,,,,ED06,001,2024-01-15_14h36.55.629,rating,2023.2.3,60.03741696289162,2024-01-15 14h37.10.757198 +0800,
neu_84.jpg,0,10,10,367,64.60349195506387,,,,,,,,,,,,,,,,,,,,,,,64.57428722286932,,64.57431858380824,64.57432542619517,64.60349195506387,65.58686837642745,65.60350963122983,66.58684898966476,66.58684898966476,66.83685013006198,66.82041785315596,66.82042555084081,66.83685013006198,66.83685013006198,66.83685013006198,66.83685013006198,66.83685013006198,66.83685013006198,0.012580583358612785,70.17065169172292,[249.0],[-236.0],[1],[0],[0],[3.333480539681659],70.17109616176276,70.1744512120722,None,,,,,,,,,,,,,ED06,001,2024-01-15_14h36.55.629,rating,2023.2.3,60.03741696289162,2024-01-15 14h37.10.757198 +0800,
neg_186.jpg,0,11,11,96,70.2035781121167,,,,,,,,,,,,,,,,,,,,,,,70.17469041050936,,70.17472177144828,70.17472861383521,70.2035781121167,71.18689323709896,71.2035575849568,72.18690207518193,72.18690207518193,72.43690663677262,72.42043359064519,72.42044157342934,72.43690663677262,72.43690663677262,72.43690663677262,72.43690663677262,72.43690663677262,72.43690663677262,0.012235327927555772,74.45403199043903,[-147.0],[230.0],[1],[0],[0],[2.0168117442726725],74.45445336742341,74.45755810041646,None,,,,,,,,,,,,,ED06,001,2024-01-15_14h36.55.629,rating,2023.2.3,60.03741696289162,2024-01-15 14h37.10.757198 +0800,
neg_44.jpg,0,12,12,131,74.48692990088784,,,,,,,,,,,,,,,,,,,,,,,74.45779245216363,,74.45782324290394,74.45783008528997,74.48692990088784,75.47027125501882,75.48697694229668,76.47029919476518,76.47029919476518,76.72027952290318,76.70385123738833,76.7038589350741,76.72027952290318,76.72027952290318,76.72027952290318,76.72027952290318,76.72027952290318,76.72027952290318,0.012511589292444114,79.50402674460929,[-238.0],[-89.0],[1],[0],[0],[2.7834595563626863],79.50444042390882,79.50758649632189,None,,,,,,,,,,,,,ED06,001,2024-01-15_14h36.55.629,rating,2023.2.3,60.03741696289162,2024-01-15 14h37.10.757198 +0800,
neu_40.jpg,0,13,13,319,79.53699393422448,,,,,,,,,,,,,,,,,,,,,,,79.50781999277024,,79.50785021331103,79.50785705569797,79.53699393422448,80.52031447609534,80.53697910905248,81.52032901616712,81.52032901616712,81.77032645027248,81.75385739553712,81.75386509322198,81.77032645027248,81.77032645027248,81.77032645027248,81.77032645027248,81.77032645027248,81.77032645027248,0.012524703866802156,84.87082486112831,[332.0],[-78.0],[1],[0],[0],[3.100159997810806],84.87120946028426,84.87437862575189,None,,,,,,,,,,,,,ED06,001,2024-01-15_14h36.55.629,rating,2023.2.3,60.03741696289162,2024-01-15 14h37.10.757198 +0800,
neg_32.jpg,0,14,14,118,84.90369711262701,,,,,,,,,,,,,,,,,,,,,,,84.87461126690232,,84.87464205764263,84.87464918512887,84.90369711262701,85.8870541472279,85.90370195931791,86.88705899391789,86.88705899391789,87.13705072603443,87.12057682460818,87.12058452229303,87.13705072603443,87.13705072603443,87.13705072603443,87.13705072603443,87.13705072603443,87.13705072603443,0.012553213812680042,88.63749120468219,[-318.0],[-92.0],[1],[0],[0],[1.500034782133298],88.63791229656727,88.64113335013553,None,,,,,,,,,,,,,ED06,001,2024-01-15_14h36.55.629,rating,2023.2.3,60.03741696289162,2024-01-15 14h37.10.757198 +0800,
neu_52.jpg,0,15,15,332,88.67039510222003,,,,,,,,,,,,,,,,,,,,,,,88.64136342539041,,88.64139421613072,88.64140134361696,88.67039510222003,89.65373759674821,89.67039168102656,90.65374443913515,90.65374443913515,90.90374586463258,90.88727709499653,90.88728450758208,90.90374586463258,90.90374586463258,90.90374586463258,90.90374586463258,90.90374586463258,90.90374586463258,0.012403251502291823,94.27088467499198,[343.0],[-230.0],[1],[0],[0],[3.3668386006402216],94.27129863939172,94.27427849882588,None,,,,,,,,,,,,,ED06,001,2024-01-15_14h36.55.629,rating,2023.2.3,60.03741696289162,2024-01-15 14h37.10.757198 +0800,
neu_38.jpg,0,16,16,316,94.30380539339694,,,,,,,,,,,,,,,,,,,,,,,94.27450914427936,,94.27453993502058,94.27454677740661,94.30380539339694,95.28712479487058,95.30378629173447,96.28716812998755,96.28716812998755,96.53714959852277,96.52067484179861,96.52068225438416,96.53714959852277,96.53714959852277,96.53714959852277,96.53714959852277,96.53714959852277,96.53714959852277,0.012666968491430453,98.40415213134656,[315.0],[54.0],[1],[0],[0],[1.8666857873367917],98.40457350833094,98.40766427145081,None,,,,,,,,,,,,,ED06,001,2024-01-15_14h36.55.629,rating,2023.2.3,60.03741696289162,2024-01-15 14h37.10.757198 +0800,
neg_30.jpg,0,17,17,116,98.43715381799484,,,,,,,,,,,,,,,,,,,,,,,98.40789662750194,,98.40792770334156,98.4079345457285,98.43715381799484,99.42049574232442,99.43716835806663,100.42050286981066,100.42050286981066,100.6704994486181,100.65403238957788,100.65404037236294,100.6704994486181,100.6704994486181,100.6704994486181,100.6704994486181,100.6704994486181,100.6704994486181,0.01262049728211423,103.18763164467055,[-383.0],[107.0],[1],[0],[0],[2.5168051869859482],103.18802337131274,103.19110501125033,None,,,,,,,,,,,,,ED06,001,2024-01-15_14h36.55.629,rating,2023.2.3,60.03741696289162,2024-01-15 14h37.10.757198 +0800,
neg_64.jpg,0,18,18,153,103.22053354651143,,,,,,,,,,,,,,,,,,,,,,,103.19133708220124,,103.19136758784225,103.19137443022919,103.22053354651143,104.2039096827757,104.22053896340094,105.2039048360848,105.2039048360848,105.45391025297431,105.43741525418864,105.437423522073,105.45391025297431,105.45391025297431,105.45391025297431,105.45391025297431,105.45391025297431,105.45391025297431,0.012596263828527299,107.53768672588376,[-382.0],[257.0],[1],[0],[0],[2.083457446627108],107.53812064724389,107.54120228718148,None,,,,,,,,,,,,,ED06,001,2024-01-15_14h36.55.629,rating,2023.2.3,60.03741696289162,2024-01-15 14h37.10.757198 +0800,
neu_14.jpg,0,19,19,237,107.57057294725564,,,,,,,,,,,,,,,,,,,,,,,107.54143492833191,,107.54146600417153,107.54147284655846,107.57057294725564,108.55391030999454,108.57057950454237,109.5539239947675,109.5539239947675,109.80392513516563,109.78745950162374,109.7874677695072,109.80392513516563,109.80392513516563,109.80392513516563,109.80392513516563,109.80392513516563,109.80392513516563,0.01251130419313995,112.30441322542174,[117.0],[-331.0],[1],[0],[0],[2.5001588003924553],112.30484714678187,112.3079407608966,None,,,,,,,,,,,,,ED06,001,2024-01-15_14h36.55.629,rating,2023.2.3,60.03741696289162,2024-01-15 14h37.10.757198 +0800,
neu_63.jpg,0,20,20,344,112.33729916169341,,,,,,,,,,,,,,,,,,,,,,,112.30817625304098,,112.3082070437813,112.30821388616823,112.33729916169341,113.32062540555398,113.33733080773254,114.32062854164815,114.32062854164815,114.5706316777414,114.5541902776531,114.55419797533796,114.5706316777414,114.5706316777414,114.5706316777414,114.5706316777414,114.5706316777414,114.5706316777414,0.012475381662625296,116.52096906442875,[51.0],[-238.0],[1],[0],[0],[1.9500408832609537],116.52139329240799,116.52451969295907,None,,,,,,,,,,,,,ED06,001,2024-01-15_14h36.55.629,rating,2023.2.3,60.03741696289162,2024-01-15 14h37.10.757198 +0800,
neg_9.jpg,0,21,21,181,116.55399270373528,,,,,,,,,,,,,,,,,,,,,,,116.52475347450672,,116.52478398014773,116.52479082253467,116.55399270373528,117.53734631714269,117.553999261022,118.53734090025318,118.53734090025318,118.78734432144665,118.77087612200921,118.77088381969406,118.78734432144665,118.78734432144665,118.78734432144665,118.78734432144665,118.78734432144665,118.78734432144665,0.012613369794962637,121.77104290518582,[-382.0],[191.0],[1],[0],[0],[2.983394097528617],121.77149564311003,121.77461776716973,None,,,,,,,,,,,,,ED06,001,2024-01-15_14h36.55.629,rating,2023.2.3,60.03741696289162,2024-01-15 14h37.10.757198 +0800,
neg_85.jpg,0,22,22,176,121.8040497236243,,,,,,,,,,,,,,,,,,,,,,,121.77485297421481,,121.77488433515373,121.77489117754067,121.8040497236243,122.78738566086668,122.80405285971847,123.78742500458975,123.78742500458975,124.0373970648443,124.02095024786558,124.02095794555044,124.0373970648443,124.0373970648443,124.0373970648443,124.0373970648443,124.0373970648443,124.0373970648443,0.012563192292873282,127.17117998100093,[-312.0],[99.0],[1],[0],[0],[3.133470162062622],127.1716204596487,127.17470951217183,None,,,,,,,,,,,,,ED06,001,2024-01-15_14h36.55.629,rating,2023.2.3,60.03741696289162,2024-01-15 14h37.10.757198 +0800,
neg_155.jpg,0,23,23,62,127.20408872522876,,,,,,,,,,,,,,,,,,,,,,,127.17492704305096,,127.17495526789662,127.17496154008404,127.20408872522876,128.18743720684688,128.20411780537324,129.18744747042638,129.18744747042638,129.4374580191061,129.4209718584034,129.42097984118845,129.4374580191061,129.4374580191061,129.4374580191061,129.4374580191061,129.4374580191061,129.4374580191061,0.012553213811770547,131.20460104893755,[-230.0],[345.0],[1],[0],[0],[1.7667869406213867],131.2050509358678,131.20812402282172,None,,,,,,,,,,,,,ED06,001,2024-01-15_14h36.55.629,rating,2023.2.3,60.03741696289162,2024-01-15 14h37.10.757198 +0800,
neu_68.jpg,0,24,24,349,131.23746845374626,,,,,,,,,,,,,,,,,,,,,,,131.20835552357403,,131.20838545901552,131.20839230140245,131.23746845374626,132.2208075270819,132.2374758663318,133.2208129439714,133.2208129439714,133.4707430946064,133.45436413129664,133.4543718289815,133.4707430946064,133.4707430946064,133.4707430946064,133.4707430946064,133.4707430946064,133.4707430946064,0.012436608137250005,135.3879496445952,[133.0],[338.0],[1],[0],[0],[1.9168299336179189],135.3883915487404,135.3915798158714,None,,,,,,,,,,,,,ED06,001,2024-01-15_14h36.55.629,rating,2023.2.3,60.03741696289162,2024-01-15 14h37.10.757198 +0800,
neu_58.jpg,0,25,25,338,135.42082816828133,,,,,,,,,,,,,,,,,,,,,,,135.39181274212115,,135.39184324776215,135.3918512305463,135.42082816828133,136.40420344924678,136.42084270835312,137.404184062485,137.404184062485,137.65411478331862,137.63774038159954,137.6377483643846,137.65411478331862,137.65411478331862,137.65411478331862,137.65411478331862,137.65411478331862,137.65411478331862,0.01232228325898177,138.7214073763207,[136.0],[-265.0],[1],[0],[0],[1.0668914580792261],138.72209959778138,138.72526448675853,None,,,,,,,,,,,,,ED06,001,2024-01-15_14h36.55.629,rating,2023.2.3,60.03741696289162,2024-01-15 14h37.10.757198 +0800,
neu_82.jpg,0,26,26,365,138.75420436156583,,,,,,,,,,,,,,,,,,,,,,,138.72550111930013,,138.72553191004044,138.72553875242738,138.75420436156583,139.73756453225997,139.7542080678586,140.73754742629353,140.73754742629353,141.00422574402364,140.9711151493866,140.97112284707146,141.00422574402364,141.00422574402364,141.00422574402364,141.00422574402364,141.00422574402364,141.00422574402364,0.028744296585500706,142.3378513993248,[146.0],[-296.0],[1],[0],[0],[1.3333154671008742],142.33828589088444,142.34130937053487,None,,,,,,,,,,,,,ED06,001,2024-01-15_14h36.55.629,rating,2023.2.3,60.03741696289162,2024-01-15 14h37.10.757198 +0800,
neu_11.jpg,0,27,27,204,142.37090155287933,,,,,,,,,,,,,,,,,,,,,,,142.34154001598836,,142.34157052162936,142.3415773640163,142.37090155287933,143.354257447083,143.37090782506766,144.35429080371796,144.35429080371796,144.6209195141446,144.5877912433416,144.58779865592714,144.6209195141446,144.6209195141446,144.6209195141446,144.6209195141446,144.6209195141446,144.6209195141446,0.02939802962100657,145.7878503729671,[120.0],[-290.0],[1],[0],[0],[1.1666195302250344],145.78828828572023,145.79148624623213,None,,,,,,,,,,,,,ED06,001,2024-01-15_14h36.55.629,rating,2023.2.3,60.03741696289162,2024-01-15 14h37.10.757198 +0800,
neu_22.jpg,0,28,28,299,145.82093559375426,,,,,,,,,,,,,,,,,,,,,,,145.79172031288,,145.79175024832148,145.79175709070842,145.82093559375426,146.8042752372885,146.82094870832861,147.8042857859682,147.8042857859682,148.07095184442278,148.037813880238,148.03782157792284,148.07095184442278,148.07095184442278,148.07095184442278,148.07095184442278,148.07095184442278,148.07095184442278,0.029248352409922518,149.37121772816772,[262.0],[-205.0],[1],[0],[0],[1.2999582614402243],149.37165991741222,149.37473842125655,None,,,,,,,,,,,,,ED06,001,2024-01-15_14h36.55.629,rating,2023.2.3,60.03741696289162,2024-01-15 14h37.10.757198 +0800,
neg_180.jpg,0,29,29,90,149.40430209365604,,,,,,,,,,,,,,,,,,,,,,,149.37494882464944,,149.37497647929558,149.374982751483,149.40430209365604,150.38764344778792,150.4043351651926,151.3876528560695,151.3876528560695,151.65432233571755,151.62122799174813,151.6212362596325,151.65432233571755,151.65432233571755,151.65432233571755,151.65432233571755,151.65432233571755,151.65432233571755,0.02939489352684177,154.254840988634,[-318.0],[145.0],[1],[0],[0],[2.600182520666749],154.25529657755214,160.83819522926024,space,154.28770497224832,154.28770497224832,6.542308473041885,None,,,,,,,,,ED06,001,2024-01-15_14h36.55.629,rating,2023.2.3,60.03741696289162,2024-01-15 14h37.10.757198 +0800,
neg_18.jpg,0,30,30,89,160.85442708125447,,,,,,,,,,,,,,,,,,,,,,,160.83881303976432,160.85442708125447,161.83794491194385,161.8379523245303,161.87108715262093,162.83776216319802,162.87110140759341,163.83776843538544,163.83776843538544,164.10445217000597,164.0713201929093,164.07132760549575,164.10445217000597,164.10445217000597,164.10445217000597,164.10445217000597,164.10445217000597,164.10445217000597,0.015865499203755462,167.83813450307753,[-311.0],[173.0],[1],[0],[0],[3.733363021689911],167.8385798284162,167.84164151139248,None,,,,,161.87108715262093,,,,,,,,ED06,001,2024-01-15_14h36.55.629,rating,2023.2.3,60.03741696289162,2024-01-15 14h37.10.757198 +0800,
neg_3.jpg,0,31,31,115,167.87114274701344,,,,,,,,,,,,,,,,,,,,,,,167.8418735823434,,167.8419040879844,167.84191093037043,167.87114274701344,168.85448324584559,168.87115244039433,169.85449151372995,169.85449151372995,170.12115899768196,170.08803015667945,170.0880378543643,170.12115899768196,170.12115899768196,170.12115899768196,170.12115899768196,170.12115899768196,170.12115899768196,0.029303661703124817,172.6882029839653,[-345.0],[240.0],[1],[0],[0],[2.566724960001011],172.68865686228673,172.69178982012545,None,,,,,,,,,,,,,ED06,001,2024-01-15_14h36.55.629,rating,2023.2.3,60.03741696289162,2024-01-15 14h37.10.757198 +0800,
neg_25.jpg,0,32,32,110,172.7211901305418,,,,,,,,,,,,,,,,,,,,,,,172.69202132087685,,172.69205125631925,172.69205809870618,172.7211901305418,173.70453148467277,173.72118899014367,174.70453547606485,174.70453547606485,174.97122320207745,174.93807012762227,174.93807811040642,174.97122320207745,174.97122320207745,174.97122320207745,174.97122320207745,174.97122320207745,174.97122320207745,0.02922098286308028,176.27155237790066,[-350.0],[270.0],[1],[0],[0],[1.300009864441563],176.27202592808408,176.2751135551107,None,,,,,,,,,,,,,ED06,001,2024-01-15_14h36.55.629,rating,2023.2.3,60.03741696289162,2024-01-15 14h37.10.757198 +0800,
neg_177.jpg,0,33,33,86,176.30457573210697,,,,,,,,,,,,,,,,,,,,,,,176.2753450558621,,176.2753752764038,176.27538211879073,176.30457573210697,177.28788715079554,177.3045626175326,178.28789655907804,178.28789655907804,178.55457430660954,178.52145715468487,178.52146542256833,178.55457430660954,178.55457430660954,178.55457430660954,178.55457430660954,178.55457430660954,178.55457430660954,0.029247497112010024,179.68837090754005,[-352.0],[352.0],[1],[0],[0],[1.133474438553094],179.68878971862978,179.69195945429692,None,,,,,,,,,,,,,ED06,001,2024-01-15_14h36.55.629,rating,2023.2.3,60.03741696289162,2024-01-15 14h37.10.757198 +0800,
neu_20.jpg,0,34,34,297,179.72127166898372,,,,,,,,,,,,,,,,,,,,,,,179.69219266564596,,179.69222374148558,179.69223058387252,179.72127166898372,180.70459021515853,180.72128221766343,181.7046036148331,181.7046036148331,181.97130730641493,181.93819471608094,181.9382021286665,181.97130730641493,181.97130730641493,181.97130730641493,181.97130730641493,181.97130730641493,181.97130730641493,0.029130606338185316,184.13831998877868,[19.0],[318.0],[1],[0],[0],[2.166691945484672],184.13874507205583,184.14192963289497,None,,,,,,,,,,,,,ED06,001,2024-01-15_14h36.55.629,rating,2023.2.3,60.03741696289162,2024-01-15 14h37.10.757198 +0800,
neu_1.jpg,0,35,35,192,184.17129658667545,,,,,,,,,,,,,,,,,,,,,,,184.14216084854706,,184.14219192438668,184.14219876677362,184.17129658667545,185.15463879610525,185.17130685025586,186.15464848948614,186.15464848948614,186.42131340754258,186.38819825131395,186.3882056638995,186.42131340754258,186.42131340754258,186.42131340754258,186.42131340754258,186.42131340754258,186.42131340754258,0.02917223085751175,188.1216747425833,[73.0],[-226.0],[1],[0],[0],[1.700031760078673],188.1221009662595,188.12521653303065,None,,,,,,,,,,,,,ED06,001,2024-01-15_14h36.55.629,rating,2023.2.3,60.03741696289162,2024-01-15 14h37.10.757198 +0800,
neg_92.jpg,0,36,36,184,188.1546718676409,,,,,,,,,,,,,,,,,,,,,,,188.1254494592804,,188.1254799649214,188.12548680730833,188.1546718676409,189.13801151117514,189.15469809679053,190.13801863866138,190.13801863866138,190.40477478854154,190.37157153658336,190.3715792342682,190.40477478854154,190.40477478854154,190.40477478854154,190.40477478854154,190.40477478854154,190.40477478854154,0.029348137217311887,193.17184340741733,[-337.0],[-175.0],[1],[0],[0],[2.7667330568247053],193.17227333738538,193.17538519786467,None,,,,,,,,,,,,,ED06,001,2024-01-15_14h36.55.629,rating,2023.2.3,60.03741696289162,2024-01-15 14h37.10.757198 +0800,
neg_2.jpg,0,37,37,104,193.20471622911464,,,,,,,,,,,,,,,,,,,,,,,193.1756224006058,,193.1756537615447,193.17566060393165,193.20471622911464,194.18805587264978,194.20473219468386,195.18804532397007,195.18804532397007,195.45473333508198,195.42159964738858,195.42160734507434,195.45473333508198,195.45473333508198,195.45473333508198,195.45473333508198,195.45473333508198,195.45473333508198,0.029129465940059163,198.0884404147855,[-337.0],[-120.0],[1],[0],[0],[2.6333723729503618],198.08893107093627,198.0920805645428,None,,,,,,,,,,,,,ED06,001,2024-01-15_14h36.55.629,rating,2023.2.3,60.03741696289162,2024-01-15 14h37.10.757198 +0800,
neg_13.jpg,0,38,38,34,198.12142955705804,,,,,,,,,,,,,,,,,,,,,,,198.09231349079164,,198.09234371133334,198.09235083881958,198.12142955705804,199.1047700558911,199.1214674752846,200.10478145986872,200.10478145986872,200.37145036931815,200.33834661706715,200.3383540296527,200.37145036931815,200.37145036931815,200.37145036931815,200.37145036931815,200.37145036931815,200.37145036931815,0.029155980188988906,202.0385936272287,[-392.0],[-175.0],[1],[0],[0],[1.666798857777394],202.03906974330766,202.0421941481627,None,,,,,,,,,,,,,ED06,001,2024-01-15_14h36.55.629,rating,2023.2.3,60.03741696289162,2024-01-15 14h37.10.757198 +0800,
neu_157.jpg,0,39,39,256,202.07145875124206,,,,,,,,,,,,,,,,,,,,,,,202.04242764461105,,202.04245843535136,202.0424652777383,202.07145875124206,203.05480723285928,203.07149695456792,204.05481749643877,204.05481749643877,204.3214866909875,204.28834958210155,204.2883575648857,204.3214866909875,204.3214866909875,204.3214866909875,204.3214866909875,204.3214866909875,204.3214866909875,0.029076722542413336,208.7553242321983,[-44.0],[-220.0],[1],[0],[0],[4.433482877497227],208.75579093999568,208.75891249385586,None,,,,,,,,,,,,,ED06,001,2024-01-15_14h36.55.629,rating,2023.2.3,60.03741696289162,2024-01-15 14h37.10.757198 +0800,
neg_103.jpg,0,40,40,5,208.78819762409512,,,,,,,,,,,,,,,,,,,,,,,208.75914684560303,,208.75917706614382,208.75918390853076,208.78819762409512,209.77156321167968,209.78823041053147,210.77156549247502,210.77156549247502,211.03824466550395,211.00507419998212,211.00508189766788,211.03824466550395,211.03824466550395,211.03824466550395,211.03824466550395,211.03824466550395,211.03824466550395,0.029125474547981867,212.80538541454007,[-385.0],[232.0],[1],[0],[0],[1.7667712601505627],212.80586808790667,212.80895828082794,None,,,,,,,,,,,,,ED06,001,2024-01-15_14h36.55.629,rating,2023.2.3,60.03741696289162,2024-01-15 14h37.10.757198 +0800,
neu_26.jpg,0,41,41,303,212.83823713887887,,,,,,,,,,,,,,,,,,,,,,,212.80919491336954,,212.80922598920915,212.8092328315961,212.83823713887887,213.8215773526117,213.83826764451987,214.8215813440047,214.8215813440047,215.088253959746,215.05511713595934,215.0551248336442,215.088253959746,215.088253959746,215.088253959746,215.088253959746,215.088253959746,215.088253959746,0.029087556321428565,217.82196964945342,[117.0],[-250.0],[1],[0],[0],[2.7333365074409812],217.8224406337422,217.82551457599402,None,,,,,,,,,,,,,ED06,001,2024-01-15_14h36.55.629,rating,2023.2.3,60.03741696289162,2024-01-15 14h37.10.757198 +0800,
neg_160.jpg,0,42,42,68,217.8549810294826,,,,,,,,,,,,,,,,,,,,,,,217.82574550654772,,217.82577544199012,217.82578256947636,217.8549810294826,218.8382944438681,218.85497960398516,219.8383240942103,219.8383240942103,220.10499984604667,220.0718832643206,220.07189124710476,220.10499984604667,220.10499984604667,220.10499984604667,220.10499984604667,220.10499984604667,220.10499984604667,0.02927486665885226,222.3053916867284,[-261.0],[359.0],[1],[0],[0],[2.2000311898800646],222.30587721108895,222.30894915764475,None,,,,,,,,,,,,,ED06,001,2024-01-15_14h36.55.629,rating,2023.2.3,60.03741696289162,2024-01-15 14h37.10.757198 +0800,
neg_149.jpg,0,43,43,55,222.3383292260005,,,,,,,,,,,,,,,,,,,,,,,222.30918037329775,,222.30921116403806,222.3092182915243,222.3383292260005,223.32166487814266,223.33832694520515,224.32167343112633,224.32167343112633,224.58834547666902,224.55520751248423,224.5552154952693,224.58834547666902,224.58834547666902,224.58834547666902,224.58834547666902,224.58834547666902,224.58834547666902,0.029183919934439473,225.98885118607086,[-395.0],[370.0],[1],[0],[0],[1.400128807931651],225.9893409869228,225.99239582751215,None,,,,,,,,,,,,,ED06,001,2024-01-15_14h36.55.629,rating,2023.2.3,60.03741696289162,2024-01-15 14h37.10.757198 +0800,
neu_71.jpg,0,44,44,353,226.02169093623252,,,,,,,,,,,,,,,,,,,,,,,225.9926290388612,,225.9926589743036,225.99266581669053,226.02169093623252,227.00503571155696,227.02171916107818,228.00504112844646,228.00504112844646,228.27171117829312,228.23865503765046,228.23866416083274,228.27171117829312,228.27171117829312,228.27171117829312,228.27171117829312,228.27171117829312,228.27171117829312,0.02910124109530443,230.40549266895323,[87.0],[-249.0],[1],[0],[0],[2.13343366933168],230.40597021052872,230.40912740182011,None,,,,,,,,,,,,,ED06,001,2024-01-15_14h36.55.629,rating,2023.2.3,60.03741696289162,2024-01-15 14h37.10.757198 +0800,
neg_15.jpg,0,45,45,56,230.43841709365097,,,,,,,,,,,,,,,,,,,,,,,230.40934122640647,,230.40936916615283,230.40937543834025,230.43841709365097,231.42174504810737,231.438408255568,232.42175017989757,232.42175017989757,232.68842194034096,232.65534299174215,232.6553506894279,232.68842194034096,232.68842194034096,232.68842194034096,232.68842194034096,232.68842194034096,232.68842194034096,0.029101241094394936,235.388809219432,[-364.0],[130.0],[1],[0],[0],[2.7000414534604715],235.38925482986997,235.39243511421682,None,,,,,,,,,,,,,ED06,001,2024-01-15_14h36.55.629,rating,2023.2.3,60.03741696289162,2024-01-15 14h37.10.757198 +0800,
neu_32.jpg,0,46,46,310,235.4218120464784,,,,,,,,,,,,,,,,,,,,,,,235.3926703212619,,235.39270168220082,235.39270909478637,235.4218120464784,236.40514570292453,236.42181090608028,237.40513116285183,237.40513116285183,237.67182145476,237.63868035448104,237.6386883372661,237.67182145476,237.67182145476,237.67182145476,237.67182145476,237.67182145476,237.67182145476,0.029166813968004135,239.87231935243653,[67.0],[-326.0],[1],[0],[0],[2.2001301193877225],239.87281656587493,239.8758822402433,None,,,,,,,,,,,,,ED06,001,2024-01-15_14h36.55.629,rating,2023.2.3,60.03741696289162,2024-01-15 14h37.10.757198 +0800,
neu_81.jpg,0,47,47,364,239.90515111981404,,,,,,,,,,,,,,,,,,,,,,,239.8761188727849,,239.8761490933266,239.87615622081285,239.90515111981404,240.88849960143125,240.9051645194877,241.88850558851937,241.88850558851937,242.15517791916136,242.1220405251761,242.12204822286094,242.15517791916136,242.15517791916136,242.15517791916136,242.15517791916136,242.15517791916136,242.15517791916136,0.02907757784032583,244.45559490561482,[137.0],[51.0],[1],[0],[0],[2.3000603270429565],244.4560812852742,244.45921025171992,None,,,,,,,,,,,,,ED06,001,2024-01-15_14h36.55.629,rating,2023.2.3,60.03741696289162,2024-01-15 14h37.10.757198 +0800,
neu_164.jpg,0,48,48,264,244.48853358528504,,,,,,,,,,,,,,,,,,,,,,,244.4594554372452,,244.45948793858315,244.4594959213673,244.48853358528504,245.47187607981414,245.48854356376614,246.47188520299642,246.47188520299642,246.73855439754516,246.70543667542097,246.70544437310582,246.73855439754516,246.73855439754516,246.73855439754516,246.73855439754516,246.73855439754516,246.73855439754516,0.029114925868270802,248.439091924045,[50.0],[-270.0],[1],[0],[0],[1.7001332554818873],248.4395905629799,248.44270042776316,None,,,,,,,,,,,,,ED06,001,2024-01-15_14h36.55.629,rating,2023.2.3,60.03741696289162,2024-01-15 14h37.10.757198 +0800,
neg_17.jpg,0,49,49,78,248.47192255102436,,,,,,,,,,,,,,,,,,,,,,,248.4429339242115,,248.4429635745537,248.44297041694063,248.47192255102436,249.45526561575207,249.4719348103008,250.4552767346304,250.4552767346304,250.72192540201831,250.6887857272377,250.68879399512116,250.72192540201831,250.72192540201831,250.72192540201831,250.72192540201831,250.72192540201831,250.72192540201831,0.029033672525656584,252.7889753753907,[-371.0],[-25.0],[1],[0],[0],[2.066652544740464],252.7897249018406,252.79278829541363,None,,,,,,,,,,,,,ED06,001,2024-01-15_14h36.55.629,rating,2023.2.3,60.03741696289162,2024-01-15 14h37.10.757198 +0800,
neg_67.jpg,0,50,50,156,252.8219437054031,,,,,,,,,,,,,,,,,,,,,,,252.7930235024578,,252.7930540080988,252.79306170578457,252.8219437054031,253.80528762542963,253.8219539689835,254.80529817410934,254.80529817410934,255.0719833342264,255.03884594024112,255.03885335282666,255.0719833342264,255.0719833342264,255.0719833342264,255.0719833342264,255.0719833342264,255.0719833342264,0.028977222835237626,257.93919113865286,[-350.0],[-23.0],[1],[0],[0],[2.8668169330831006],257.93971372594206,257.94270441915523,None,,,,,,,,,,,,,ED06,001,2024-01-15_14h36.55.629,rating,2023.2.3,60.03741696289162,2024-01-15 14h37.10.757198 +0800,
neu_17.jpg,0,51,51,270,257.97199667688074,,,,,,,,,,,,,,,,,,,,,,,257.9429430473938,,257.9429738381341,257.94298068052103,257.97199667688074,258.955357987973,258.9720112169525,259.95534401810073,259.95534401810073,260.2220154934448,260.1888758186633,260.18888351634814,260.2220154934448,260.2220154934448,260.2220154934448,260.2220154934448,260.2220154934448,260.2220154934448,0.029089266918163048,262.6558020018547,[-113.0],[-155.0],[1],[0],[0],[2.4334292788007588],262.6562955089994,262.65934521779855,None,,,,,,,,,,,,,ED06,001,2024-01-15_14h36.55.629,rating,2023.2.3,60.03741696289162,2024-01-15 14h37.10.757198 +0800,
neu_144.jpg,0,52,52,242,262.6887056142923,,,,,,,,,,,,,,,,,,,,,,,262.65973209775075,,262.6597600374962,262.65976659478383,262.6887056142923,263.6720287220587,263.68871331197715,264.67207519326894,264.67207519326894,264.938725001055,264.9055873219695,264.9055958749532,264.938725001055,264.938725001055,264.938725001055,264.938725001055,264.938725001055,264.938725001055,0.02901314536575228,267.50582401153133,[157.0],[-195.0],[1],[0],[0],[2.5667152666192123],267.50633148855013,267.5094119880896,None,,,,,,,,,,,,,ED06,001,2024-01-15_14h36.55.629,rating,2023.2.3,60.03741696289162,2024-01-15 14h37.10.757198 +0800,
neg_175.jpg,0,53,53,84,267.53877723127425,,,,,,,,,,,,,,,,,,,,,,,267.5096434888419,,267.5096742795822,267.50968140706846,267.53877723127425,268.5221185854052,268.538759270009,269.5221029049353,269.5221029049353,269.7887940521414,269.75563413529926,269.7556418329841,269.7887940521414,269.7887940521414,269.7887940521414,269.7887940521414,269.7887940521414,269.7887940521414,0.0292460716154892,273.25584910028283,[-234.0],[198.0],[1],[0],[0],[3.4665187760801928],273.25634346272636,273.25942510266395,None,,,,,,,,,,,,,ED06,001,2024-01-15_14h36.55.629,rating,2023.2.3,60.03741696289162,2024-01-15 14h37.10.757198 +0800,
neu_29.jpg,0,54,54,306,273.2888094475111,,,,,,,,,,,,,,,,,,,,,,,273.2596574587151,,273.2596876792559,273.2596945216428,273.2888094475111,274.27214966124484,274.28881286870455,275.2721539377362,275.2721539377362,275.5388248428817,275.5057062654596,275.50571396314444,275.5388248428817,275.5388248428817,275.5388248428817,275.5388248428817,275.5388248428817,275.5388248428817,0.029184775233261462,279.7060105806104,[128.0],[-167.0],[1],[0],[0],[4.166817389242169],279.70652204902126,279.7094999127594,None,,,,,,,,,,,,,ED06,001,2024-01-15_14h36.55.629,rating,2023.2.3,60.03741696289162,2024-01-15 14h37.10.757198 +0800,
neu_42.jpg,0,55,55,321,279.7388845427058,,,,,,,,,,,,,,,,,,,,,,,279.70973426450655,,279.70976448504734,279.7097713274343,279.7388845427058,280.7222073653729,280.7388731387282,281.72221819915194,281.72221819915194,281.9888873937007,281.95575313580866,281.9557605483942,281.9888873937007,281.9888873937007,281.9888873937007,281.9888873937007,281.9888873937007,281.9888873937007,0.02917280105612008,285.3227642216161,[57.0],[-212.0],[1],[0],[0],[3.3334982158476123],285.3232314996121,285.32632425842803,None,,,,,,,,,,,,,ED06,001,2024-01-15_14h36.55.629,rating,2023.2.3,60.03741696289162,2024-01-15 14h37.10.757198 +0800,
neg_98.jpg,0,56,56,190,285.3555900019046,,,,,,,,,,,,,,,,,,,,,,,285.3265606058703,,285.32659111151133,285.3265979538983,285.3555900019046,286.3389527384943,286.3556099588659,287.33894618120667,287.33894618120667,287.6056304860258,287.57246971388577,287.5724774115706,287.6056304860258,287.6056304860258,287.6056304860258,287.6056304860258,287.6056304860258,287.6056304860258,0.029102096393216925,291.3728407993276,[-290.0],[-178.0],[1],[0],[0],[3.766777247239588],291.37335511873243,291.37642849078657,None,,,,,,,,,,,,,ED06,001,2024-01-15_14h36.55.629,rating,2023.2.3,60.03741696289162,2024-01-15 14h37.10.757198 +0800,
neg_87.jpg,0,57,57,178,291.40564548225757,,,,,,,,,,,,,,,,,,,,,,,291.37665885114075,,291.37668935678175,291.376696484268,291.40564548225757,292.3889854108911,292.40569423426314,293.38899339367526,293.38899339367526,293.65566543921886,293.62254087470774,293.6225485723935,293.65566543921886,293.65566543921886,293.65566543921886,293.65566543921886,293.65566543921886,293.65566543921886,0.029025689741501992,295.52288322212553,[-311.0],[210.0],[1],[0],[0],[1.8668269115632938],295.5234209196851,295.5266220162921,None,,,,,,,,,,,,,ED06,001,2024-01-15_14h36.55.629,rating,2023.2.3,60.03741696289162,2024-01-15 14h37.10.757198 +0800,
neg_55.jpg,0,58,58,143,295.555682488166,,,,,,,,,,,,,,,,,,,,,,,295.52685636803835,,295.52688601838054,295.5268928607675,295.555682488166,296.53903952276596,296.55571584480094,297.53903382077715,297.53903382077715,297.805704155724,297.77257160842873,297.7725793061136,297.805704155724,297.805704155724,297.805704155724,297.805704155724,297.805704155724,297.805704155724,0.028866604248833028,300.0061133874715,[-392.0],[281.0],[1],[0],[0],[2.2000348961728378],300.00662400058354,300.0097253123831,None,,,,,,,,,,,,,ED06,001,2024-01-15_14h36.55.629,rating,2023.2.3,60.03741696289162,2024-01-15 14h37.10.757198 +0800,
neu_141.jpg,0,59,59,239,300.0390600499268,,,,,,,,,,,,,,,,,,,,,,,300.0099551025387,,300.0099844677825,300.0099913101685,300.0390600499268,301.0224102421407,301.0390648966177,302.0224102421407,302.0224102421407,302.28907915158925,302.25593947680863,302.2559471744935,302.28907915158925,302.28907915158925,302.28907915158925,302.28907915158925,302.28907915158925,302.28907915158925,0.02914229541511304,304.8563352518622,[93.0],[-204.0],[1],[0],[0],[2.5668435613706606],304.85686411133975,309.9561984611473,space,304.87241543095024,304.87241543095024,5.068228859590818,None,,,,,,,,,ED06,001,2024-01-15_14h36.55.629,rating,2023.2.3,60.03741696289162,2024-01-15 14h37.10.757198 +0800,
neu_39.jpg,0,60,60,317,309.97250928568883,,,,,,,,,,,,,,,,,,,,,,,309.95658705169535,309.97250928568883,310.9560165676994,310.95602398028495,310.9891613742702,311.9558343891513,311.989171067652,312.955844937831,312.955844937831,313.2225420721252,313.18938899767,313.18939669535484,313.2225420721252,313.2225420721252,313.2225420721252,313.2225420721252,313.2225420721252,313.2225420721252,0.016169700315003865,315.88967221546227,[77.0],[-190.0],[1],[0],[0],[2.6667418378874572],315.8902127640167,315.8933799337883,None,,,,,310.9891613742702,,,,,,,,ED06,001,2024-01-15_14h36.55.629,rating,2023.2.3,60.03741696289162,2024-01-15 14h37.10.757198 +0800,
neg_165.jpg,0,61,61,73,315.92254332656285,,,,,,,,,,,,,,,,,,,,,,,315.893621698121,,315.89365305905994,315.8936601865462,315.92254332656285,316.90588496579403,316.9225507391493,317.9058929485782,317.9058929485782,318.1725607176295,318.1394227534447,318.13943073622977,318.1725607176295,318.1725607176295,318.1725607176295,318.1725607176295,318.1725607176295,318.1725607176295,0.028954985077689344,319.3729750811681,[-395.0],[343.0],[1],[0],[0],[1.2000286239845082],319.3734728648051,319.3766377537813,None,,,,,,,,,,,,,ED06,001,2024-01-15_14h36.55.629,rating,2023.2.3,60.03741696289162,2024-01-15 14h37.10.757198 +0800,
neg_49.jpg,0,62,62,136,319.405904637656,,,,,,,,,,,,,,,,,,,,,,,319.376871535329,,319.3769028962679,319.37690973865483,319.405904637656,320.3892522639744,320.40593200720286,321.38925882126205,321.38925882126205,321.655929156208,321.62278691553183,321.6227960387141,321.655929156208,321.655929156208,321.655929156208,321.655929156208,321.655929156208,321.655929156208,0.029075582144287182,324.38972125256714,[-233.0],[-166.0],[1],[0],[0],[2.7333997995174286],324.3902369974694,324.39333118178274,None,,,,,,,,,,,,,ED06,001,2024-01-15_14h36.55.629,rating,2023.2.3,60.03741696289162,2024-01-15 14h37.10.757198 +0800,
neg_132.jpg,0,63,63,37,324.4226627832322,,,,,,,,,,,,,,,,,,,,,,,324.39356353783296,,324.3935946136735,324.3936017411597,324.4226627832322,325.405939989987,325.42262457990637,326.40599102278884,326.40599102278884,326.67264311137023,326.63952624454487,326.639534227329,326.67264311137023,326.67264311137023,326.67264311137023,326.67264311137023,326.67264311137023,326.67264311137023,0.0290975348025313,329.0730892349866,[-305.0],[229.0],[1],[0],[0],[2.400055537372282],329.07359614180587,329.0766946026115,None,,,,,,,,,,,,,ED06,001,2024-01-15_14h36.55.629,rating,2023.2.3,60.03741696289162,2024-01-15 14h37.10.757198 +0800,
neu_155.jpg,0,64,64,254,329.1059982643146,,,,,,,,,,,,,,,,,,,,,,,329.0769275288603,,329.07695803450133,329.07696487688827,329.1059982643146,330.08934303963906,330.1060079576955,331.08935301812016,331.08935301812016,331.3560461610223,331.32288111238995,331.3228888100748,331.3560461610223,331.3560461610223,331.3560461610223,331.3560461610223,331.3560461610223,331.3560461610223,0.02913801892373158,332.98981653280316,[41.0],[-194.0],[1],[0],[0],[1.6333375908179733],332.990330852208,332.99343187890827,None,,,,,,,,,,,,,ED06,001,2024-01-15_14h36.55.629,rating,2023.2.3,60.03741696289162,2024-01-15 14h37.10.757198 +0800,
neg_40.jpg,0,65,65,127,333.0227070306664,,,,,,,,,,,,,,,,,,,,,,,332.9936707922461,,332.99370158298643,332.9937087104727,333.0227070306664,334.0060697672561,334.0227121624566,335.00609542620623,335.00609542620623,335.2727609144622,335.2395864575483,335.23959472543174,335.2727609144622,335.2727609144622,335.2727609144622,335.2727609144622,335.2727609144622,335.2727609144622,0.02910637288550788,336.87316495740015,[-279.0],[-122.0],[1],[0],[0],[1.6000148821913172],336.87365190725814,336.87674495117426,None,,,,,,,,,,,,,ED06,001,2024-01-15_14h36.55.629,rating,2023.2.3,60.03741696289162,2024-01-15 14h37.10.757198 +0800,
neu_83.jpg,0,66,66,366,336.9060759824242,,,,,,,,,,,,,,,,,,,,,,,336.87698101351725,,336.87701123405895,336.8770180764459,336.9060759824242,337.88944042961066,337.90608310991047,338.88942389384283,338.88942389384283,339.1560939436895,339.1229978891233,339.1230061570077,339.1560939436895,339.1560939436895,339.1560939436895,339.1560939436895,339.1560939436895,339.1560939436895,0.029131746735401975,342.15656407267943,[146.0],[103.0],[1],[0],[0],[3.0000581602871534],342.1571014851397,342.16016573401157,None,,,,,,,,,,,,,ED06,001,2024-01-15_14h36.55.629,rating,2023.2.3,60.03741696289162,2024-01-15 14h37.10.757198 +0800,
neu_6.jpg,0,67,67,340,342.1894748126042,,,,,,,,,,,,,,,,,,,,,,,342.1603998006585,,342.16043030629953,342.1604374337858,342.1894748126042,343.17281502633796,343.18948764207926,344.17280504785685,344.17280504785685,344.4395141563282,344.4063918726133,344.40639985539747,344.4395141563282,344.4395141563282,344.4395141563282,344.4395141563282,344.4395141563282,344.4395141563282,0.029131461637007305,348.10661236852684,[-62.0],[-58.0],[1],[0],[0],[3.6667030643629914],348.10714151310276,348.1102499523886,None,,,,,,,,,,,,,ED06,001,2024-01-15_14h36.55.629,rating,2023.2.3,60.03741696289162,2024-01-15 14h37.10.757198 +0800,
neu_8.jpg,0,68,68,362,348.1395131299696,,,,,,,,,,,,,,,,,,,,,,,348.1104868700304,,348.1105176607707,348.11052478825695,348.1395131299696,349.1228502076092,349.1395239637486,350.1228613264875,350.1228613264875,350.38953536772715,350.35640880752,350.3564259134873,350.38953536772715,350.38953536772715,350.38953536772715,350.38953536772715,350.38953536772715,350.38953536772715,0.029074441747070523,352.7566818757723,[200.0],[-218.0],[1],[0],[0],[2.3666937701209463],352.7571793743091,352.7602758394187,None,,,,,,,,,,,,,ED06,001,2024-01-15_14h36.55.629,rating,2023.2.3,60.03741696289162,2024-01-15 14h37.10.757198 +0800,
neg_57.jpg,0,69,69,145,352.7895632504533,,,,,,,,,,,,,,,,,,,,,,,352.76051047626424,,352.76054098190525,352.7605475391929,352.7895632504533,353.77290431948495,353.7895792160225,354.7729157234626,354.7729157234626,355.03957665012695,355.006441536937,355.00644923462187,355.03957665012695,355.03957665012695,355.03957665012695,355.03957665012695,355.03957665012695,355.03957665012695,0.02912233845472656,359.10670274505173,[-83.0],[63.0],[1],[0],[0],[4.066675922896138],359.10725241678847,359.1103426097088,None,,,,,,,,,,,,,ED06,001,2024-01-15_14h36.55.629,rating,2023.2.3,60.03741696289162,2024-01-15 14h37.10.757198 +0800,
neg_125.jpg,0,70,70,29,359.13961662106976,,,,,,,,,,,,,,,,,,,,,,,359.1105781018532,,359.1106088925935,359.11061573498046,359.13961662106976,360.12295911559886,360.13962203795927,361.12298477454897,361.12298477454897,361.38963657803106,361.3564988989456,361.35650688173064,361.38963657803106,361.38963657803106,361.38963657803106,361.38963657803106,361.38963657803106,361.38963657803106,0.029075297044983017,363.5568285879481,[-340.0],[143.0],[1],[0],[0],[2.1667774753186677],363.55735459643074,363.56045733372684,None,,,,,,,,,,,,,ED06,001,2024-01-15_14h36.55.629,rating,2023.2.3,60.03741696289162,2024-01-15 14h37.10.757198 +0800,
neg_131.jpg,0,71,71,36,363.58965921492745,,,,,,,,,,,,,,,,,,,,,,,363.56069453646796,,363.5607253272083,363.5607324546945,363.58965921492745,364.5729997137605,364.5896680530104,365.57300741144536,365.57300741144536,365.8397008394468,365.8065437735995,365.806552041483,365.8397008394468,365.8397008394468,365.8397008394468,365.8397008394468,365.8397008394468,365.8397008394468,0.02902454934337584,367.1734909971292,[-394.0],[216.0],[1],[0],[0],[1.333382750571218],367.1740130142198,367.17711974290887,None,,,,,,,,,,,,,ED06,001,2024-01-15_14h36.55.629,rating,2023.2.3,60.03741696289162,2024-01-15 14h37.10.757198 +0800,
neu_185.jpg,0,72,72,287,367.2063586870372,,,,,,,,,,,,,,,,,,,,,,,367.1773532393572,,367.1773828896994,367.17739001718564,367.2063586870372,368.1897020368642,368.20636581452345,369.18970887925116,369.18970887925116,369.45637978439663,369.4232851553279,369.42329313811206,369.45637978439663,369.45637978439663,369.45637978439663,369.45637978439663,369.45637978439663,369.45637978439663,0.029045076503280143,371.7903193341899,[77.0],[-159.0],[1],[0],[0],[2.3335224493002897],371.7908721420208,371.7939637604386,None,,,,,,,,,,,,,ED06,001,2024-01-15_14h36.55.629,rating,2023.2.3,60.03741696289162,2024-01-15 14h37.10.757198 +0800,
neg_110.jpg,0,73,73,13,371.8231240171199,,,,,,,,,,,,,,,,,,,,,,,371.79419668668834,,371.79422747742865,371.7942346049149,371.8231240171199,372.8064131980518,372.82307697571105,373.80641947023923,373.80641947023923,374.073088664788,374.0399606790843,374.03996837676914,374.073088664788,374.073088664788,374.073088664788,374.073088664788,374.073088664788,374.073088664788,0.028910509564411768,377.87355782444047,[-221.0],[125.0],[1],[0],[0],[3.800052344258802],377.8741285935357,377.87726668316463,None,,,,,,,,,,,,,ED06,001,2024-01-15_14h36.55.629,rating,2023.2.3,60.03741696289162,2024-01-15 14h37.10.757198 +0800,
neg_137.jpg,0,74,74,42,377.90646457297225,,,,,,,,,,,,,,,,,,,,,,,377.8775016051095,,377.8775312554526,377.87753809783953,377.90646457297225,378.8898033612086,378.9064665686683,379.889833296651,379.889833296651,380.1564808236408,380.123362531318,380.12337079920235,380.1564808236408,380.1564808236408,380.1564808236408,380.1564808236408,380.1564808236408,380.1564808236408,0.02899860529396392,382.0237074446304,[-47.0],[-310.0],[1],[0],[0],[1.8668118012919876],382.0242650991522,382.02727375363065,None,,,,,,,,,,,,,ED06,001,2024-01-15_14h36.55.629,rating,2023.2.3,60.03741696289162,2024-01-15 14h37.10.757198 +0800,
neg_35.jpg,0,75,75,121,382.05649986828394,,,,,,,,,,,,,,,,,,,,,,,382.0275069649797,,382.0275383259186,382.02754516830555,382.05649986828394,383.03987258335474,383.05650557027275,384.03984863500045,384.03984863500045,384.306516689152,384.2733795802651,384.27338756305016,384.306516689152,384.306516689152,384.306516689152,384.306516689152,384.306516689152,384.306516689152,0.02902683013871865,388.1070229117322,[-1.0],[-253.0],[1],[0],[0],[3.8000683098280206],388.1075959616237,388.1106975585226,None,,,,,,,,,,,,,ED06,001,2024-01-15_14h36.55.629,rating,2023.2.3,60.03741696289162,2024-01-15 14h37.10.757198 +0800,
neu_99.jpg,0,76,76,383,388.1398891761428,,,,,,,,,,,,,,,,,,,,,,,388.110935046363,,388.1109661222026,388.11097296458956,388.1398891761428,389.12325077233436,389.13989829932507,390.1232379428593,390.1232379428593,390.3899059970099,390.35680851694724,390.3568164997314,390.3899059970099,390.3899059970099,390.3899059970099,390.3899059970099,390.3899059970099,390.3899059970099,0.028987771514039196,393.9237775220754,[17.0],[-296.0],[1],[0],[0],[3.5334552798703953],393.9242904159828,393.9273788983073,None,,,,,,,,,,,,,ED06,001,2024-01-15_14h36.55.629,rating,2023.2.3,60.03741696289162,2024-01-15 14h37.10.757198 +0800,
neu_69.jpg,0,77,77,350,393.95661185534755,,,,,,,,,,,,,,,,,,,,,,,393.92761210965637,,393.927643185496,393.9276500278829,393.95661185534755,394.9399529243792,394.9566186977345,395.9399879916109,395.9399879916109,396.2066298166128,396.1735118093893,396.17351950707416,396.2066298166128,396.2066298166128,396.2066298166128,396.2066298166128,396.2066298166128,396.2066298166128,0.02903338742635242,398.40713313117885,[163.0],[-303.0],[1],[0],[0],[2.2000722441998732],398.4076785264233,398.4107769872289,None,,,,,,,,,,,,,ED06,001,2024-01-15_14h36.55.629,rating,2023.2.3,60.03741696289162,2024-01-15 14h37.10.757198 +0800,
neu_173.jpg,0,78,78,274,398.4400090889703,,,,,,,,,,,,,,,,,,,,,,,398.4110124793733,,398.411042699915,398.41104954230104,398.4400090889703,399.4233296308421,399.4400219184454,400.42333732852694,400.42333732852694,400.6900333224239,400.65692244268666,400.6569304254708,400.6900333224239,400.6900333224239,400.6900333224239,400.6900333224239,400.6900333224239,400.6900333224239,0.029040514912594517,403.65716876861006,[158.0],[-236.0],[1],[0],[0],[2.9667109331076063],403.65768023702003,403.66075246867604,None,,,,,,,,,,,,,ED06,001,2024-01-15_14h36.55.629,rating,2023.2.3,60.03741696289162,2024-01-15 14h37.10.757198 +0800,
neu_73.jpg,0,79,79,355,403.6900318969265,,,,,,,,,,,,,,,,,,,,,,,403.6609859651244,,403.6610161856661,403.6610233131523,403.6900318969265,404.6733803785437,404.6900475773964,405.67338779112924,405.67338779112924,405.9400820744295,405.90694182944935,405.9069498122335,405.9400820744295,405.9400820744295,405.9400820744295,405.9400820744295,405.9400820744295,405.9400820744295,0.029114355669662473,408.2405181625454,[75.0],[-143.0],[1],[0],[0],[2.300011289938084],408.24105785580105,408.2441417765349,None,,,,,,,,,,,,,ED06,001,2024-01-15_14h36.55.629,rating,2023.2.3,60.03741696289162,2024-01-15 14h37.10.757198 +0800,
neu_92.jpg,0,80,80,376,408.27343203856344,,,,,,,,,,,,,,,,,,,,,,,408.2443741325851,,408.2444040680266,408.24441091041354,408.27343203856344,409.2567568569266,409.27347280778486,410.25676940130234,410.25676940130234,410.5234585528124,410.4903257204178,410.49033370320194,410.5234585528124,410.5234585528124,410.5234585528124,410.5234585528124,410.5234585528124,410.5234585528124,0.029105802685990056,413.3239305634588,[24.0],[-86.0],[1],[0],[0],[2.80003894458423],413.32450019215685,413.3276043549513,None,,,,,,,,,,,,,ED06,001,2024-01-15_14h36.55.629,rating,2023.2.3,60.03741696289162,2024-01-15 14h37.10.757198 +0800,
neu_78.jpg,0,81,81,360,413.35679483217336,,,,,,,,,,,,,,,,,,,,,,,413.3278407023936,,413.3278714931339,413.32787862062014,413.35679483217336,414.34013732670246,414.3568216315216,415.340144739288,415.340144739288,415.6068159295328,415.57367625475126,415.5736839524361,415.6068159295328,415.6068159295328,415.6068159295328,415.6068159295328,415.6068159295328,415.6068159295328,0.02899689469631994,417.64064611517824,[20.0],[-352.0],[1],[0],[0],[2.0333899920969998],417.64116898756583,417.64428740533276,None,,,,,,,,,,,,,ED06,001,2024-01-15_14h36.55.629,rating,2023.2.3,60.03741696289162,2024-01-15 14h37.10.757198 +0800,
neu_61.jpg,0,82,82,342,417.6735012607096,,,,,,,,,,,,,,,,,,,,,,,417.6445214719797,,417.64455226272,417.64455939020627,417.6735012607096,418.65689222214496,418.67351409018465,419.656883384062,419.656883384062,419.92361957698085,419.8904020700502,419.89040976773504,419.92361957698085,419.92361957698085,419.92361957698085,419.92361957698085,419.92361957698085,419.92361957698085,0.0291189172603481,423.1240270981325,[98.0],[-291.0],[1],[0],[0],[3.1999724593933934],423.1245799059625,423.12766354159703,None,,,,,,,,,,,,,ED06,001,2024-01-15_14h36.55.629,rating,2023.2.3,60.03741696289162,2024-01-15 14h37.10.757198 +0800,
neu_177.jpg,0,83,83,278,423.1568882307529,,,,,,,,,,,,,,,,,,,,,,,423.12789618274655,,423.12792583308874,423.1279326754757,423.1568882307529,424.14023015508246,424.1568953582391,425.1402372825687,425.1402372825687,425.40683548735433,425.3738169798389,425.3738249626231,425.40683548735433,425.40683548735433,425.40683548735433,425.40683548735433,425.40683548735433,425.40683548735433,0.02895983176858863,427.27408548649964,[186.0],[-320.0],[1],[0],[0],[1.8668157926849744],427.27460921418606,427.2776894286262,None,,,,,,,,,,,,,ED06,001,2024-01-15_14h36.55.629,rating,2023.2.3,60.03741696289162,2024-01-15 14h37.10.757198 +0800,
neg_91.jpg,0,84,84,183,427.3069246664618,,,,,,,,,,,,,,,,,,,,,,,427.2779260611687,,427.27795685190904,427.2779639793953,427.3069246664618,428.29029167954377,428.30693806613635,429.2902973815326,429.2902973815326,429.5568750591583,429.5238431519683,429.5238528453492,429.5568750591583,429.5568750591583,429.5568750591583,429.5568750591583,429.5568750591583,429.5568750591583,0.02899860529396392,432.59082527167084,[-70.0],[-124.0],[1],[0],[0],[3.033421638136133],432.5914159977283,432.5945349856938,None,,,,,,,,,,,,,ED06,001,2024-01-15_14h36.55.629,rating,2023.2.3,60.03741696289162,2024-01-15 14h37.10.757198 +0800,
neu_132.jpg,0,85,85,229,432.62362282711456,,,,,,,,,,,,,,,,,,,,,,,432.59477332883216,,432.5948049748713,432.59481181725823,432.62362282711456,433.60698613390286,433.6236513370595,434.60703944750003,434.60703944750003,434.89033079518777,434.8405250619526,434.84053332983603,434.89033079518777,434.89033079518777,434.89033079518777,434.89033079518777,434.89033079518777,434.89033079518777,0.0455782786157215,436.4575047868202,[120.0],[-217.0],[1],[0],[0],[1.5667326576858613],436.45806415193783,436.4611360984936,None,,,,,,,,,,,,,ED06,001,2024-01-15_14h36.55.629,rating,2023.2.3,60.03741696289162,2024-01-15 14h37.10.757198 +0800,
neg_116.jpg,0,86,86,19,436.4903476730751,,,,,,,,,,,,,,,,,,,,,,,436.4613721608375,,436.46140295157784,436.4614097939648,436.4903476730751,437.47369643979255,437.4903528048653,438.4737357835156,438.4737357835156,438.7570342586905,438.70725104831035,438.7072587459961,438.7570342586905,438.7570342586905,438.7570342586905,438.7570342586905,438.7570342586905,438.7570342586905,0.045679488919631694,441.49089820010977,[-144.0],[-218.0],[1],[0],[0],[2.7334220372758864],441.4914264893878,441.4945939442596,None,,,,,,,,,,,,,ED06,001,2024-01-15_14h36.55.629,rating,2023.2.3,60.03741696289162,2024-01-15 14h37.10.757198 +0800,
neg_100.jpg,0,87,87,2,441.52371998900617,,,,,,,,,,,,,,,,,,,,,,,441.49483428309486,,441.49486478873587,441.4948716311228,441.52371998900617,442.50708785738607,442.52373310358143,443.5070790193031,443.5070790193031,443.790429667677,443.74067126094906,443.74068066923064,443.790429667677,443.790429667677,443.790429667677,443.790429667677,443.790429667677,443.790429667677,0.04561562664275698,447.62422524224894,[-198.0],[57.0],[1],[0],[0],[3.8332612982067076],447.624827372284,447.62790559102814,None,,,,,,,,,,,,,ED06,001,2024-01-15_14h36.55.629,rating,2023.2.3,60.03741696289162,2024-01-15 14h37.10.757198 +0800,
neg_19.jpg,0,88,88,100,447.6571314205821,,,,,,,,,,,,,,,,,,,,,,,447.62814250866995,,447.6281747249077,447.62818185239394,447.6571314205821,448.6404590899401,448.6571796023891,449.64044626046416,449.64044626046416,449.9238442353462,449.87421041707785,449.8742221061548,449.9238442353462,449.9238442353462,449.9238442353462,449.9238442353462,449.9238442353462,449.9238442353462,0.04576359325710655,452.37425574788995,[-44.0],[-133.0],[1],[0],[0],[2.4498775212769033],452.3747868881619,452.377908442023,None,,,,,,,,,,,,,ED06,001,2024-01-15_14h36.55.629,rating,2023.2.3,60.03741696289162,2024-01-15 14h37.10.757198 +0800,
neu_150.jpg,0,89,89,249,452.40716848351076,,,,,,,,,,,,,,,,,,,,,,,452.37814678516133,,452.37817814610116,452.3781852735874,452.40716848351076,453.3905072717462,453.40717333020075,454.3905126886357,454.3905126886357,454.67385022243434,454.6240829776243,454.62409096040847,454.67385022243434,454.67385022243434,454.67385022243434,454.67385022243434,454.67385022243434,454.67385022243434,0.04571911774291948,457.40767624562795,[131.0],[-195.0],[1],[0],[0],[2.7333433498270097],457.4082367511437,461.07429178446,space,457.4238770217826,457.4238770217826,3.641490294644427,None,,,,,,,,,ED06,001,2024-01-15_14h36.55.629,rating,2023.2.3,60.03741696289162,2024-01-15 14h37.10.757198 +0800,
neu_5.jpg,0,90,90,329,461.0905769500514,,,,,,,,,,,,,,,,,,,,,,,461.0747048935609,461.0905769500514,462.07411388240416,462.0741218651892,462.1072487104948,463.07392742736556,463.1072638207661,464.0739396866411,464.0739396866411,464.35727636514184,464.30749144416586,464.30749942695,464.35727636514184,464.35727636514184,464.35727636514184,464.35727636514184,464.35727636514184,464.35727636514184,0.0327821600731113,467.9579076323407,[138.0],[168.0],[1],[0],[0],[3.6001503044290075],467.9584456149996,467.96156887945654,None,,,,,462.1072487104948,,,,,,,,ED06,001,2024-01-15_14h36.55.629,rating,2023.2.3,60.03741696289162,2024-01-15 14h37.10.757198 +0800,
neu_57.jpg,0,91,91,337,467.99067496724183,,,,,,,,,,,,,,,,,,,,,,,467.9618089331925,,467.96184000903213,467.9618471365184,467.99067496724183,468.9740012111024,468.99068466062363,469.97399351341755,469.97399351341755,470.2573299068181,470.20752787987476,470.2075358626598,470.2573299068181,470.2573299068181,470.2573299068181,470.2573299068181,470.2573299068181,470.2573299068181,0.0455372242950034,472.05801944834366,[56.0],[274.0],[1],[0],[0],[1.8001635330438148],472.05862271877686,472.06182096438897,None,,,,,,,,,,,,,ED06,001,2024-01-15_14h36.55.629,rating,2023.2.3,60.03741696289162,2024-01-15 14h37.10.757198 +0800,
neu_12.jpg,0,92,92,215,472.0906924153287,,,,,,,,,,,,,,,,,,,,,,,472.0620547459366,,472.062084681379,472.06209180886435,472.0906924153287,473.074025216476,473.09069070473197,474.07403348436037,474.07403348436037,474.3573886943241,474.30758096539194,474.3075886630777,474.3573886943241,474.3573886943241,474.3573886943241,474.3573886943241,474.3573886943241,474.3573886943241,0.045352194752922514,476.4079054655849,[35.0],[-242.0],[1],[0],[0],[2.050045501871864],476.4084685369953,476.4116616508172,None,,,,,,,,,,,,,ED06,001,2024-01-15_14h36.55.629,rating,2023.2.3,60.03741696289162,2024-01-15 14h37.10.757198 +0800,
neu_53.jpg,0,93,93,333,476.44072354818854,,,,,,,,,,,,,,,,,,,,,,,476.41189429196675,,476.41192508270706,476.411931925094,476.44072354818854,477.4240999695512,477.44072982037596,478.42410282054607,478.42410282054607,478.7074597411065,478.6576882198051,478.65769620258925,478.7074597411065,478.7074597411065,478.7074597411065,478.7074597411065,478.7074597411065,478.7074597411065,0.04562503492434189,481.95803507179335,[-4.0],[-211.0],[1],[0],[0],[3.2500581602871534],481.9586343508345,481.96168919142383,None,,,,,,,,,,,,,ED06,001,2024-01-15_14h36.55.629,rating,2023.2.3,60.03741696289162,2024-01-15 14h37.10.757198 +0800,
neu_181.jpg,0,94,94,283,481.99079641960725,,,,,,,,,,,,,,,,,,,,,,,481.9619246835682,,481.9619551892092,481.96196231669546,481.99079641960725,482.97412323366643,482.9907830199327,483.9741329270473,483.9741329270473,484.25746475885717,484.20765874052177,484.20766672330683,484.25746475885717,484.25746475885717,484.25746475885717,484.25746475885717,484.25746475885717,484.25746475885717,0.0455577514549077,485.55796328375254,[41.0],[-322.0],[1],[0],[0],[1.300029821402859],485.55854146543425,485.5616829762557,None,,,,,,,,,,,,,ED06,001,2024-01-15_14h36.55.629,rating,2023.2.3,60.03741696289162,2024-01-15 14h37.10.757198 +0800,
neg_66.jpg,0,95,95,155,485.59082954816313,,,,,,,,,,,,,,,,,,,,,,,485.56191476210734,,485.5619444124495,485.56195125483646,485.59082954816313,486.57415379632766,486.59085520711324,487.5741600685151,487.5741600685151,487.85752297616455,487.80773777008926,487.8077460379727,487.85752297616455,487.85752297616455,487.85752297616455,487.85752297616455,487.85752297616455,487.85752297616455,0.04564613228376402,490.4081509362095,[-370.0],[212.0],[1],[0],[0],[2.5501210532256664],490.40875620233874,490.41180933233136,None,,,,,,,,,,,,,ED06,001,2024-01-15_14h36.55.629,rating,2023.2.3,60.03741696289162,2024-01-15 14h37.10.757198 +0800,
neu_7.jpg,0,96,96,351,490.44085497903416,,,,,,,,,,,,,,,,,,,,,,,490.412043113879,,490.4120730493214,490.41207989170744,490.44085497903416,491.42420659674553,491.44083929856424,492.42420203515394,492.42420203515394,492.7075638024053,492.65779171090435,492.6577999787887,492.7075638024053,492.7075638024053,492.7075638024053,492.7075638024053,492.7075638024053,492.7075638024053,0.045540930586867034,494.75823823366045,[331.0],[-353.0],[1],[0],[0],[2.0501726562260956],494.7587873351986,494.76189805527974,None,,,,,,,,,,,,,ED06,001,2024-01-15_14h36.55.629,rating,2023.2.3,60.03741696289162,2024-01-15 14h37.10.757198 +0800,
neg_163.jpg,0,97,97,71,494.7908901032861,,,,,,,,,,,,,,,,,,,,,,,494.76212870073323,,494.76215920637424,494.7621666189598,494.7908901032861,495.7742631034562,495.7909023625625,496.77428192001935,496.77428192001935,497.0575843865854,497.0077835000402,497.00779119772596,497.0575843865854,497.0575843865854,497.0575843865854,497.0575843865854,497.0575843865854,497.0575843865854,0.04547336201812868,499.408115013679,[-365.0],[230.0],[1],[0],[0],[2.3500376901465643],499.4086949059574,499.41180876213275,None,,,,,,,,,,,,,ED06,001,2024-01-15_14h36.55.629,rating,2023.2.3,60.03741696289162,2024-01-15 14h37.10.757198 +0800,
neg_151.jpg,0,98,98,58,499.4409390833707,,,,,,,,,,,,,,,,,,,,,,,499.4120471052711,,499.4120781811116,499.41208502349764,499.4409390833707,500.4242815778998,500.4409416492663,501.4243157898336,501.4243157898336,501.7076290901796,501.6578239271421,501.65783190992715,501.7076290901796,501.7076290901796,501.7076290901796,501.7076290901796,501.7076290901796,501.7076290901796,0.04560222696818528,502.75819831973786,[-381.0],[295.0],[1],[0],[0],[1.050059471745044],502.7588386530988,502.7620317669207,None,,,,,,,,,,,,,ED06,001,2024-01-15_14h36.55.629,rating,2023.2.3,60.03741696289162,2024-01-15 14h37.10.757198 +0800,
neg_39.jpg,0,99,99,125,502.7909773437168,,,,,,,,,,,,,,,,,,,,,,,502.7622692547611,,502.76229976040213,502.76230688788837,502.7909773437168,503.7743144213564,503.7909727821261,504.77432154884264,504.77432154884264,505.05769101377973,505.00788214444947,505.00789098253244,505.05769101377973,505.05769101377973,505.05769101377973,505.05769101377973,505.05769101377973,505.05769101377973,0.045440860681082995,509.5083320313788,[-261.0],[138.0],[1],[0],[0],[4.450139527669307],509.50894813128707,509.5120200778438,None,,,,,,,,,,,,,ED06,001,2024-01-15_14h36.55.629,rating,2023.2.3,60.03741696289162,2024-01-15 14h37.10.757198 +0800,
neu_66.jpg,0,100,100,347,509.5410372146016,,,,,,,,,,,,,,,,,,,,,,,509.5122324769327,,509.51226013157884,509.51226640376717,509.5410372146016,510.52437685813584,510.5410386400981,511.5243899727102,511.5243899727102,511.8077240853154,511.7579177818807,511.75792547956553,511.8077240853154,511.8077240853154,511.8077240853154,511.8077240853154,511.8077240853154,511.8077240853154,0.04551470143815095,514.1082451330676,[191.0],[-264.0],[1],[0],[0],[2.300036378689583],514.1088492587987,514.1120067351894,None,,,,,,,,,,,,,ED06,001,2024-01-15_14h36.55.629,rating,2023.2.3,60.03741696289162,2024-01-15 14h37.10.757198 +0800,
neg_159.jpg,0,101,101,66,514.1410791812405,,,,,,,,,,,,,,,,,,,,,,,514.1122430826317,,514.1122738733729,514.112280715759,514.1410791812405,515.1244231012661,515.1411105421794,516.124427947957,516.124427947957,516.4078053956782,516.3579993773428,516.358007360127,516.4078053956782,516.4078053956782,516.4078053956782,516.4078053956782,516.4078053956782,516.4078053956782,0.04558198490758514,518.2083994288887,[-380.0],[345.0],[1],[0],[0],[1.8001045174578394],518.2089947165368,518.2120911816464,None,,,,,,,,,,,,,ED06,001,2024-01-15_14h36.55.629,rating,2023.2.3,60.03741696289162,2024-01-15 14h37.10.757198 +0800,
neg_178.jpg,0,102,102,87,518.2411157309889,,,,,,,,,,,,,,,,,,,,,,,518.2123249631941,,518.2123551837349,518.2123620261218,518.2411157309889,519.2244724804905,519.2411248541721,520.2244727655898,520.2244727655898,520.5078054526984,520.4580382078875,520.4580461906726,520.5078054526984,520.5078054526984,520.5078054526984,520.5078054526984,520.5078054526984,520.5078054526984,0.045500446465666755,523.5083554095336,[-338.0],[71.0],[1],[0],[0],[3.000033641735172],523.508911638558,523.5120642682577,None,,,,,,,,,,,,,ED06,001,2024-01-15_14h36.55.629,rating,2023.2.3,60.03741696289162,2024-01-15 14h37.10.757198 +0800,
neg_96.jpg,0,103,103,188,523.5411675050491,,,,,,,,,,,,,,,,,,,,,,,523.5122986200049,,523.5123291256459,523.512335968032,523.5411675050491,524.5245396499204,524.5411766282314,525.5245433562131,525.5245433562131,525.8078538055643,525.7580483574284,525.7580560551132,525.8078538055643,525.8078538055643,525.8078538055643,525.8078538055643,525.8078538055643,525.8078538055643,0.04557571272016503,528.4084420227464,[-239.0],[-284.0],[1],[0],[0],[2.600057932208074],528.4090649650416,528.4122472450845,None,,,,,,,,,,,,,ED06,001,2024-01-15_14h36.55.629,rating,2023.2.3,60.03741696289162,2024-01-15 14h37.10.757198 +0800,
neg_142.jpg,0,104,104,48,528.4412133490405,,,,,,,,,,,,,,,,,,,,,,,528.4124824521286,,528.4125126726703,528.4125195150573,528.4412133490405,529.4245786515248,529.4412250381174,530.4245632561551,530.4245632561551,530.7079230277104,530.6581560679997,530.6581649060827,530.7079230277104,530.7079230277104,530.7079230277104,530.7079230277104,530.7079230277104,530.7079230277104,0.04546281333841762,533.5086502023632,[-380.0],[-114.0],[1],[0],[0],[2.8001561204582686],533.5092728595591,533.5125075979004,None,,,,,,,,,,,,,ED06,001,2024-01-15_14h36.55.629,rating,2023.2.3,60.03741696289162,2024-01-15 14h37.10.757198 +0800,
neg_43.jpg,0,105,105,130,533.5412604474695,,,,,,,,,,,,,,,,,,,,,,,533.5127473665361,,533.5127781572764,533.5127849996634,533.5412604474695,534.5246094992854,534.5412681451544,535.5246246095567,535.5246246095567,535.80796470925,535.7581735160857,535.7581812137714,535.80796470925,535.80796470925,535.80796470925,535.80796470925,535.80796470925,535.80796470925,0.045237299675136455,538.2586350920928,[-266.0],[146.0],[1],[0],[0],[2.4501486508524977],538.2592645916748,538.2623542143974,None,,,,,,,,,,,,,ED06,001,2024-01-15_14h36.55.629,rating,2023.2.3,60.03741696289162,2024-01-15 14h37.10.757198 +0800,
neg_90.jpg,0,106,106,182,538.291308059077,,,,,,,,,,,,,,,,,,,,,,,538.2625899916411,,538.2626204972821,538.262627339669,538.291308059077,539.2746656638765,539.2913103398723,540.2746556853963,540.2746556853963,540.5579963552891,540.5081849200642,540.5081929028484,540.5579963552891,540.5579963552891,540.5579963552891,540.5579963552891,540.5579963552891,540.5579963552891,0.04542461001256015,544.558602191617,[-185.0],[-349.0],[1],[0],[0],[4.000086670232122],544.5592331166954,544.562343266578,None,,,,,,,,,,,,,ED06,001,2024-01-15_14h36.55.629,rating,2023.2.3,60.03741696289162,2024-01-15 14h37.10.757198 +0800,
neg_81.jpg,0,107,107,172,544.5913735179101,,,,,,,,,,,,,,,,,,,,,,,544.5625761928277,,544.5626064133694,544.5626135408556,544.5913735179101,545.5747103104504,545.5913846367894,546.5747188634341,546.5747188634341,546.8580515505419,546.8082871567258,546.8082945693113,546.8580515505419,546.8580515505419,546.8580515505419,546.8580515505419,546.8580515505419,546.8580515505419,0.04551413123954262,548.7086434740168,[-238.0],[32.0],[1],[0],[0],[1.8500368348486518],548.7092404722616,548.71230614663,None,,,,,,,,,,,,,ED06,001,2024-01-15_14h36.55.629,rating,2023.2.3,60.03741696289162,2024-01-15 14h37.10.757198 +0800,
neu_109.jpg,0,108,108,203,548.7414045367304,,,,,,,,,,,,,,,,,,,,,,,548.7125396430783,,548.7125701487194,548.712576706007,548.7414045367304,549.724748456757,549.7414136599127,550.724772975309,550.724772975309,551.0080919776437,550.9583024950762,550.9583104778612,551.0080919776437,551.0080919776437,551.0080919776437,551.0080919776437,551.0080919776437,551.0080919776437,0.04557257662600023,553.4088029586483,[186.0],[49.0],[1],[0],[0],[2.400140211908365],553.4094316029314,553.4125006984941,None,,,,,,,,,,,,,ED06,001,2024-01-15_14h36.55.629,rating,2023.2.3,60.03741696289162,2024-01-15 14h37.10.757198 +0800,
neu_163.jpg,0,109,109,263,553.4414545431737,,,,,,,,,,,,,,,,,,,,,,,553.4127333396436,,553.412763275086,553.4127701174721,553.4414545431737,554.4248004588962,554.4414884700082,555.4248338155312,555.4248338155312,555.7081590900534,555.6583333998569,555.6583410975418,555.7081590900534,555.7081590900534,555.7081590900534,555.7081590900534,555.7081590900534,555.7081590900534,0.04544998386336374,557.5088916815967,[104.0],[-253.0],[1],[0],[0],[1.8000973899715973],557.5096585991123,557.5126538539171,None,,,,,,,,,,,,,ED06,001,2024-01-15_14h36.55.629,rating,2023.2.3,60.03741696289162,2024-01-15 14h37.10.757198 +0800,
neg_117.jpg,0,110,110,20,557.5414876717296,,,,,,,,,,,,,,,,,,,,,,,557.5128864950675,,557.5129170007085,557.5129235579952,557.5414876717296,558.5248307364573,558.5414942290172,559.5248387192423,559.5248387192423,559.8081736871454,559.7583690943075,559.7583767919923,559.8081736871454,559.8081736871454,559.8081736871454,559.8081736871454,559.8081736871454,559.8081736871454,0.04530971493477409,562.908784997383,[-160.0],[-318.0],[1],[0],[0],[3.10007788916937],562.9094159224624,562.9125121024717,None,,,,,,,,,,,,,ED06,001,2024-01-15_14h36.55.629,rating,2023.2.3,60.03741696289162,2024-01-15 14h37.10.757198 +0800,
neu_64.jpg,0,111,111,345,562.941537507113,,,,,,,,,,,,,,,,,,,,,,,562.912743603224,,562.912774108865,562.9127809512511,562.941537507113,563.924913358278,563.9415560385778,564.9248919758193,564.9248919758193,565.2082269437224,565.158420925387,565.158428908172,565.2082269437224,565.2082269437224,565.2082269437224,565.2082269437224,565.2082269437224,565.2082269437224,0.04550215706240124,566.9089132921345,[117.0],[-269.0],[1],[0],[0],[1.700138672371395],566.9095484937052,566.9126178743672,None,,,,,,,,,,,,,ED06,001,2024-01-15_14h36.55.629,rating,2023.2.3,60.03741696289162,2024-01-15 14h37.10.757198 +0800,
neu_35.jpg,0,112,112,313,566.9415899654114,,,,,,,,,,,,,,,,,,,,,,,566.9128519410142,,566.9128824466552,566.9128892890421,566.9415899654114,567.9249187751675,567.9415942419037,568.9249253324542,568.9249253324542,569.2082651470482,569.158459413813,569.1584673965972,569.2082651470482,569.2082651470482,569.2082651470482,569.2082651470482,569.2082651470482,569.2082651470482,0.0454337331948409,570.8589627283791,[64.0],[-266.0],[1],[0],[0],[1.6501404970085787],570.8596022064421,570.8627109308272,None,,,,,,,,,,,,,ED06,001,2024-01-15_14h36.55.629,rating,2023.2.3,60.03741696289162,2024-01-15 14h37.10.757198 +0800,
neg_158.jpg,0,113,113,65,570.891648239739,,,,,,,,,,,,,,,,,,,,,,,570.8629430017781,,570.8629743627171,570.8629809200047,570.891648239739,571.8749599435278,571.8916359804625,572.8749639349198,572.8749639349198,573.1583428081385,573.1085373600017,573.1085453427868,573.1583428081385,573.1583428081385,573.1583428081385,573.1583428081385,573.1583428081385,573.1583428081385,0.045421188819091185,574.6589229855163,[-380.0],[316.0],[1],[0],[0],[1.5000344970330843],574.6595627486777,574.6626671965714,None,,,,,,,,,,,,,ED06,001,2024-01-15_14h36.55.629,rating,2023.2.3,60.03741696289162,2024-01-15 14h37.10.757198 +0800,
neu_85.jpg,0,114,114,368,574.6916609551745,,,,,,,,,,,,,,,,,,,,,,,574.6629012632184,,574.6629334794561,574.662940321843,574.6916609551745,575.6749914755264,575.6916566786831,576.6750311043497,576.6750311043497,576.9584014245847,576.9087410920674,576.9087493599518,576.9584014245847,576.9584014245847,576.9584014245847,576.9584014245847,576.9584014245847,576.9584014245847,0.04559481438354851,579.0089524077785,[249.0],[276.0],[1],[0],[0],[2.049866744517203],579.0095804818638,579.0127351072597,None,,,,,,,,,,,,,ED06,001,2024-01-15_14h36.55.629,rating,2023.2.3,60.03741696289162,2024-01-15 14h37.10.757198 +0800,
neg_167.jpg,0,115,115,75,579.041691802935,,,,,,,,,,,,,,,,,,,,,,,579.0129626166199,,579.0129928371616,579.0129999646479,579.041691802935,580.0250314464693,580.0417180320837,581.0250605266128,581.0250605266128,581.3083803842455,581.258649061966,581.2586664530318,581.3083803842455,581.3083803842455,581.3083803842455,581.3083803842455,581.3083803842455,581.3083803842455,0.04543487359296705,583.5089889005085,[-324.0],[-234.0],[1],[0],[0],[2.200022636896392],583.5096275232727,583.5128018205314,None,,,,,,,,,,,,,ED06,001,2024-01-15_14h36.55.629,rating,2023.2.3,60.03741696289162,2024-01-15 14h37.10.757198 +0800,
neu_15.jpg,0,116,116,248,583.5417548099131,,,,,,,,,,,,,,,,,,,,,,,583.5130350318796,,583.5130661077201,583.5130729501061,583.5417548099131,584.5250784878781,584.5417399847411,585.5251104190165,585.5251104190165,585.8084220087649,585.758632241098,585.758640223883,585.8084220087649,585.8084220087649,585.8084220087649,585.8084220087649,585.8084220087649,585.8084220087649,0.045405223249872506,588.809080303391,[-78.0],[-243.0],[1],[0],[0],[3.0000977891104412],588.809718641056,588.8127997107949,None,,,,,,,,,,,,,ED06,001,2024-01-15_14h36.55.629,rating,2023.2.3,60.03741696289162,2024-01-15 14h37.10.757198 +0800,
neg_183.jpg,0,117,117,93,588.8417854866138,,,,,,,,,,,,,,,,,,,,,,,588.8130334923426,,588.8130637128843,588.8130708403705,588.8417854866138,589.8251265556455,589.8417931842987,590.8251345384297,590.8251345384297,591.1085142669463,591.0587108145064,591.0587187972906,591.1085142669463,591.1085142669463,591.1085142669463,591.1085142669463,591.1085142669463,591.1085142669463,0.04550158686379291,592.7590521925858,[-371.0],[-285.0],[1],[0],[0],[1.650006215168105],592.7596825474666,592.7627564897184,None,,,,,,,,,,,,,ED06,001,2024-01-15_14h36.55.629,rating,2023.2.3,60.03741696289162,2024-01-15 14h37.10.757198 +0800,
neu_169.jpg,0,118,118,269,592.7918095490068,,,,,,,,,,,,,,,,,,,,,,,592.7629865649733,,592.7630173557136,592.7630244831998,592.7918095490068,593.7751623071163,593.7918269400734,594.7751700048011,594.7751700048011,595.0585081087984,595.0087000947669,595.0087083626513,595.0585081087984,595.0585081087984,595.0585081087984,595.0585081087984,595.0585081087984,595.0585081087984,0.04554292628381518,598.1092230241757,[99.0],[63.0],[1],[0],[0],[3.0501521290661913],598.1098650681333,598.1128486338603,None,,,,,,,,,,,,,ED06,001,2024-01-15_14h36.55.629,rating,2023.2.3,60.03741696289162,2024-01-15 14h37.10.757198 +0800,
neu_47.jpg,0,119,119,326,598.1418962762591,,,,,,,,,,,,,,,,,,,,,,,598.113079564414,,598.1131103551543,598.1131171975412,598.1418962762591,599.1252111161411,599.1418979868558,600.125224800915,600.125224800915,600.4085614794149,600.3587506143895,600.3587583120743,600.4085614794149,600.4085614794149,600.4085614794149,600.4085614794149,600.4085614794149,600.4085614794149,0.04549902096823644,602.8593598719108,[87.0],[-217.0],[1],[0],[0],[2.450237031681354],602.8600124645482,607.892337895305,space,602.8752478939705,602.8752478939705,5.00163048374543,None,,,,,,,,,ED06,001,2024-01-15_14h36.55.629,rating,2023.2.3,60.03741696289162,2024-01-15 14h37.10.757198 +0800,
neg_28.jpg,0,120,120,113,607.9086261969896,,,,,,,,,,,,,,,,,,,,,,,607.8926945547146,607.9086261969896,608.8921668356352,608.8921742482216,608.925317629295,609.8919832315905,609.925323616384,610.8920182988231,610.8920182988231,611.1753544071244,611.1255193086454,611.1255267212309,611.1753544071244,611.1753544071244,611.1753544071244,611.1753544071244,611.1753544071244,611.1753544071244,0.03285942202364822,612.9925988183195,[-102.0],[-329.0],[1],[0],[0],[1.8167047179404108],612.9932095013382,612.9963045409504,None,,,,,608.925317629295,,,,,,,,ED06,001,2024-01-15_14h36.55.629,rating,2023.2.3,60.03741696289162,2024-01-15 14h37.10.757198 +0800,
neu_49.jpg,0,121,121,328,613.0253453409623,,,,,,,,,,,,,,,,,,,,,,,612.9965346162053,,612.9965654069456,612.9965722493316,613.0253453409623,614.00868840569,614.0253481919563,615.0086923970821,615.0086923970821,615.2920293606812,615.2422470056008,615.2422547032857,615.2920293606812,615.2920293606812,615.2920293606812,615.2920293606812,615.2920293606812,615.2920293606812,0.04551413123954262,616.8426268150861,[54.0],[-260.0],[1],[0],[0],[1.550032387297506],616.8432403490988,616.8462880622019,None,,,,,,,,,,,,,ED06,001,2024-01-15_14h36.55.629,rating,2023.2.3,60.03741696289162,2024-01-15 14h37.10.757198 +0800,
neu_88.jpg,0,122,122,371,616.8753807503135,,,,,,,,,,,,,,,,,,,,,,,616.8465155715621,,616.8465460772022,616.8465532046885,616.8753807503135,617.858725525638,617.8753850268049,618.8587816902291,618.8587816902291,619.1420696167233,619.0922807043553,619.0922889722397,619.1420696167233,619.1420696167233,619.1420696167233,619.1420696167233,619.1420696167233,619.1420696167233,0.04557485742134304,621.492732244862,[56.0],[-299.0],[1],[0],[0],[2.350082450760965],621.4933896841894,621.4964684731331,None,,,,,,,,,,,,,ED06,001,2024-01-15_14h36.55.629,rating,2023.2.3,60.03741696289162,2024-01-15 14h37.10.757198 +0800,
neu_31.jpg,0,123,123,309,621.525448261863,,,,,,,,,,,,,,,,,,,,,,,621.4967013993819,,621.4967313348243,621.4967384623105,621.525448261863,622.5087770716182,622.5254328664923,623.5087742206233,623.5087742206233,623.792142260063,623.74230915728,623.7423171400651,623.792142260063,623.792142260063,623.792142260063,623.792142260063,623.792142260063,623.792142260063,0.04546366863723961,626.142754995798,[-113.0],[-305.0],[1],[0],[0],[2.3500365497493476],626.1434044523412,626.1464749734005,None,,,,,,,,,,,,,ED06,001,2024-01-15_14h36.55.629,rating,2023.2.3,60.03741696289162,2024-01-15 14h37.10.757198 +0800,
neg_156.jpg,0,124,124,63,626.175468161804,,,,,,,,,,,,,,,,,,,,,,,626.1467067592521,,626.1467378350917,626.1467446774786,626.175468161804,627.1588098010352,627.1754747190917,628.1588177838194,628.1588177838194,628.4421718533858,628.392364409553,628.3923723923381,628.4421718533858,628.4421718533858,628.4421718533858,628.4421718533858,628.4421718533858,628.4421718533858,0.04548220010110526,630.8427670840147,[-373.0],[277.0],[1],[0],[0],[2.4000347251130734],630.8433928773038,630.8464976102969,None,,,,,,,,,,,,,ED06,001,2024-01-15_14h36.55.629,rating,2023.2.3,60.03741696289162,2024-01-15 14h37.10.757198 +0800,
neu_148.jpg,0,125,125,246,630.8755116109605,,,,,,,,,,,,,,,,,,,,,,,630.8467299663471,,630.8467607570874,630.8467678845736,630.8755116109605,631.8588535352901,631.8755190235461,632.8588863217265,632.8588863217265,633.1421990518729,633.0923893272447,633.0923978802284,633.1421990518729,633.1421990518729,633.1421990518729,633.1421990518729,633.1421990518729,633.1421990518729,0.045489042488043196,635.4427879532941,[80.0],[-295.0],[1],[0],[0],[2.300032387297506],635.4434456777217,635.4465372961395,None,,,,,,,,,,,,,ED06,001,2024-01-15_14h36.55.629,rating,2023.2.3,60.03741696289162,2024-01-15 14h37.10.757198 +0800,
neg_71.jpg,0,126,126,161,635.4755789514502,,,,,,,,,,,,,,,,,,,,,,,635.4467665160964,,635.4467967366381,635.4468038641235,635.4755789514502,636.4588972125257,636.4755627007817,637.4589029145145,637.4589029145145,637.7422430142078,637.6924350001764,637.6924429829614,637.7422430142078,637.7422430142078,637.7422430142078,637.7422430142078,637.7422430142078,637.7422430142078,0.04550301236031373,639.8928773034613,[-372.0],[294.0],[1],[0],[0],[2.150067511549423],639.8935059477444,639.8966032681519,None,,,,,,,,,,,,,ED06,001,2024-01-15_14h36.55.629,rating,2023.2.3,60.03741696289162,2024-01-15 14h37.10.757198 +0800,
neg_23.jpg,0,127,127,108,639.9256249665004,,,,,,,,,,,,,,,,,,,,,,,639.8968373347989,,639.8968681255392,639.8968749679261,639.9256249665004,640.9089668908309,640.9256164135177,641.908949214665,641.908949214665,642.1923092713205,642.1425206440508,642.1425283417366,642.1923092713205,642.1923092713205,642.1923092713205,642.1923092713205,642.1923092713205,642.1923092713205,0.04551099514537782,646.0929666536285,[-215.0],[-260.0],[1],[0],[0],[3.9000549671736735],646.0936024253979,646.0966877716282,None,,,,,,,,,,,,,ED06,001,2024-01-15_14h36.55.629,rating,2023.2.3,60.03741696289162,2024-01-15 14h37.10.757198 +0800,
neu_138.jpg,0,128,128,235,646.125659577574,,,,,,,,,,,,,,,,,,,,,,,646.0968973197232,,646.0969249743694,646.0969309614584,646.125659577574,647.1090180376723,647.1256629987674,648.1090439817217,648.1090439817217,648.3923416015978,648.3425358683617,648.3425432809472,648.3923416015978,648.3923416015978,648.3923416015978,648.3923416015978,648.3923416015978,648.3923416015978,0.045469940824659716,650.8929839306547,[99.0],[108.0],[1],[0],[0],[2.5000191016633835],650.8935903371812,650.8967033380586,None,,,,,,,,,,,,,ED06,001,2024-01-15_14h36.55.629,rating,2023.2.3,60.03741696289162,2024-01-15 14h37.10.757198 +0800,
neg_62.jpg,0,129,129,151,650.9257019433517,,,,,,,,,,,,,,,,,,,,,,,650.8969371196063,,650.8969670550478,650.896974182534,650.9257019433517,651.909042727284,651.9257079304407,652.9090769392178,652.9090769392178,653.192389384265,653.1425799447361,653.1425879275212,653.192389384265,653.192389384265,653.192389384265,653.192389384265,653.192389384265,653.192389384265,0.045470511023268045,654.6930023480791,[-119.0],[-115.0],[1],[0],[0],[1.500029650342185],654.6935979208265,654.6966969518307,None,,,,,,,,,,,,,ED06,001,2024-01-15_14h36.55.629,rating,2023.2.3,60.03741696289162,2024-01-15 14h37.10.757198 +0800,
neu_171.jpg,0,130,130,272,654.7257394624394,,,,,,,,,,,,,,,,,,,,,,,654.6969270270856,,654.6969572476273,654.6969640900143,654.7257394624394,655.7090933609461,655.7257448793289,656.709100203333,656.709100203333,656.9924348861368,656.9426203148187,656.9426285827021,656.9924348861368,656.9924348861368,656.9924348861368,656.9924348861368,656.9924348861368,656.9924348861368,0.04552724581390066,659.3430610215455,[85.0],[-278.0],[1],[0],[0],[2.3500359795507393],659.3437258734593,659.3469828495572,None,,,,,,,,,,,,,ED06,001,2024-01-15_14h36.55.629,rating,2023.2.3,60.03741696289162,2024-01-15 14h37.10.757198 +0800,
neg_72.jpg,0,131,131,162,659.3757927190163,,,,,,,,,,,,,,,,,,,,,,,659.3472137801109,,659.3472445708512,659.3472514132382,659.3757927190163,660.3591226691697,660.3757887276242,661.3591278009599,661.3591278009599,661.6424690410513,661.5926598866217,661.5926678694059,661.6424690410513,661.6424690410513,661.6424690410513,661.6424690410513,661.6424690410513,661.6424690410513,0.04527521790168976,665.4430875928138,[-109.0],[-123.0],[1],[0],[0],[3.800044931672346],665.4437302069709,665.4469555370306,None,,,,,,,,,,,,,ED06,001,2024-01-15_14h36.55.629,rating,2023.2.3,60.03741696289162,2024-01-15 14h37.10.757198 +0800,
neu_2.jpg,0,132,132,296,665.4758589191078,,,,,,,,,,,,,,,,,,,,,,,665.4471873228822,,665.4472178285232,665.4472246709101,665.4758589191078,666.4591803162775,666.4758677571908,667.4591868735652,667.4591868735652,667.742520701071,667.6927354949958,667.6927434777799,667.742520701071,667.742520701071,667.742520701071,667.742520701071,667.742520701071,667.742520701071,0.045353335150139173,670.4432771839474,[-71.0],[-27.0],[1],[0],[0],[2.700180867090239],670.4439172322091,670.4471553917438,None,,,,,,,,,,,,,ED06,001,2024-01-15_14h36.55.629,rating,2023.2.3,60.03741696289162,2024-01-15 14h37.10.757198 +0800,
neu_120.jpg,0,133,133,216,670.4759090966108,,,,,,,,,,,,,,,,,,,,,,,670.4473868924961,,670.447418253435,670.4474250958219,670.4759090966108,671.4592273576873,671.4759182197931,672.4592367659689,672.4592367659689,672.7425742997675,672.6927902340894,672.6927979317743,672.7425742997675,672.7425742997675,672.7425742997675,672.7425742997675,672.7425742997675,672.7425742997675,0.0452053685366991,676.4932146331284,[27.0],[-269.0],[1],[0],[0],[3.7500333566358677],676.4938304479365,676.4969203557584,None,,,,,,,,,,,,,ED06,001,2024-01-15_14h36.55.629,rating,2023.2.3,60.03741696289162,2024-01-15 14h37.10.757198 +0800,
neu_180.jpg,0,134,134,282,676.5259466156986,,,,,,,,,,,,,,,,,,,,,,,676.4971532820082,,676.4971837876492,676.4971903449359,676.5259466156986,677.5093113479843,677.5259771213396,678.5093318751451,678.5093318751451,678.7926206569373,678.7428231915856,678.7428308892704,678.7926206569373,678.7926206569373,678.7926206569373,678.7926206569373,678.7926206569373,678.7926206569373,0.04549816567032394,680.8933092291254,[6.0],[-322.0],[1],[0],[0],[2.1000202990808248],680.8939877658122,680.8969898630039,None,,,,,,,,,,,,,ED06,001,2024-01-15_14h36.55.629,rating,2023.2.3,60.03741696289162,2024-01-15 14h37.10.757198 +0800,
neg_83.jpg,0,135,135,174,680.9259844769049,,,,,,,,,,,,,,,,,,,,,,,680.8972233594523,,680.8972547203912,680.8972615627781,680.9259844769049,681.9093272565333,681.9259933149879,682.9093571919757,682.9093571919757,683.1926716327189,683.1428847160469,683.1428938392291,683.1926716327189,683.1926716327189,683.1926716327189,683.1926716327189,683.1926716327189,683.1926716327189,0.0454685153272294,686.4433538756994,[-74.0],[-364.0],[1],[0],[0],[3.250069564264777],686.4440335527843,686.4471254563014,None,,,,,,,,,,,,,ED06,001,2024-01-15_14h36.55.629,rating,2023.2.3,60.03741696289162,2024-01-15 14h37.10.757198 +0800,
neu_152.jpg,0,136,136,251,686.4760348254677,,,,,,,,,,,,,,,,,,,,,,,686.4473586676504,,686.4473894583907,686.447396585877,686.4760348254677,687.4593912898699,687.4760630503133,688.4594095362345,688.4594095362345,688.742737091552,688.6929290775206,688.6929367752064,688.742737091552,688.742737091552,688.742737091552,688.742737091552,688.742737091552,688.742737091552,0.04540037655897322,691.5434046804203,[40.0],[127.0],[1],[0],[0],[2.800039799883052],691.5440949061849,691.5472121835537,None,,,,,,,,,,,,,ED06,001,2024-01-15_14h36.55.629,rating,2023.2.3,60.03741696289162,2024-01-15 14h37.10.757198 +0800,
neg_101.jpg,0,137,137,3,691.5761329566976,,,,,,,,,,,,,,,,,,,,,,,691.5474448247041,,691.5474764707424,691.5474833131293,691.5761329566976,692.559436392602,692.5760919023778,693.5594349671055,693.5594349671055,693.8427816240865,693.7929699037622,693.7929781716457,693.8427816240865,693.8427816240865,693.8427816240865,693.8427816240865,693.8427816240865,693.8427816240865,0.04535675634360814,696.5434665470011,[-183.0],[189.0],[1],[0],[0],[2.70006711240967],696.544153066473,696.5472384127033,None,,,,,,,,,,,,,ED06,001,2024-01-15_14h36.55.629,rating,2023.2.3,60.03741696289162,2024-01-15 14h37.10.757198 +0800,
neg_73.jpg,0,138,138,163,696.5761600411452,,,,,,,,,,,,,,,,,,,,,,,696.5474684879582,,696.5474987084999,696.5475058359862,696.5761600411452,697.5594771618235,697.5761663133335,698.5594783022216,698.5594783022216,698.8428181168156,698.7930400382265,698.7930480210107,698.8428181168156,698.8428181168156,698.8428181168156,698.8428181168156,698.8428181168156,698.8428181168156,0.04541121033798845,702.4935119918528,[-70.0],[-174.0],[1],[0],[0],[3.65000165357651],702.494167435485,702.4972678919858,None,,,,,,,,,,,,,ED06,001,2024-01-15_14h36.55.629,rating,2023.2.3,60.03741696289162,2024-01-15 14h37.10.757198 +0800,
neg_130.jpg,0,139,139,35,702.526172414462,,,,,,,,,,,,,,,,,,,,,,,702.4975033841301,,702.4975356003679,702.4975424427548,702.526172414462,703.509549120924,703.5262214515669,704.509553112317,704.509553112317,704.792876106043,704.7430746492992,704.7430820618847,704.792876106043,704.792876106043,704.792876106043,704.792876106043,704.792876106043,704.792876106043,0.045395529868073936,707.3935395894796,[-257.0],[175.0],[1],[0],[0],[2.6000359795507393],707.3941682337636,707.3971438167064,None,,,,,,,,,,,,,ED06,001,2024-01-15_14h36.55.629,rating,2023.2.3,60.03741696289162,2024-01-15 14h37.10.757198 +0800,
neu_67.jpg,0,140,140,348,707.4262829760273,,,,,,,,,,,,,,,,,,,,,,,707.3973761727566,,707.3974069634969,707.3974140909831,707.4262829760273,708.4095732973574,708.4262490491938,709.4095824205397,709.4095824205397,709.6929222351337,709.6431119403069,709.6431196379917,709.6929222351337,709.6929222351337,709.6929222351337,709.6929222351337,709.6929222351337,709.6929222351337,0.04556459384093614,712.9936217551403,[232.0],[239.0],[1],[0],[0],[3.300063178037817],712.994250969623,712.9973805062682,None,,,,,,,,,,,,,ED06,001,2024-01-15_14h36.55.629,rating,2023.2.3,60.03741696289162,2024-01-15 14h37.10.757198 +0800,
neu_112.jpg,0,141,141,207,713.0262887350364,,,,,,,,,,,,,,,,,,,,,,,712.9976151431147,,712.9976456487548,712.997652776241,713.0262887350364,714.0096289487701,714.0262930115287,715.0096403527477,715.0096403527477,715.293012953779,715.2432009483546,715.2432089311396,715.293012953779,715.293012953779,715.293012953779,715.293012953779,715.293012953779,715.293012953779,0.045416627227496065,719.5938379175423,[157.0],[-345.0],[1],[0],[0],[4.300125044617744],719.5944845230915,719.5976137746366,None,,,,,,,,,,,,,ED06,001,2024-01-15_14h36.55.629,rating,2023.2.3,60.03741696289162,2024-01-15 14h37.10.757198 +0800,
neu_72.jpg,0,142,142,354,719.6263768877861,,,,,,,,,,,,,,,,,,,,,,,719.5978506922784,,719.597881768118,719.5978886105049,719.6263768877861,720.60970142105,720.626356075526,721.6096994253539,721.6096994253539,721.8929628332953,721.8432471914857,721.8432546040713,721.8929628332953,721.8929628332953,721.8929628332953,721.8929628332953,721.8929628332953,721.8929628332953,0.04513323837545613,723.7436770644335,[168.0],[-172.0],[1],[0],[0],[1.8501021226220473],723.7443610180107,723.7474666063017,None,,,,,,,,,,,,,ED06,001,2024-01-15_14h36.55.629,rating,2023.2.3,60.03741696289162,2024-01-15 14h37.10.757198 +0800,
neg_5.jpg,0,143,143,137,723.7764059109095,,,,,,,,,,,,,,,,,,,,,,,723.7477012431473,,723.7477320338885,723.7477388762745,723.7764059109095,724.759737001461,724.776428148667,725.7597355759635,725.7597355759635,726.0430026901986,725.9933329493997,725.9933406470846,726.0430026901986,726.0430026901986,726.0430026901986,726.0430026901986,726.0430026901986,726.0430026901986,0.04533594408439967,727.8437503920113,[-115.0],[-354.0],[1],[0],[0],[1.8000945389776462],727.844420945914,727.8476354421946,None,,,,,,,,,,,,,ED06,001,2024-01-15_14h36.55.629,rating,2023.2.3,60.03741696289162,2024-01-15 14h37.10.757198 +0800,
neg_157.jpg,0,144,144,64,727.8764247844938,,,,,,,,,,,,,,,,,,,,,,,727.8478677982457,,727.8478977336872,727.8479048611734,727.8764247844938,728.8597895167795,728.8764330523773,729.8597764022043,729.8597764022043,730.1597817050542,730.0933763415351,730.0933843243201,730.1597817050542,730.1597817050542,730.1597817050542,730.1597817050542,730.1597817050542,730.1597817050542,0.06193471906863124,732.2604600136619,[-269.0],[290.0],[1],[0],[0],[2.1000294222631055],732.2610949301334,732.2642926055469,None,,,,,,,,,,,,,ED06,001,2024-01-15_14h36.55.629,rating,2023.2.3,60.03741696289162,2024-01-15 14h37.10.757198 +0800,
neu_189.jpg,0,145,145,291,732.293161490591,,,,,,,,,,,,,,,,,,,,,,,732.2645300933873,,732.264560313929,732.2645674414152,732.293161490591,733.276479181468,733.2931332657454,734.2764883046502,734.2764883046502,734.576490471406,734.5100554575447,734.5100634403288,734.576490471406,734.576490471406,734.576490471406,734.576490471406,734.576490471406,734.576490471406,0.061983185974895605,737.8271921011492,[81.0],[-252.0],[1],[0],[0],[3.250064147376179],737.8278523914714,737.8309616860552,None,,,,,,,,,,,,,ED06,001,2024-01-15_14h36.55.629,rating,2023.2.3,60.03741696289162,2024-01-15 14h37.10.757198 +0800,
neg_14.jpg,0,146,146,45,737.8598530939562,,,,,,,,,,,,,,,,,,,,,,,737.8311931868075,,737.8312236924485,737.8312305348354,737.8598530939562,738.8431964437832,738.8599007055645,739.843200150076,739.843200150076,740.1432259800868,740.0767912513247,740.076800374507,740.1432259800868,740.1432259800868,740.1432259800868,740.1432259800868,740.1432259800868,740.1432259800868,0.062052465141277935,742.943909249424,[-202.0],[-357.0],[1],[0],[0],[2.800039799883052],742.9445535741779,742.9476565965742,None,,,,,,,,,,,,,ED06,001,2024-01-15_14h36.55.629,rating,2023.2.3,60.03741696289162,2024-01-15 14h37.10.757198 +0800,
neu_156.jpg,0,147,147,255,742.976569386934,,,,,,,,,,,,,,,,,,,,,,,742.9478906632212,,742.9479217390608,742.9479285814477,742.976569386934,743.9599101708654,743.9765745187233,744.9599497996887,744.9599497996887,745.259953391942,745.1934693409758,745.1934776088592,745.259953391942,745.259953391942,745.259953391942,745.259953391942,745.259953391942,745.259953391942,0.06208183038415882,747.2107352486692,[55.0],[-259.0],[1],[0],[0],[1.9501343958800135],747.2114343125168,747.2145322031229,None,,,,,,,,,,,,,ED06,001,2024-01-15_14h36.55.629,rating,2023.2.3,60.03741696289162,2024-01-15 14h37.10.757198 +0800,
neg_6.jpg,0,148,148,148,747.2432770699079,,,,,,,,,,,,,,,,,,,,,,,747.2147582869857,,747.2147887926267,747.2147953499143,747.2432770699079,748.2266181389396,748.243304724554,749.2266266919223,749.2266266919223,749.5266473901429,749.4601801600438,749.4601884279273,749.5266473901429,749.5266473901429,749.5266473901429,749.5266473901429,749.5266473901429,749.5266473901429,0.06190820482061099,752.677358941346,[-65.0],[-279.0],[1],[0],[0],[3.150059813864573],752.6780688389726,752.6811333729429,None,,,,,,,,,,,,,ED06,001,2024-01-15_14h36.55.629,rating,2023.2.3,60.03741696289162,2024-01-15 14h37.10.757198 +0800,
neg_11.jpg,0,149,149,12,752.7099928497055,,,,,,,,,,,,,,,,,,,,,,,752.6813688650873,,752.6813993707283,752.6814062131152,752.7099928497055,753.6933390505274,753.7099991218938,754.693386947235,754.693386947235,754.9933734335209,754.9268745573827,754.9268825401678,754.9933734335209,754.9933734335209,754.9933734335209,754.9933734335209,754.9933734335209,754.9933734335209,0.06203507407462894,756.9441113849334,[-229.0],[-305.0],[1],[0],[0],[1.950069393205922],756.944817291168,766.3938571902654,space,756.9600535758882,756.9600535758882,9.426849753731403,None,,,,,,,,,ED06,001,2024-01-15_14h36.55.629,rating,2023.2.3,60.03741696289162,2024-01-15 14h37.10.757198 +0800,
neu_95.jpg,0,150,150,379,766.4101226839948,,,,,,,,,,,,,,,,,,,,,,,766.3942742907584,766.4101226839948,767.3936567653527,767.3936641779383,767.4268084143114,768.3934748719048,768.426806988814,769.3934839950871,769.3934839950871,769.6934875873403,769.6271754513409,769.6271948381036,769.6934875873403,769.6934875873403,769.6934875873403,769.6934875873403,769.6934875873403,769.6934875873403,0.04942997216312506,771.3441309997752,[54.0],[334.0],[1],[0],[0],[1.6499771350236188],771.34478501791,771.3478886105049,None,,,,,767.4268084143114,,,,,,,,ED06,001,2024-01-15_14h36.55.629,rating,2023.2.3,60.03741696289162,2024-01-15 14h37.10.757198 +0800,
neg_171.jpg,0,151,151,80,771.3768387488926,,,,,,,,,,,,,,,,,,,,,,,771.3481286642409,,771.3481600251798,771.3481668675668,771.3768387488926,772.3601852348138,772.3768421700861,773.3601994897863,773.3601994897863,773.660191678061,773.5937980036197,773.5938074119013,773.660191678061,773.660191678061,773.660191678061,773.660191678061,773.660191678061,773.660191678061,0.06208382608019747,775.7441611632967,[-286.0],[319.0],[1],[0],[0],[2.0833060588192893],775.7448798990063,775.7479900488888,None,,,,,,,,,,,,,ED06,001,2024-01-15_14h36.55.629,rating,2023.2.3,60.03741696289162,2024-01-15 14h37.10.757198 +0800,
neg_147.jpg,0,152,152,53,775.7768814567899,,,,,,,,,,,,,,,,,,,,,,,775.7482186986463,,775.7482486340887,775.7482566168728,775.7768814567899,776.760219104628,776.7768848779833,777.7602287980089,777.7602287980089,778.0602395177484,777.9937731429482,777.9937811257323,778.0602395177484,778.0602395177484,778.0602395177484,778.0602395177484,778.0602395177484,778.0602395177484,0.062058167130089714,779.744309129911,[-266.0],[-196.0],[1],[0],[0],[1.683366271822706],779.7449865261997,779.7481211946351,None,,,,,,,,,,,,,ED06,001,2024-01-15_14h36.55.629,rating,2023.2.3,60.03741696289162,2024-01-15 14h37.10.757198 +0800,
neu_178.jpg,0,153,153,279,779.7769342001875,,,,,,,,,,,,,,,,,,,,,,,779.7483549761828,,779.7483857669231,779.74839260931,779.7769342001875,780.7602590185506,780.7769350554863,781.7602655758383,781.7602655758383,782.0602714488869,781.9938230353509,781.993831018136,782.0602714488869,782.0602714488869,782.0602714488869,782.0602714488869,782.0602714488869,782.0602714488869,0.06193671476557938,784.910997369102,[43.0],[-146.0],[1],[0],[0],[2.8500550812141228],784.9116505319389,784.9147783579865,None,,,,,,,,,,,,,ED06,001,2024-01-15_14h36.55.629,rating,2023.2.3,60.03741696289162,2024-01-15 14h37.10.757198 +0800,
neg_95.jpg,0,154,154,187,784.9436341284563,,,,,,,,,,,,,,,,,,,,,,,784.9150101438381,,784.9150409345784,784.9150477769654,784.9436341284563,785.9269712060959,785.9436381198493,786.9269814696763,786.9269814696763,787.2269879129235,787.1605109894435,787.1605189722277,787.2269879129235,787.2269879129235,787.2269879129235,787.2269879129235,787.2269879129235,787.2269879129235,0.062002002538065426,789.094487944285,[-127.0],[-327.0],[1],[0],[0],[1.8668223499716987],789.0952220753643,789.0983786964571,None,,,,,,,,,,,,,ED06,001,2024-01-15_14h36.55.629,rating,2023.2.3,60.03741696289162,2024-01-15 14h37.10.757198 +0800,
neg_24.jpg,0,155,155,109,789.127007242666,,,,,,,,,,,,,,,,,,,,,,,789.0986116227059,,789.0986426985464,789.0986498260327,789.127007242666,790.1103580050794,790.1270103787601,791.1103970637041,791.1103970637041,791.4103955241671,791.3438838185539,791.3438915162387,791.4103955241671,791.4103955241671,791.4103955241671,791.4103955241671,791.4103955241671,791.4103955241671,0.06180414352184016,793.8111019435801,[-181.0],[-315.0],[1],[0],[0],[2.4000216105387153],793.8118375001568,793.8150696726034,None,,,,,,,,,,,,,ED06,001,2024-01-15_14h36.55.629,rating,2023.2.3,60.03741696289162,2024-01-15 14h37.10.757198 +0800,
neg_93.jpg,0,156,156,185,793.8437136141829,,,,,,,,,,,,,,,,,,,,,,,793.815304309449,,793.8153356703888,793.8153425127757,793.8437136141829,794.8270589597059,794.8437187459731,795.8270666573917,795.8270666573917,796.1270679688487,796.060598172855,796.0606058705398,796.1270679688487,796.1270679688487,796.1270679688487,796.1270679688487,796.1270679688487,796.1270679688487,0.061785897156369174,798.127879932078,[-282.0],[-318.0],[1],[0],[0],[2.000131430845613],798.1285855532124,798.1317792372338,None,,,,,,,,,,,,,ED06,001,2024-01-15_14h36.55.629,rating,2023.2.3,60.03741696289162,2024-01-15 14h37.10.757198 +0800,
neu_10.jpg,0,157,157,193,798.1604237490119,,,,,,,,,,,,,,,,,,,,,,,798.1320081720905,,798.1320438095217,798.132050937008,798.1604237490119,799.1437651031429,799.1604482675648,800.1438053021657,800.1438053021657,800.4438031924292,800.377319141463,800.3773265540485,800.4438031924292,800.4438031924292,800.4438031924292,800.4438031924292,800.4438031924292,800.4438031924292,0.06181127100808226,802.7112541296656,[64.0],[112.0],[1],[0],[0],[2.266766698559877],802.7119842693528,802.7151252099757,None,,,,,,,,,,,,,ED06,001,2024-01-15_14h36.55.629,rating,2023.2.3,60.03741696289162,2024-01-15 14h37.10.757198 +0800,
neu_62.jpg,0,158,158,343,802.7438042187878,,,,,,,,,,,,,,,,,,,,,,,802.7153589915233,,802.7153894971643,802.7153963395513,802.7438042187878,803.7271669553775,803.7438050740857,804.7271549812003,804.7271549812003,805.0271545820615,804.960827620891,804.9608356036752,805.0271545820615,805.0271545820615,805.0271545820615,805.0271545820615,805.0271545820615,805.0271545820615,0.061818398494324356,806.2945596182863,[167.0],[80.0],[1],[0],[0],[1.26671595085827],806.2952603927306,806.2983374710766,None,,,,,,,,,,,,,ED06,001,2024-01-15_14h36.55.629,rating,2023.2.3,60.03741696289162,2024-01-15 14h37.10.757198 +0800,
neu_124.jpg,0,159,159,220,806.327165301801,,,,,,,,,,,,,,,,,,,,,,,806.2985644102373,,806.298594630779,806.298601473166,806.327165301801,807.3105060857324,807.327178131276,808.3105186301082,808.3105186301082,808.6104994144061,808.5440450137821,808.5440524263677,808.6104994144061,808.6104994144061,808.6104994144061,808.6104994144061,808.6104994144061,808.6104994144061,0.061967220405676926,810.6112520769493,[115.0],[186.0],[1],[0],[0],[2.000033641735172],810.6119451537088,810.6150886602263,None,,,,,,,,,,,,,ED06,001,2024-01-15_14h36.55.629,rating,2023.2.3,60.03741696289162,2024-01-15 14h37.10.757198 +0800,
neu_113.jpg,0,160,160,208,810.6438822790169,,,,,,,,,,,,,,,,,,,,,,,810.6153255778681,,810.6153572239073,810.6153649215921,810.6438822790169,811.6272604109763,811.6438916872985,812.6272333265288,812.6272333265288,812.9272500333564,812.8607748204731,812.860782518158,812.9272500333564,812.9272500333564,812.9272500333564,812.9272500333564,812.9272500333564,812.9272500333564,0.06194498264903814,814.3279199600402,[108.0],[-191.0],[1],[0],[0],[1.3999933856921416],814.3286287172696,814.3317220462841,None,,,,,,,,,,,,,ED06,001,2024-01-15_14h36.55.629,rating,2023.2.3,60.03741696289162,2024-01-15 14h37.10.757198 +0800,
neg_89.jpg,0,161,161,180,814.3605798124499,,,,,,,,,,,,,,,,,,,,,,,814.3319472748481,,814.3319783506886,814.3319851930755,814.3605798124499,815.3439157496914,815.360581808146,816.3439479659291,816.3439479659291,816.6439313161218,816.5774606648292,816.5774683625141,816.6439313161218,816.6439313161218,816.6439313161218,816.6439313161218,816.6439313161218,816.6439313161218,0.0620045684336219,819.6447190458975,[-193.0],[-32.0],[1],[0],[0],[3.0000553092932023],819.6454657213526,819.6484860649089,None,,,,,,,,,,,,,ED06,001,2024-01-15_14h36.55.629,rating,2023.2.3,60.03741696289162,2024-01-15 14h37.10.757198 +0800,
neg_106.jpg,0,162,162,8,819.6773144658318,,,,,,,,,,,,,,,,,,,,,,,819.6487201315567,,819.6487503520975,819.6487574795838,819.6773144658318,820.66065211367,820.6773019214561,821.6606515434714,821.6606515434714,821.9606537102272,821.8941876205254,821.8941956033104,821.9606537102272,821.9606537102272,821.9606537102272,821.9606537102272,821.9606537102272,821.9606537102272,0.061957527023878356,824.1613540285125,[-188.0],[-61.0],[1],[0],[0],[2.200024917691735],824.1620405479844,824.1650095736395,None,,,,,,,,,,,,,ED06,001,2024-01-15_14h36.55.629,rating,2023.2.3,60.03741696289162,2024-01-15 14h37.10.757198 +0800,
neg_138.jpg,0,163,163,43,824.194056930939,,,,,,,,,,,,,,,,,,,,,,,824.1652356575023,,824.1652653078445,824.1652721502314,824.194056930939,825.1773429757768,825.1940093193307,826.1773526691577,826.1773526691577,826.4773571167098,826.4108881760139,826.4108955885995,826.4773571167098,826.4773571167098,826.4773571167098,826.4773571167098,826.4773571167098,826.4773571167098,0.06214227146756457,828.3448078258662,[-268.0],[261.0],[1],[0],[0],[1.8667151525796726],828.3455502248298,828.3486024995236,None,,,,,,,,,,,,,ED06,001,2024-01-15_14h36.55.629,rating,2023.2.3,60.03741696289162,2024-01-15 14h37.10.757198 +0800,
neu_128.jpg,0,164,164,224,828.3773775868494,,,,,,,,,,,,,,,,,,,,,,,828.3488274429883,,828.3488590890274,828.3488659314144,828.3773775868494,829.3607229323734,829.3773790123469,830.3607377575445,830.3607377575445,830.6607359329082,830.5943471051569,830.5943562283392,830.6607359329082,830.6607359329082,830.6607359329082,830.6607359329082,830.6607359329082,830.6607359329082,0.06193215317398426,832.7949236902814,[133.0],[-309.0],[1],[0],[0],[2.1334690216635863],832.7956715061346,832.7986237109226,None,,,,,,,,,,,,,ED06,001,2024-01-15_14h36.55.629,rating,2023.2.3,60.03741696289162,2024-01-15 14h37.10.757198 +0800,
neg_36.jpg,0,165,165,122,832.8274156191164,,,,,,,,,,,,,,,,,,,,,,,832.798858347769,,832.7988888534101,832.7988959808963,832.8274156191164,833.8107632454357,833.827425027398,834.8107626752362,834.8107626752362,835.1107765310699,835.0442959012962,835.0443038840813,835.1107765310699,835.1107765310699,835.1107765310699,835.1107765310699,835.1107765310699,835.1107765310699,0.06193728496418771,837.978214125651,[-54.0],[-302.0],[1],[0],[0],[2.866689493629565],837.9788900964431,837.9820239095798,None,,,,,,,,,,,,,ED06,001,2024-01-15_14h36.55.629,rating,2023.2.3,60.03741696289162,2024-01-15 14h37.10.757198 +0800,
neu_130.jpg,0,166,166,227,838.0108024181,,,,,,,,,,,,,,,,,,,,,,,837.98225141894,,837.982281924581,837.9822890520672,838.0108024181,838.9941437722309,839.0108272217512,839.9941719970757,839.9941719970757,840.2941787254231,840.2277109251245,840.2277189079095,840.2941787254231,840.2941787254231,840.2941787254231,840.2941787254231,840.2941787254231,840.2941787254231,0.061948403842507105,843.4282398986416,[-23.0],[-220.0],[1],[0],[0],[3.1333740835470962],843.4289478005721,843.4321454759847,None,,,,,,,,,,,,,ED06,001,2024-01-15_14h36.55.629,rating,2023.2.3,60.03741696289162,2024-01-15 14h37.10.757198 +0800,
neg_76.jpg,0,167,167,166,843.4608484331502,,,,,,,,,,,,,,,,,,,,,,,843.4324836039305,,843.4325149648703,843.4325220923565,843.4608484331502,844.4442214333203,844.4608552755371,845.4442485177678,845.4442485177678,845.7442053537115,845.6777580805738,845.6777660633579,845.7442053537115,845.7442053537115,845.7442053537115,845.7442053537115,845.7442053537115,845.7442053537115,0.06174427263704274,849.7450070533605,[-31.0],[29.0],[1],[0],[0],[4.000057875187849],849.7457654178934,849.7490537549311,None,,,,,,,,,,,,,ED06,001,2024-01-15_14h36.55.629,rating,2023.2.3,60.03741696289162,2024-01-15 14h37.10.757198 +0800,
neu_9.jpg,0,168,168,373,849.777627276947,,,,,,,,,,,,,,,,,,,,,,,849.7492863960806,,849.7493174719202,849.7493245994065,849.777627276947,850.760929287354,850.7775822312342,851.7609238704645,851.7609238704645,852.0609308839112,851.9944576667231,851.9944656495081,852.0609308839112,852.0609308839112,852.0609308839112,852.0609308839112,852.0609308839112,852.0609308839112,0.0616655851890755,855.8616771602274,[33.0],[-196.0],[1],[0],[0],[3.8000494932639413],855.8623765091743,855.8654718338848,None,,,,,,,,,,,,,ED06,001,2024-01-15_14h36.55.629,rating,2023.2.3,60.03741696289162,2024-01-15 14h37.10.757198 +0800,
neg_104.jpg,0,169,169,6,855.8943016603052,,,,,,,,,,,,,,,,,,,,,,,855.8656984879462,,855.8657292786875,855.8657364061728,855.8943016603052,856.8776413038395,856.8943247533607,857.8776484313257,857.8776484313257,858.177656014971,858.1111847934799,858.111192776264,858.177656014971,858.177656014971,858.177656014971,858.177656014971,858.177656014971,858.177656014971,0.06197605848865351,861.11184109241,[-82.0],[-246.0],[1],[0],[0],[2.933450661259485],861.1125715171966,861.1157549376376,None,,,,,,,,,,,,,ED06,001,2024-01-15_14h36.55.629,rating,2023.2.3,60.03741696289162,2024-01-15 14h37.10.757198 +0800,
neu_108.jpg,0,170,170,202,861.144355544101,,,,,,,,,,,,,,,,,,,,,,,861.1159824469969,,861.1160129526379,861.1160197950248,861.144355544101,862.127690055845,862.1443777818577,863.1276986088287,863.1276986088287,863.427704196778,863.3612768806015,863.361284293187,863.427704196778,863.427704196778,863.427704196778,863.427704196778,863.427704196778,863.427704196778,0.06174341733822075,865.1618241575025,[20.0],[-267.0],[1],[0],[0],[1.7333869700432842],865.1625899346209,865.1656838338349,None,,,,,,,,,,,,,ED06,001,2024-01-15_14h36.55.629,rating,2023.2.3,60.03741696289162,2024-01-15 14h37.10.757198 +0800,
neg_162.jpg,0,171,171,70,865.1943922078899,,,,,,,,,,,,,,,,,,,,,,,865.1659133388912,,865.165943559432,865.1659506869182,865.1943922078899,866.1777312812255,866.194402186371,867.1777603613691,867.1777603613691,867.4777545453408,867.4112667880809,867.4112744857657,867.4777545453408,867.4777545453408,867.4777545453408,867.4777545453408,867.4777545453408,867.4777545453408,0.061865154802944744,869.011857000959,[-340.0],[332.0],[1],[0],[0],[1.5333917026937343],869.0125580605027,869.0155256606613,None,,,,,,,,,,,,,ED06,001,2024-01-15_14h36.55.629,rating,2023.2.3,60.03741696289162,2024-01-15 14h37.10.757198 +0800,
neu_187.jpg,0,172,172,289,869.0444378808215,,,,,,,,,,,,,,,,,,,,,,,869.015752599822,,869.015783105463,869.01578994785,869.0444378808215,870.027775813759,870.044450140098,871.0277743882625,871.0277743882625,871.3277794060123,871.2613019123328,871.2613096100185,871.3277794060123,871.3277794060123,871.3277794060123,871.3277794060123,871.3277794060123,871.3277794060123,0.06204761845037865,873.5952417472263,[-45.0],[9.0],[1],[0],[0],[2.266739614112339],873.5959582021405,873.599027867901,None,,,,,,,,,,,,,ED06,001,2024-01-15_14h36.55.629,rating,2023.2.3,60.03741696289162,2024-01-15 14h37.10.757198 +0800,
neu_93.jpg,0,173,173,377,873.627820916492,,,,,,,,,,,,,,,,,,,,,,,873.5992556623605,,873.5992861680015,873.5992932954878,873.627820916492,874.6111451646566,874.627808087017,875.6111588494296,875.6111588494296,875.9111806880474,875.84468181191,875.8447031943679,875.9111806880474,875.9111806880474,875.9111806880474,875.9111806880474,875.9111806880474,875.9111806880474,0.061947548543685116,878.3786263224338,[-3.0],[35.0],[1],[0],[0],[2.466724047682874],878.379376133983,878.3825099471196,None,,,,,,,,,,,,,ED06,001,2024-01-15_14h36.55.629,rating,2023.2.3,60.03741696289162,2024-01-15 14h37.10.757198 +0800,
neg_148.jpg,0,174,174,54,878.4112120489872,,,,,,,,,,,,,,,,,,,,,,,878.3827383117778,,878.3827682472202,878.3827750896071,878.4112120489872,879.394521757079,879.4111972238161,880.3945519776207,880.3945519776207,880.6945333321173,880.6280743699017,880.6280823526859,880.6945333321173,880.6945333321173,880.6945333321173,880.6945333321173,880.6945333321173,880.6945333321173,0.06181668789758987,882.0953164432822,[-352.0],[254.0],[1],[0],[0],[1.3999434932893564],882.0960468680687,882.0991219507187,None,,,,,,,,,,,,,ED06,001,2024-01-15_14h36.55.629,rating,2023.2.3,60.03741696289162,2024-01-15 14h37.10.757198 +0800,
neg_77.jpg,0,175,175,167,882.127882783072,,,,,,,,,,,,,,,,,,,,,,,882.0993520259735,,882.0993831018131,882.0993899442001,882.127882783072,883.1112489408551,883.1278884850617,884.1112309795899,884.1112309795899,884.4112320059485,884.3447784606224,884.3447864434074,884.4112320059485,884.4112320059485,884.4112320059485,884.4112320059485,884.4112320059485,884.4112320059485,0.06190278793019388,887.3454310532597,[-355.0],[380.0],[1],[0],[0],[2.9334415380772043],887.3462028174672,887.3493027037694,None,,,,,,,,,,,,,ED06,001,2024-01-15_14h36.55.629,rating,2023.2.3,60.03741696289162,2024-01-15 14h37.10.757198 +0800,
neg_123.jpg,0,176,176,27,887.3779321052771,,,,,,,,,,,,,,,,,,,,,,,887.3495316386261,,887.3495615740685,887.3495684164554,887.3779321052771,888.3613170796234,888.3779380923652,889.3612808719936,889.3612808719936,889.6612830387494,889.5948123874568,889.5948203702419,889.6612830387494,889.6612830387494,889.6612830387494,889.6612830387494,889.6612830387494,889.6612830387494,0.06179587563747191,894.9954538041957,[-102.0],[-391.0],[1],[0],[0],[5.33337733368171],894.9962389680768,894.9993265951025,None,,,,,,,,,,,,,ED06,001,2024-01-15_14h36.55.629,rating,2023.2.3,60.03741696289162,2024-01-15 14h37.10.757198 +0800,
neu_146.jpg,0,177,177,244,895.0280207141859,,,,,,,,,,,,,,,,,,,,,,,894.9995603766511,,894.9995903120926,894.9995971544795,895.0280207141859,896.0113438219523,896.0280503645281,897.0113649193108,897.0113649193108,897.3113548267911,897.2449215235256,897.2449292212114,897.3113548267911,897.3113548267911,897.3113548267911,897.3113548267911,897.3113548267911,897.3113548267911,0.06181611769807205,899.8456522904316,[28.0],[-382.0],[1],[0],[0],[2.533499185185974],899.8463830003184,899.8494868780126,None,,,,,,,,,,,,,ED06,001,2024-01-15_14h36.55.629,rating,2023.2.3,60.03741696289162,2024-01-15 14h37.10.757198 +0800,
neg_127.jpg,0,178,178,31,899.8780487109516,,,,,,,,,,,,,,,,,,,,,,,899.8497189489635,,899.8497485993066,899.8497554416936,899.8780487109516,900.8613909203805,900.878052987443,901.8613986180662,901.8613986180662,902.1614010699213,902.0949706176507,902.0949786004358,902.1614010699213,902.1614010699213,902.1614010699213,902.1614010699213,902.1614010699213,902.1614010699213,0.06170321831632464,904.3622436528312,[-176.0],[-180.0],[1],[0],[0],[2.2000574190287807],904.3630789942144,904.3661549321632,None,,,,,,,,,,,,,ED06,001,2024-01-15_14h36.55.629,rating,2023.2.3,60.03741696289162,2024-01-15 14h37.10.757198 +0800,
neu_102.jpg,0,179,179,196,904.3947811975777,,,,,,,,,,,,,,,,,,,,,,,904.3663838670209,,904.3664149428605,904.3664220703467,904.3947811975777,905.3780988884546,905.3947623810136,906.3781077265376,906.3781077265376,906.6781133144868,906.6116731688344,906.6116811516195,906.6781133144868,906.6781133144868,906.6781133144868,906.6781133144868,906.6781133144868,906.6781133144868,0.06175140012328484,908.4789171808907,[118.0],[-318.0],[1],[0],[0],[1.800053484656928],908.4796761156231,916.0619361445661,space,908.4948220238184,908.4948220238184,7.554725409317143,None,,,,,,,,,ED06,001,2024-01-15_14h36.55.629,rating,2023.2.3,60.03741696289162,2024-01-15 14h37.10.757198 +0800,
neg_59.jpg,0,180,180,147,916.0781996425994,,,,,,,,,,,,,,,,,,,,,,,916.0622976506666,916.0781996425994,917.0617830461624,917.061790458748,917.0949181593523,918.0615552517029,918.0948944960983,919.0615803404544,919.0615803404544,919.3615668267403,919.2950904734589,919.2950987413433,919.3615668267403,919.3615668267403,919.3615668267403,919.3615668267403,919.3615668267403,919.3615668267403,0.049468175488982524,921.695725332911,[-135.0],[-292.0],[1],[0],[0],[2.333357376719505],921.6965139179847,921.6996368973423,None,,,,,917.0949181593523,,,,,,,,ED06,001,2024-01-15_14h36.55.629,rating,2023.2.3,60.03741696289162,2024-01-15 14h37.10.757198 +0800,
neg_152.jpg,0,181,181,59,921.728300795884,,,,,,,,,,,,,,,,,,,,,,,921.6998703937907,,921.6999020398298,921.699909167316,921.728300795884,922.7115985297996,922.7282617372593,923.7116062274845,923.7116062274845,924.0116098197377,923.9451500022242,923.9451579850083,924.0116098197377,924.0116098197377,924.0116098197377,924.0116098197377,924.0116098197377,924.0116098197377,0.06175966800765309,925.7457474566281,[-332.0],[366.0],[1],[0],[0],[1.733365587584558],925.7464847238016,925.7496305111154,None,,,,,,,,,,,,,ED06,001,2024-01-15_14h36.55.629,rating,2023.2.3,60.03741696289162,2024-01-15 14h37.10.757198 +0800,
neu_80.jpg,0,182,182,363,925.7783471530538,,,,,,,,,,,,,,,,,,,,,,,925.749864292663,,925.7498942281045,925.7499013555907,925.7783471530538,926.7616351935885,926.7783086646286,927.7616420359755,927.7616420359755,928.061647909024,927.995209188869,927.9952168865548,928.061647909024,928.061647909024,928.061647909024,928.061647909024,928.061647909024,928.061647909024,0.061806139216969314,929.1957746551152,[71.0],[-362.0],[1],[0],[0],[1.1333584030780912],929.196512207388,929.1996155148836,None,,,,,,,,,,,,,ED06,001,2024-01-15_14h36.55.629,rating,2023.2.3,60.03741696289162,2024-01-15 14h37.10.757198 +0800,
neu_183.jpg,0,183,183,285,929.2283270250327,,,,,,,,,,,,,,,,,,,,,,,929.1998495815315,,929.1998803722718,929.1998872146578,929.2283270250327,930.2116675238658,930.2283347227176,931.211663817573,931.211663817573,931.5116805244006,931.445216715495,931.4452246982792,931.5116805244006,931.5116805244006,931.5116805244006,931.5116805244006,931.5116805244006,931.5116805244006,0.061852895526499196,933.1791405277991,[53.0],[-350.0],[1],[0],[0],[1.6667019239657748],933.1798772247739,933.182990795849,None,,,,,,,,,,,,,ED06,001,2024-01-15_14h36.55.629,rating,2023.2.3,60.03741696289162,2024-01-15 14h37.10.757198 +0800,
neg_135.jpg,0,184,184,40,933.211745356015,,,,,,,,,,,,,,,,,,,,,,,933.1832225817006,,933.1832545128391,933.1832616403253,933.211745356015,934.195037673041,934.2117345222359,935.1950456558261,935.1950456558261,935.4950512437745,935.4286096726264,935.4286173703113,935.4950512437745,935.4950512437745,935.4950512437745,935.4950512437745,935.4950512437745,935.4950512437745,0.06185118493067421,938.0958709617089,[-144.0],[-145.0],[1],[0],[0],[2.6000328434565745],938.0966113649765,938.0996228704498,None,,,,,,,,,,,,,ED06,001,2024-01-15_14h36.55.629,rating,2023.2.3,60.03741696289162,2024-01-15 14h37.10.757198 +0800,
neg_188.jpg,0,185,185,98,938.1284056554605,,,,,,,,,,,,,,,,,,,,,,,938.0998523755061,,938.0998828811462,938.0998900086324,938.1284056554605,939.1117723834432,939.1283925408861,940.1117578433714,940.1117578433714,940.4117574442316,940.3453067499004,940.3453144475852,940.4117574442316,940.4117574442316,940.4117574442316,940.4117574442316,940.4117574442316,940.4117574442316,0.06192588098565466,942.6792913454074,[-180.0],[294.0],[1],[0],[0],[2.2667501627911406],942.6800870579673,942.6834252874087,None,,,,,,,,,,,,,ED06,001,2024-01-15_14h36.55.629,rating,2023.2.3,60.03741696289162,2024-01-15 14h37.10.757198 +0800,
neu_186.jpg,0,186,186,288,942.7117855550377,,,,,,,,,,,,,,,,,,,,,,,942.6836570732603,,942.6836887192994,942.6836958467857,942.7117855550377,943.695168533688,943.7117923974238,944.6951551340135,944.6951551340135,944.9951835299189,944.9286587097313,944.9286664074161,944.9951835299189,944.9951835299189,944.9951835299189,944.9951835299189,944.9951835299189,944.9951835299189,0.06154983481337695,947.0627432611045,[58.0],[-315.0],[1],[0],[0],[2.066764873923603],947.0635344120737,947.0666451321549,None,,,,,,,,,,,,,ED06,001,2024-01-15_14h36.55.629,rating,2023.2.3,60.03741696289162,2024-01-15 14h37.10.757198 +0800,
neg_124.jpg,0,187,187,28,947.0951604938837,,,,,,,,,,,,,,,,,,,,,,,947.0668766329072,,947.0669071385482,947.0669145511338,947.0951604938837,948.0785015629153,948.0952363303368,949.0785086904016,949.0785086904016,949.3785196952404,949.3120467631516,949.3120550310359,949.3785196952404,949.3785196952404,949.3785196952404,949.3785196952404,949.3785196952404,949.3785196952404,0.06166729578671948,951.1127177732133,[-256.0],[325.0],[1],[0],[0],[1.7333841190484236],951.1134692953592,951.1165814409378,None,,,,,,,,,,,,,ED06,001,2024-01-15_14h36.55.629,rating,2023.2.3,60.03741696289162,2024-01-15 14h37.10.757198 +0800,
neg_136.jpg,0,188,188,41,951.1451982980707,,,,,,,,,,,,,,,,,,,,,,,951.1168115161927,,951.1168420218337,951.1168488642206,951.1451982980707,952.1285610346604,952.1452048553574,953.1285715833401,953.1285715833401,953.4285660524101,953.3620797206486,953.362087988532,953.4285660524101,953.4285660524101,953.4285660524101,953.4285660524101,953.4285660524101,953.4285660524101,0.06177477827804978,955.4294105169765,[-127.0],[-212.0],[1],[0],[0],[2.000030505641007],955.4301335291775,955.4332442492587,None,,,,,,,,,,,,,ED06,001,2024-01-15_14h36.55.629,rating,2023.2.3,60.03741696289162,2024-01-15 14h37.10.757198 +0800,
neg_189.jpg,0,189,189,99,955.4619075776009,,,,,,,,,,,,,,,,,,,,,,,955.4334746096138,,955.4335048301546,955.4335119576408,955.4619075776009,956.4452446552405,956.4618944630265,957.4452549188209,957.4452549188209,957.7452607918694,957.6787864342841,957.678794131969,957.7452607918694,957.7452607918694,957.7452607918694,957.7452607918694,957.7452607918694,957.7452607918694,0.061813551802515576,960.0794056132663,[-175.0],[133.0],[1],[0],[0],[2.333326300880799],960.080239529153,960.0833607979139,None,,,,,,,,,,,,,ED06,001,2024-01-15_14h36.55.629,rating,2023.2.3,60.03741696289162,2024-01-15 14h37.10.757198 +0800,
neu_153.jpg,0,190,190,252,960.1119482898021,,,,,,,,,,,,,,,,,,,,,,,960.0835977155548,,960.0836299317925,960.0836370592788,960.1119482898021,961.0952910694305,961.1119996077032,962.0952990522155,962.0952990522155,962.3953263077228,962.3288294272807,962.3288371249655,962.3953263077228,962.3953263077228,962.3953263077228,962.3953263077228,962.3953263077228,962.3953263077228,0.06174769383051171,964.2628519980344,[79.0],[-272.0],[1],[0],[0],[1.8667034635018354],964.2636134986606,964.2667952085048,None,,,,,,,,,,,,,ED06,001,2024-01-15_14h36.55.629,rating,2023.2.3,60.03741696289162,2024-01-15 14h37.10.757198 +0800,
neu_117.jpg,0,191,191,212,964.2953293867968,,,,,,,,,,,,,,,,,,,,,,,964.2670278496544,,964.2670577850968,964.267064912583,964.2953293867968,965.2786884170937,965.2953262507026,966.2786704558284,966.2786704558284,966.5786786096724,966.5122062477831,966.5122139454688,966.5786786096724,966.5786786096724,966.5786786096724,966.5786786096724,966.5786786096724,966.5786786096724,0.061686397449193464,968.0462166162797,[82.0],[-316.0],[1],[0],[0],[1.4667052311187945],968.0470208818242,968.0501344529002,None,,,,,,,,,,,,,ED06,001,2024-01-15_14h36.55.629,rating,2023.2.3,60.03741696289162,2024-01-15 14h37.10.757198 +0800,
neg_190.jpg,0,192,192,101,968.0786914391474,,,,,,,,,,,,,,,,,,,,,,,968.050365383453,,968.050395889094,968.0504030165803,968.0786914391474,969.0620516098425,969.0786888732528,970.0620342187758,970.0620342187758,970.3620469342113,970.2956087842558,970.2956170521402,970.3620469342113,970.3620469342113,970.3620469342113,970.3620469342113,970.3620469342113,970.3620469342113,0.0617035034165383,972.2296125384455,[-281.0],[337.0],[1],[0],[0],[1.8667510751101872],972.2304239314763,972.2335280942698,None,,,,,,,,,,,,,ED06,001,2024-01-15_14h36.55.629,rating,2023.2.3,60.03741696289162,2024-01-15 14h37.10.757198 +0800,
neu_23.jpg,0,193,193,300,972.2620819444237,,,,,,,,,,,,,,,,,,,,,,,972.2337610205195,,972.2337912410603,972.2337980834473,972.2620819444237,973.2454241538535,973.2620770977337,974.2454529488978,974.2454529488978,974.5454494136648,974.4789448355377,974.4789525332226,974.5454494136648,974.5454494136648,974.5454494136648,974.5454494136648,974.5454494136648,974.5454494136648,0.06171148620069289,977.0129908414656,[58.0],[-319.0],[1],[0],[0],[2.466721196688013],977.0137999537001,977.0169351923341,None,,,,,,,,,,,,,ED06,001,2024-01-15_14h36.55.629,rating,2023.2.3,60.03741696289162,2024-01-15 14h37.10.757198 +0800,
neu_45.jpg,0,194,194,324,977.0454454222718,,,,,,,,,,,,,,,,,,,,,,,977.0171684036823,,977.0172003348207,977.0172077474062,977.0454454222718,978.0287847807076,978.045450554062,979.0287882019002,979.0287882019002,979.3288282868834,979.2623428104189,979.262350793204,979.3288282868834,979.3288282868834,979.3288282868834,979.3288282868834,979.3288282868834,979.3288282868834,0.061679840161559696,980.4630120528645,[53.0],[-128.0],[1],[0],[0],[1.1333333143265918],980.4638160333088,980.4669626759205,None,,,,,,,,,,,,,ED06,001,2024-01-15_14h36.55.629,rating,2023.2.3,60.03741696289162,2024-01-15 14h37.10.757198 +0800,
neu_97.jpg,0,195,195,381,980.4954988499085,,,,,,,,,,,,,,,,,,,,,,,980.4671907554794,,980.4672215462197,980.4672283886066,980.4954988499085,981.4788439103331,981.49547775255,982.4788687139844,982.4788687139844,982.7788477876857,982.7123737151996,982.7123814128845,982.7788477876857,982.7788477876857,982.7788477876857,982.7788477876857,982.7788477876857,982.7788477876857,0.06168183585850784,983.6464056942341,[75.0],[-278.0],[1],[0],[0],[0.8667405264304762],983.6472122405739,983.6503340795334,None,,,,,,,,,,,,,ED06,001,2024-01-15_14h36.55.629,rating,2023.2.3,60.03741696289162,2024-01-15 14h37.10.757198 +0800,
neu_3.jpg,0,196,196,307,983.6788830829973,,,,,,,,,,,,,,,,,,,,,,,983.6505704269766,,983.6506015028162,983.6506083452032,983.6788830829973,984.6621793914155,984.6788645515326,985.6621882294985,985.6621882294985,985.9622171956025,985.895766216172,985.8957741989561,985.9622171956025,985.9622171956025,985.9622171956025,985.9622171956025,985.9622171956025,985.9622171956025,0.061669291482758126,986.696385338134,[65.0],[-294.0],[1],[0],[0],[0.7333330862475123],986.6971505450529,986.7002398826762,None,,,,,,,,,,,,,ED06,001,2024-01-15_14h36.55.629,rating,2023.2.3,60.03741696289162,2024-01-15 14h37.10.757198 +0800,
neu_191.jpg,0,197,197,294,986.7288658629905,,,,,,,,,,,,,,,,,,,,,,,986.7004719536271,,986.7005024592681,986.7005093016551,986.7288658629905,987.7122094979168,987.7288920921392,988.7122197614972,988.7122197614972,989.0122267749439,988.9457914759823,988.9457994587674,989.0122267749439,989.0122267749439,989.0122267749439,989.0122267749439,989.0122267749439,989.0122267749439,0.061779054770340736,989.9464115672827,[74.0],[-249.0],[1],[0],[0],[0.9333488807569665],989.9471716424123,989.9501902753718,None,,,,,,,,,,,,,ED06,001,2024-01-15_14h36.55.629,rating,2023.2.3,60.03741696289162,2024-01-15 14h37.10.757198 +0800,
neg_80.jpg,0,198,198,171,989.9788972239294,,,,,,,,,,,,,,,,,,,,,,,989.9504220612234,,989.9504522817651,989.9504594092514,989.9788972239294,990.9622679433041,990.9789046365149,991.9622913214589,991.9622913214589,992.2622980498054,992.1957792167068,992.195787199491,992.2622980498054,992.2622980498054,992.2622980498054,992.2622980498054,992.2622980498054,992.2622980498054,0.061897656140899926,994.0631449662269,[-90.0],[-309.0],[1],[0],[0],[1.8000155664294653],994.0639666228371,994.0670576710572,None,,,,,,,,,,,,,ED06,001,2024-01-15_14h36.55.629,rating,2023.2.3,60.03741696289162,2024-01-15 14h37.10.757198 +0800,
neu_27.jpg,0,199,199,304,994.0956058192223,,,,,,,,,,,,,,,,,,,,,,,994.0672917377042,,994.0673216731457,994.0673285155326,994.0956058192223,995.0789463180545,995.0956049639235,996.0789511647454,996.0789511647454,996.3788851927329,996.3124983606785,996.3125063434627,996.3788851927329,996.3788851927329,996.3788851927329,996.3788851927329,996.3788851927329,996.3788851927329,0.06161683318350697,998.0465336468669,[112.0],[-142.0],[1],[0],[0],[1.6667974322808732],998.0473533077811,998.050435232818,None,,,,,,,,,,,,,ED06,001,2024-01-15_14h36.55.629,rating,2023.2.3,60.03741696289162,2024-01-15 14h37.10.757198 +0800,
neg_7.jpg,0,200,200,159,998.0789739727015,,,,,,,,,,,,,,,,,,,,,,,998.0506470617083,,998.0506758567526,998.05068212894,998.0789739727015,999.0623330029985,999.0789811001878,1000.0623247351141,1000.0623247351141,1000.362338876047,1000.2958705055498,1000.2958787734342,1000.362338876047,1000.362338876047,1000.362338876047,1000.362338876047,1000.362338876047,1000.362338876047,0.06171861368693499,1001.6965977372229,[-169.0],[-121.0],[1],[0],[0],[1.3333821803726096],1001.6973817607059,1001.7004616900467,None,,,,,,,,,,,,,ED06,001,2024-01-15_14h36.55.629,rating,2023.2.3,60.03741696289162,2024-01-15 14h37.10.757198 +0800,
neu_48.jpg,0,201,201,327,1001.7290252335824,,,,,,,,,,,,,,,,,,,,,,,1001.7006929056997,,1001.70072369644,1001.7007308239263,1001.7290252335824,1002.7123908211661,1002.7290155402006,1003.7123506221442,1003.7123506221442,1004.0290305364315,1003.9458898352923,1003.9458981031767,1004.0290305364315,1004.0290305364315,1004.0290305364315,1004.0290305364315,1004.0290305364315,1004.0290305364315,0.0783604386879233,1005.0298926771638,[93.0],[-332.0],[1],[0],[0],[0.9999498224970012],1005.0307813321442,1005.0339701694747,None,,,,,,,,,,,,,ED06,001,2024-01-15_14h36.55.629,rating,2023.2.3,60.03741696289162,2024-01-15 14h37.10.757198 +0800,
neg_47.jpg,0,202,202,134,1005.0623903079877,,,,,,,,,,,,,,,,,,,,,,,1005.0342022404257,,1005.0342324609674,1005.0342390182541,1005.0623903079877,1006.0457168369467,1006.0623803295066,1007.0457276707257,1007.0457276707257,1007.3456537159291,1007.279256335195,1007.2792640328798,1007.3456537159291,1007.3456537159291,1007.3456537159291,1007.3456537159291,1007.3456537159291,1007.3456537159291,0.06147542385770066,1010.0133349564994,[-218.0],[30.0],[1],[0],[0],[2.6668168190426513],1010.0141634554966,1010.0173776666779,None,,,,,,,,,,,,,ED06,001,2024-01-15_14h36.55.629,rating,2023.2.3,60.03741696289162,2024-01-15 14h37.10.757198 +0800,
neu_147.jpg,0,203,203,245,1010.0457519041793,,,,,,,,,,,,,,,,,,,,,,,1010.0176410985678,,1010.0176733148055,1010.0176804422917,1010.0457519041793,1011.0291308914375,1011.0457607422622,1012.0291280404435,1012.0291280404435,1012.3457857169742,1012.2626353224532,1012.2626427350388,1012.3457857169742,1012.3457857169742,1012.3457857169742,1012.3457857169742,1012.3457857169742,1012.3457857169742,0.07817569424514659,1014.3467262600543,[-27.0],[31.0],[1],[0],[0],[2.000074125856372],1014.347558180244,1014.3507068185527,None,,,,,,,,,,,,,ED06,001,2024-01-15_14h36.55.629,rating,2023.2.3,60.03741696289162,2024-01-15 14h37.10.757198 +0800,
neg_182.jpg,0,204,204,92,1014.3791286676615,,,,,,,,,,,,,,,,,,,,,,,1014.3509408851996,,1014.350970820642,1014.3509779481283,1014.3791286676615,1015.3624685962959,1015.3791357951477,1016.3624774343789,1016.3624774343789,1016.6791485105832,1016.596125840616,1016.5961452273787,1016.6791485105832,1016.6791485105832,1016.6791485105832,1016.6791485105832,1016.6791485105832,1016.6791485105832,0.07823071843904472,1018.7467396027087,[-316.0],[-302.0],[1],[0],[0],[2.0667337980839875],1018.7475743738933,1018.7505952876481,None,,,,,,,,,,,,,ED06,001,2024-01-15_14h36.55.629,rating,2023.2.3,60.03741696289162,2024-01-15 14h37.10.757198 +0800,
neu_25.jpg,0,205,205,302,1018.7791796434431,,,,,,,,,,,,,,,,,,,,,,,1018.7508282138979,,1018.7508590046382,1018.7508658470251,1018.7791796434431,1019.7625315462537,1019.7792295358468,1020.7625506479171,1020.7625506479171,1021.0792200135247,1020.9960505173412,1020.9960585001263,1021.0792200135247,1021.0792200135247,1021.0792200135247,1021.0792200135247,1021.0792200135247,1021.0792200135247,0.07842030957272073,1022.5468136145255,[98.0],[-347.0],[1],[0],[0],[1.466710648008302],1022.5476535175003,1022.5507921773269,None,,,,,,,,,,,,,ED06,001,2024-01-15_14h36.55.629,rating,2023.2.3,60.03741696289162,2024-01-15 14h37.10.757198 +0800,
neu_56.jpg,0,206,206,336,1022.5792305622044,,,,,,,,,,,,,,,,,,,,,,,1022.551024533378,,1022.5510544688195,1022.5510615963058,1022.5792305622044,1023.5625476828827,1023.5792128860394,1024.5625530997722,1024.5625530997722,1024.87922759717,1024.7960965894126,1024.7961045721968,1024.87922759717,1024.87922759717,1024.87922759717,1024.87922759717,1024.87922759717,1024.87922759717,0.07822587174814544,1025.613509494382,[109.0],[-318.0],[1],[0],[0],[0.7333530432088082],1025.6143026410473,1025.6173953998632,None,,,,,,,,,,,,,ED06,001,2024-01-15_14h36.55.629,rating,2023.2.3,60.03741696289162,2024-01-15 14h37.10.757198 +0800,
neu_137.jpg,0,207,207,234,1025.6459099062931,,,,,,,,,,,,,,,,,,,,,,,1025.617633172803,,1025.6176645337428,1025.6176713761297,1025.6459099062931,1026.6292421372427,1026.6459070552992,1027.629251260425,1027.629251260425,1027.9459448594862,1027.8627839162855,1027.8627916139712,1027.9459448594862,1027.9459448594862,1027.9459448594862,1027.9459448594862,1027.9459448594862,1027.9459448594862,0.07833249894247274,1032.8135278547861,[96.0],[41.0],[1],[0],[0],[4.866715437678977],1032.8143232822476,1032.8174436957097,None,,,,,,,,,,,,,ED06,001,2024-01-15_14h36.55.629,rating,2023.2.3,60.03741696289162,2024-01-15 14h37.10.757198 +0800,
neg_86.jpg,0,208,208,177,1032.8459653296259,,,,,,,,,,,,,,,,,,,,,,,1032.8176754815613,,1032.8177059872023,1032.8177131146886,1032.8459653296259,1033.8293317725092,1033.8459775889023,1034.8293203685307,1034.8293203685307,1035.1459905894371,1035.0629436860163,1035.062953379398,1035.1459905894371,1035.1459905894371,1035.1459905894371,1035.1459905894371,1035.1459905894371,1035.1459905894371,0.07833934132850118,1038.213577119971,[-272.0],[70.0],[1],[0],[0],[3.066732372586557],1038.2143674156423,1038.2174627403529,None,,,,,,,,,,,,,ED06,001,2024-01-15_14h36.55.629,rating,2023.2.3,60.03741696289162,2024-01-15 14h37.10.757198 +0800,
neu_143.jpg,0,209,209,241,1038.2460251434904,,,,,,,,,,,,,,,,,,,,,,,1038.2176956666026,,1038.217726457343,1038.2177335848291,1038.2460251434904,1039.2293890204783,1039.2460265689879,1040.229384743986,1040.229384743986,1040.5460638029754,1040.4629000087807,1040.4629077064665,1040.5460638029754,1040.5460638029754,1040.5460638029754,1040.5460638029754,1040.5460638029754,1040.5460638029754,0.07839179962775233,1041.9469002277374,[43.0],[-270.0],[1],[0],[0],[1.3999748542291854],1041.9477344287234,1055.1466363396885,space,1041.9627178302335,1041.9627178302335,13.181998364669198,None,,,,,,,,,ED06,001,2024-01-15_14h36.55.629,rating,2023.2.3,60.03741696289162,2024-01-15 14h37.10.757198 +0800,
neg_120.jpg,0,210,210,24,1055.1628650555886,,,,,,,,,,,,,,,,,,,,,,,1055.1470571464743,1055.1628650555886,1056.1463806054826,1056.1463880180681,1056.1795242716562,1057.1462223752887,1057.1795288332478,1058.1462474640402,1058.1462474640402,1058.4628789114222,1058.3797293722,1058.3797373549842,1058.4628789114222,1058.4628789114222,1058.4628789114222,1058.4628789114222,1058.4628789114222,1058.4628789114222,0.06603815542985103,1060.6638087347628,[-298.0],[238.0],[1],[0],[0],[2.2000688230064043],1060.6646104344118,1060.667670121692,None,,,,,1056.1795242716562,,,,,,,,ED06,001,2024-01-15_14h36.55.629,rating,2023.2.3,60.03741696289162,2024-01-15 14h37.10.757198 +0800,
neu_46.jpg,0,211,211,325,1060.6962410778124,,,,,,,,,,,,,,,,,,,,,,,1060.6678882227698,,1060.6679549360406,1060.6679617784275,1060.6962410778124,1061.6795724534632,1061.6962336652268,1062.679562474983,1062.679562474983,1062.9962540783472,1062.9131738182914,1062.9131818010756,1062.9962540783472,1062.9962540783472,1062.9962540783472,1062.9962540783472,1062.9962540783472,1062.9962540783472,0.07835302610237704,1065.6137723560732,[8.0],[-297.0],[1],[0],[0],[2.6166569922916096],1065.6145880255954,1065.6177058731628,None,,,,,,,,,,,,,ED06,001,2024-01-15_14h36.55.629,rating,2023.2.3,60.03741696289162,2024-01-15 14h37.10.757198 +0800,
neg_115.jpg,0,212,212,18,1065.6462754037866,,,,,,,,,,,,,,,,,,,,,,,1065.6179370888158,,1065.617967879556,1065.6179747219421,1065.6462754037866,1066.6296178983157,1066.6463110412178,1067.6296432721665,1067.6296432721665,1067.946299808299,1067.8631890426022,1067.8631970253864,1067.946299808299,1067.946299808299,1067.946299808299,1067.946299808299,1067.946299808299,1067.946299808299,0.07838837843428337,1069.5638092479421,[-319.0],[205.0],[1],[0],[0],[1.6166407416239963],1069.5646309045524,1069.5677501776172,None,,,,,,,,,,,,,ED06,001,2024-01-15_14h36.55.629,rating,2023.2.3,60.03741696289162,2024-01-15 14h37.10.757198 +0800,
neu_184.jpg,0,213,213,286,1069.5963485032853,,,,,,,,,,,,,,,,,,,,,,,1069.5679813932693,,1069.568011613811,1069.5680187412972,1069.5963485032853,1070.5796750322452,1070.596340235401,1071.5796647686648,1071.5796647686648,1071.8963372703665,1071.8132025563154,1071.8132108241998,1071.8963372703665,1071.8963372703665,1071.8963372703665,1071.8963372703665,1071.8963372703665,1071.8963372703665,0.07839436552239931,1073.0640601354562,[43.0],[-318.0],[1],[0],[0],[1.1667723435284643],1073.064914863603,1073.0681299300823,None,,,,,,,,,,,,,ED06,001,2024-01-15_14h36.55.629,rating,2023.2.3,60.03741696289162,2024-01-15 14h37.10.757198 +0800,
neu_105.jpg,0,214,214,199,1073.0963499287818,,,,,,,,,,,,,,,,,,,,,,,1073.0683625712318,,1073.0683936470723,1073.0684004894583,1073.0963499287818,1074.0796887170181,1074.0963519244788,1075.0796995507972,1075.0796995507972,1075.396370341903,1075.3132883712497,1075.3132963540338,1075.396370341903,1075.396370341903,1075.396370341903,1075.396370341903,1075.396370341903,1075.396370341903,0.07803086372587131,1076.2307358302724,[38.0],[-303.0],[1],[0],[0],[0.8333305773721804],1076.231508734877,1076.2346368460248,None,,,,,,,,,,,,,ED06,001,2024-01-15_14h36.55.629,rating,2023.2.3,60.03741696289162,2024-01-15 14h37.10.757198 +0800,
neu_16.jpg,0,215,215,259,1076.2630421593658,,,,,,,,,,,,,,,,,,,,,,,1076.2348689169758,,1076.2348991375175,1076.2349062650037,1076.2630421593658,1077.2463843687956,1077.2631137193275,1078.2463940621765,1078.2463940621765,1078.5630933632274,1078.4799466749992,1078.4799549428835,1078.5630933632274,1078.5630933632274,1078.5630933632274,1078.5630933632274,1078.5630933632274,1078.5630933632274,0.07825096049964486,1079.6475338327518,[45.0],[-326.0],[1],[0],[0],[1.0834945095539297],1079.6483871354003,1079.6515280760232,None,,,,,,,,,,,,,ED06,001,2024-01-15_14h36.55.629,rating,2023.2.3,60.03741696289162,2024-01-15 14h37.10.757198 +0800,
neg_146.jpg,0,216,216,52,1079.6797782952654,,,,,,,,,,,,,,,,,,,,,,,1079.651764993665,,1079.6517960695046,1079.651803482091,1079.6797782952654,1080.6630851523632,1080.6797500704197,1081.6630948457441,1081.6630948457441,1081.9797910107,1081.8966403310806,1081.8966480287654,1081.9797910107,1081.9797910107,1081.9797910107,1081.9797910107,1081.9797910107,1081.9797910107,0.07806393526152533,1084.9808068200346,[-80.0],[-322.0],[1],[0],[0],[3.00010890798967],1084.981611085579,1084.9847340649367,None,,,,,,,,,,,,,ED06,001,2024-01-15_14h36.55.629,rating,2023.2.3,60.03741696289162,2024-01-15 14h37.10.757198 +0800,
neg_179.jpg,0,217,217,88,1085.0131254084054,,,,,,,,,,,,,,,,,,,,,,,1084.9849658507883,,1084.984998922324,1084.9850060498102,1085.0131254084054,1085.996487004597,1086.0131336762888,1086.996487004597,1086.996487004597,1087.3131979947248,1087.23001338827,1087.230021371055,1087.3131979947248,1087.3131979947248,1087.3131979947248,1087.3131979947248,1087.3131979947248,1087.3131979947248,0.07825295619568351,1089.3143027550868,[-59.0],[-339.0],[1],[0],[0],[2.000184174243259],1089.315154917338,1089.3182716245083,None,,,,,,,,,,,,,ED06,001,2024-01-15_14h36.55.629,rating,2023.2.3,60.03741696289162,2024-01-15 14h37.10.757198 +0800,
neg_181.jpg,0,218,218,91,1089.346510439772,,,,,,,,,,,,,,,,,,,,,,,1089.3185034103599,,1089.3185336309016,1089.318540758387,1089.346510439772,1090.3298435260185,1090.346509584473,1091.3298475174106,1091.3298475174106,1091.6465188787151,1091.5634046918249,1091.563412674609,1091.6465188787151,1091.6465188787151,1091.6465188787151,1091.6465188787151,1091.6465188787151,1091.6465188787151,0.07804169750488654,1094.0642391779102,[-182.0],[326.0],[1],[0],[0],[2.4168216657335506],1094.065045724249,1094.0681718397009,None,,,,,,,,,,,,,ED06,001,2024-01-15_14h36.55.629,rating,2023.2.3,60.03741696289162,2024-01-15 14h37.10.757198 +0800,
neu_18.jpg,0,219,219,281,1094.0965455070036,,,,,,,,,,,,,,,,,,,,,,,1094.0684064765474,,1094.0684364119888,1094.068443539475,1094.0965455070036,1095.0799036820026,1095.0965523493905,1096.0799139455821,1096.0799139455821,1096.3965684860195,1096.3134249338855,1096.3134326315703,1096.3965684860195,1096.3965684860195,1096.3965684860195,1096.3965684860195,1096.3965684860195,1096.3965684860195,0.07818652802416182,1098.480899762455,[61.0],[115.0],[1],[0],[0],[2.083389307857942],1098.4817844260433,1098.4848922951305,None,,,,,,,,,,,,,ED06,001,2024-01-15_14h36.55.629,rating,2023.2.3,60.03741696289162,2024-01-15 14h37.10.757198 +0800,
neg_107.jpg,0,220,220,9,1098.5132531329582,,,,,,,,,,,,,,,,,,,,,,,1098.4851223703854,,1098.4851531611257,1098.4851600035126,1098.5132531329582,1099.4965964827852,1099.513260830643,1100.4966469453875,1100.4966469453875,1100.81327782257,1100.7301830224424,1100.7301912903258,1100.81327782257,1100.81327782257,1100.81327782257,1100.81327782257,1100.81327782257,1100.81327782257,0.07818168133417203,1102.9809619141352,[-89.0],[40.0],[1],[0],[0],[2.1667235915228957],1102.9818511393141,1102.984967561385,None,,,,,,,,,,,,,ED06,001,2024-01-15_14h36.55.629,rating,2023.2.3,60.03741696289162,2024-01-15 14h37.10.757198 +0800,
neu_107.jpg,0,221,221,201,1103.0132958978747,,,,,,,,,,,,,,,,,,,,,,,1102.9851993472366,,1102.9852304230762,1102.9852372654632,1103.0132958978747,1103.9966363967078,1104.0133209866262,1104.9966460900896,1104.9966460900896,1105.3133710500897,1105.23017874595,1105.2301867287351,1105.3133710500897,1105.3133710500897,1105.3133710500897,1105.3133710500897,1105.3133710500897,1105.3133710500897,0.07819593630665622,1107.1477653335032,[128.0],[-244.0],[1],[0],[0],[1.833425515487761],1107.148633746423,1107.1517416155102,None,,,,,,,,,,,,,ED06,001,2024-01-15_14h36.55.629,rating,2023.2.3,60.03741696289162,2024-01-15 14h37.10.757198 +0800,
neu_51.jpg,0,222,222,331,1107.1800197744979,,,,,,,,,,,,,,,,,,,,,,,1107.1519511636052,,1107.152002196406,1107.1520087536937,1107.1800197744979,1108.163360273331,1108.1800306082769,1109.1633691114139,1109.1633691114139,1109.4800236518504,1109.3968840911084,1109.3968923589928,1109.4800236518504,1109.4800236518504,1109.4800236518504,1109.4800236518504,1109.4800236518504,1109.4800236518504,0.07810270878690062,1112.7310095257426,[50.0],[-51.0],[1],[0],[0],[3.250027654647056],1112.7318291866568,1112.7349436130307,None,,,,,,,,,,,,,ED06,001,2024-01-15_14h36.55.629,rating,2023.2.3,60.03741696289162,2024-01-15 14h37.10.757198 +0800,
neg_21.jpg,0,223,223,106,1112.7633894104938,,,,,,,,,,,,,,,,,,,,,,,1112.7351768243798,,1112.7352087555182,1112.7352158830045,1112.7633894104938,1113.7467492960895,1113.7633931167866,1114.7467578490732,1114.7467578490732,1115.063410678913,1114.980269122475,1114.980277960558,1115.063410678913,1115.063410678913,1115.063410678913,1115.063410678913,1115.063410678913,1115.063410678913,0.0782569475886703,1118.481153500964,[-114.0],[176.0],[1],[0],[0],[3.416830218717223],1118.481976012873,1118.4851018432246,None,,,,,,,,,,,,,ED06,001,2024-01-15_14h36.55.629,rating,2023.2.3,60.03741696289162,2024-01-15 14h37.10.757198 +0800,
neu_118.jpg,0,224,224,213,1118.513442724091,,,,,,,,,,,,,,,,,,,,,,,1118.4853330588776,,1118.4853607135237,1118.485366985712,1118.513442724091,1119.4967835080233,1119.5134484260798,1120.4968034649846,1120.4968034649846,1120.8134488822388,1120.7303386867407,1120.7303463844255,1120.8134488822388,1120.8134488822388,1120.8134488822388,1120.8134488822388,1120.8134488822388,1120.8134488822388,0.0781565925826726,1122.5644815124415,[66.0],[-227.0],[1],[0],[0],[1.7500655728726997],1122.5653194197203,1122.5685518772661,None,,,,,,,,,,,,,ED06,001,2024-01-15_14h36.55.629,rating,2023.2.3,60.03741696289162,2024-01-15 14h37.10.757198 +0800,
neg_20.jpg,0,225,225,105,1122.5968950389279,,,,,,,,,,,,,,,,,,,,,,,1122.568785943913,,1122.568816449554,1122.568823291941,1122.5968950389279,1123.5801953387381,1123.5968206279713,1124.5801896367493,1124.5801896367493,1124.8968376198982,1124.8137890058806,1124.8137989843617,1124.8968376198982,1124.8968376198982,1124.8968376198982,1124.8968376198982,1124.8968376198982,1124.8968376198982,0.07807562433936255,1126.5647261277682,[-26.0],[-274.0],[1],[0],[0],[1.6669120422584456],1126.5655834218096,1126.5687235071337,None,,,,,,,,,,,,,ED06,001,2024-01-15_14h36.55.629,rating,2023.2.3,60.03741696289162,2024-01-15 14h37.10.757198 +0800,
neg_68.jpg,0,226,226,157,1126.5968842051489,,,,,,,,,,,,,,,,,,,,,,,1126.5689641310682,,1126.5689960622067,1126.5690029045936,1126.5968842051489,1127.5802400993516,1127.5968710905736,1128.5802078831139,1128.5802078831139,1128.8968752530254,1128.813736262483,1128.8137448154666,1128.8968752530254,1128.8968752530254,1128.8968752530254,1128.8968752530254,1128.8968752530254,1128.8968752530254,0.07794276799631916,1130.064635466143,[-57.0],[-265.0],[1],[0],[0],[1.1667991428766982],1130.065466816135,1130.0685490262713,None,,,,,,,,,,,,,ED06,001,2024-01-15_14h36.55.629,rating,2023.2.3,60.03741696289162,2024-01-15 14h37.10.757198 +0800,
neg_134.jpg,0,227,227,39,1130.0968907624356,,,,,,,,,,,,,,,,,,,,,,,1130.0687810972222,,1130.0688127432613,1130.0688201558469,1130.0968907624356,1131.0802192870915,1131.096892187933,1132.0802369632574,1132.0802369632574,1132.3969029076725,1132.313767908522,1132.3137758913062,1132.3969029076725,1132.3969029076725,1132.3969029076725,1132.3969029076725,1132.3969029076725,1132.3969029076725,0.07814376310761872,1135.231251860274,[-153.0],[365.0],[1],[0],[0],[2.833370206195468],1135.23204985363,1135.2351226554847,None,,,,,,,,,,,,,ED06,001,2024-01-15_14h36.55.629,rating,2023.2.3,60.03741696289162,2024-01-15 14h37.10.757198 +0800,
neg_27.jpg,0,228,228,112,1135.2636554082792,,,,,,,,,,,,,,,,,,,,,,,1135.2353558668337,,1135.2353872277727,1135.2353940701596,1135.2636554082792,1136.2469408829184,1136.2636437192023,1137.2469411680186,1137.2469411680186,1137.5636327713837,1137.480513167603,1137.4805208652879,1137.5636327713837,1137.5636327713837,1137.5636327713837,1137.5636327713837,1137.5636327713837,1137.5636327713837,0.07830056780403538,1139.14794808225,[-182.0],[221.0],[1],[0],[0],[1.5833371346598142],1139.148775440849,1139.1518835950355,None,,,,,,,,,,,,,ED06,001,2024-01-15_14h36.55.629,rating,2023.2.3,60.03741696289162,2024-01-15 14h37.10.757198 +0800,
neg_111.jpg,0,229,229,14,1139.1803034484492,,,,,,,,,,,,,,,,,,,,,,,1139.1521153808872,,1139.1521461716275,1139.1521530140144,1139.1803034484492,1140.1636453727788,1140.180311146134,1141.1636610532487,1141.1636610532487,1141.4803264274642,1141.3972011216956,1141.3972091044798,1141.4803264274642,1141.4803264274642,1141.4803264274642,1141.4803264274642,1141.4803264274642,1141.4803264274642,0.07823271413508337,1142.4814246305395,[-236.0],[366.0],[1],[0],[0],[1.0001559493985042],1142.4822938987581,1142.4854202993092,None,,,,,,,,,,,,,ED06,001,2024-01-15_14h36.55.629,rating,2023.2.3,60.03741696289162,2024-01-15 14h37.10.757198 +0800,
neg_54.jpg,0,230,230,142,1142.5136713738484,,,,,,,,,,,,,,,,,,,,,,,1142.4856549361548,,1142.4856851566965,1142.4856919990834,1142.5136713738484,1143.4970366763337,1143.5136745099426,1144.4970834326432,1144.4970834326432,1144.8136917869688,1144.7305639153046,1144.7305724682883,1144.8136917869688,1144.8136917869688,1144.8136917869688,1144.8136917869688,1144.8136917869688,1144.8136917869688,0.07805908857153554,1146.8147383870446,[-85.0],[110.0],[1],[0],[0],[2.0000852447346915],1146.8155911194945,1146.8186841634097,None,,,,,,,,,,,,,ED06,001,2024-01-15_14h36.55.629,rating,2023.2.3,60.03741696289162,2024-01-15 14h37.10.757198 +0800,
neu_54.jpg,0,231,231,334,1146.8470549797185,,,,,,,,,,,,,,,,,,,,,,,1146.8189233618468,,1146.8189541525871,1146.8189612800734,1146.8470549797185,1147.8303937679539,1147.8470509883255,1148.8304023209375,1148.8304023209375,1149.1470662696565,1149.0639492317714,1149.0639569294563,1149.1470662696565,1149.1470662696565,1149.1470662696565,1149.1470662696565,1149.1470662696565,1149.1470662696565,0.07816657106286584,1151.2315463680043,[45.0],[-356.0],[1],[0],[0],[2.0834890926653316],1151.2324096491338,1151.2355189437176,None,,,,,,,,,,,,,ED06,001,2024-01-15_14h36.55.629,rating,2023.2.3,60.03741696289162,2024-01-15 14h37.10.757198 +0800,
neu_166.jpg,0,232,232,266,1151.2637928262138,,,,,,,,,,,,,,,,,,,,,,,1151.2357550060615,,1151.2357857968018,1151.235792924288,1151.2637928262138,1152.2470945515215,1152.2637571887826,1153.247103959803,1153.247103959803,1153.5637738956102,1153.480694205753,1153.4807024736365,1153.5637738956102,1153.5637738956102,1153.5637738956102,1153.5637738956102,1153.5637738956102,1153.5637738956102,0.07804312300231686,1154.898152783654,[60.0],[-313.0],[1],[0],[0],[1.3333334283661316],1154.8989755806624,1154.902097419622,None,,,,,,,,,,,,,ED06,001,2024-01-15_14h36.55.629,rating,2023.2.3,60.03741696289162,2024-01-15 14h37.10.757198 +0800,
neg_52.jpg,0,233,233,140,1154.9305047286598,,,,,,,,,,,,,,,,,,,,,,,1154.9023323415677,,1154.9023637025066,1154.9023708299928,1154.9305047286598,1155.9137967605857,1155.9304973160743,1156.913803888072,1156.913803888072,1157.2304732536804,1157.1473590667892,1157.1473673346736,1157.2304732536804,1157.2304732536804,1157.2304732536804,1157.2304732536804,1157.2304732536804,1157.2304732536804,0.0781645753668272,1158.7315466531036,[43.0],[-308.0],[1],[0],[0],[1.5001262990554096],1158.7323617524262,1158.7354011976458,None,,,,,,,,,,,,,ED06,001,2024-01-15_14h36.55.629,rating,2023.2.3,60.03741696289162,2024-01-15 14h37.10.757198 +0800,
neg_33.jpg,0,234,234,119,1158.7638227616553,,,,,,,,,,,,,,,,,,,,,,,1158.7356346940942,,1158.7356651997352,1158.7356726123207,1158.7638227616553,1159.747148150218,1159.7638113576777,1160.7471977575215,1160.7471977575215,1161.063845455572,1160.9807230007973,1160.9807312686808,1161.063845455572,1161.063845455572,1161.063845455572,1161.063845455572,1161.063845455572,1161.063845455572,0.07823727572667849,1162.064886353658,[-65.0],[-303.0],[1],[0],[0],[1.0000516030004292],1162.0657561920752,1162.0688860138198,None,,,,,,,,,,,,,ED06,001,2024-01-15_14h36.55.629,rating,2023.2.3,60.03741696289162,2024-01-15 14h37.10.757198 +0800,
neg_174.jpg,0,235,235,83,1162.0971869807627,,,,,,,,,,,,,,,,,,,,,,,1162.0691158039745,,1162.069146879815,1162.0691540073012,1162.0971869807627,1163.080538598474,1163.0971929678508,1164.080569104115,1164.080569104115,1164.39721423627,1164.3140917814953,1164.3140994791802,1164.39721423627,1164.39721423627,1164.39721423627,1164.39721423627,1164.39721423627,1164.39721423627,0.0781218104502841,1166.2316358892313,[-120.0],[373.0],[1],[0],[0],[1.8334141115101374],1166.2324512736532,1166.2355819506956,None,,,,,,,,,,,,,ED06,001,2024-01-15_14h36.55.629,rating,2023.2.3,60.03741696289162,2024-01-15 14h37.10.757198 +0800,
neg_129.jpg,0,236,236,33,1166.263896317313,,,,,,,,,,,,,,,,,,,,,,,1166.235811455752,,1166.2358422464922,1166.2358493739785,1166.263896317313,1167.2472345353508,1167.2639239719601,1168.2472450840305,1168.2472450840305,1168.563915304937,1168.4807968415544,1168.4808048243385,1168.563915304937,1168.563915304937,1168.563915304937,1168.563915304937,1168.563915304937,1168.563915304937,0.07812608694166556,1171.2316127961758,[-148.0],[219.0],[1],[0],[0],[2.6667307190100473],1171.2324532693492,1171.2356321281986,None,,,,,,,,,,,,,ED06,001,2024-01-15_14h36.55.629,rating,2023.2.3,60.03741696289162,2024-01-15 14h37.10.757198 +0800,
neu_34.jpg,0,237,237,312,1171.2639607497886,,,,,,,,,,,,,,,,,,,,,,,1171.2358644842498,,1171.23589527499,1171.235902117377,1171.2639607497886,1172.247309516506,1172.263942503424,1173.2473263373731,1173.2473263373731,1173.5639706142301,1173.4808242111012,1173.4808324789856,1173.5639706142301,1173.5639706142301,1173.5639706142301,1173.5639706142301,1173.5639706142301,1173.5639706142301,0.07813093363256485,1176.2317696008722,[-110.0],[-207.0],[1],[0],[0],[2.6668228061307673],1176.2326639578414,1176.2358071792605,None,,,,,,,,,,,,,ED06,001,2024-01-15_14h36.55.629,rating,2023.2.3,60.03741696289162,2024-01-15 14h37.10.757198 +0800,
neu_36.jpg,0,238,238,314,1176.263987834236,,,,,,,,,,,,,,,,,,,,,,,1176.2360361141173,,1176.2360669048576,1176.2360737472445,1176.263987834236,1177.24733317976,1177.2640117825904,1178.2473936208426,1178.2473936208426,1178.5640082473565,1178.480894915764,1178.4809031836485,1178.5640082473565,1178.5640082473565,1178.5640082473565,1178.5640082473565,1178.5640082473565,1178.5640082473565,0.07799807728861197,1180.1484048115663,[10.0],[-291.0],[1],[0],[0],[1.5833097651120625],1180.1492777860776,1180.1524158757056,None,,,,,,,,,,,,,ED06,001,2024-01-15_14h36.55.629,rating,2023.2.3,60.03741696289162,2024-01-15 14h37.10.757198 +0800,
neu_94.jpg,0,239,239,378,1180.180691753898,,,,,,,,,,,,,,,,,,,,,,,1180.152649372154,,1180.1526801628943,1180.1526870052812,1180.180691753898,1181.1640333931282,1181.1807165575492,1182.1640433716093,1182.1640433716093,1182.4807241411945,1182.397577167868,1182.397585150652,1182.4807241411945,1182.4807241411945,1182.4807241411945,1182.4807241411945,1182.4807241411945,1182.4807241411945,0.07809985779294948,1184.0650733788962,[21.0],[-77.0],[1],[0],[0],[1.5833476833395252],1184.0659278219428,1192.3145516469058,space,1184.0807846392981,1184.0807846392981,8.219008549562204,None,,,,,,,,,ED06,001,2024-01-15_14h36.55.629,rating,2023.2.3,60.03741696289162,2024-01-15 14h37.10.757198 +0800,
neg_70.jpg,0,240,240,160,1192.330803170762,,,,,,,,,,,,,,,,,,,,,,,1192.3149322546687,1192.330803170762,1193.3144393177226,1193.3144478707063,1193.347477497101,1194.3141764560314,1194.3474877606805,1195.3141827282188,1195.3141827282188,1195.6308395494516,1195.547687729434,1195.547695427119,1195.6308395494516,1195.6308395494516,1195.6308395494516,1195.6308395494516,1195.6308395494516,1195.6308395494516,0.06613195314730547,1197.8818927068141,[28.0],[-149.0],[1],[0],[0],[2.250019956961296],1197.8827411627726,1197.8858279345004,None,,,,,1193.347477497101,,,,,,,,ED06,001,2024-01-15_14h36.55.629,rating,2023.2.3,60.03741696289162,2024-01-15 14h37.10.757198 +0800,
neu_44.jpg,0,241,241,323,1197.9141910531234,,,,,,,,,,,,,,,,,,,,,,,1197.8860674180369,,1197.8860996342746,1197.8861067617609,1197.9141910531234,1198.8975344029504,1198.914199321007,1199.8975617724973,1199.8975617724973,1200.214217453332,1200.1311446058617,1200.1311525886458,1200.214217453332,1200.214217453332,1200.214217453332,1200.214217453332,1200.214217453332,1200.214217453332,0.07817027735654847,1201.0485855075967,[46.0],[-285.0],[1],[0],[0],[0.8333844611670429],1201.0494399506433,1201.0525891591506,None,,,,,,,,,,,,,ED06,001,2024-01-15_14h36.55.629,rating,2023.2.3,60.03741696289162,2024-01-15 14h37.10.757198 +0800,
neg_112.jpg,0,242,242,15,1201.080887845298,,,,,,,,,,,,,,,,,,,,,,,1201.0528189493061,,1201.0528494549471,1201.0528565824334,1201.080887845298,1202.0642294845284,1202.0809203466351,1203.0642574242747,1203.0642574242747,1203.3809071180212,1203.297776110263,1203.2977838079478,1203.3809071180212,1203.3809071180212,1203.3809071180212,1203.3809071180212,1203.3809071180212,1203.3809071180212,0.07811126177057304,1205.1319981936103,[-80.0],[-159.0],[1],[0],[0],[1.7500527433985553],1205.132939306889,1205.1360671329376,None,,,,,,,,,,,,,ED06,001,2024-01-15_14h36.55.629,rating,2023.2.3,60.03741696289162,2024-01-15 14h37.10.757198 +0800,
neg_4.jpg,0,243,243,126,1205.164250638908,,,,,,,,,,,,,,,,,,,,,,,1205.1362992038885,,1205.1363314201262,1205.1363385476125,1205.164250638908,1206.1476011162213,1206.1642705958693,1207.147607673509,1207.147607673509,1207.4643075447575,1207.3811389038729,1207.381146886657,1207.4643075447575,1207.4643075447575,1207.4643075447575,1207.4643075447575,1207.4643075447575,1207.4643075447575,0.07802886802983267,1210.2153396047606,[-318.0],[382.0],[1],[0],[0],[2.7500136847729664],1210.2161971839014,1210.219316171867,None,,,,,,,,,,,,,ED06,001,2024-01-15_14h36.55.629,rating,2023.2.3,60.03741696289162,2024-01-15 14h37.10.757198 +0800,
neg_46.jpg,0,244,244,133,1210.2476408020648,,,,,,,,,,,,,,,,,,,,,,,1210.2195433961278,,1210.2195741868682,1210.219581029255,1210.2476408020648,1211.2310291976046,1211.2476465040536,1212.2310106661407,1212.2310106661407,1212.5476968526164,1212.4645207991452,1212.464529352129,1212.5476968526164,1212.5476968526164,1212.5476968526164,1212.5476968526164,1212.5476968526164,1212.5476968526164,0.07820106809685967,1216.2154085988277,[-96.0],[-178.0],[1],[0],[0],[3.666659444146717],1216.2162698842612,1216.219381174541,None,,,,,,,,,,,,,ED06,001,2024-01-15_14h36.55.629,rating,2023.2.3,60.03741696289162,2024-01-15 14h37.10.757198 +0800,
neg_185.jpg,0,245,245,95,1216.2476998176508,,,,,,,,,,,,,,,,,,,,,,,1216.21961438589,,1216.2196457468299,1216.219652589216,1216.2476998176508,1217.2310400313836,1217.2477046643407,1218.2310468737705,1218.2310468737705,1218.5477287837548,1218.4645960653997,1218.4646043332832,1218.5477287837548,1218.5477287837548,1218.5477287837548,1218.5477287837548,1218.5477287837548,1218.5477287837548,0.07813749091928912,1219.4656084535409,[-101.0],[-107.0],[1],[0],[0],[0.9168453289876197],1219.466469453875,1219.4696149560887,None,,,,,,,,,,,,,ED06,001,2024-01-15_14h36.55.629,rating,2023.2.3,60.03741696289162,2024-01-15 14h37.10.757198 +0800,
neg_145.jpg,0,246,246,51,1219.4977280424955,,,,,,,,,,,,,,,,,,,,,,,1219.4698495929351,,1219.4698798134768,1219.469886940963,1219.4977280424955,1220.481069966826,1220.4977360252806,1221.4810799453062,1221.4810799453062,1221.7977504513128,1221.7146488087974,1221.7146565064822,1221.7977504513128,1221.7977504513128,1221.7977504513128,1221.7977504513128,1221.7977504513128,1221.7977504513128,0.07792623222849215,1222.5487950556917,[-202.0],[-125.0],[1],[0],[0],[0.7500148251710925],1222.5496862765667,1222.5528431827588,None,,,,,,,,,,,,,ED06,001,2024-01-15_14h36.55.629,rating,2023.2.3,60.03741696289162,2024-01-15 14h37.10.757198 +0800,
neg_176.jpg,0,247,247,85,1222.5811053761772,,,,,,,,,,,,,,,,,,,,,,,1222.553074683511,,1222.5531068997489,1222.553114027235,1222.5811053761772,1223.5644313349385,1223.5811065165753,1224.5644398879222,1224.5644398879222,1224.8811149555186,1224.7980193000922,1224.7980272828772,1224.8811149555186,1224.8811149555186,1224.8811149555186,1224.8811149555186,1224.8811149555186,1224.8811149555186,0.07806393526243482,1227.1321615555935,[-283.0],[161.0],[1],[0],[0],[2.2500068423860284],1227.1330083009552,1227.1362025551753,None,,,,,,,,,,,,,ED06,001,2024-01-15_14h36.55.629,rating,2023.2.3,60.03741696289162,2024-01-15 14h37.10.757198 +0800,
neu_136.jpg,0,248,248,233,1227.164465033693,,,,,,,,,,,,,,,,,,,,,,,1227.1364446046073,,1227.136475680447,1227.1364828079331,1227.164465033693,1228.1478098090174,1228.1644721611792,1229.1478274851834,1229.1478274851834,1229.4645153822557,1229.3814334116023,1229.3814425347846,1229.4645153822557,1229.4645153822557,1229.4645153822557,1229.4645153822557,1229.4645153822557,1229.4645153822557,0.07809558130065852,1231.7157136552369,[119.0],[-24.0],[1],[0],[0],[2.2501445454208806],1231.7165769363673,1231.71980027073,None,,,,,,,,,,,,,ED06,001,2024-01-15_14h36.55.629,rating,2023.2.3,60.03741696289162,2024-01-15 14h37.10.757198 +0800,
neg_41.jpg,0,249,249,128,1231.7478754389103,,,,,,,,,,,,,,,,,,,,,,,1231.7200337671784,,1231.72006398772,1231.720070830107,1231.7478754389103,1232.7311825811075,1232.7478657455295,1233.7311934148875,1233.7311934148875,1234.064531119745,1233.964760567781,1233.9647691207647,1234.064531119745,1234.064531119745,1234.064531119745,1234.064531119745,1234.064531119745,1234.064531119745,0.09453641119034728,1235.8157641748594,[-143.0],[-134.0],[1],[0],[0],[1.7501385583318552],1235.8166947394593,1235.8197886386733,None,,,,,,,,,,,,,ED06,001,2024-01-15_14h36.55.629,rating,2023.2.3,60.03741696289162,2024-01-15 14h37.10.757198 +0800,
neg_51.jpg,0,250,250,139,1235.8478823383175,,,,,,,,,,,,,,,,,,,,,,,1235.8200170033315,,1235.8200472238723,1235.8200540662592,1235.8478823383175,1236.8312228371497,1236.847887755207,1237.8312322454321,1237.8312322454321,1238.1479044620346,1238.0647763052712,1238.064794836735,1238.1479044620346,1238.1479044620346,1238.1479044620346,1238.1479044620346,1238.1479044620346,1238.1479044620346,0.07791311765322462,1239.482338944471,[-138.0],[-179.0],[1],[0],[0],[1.3334092648201477],1239.4832150550756,1239.4863157966765,None,,,,,,,,,,,,,ED06,001,2024-01-15_14h36.55.629,rating,2023.2.3,60.03741696289162,2024-01-15 14h37.10.757198 +0800,
neg_144.jpg,0,251,251,50,1239.5146082106357,,,,,,,,,,,,,,,,,,,,,,,1239.4865230639753,,1239.486550433522,1239.4865567057104,1239.5146082106357,1240.497932173701,1240.5145871132772,1241.4979441478781,1241.4979441478781,1241.8146061009002,1241.7314819355288,1241.731489918313,1241.8146061009002,1241.8146061009002,1241.8146061009002,1241.8146061009002,1241.8146061009002,1241.8146061009002,0.0781115468698772,1243.565789263611,[-132.0],[-112.0],[1],[0],[0],[1.7501123291822296],1243.5666958798565,1243.5697957661596,None,,,,,,,,,,,,,ED06,001,2024-01-15_14h36.55.629,rating,2023.2.3,60.03741696289162,2024-01-15 14h37.10.757198 +0800,
neg_141.jpg,0,252,252,47,1243.5979544684778,,,,,,,,,,,,,,,,,,,,,,,1243.570005599353,,1243.5700554917566,1243.570061763944,1243.5979544684778,1244.5812981034042,1244.5979698638475,1245.5812975332055,1245.5812975332055,1245.8979783027917,1245.8148387420497,1245.8148475801327,1245.8979783027917,1245.8979783027917,1245.8979783027917,1245.8979783027917,1245.8979783027917,1245.8979783027917,0.0779804011235683,1247.1490659571873,[-128.0],[-59.0],[1],[0],[0],[1.2500116890769277],1247.1499759946264,1247.1530505070778,None,,,,,,,,,,,,,ED06,001,2024-01-15_14h36.55.629,rating,2023.2.3,60.03741696289162,2024-01-15 14h37.10.757198 +0800,
neg_119.jpg,0,253,253,22,1247.1813212534798,,,,,,,,,,,,,,,,,,,,,,,1247.1532968330011,,1247.1533256280454,1247.1533319002338,1247.1813212534798,1248.1646899771576,1248.1813218236784,1249.1646740115884,1249.1646740115884,1249.4813439473955,1249.3982060972512,1249.398213794936,1249.4813439473955,1249.4813439473955,1249.4813439473955,1249.4813439473955,1249.4813439473955,1249.4813439473955,0.07807305844471557,1250.7324957491674,[-136.0],[-13.0],[1],[0],[0],[1.2500781172484494],1250.7333692938773,1250.7364286960574,None,,,,,,,,,,,,,ED06,001,2024-01-15_14h36.55.629,rating,2023.2.3,60.03741696289162,2024-01-15 14h37.10.757198 +0800,
neg_172.jpg,0,254,254,81,1250.764705999747,,,,,,,,,,,,,,,,,,,,,,,1250.7366607670092,,1250.73669098755,1250.7366981150362,1250.764705999747,1251.7480302479107,1251.7647162633266,1252.7480616088505,1252.7480616088505,1253.0647093069,1252.9815760183465,1252.9815837160322,1253.0647093069,1253.0647093069,1253.0647093069,1253.0647093069,1253.0647093069,1253.0647093069,0.07806992235055077,1254.8158294626328,[-167.0],[379.0],[1],[0],[0],[1.7500151102703967],1254.816710134829,1254.8196814412804,None,,,,,,,,,,,,,ED06,001,2024-01-15_14h36.55.629,rating,2023.2.3,60.03741696289162,2024-01-15 14h37.10.757198 +0800,
neg_109.jpg,0,255,255,11,1254.8480901758148,,,,,,,,,,,,,,,,,,,,,,,1254.8198907042752,,1254.8199192142201,1254.8199257715078,1254.8480901758148,1255.831402164703,1255.8480670827603,1256.8314095772885,1256.8314095772885,1257.1480886362779,1257.0649445139452,1257.0649527818296,1257.1480886362779,1257.1480886362779,1257.1480886362779,1257.1480886362779,1257.1480886362779,1257.1480886362779,0.07822558664975077,1258.98251513593,[-224.0],[17.0],[1],[0],[0],[1.8333468280407033],1258.983395523026,1258.9864438063287,None,,,,,,,,,,,,,ED06,001,2024-01-15_14h36.55.629,rating,2023.2.3,60.03741696289162,2024-01-15 14h37.10.757198 +0800,
neu_174.jpg,0,256,256,275,1259.0147633047363,,,,,,,,,,,,,,,,,,,,,,,1258.9866778729756,,1258.9867092339146,1258.9867163614008,1259.0147633047363,1259.9981351645083,1260.0147732832165,1260.9981243307293,1260.9981243307293,1261.3148230615807,1261.231644442214,1261.2316527100984,1261.3148230615807,1261.3148230615807,1261.3148230615807,1261.3148230615807,1261.3148230615807,1261.3148230615807,0.07818082603535004,1263.5659432173134,[80.0],[-113.0],[1],[0],[0],[2.250035067232602],1263.5668122004317,1263.5699015380542,None,,,,,,,,,,,,,ED06,001,2024-01-15_14h36.55.629,rating,2023.2.3,60.03741696289162,2024-01-15 14h37.10.757198 +0800,
neg_63.jpg,0,257,257,152,1263.598143489412,,,,,,,,,,,,,,,,,,,,,,,1263.5701338941053,,1263.5701643997463,1263.5701715272326,1263.598143489412,1264.5814831329462,1264.5981554635891,1265.5815107875933,1265.5815107875933,1265.8981639025324,1265.8150602643218,1265.8150676769073,1265.8981639025324,1265.8981639025324,1265.8981639025324,1265.8981639025324,1265.8981639025324,1265.8981639025324,0.07809529620135436,1267.3161234001645,[-214.0],[137.0],[1],[0],[0],[1.4168236614295893],1267.3169844004988,1267.3200198543254,None,,,,,,,,,,,,,ED06,001,2024-01-15_14h36.55.629,rating,2023.2.3,60.03741696289162,2024-01-15 14h37.10.757198 +0800,
neg_170.jpg,0,258,258,79,1267.3481785566446,,,,,,,,,,,,,,,,,,,,,,,1267.3202835713155,,1267.3203123663598,1267.3203189236474,1267.3481785566446,1268.3315578290021,1268.3481842586334,1269.331531029654,1269.331531029654,1269.648234322096,1269.5650927656588,1269.5651013186416,1269.648234322096,1269.648234322096,1269.648234322096,1269.648234322096,1269.648234322096,1269.648234322096,0.07797869052683382,1271.8161068643967,[-206.0],[317.0],[1],[0],[0],[2.166786598501858],1271.8170186124325,1271.820208305061,None,,,,,,,,,,,,,ED06,001,2024-01-15_14h36.55.629,rating,2023.2.3,60.03741696289162,2024-01-15 14h37.10.757198 +0800,
neg_37.jpg,0,259,259,123,1271.8482196109644,,,,,,,,,,,,,,,,,,,,,,,1271.8204437972054,,1271.8204745879457,1271.8204814303326,1271.8482196109644,1272.8315621054935,1272.8482538228982,1273.831569518079,1273.831569518079,1274.1649191971146,1274.0651044547358,1274.0651130077194,1274.1649191971146,1274.1649191971146,1274.1649191971146,1274.1649191971146,1274.1649191971146,1274.1649191971146,0.09450105885935045,1275.4160413485433,[-118.0],[-283.0],[1],[0],[0],[1.2500336417351718],1275.4169585134687,1275.4201433594062,None,,,,,,,,,,,,,ED06,001,2024-01-15_14h36.55.629,rating,2023.2.3,60.03741696289162,2024-01-15 14h37.10.757198 +0800,
neg_10.jpg,0,260,260,1,1275.4482595819072,,,,,,,,,,,,,,,,,,,,,,,1275.4203514820038,,1275.4203788515506,1275.420385123739,1275.4482595819072,1276.431590957558,1276.448261292504,1277.4316052125305,1277.4316052125305,1277.7649688614383,1277.6651658081373,1277.6651740760208,1277.7649688614383,1277.7649688614383,1277.7649688614383,1277.7649688614383,1277.7649688614383,1277.7649688614383,0.09466099964902241,1278.849435275013,[-100.0],[-301.0],[1],[0],[0],[1.0833434068472343],1278.850373537297,1278.8534919550639,None,,,,,,,,,,,,,ED06,001,2024-01-15_14h36.55.629,rating,2023.2.3,60.03741696289162,2024-01-15 14h37.10.757198 +0800,
neg_108.jpg,0,261,261,10,1278.8816438149952,,,,,,,,,,,,,,,,,,,,,,,1278.8537265919094,,1278.8537582379486,1278.8537653654348,1278.8816438149952,1279.8649754757453,1279.881644670294,1280.8649680631597,1280.8649680631597,1281.1983103296088,1281.0985146888934,1281.0985223865791,1281.1983103296088,1281.1983103296088,1281.1983103296088,1281.1983103296088,1281.1983103296088,1281.1983103296088,0.0946065456555516,1282.7828063935258,[-112.0],[-98.0],[1],[0],[0],[1.5833693508966462],1282.7836813637332,1282.7867952199085,None,,,,,,,,,,,,,ED06,001,2024-01-15_14h36.55.629,rating,2023.2.3,60.03741696289162,2024-01-15 14h37.10.757198 +0800,
neg_34.jpg,0,262,262,120,1282.8150651110118,,,,,,,,,,,,,,,,,,,,,,,1282.7870061935,,1282.787033848147,1282.7870398352352,1282.8150651110118,1283.7983346200826,1283.8150001083377,1284.798362559828,1284.798362559828,1285.1316805928245,1285.0319254362303,1285.0319334190153,1285.1316805928245,1285.1316805928245,1285.1316805928245,1285.1316805928245,1285.1316805928245,1285.1316805928245,0.09470205397065001,1286.9661703845532,[15.0],[-259.0],[1],[0],[0],[1.8333408409525873],1286.9670764306002,1286.9700460264548,None,,,,,,,,,,,,,ED06,001,2024-01-15_14h36.55.629,rating,2023.2.3,60.03741696289162,2024-01-15 14h37.10.757198 +0800,
neu_149.jpg,0,263,263,247,1286.9983983112988,,,,,,,,,,,,,,,,,,,,,,,1286.9702761017097,,1286.9703063222514,1286.9703131646384,1286.9983983112988,1287.981714291579,1287.9984040132877,1288.9817345336396,1288.9817345336396,1289.3150659663106,1289.2153031120315,1289.2153110948166,1289.3150659663106,1289.3150659663106,1289.3150659663106,1289.3150659663106,1289.3150659663106,1289.3150659663106,0.09482350633516035,1291.4829427851028,[35.0],[220.0],[1],[0],[0],[2.1667945812860125],1291.4838385675694,1291.4868919826613,None,,,,,,,,,,,,,ED06,001,2024-01-15_14h36.55.629,rating,2023.2.3,60.03741696289162,2024-01-15 14h37.10.757198 +0800,
neu_104.jpg,0,264,264,198,1291.5150963008919,,,,,,,,,,,,,,,,,,,,,,,1291.4871243387115,,1291.4871551294527,1291.4871619718388,1291.5150963008919,1292.4984139917688,1292.5150794800238,1293.4984222596522,1293.4984222596522,1293.8317616751074,1293.7319540602157,1293.7319617579005,1293.8317616751074,1293.8317616751074,1293.8317616751074,1293.8317616751074,1293.8317616751074,1293.8317616751074,0.0946658463399217,1295.4996667187452,[65.0],[226.0],[1],[0],[0],[1.6666862434958603],1295.500593291952,1295.5037131352155,None,,,,,,,,,,,,,ED06,001,2024-01-15_14h36.55.629,rating,2023.2.3,60.03741696289162,2024-01-15 14h37.10.757198 +0800,
neu_110.jpg,0,265,265,205,1295.5317928649874,,,,,,,,,,,,,,,,,,,,,,,1295.5039469167632,,1295.5039777075035,1295.5039845498904,1295.5317928649874,1296.5151188237478,1296.5317985669762,1297.5151493293888,1297.5151493293888,1297.8484613752971,1297.74869738062,1297.7487050783056,1297.8484613752971,1297.8484613752971,1297.8484613752971,1297.8484613752971,1297.8484613752971,1297.8484613752971,0.0945543724565141,1300.3496539462894,[41.0],[124.0],[1],[0],[0],[2.50003905862377],1300.350561417834,1300.3535238862023,None,,,,,,,,,,,,,ED06,001,2024-01-15_14h36.55.629,rating,2023.2.3,60.03741696289162,2024-01-15 14h37.10.757198 +0800,
neu_133.jpg,0,266,266,230,1300.3818220021512,,,,,,,,,,,,,,,,,,,,,,,1300.353760518744,,1300.353788173391,1300.3537944455784,1300.3818220021512,1301.3651813175475,1301.3818299849354,1302.3651741900612,1302.3651741900612,1302.6985538045383,1302.5988103370219,1302.5988197453034,1302.6985538045383,1302.6985538045383,1302.6985538045383,1302.6985538045383,1302.6985538045383,1302.6985538045383,0.09482350633516035,1303.8663510805836,[56.0],[-264.0],[1],[0],[0],[1.1665853182912542],1303.8672656796143,1303.87049300537,None,,,,,,,,,,,,,ED06,001,2024-01-15_14h36.55.629,rating,2023.2.3,60.03741696289162,2024-01-15 14h37.10.757198 +0800,
neg_78.jpg,0,267,267,168,1303.8985228427382,,,,,,,,,,,,,,,,,,,,,,,1303.8707259316197,,1303.8707578627573,1303.8707649902435,1303.8985228427382,1304.8818636266706,1304.8985559142739,1305.881875885947,1305.881875885947,1306.2152500835346,1306.115424792476,1306.1154324901609,1306.2152500835346,1306.2152500835346,1306.2152500835346,1306.2152500835346,1306.2152500835346,1306.2152500835346,0.09454981086491898,1307.6332015983817,[43.0],[-223.0],[1],[0],[0],[1.4167740541251987],1307.6341184782077,1307.637101473736,None,,,,,,,,,,,,,ED06,001,2024-01-15_14h36.55.629,rating,2023.2.3,60.03741696289162,2024-01-15 14h37.10.757198 +0800,
neg_22.jpg,0,268,268,107,1307.6652516230715,,,,,,,,,,,,,,,,,,,,,,,1307.6373392466758,,1307.6373703225163,1307.6373774500025,1307.6652516230715,1308.648568743749,1308.665255044265,1309.6485772967326,1309.6485772967326,1309.9819152866903,1309.8821398880355,1309.8821478708205,1309.9819152866903,1309.9819152866903,1309.9819152866903,1309.9819152866903,1309.9819152866903,1309.9819152866903,0.09462222612455662,1311.816411065508,[-91.0],[-276.0],[1],[0],[0],[1.8333459727427908],1311.8173233837424,1311.8204312528296,None,,,,,,,,,,,,,ED06,001,2024-01-15_14h36.55.629,rating,2023.2.3,60.03741696289162,2024-01-15 14h37.10.757198 +0800,
neg_99.jpg,0,269,269,191,1311.8485982230322,,,,,,,,,,,,,,,,,,,,,,,1311.8206661747754,,1311.8206969655157,1311.820704093002,1311.8485982230322,1312.831938436765,1312.8486241670817,1313.8319504109422,1313.8319504109422,1314.1652898263974,1314.0655135724446,1314.065521840328,1314.1652898263974,1314.1652898263974,1314.1652898263974,1314.1652898263974,1314.1652898263974,1314.1652898263974,0.09465216156695533,1315.583122739874,[-89.0],[12.0],[1],[0],[0],[1.416720455428731],1315.584056440568,1323.532440610934,space,1315.5986438389436,1315.5986438389436,7.917959212532878,None,,,,,,,,,ED06,001,2024-01-15_14h36.55.629,rating,2023.2.3,60.03741696289162,2024-01-15 14h37.10.757198 +0800,
neg_102.jpg,0,270,270,4,1323.548705819564,,,,,,,,,,,,,,,,,,,,,,,1323.5328249249906,1323.548705819564,1324.5322424668175,1324.532249879403,1324.5653858478918,1325.5321002021929,1325.5654428677808,1326.532105333983,1326.532105333983,1326.8654079716089,1326.7656006418156,1326.7656086246006,1326.8654079716089,1326.8654079716089,1326.8654079716089,1326.8654079716089,1326.8654079716089,1326.8654079716089,0.0827823311328757,1329.2832477274724,[-301.0],[36.0],[1],[0],[0],[2.4167044898595123],1329.2841628967017,1329.287335768463,None,,,,,1324.5653858478918,,,,,,,,ED06,001,2024-01-15_14h36.55.629,rating,2023.2.3,60.03741696289162,2024-01-15 14h37.10.757198 +0800,
neg_29.jpg,0,271,271,114,1329.3154374508913,,,,,,,,,,,,,,,,,,,,,,,1329.287573826502,,1329.2876051874418,1329.2876120298279,1329.3154374508913,1330.298779660321,1330.3154360253948,1331.2987779497244,1331.2987779497244,1331.632120786373,1331.5323262860547,1331.5323339837405,1331.632120786373,1331.632120786373,1331.632120786373,1331.632120786373,1331.632120786373,1331.632120786373,0.09457290392037976,1333.6499871135047,[-104.0],[-52.0],[1],[0],[0],[2.01673619291887],1333.6509051337289,1333.6538941163453,None,,,,,,,,,,,,,ED06,001,2024-01-15_14h36.55.629,rating,2023.2.3,60.03741696289162,2024-01-15 14h37.10.757198 +0800,
neu_90.jpg,0,272,272,374,1333.6821377782999,,,,,,,,,,,,,,,,,,,,,,,1333.6541253319983,,1333.6541561227386,1333.6541632502249,1333.6821377782999,1334.665499944691,1334.682156594863,1335.6655401437129,1335.6655401437129,1335.9988251051736,1335.8990343111482,1335.8990422939332,1335.9988251051736,1335.9988251051736,1335.9988251051736,1335.9988251051736,1335.9988251051736,1335.9988251051736,0.09472457682750246,1337.4666707340857,[76.0],[-278.0],[1],[0],[0],[1.4666915463449186],1337.4675944562987,1337.4706809429263,None,,,,,,,,,,,,,ED06,001,2024-01-15_14h36.55.629,rating,2023.2.3,60.03741696289162,2024-01-15 14h37.10.757198 +0800,
neu_139.jpg,0,273,273,236,1337.4988405005433,,,,,,,,,,,,,,,,,,,,,,,1337.4708930569159,,1337.4709209966622,1337.470927553949,1337.4988405005433,1338.4821809993764,1338.4988464876315,1339.4821886970612,1339.4821886970612,1339.815527827417,1339.7157341823977,1339.7157418800825,1339.815527827417,1339.815527827417,1339.815527827417,1339.815527827417,1339.815527827417,1339.815527827417,0.09466413574409671,1341.4833051465012,[160.0],[245.0],[1],[0],[0],[1.6665964371686641],1341.4842197455318,1341.4873643924475,None,,,,,,,,,,,,,ED06,001,2024-01-15_14h36.55.629,rating,2023.2.3,60.03741696289162,2024-01-15 14h37.10.757198 +0800,
neu_179.jpg,0,274,274,280,1341.5155909484347,,,,,,,,,,,,,,,,,,,,,,,1341.4875964633984,,1341.4876283945368,1341.4876352369238,1341.5155909484347,1342.4988855462561,1342.5155501792133,1343.49891975819,1343.49891975819,1343.8322360805896,1343.7324250445045,1343.7324330272886,1343.8322360805896,1343.8322360805896,1343.8322360805896,1343.8322360805896,1343.8322360805896,1343.8322360805896,0.09466328044527472,1345.5167133849627,[115.0],[-229.0],[1],[0],[0],[1.683323506906163],1345.5176410985678,1345.52076179713,None,,,,,,,,,,,,,ED06,001,2024-01-15_14h36.55.629,rating,2023.2.3,60.03741696289162,2024-01-15 14h37.10.757198 +0800,
neg_53.jpg,0,275,275,141,1345.5489458733,,,,,,,,,,,,,,,,,,,,,,,1345.5209696346283,,1345.520997859473,1345.5210044167607,1345.5489458733,1346.5322561515904,1346.5489612686697,1347.5322672704697,1347.5322672704697,1347.8656029796311,1347.7658213087889,1347.7658290064737,1347.8656029796311,1347.8656029796311,1347.8656029796311,1347.8656029796311,1347.8656029796311,1347.8656029796311,0.09469236058885144,1349.0668315871944,[-98.0],[-229.0],[1],[0],[0],[1.19997359979061],1349.067764717689,1349.0708583318037,None,,,,,,,,,,,,,ED06,001,2024-01-15_14h36.55.629,rating,2023.2.3,60.03741696289162,2024-01-15 14h37.10.757198 +0800,
neg_161.jpg,0,276,276,69,1349.098948325155,,,,,,,,,,,,,,,,,,,,,,,1349.0710693053952,,1349.0710972451407,1349.071103517329,1349.098948325155,1350.082310206446,1350.098954027144,1351.0822976620702,1351.0822976620702,1351.415657319586,1351.3158987417992,1351.315906439484,1351.415657319586,1351.415657319586,1351.415657319586,1351.415657319586,1351.415657319586,1351.415657319586,0.09461338804158004,1352.416821095535,[-246.0],[314.0],[1],[0],[0],[1.0000048466908993],1352.4177776041843,1352.420919400105,None,,,,,,,,,,,,,ED06,001,2024-01-15_14h36.55.629,rating,2023.2.3,60.03741696289162,2024-01-15 14h37.10.757198 +0800,
neu_122.jpg,0,277,277,218,1352.4489828792075,,,,,,,,,,,,,,,,,,,,,,,1352.4211500455585,,1352.4211808362998,1352.421187963786,1352.4489828792075,1353.432340484008,1353.4489880109977,1354.43237013435,1354.43237013435,1354.7656707762799,1354.665864016686,1354.6658719994712,1354.7656707762799,1354.7656707762799,1354.7656707762799,1354.7656707762799,1354.7656707762799,1354.7656707762799,0.09454667477075418,1356.5668834752942,[70.0],[-157.0],[1],[0],[0],[1.8000426508779128],1356.5678274395677,1356.570967809991,None,,,,,,,,,,,,,ED06,001,2024-01-15_14h36.55.629,rating,2023.2.3,60.03741696289162,2024-01-15 14h37.10.757198 +0800,
neu_33.jpg,0,278,278,311,1356.5990204553154,,,,,,,,,,,,,,,,,,,,,,,1356.5712109998212,,1356.5712389395667,1356.571245211755,1356.5990204553154,1357.5823569627555,1357.5990267275029,1358.5823618094464,1358.5823618094464,1358.9157057864923,1358.8159033033899,1358.8159115712742,1358.9157057864923,1358.9157057864923,1358.9157057864923,1358.9157057864923,1358.9157057864923,1358.9157057864923,0.09452272641738091,1360.9169180293475,[61.0],[-305.0],[1],[0],[0],[2.0000282248456642],1360.917847168449,1360.920982407083,None,,,,,,,,,,,,,ED06,001,2024-01-15_14h36.55.629,rating,2023.2.3,60.03741696289162,2024-01-15 14h37.10.757198 +0800,
neu_142.jpg,0,279,279,240,1360.9490724004345,,,,,,,,,,,,,,,,,,,,,,,1360.9212161886308,,1360.9212472644704,1360.9212541068573,1360.9490724004345,1361.9323969336983,1361.9490672686443,1362.9324100482727,1362.9324100482727,1363.265785101159,1363.165958384604,1363.1659663673881,1363.265785101159,1363.265785101159,1363.265785101159,1363.265785101159,1363.265785101159,1363.265785101159,0.09459115028494125,1364.967000594147,[59.0],[-12.0],[1],[0],[0],[1.700039742863737],1364.9679348650398,1364.971078086458,None,,,,,,,,,,,,,ED06,001,2024-01-15_14h36.55.629,rating,2023.2.3,60.03741696289162,2024-01-15 14h37.10.757198 +0800,
neu_4.jpg,0,280,280,318,1364.9991005112406,,,,,,,,,,,,,,,,,,,,,,,1364.9713075915142,,1364.9713380971552,1364.9713452246415,1364.9991005112406,1365.982439299476,1365.9991064983287,1366.9824487077585,1366.9824487077585,1367.3157869828156,1367.2159944781943,1367.216002175879,1367.3157869828156,1367.3157869828156,1367.3157869828156,1367.3157869828156,1367.3157869828156,1367.3157869828156,0.09450333965469326,1368.7170108577275,[68.0],[-304.0],[1],[0],[0],[1.4000347251130734],1368.7180007230127,1368.7211353914472,None,,,,,,,,,,,,,ED06,001,2024-01-15_14h36.55.629,rating,2023.2.3,60.03741696289162,2024-01-15 14h37.10.757198 +0800,
neg_26.jpg,0,281,281,111,1368.7491484079474,,,,,,,,,,,,,,,,,,,,,,,1368.7213674623981,,1368.7213985382377,1368.7214053806247,1368.7491484079474,1369.732471800814,1369.7491555354336,1370.7324860557856,1370.7324860557856,1371.0658157778598,1370.9660181414483,1370.9660261242325,1371.0658157778598,1371.0658157778598,1371.0658157778598,1371.0658157778598,1371.0658157778598,1371.0658157778598,0.09447397441181238,1373.6671099012756,[-158.0],[-341.0],[1],[0],[0],[2.6000753232738134],1373.6680732523118,1373.6713193946316,None,,,,,,,,,,,,,ED06,001,2024-01-15_14h36.55.629,rating,2023.2.3,60.03741696289162,2024-01-15 14h37.10.757198 +0800,
neu_182.jpg,0,282,282,284,1373.699221507446,,,,,,,,,,,,,,,,,,,,,,,1373.6715560271732,,1373.6715839669196,1373.671590239107,1373.699221507446,1374.6825220923565,1374.6992249286395,1375.6825306453393,1375.6825306453393,1376.0158674948998,1375.9160809773666,1375.9160889601508,1376.0158674948998,1376.0158674948998,1376.0158674948998,1376.0158674948998,1376.0158674948998,1376.0158674948998,0.09437846609671396,1377.317115546245,[61.0],[-309.0],[1],[0],[0],[1.3000035922532334],1377.3180615062147,1377.3211776431854,None,,,,,,,,,,,,,ED06,001,2024-01-15_14h36.55.629,rating,2023.2.3,60.03741696289162,2024-01-15 14h37.10.757198 +0800,
neu_50.jpg,0,283,283,330,1377.3492174590338,,,,,,,,,,,,,,,,,,,,,,,1377.3214102843358,,1377.321441075076,1377.3214482025624,1377.3492174590338,1378.3325576727675,1378.3492211653265,1379.3325648002537,1379.3325648002537,1379.6659064965042,1379.566161318391,1379.566169016076,1379.6659064965042,1379.6659064965042,1379.6659064965042,1379.6659064965042,1379.6659064965042,1379.6659064965042,0.09452329661598924,1380.567173421433,[62.0],[-293.0],[1],[0],[0],[0.9000310188193907],1380.5681949327563,1380.5712899723685,None,,,,,,,,,,,,,ED06,001,2024-01-15_14h36.55.629,rating,2023.2.3,60.03741696289162,2024-01-15 14h37.10.757198 +0800,
neu_37.jpg,0,284,284,315,1380.5992243014207,,,,,,,,,,,,,,,,,,,,,,,1380.571500090662,,1380.5715280304075,1380.5715343025959,1380.5992243014207,1381.5826021482817,1381.5992548070617,1382.5826263817344,1382.5826263817344,1382.9159358617471,1382.816129672352,1382.8161379402363,1382.9159358617471,1382.9159358617471,1382.9159358617471,1382.9159358617471,1382.9159358617471,1382.9159358617471,0.09446684692557028,1384.917249029807,[112.0],[-329.0],[1],[0],[0],[2.0001097632875826],1384.9182454523789,1384.9213795506148,None,,,,,,,,,,,,,ED06,001,2024-01-15_14h36.55.629,rating,2023.2.3,60.03741696289162,2024-01-15 14h37.10.757198 +0800,
neg_82.jpg,0,285,285,173,1384.949330700535,,,,,,,,,,,,,,,,,,,,,,,1384.921611906665,,1384.9216426974053,1384.9216495397923,1384.949330700535,1385.9326275791518,1385.949293352507,1386.932636702334,1386.932636702334,1387.265976973088,1387.1661710687922,1387.1661790515764,1387.265976973088,1387.265976973088,1387.265976973088,1387.265976973088,1387.265976973088,1387.265976973088,0.09439272106919816,1388.967216984629,[-161.0],[85.0],[1],[0],[0],[1.7000206412003536],1388.9681743485762,1388.9712397378453,None,,,,,,,,,,,,,ED06,001,2024-01-15_14h36.55.629,rating,2023.2.3,60.03741696289162,2024-01-15 14h37.10.757198 +0800,
neu_175.jpg,0,286,286,276,1388.9993305864955,,,,,,,,,,,,,,,,,,,,,,,1388.9714758001883,,1388.9715065909295,1388.9715137184157,1388.9993305864955,1389.9826690896316,1389.9993337225887,1390.9826756469192,1390.9826756469192,1391.3160293173469,1391.2162353872282,1391.2162433700123,1391.3160293173469,1391.3160293173469,1391.3160293173469,1391.3160293173469,1391.3160293173469,1391.3160293173469,0.09457946120801353,1392.6172682455099,[40.0],[-312.0],[1],[0],[0],[1.3000198429217562],1392.6182113544846,1392.6212587824884,None,,,,,,,,,,,,,ED06,001,2024-01-15_14h36.55.629,rating,2023.2.3,60.03741696289162,2024-01-15 14h37.10.757198 +0800,
neg_122.jpg,0,287,287,26,1392.6493598947181,,,,,,,,,,,,,,,,,,,,,,,1392.6214888577433,,1392.6215196484836,1392.6215267759699,1392.6493598947181,1393.6327411627726,1393.6493750049895,1394.6327183548165,1394.6327183548165,1394.9660594808684,1394.8662578530648,1394.8662661209482,1394.9660594808684,1394.9660594808684,1394.9660594808684,1394.9660594808684,1394.9660594808684,1394.9660594808684,0.09459428637819656,1395.9672931061814,[-139.0],[-288.0],[1],[0],[0],[1.0000099784801932],1395.9682729929855,1395.9713030299226,None,,,,,,,,,,,,,ED06,001,2024-01-15_14h36.55.629,rating,2023.2.3,60.03741696289162,2024-01-15 14h37.10.757198 +0800,
neu_123.jpg,0,288,288,219,1395.9993927381747,,,,,,,,,,,,,,,,,,,,,,,1395.971533675377,,1395.9715647512166,1395.971571878703,1395.9993927381747,1396.982734377406,1396.9994346477943,1397.9827395091952,1397.9827395091952,1398.3160817756452,1398.2163229127582,1398.2163320359405,1398.3160817756452,1398.3160817756452,1398.3160817756452,1398.3160817756452,1398.3160817756452,1398.3160817756452,0.09457233372177143,1400.2173461346783,[39.0],[-294.0],[1],[0],[0],[1.9000387165051507],1400.2183037837258,1400.2214478604428,None,,,,,,,,,,,,,ED06,001,2024-01-15_14h36.55.629,rating,2023.2.3,60.03741696289162,2024-01-15 14h37.10.757198 +0800,
neg_1.jpg,0,289,289,0,1400.2494548898549,,,,,,,,,,,,,,,,,,,,,,,1400.221680216493,,1400.221710722134,1400.2217178496203,1400.2494548898549,1401.2327694446376,1401.24944719217,1402.2328039416707,1402.2328039416707,1402.5661231150652,1402.4663576948915,1402.4663676733717,1402.5661231150652,1402.5661231150652,1402.5661231150652,1402.5661231150652,1402.5661231150652,1402.5661231150652,0.0944714085171654,1404.1674138172875,[-104.0],[-284.0],[1],[0],[0],[1.600061638500847],1404.1684053931695,1404.1715229556376,None,,,,,,,,,,,,,ED06,001,2024-01-15_14h36.55.629,rating,2023.2.3,60.03741696289162,2024-01-15 14h37.10.757198 +0800,
neu_100.jpg,0,290,290,194,1404.1994943476184,,,,,,,,,,,,,,,,,,,,,,,1404.1717513202957,,1404.1717818259367,1404.171788953423,1404.1994943476184,1405.1828123235946,1405.199477241651,1406.1828376974454,1406.1828376974454,1406.5161511688511,1406.4164182500144,1406.4164262327986,1406.5161511688511,1406.5161511688511,1406.5161511688511,1406.5161511688511,1406.5161511688511,1406.5161511688511,0.09442807340110448,1408.1174432965709,[47.0],[-249.0],[1],[0],[0],[1.6000254308701187],1408.1184066476071,1408.1214631987932,None,,,,,,,,,,,,,ED06,001,2024-01-15_14h36.55.629,rating,2023.2.3,60.03741696289162,2024-01-15 14h37.10.757198 +0800,
neg_61.jpg,0,291,291,150,1408.149505295437,,,,,,,,,,,,,,,,,,,,,,,1408.121693274048,,1408.1217232094896,1408.1217303369758,1408.149505295437,1409.1328509260602,1409.1495124229232,1410.132921630723,1410.132921630723,1410.4662003199956,1410.3664041090815,1410.3664254915402,1410.4662003199956,1410.4662003199956,1410.4662003199956,1410.4662003199956,1410.4662003199956,1410.4662003199956,0.09453527079313062,1412.3674672449242,[-64.0],[-207.0],[1],[0],[0],[1.9000278827261354],1412.3684650929936,1412.3715105253013,None,,,,,,,,,,,,,ED06,001,2024-01-15_14h36.55.629,rating,2023.2.3,60.03741696289162,2024-01-15 14h37.10.757198 +0800,
neu_55.jpg,0,292,292,335,1412.3995489156532,,,,,,,,,,,,,,,,,,,,,,,1412.371744306849,,1412.3717813697776,1412.371787641965,1412.3995489156532,1413.3828905548835,1413.3995805616914,1414.3828971121711,1414.3828971121711,1414.7162365276254,1414.6164280574349,1414.61643604022,1414.7162365276254,1414.7162365276254,1414.7162365276254,1414.7162365276254,1414.7162365276254,1414.7162365276254,0.09451274793627817,1415.6177683099422,[59.0],[-287.0],[1],[0],[0],[0.9002303033339558],1415.6187385033645,1415.621845517153,None,,,,,,,,,,,,,ED06,001,2024-01-15_14h36.55.629,rating,2023.2.3,60.03741696289162,2024-01-15 14h37.10.757198 +0800,
neg_75.jpg,0,293,293,165,1415.6495799914928,,,,,,,,,,,,,,,,,,,,,,,1415.6220781583033,,1415.6221098043416,1415.6221169318278,1415.6495799914928,1416.6329173542317,1416.649585978581,1417.6329261923147,1417.6329261923147,1417.9662670332664,1417.8664608438712,1417.866468541557,1417.9662670332664,1417.9662670332664,1417.9662670332664,1417.9662670332664,1417.9662670332664,1417.9662670332664,0.09423021438306023,1420.1675700517853,[-35.0],[-315.0],[1],[0],[0],[2.2000394577635234],1420.1685282710314,1420.1717362100244,None,,,,,,,,,,,,,ED06,001,2024-01-15_14h36.55.629,rating,2023.2.3,60.03741696289162,2024-01-15 14h37.10.757198 +0800,
neu_13.jpg,0,294,294,226,1420.1996186509778,,,,,,,,,,,,,,,,,,,,,,,1420.1719697064727,,1420.1720016376112,1420.1720090501967,1420.1996186509778,1421.1829679878938,1421.1996280592593,1422.1829919362472,1422.1829919362472,1422.5163470321722,1422.416582182197,1422.4165904500805,1422.5163470321722,1422.5163470321722,1422.5163470321722,1422.5163470321722,1422.5163470321722,1422.5163470321722,0.09440127405287058,1425.317620172268,[42.0],[-119.0],[1],[0],[0],[2.8000075836453107],1425.3186476706805,1425.321719332137,None,,,,,,,,,,,,,ED06,001,2024-01-15_14h36.55.629,rating,2023.2.3,60.03741696289162,2024-01-15 14h37.10.757198 +0800,
neu_87.jpg,0,295,295,370,1425.3496730479528,,,,,,,,,,,,,,,,,,,,,,,1425.3219496924921,,1425.3219867554199,1425.3219930276082,1425.3496730479528,1426.3330409163327,1426.3496764691463,1427.3330198189733,1427.3330198189733,1427.6663866039753,1427.566588112265,1427.5665958099507,1427.6663866039753,1427.6663866039753,1427.6663866039753,1427.6663866039753,1427.6663866039753,1427.6663866039753,0.09446000453863235,1428.6677693363,[28.0],[-253.0],[1],[0],[0],[1.000095793415312],1428.6687378191264,1428.67178011534,None,,,,,,,,,,,,,ED06,001,2024-01-15_14h36.55.629,rating,2023.2.3,60.03741696289162,2024-01-15 14h37.10.757198 +0800,
neu_43.jpg,0,296,296,322,1428.6997492265255,,,,,,,,,,,,,,,,,,,,,,,1428.6720116160923,,1428.672047823722,1428.6720543810088,1428.6997492265255,1429.6830421137502,1429.699713303995,1430.6830515220317,1430.6830515220317,1431.016390082188,1430.9165807566997,1430.9165884543845,1431.016390082188,1431.016390082188,1431.016390082188,1431.016390082188,1431.016390082188,1431.016390082188,0.09439927835592243,1432.017718075419,[55.0],[-250.0],[1],[0],[0],[1.0000672834694342],1432.01868399235,1432.0217103229952,None,,,,,,,,,,,,,ED06,001,2024-01-15_14h36.55.629,rating,2023.2.3,60.03741696289162,2024-01-15 14h37.10.757198 +0800,
neu_168.jpg,0,297,297,268,1432.0497706660035,,,,,,,,,,,,,,,,,,,,,,,1432.0219449598408,,1432.021975750581,1432.021982592968,1432.0497706660035,1433.033078093301,1433.049753560037,1434.033088071781,1434.033088071781,1434.3664220703467,1434.2666569352723,1434.2666652031558,1434.3664220703467,1434.3664220703467,1434.3664220703467,1434.3664220703467,1434.3664220703467,1434.3664220703467,0.09451759462717746,1435.3677529145716,[69.0],[-247.0],[1],[0],[0],[1.0000535986964678],1435.3687273844862,1435.3718081691259,None,,,,,,,,,,,,,ED06,001,2024-01-15_14h36.55.629,rating,2023.2.3,60.03741696289162,2024-01-15 14h37.10.757198 +0800,
neu_19.jpg,0,298,298,292,1435.3997644508354,,,,,,,,,,,,,,,,,,,,,,,1435.3720174321206,,1435.3720450867668,1435.3720516440544,1435.3997644508354,1436.3831080857626,1436.3997638806368,1437.3831140728507,1437.3831140728507,1437.7164563393007,1437.616733113845,1437.6167422370272,1437.7164563393007,1437.7164563393007,1437.7164563393007,1437.7164563393007,1437.7164563393007,1437.7164563393007,0.09446798732278694,1438.71796565578,[67.0],[-240.0],[1],[0],[0],[1.0001602258898856],1438.7189429766895,1438.7220822067156,None,,,,,,,,,,,,,ED06,001,2024-01-15_14h36.55.629,rating,2023.2.3,60.03741696289162,2024-01-15 14h37.10.757198 +0800,
neg_164.jpg,0,299,299,72,1438.7498223830435,,,,,,,,,,,,,,,,,,,,,,,1438.7223168435612,,1438.7223484896003,1438.7223553319873,1438.7498223830435,1439.7331740007548,1439.7498044217782,1440.733179132545,1440.733179132545,1441.0664974506408,1440.9666949675384,1440.966702380124,1441.0664974506408,1441.0664974506408,1441.0664974506408,1441.0664974506408,1441.0664974506408,1441.0664974506408,0.0942051256324703,1442.867792543395,[-219.0],[305.0],[1],[0],[0],[1.8000215535184907],1442.8687670133095,1458.0503861957131,space,1442.8831879136078,1442.8831879136078,15.16540472147517,None,,,,,,,,,ED06,001,2024-01-15_14h36.55.629,rating,2023.2.3,60.03741696289162,2024-01-15 14h37.10.757198 +0800,
neu_134.jpg,0,300,300,231,1458.0666328728785,,,,,,,,,,,,,,,,,,,,,,,1458.050787330637,1458.0666328728785,1459.0502516287734,1459.0502587562596,1459.0833188882943,1460.0500509187614,1460.08332658598,1461.0500400849824,1461.0500400849824,1461.3833421524096,1461.283580723628,1461.2835884213127,1461.3833421524096,1461.3833421524096,1461.3833421524096,1461.3833421524096,1461.3833421524096,1461.3833421524096,0.08277463344711578,1462.5847298454646,[50.0],[-233.0],[1],[0],[0],[1.200010947818555],1462.5857849985232,1462.5889245136486,None,,,,,1459.0833188882943,,,,,,,,ED06,001,2024-01-15_14h36.55.629,rating,2023.2.3,60.03741696289162,2024-01-15 14h37.10.757198 +0800,
neg_105.jpg,0,301,301,7,1462.616664404878,,,,,,,,,,,,,,,,,,,,,,,1462.589159150495,,1462.5891916518322,1462.5891990644177,1462.616664404878,1463.6000225798762,1463.616715437679,1464.6000374050473,1464.6000374050473,1464.9333768205024,1464.8335865966765,1464.8335942943622,1464.9333768205024,1464.9333768205024,1464.9333768205024,1464.9333768205024,1464.9333768205024,1464.9333768205024,0.09424247366041527,1467.034826323118,[-108.0],[45.0],[1],[0],[0],[2.1001454577381082],1467.0358096311156,1467.0389149343073,None,,,,,,,,,,,,,ED06,001,2024-01-15_14h36.55.629,rating,2023.2.3,60.03741696289162,2024-01-15 14h37.10.757198 +0800,
neu_188.jpg,0,302,302,290,1467.066729806691,,,,,,,,,,,,,,,,,,,,,,,1467.0391509966503,,1467.03918235759,1467.0391894850763,1467.066729806691,1468.050071160822,1468.066738644774,1469.0501053727558,1469.0501053727558,1469.383456762388,1469.28366254717,1469.2836705299542,1469.383456762388,1469.383456762388,1469.383456762388,1469.383456762388,1469.383456762388,1469.383456762388,0.09433028428975376,1470.1847951902582,[66.0],[-260.0],[1],[0],[0],[0.799967384622505],1470.185785625742,1470.18889805642,None,,,,,,,,,,,,,ED06,001,2024-01-15_14h36.55.629,rating,2023.2.3,60.03741696289162,2024-01-15 14h37.10.757198 +0800,
neg_153.jpg,0,303,303,60,1470.216760540412,,,,,,,,,,,,,,,,,,,,,,,1470.1891301273708,,1470.1891620585093,1470.1891689008962,1470.216760540412,1471.2000719591006,1471.2167425791467,1472.2001098773271,1472.2001098773271,1472.5334475821855,1472.43365194147,1472.4336602093545,1472.5334475821855,1472.5334475821855,1472.5334475821855,1472.5334475821855,1472.5334475821855,1472.5334475821855,0.09434168826828682,1474.0347735797204,[-272.0],[384.0],[1],[0],[0],[1.500053883795772],1474.0357600238112,1474.0388459402411,None,,,,,,,,,,,,,ED06,001,2024-01-15_14h36.55.629,rating,2023.2.3,60.03741696289162,2024-01-15 14h37.10.757198 +0800,
neg_69.jpg,0,304,304,158,1474.066794809365,,,,,,,,,,,,,,,,,,,,,,,1474.0390782962913,,1474.039109372131,1474.0391164996172,1474.066794809365,1475.0501638181431,1475.066804502747,1476.0501458568779,1476.0501458568779,1476.383536305134,1476.2837181415625,1476.2837272647448,1476.383536305134,1476.383536305134,1476.383536305134,1476.383536305134,1476.383536305134,1476.383536305134,0.09448509329013177,1477.4848087609917,[-123.0],[-275.0],[1],[0],[0],[1.0998854470417427],1477.485786937199,1477.488994020894,None,,,,,,,,,,,,,ED06,001,2024-01-15_14h36.55.629,rating,2023.2.3,60.03741696289162,2024-01-15 14h37.10.757198 +0800,
neu_140.jpg,0,305,305,238,1477.516869049262,,,,,,,,,,,,,,,,,,,,,,,1477.4892272322431,,1477.4892580229834,1477.4892651504697,1477.516869049262,1478.5001716298675,1478.51687503635,1479.5001756212605,1479.5001756212605,1479.833536989373,1479.7337553185298,1479.7337633013149,1479.833536989373,1479.833536989373,1479.833536989373,1479.833536989373,1479.833536989373,1479.833536989373,0.09433741177599586,1481.8349105985153,[128.0],[-105.0],[1],[0],[0],[2.000036492729123],1481.8359446542145,1481.8390533785996,None,,,,,,,,,,,,,ED06,001,2024-01-15_14h36.55.629,rating,2023.2.3,60.03741696289162,2024-01-15 14h37.10.757198 +0800,
neu_135.jpg,0,306,306,232,1481.86686996158,,,,,,,,,,,,,,,,,,,,,,,1481.8392617862964,,1481.839290011142,1481.8392962833295,1481.86686996158,1482.8502195835954,1482.8668736678728,1483.850218158098,1483.850218158098,1484.1835684073321,1484.0837702007211,1484.0837784686055,1484.1835684073321,1484.1835684073321,1484.1835684073321,1484.1835684073321,1484.1835684073321,1484.1835684073321,0.09437219390838436,1485.2849115678528,[31.0],[-310.0],[1],[0],[0],[1.099920514274345],1485.285888603663,1485.28901699991,None,,,,,,,,,,,,,ED06,001,2024-01-15_14h36.55.629,rating,2023.2.3,60.03741696289162,2024-01-15 14h37.10.757198 +0800,
neg_114.jpg,0,307,307,17,1485.3169085640457,,,,,,,,,,,,,,,,,,,,,,,1485.2892485006623,,1485.289279576502,1485.2892867039882,1485.3169085640457,1486.3002641731491,1486.3169085640457,1487.3002795685188,1487.3002795685188,1487.633592469725,1487.5337800081425,1487.5337879909266,1487.633592469725,1487.633592469725,1487.633592469725,1487.633592469725,1487.633592469725,1487.633592469725,0.0943710535111677,1488.6350037119946,[-90.0],[-287.0],[1],[0],[0],[1.000051317901125],1488.6360828134066,1488.6391915377926,None,,,,,,,,,,,,,ED06,001,2024-01-15_14h36.55.629,rating,2023.2.3,60.03741696289162,2024-01-15 14h37.10.757198 +0800,
neu_60.jpg,0,308,308,341,1488.6669436882976,,,,,,,,,,,,,,,,,,,,,,,1488.6394042219808,,1488.6394324468265,1488.639438719014,1488.6669436882976,1489.6502807659372,1489.666975619436,1490.650293310313,1490.650293310313,1490.9836216068888,1490.8838199790853,1490.8838276767701,1490.9836216068888,1490.9836216068888,1490.9836216068888,1490.9836216068888,1490.9836216068888,1490.9836216068888,0.09424475445484859,1491.7849720089362,[95.0],[-279.0],[1],[0],[0],[0.7999887670821408],1491.7859558871323,1491.789082857883,None,,,,,,,,,,,,,ED06,001,2024-01-15_14h36.55.629,rating,2023.2.3,60.03741696289162,2024-01-15 14h37.10.757198 +0800,
neg_121.jpg,0,309,309,25,1491.8169641584382,,,,,,,,,,,,,,,,,,,,,,,1491.789314073535,,1491.7893451493746,1491.7893519917616,1491.8169641584382,1492.800311214558,1492.8169741369184,1493.8003117847566,1493.8003117847566,1494.1336569022005,1494.033841589623,1494.0338498575074,1494.1336569022005,1494.1336569022005,1494.1336569022005,1494.1336569022005,1494.1336569022005,1494.1336569022005,0.09436677701887675,1495.3349941326533,[-145.0],[238.0],[1],[0],[0],[1.200016364708972],1495.3359848532364,1495.3390972839143,None,,,,,,,,,,,,,ED06,001,2024-01-15_14h36.55.629,rating,2023.2.3,60.03741696289162,2024-01-15 14h37.10.757198 +0800,
neg_143.jpg,0,310,310,49,1495.3670059540173,,,,,,,,,,,,,,,,,,,,,,,1495.3393276442685,,1495.339358720109,1495.3393658475952,1495.3670059540173,1496.3503344786732,1496.3670011073264,1497.3503481634461,1497.3503481634461,1497.6837172292435,1497.583985450805,1497.5839948590865,1497.6837172292435,1497.6837172292435,1497.6837172292435,1497.6837172292435,1497.6837172292435,1497.6837172292435,0.0944129631297983,1499.3684072178057,[-82.0],[-278.0],[1],[0],[0],[1.6833406128725983],1499.3693993638863,1499.3725006756858,None,,,,,,,,,,,,,ED06,001,2024-01-15_14h36.55.629,rating,2023.2.3,60.03741696289162,2024-01-15 14h37.10.757198 +0800,
neu_145.jpg,0,311,311,243,1499.4003839719371,,,,,,,,,,,,,,,,,,,,,,,1499.3727122194769,,1499.3727395890237,1499.3727461463104,1499.4003839719371,1500.3837159177865,1500.4003509004015,1501.3837179134825,1501.3837179134825,1501.7171103574346,1501.617287062073,1501.6172950448572,1501.7171103574346,1501.7171103574346,1501.7171103574346,1501.7171103574346,1501.7171103574346,1501.7171103574346,0.09442664790367417,1503.71845146524,[17.0],[-238.0],[1],[0],[0],[2.0000082678843683],1503.7195071884971,1503.722667800982,None,,,,,,,,,,,,,ED06,001,2024-01-15_14h36.55.629,rating,2023.2.3,60.03741696289162,2024-01-15 14h37.10.757198 +0800,
neu_59.jpg,0,312,312,339,1503.7504088326086,,,,,,,,,,,,,,,,,,,,,,,1503.722879344773,,1503.7229075696187,1503.7229141269054,1503.7504088326086,1504.733747620845,1504.7504133942002,1505.7337501867405,1505.7337501867405,1506.0671078485593,1505.967295672076,1505.9673033697618,1506.0671078485593,1506.0671078485593,1506.0671078485593,1506.0671078485593,1506.0671078485593,1506.0671078485593,0.09425644353268581,1507.3684958837339,[33.0],[-286.0],[1],[0],[0],[1.3000503485618538],1507.3694863192177,1507.3726058773818,None,,,,,,,,,,,,,ED06,001,2024-01-15_14h36.55.629,rating,2023.2.3,60.03741696289162,2024-01-15 14h37.10.757198 +0800,
neg_12.jpg,0,313,313,23,1507.400442987523,,,,,,,,,,,,,,,,,,,,,,,1507.372835382438,,1507.3728661731784,1507.3728730155653,1507.400442987523,1508.383816842991,1508.400451825606,1509.3837928946377,1509.3837928946377,1509.7171745048108,1509.617346932957,1509.6173560561392,1509.7171745048108,1509.7171745048108,1509.7171745048108,1509.7171745048108,1509.7171745048108,1509.7171745048108,0.09436335582631727,1510.818612603448,[-10.0],[-286.0],[1],[0],[0],[1.1000929994397666],1510.8196492250427,1510.8227784765886,None,,,,,,,,,,,,,ED06,001,2024-01-15_14h36.55.629,rating,2023.2.3,60.03741696289162,2024-01-15 14h37.10.757198 +0800,
neu_101.jpg,0,314,314,195,1510.8504756028997,,,,,,,,,,,,,,,,,,,,,,,1510.82302565781,,1510.8230567336495,1510.8230638611358,1510.8504756028997,1511.8338203782241,1511.8504830154852,1512.8338289312078,1512.8338289312078,1513.1671652105688,1513.0673561701797,1513.0673641529638,1513.1671652105688,1513.1671652105688,1513.1671652105688,1513.1671652105688,1513.1671652105688,1513.1671652105688,0.09416350111223437,1514.0685513070666,[51.0],[-307.0],[1],[0],[0],[0.900037576107934],1514.0695608442138,1514.0727322904777,None,,,,,,,,,,,,,ED06,001,2024-01-15_14h36.55.629,rating,2023.2.3,60.03741696289162,2024-01-15 14h37.10.757198 +0800,
neg_45.jpg,0,315,315,132,1514.1005081042367,,,,,,,,,,,,,,,,,,,,,,,1514.0729640763293,,1514.0729940117708,1514.0730008541577,1514.1005081042367,1515.083846892473,1515.1005617029332,1516.0838574411528,1516.0838574411528,1516.4171965715077,1516.3173881013172,1516.3173963692016,1516.4171965715077,1516.4171965715077,1516.4171965715077,1516.4171965715077,1516.4171965715077,1516.4171965715077,0.09425758392990247,1517.2186151123233,[58.0],[-264.0],[1],[0],[0],[0.8000574760490053],1517.2196548700122,1517.2227402162425,None,,,,,,,,,,,,,ED06,001,2024-01-15_14h36.55.629,rating,2023.2.3,60.03741696289162,2024-01-15 14h37.10.757198 +0800,
neu_41.jpg,0,316,316,320,1517.2505659224053,,,,,,,,,,,,,,,,,,,,,,,1517.2229702914974,,1517.223001367337,1517.2230084948233,1517.2505659224053,1518.2338972980551,1518.2505462505433,1519.2339015745474,1519.2339015745474,1519.5838976401747,1519.4674667317458,1519.46747471453,1519.5838976401747,1519.5838976401747,1519.5838976401747,1519.5838976401747,1519.5838976401747,1519.5838976401747,0.11095414802639425,1520.785355467694,[25.0],[-279.0],[1],[0],[0],[1.2000477256478916],1520.7864377052001,1520.7894095818501,None,,,,,,,,,,,,,ED06,001,2024-01-15_14h36.55.629,rating,2023.2.3,60.03741696289162,2024-01-15 14h37.10.757198 +0800,
neg_8.jpg,0,317,317,170,1520.817236428411,,,,,,,,,,,,,,,,,,,,,,,1520.7896519163814,,1520.7896841326192,1520.7896921154033,1520.817236428411,1521.80057892294,1521.8172441260958,1522.8005903269177,1522.8005903269177,1523.1505938051314,1523.0341677433926,1523.034176011276,1523.1505938051314,1523.1505938051314,1523.1505938051314,1523.1505938051314,1523.1505938051314,1523.1505938051314,0.11096697750053863,1524.351988910772,[-143.0],[-302.0],[1],[0],[0],[1.19994851104002],1524.3530032946092,1524.356089211039,None,,,,,,,,,,,,,ED06,001,2024-01-15_14h36.55.629,rating,2023.2.3,60.03741696289162,2024-01-15 14h37.10.757198 +0800,
neu_77.jpg,0,318,318,359,1524.3839650947048,,,,,,,,,,,,,,,,,,,,,,,1524.3563204266911,,1524.3563506472328,1524.3563580598184,1524.3839650947048,1525.36727822399,1525.3839639543066,1526.367289057769,1526.367289057769,1526.7172948167781,1526.600860487155,1526.6008681848407,1526.7172948167781,1526.7172948167781,1526.7172948167781,1526.7172948167781,1526.7172948167781,1526.7172948167781,0.1110003341373158,1528.4187218535571,[49.0],[59.0],[1],[0],[0],[1.7000237772945184],1528.4198029506651,1528.4229165217412,None,,,,,,,,,,,,,ED06,001,2024-01-15_14h36.55.629,rating,2023.2.3,60.03741696289162,2024-01-15 14h37.10.757198 +0800,
neu_151.jpg,0,319,319,250,1528.450647004688,,,,,,,,,,,,,,,,,,,,,,,1528.423149447991,,1528.4231805238305,1528.4231873662175,1528.450647004688,1529.4339872184219,1529.4506484301855,1530.4340228558522,1530.4340228558522,1530.7840046665078,1530.6675250060725,1530.6675335590562,1530.7840046665078,1530.7840046665078,1530.7840046665078,1530.7840046665078,1530.7840046665078,1530.7840046665078,0.1108834433625816,1532.0854688232348,[35.0],[-216.0],[1],[0],[0],[1.3000608972424743],1532.0865342398738,1532.089679456988,None,,,,,,,,,,,,,ED06,001,2024-01-15_14h36.55.629,rating,2023.2.3,60.03741696289162,2024-01-15 14h37.10.757198 +0800,
neg_118.jpg,0,320,320,21,1532.1173429415649,,,,,,,,,,,,,,,,,,,,,,,1532.0899120981385,,1532.0899437441767,1532.089950871663,1532.1173429415649,1533.1007122354422,1533.1173566263387,1534.1006925635802,1534.1006925635802,1534.4506974672904,1534.3342477422975,1534.334256010182,1534.4506974672904,1534.4506974672904,1534.4506974672904,1534.4506974672904,1534.4506974672904,1534.4506974672904,0.11080903240599582,1537.452160882759,[-157.0],[245.0],[1],[0],[0],[3.0000558794918106],1537.4531892364694,1537.4562999565505,None,,,,,,,,,,,,,ED06,001,2024-01-15_14h36.55.629,rating,2023.2.3,60.03741696289162,2024-01-15 14h37.10.757198 +0800,
neu_159.jpg,0,321,321,258,1537.4840734895142,,,,,,,,,,,,,,,,,,,,,,,1537.4565360188944,,1537.4565673798334,1537.4565742222203,1537.4840734895142,1538.4674014439715,1538.4840689279235,1539.4674114224526,1539.4674114224526,1539.8174166112622,1539.7009580481863,1539.7009660309714,1539.8174166112622,1539.8174166112622,1539.8174166112622,1539.8174166112622,1539.8174166112622,1539.8174166112622,0.11090596621943405,1542.1188821934866,[1.0],[-249.0],[1],[0],[0],[2.3000497783632454],1542.1199909452416,1542.1230948229359,None,,,,,,,,,,,,,ED06,001,2024-01-15_14h36.55.629,rating,2023.2.3,60.03741696289162,2024-01-15 14h37.10.757198 +0800,
neg_16.jpg,0,322,322,67,1542.1507728475844,,,,,,,,,,,,,,,,,,,,,,,1542.123334021373,,1542.1233670929096,1542.1233750756937,1542.1507728475844,1543.1341113507215,1543.1507973661373,1544.1341213292017,1544.1341213292017,1544.484124522316,1544.3676517042677,1544.3676596870519,1544.484124522316,1544.484124522316,1544.484124522316,1544.484124522316,1544.484124522316,1544.484124522316,0.11081302379898261,1546.2855918151372,[-51.0],[-274.0],[1],[0],[0],[1.800056905850397],1546.286616747654,1546.2896841326192,None,,,,,,,,,,,,,ED06,001,2024-01-15_14h36.55.629,rating,2023.2.3,60.03741696289162,2024-01-15 14h37.10.757198 +0800,
neu_111.jpg,0,323,323,206,1546.3175141152733,,,,,,,,,,,,,,,,,,,,,,,1546.2898971019067,,1546.2899247565538,1546.2899310287412,1546.3175141152733,1547.3008300955544,1547.3174810437376,1548.300826674361,1548.300826674361,1548.6508341439658,1548.5343587600228,1548.534366742807,1548.6508341439658,1548.6508341439658,1548.6508341439658,1548.6508341439658,1548.6508341439658,1548.6508341439658,0.1109664073019303,1550.0522681371713,[36.0],[112.0],[1],[0],[0],[1.4000586734664466],1550.053335264407,1550.0563453443829,None,,,,,,,,,,,,,ED06,001,2024-01-15_14h36.55.629,rating,2023.2.3,60.03741696289162,2024-01-15 14h37.10.757198 +0800,
neg_187.jpg,0,324,324,97,1550.0841830247227,,,,,,,,,,,,,,,,,,,,,,,1550.0565768451352,,1550.0566107719696,1550.0566181845552,1550.0841830247227,1551.0675229533563,1551.0841835949213,1552.0675289404453,1552.0675289404453,1552.4175341292548,1552.3010698641901,1552.3010778469743,1552.4175341292548,1552.4175341292548,1552.4175341292548,1552.4175341292548,1552.4175341292548,1552.4175341292548,0.110979806976502,1554.0190104312187,[-195.0],[351.0],[1],[0],[0],[1.6000254308701187],1554.0201063534987,1554.0231041741981,None,,,,,,,,,,,,,ED06,001,2024-01-15_14h36.55.629,rating,2023.2.3,60.03741696289162,2024-01-15 14h37.10.757198 +0800,
neu_162.jpg,0,325,325,262,1554.0508928174322,,,,,,,,,,,,,,,,,,,,,,,1554.0233359600497,,1554.0233673209887,1554.0233747335742,1554.0508928174322,1555.0342606858121,1555.0509164806872,1556.0342512775305,1556.0342512775305,1556.3843060736444,1556.26776910822,1556.2677773761043,1556.3843060736444,1556.3843060736444,1556.3843060736444,1556.3843060736444,1556.3843060736444,1556.3843060736444,0.11099634274432901,1559.1857015214046,[37.0],[-276.0],[1],[0],[0],[2.7999896223800533],1559.1867449853862,1559.1898688200417,None,,,,,,,,,,,,,ED06,001,2024-01-15_14h36.55.629,rating,2023.2.3,60.03741696289162,2024-01-15 14h37.10.757198 +0800,
neg_48.jpg,0,326,326,135,1559.2176032943808,,,,,,,,,,,,,,,,,,,,,,,1559.1901008909927,,1559.1901313966337,1559.19013852412,1559.2176032943808,1560.2009403720203,1560.217608426171,1561.200948069706,1561.200948069706,1561.5509558244103,1561.4345186437931,1561.4345277669754,1561.5509558244103,1561.5509558244103,1561.5509558244103,1561.5509558244103,1561.5509558244103,1561.5509558244103,0.1108803072684168,1563.6524212925951,[-24.0],[-310.0],[1],[0],[0],[2.100025145771724],1563.6534544929964,1563.6565712001657,None,,,,,,,,,,,,,ED06,001,2024-01-15_14h36.55.629,rating,2023.2.3,60.03741696289162,2024-01-15 14h37.10.757198 +0800,
neu_154.jpg,0,327,327,253,1563.684311091395,,,,,,,,,,,,,,,,,,,,,,,1563.6568035562168,,1563.6568340618578,1563.6568409042438,1563.684311091395,1564.667649309432,1564.6843170784832,1565.6677120313107,1565.6677120313107,1566.0176684681155,1565.901195364967,1565.9012036328513,1566.0176684681155,1566.0176684681155,1566.0176684681155,1566.0176684681155,1566.0176684681155,1566.0176684681155,0.11089256654486235,1567.5190996673464,[31.0],[-177.0],[1],[0],[0],[1.500017391066649],1567.5201573862996,1567.523231898751,None,,,,,,,,,,,,,ED06,001,2024-01-15_14h36.55.629,rating,2023.2.3,60.03741696289162,2024-01-15 14h37.10.757198 +0800,
neg_126.jpg,0,328,328,30,1567.5510114188028,,,,,,,,,,,,,,,,,,,,,,,1567.5234648250007,,1567.5234959008403,1567.5235027432273,1567.5510114188028,1568.5343564792274,1568.5510174058918,1569.5343604706195,1569.5343604706195,1569.8843687955232,1569.767954137762,1569.7679618354477,1569.8843687955232,1569.8843687955232,1569.8843687955232,1569.8843687955232,1569.8843687955232,1569.8843687955232,0.1109316251695418,1571.2858823314746,[-230.0],[374.0],[1],[0],[0],[1.4000355804109859],1571.2869785388539,1571.290177639764,None,,,,,,,,,,,,,ED06,001,2024-01-15_14h36.55.629,rating,2023.2.3,60.03741696289162,2024-01-15 14h37.10.757198 +0800,
neu_172.jpg,0,329,329,273,1571.3177133997879,,,,,,,,,,,,,,,,,,,,,,,1571.290408855417,,1571.2904390759586,1571.2904459183455,1571.3177133997879,1572.3010715747869,1572.3177199570755,1573.3010741406815,1573.3010741406815,1573.651079329492,1573.5346290342995,1573.5346367319853,1573.651079329492,1573.651079329492,1573.651079329492,1573.651079329492,1573.651079329492,1573.651079329492,0.11070154991466552,1575.0526983522395,[55.0],[-169.0],[1],[0],[0],[1.4001692920519417],1575.0537629135797,1579.268201033885,space,1575.0676749113627,1575.0676749113627,4.199293352507084,None,,,,,,,,,ED06,001,2024-01-15_14h36.55.629,rating,2023.2.3,60.03741696289162,2024-01-15 14h37.10.757198 +0800,
neg_191.jpg,0,330,330,102,1579.2844519875425,,,,,,,,,,,,,,,,,,,,,,,1579.268578790654,1579.2844519875425,1580.2682038848789,1580.268211867664,1580.3011320158694,1581.2678044605518,1581.3011382880577,1582.267816434729,1582.267816434729,1582.6178199129417,1582.501346809794,1582.5013547925791,1582.6178199129417,1582.6178199129417,1582.6178199129417,1582.6178199129417,1582.6178199129417,1582.6178199129417,0.09945494687417522,1584.4194371680733,[-164.0],[23.0],[1],[0],[0],[1.8001518439659776],1584.4204940317286,1584.4236153004895,None,,,,,1580.3011320158694,,,,,,,,ED06,001,2024-01-15_14h36.55.629,rating,2023.2.3,60.03741696289162,2024-01-15 14h37.10.757198 +0800,
neg_60.jpg,0,331,331,149,1584.4511969615241,,,,,,,,,,,,,,,,,,,,,,,1584.4238485118376,,1584.423880442976,1584.423887285363,1584.4511969615241,1585.4345374603572,1585.4512015231157,1586.4345428772467,1586.4345428772467,1586.7845298196917,1586.66805871224,1586.6680666950242,1586.7845298196917,1586.7845298196917,1586.7845298196917,1586.7845298196917,1586.7845298196917,1586.7845298196917,0.11070981779903377,1588.6192608055544,[56.0],[-281.0],[1],[0],[0],[1.8333103353106708],1588.6203310688834,1588.6234349465785,None,,,,,,,,,,,,,ED06,001,2024-01-15_14h36.55.629,rating,2023.2.3,60.03741696289162,2024-01-15 14h37.10.757198 +0800,
neg_166.jpg,0,332,332,74,1588.6512099050387,,,,,,,,,,,,,,,,,,,,,,,1588.6236673026287,,1588.6236986635677,1588.623705791054,1588.6512099050387,1589.6345523995678,1589.6512173176252,1590.6345572462587,1590.6345572462587,1590.9845678519578,1590.8681109994786,1590.8681189822637,1590.9845678519578,1590.9845678519578,1590.9845678519578,1590.9845678519578,1590.9845678519578,1590.9845678519578,0.11092763377655501,1591.686076712279,[20.0],[-306.0],[1],[0],[0],[0.7000100925206425],1591.6871198911604,1591.6901630426728,None,,,,,,,,,,,,,ED06,001,2024-01-15_14h36.55.629,rating,2023.2.3,60.03741696289162,2024-01-15 14h37.10.757198 +0800,
neu_129.jpg,0,333,333,225,1591.7179357203377,,,,,,,,,,,,,,,,,,,,,,,1591.690395398723,,1591.690426759662,1591.6904336020489,1591.7179357203377,1592.7012477092258,1592.7179502604095,1593.7012556920108,1593.7012556920108,1594.0512623063178,1593.9348336786834,1593.9348419465678,1594.0512623063178,1594.0512623063178,1594.0512623063178,1594.0512623063178,1594.0512623063178,1594.0512623063178,0.11089285164416651,1595.302693790648,[30.0],[-280.0],[1],[0],[0],[1.2499506777949136],1595.3037389652254,1595.3068399919257,None,,,,,,,,,,,,,ED06,001,2024-01-15_14h36.55.629,rating,2023.2.3,60.03741696289162,2024-01-15 14h37.10.757198 +0800,
neg_38.jpg,0,334,334,124,1595.3346063974031,,,,,,,,,,,,,,,,,,,,,,,1595.3070743436729,,1595.3071057046118,1595.307112832098,1595.3346063974031,1596.317949747231,1596.3346300606581,1597.317958585314,1597.317958585314,1597.6679834459856,1597.5514855391857,1597.5514935219708,1597.6679834459856,1597.6679834459856,1597.6679834459856,1597.6679834459856,1597.6679834459856,1597.6679834459856,0.1109324804674543,1598.3695923762125,[-39.0],[-299.0],[1],[0],[0],[0.7001426637643817],1598.3706777498128,1598.373814128844,None,,,,,,,,,,,,,ED06,001,2024-01-15_14h36.55.629,rating,2023.2.3,60.03741696289162,2024-01-15 14h37.10.757198 +0800,
neg_154.jpg,0,335,335,61,1598.4013034176578,,,,,,,,,,,,,,,,,,,,,,,1598.374043348801,,1598.3740752799395,1598.3740821223255,1598.4013034176578,1599.3846439164909,1599.4013102600447,1600.3846741370326,1600.3846741370326,1600.73465965398,1600.6181908273247,1600.6181985250096,1600.73465965398,1600.73465965398,1600.73465965398,1600.73465965398,1600.73465965398,1600.73465965398,0.11064538532355073,1601.719677392868,[-143.0],[334.0],[1],[0],[0],[0.9834496919220328],1601.7207413840097,1601.7238920180134,None,,,,,,,,,,,,,ED06,001,2024-01-15_14h36.55.629,rating,2023.2.3,60.03741696289162,2024-01-15 14h37.10.757198 +0800,
neg_173.jpg,0,336,336,82,1601.7513436737,,,,,,,,,,,,,,,,,,,,,,,1601.7241223783676,,1601.7241528840086,1601.724160296595,1601.7513436737,1602.7346770450467,1602.7513716134463,1603.7346836023344,1603.7346836023344,1604.084689931542,1603.9682621592065,1603.9682698568913,1604.084689931542,1604.084689931542,1604.084689931542,1604.084689931542,1604.084689931542,1604.084689931542,0.11059292702520906,1605.6695680287194,[-220.0],[311.0],[1],[0],[0],[1.583418673100823],1605.6706166244912,1605.673710238605,None,,,,,,,,,,,,,ED06,001,2024-01-15_14h36.55.629,rating,2023.2.3,60.03741696289162,2024-01-15 14h37.10.757198 +0800,
neu_91.jpg,0,337,337,375,1605.7013722976853,,,,,,,,,,,,,,,,,,,,,,,1605.673941454258,,1605.673972815197,1605.673979657584,1605.7013722976853,1606.6847116561203,1606.701383701663,1607.6847227749986,1607.6847227749986,1608.0347299595041,1607.9184564259704,1607.9184646938547,1608.0347299595041,1608.0347299595041,1608.0347299595041,1608.0347299595041,1608.0347299595041,1608.0347299595041,0.11081587479293376,1608.736371391069,[45.0],[-268.0],[1],[0],[0],[0.7001466551555495],1608.7374171358451,1608.7405033373743,None,,,,,,,,,,,,,ED06,001,2024-01-15_14h36.55.629,rating,2023.2.3,60.03741696289162,2024-01-15 14h37.10.757198 +0800,
neu_89.jpg,0,338,338,372,1608.7680681775419,,,,,,,,,,,,,,,,,,,,,,,1608.7407334126292,,1608.7407639182702,1608.7407707606571,1608.7680681775419,1609.7514083912747,1609.7681186401442,1610.751419510154,1610.751419510154,1611.1014475069196,1610.984969557081,1610.9849775398652,1611.1014475069196,1611.1014475069196,1611.1014475069196,1611.1014475069196,1611.1014475069196,1611.1014475069196,0.11074089363864914,1612.7362921334216,[103.0],[-234.0],[1],[0],[0],[1.633368381559194],1612.737354984166,1612.7404520194732,None,,,,,,,,,,,,,ED06,001,2024-01-15_14h36.55.629,rating,2023.2.3,60.03741696289162,2024-01-15 14h37.10.757198 +0800,
neu_176.jpg,0,339,339,277,1612.768103814973,,,,,,,,,,,,,,,,,,,,,,,1612.7406846606236,,1612.740715451364,1612.7407225788502,1612.768103814973,1613.7514474498994,1613.7681337504146,1614.751452866789,1614.751452866789,1615.1014857102455,1614.9850026286167,1614.985010896501,1615.1014857102455,1615.1014857102455,1615.1014857102455,1615.1014857102455,1615.1014857102455,1615.1014857102455,0.11082613837334065,1616.8530141283882,[98.0],[-298.0],[1],[0],[0],[1.749992872513758],1616.8540672857507,1616.8572812118327,None,,,,,,,,,,,,,ED06,001,2024-01-15_14h36.55.629,rating,2023.2.3,60.03741696289162,2024-01-15 14h37.10.757198 +0800,
neg_65.jpg,0,340,340,154,1616.8848049976796,,,,,,,,,,,,,,,,,,,,,,,1616.8575141380816,,1616.8575446437226,1616.8575517712088,1616.8848049976796,1617.8681728660595,1617.884817256956,1618.8681611769816,1618.8681611769816,1619.21816722109,1619.1017317510696,1619.1017397338537,1619.21816722109,1619.21816722109,1619.21816722109,1619.21816722109,1619.21816722109,1619.21816722109,0.1106787419594184,1620.1530410987962,[-29.0],[-342.0],[1],[0],[0],[0.9333494509555749],1620.1541621098268,1620.1573711892179,None,,,,,,,,,,,,,ED06,001,2024-01-15_14h36.55.629,rating,2023.2.3,60.03741696289162,2024-01-15 14h37.10.757198 +0800,
neu_103.jpg,0,341,341,197,1620.1848453677612,,,,,,,,,,,,,,,,,,,,,,,1620.1576041154676,,1620.157634906208,1620.1576420336942,1620.1848453677612,1621.1681986960693,1621.184849074054,1622.1682075341523,1622.1682075341523,1622.518227548133,1622.4017313519298,1622.4017393347149,1622.518227548133,1622.518227548133,1622.518227548133,1622.518227548133,1622.518227548133,1622.518227548133,0.11065279790909699,1623.5697926300654,[55.0],[-361.0],[1],[0],[0],[1.0499907627781795],1623.5709732268806,1623.574120724791,None,,,,,,,,,,,,,ED06,001,2024-01-15_14h36.55.629,rating,2023.2.3,60.03741696289162,2024-01-15 14h37.10.757198 +0800,
neu_127.jpg,0,342,342,223,1623.6015444407321,,,,,,,,,,,,,,,,,,,,,,,1623.5743559318362,,1623.5743875778753,1623.5743947053616,1623.6015444407321,1624.5848715398906,1624.6015270496655,1625.5848986243382,1625.5848986243382,1625.9349072343412,1625.8184489563646,1625.8184569391497,1625.9349072343412,1625.9349072343412,1625.9349072343412,1625.9349072343412,1625.9349072343412,1625.9349072343412,0.11059834391471668,1627.803136550091,[66.0],[-341.0],[1],[0],[0],[1.866673242961042],1627.8042016816307,1627.807324375889,None,,,,,,,,,,,,,ED06,001,2024-01-15_14h36.55.629,rating,2023.2.3,60.03741696289162,2024-01-15 14h37.10.757198 +0800,
neg_79.jpg,0,343,343,169,1627.8349140197088,,,,,,,,,,,,,,,,,,,,,,,1627.807553595845,,1627.807584956785,1627.8075920842712,1627.8349140197088,1628.818254518541,1628.8349205769955,1629.8183109682323,1629.8183109682323,1630.1682802345113,1630.0518755552312,1630.0518849635127,1630.1682802345113,1630.1682802345113,1630.1682802345113,1630.1682802345113,1630.1682802345113,1630.1682802345113,0.11075372311370302,1631.6865317309985,[-181.0],[-373.0],[1],[0],[0],[1.5166931429021133],1631.6876017092281,1631.690728965078,None,,,,,,,,,,,,,ED06,001,2024-01-15_14h36.55.629,rating,2023.2.3,60.03741696289162,2024-01-15 14h37.10.757198 +0800,
neg_113.jpg,0,344,344,16,1631.7183080602172,,,,,,,,,,,,,,,,,,,,,,,1631.6909604658294,,1631.6909912565698,1631.690998384056,1631.7183080602172,1632.7016337338791,1632.71829123935,1633.7016442825588,1633.7016442825588,1634.051641203485,1633.9351643940436,1633.935172661928,1634.051641203485,1634.051641203485,1634.051641203485,1634.051641203485,1634.051641203485,1634.051641203485,0.11070782210208563,1635.5698704622146,[-45.0],[-357.0],[1],[0],[0],[1.5167139551622313],1635.5709469977319,1635.5740867979566,None,,,,,,,,,,,,,ED06,001,2024-01-15_14h36.55.629,rating,2023.2.3,60.03741696289162,2024-01-15 14h37.10.757198 +0800,
neu_24.jpg,0,345,345,301,1635.6016453659367,,,,,,,,,,,,,,,,,,,,,,,1635.574298626847,,1635.5743265665933,1635.57433312388,1635.6016453659367,1636.5849989793442,1636.6016630421027,1637.5850317657805,1637.5850317657805,1637.9350121509387,1637.8186066163598,1637.818614599145,1637.9350121509387,1637.9350121509387,1637.9350121509387,1637.9350121509387,1637.9350121509387,1637.9350121509387,0.1107411787379533,1639.570014437436,[-50.0],[-337.0],[1],[0],[0],[1.6334969614099464],1639.5711268954838,1639.5743245708973,None,,,,,,,,,,,,,ED06,001,2024-01-15_14h36.55.629,rating,2023.2.3,60.03741696289162,2024-01-15 14h37.10.757198 +0800,
neu_160.jpg,0,346,346,260,1639.6016906967488,,,,,,,,,,,,,,,,,,,,,,,1639.5745552163507,,1639.5745874325885,1639.5745945600747,1639.6016906967488,1640.5850639820183,1640.6017009603293,1641.5850668330131,1641.5850668330131,1641.9350728771215,1641.8185926464866,1641.8186011994703,1641.9350728771215,1641.9350728771215,1641.9350728771215,1641.9350728771215,1641.9350728771215,1641.9350728771215,0.11054360482012271,1643.3365958213544,[99.0],[-239.0],[1],[0],[0],[1.4000167638469065],1643.3376629485902,1643.3407896342405,None,,,,,,,,,,,,,ED06,001,2024-01-15_14h36.55.629,rating,2023.2.3,60.03741696289162,2024-01-15 14h37.10.757198 +0800,
neu_115.jpg,0,347,347,210,1643.3683923926346,,,,,,,,,,,,,,,,,,,,,,,1643.3410225604894,,1643.3410530661304,1643.3410601936166,1643.3683923926346,1644.3517343169642,1644.3684012307176,1645.351744010346,1645.351744010346,1645.7017483438576,1645.5853348264945,1645.5853442347761,1645.7017483438576,1645.7017483438576,1645.7017483438576,1645.7017483438576,1645.7017483438576,1645.7017483438576,0.11075201251696853,1647.686641494286,[-141.0],[31.0],[1],[0],[0],[1.9833459157225661],1647.687707766223,1647.6908030909344,None,,,,,,,,,,,,,ED06,001,2024-01-15_14h36.55.629,rating,2023.2.3,60.03741696289162,2024-01-15 14h37.10.757198 +0800,
neu_121.jpg,0,348,348,217,1647.7184523205387,,,,,,,,,,,,,,,,,,,,,,,1647.6910354469846,,1647.691066237725,1647.691073080112,1647.7184523205387,1648.701777138902,1648.718460303323,1649.70178312599,1649.70178312599,1650.0517914508937,1649.9353554106747,1649.9353633934588,1650.0517914508937,1650.0517914508937,1650.0517914508937,1650.0517914508937,1650.0517914508937,1650.0517914508937,0.11078251815797557,1650.7533570460046,[103.0],[-271.0],[1],[0],[0],[0.7000200710008357],1650.7544538235825,1650.757552284388,None,,,,,,,,,,,,,ED06,001,2024-01-15_14h36.55.629,rating,2023.2.3,60.03741696289162,2024-01-15 14h37.10.757198 +0800,
neu_192.jpg,0,349,349,295,1650.7851427835058,,,,,,,,,,,,,,,,,,,,,,,1650.7577866361344,,1650.7578171417754,1650.7578242692616,1650.7851427835058,1651.768506090294,1651.7851835527272,1652.7684889843276,1652.7684889843276,1653.1184853350542,1653.0020190742935,1653.0020270570785,1653.1184853350542,1653.1184853350542,1653.1184853350542,1653.1184853350542,1653.1184853350542,1653.1184853350542,0.1107237876722138,1654.1701433594062,[76.0],[-322.0],[1],[0],[0],[1.0500882667893165],1654.1712512558634,1654.1743080921487,None,,,,,,,,,,,,,ED06,001,2024-01-15_14h36.55.629,rating,2023.2.3,60.03741696289162,2024-01-15 14h37.10.757198 +0800,
neu_167.jpg,0,350,350,267,1654.2018281717028,,,,,,,,,,,,,,,,,,,,,,,1654.1745182104423,,1654.1745461501878,1654.174552422376,1654.2018281717028,1655.1851689556352,1655.2018635240347,1656.1851749427233,1656.1851749427233,1656.5352106371747,1656.4187093091814,1656.4187170068662,1656.5352106371747,1656.5352106371747,1656.5352106371747,1656.5352106371747,1656.5352106371747,1656.5352106371747,0.11072036647874484,1657.5868033737524,[51.0],[-335.0],[1],[0],[0],[1.0499836352919374],1657.5879394950543,1657.5911482893462,None,,,,,,,,,,,,,ED06,001,2024-01-15_14h36.55.629,rating,2023.2.3,60.03741696289162,2024-01-15 14h37.10.757198 +0800,
neg_128.jpg,0,351,351,32,1657.6185032963194,,,,,,,,,,,,,,,,,,,,,,,1657.5913829261926,,1657.591413716933,1657.5914208444192,1657.6185032963194,1658.6018871302686,1658.6185355125572,1659.6019144998163,1659.6019144998163,1659.9519176929298,1659.8354098076488,1659.8354183606325,1659.9519176929298,1659.9519176929298,1659.9519176929298,1659.9519176929298,1659.9519176929298,1659.9519176929298,0.11055957038934139,1660.6534989685106,[-98.0],[-323.0],[1],[0],[0],[0.7000488660451083],1660.6546279623262,1660.6578014042861,None,,,,,,,,,,,,,ED06,001,2024-01-15_14h36.55.629,rating,2023.2.3,60.03741696289162,2024-01-15 14h37.10.757198 +0800,
neu_119.jpg,0,352,352,214,1660.6852216990328,,,,,,,,,,,,,,,,,,,,,,,1660.658033475237,,1660.6580645510767,1660.6580713934636,1660.6852216990328,1661.6685972650985,1661.6852296818179,1662.6685716061475,1662.6685716061475,1663.01858078635,1662.902122223274,1662.9021302060582,1663.01858078635,1663.01858078635,1663.01858078635,1663.01858078635,1663.01858078635,1663.01858078635,0.11060404590352846,1663.6034745639972,[55.0],[-273.0],[1],[0],[0],[0.5833094800127583],1663.6045833157523,1663.607898167039,None,,,,,,,,,,,,,ED06,001,2024-01-15_14h36.55.629,rating,2023.2.3,60.03741696289162,2024-01-15 14h37.10.757198 +0800,
neg_150.jpg,0,353,353,57,1663.6352508932168,,,,,,,,,,,,,,,,,,,,,,,1663.6081139873213,,1663.608142212166,1663.608148199255,1663.6352508932168,1664.6185942430438,1664.6352551697082,1665.6185945281431,1665.6185945281431,1665.9686071295391,1665.8521271840045,1665.8521351667887,1665.9686071295391,1665.9686071295391,1665.9686071295391,1665.9686071295391,1665.9686071295391,1665.9686071295391,0.11052250746161008,1667.720237043085,[-165.0],[359.0],[1],[0],[0],[1.7500456159114037],1667.7213207060886,1667.724373550982,None,,,,,,,,,,,,,ED06,001,2024-01-15_14h36.55.629,rating,2023.2.3,60.03741696289162,2024-01-15 14h37.10.757198 +0800,
neu_96.jpg,0,354,354,380,1667.751955782216,,,,,,,,,,,,,,,,,,,,,,,1667.724613604718,,1667.7246443954582,1667.7246515229444,1667.751955782216,1668.7352988469438,1668.7519623395037,1669.7353125317177,1669.7353125317177,1670.085380442406,1669.9688808250094,1669.9688888077935,1670.085380442406,1670.085380442406,1670.085380442406,1670.085380442406,1670.085380442406,1670.085380442406,0.11080418571600603,1671.720284369594,[30.0],[-227.0],[1],[0],[0],[1.6332643202595136],1671.7215125780176,1671.7245905116624,None,,,,,,,,,,,,,ED06,001,2024-01-15_14h36.55.629,rating,2023.2.3,60.03741696289162,2024-01-15 14h37.10.757198 +0800,
neu_86.jpg,0,355,355,369,1671.752008810713,,,,,,,,,,,,,,,,,,,,,,,1671.7248220124147,,1671.724852803155,1671.7248599306413,1671.752008810713,1672.735335339673,1672.7520025385256,1673.735343322458,1673.735343322458,1674.0853465155715,1673.968876548518,1673.9688845313021,1674.0853465155715,1674.0853465155715,1674.0853465155715,1674.0853465155715,1674.0853465155715,1674.0853465155715,0.11054959190914815,1675.02029166814,[34.0],[-302.0],[1],[0],[0],[0.9333617102311109],1675.0213770417395,1675.0245045826887,None,,,,,,,,,,,,,ED06,001,2024-01-15_14h36.55.629,rating,2023.2.3,60.03741696289162,2024-01-15 14h37.10.757198 +0800,
neu_170.jpg,0,356,356,271,1675.0520431937066,,,,,,,,,,,,,,,,,,,,,,,1675.0247372238382,,1675.0247677294792,1675.0247748569655,1675.0520431937066,1676.0353680120697,1676.0520480403975,1677.0353509061033,1677.0353509061033,1677.3853971492335,1677.268954551727,1677.2689636749092,1677.3853971492335,1677.3853971492335,1677.3853971492335,1677.3853971492335,1677.3853971492335,1677.3853971492335,0.11068643964335934,1678.5537269910492,[28.0],[-278.0],[1],[0],[0],[1.166685103097734],1678.5548220580304,1678.5579202337358,None,,,,,,,,,,,,,ED06,001,2024-01-15_14h36.55.629,rating,2023.2.3,60.03741696289162,2024-01-15 14h37.10.757198 +0800,
neu_76.jpg,0,357,357,358,1678.5854220669253,,,,,,,,,,,,,,,,,,,,,,,1678.5582652040684,,1678.5582939991127,1678.558300271301,1678.5854220669253,1679.5687714038413,1679.5853869996936,1680.568758289266,1680.568758289266,1680.9187674694685,1680.802275834857,1680.8022838176412,1680.9187674694685,1680.9187674694685,1680.9187674694685,1680.9187674694685,1680.9187674694685,1680.9187674694685,0.11052963494694268,1681.970355074257,[91.0],[-183.0],[1],[0],[0],[1.050015851529679],1681.971499178343,1681.9745868053697,None,,,,,,,,,,,,,ED06,001,2024-01-15_14h36.55.629,rating,2023.2.3,60.03741696289162,2024-01-15 14h37.10.757198 +0800,
neu_114.jpg,0,358,358,209,1682.002089493857,,,,,,,,,,,,,,,,,,,,,,,1681.9748240081108,,1681.9748542286525,1681.9748613561387,1682.002089493857,1682.9854317032868,1683.0020991872389,1683.9854405413698,1683.9854405413698,1684.3354539980637,1684.2189731972303,1684.218980894916,1684.3354539980637,1684.3354539980637,1684.3354539980637,1684.3354539980637,1684.3354539980637,1684.3354539980637,0.11065564890304813,1685.2703737767806,[101.0],[-296.0],[1],[0],[0],[0.9333180900166553],1685.271520161663,1685.2746696552695,None,,,,,,,,,,,,,ED06,001,2024-01-15_14h36.55.629,rating,2023.2.3,60.03741696289162,2024-01-15 14h37.10.757198 +0800,
neu_74.jpg,0,359,359,356,1685.3021227364534,,,,,,,,,,,,,,,,,,,,,,,1685.2749011560209,,1685.274931946762,1685.274938789148,1685.3021227364534,1686.2854589587942,1686.302147825204,1687.28547150317,1687.28547150317,1687.6354781174769,1687.5190035888318,1687.5190115716168,1687.6354781174769,1687.6354781174769,1687.6354781174769,1687.6354781174769,1687.6354781174769,1687.6354781174769,0.11060319060470647,1688.4538315655263,[82.0],[-299.0],[1],[0],[0],[0.8167249600010109],1688.454938891784,1699.4027263490052,space,1688.4687442623735,1688.4687442623735,10.931517116800933,None,,,,,,,,,ED06,001,2024-01-15_14h36.55.629,rating,2023.2.3,60.03741696289162,2024-01-15 14h37.10.757198 +0800,
neu_75.jpg,0,360,360,357,1699.4189211380717,,,,,,,,,,,,,,,,,,,,,,,1699.4031243478348,1699.4189211380717,1700.4024671936068,1700.4024746061923,1700.4356405101225,1701.4022741812796,1701.4356043024927,1702.4022810236665,1702.4022810236665,1702.752289063471,1702.6358838139922,1702.6358929371745,1702.752289063471,1702.752289063471,1702.752289063471,1702.752289063471,1702.752289063471,1702.752289063471,0.09938509751009406,1704.153938021661,[71.0],[-100.0],[1],[0],[0],[1.4000139128529554],1704.1550353694374,1704.1581617699885,None,,,,,1700.4356405101225,,,,,,,,ED06,001,2024-01-15_14h36.55.629,rating,2023.2.3,60.03741696289162,2024-01-15 14h37.10.757198 +0800,
neu_190.jpg,0,361,361,293,1704.1856345230344,,,,,,,,,,,,,,,,,,,,,,,1704.1583932707408,,1704.1584246316797,1704.1584320442653,1704.1856345230344,1705.1689733112707,1705.1856402250232,1706.1689850003477,1706.1689850003477,1706.5189907593567,1706.4025270644906,1706.4025370429717,1706.5189907593567,1706.5189907593567,1706.5189907593567,1706.5189907593567,1706.5189907593567,1706.5189907593567,0.11062457306343276,1707.2206701091472,[35.0],[-290.0],[1],[0],[0],[0.7000366067686628],1707.2218447188752,1707.2249349117956,None,,,,,,,,,,,,,ED06,001,2024-01-15_14h36.55.629,rating,2023.2.3,60.03741696289162,2024-01-15 14h37.10.757198 +0800,
neu_161.jpg,0,362,362,261,1707.2523583426373,,,,,,,,,,,,,,,,,,,,,,,1707.2251433194924,,1707.2251709741395,1707.225177246327,1707.2523583426373,1708.2356785994089,1708.2523429472667,1709.2357302024093,1709.2357302024093,1709.585710017368,1709.4692811046352,1709.4692905129168,1709.585710017368,1709.585710017368,1709.585710017368,1709.585710017368,1709.585710017368,1709.585710017368,0.11060575649935345,1710.7540338720955,[33.0],[-339.0],[1],[0],[0],[1.1666688524292113],1710.7551457599438,1710.7583109340203,None,,,,,,,,,,,,,ED06,001,2024-01-15_14h36.55.629,rating,2023.2.3,60.03741696289162,2024-01-15 14h37.10.757198 +0800,
neu_126.jpg,0,363,363,222,1710.78569872743,,,,,,,,,,,,,,,,,,,,,,,1710.758546711264,,1710.7585775020043,1710.7585846294905,1710.78569872743,1711.7690557620308,1711.785695876436,1712.7690423623571,1712.7690423623571,1713.119055819051,1713.0025944049803,1713.0026023877654,1713.119055819051,1713.119055819051,1713.119055819051,1713.119055819051,1713.119055819051,1713.119055819051,0.11053847303082875,1713.5874950250145,[26.0],[-331.0],[1],[0],[0],[0.4668283940800393],1713.5885989300787,1713.5917601127621,None,,,,,,,,,,,,,ED06,001,2024-01-15_14h36.55.629,rating,2023.2.3,60.03741696289162,2024-01-15 14h37.10.757198 +0800,
neu_125.jpg,0,364,364,221,1713.6190800525037,,,,,,,,,,,,,,,,,,,,,,,1713.59199417941,,1713.5920261105475,1713.5920332380338,1713.6190800525037,1714.6023988837787,1714.6190632316366,1715.6023829182095,1715.6023829182095,1715.9524277358432,1715.8359400926229,1715.8359506413026,1715.9524277358432,1715.9524277358432,1715.9524277358432,1715.9524277358432,1715.9524277358432,1715.9524277358432,0.11045607928917889,1716.887384862588,[26.0],[-325.0],[1],[0],[0],[0.9333397575746858],1716.8884790742704,1716.8915638503022,None,,,,,,,,,,,,,ED06,001,2024-01-15_14h36.55.629,rating,2023.2.3,60.03741696289162,2024-01-15 14h37.10.757198 +0800,
neg_31.jpg,0,365,365,117,1716.9190947636353,,,,,,,,,,,,,,,,,,,,,,,1716.8917933553585,,1716.8918235759002,1716.8918307033864,1716.9190947636353,1717.9024167310045,1717.9191195672875,1718.902439824059,1718.902439824059,1719.252478084405,1719.1359727650197,1719.1359807478048,1719.252478084405,1719.252478084405,1719.252478084405,1719.252478084405,1719.252478084405,1719.252478084405,0.11071067309694627,1721.1207789601167,[-105.0],[-32.0],[1],[0],[0],[1.86659769160633],1721.121909664529,1721.1250503200527,None,,,,,,,,,,,,,ED06,001,2024-01-15_14h36.55.629,rating,2023.2.3,60.03741696289162,2024-01-15 14h37.10.757198 +0800,
neu_28.jpg,0,366,366,305,1721.152477172087,,,,,,,,,,,,,,,,,,,,,,,1721.1252832463024,,1721.125314322142,1721.1253214496282,1721.152477172087,1722.1358017053508,1722.152466338308,1723.1358111136324,1723.1358111136324,1723.4858143067468,1723.3693802622229,1723.369388245008,1723.4858143067468,1723.4858143067468,1723.4858143067468,1723.4858143067468,1723.4858143067468,1723.4858143067468,0.11055842999212473,1724.6541621098268,[27.0],[-262.0],[1],[0],[0],[1.1667130428440942],1724.65527684867,1724.6583921303427,None,,,,,,,,,,,,,ED06,001,2024-01-15_14h36.55.629,rating,2023.2.3,60.03741696289162,2024-01-15 14h37.10.757198 +0800,
neu_116.jpg,0,367,367,211,1724.6858452115266,,,,,,,,,,,,,,,,,,,,,,,1724.6586250565924,,1724.6586569877309,1724.658664115217,1724.6858452115266,1725.6691668937956,1725.6858500582175,1726.6691745914814,1726.6691745914814,1727.0191826312857,1726.9027129493306,1726.9027209321157,1727.0191826312857,1727.0191826312857,1727.0191826312857,1727.0191826312857,1727.0191826312857,1727.0191826312857,0.11058380384201882,1727.604216962961,[82.0],[-299.0],[1],[0],[0],[0.5833833207698262],1727.6053744667215,1727.6085128414497,None,,,,,,,,,,,,,ED06,001,2024-01-15_14h36.55.629,rating,2023.2.3,60.03741696289162,2024-01-15 14h37.10.757198 +0800,
neu_79.jpg,0,368,368,361,1727.6358812480967,,,,,,,,,,,,,,,,,,,,,,,1727.608747193196,,1727.608778554135,1727.6087856816212,1727.6358812480967,1728.6191977985764,1728.6359242981134,1729.6191818330071,1729.6191818330071,1729.9692511691928,1729.8527618153767,1729.8527697981608,1729.9692511691928,1729.9692511691928,1729.9692511691928,1729.9692511691928,1729.9692511691928,1729.9692511691928,0.11053191574228549,1730.787536478474,[57.0],[-340.0],[1],[0],[0],[0.8166305920831292],1730.7886688934832,1730.791770490382,None,,,,,,,,,,,,,ED06,001,2024-01-15_14h36.55.629,rating,2023.2.3,60.03741696289162,2024-01-15 14h37.10.757198 +0800,
neg_94.jpg,0,369,369,186,1730.8192178695772,,,,,,,,,,,,,,,,,,,,,,,1730.7920048421292,,1730.792035062671,1730.792041905057,1730.8192178695772,1731.8025606492056,1731.8192674768816,1732.802566921394,1732.802566921394,1733.1525019757391,1733.036104138846,1733.0361121216301,1733.1525019757391,1733.1525019757391,1733.1525019757391,1733.1525019757391,1733.1525019757391,1733.1525019757391,0.11052364785882673,1734.5542735266918,[-172.0],[189.0],[1],[0],[0],[1.4001282377321331],1734.555392256927,1734.558387796831,None,,,,,,,,,,,,,ED06,001,2024-01-15_14h36.55.629,rating,2023.2.3,60.03741696289162,2024-01-15 14h37.10.757198 +0800,
neg_97.jpg,0,370,370,189,1734.5860096568886,,,,,,,,,,,,,,,,,,,,,,,1734.5587247843796,,1734.5587561453185,1734.558763557904,1734.5860096568886,1735.5692996931193,1735.5859161442695,1736.569302259014,1736.569302259014,1736.9192330368678,1736.8028200897033,1736.8028280724884,1736.9192330368678,1736.9192330368678,1736.9192330368678,1736.9192330368678,1736.9192330368678,1736.9192330368678,0.11053191574228549,1737.97099455232,[27.0],[-323.0],[1],[0],[0],[1.050102806861105],1737.972100167981,1737.975202905277,None,,,,,,,,,,,,,ED06,001,2024-01-15_14h36.55.629,rating,2023.2.3,60.03741696289162,2024-01-15 14h37.10.757198 +0800,
neu_131.jpg,0,371,371,228,1738.0026180682344,,,,,,,,,,,,,,,,,,,,,,,1737.97543412093,,1737.9754649116703,1737.9754720391566,1738.0026180682344,1738.985961988261,1739.0026417314884,1739.9859668349518,1739.9859668349518,1740.3359013190984,1740.219501201409,1740.2195088990939,1740.3359013190984,1740.3359013190984,1740.3359013190984,1740.3359013190984,1740.3359013190984,1740.3359013190984,0.11051480977585015,1742.0876880373416,[39.0],[-330.0],[1],[0],[0],[1.7500915169221116],1742.0888153205606,1742.0918601826688,None,,,,,,,,,,,,,ED06,001,2024-01-15_14h36.55.629,rating,2023.2.3,60.03741696289162,2024-01-15 14h37.10.757198 +0800,
neg_169.jpg,0,372,372,77,1742.1193226721343,,,,,,,,,,,,,,,,,,,,,,,1742.0920922536197,,1742.0921261804542,1742.0921330228412,1742.1193226721343,1743.1026771408406,1743.1193317953166,1744.1026856938233,1744.1026856938233,1744.469361502679,1744.3363962517406,1744.3364068004203,1744.469361502679,1744.469361502679,1744.469361502679,1744.469361502679,1744.469361502679,1744.469361502679,0.12732341795526736,1746.1050303516877,[-265.0],[391.0],[1],[0],[0],[1.6338955304390765],1746.1061921319397,1746.1092806142642,None,,,,,,,,,,,,,ED06,001,2024-01-15_14h36.55.629,rating,2023.2.3,60.03741696289162,2024-01-15 14h37.10.757198 +0800,
neg_84.jpg,0,373,373,175,1746.1360334912024,,,,,,,,,,,,,,,,,,,,,,,1746.109511544817,,1746.109540054762,1746.1095463269494,1746.1360334912024,1747.1193893854052,1747.1360349166998,1748.11937655593,1748.11937655593,1748.4860743174431,1748.3529243220619,1748.3529325899462,1748.4860743174431,1748.4860743174431,1748.4860743174431,1748.4860743174431,1748.4860743174431,1748.4860743174431,0.12659356336644123,1750.2377698038626,[-242.0],[-246.0],[1],[0],[0],[1.7500125443757497],1750.2388893893967,1750.2419955478872,None,,,,,,,,,,,,,ED06,001,2024-01-15_14h36.55.629,rating,2023.2.3,60.03741696289162,2024-01-15 14h37.10.757198 +0800,
neg_133.jpg,0,374,374,38,1750.269399306866,,,,,,,,,,,,,,,,,,,,,,,1750.2422259082414,,1750.242256984081,1750.2422641115672,1750.269399306866,1751.2527614732571,1751.269402157861,1752.2527503543788,1752.2527503543788,1752.6194253079357,1752.4863001162066,1752.4863080989908,1752.6194253079357,1752.6194253079357,1752.6194253079357,1752.6194253079357,1752.6194253079357,1752.6194253079357,0.12722619904252497,1753.0878576715131,[-128.0],[-240.0],[1],[0],[0],[0.4665803575608152],1753.0889852398313,1753.0922077188961,None,,,,,,,,,,,,,ED06,001,2024-01-15_14h36.55.629,rating,2023.2.3,60.03741696289162,2024-01-15 14h37.10.757198 +0800,
neu_30.jpg,0,375,375,308,1753.1194287291291,,,,,,,,,,,,,,,,,,,,,,,1753.0924375090517,,1753.0924677295934,1753.0924745719803,1753.1194287291291,1754.1027803468405,1754.1194350013175,1755.1027888998242,1755.1027888998242,1755.4694493133093,1755.3363463593369,1755.336354342122,1755.4694493133093,1755.4694493133093,1755.4694493133093,1755.4694493133093,1755.4694493133093,1755.4694493133093,0.1270394589046191,1756.1711999379622,[109.0],[-192.0],[1],[0],[0],[0.7000750951938244],1756.172336914563,1756.1754616045173,None,,,,,,,,,,,,,ED06,001,2024-01-15_14h36.55.629,rating,2023.2.3,60.03741696289162,2024-01-15 14h37.10.757198 +0800,
neu_165.jpg,0,376,376,265,1756.202805207513,,,,,,,,,,,,,,,,,,,,,,,1756.1756891138766,,1756.175717053623,1756.1757233258104,1756.202805207513,1757.1861425702518,1757.202839704546,1758.186140859655,1758.186140859655,1758.5528141026152,1758.419672945317,1758.4196809281011,1758.5528141026152,1758.5528141026152,1758.5528141026152,1758.5528141026152,1758.5528141026152,1758.5528141026152,0.12718742551714968,1759.3712148771738,[67.0],[-280.0],[1],[0],[0],[0.8166619530220487],1759.3723490027787,1759.3754277917224,None,,,,,,,,,,,,,ED06,001,2024-01-15_14h36.55.629,rating,2023.2.3,60.03741696289162,2024-01-15 14h37.10.757198 +0800,
neg_168.jpg,0,377,377,76,1759.4028221424196,,,,,,,,,,,,,,,,,,,,,,,1759.3756601477726,,1759.3756906534136,1759.3756974958005,1759.4028221424196,1760.3861623561534,1760.4028292699059,1761.3861706240368,1761.3861706240368,1761.7528438669979,1761.6197044202963,1761.6197126881798,1761.7528438669979,1761.7528438669979,1761.7528438669979,1761.7528438669979,1761.7528438669979,1761.7528438669979,0.12721080367191462,1763.6213571417984,[-211.0],[20.0],[1],[0],[0],[1.8667596280938596],1763.622486990912,1763.6256361994192,None,,,,,,,,,,,,,ED06,001,2024-01-15_14h36.55.629,rating,2023.2.3,60.03741696289162,2024-01-15 14h37.10.757198 +0800,
neg_42.jpg,0,378,378,129,1763.6528583500494,,,,,,,,,,,,,,,,,,,,,,,1763.6258668448727,,1763.6258979207123,1763.6259050481985,1763.6528583500494,1764.636233916115,1764.6528683285305,1765.6362256482307,1765.6362256482307,1766.0028849213186,1765.869780826948,1765.8697890948324,1766.0028849213186,1766.0028849213186,1766.0028849213186,1766.0028849213186,1766.0028849213186,1766.0028849213186,0.12704459069391305,1767.5212883758113,[-147.0],[-167.0],[1],[0],[0],[1.5166697647473484],1767.522429343804,1767.525524098316,None,,,,,,,,,,,,,ED06,001,2024-01-15_14h36.55.629,rating,2023.2.3,60.03741696289162,2024-01-15 14h37.10.757198 +0800,
neg_139.jpg,0,379,379,44,1767.5528990622506,,,,,,,,,,,,,,,,,,,,,,,1767.525755313969,,1767.52578581961,1767.525792661996,1767.5528990622506,1768.5362563819508,1768.5529039089415,1769.5362472587685,1769.5362472587685,1769.9029598454536,1769.769967795166,1769.7699903180228,1769.9029598454536,1769.9029598454536,1769.9029598454536,1769.9029598454536,1769.9029598454536,1769.9029598454536,0.12723133083272842,1771.5380006203768,[-203.0],[313.0],[1],[0],[0],[1.6333504202930271],1771.5391264780983,1771.5421938630634,None,,,,,,,,,,,,,ED06,001,2024-01-15_14h36.55.629,rating,2023.2.3,60.03741696289162,2024-01-15 14h37.10.757198 +0800,
neu_158.jpg,0,380,380,257,1771.5696041793299,,,,,,,,,,,,,,,,,,,,,,,1771.5424062621523,,1771.5424490270698,1771.5424555843574,1771.5696041793299,1772.5529629245275,1772.5696261319872,1773.5529774645993,1773.5529774645993,1773.9196478565655,1773.7864870274052,1773.7864952952887,1773.9196478565655,1773.9196478565655,1773.9196478565655,1773.9196478565655,1773.9196478565655,1773.9196478565655,0.12725641958422784,1776.8380811894804,[6.0],[-296.0],[1],[0],[0],[2.9167193150315143],1776.8392309955561,1776.8423391497427,None,,,,,,,,,,,,,ED06,001,2024-01-15_14h36.55.629,rating,2023.2.3,60.03741696289162,2024-01-15 14h37.10.757198 +0800,
neg_88.jpg,0,381,381,179,1776.8696511066992,,,,,,,,,,,,,,,,,,,,,,,1776.8425715057929,,1776.8426020114339,1776.8426091389201,1776.8696511066992,1777.8529936012283,1777.869674484854,1778.8530452042278,1778.8530452042278,1779.2197190173874,1779.0867928250736,1779.0868130671342,1779.2197190173874,1779.2197190173874,1779.2197190173874,1779.2197190173874,1779.2197190173874,1779.2197190173874,0.12724872189937741,1781.438141687583,[-161.0],[-42.0],[1],[0],[0],[2.2164358121399346],1781.439299476443,1781.4424230260001,None,,,,,,,,,,,,,ED06,001,2024-01-15_14h36.55.629,rating,2023.2.3,60.03741696289162,2024-01-15 14h37.10.757198 +0800,
neg_50.jpg,0,382,382,138,1781.469699915725,,,,,,,,,,,,,,,,,,,,,,,1781.4426331442937,,1781.4426605138406,1781.4426670711282,1781.469699915725,1782.4530369933636,1782.4697002008243,1783.4530441208499,1783.4530441208499,1783.8197338995788,1783.686634651899,1783.6866426346842,1783.8197338995788,1783.8197338995788,1783.8197338995788,1783.8197338995788,1783.8197338995788,1783.8197338995788,0.12713069072742655,1784.7548255932634,[52.0],[-248.0],[1],[0],[0],[0.9333195155131762],1784.7559973519965,1784.7590627412656,None,,,,,,,,,,,,,ED06,001,2024-01-15_14h36.55.629,rating,2023.2.3,60.03741696289162,2024-01-15 14h37.10.757198 +0800,
neu_98.jpg,0,383,383,382,1784.7864191737362,,,,,,,,,,,,,,,,,,,,,,,1784.7592968079125,,1784.7593278837521,1784.7593350112384,1784.7864191737362,1785.7697659447567,1785.7864151823442,1786.7697488387903,1786.7697488387903,1787.1364172350595,1787.0033248297668,1787.0033342380493,1787.1364172350595,1787.1364172350595,1787.1364172350595,1787.1364172350595,1787.1364172350595,1787.1364172350595,0.12714722649525356,1788.1881912948875,[18.0],[-316.0],[1],[0],[0],[1.0500380892863177],1788.189353645339,1788.1924635101213,None,,,,,,,,,,,,,ED06,001,2024-01-15_14h36.55.629,rating,2023.2.3,60.03741696289162,2024-01-15 14h37.10.757198 +0800,
,,,,,,,,,,,,,,,,,,,,,,,,,,,,,,,,,,,,,,,,,,,,,,,,,,,,,,,,,,,,,,1788.1925749840057,1788.2197537995207,1788.2197537995207,2157.67377010949,space,369.43988079421797,None,ED06,001,2024-01-15_14h36.55.629,rating,2023.2.3,60.03741696289162,2024-01-15 14h37.10.757198 +0800,
