stimulus_filename,trials.thisRepN,trials.thisTrialN,trials.thisN,trials.thisIndex,thisRow.t,notes,welcome.started,welcome_image.started,welcome_key_resp.started,welcome.stopped,welcome_key_resp.keys,welcome_key_resp.rt,welcome_key_resp.duration,instruction.started,instruction_image.started,instruction_key_resp.started,instruction.stopped,instruction_key_resp.keys,instruction_key_resp.rt,instruction_key_resp.duration,start.started,start_image.started,key_resp.started,start.stopped,key_resp.keys,key_resp.rt,key_resp.duration,block_info.started,block_text.started,block_info.stopped,img_presentation.started,ISI_text.started,stimulus_image.started,ISI_text.stopped,stimulus_image.stopped,text.started,text.stopped,img_presentation.stopped,evaluation.started,horizontal_polygon.started,vertical_polygon.started,ha_text.started,la_text.started,negative_text.started,positive_text.started,mouse.started,evaluation.stopped,mouse.x,mouse.y,mouse.leftButton,mouse.midButton,mouse.rightButton,mouse.time,rest.started,rest.stopped,key_resp_2.keys,rest_image.started,key_resp_2.started,key_resp_2.rt,key_resp_2.duration,block_text.stopped,end.started,end_image.started,key_resp_3.started,end.stopped,key_resp_3.keys,key_resp_3.rt,key_resp_3.duration,participant,session,date,expName,psychopyVersion,frameRate,expStart,
,,,,,,,0.02427678823005408,0.05763114289584337,0.05763114289584337,6.891311537290676,space,6.8260015258510975,None,,,,,,,,,,,,,,,,,,,,,,,,,,,,,,,,,,,,,,,,,,,,,,,,,,,,,,,,ED12,001,2024-01-19_16h42.43.079,rating,2023.2.3,60.041013913673886,2024-01-19 16h42.56.506389 +0800,
,,,,,,,,,,,,,,6.8913317793521855,6.924242519276959,6.924242519276959,8.50802469417431,space,1.5724497569244704,None,,,,,,,,,,,,,,,,,,,,,,,,,,,,,,,,,,,,,,,,,,,,,,,,,ED12,001,2024-01-19_16h42.43.079,rating,2023.2.3,60.041013913673886,2024-01-19 16h42.56.506389 +0800,
,,,,,,,,,,,,,,,,,,,,,8.508043795836784,8.540928306612841,8.540928306612841,12.058070766244782,return,3.514912696848114,None,,,,,,,,,,,,,,,,,,,,,,,,,,,,,,,,,,,,,,,,,,ED12,001,2024-01-19_16h42.43.079,rating,2023.2.3,60.041013913673886,2024-01-19 16h42.56.506389 +0800,
neg_156.jpg,0,0,0,63,12.090999467434813,,,,,,,,,,,,,,,,,,,,,,,12.078744467646175,12.090999467434813,13.07434965964967,13.074358782831041,13.107636160646507,14.057665639929837,14.107643003033445,15.057653095553178,15.057653095553178,15.3076587975429,15.291223669641113,15.291232792824303,15.3076587975429,15.3076587975429,15.3076587975429,15.3076587975429,15.3076587975429,15.3076587975429,-0.0003729100790224038,17.15807167856292,[-310.0],[259.0],[1],[0],[0],[1.8501169477931398],17.159389693313642,17.163604888657574,None,,,,,,,,,,,,,ED12,001,2024-01-19_16h42.43.079,rating,2023.2.3,60.041013913673886,2024-01-19 16h42.56.506389 +0800,
neg_14.jpg,0,1,1,45,17.19101149863127,,,,,,,,,,,,,,,,,,,,,,,17.163995760001853,,17.16402911663681,17.164036244123054,17.19101149863127,18.17435000176738,18.191015204924042,19.174377086215827,19.174377086215827,19.424358269652657,19.407894916905207,19.407903184788665,19.424358269652657,19.424358269652657,19.424358269652657,19.424358269652657,19.424358269652657,19.424358269652657,0.010375909325375687,21.941529239229567,[105.0],[-110.0],[1],[0],[0],[2.5168821638362715],21.94193921223632,21.94521471979897,None,,,,,,,,,,,,,ED12,001,2024-01-19_16h42.43.079,rating,2023.2.3,60.041013913673886,2024-01-19 16h42.56.506389 +0800,
neg_152.jpg,0,2,2,59,21.974386095358568,,,,,,,,,,,,,,,,,,,,,,,21.945445935451062,,21.94547644109298,21.945483283479916,21.974386095358568,22.957742559759936,22.974392367546898,23.95777905248906,23.95777905248906,24.2077707846056,24.191273505024583,24.191281487808737,24.2077707846056,24.2077707846056,24.2077707846056,24.2077707846056,24.2077707846056,24.2077707846056,0.012345376313533052,25.75812875547308,[-317.0],[208.0],[1],[0],[0],[1.550064603534338],25.75853559238567,25.76184673737953,None,,,,,,,,,,,,,ED12,001,2024-01-19_16h42.43.079,rating,2023.2.3,60.041013913673886,2024-01-19 16h42.56.506389 +0800,
neu_68.jpg,0,3,3,349,25.791101076878476,,,,,,,,,,,,,,,,,,,,,,,25.76207795303162,,25.762108743772842,25.76211558615978,25.791101076878476,26.77442874623557,26.79109508978945,27.77443900981598,27.77443900981598,28.024440720411803,28.00799133753935,28.00799960542281,28.024440720411803,28.024440720411803,28.024440720411803,28.024440720411803,28.024440720411803,28.024440720411803,0.012381869042656035,28.95806871352943,[191.0],[-75.0],[1],[0],[0],[0.9333326300875342],28.958460725270925,28.961726539451774,None,,,,,,,,,,,,,ED12,001,2024-01-19_16h42.43.079,rating,2023.2.3,60.041013913673886,2024-01-19 16h42.56.506389 +0800,
neg_70.jpg,0,4,4,160,28.99111972238279,,,,,,,,,,,,,,,,,,,,,,,28.96193494714862,,28.961962601795676,28.96196915908331,28.99111972238279,29.974459936114727,29.991150513122193,30.974470484794438,30.974470484794438,31.22450412653052,31.20801026814297,31.208018250927125,31.22450412653052,31.22450412653052,31.22450412653052,31.22450412653052,31.22450412653052,31.22450412653052,0.012588566143676871,32.77491370039752,[305.0],[-96.0],[1],[0],[0],[1.5500914028834814],32.775308563133876,32.778610584944545,None,,,,,,,,,,,,,ED12,001,2024-01-19_16h42.43.079,rating,2023.2.3,60.041013913673886,2024-01-19 16h42.56.506389 +0800,
neg_74.jpg,0,5,5,164,32.80782301482395,,,,,,,,,,,,,,,,,,,,,,,32.778841515497334,,32.77887259133786,32.778880003923405,32.80782301482395,33.79121084016515,33.807834989002004,34.791193163999196,34.791193163999196,35.041200861685866,35.02473095165078,35.02473921953606,35.041200861685866,35.041200861685866,35.041200861685866,35.041200861685866,35.041200861685866,35.041200861685866,0.01237673725336208,36.54150620319524,[-127.0],[-106.0],[1],[0],[0],[1.5000171059673448],36.541907908316716,36.545189973167,None,,,,,,,,,,,,,ED12,001,2024-01-19_16h42.43.079,rating,2023.2.3,60.041013913673886,2024-01-19 16h42.56.506389 +0800,
neu_16.jpg,0,6,6,259,36.57452499580904,,,,,,,,,,,,,,,,,,,,,,,36.54542318451604,,36.54545311995753,36.54546024744377,36.57452499580904,37.55786492444349,37.57452499580904,38.55789172379082,38.55789172379082,38.80787661352042,38.79141097997854,38.791419247861995,38.80787661352042,38.80787661352042,38.80787661352042,38.80787661352042,38.80787661352042,38.80787661352042,0.012472245569369989,41.024961597104266,[-124.0],[-151.0],[1],[0],[0],[2.2168135689080373],41.025395233366,41.028668460132394,None,,,,,,,,,,,,,ED12,001,2024-01-19_16h42.43.079,rating,2023.2.3,60.041013913673886,2024-01-19 16h42.56.506389 +0800,
neu_181.jpg,0,7,7,283,41.057898566177755,,,,,,,,,,,,,,,,,,,,,,,41.02887886352619,,41.02890680327255,41.02891336055836,41.057898566177755,42.041267860055086,42.057905693664,43.041244767000535,43.041244767000535,43.29125617097816,43.27482417917054,43.274832447053996,43.29125617097816,43.29125617097816,43.29125617097816,43.29125617097816,43.29125617097816,43.29125617097816,0.012401255804434186,44.35835888774818,[72.0],[33.0],[1],[0],[0],[1.066789392476494],44.35876857565563,44.362057767992155,None,,,,,,,,,,,,,ED12,001,2024-01-19_16h42.43.079,rating,2023.2.3,60.041013913673886,2024-01-19 16h42.56.506389 +0800,
neg_91.jpg,0,8,8,183,44.39128046145197,,,,,,,,,,,,,,,,,,,,,,,44.36239960223065,,44.362427541975194,44.36243381416352,44.39128046145197,45.37464063214611,45.39130555020347,46.37461354769766,46.37461354769766,46.62461953478669,46.60820807013988,46.608216052924035,46.62461953478669,46.62461953478669,46.62461953478669,46.62461953478669,46.62461953478669,46.62461953478669,0.012240744817972882,48.35837884470857,[-53.0],[38.0],[1],[0],[0],[1.7334693637840246],48.358779979633255,48.36202327095816,None,,,,,,,,,,,,,ED12,001,2024-01-19_16h42.43.079,rating,2023.2.3,60.041013913673886,2024-01-19 16h42.56.506389 +0800,
neu_121.jpg,0,9,9,217,48.39129927801514,,,,,,,,,,,,,,,,,,,,,,,48.36225961840137,,48.36228983894216,48.36229725152771,48.39129927801514,49.374668856991775,49.39130925649624,50.37467313348316,50.37467313348316,50.62465403182068,50.60822973769791,50.60823800558137,50.62465403182068,50.62465403182068,50.62465403182068,50.62465403182068,50.62465403182068,50.62465403182068,0.012412089585268404,52.575117717562534,[100.0],[-39.0],[1],[0],[0],[1.9501731694053888],52.5754980402271,52.578803198131936,None,,,,,,,,,,,,,ED12,001,2024-01-19_16h42.43.079,rating,2023.2.3,60.041013913673886,2024-01-19 16h42.56.506389 +0800,
neg_186.jpg,0,10,10,96,52.608040146564235,,,,,,,,,,,,,,,,,,,,,,,52.57903099259056,,52.579059217436225,52.579065489624554,52.608040146564235,53.591349284457465,53.6080432826584,54.59135812254135,54.59135812254135,54.841359833137176,54.82496661485493,54.824974597639084,54.841359833137176,54.841359833137176,54.841359833137176,54.841359833137176,54.841359833137176,54.841359833137176,0.012349082608125173,55.741657419941475,[-255.0],[228.0],[1],[0],[0],[0.9000213254385017],55.74206254625824,55.74537739754487,None,,,,,,,,,,,,,ED12,001,2024-01-19_16h42.43.079,rating,2023.2.3,60.041013913673886,2024-01-19 16h42.56.506389 +0800,
neu_42.jpg,0,11,11,321,55.774703297005544,,,,,,,,,,,,,,,,,,,,,,,55.74560775789905,,55.745637978439845,55.74564510592609,55.774703297005544,56.758046646831644,56.7747112797897,57.75805320411928,57.75805320411928,58.008055770014835,57.99161237422959,57.991620357013744,58.008055770014835,58.008055770014835,58.008055770014835,58.008055770014835,58.008055770014835,58.008055770014835,0.012462267088267254,59.008497674160026,[222.0],[-138.0],[1],[0],[0],[1.000132286144435],59.008909357762604,59.012216511364386,None,,,,,,,,,,,,,ED12,001,2024-01-19_16h42.43.079,rating,2023.2.3,60.041013913673886,2024-01-19 16h42.56.506389 +0800,
neg_173.jpg,0,12,12,82,59.04140214189647,,,,,,,,,,,,,,,,,,,,,,,59.01244088462954,,59.01247110517215,59.012478232658395,59.04140214189647,60.02474292582883,60.041455455491814,61.02475404470715,61.02475404470715,61.274775142066574,61.2583003853415,61.25830808302635,61.274775142066574,61.274775142066574,61.274775142066574,61.274775142066574,61.274775142066574,61.274775142066574,0.012350508104645996,62.075115721867405,[-290.0],[116.0],[1],[0],[0],[0.8000178472248081],62.075530256464845,62.07884368225314,None,,,,,,,,,,,,,ED12,001,2024-01-19_16h42.43.079,rating,2023.2.3,60.041013913673886,2024-01-19 16h42.56.506389 +0800,
neg_25.jpg,0,13,13,110,62.108104293940414,,,,,,,,,,,,,,,,,,,,,,,62.07907404260732,,62.079105403547146,62.07911253103339,62.108104293940414,63.09146161364151,63.10810628963736,64.09146104344109,64.09146104344109,64.34146389443595,64.32498343572297,64.32499141850712,64.34146389443595,64.34146389443595,64.34146389443595,64.34146389443595,64.34146389443595,64.34146389443595,0.012405247198330471,64.6917621654793,[-259.0],[-155.0],[1],[0],[0],[0.3500194437820028],64.69216814709398,64.69550808713211,None,,,,,,,,,,,,,ED12,001,2024-01-19_16h42.43.079,rating,2023.2.3,60.041013913673886,2024-01-19 16h42.56.506389 +0800,
neu_118.jpg,0,14,14,213,64.72478837068047,,,,,,,,,,,,,,,,,,,,,,,64.69571506933062,,64.69574243887837,64.6957487110667,64.72478837068047,65.70813143540727,65.7247949279681,66.70816650263987,66.70816650263987,66.95814283938671,66.94167064855537,66.94167891644065,66.95814283938671,66.95814283938671,66.95814283938671,66.95814283938671,66.95814283938671,66.95814283938671,0.012445446220226586,68.55849784521888,[-40.0],[23.0],[1],[0],[0],[1.6000348391535226],68.55888871656316,68.56217220690996,None,,,,,,,,,,,,,ED12,001,2024-01-19_16h42.43.079,rating,2023.2.3,60.041013913673886,2024-01-19 16h42.56.506389 +0800,
neu_82.jpg,0,15,15,365,68.59149297457952,,,,,,,,,,,,,,,,,,,,,,,68.56240085666832,,68.56243136230842,68.56243820469535,68.59149297457952,69.57483375851189,69.59150038716507,70.57485884726339,70.57485884726339,70.82485257507506,70.80837724815319,70.80838551603665,70.82485257507506,70.82485257507506,70.82485257507506,70.82485257507506,70.82485257507506,70.82485257507506,0.012470249872421846,72.57518557123149,[25.0],[32.0],[1],[0],[0],[1.7500459010116174],72.57560780351378,72.57887475809366,None,,,,,,,,,,,,,ED12,001,2024-01-19_16h42.43.079,rating,2023.2.3,60.041013913673886,2024-01-19 16h42.56.506389 +0800,
neg_138.jpg,0,16,16,43,72.6082191890182,,,,,,,,,,,,,,,,,,,,,,,72.57910711414479,,72.57913790488419,72.57914531746974,72.6082191890182,73.59157052163027,73.60820436384711,74.5915420116853,74.5915420116853,74.84155084976737,74.82508265032993,74.82509091821521,74.84155084976737,74.84155084976737,74.84155084976737,74.84155084976737,74.84155084976737,74.84155084976737,0.012487640939070843,75.54189393844354,[-238.0],[139.0],[1],[0],[0],[0.7000075266241765],75.54230647734585,75.54554064548938,None,,,,,,,,,,,,,ED12,001,2024-01-19_16h42.43.079,rating,2023.2.3,60.041013913673886,2024-01-19 16h42.56.506389 +0800,
neg_102.jpg,0,17,17,4,75.57489362939668,,,,,,,,,,,,,,,,,,,,,,,75.54577955882633,,75.54580692837408,75.54581320056059,75.57489362939668,76.55825322989222,76.57490132708153,77.5582329878307,77.5582329878307,77.80828516103065,77.79184290564262,77.79185060332748,77.80828516103065,77.80828516103065,77.80828516103065,77.80828516103065,77.80828516103065,77.80828516103065,0.012528695258879452,78.37522594131406,[-233.0],[-104.0],[1],[0],[0],[0.566648553349296],78.37563848021455,78.37890115830305,None,,,,,,,,,,,,,ED12,001,2024-01-19_16h42.43.079,rating,2023.2.3,60.041013913673886,2024-01-19 16h42.56.506389 +0800,
neu_137.jpg,0,18,18,234,78.40825129121549,,,,,,,,,,,,,,,,,,,,,,,78.37912809746376,,78.37915831800456,78.3791654454908,78.40825129121549,79.39159321554689,79.40827780546533,80.39160433442521,80.39160433442521,80.64160319402617,80.62514981976165,80.6251580876451,80.64160319402617,80.64160319402617,80.64160319402617,80.64160319402617,80.64160319402617,80.64160319402617,0.012492202529756469,81.44206151989965,[141.0],[242.0],[1],[0],[0],[0.8001176320321974],81.44244640415491,81.44572732860797,None,,,,,,,,,,,,,ED12,001,2024-01-19_16h42.43.079,rating,2023.2.3,60.041013913673886,2024-01-19 16h42.56.506389 +0800,
neu_56.jpg,0,19,19,336,81.47495287306265,,,,,,,,,,,,,,,,,,,,,,,81.44595654856312,,81.44598676910573,81.44599361149267,81.47495287306265,82.45832074144164,82.47497739161372,83.45831247355818,83.45831247355818,83.70832216693816,83.69182802345131,83.69183600623546,83.70832216693816,83.70832216693816,83.70832216693816,83.70832216693816,83.70832216693816,83.70832216693816,0.012380158446831047,84.72532236194638,[136.0],[-30.0],[1],[0],[0],[1.0167105339678528],84.72574373893076,84.72898075806916,None,,,,,,,,,,,,,ED12,001,2024-01-19_16h42.43.079,rating,2023.2.3,60.041013913673886,2024-01-19 16h42.56.506389 +0800,
neu_151.jpg,0,20,20,250,84.75831378501425,,,,,,,,,,,,,,,,,,,,,,,84.72922252240096,,84.72925103234593,84.72925758963356,84.75831378501425,85.74165570934565,85.75831635090981,86.7416636921298,86.7416636921298,86.99166226663328,86.97523455131704,86.9752428192005,86.99166226663328,86.99166226663328,86.99166226663328,86.99166226663328,86.99166226663328,86.99166226663328,0.012456850197850144,88.54212116270537,[179.0],[-230.0],[1],[0],[0],[1.5501370187939756],88.5426505923806,88.54591726185936,None,,,,,,,,,,,,,ED12,001,2024-01-19_16h42.43.079,rating,2023.2.3,60.041013913673886,2024-01-19 16h42.56.506389 +0800,
neu_40.jpg,0,21,21,319,88.57501650725862,,,,,,,,,,,,,,,,,,,,,,,88.54614334572216,,88.54617385136407,88.54618097885032,88.57501650725862,89.55835586569447,89.5750204986507,90.55838095444597,90.55838095444597,90.8083678398707,90.79192872057683,90.79193670336099,90.8083678398707,90.8083678398707,90.8083678398707,90.8083678398707,90.8083678398707,90.8083678398707,0.012241885213370551,92.14227175223277,[163.0],[-79.0],[1],[0],[0],[1.3334970754494861],92.14276839547165,92.14611147160394,None,,,,,,,,,,,,,ED12,001,2024-01-19_16h42.43.079,rating,2023.2.3,60.041013913673886,2024-01-19 16h42.56.506389 +0800,
neg_126.jpg,0,22,22,30,92.17505220171006,,,,,,,,,,,,,,,,,,,,,,,92.14634069156091,,92.14637262269935,92.14637946508628,92.17505220171006,93.15841294260281,93.17506332058838,94.15839954293006,94.15839954293006,94.40849248534869,94.39193733057982,94.39194502826467,94.40849248534869,94.40849248534869,94.40849248534869,94.40849248534869,94.40849248534869,94.40849248534869,0.01216804445721209,95.55874930293248,[-368.0],[302.0],[1],[0],[0],[1.1499580333620543],95.55915072295647,95.56239914607067,None,,,,,,,,,,,,,ED12,001,2024-01-19_16h42.43.079,rating,2023.2.3,60.041013913673886,2024-01-19 16h42.56.506389 +0800,
neg_57.jpg,0,23,23,145,95.59175270017658,,,,,,,,,,,,,,,,,,,,,,,95.56262950642486,,95.56266058226538,95.56266770975162,95.59175270017658,96.57509348410895,96.59175868726561,97.57509205861243,97.57509205861243,97.82502648573973,97.80868230456144,97.80869028734742,97.82502648573973,97.82502648573973,97.82502648573973,97.82502648573973,97.82502648573973,97.82502648573973,0.012412374684572569,98.29209379315762,[-308.0],[320.0],[1],[0],[0],[0.4667688082972745],98.29248751549494,98.29579153300256,None,,,,,,,,,,,,,ED12,001,2024-01-19_16h42.43.079,rating,2023.2.3,60.041013913673886,2024-01-19 16h42.56.506389 +0800,
neu_136.jpg,0,24,24,233,98.32512513014808,,,,,,,,,,,,,,,,,,,,,,,98.29602360395438,,98.29605410959448,98.29606123708072,98.32512513014808,99.30844966341283,99.32515249969583,100.30845764619698,100.30845764619698,100.55838779683108,100.54199087225606,100.54199885504204,100.55838779683108,100.55838779683108,100.55838779683108,100.55838779683108,100.55838779683108,100.55838779683108,0.012380443546135211,102.49218741981713,[255.0],[-108.0],[1],[0],[0],[1.933497702668319],102.49261449878941,102.49604196435939,None,,,,,,,,,,,,,ED12,001,2024-01-19_16h42.43.079,rating,2023.2.3,60.041013913673886,2024-01-19 16h42.56.506389 +0800,
neu_72.jpg,0,25,25,354,102.5251597412207,,,,,,,,,,,,,,,,,,,,,,,102.4962489465579,,102.49627688630426,102.49628315849259,102.5251597412207,103.50848741057962,103.5251543243321,104.50850337614793,104.50850337614793,104.77516544321043,104.74207509063308,104.74208307341905,104.77516544321043,104.77516544321043,104.77516544321043,104.77516544321043,104.77516544321043,104.77516544321043,0.028934172818480874,105.25883437660741,[318.0],[-210.0],[1],[0],[0],[0.4833596004973515],105.2595522570191,105.26290930302457,None,,,,,,,,,,,,,ED12,001,2024-01-19_16h42.43.079,rating,2023.2.3,60.041013913673886,2024-01-19 16h42.56.506389 +0800,
neu_176.jpg,0,26,26,277,105.29184005464776,,,,,,,,,,,,,,,,,,,,,,,105.26314365477083,,105.2631718796165,105.263178151803,105.29184005464776,106.27518055348082,106.29184775233443,107.27520820812788,107.27520820812788,107.5418620073051,107.5087234729217,107.50873145570768,107.5418620073051,107.5418620073051,107.5418620073051,107.5418620073051,107.5418620073051,107.5418620073051,0.02873916479438776,108.97550739148937,[-55.0],[-46.0],[1],[0],[0],[1.4333383320772555],108.9759210707889,108.979209692925,None,,,,,,,,,,,,,ED12,001,2024-01-19_16h42.43.079,rating,2023.2.3,60.041013913673886,2024-01-19 16h42.56.506389 +0800,
neu_19.jpg,0,27,27,292,109.00854984735815,,,,,,,,,,,,,,,,,,,,,,,108.97944290427404,,108.97947312481665,108.97947996720359,109.00854984735815,109.99190203526814,110.00857408081174,110.99189291208677,110.99189291208677,111.2585820635959,111.22548971532342,111.22549769810757,111.2585820635959,111.2585820635959,111.2585820635959,111.2585820635959,111.2585820635959,111.2585820635959,0.029158831182940048,112.05902470900037,[99.0],[96.0],[1],[0],[0],[0.8001059429552697],112.05947801712318,112.06279800019911,None,,,,,,,,,,,,,ED12,001,2024-01-19_16h42.43.079,rating,2023.2.3,60.041013913673886,2024-01-19 16h42.56.506389 +0800,
neu_34.jpg,0,28,28,312,112.09193145753125,,,,,,,,,,,,,,,,,,,,,,,112.06300783339248,,112.06303548803953,112.06304147512856,112.09193145753125,113.07524743781141,113.09191121547155,114.07525313980113,114.07525313980113,114.34192233434987,114.30878750625925,114.30879577414271,114.34192233434987,114.34192233434987,114.34192233434987,114.34192233434987,114.34192233434987,114.34192233434987,0.028935883414305863,115.14234616318936,[134.0],[47.0],[1],[0],[0],[0.8001079386503989],115.14278179514622,115.14606984708553,None,,,,,,,,,,,,,ED12,001,2024-01-19_16h42.43.079,rating,2023.2.3,60.041013913673886,2024-01-19 16h42.56.506389 +0800,
neu_2.jpg,0,29,29,296,115.17526802199245,,,,,,,,,,,,,,,,,,,,,,,115.14631132631803,,115.14634439785368,115.14635209553853,115.17526802199245,116.15860709532717,116.17527714517382,117.15861564831175,117.15861564831175,117.42531363790295,117.39214915947014,117.39215714225429,117.42531363790295,117.42531363790295,117.42531363790295,117.42531363790295,117.42531363790295,117.42531363790295,0.029016566559221246,119.15907066703039,[-2.0],[8.0],[1],[0],[0],[1.7334362922483706],119.15949460991033,122.8591645787892,space,119.19200535530945,119.19200535530945,3.6637539956700493,None,,,,,,,,,ED12,001,2024-01-19_16h42.43.079,rating,2023.2.3,60.041013913673886,2024-01-19 16h42.56.506389 +0800,
neg_18.jpg,0,30,30,89,122.87533655989864,,,,,,,,,,,,,,,,,,,,,,,122.85976100683547,122.87533655989864,123.85892024856184,123.858928231346,123.8920262816082,124.85869045840627,124.89202057961847,125.85869815609112,125.85869815609112,126.12537077183333,126.09225818149935,126.09226673448211,126.12537077183333,126.12537077183333,126.12537077183333,126.12537077183333,126.12537077183333,126.12537077183333,0.01583413826483593,128.35908018935152,[-165.0],[-182.0],[1],[0],[0],[2.2333678683808103],128.35953976966266,128.36279560536423,None,,,,,123.8920262816082,,,,,,,,ED12,001,2024-01-19_16h42.43.079,rating,2023.2.3,60.041013913673886,2024-01-19 16h42.56.506389 +0800,
neu_179.jpg,0,31,31,280,128.39205935314385,,,,,,,,,,,,,,,,,,,,,,,128.36303879519255,,128.36306730513752,128.36307386242515,128.39205935314385,129.37544318709297,129.39207332301703,130.37543605960673,130.37543605960673,130.6420867226916,130.60897413235762,130.60898268534038,130.6420867226916,130.6420867226916,130.6420867226916,130.6420867226916,130.6420867226916,130.6420867226916,0.029079288438879303,131.9426126171329,[119.0],[-86.0],[1],[0],[0],[1.300176077418655],131.94307561863752,131.94636110468127,None,,,,,,,,,,,,,ED12,001,2024-01-19_16h42.43.079,rating,2023.2.3,60.041013913673886,2024-01-19 16h42.56.506389 +0800,
neg_159.jpg,0,32,32,66,131.97543668682556,,,,,,,,,,,,,,,,,,,,,,,131.9465934607324,,131.9466239663725,131.94663052366013,131.97543668682556,132.9587709134703,132.9754329805328,133.95877461976306,133.95877461976306,134.22544638020736,134.19234804484586,134.19235602763,134.22544638020736,134.22544638020736,134.22544638020736,134.22544638020736,134.22544638020736,134.22544638020736,0.028871736039945972,135.75913287572985,[-341.0],[254.0],[1],[0],[0],[1.5333637629482837],135.759587609351,135.76287309539293,None,,,,,,,,,,,,,ED12,001,2024-01-19_16h42.43.079,rating,2023.2.3,60.041013913673886,2024-01-19 16h42.56.506389 +0800,
neu_153.jpg,0,33,33,252,135.79212914548953,,,,,,,,,,,,,,,,,,,,,,,135.76310915773684,,135.76313966337875,135.76314650576387,135.79212914548953,136.77546935922328,136.79213655807507,137.77549131188061,137.77549131188061,138.04216649351656,138.0090339462222,138.00904192900634,138.04216649351656,138.04216649351656,138.04216649351656,138.04216649351656,138.04216649351656,138.04216649351656,0.029072731149426545,139.14266661496913,[173.0],[218.0],[1],[0],[0],[1.1001178030910523],139.1431324674686,139.1465873025827,None,,,,,,,,,,,,,ED12,001,2024-01-19_16h42.43.079,rating,2023.2.3,60.041013913673886,2024-01-19 16h42.56.506389 +0800,
neu_67.jpg,0,34,34,348,139.17549353565482,,,,,,,,,,,,,,,,,,,,,,,139.1467982761751,,139.14682621592146,139.1468324881098,139.17549353565482,140.15887223781465,140.17550836082773,141.15886168913494,141.15886168913494,141.4255668062142,141.39237666882946,141.39238493671473,141.4255668062142,141.4255668062142,141.4255668062142,141.4255668062142,141.4255668062142,141.4255668062142,0.028796754884751863,144.2260063155245,[194.0],[58.0],[1],[0],[0],[2.800081709501683],144.2265847823037,144.22994952599402,None,,,,,,,,,,,,,ED12,001,2024-01-19_16h42.43.079,rating,2023.2.3,60.041013913673886,2024-01-19 16h42.56.506389 +0800,
neu_90.jpg,0,35,35,374,144.25887257993418,,,,,,,,,,,,,,,,,,,,,,,144.23016135488433,,144.23018872443208,144.2301949966186,144.25887257993418,145.24221735525862,145.25888284351458,146.24224472480637,146.24224472480637,146.50891534485163,146.47577395947337,146.47579648232932,146.50891534485163,146.50891534485163,146.50891534485163,146.50891534485163,146.50891534485163,146.50891534485163,0.0287759426246339,148.50927998704537,[215.0],[30.0],[1],[0],[0],[2.000036207629819],148.5097087766153,148.51298513947768,None,,,,,,,,,,,,,ED12,001,2024-01-19_16h42.43.079,rating,2023.2.3,60.041013913673886,2024-01-19 16h42.56.506389 +0800,
neu_165.jpg,0,36,36,265,148.5422888011799,,,,,,,,,,,,,,,,,,,,,,,148.5132177806263,,148.5132482862682,148.51325541375445,148.5422888011799,149.52559109668618,149.54228224389226,150.52559480297896,150.52559480297896,150.79227967799852,150.7592107078799,150.75921897576336,150.79227967799852,150.79227967799852,150.79227967799852,150.79227967799852,150.79227967799852,150.79227967799852,0.029082994729833445,152.4594143829254,[44.0],[12.0],[1],[0],[0],[1.6668011385736463],152.4598520105792,152.46317741054554,None,,,,,,,,,,,,,ED12,001,2024-01-19_16h42.43.079,rating,2023.2.3,60.041013913673886,2024-01-19 16h42.56.506389 +0800,
neg_141.jpg,0,37,37,47,152.492287489722,,,,,,,,,,,,,,,,,,,,,,,152.4634126175897,,152.46344283813232,152.46344968051744,152.492287489722,153.4756553581028,153.49229262151312,154.4756339756441,154.4756339756441,154.74230944238116,154.7092390467642,154.70925757822988,154.74230944238116,154.74230944238116,154.74230944238116,154.74230944238116,154.74230944238116,154.74230944238116,0.02891564135279623,156.20945315645076,[-287.0],[-241.0],[1],[0],[0],[1.4668090073191706],156.2099181536505,156.21316287047375,None,,,,,,,,,,,,,ED12,001,2024-01-19_16h42.43.079,rating,2023.2.3,60.041013913673886,2024-01-19 16h42.56.506389 +0800,
neu_133.jpg,0,38,38,230,156.2423225569546,,,,,,,,,,,,,,,,,,,,,,,156.2133966520214,,156.2134274427608,156.21343428514774,156.2423225569546,157.22572720316384,157.24231885066183,158.22570895679928,158.22570895679928,158.49236161557928,158.4592088262234,158.45921680900756,158.49236161557928,158.49236161557928,158.49236161557928,158.49236161557928,158.49236161557928,158.49236161557928,0.028983209924263065,161.0260481111036,[293.0],[-54.0],[1],[0],[0],[2.533353499367877],161.02651852519193,161.02981313441887,None,,,,,,,,,,,,,ED12,001,2024-01-19_16h42.43.079,rating,2023.2.3,60.041013913673886,2024-01-19 16h42.56.506389 +0800,
neu_9.jpg,0,39,39,373,161.059036112978,,,,,,,,,,,,,,,,,,,,,,,161.03004406497166,,161.03007428551246,161.0300811278994,161.059036112978,162.04239656877144,162.0590412447673,163.042383454198,163.042383454198,163.30905350404464,163.27593207562677,163.27594005841092,163.30905350404464,163.30905350404464,163.30905350404464,163.30905350404464,163.30905350404464,163.30905350404464,0.029025404643107322,164.30950880786258,[310.0],[-13.0],[1],[0],[0],[1.0001231629612448],164.30999518752105,164.31327411627717,None,,,,,,,,,,,,,ED12,001,2024-01-19_16h42.43.079,rating,2023.2.3,60.041013913673886,2024-01-19 16h42.56.506389 +0800,
neu_15.jpg,0,40,40,248,164.34239930572585,,,,,,,,,,,,,,,,,,,,,,,164.31350105543788,,164.3135315610798,164.31353868856604,164.34239930572585,165.3257594764218,165.34240728851182,166.32574493635002,166.32574493635002,166.5924166967925,166.55930097036435,166.55930895315032,166.5924166967925,166.5924166967925,166.5924166967925,166.5924166967925,166.5924166967925,166.5924166967925,0.028931321823620237,167.2928974885017,[264.0],[-20.0],[1],[0],[0],[0.7001175750119728],167.29335222212285,167.2966174661051,None,,,,,,,,,,,,,ED12,001,2024-01-19_16h42.43.079,rating,2023.2.3,60.041013913673886,2024-01-19 16h42.56.506389 +0800,
neg_31.jpg,0,41,41,117,167.3257794333822,,,,,,,,,,,,,,,,,,,,,,,167.29684554566302,,167.29687576620563,167.29688289369187,167.3257794333822,168.30912420870663,168.32577088039943,169.30911023883345,169.30911023883345,169.5758150708134,169.54265515397128,169.54266342185474,169.5758150708134,169.5758150708134,169.5758150708134,169.5758150708134,169.5758150708134,169.5758150708134,0.029004307281866204,171.30958606981403,[-210.0],[192.0],[1],[0],[0],[1.7334077823015832],171.3100676027825,171.31334767193584,None,,,,,,,,,,,,,ED12,001,2024-01-19_16h42.43.079,rating,2023.2.3,60.041013913673886,2024-01-19 16h42.56.506389 +0800,
neg_16.jpg,0,42,42,67,171.3424663040969,,,,,,,,,,,,,,,,,,,,,,,171.31357518129516,,171.31360568693708,171.3136125293222,171.3424663040969,172.3258053774316,172.34247143588618,173.32583388737658,173.32583388737658,173.59248540575936,173.5593525733657,173.55936055614984,173.59248540575936,173.59248540575936,173.59248540575936,173.59248540575936,173.59248540575936,173.59248540575936,0.028925049635290634,174.19293420931172,[-200.0],[286.0],[1],[0],[0],[0.6001129564010625],174.19339293432313,174.1966638802951,None,,,,,,,,,,,,,ED12,001,2024-01-19_16h42.43.079,rating,2023.2.3,60.041013913673886,2024-01-19 16h42.56.506389 +0800,
neg_124.jpg,0,43,43,28,174.2258252773736,,,,,,,,,,,,,,,,,,,,,,,174.19688796846094,,174.19691790390425,174.1969250313905,174.2258252773736,175.20917204839498,175.22583924724677,176.20917689508497,176.20917689508497,176.47584409393676,176.44274290758221,176.44275060526707,176.47584409393676,176.47584409393676,176.47584409393676,176.47584409393676,176.47584409393676,176.47584409393676,0.028975797336897813,177.14290353261094,[-265.0],[251.0],[1],[0],[0],[0.6667144683415245],177.14339732485496,177.14671958872714,None,,,,,,,,,,,,,ED12,001,2024-01-19_16h42.43.079,rating,2023.2.3,60.041013913673886,2024-01-19 16h42.56.506389 +0800,
neg_61.jpg,0,44,44,150,177.17585105036414,,,,,,,,,,,,,,,,,,,,,,,177.1469482384855,,177.1469784590263,177.14698558651253,177.17585105036414,178.159232603517,178.1758596033469,179.15920238297622,179.15920238297622,179.42589581097673,179.39276868057095,179.39277694845623,179.42589581097673,179.42589581097673,179.42589581097673,179.42589581097673,179.42589581097673,179.42589581097673,0.02896296786275343,180.3264231879366,[-303.0],[82.0],[1],[0],[0],[0.9001479095932154],180.32690700170133,180.3301941983409,None,,,,,,,,,,,,,ED12,001,2024-01-19_16h42.43.079,rating,2023.2.3,60.041013913673886,2024-01-19 16h42.56.506389 +0800,
neu_108.jpg,0,45,45,202,180.35921732218776,,,,,,,,,,,,,,,,,,,,,,,180.33042313319856,,180.33045420903727,180.3304610514242,180.35921732218776,181.34255953161664,181.35922387947357,182.34256580380497,182.34256580380497,182.6092455470316,182.57611185934002,182.57611984212417,182.6092455470316,182.6092455470316,182.6092455470316,182.6092455470316,182.6092455470316,182.6092455470316,0.028837239005952142,184.14310623831807,[266.0],[247.0],[1],[0],[0],[1.5334712454405235],184.1435903371821,184.14702721103276,None,,,,,,,,,,,,,ED12,001,2024-01-19_16h42.43.079,rating,2023.2.3,60.041013913673886,2024-01-19 16h42.56.506389 +0800,
neg_29.jpg,0,46,46,114,184.17592204012726,,,,,,,,,,,,,,,,,,,,,,,184.14725357999487,,184.14728380053566,184.1472909280219,184.17592204012726,185.15926139856128,185.17594655867833,186.15927394293794,186.15927394293794,186.42595796265778,186.39282227926742,186.39282997695227,186.42595796265778,186.42595796265778,186.42595796265778,186.42595796265778,186.42595796265778,186.42595796265778,0.0287197780344286,188.49314364336715,[-224.0],[-53.0],[1],[0],[0],[2.0668404252774053],188.49358269651748,188.4969522868978,None,,,,,,,,,,,,,ED12,001,2024-01-19_16h42.43.079,rating,2023.2.3,60.041013913673886,2024-01-19 16h42.56.506389 +0800,
neu_175.jpg,0,47,47,276,188.52596486206312,,,,,,,,,,,,,,,,,,,,,,,188.4971586988977,,188.49718635354475,188.49719291083238,188.52596486206312,189.5092962377148,189.52599451240712,190.50931277348172,190.50931277348172,190.77598139783186,190.7429149936088,190.7429244018913,190.77598139783186,190.77598139783186,190.77598139783186,190.77598139783186,190.77598139783186,190.77598139783186,0.028842085695941932,192.24322461160955,[225.0],[-31.0],[1],[0],[0],[1.4668714440958865],192.24381647806513,192.24710481510192,None,,,,,,,,,,,,,ED12,001,2024-01-19_16h42.43.079,rating,2023.2.3,60.041013913673886,2024-01-19 16h42.56.506389 +0800,
neu_38.jpg,0,48,48,316,192.27599536770504,,,,,,,,,,,,,,,,,,,,,,,192.24733374995958,,192.2473648257983,192.24737166818522,192.27599536770504,193.25933871753296,193.27601675016376,194.2593669423768,194.2593669423768,194.52601532466542,194.49287935617758,194.4929010237356,194.52601532466542,194.52601532466542,194.52601532466542,194.52601532466542,194.52601532466542,194.52601532466542,0.02869554457902268,196.62643219707934,[239.0],[-67.0],[1],[0],[0],[2.1000673404905683],196.62691487044503,196.63020748397503,None,,,,,,,,,,,,,ED12,001,2024-01-19_16h42.43.079,rating,2023.2.3,60.041013913673886,2024-01-19 16h42.56.506389 +0800,
neu_115.jpg,0,49,49,210,196.6593919741099,,,,,,,,,,,,,,,,,,,,,,,196.63043613373338,,196.6304672095721,196.63047405195903,196.6593919741099,197.64271337127866,197.65941677776027,198.6427199285663,198.6427199285663,198.90938655721948,198.8762642735037,198.87627225628967,198.90938655721948,198.90938655721948,198.90938655721948,198.90938655721948,198.90938655721948,198.90938655721948,0.028963823160665925,199.7764760453756,[52.0],[-23.0],[1],[0],[0],[0.866737675434706],199.77695558264713,199.78020086966717,None,,,,,,,,,,,,,ED12,001,2024-01-19_16h42.43.079,rating,2023.2.3,60.041013913673886,2024-01-19 16h42.56.506389 +0800,
neg_100.jpg,0,50,50,2,199.8094047465638,,,,,,,,,,,,,,,,,,,,,,,199.78042581313275,,199.78045660387397,199.7804634462591,199.8094047465638,200.79274752619312,200.80943069061323,201.79275265798242,201.79275265798242,202.0594198568342,202.02633720194353,202.0263451847277,202.0594198568342,202.0594198568342,202.0594198568342,202.0594198568342,202.0594198568342,202.0594198568342,0.0290082986739435,203.29327125387863,[-137.0],[-233.0],[1],[0],[0],[1.2334779167667875],203.2937465146606,203.29703741759295,None,,,,,,,,,,,,,ED12,001,2024-01-19_16h42.43.079,rating,2023.2.3,60.041013913673886,2024-01-19 16h42.56.506389 +0800,
neg_32.jpg,0,51,51,118,203.32614293517872,,,,,,,,,,,,,,,,,,,,,,,203.29726350145575,,203.29729486239376,203.2973017047807,203.32614293517872,204.30944523068683,204.32610758284682,205.30945150287334,205.30945150287334,205.57612012722348,205.5430081070881,205.54301608987225,205.57612012722348,205.57612012722348,205.57612012722348,205.57612012722348,205.57612012722348,205.57612012722348,0.028870595640910324,207.77655929441426,[101.0],[27.0],[1],[0],[0],[2.2000562786306546],207.77705793334826,207.78032403263023,None,,,,,,,,,,,,,ED12,001,2024-01-19_16h42.43.079,rating,2023.2.3,60.041013913673886,2024-01-19 16h42.56.506389 +0800,
neg_23.jpg,0,52,52,108,207.80949996978052,,,,,,,,,,,,,,,,,,,,,,,207.7805541078851,,207.7805843284259,207.78059117081284,207.80949996978052,208.7928116735693,208.80950681216746,209.79282820933622,209.79282820933622,210.05949882938148,210.0263714138764,210.02637911156307,210.05949882938148,210.05949882938148,210.05949882938148,210.05949882938148,210.05949882938148,210.05949882938148,0.028960687066501123,210.89321714200378,[-93.0],[-21.0],[1],[0],[0],[0.8333183180948254],210.89370010046878,210.89700041168362,None,,,,,,,,,,,,,ED12,001,2024-01-19_16h42.43.079,rating,2023.2.3,60.041013913673886,2024-01-19 16h42.56.506389 +0800,
neu_131.jpg,0,53,53,228,210.92617207234252,,,,,,,,,,,,,,,,,,,,,,,210.89722820614406,,210.89725871178416,210.8972655541711,210.92617207234252,211.90951599236905,211.92617891472946,212.9095236900539,212.9095236900539,213.17621369686276,213.1430725965838,213.14308057936796,213.17621369686276,213.17621369686276,213.17621369686276,213.17621369686276,213.17621369686276,213.17621369686276,0.029004877482293523,214.2435436378928,[27.0],[84.0],[1],[0],[0],[1.0668378593818488],214.24407819935732,214.24739789733576,None,,,,,,,,,,,,,ED12,001,2024-01-19_16h42.43.079,rating,2023.2.3,60.041013913673886,2024-01-19 16h42.56.506389 +0800,
neu_58.jpg,0,54,54,338,214.27623627673893,,,,,,,,,,,,,,,,,,,,,,,214.2476265470923,,214.24765790803212,214.24766503551837,214.27623627673893,215.25954484443355,215.27625395290488,216.25955681860978,216.25955681860978,216.526240268131,216.4931422178688,216.49315020065296,216.526240268131,216.526240268131,216.526240268131,216.526240268131,216.526240268131,216.526240268131,0.028629401507714647,217.06013517135034,[132.0],[156.0],[1],[0],[0],[0.5334655434508022],217.06063922717658,217.06383918338543,None,,,,,,,,,,,,,ED12,001,2024-01-19_16h42.43.079,rating,2023.2.3,60.041013913673886,2024-01-19 16h42.56.506389 +0800,
neg_158.jpg,0,55,55,65,217.09292388871108,,,,,,,,,,,,,,,,,,,,,,,217.06407695632515,,217.0641046109704,217.06411059805941,217.09292388871108,218.0762424348868,218.09292388871108,219.07624870707514,219.07624870707514,219.34291704632415,219.30977794174214,219.309785639427,219.34291704632415,219.34291704632415,219.34291704632415,219.34291704632415,219.34291704632415,219.34291704632415,0.02885776616676594,219.97667373333206,[-161.0],[269.0],[1],[0],[0],[0.6333370206193649],219.977182350749,219.98047239838343,None,,,,,,,,,,,,,ED12,001,2024-01-19_16h42.43.079,rating,2023.2.3,60.041013913673886,2024-01-19 16h42.56.506389 +0800,
neg_132.jpg,0,56,56,37,220.00959160074308,,,,,,,,,,,,,,,,,,,,,,,219.98070133323927,,219.98073155378188,219.98073868126812,220.00959160074308,220.9929303889785,221.00960557061626,221.99295690322833,221.99295690322833,222.2596124130032,222.2264841421984,222.22649183988506,222.2596124130032,222.2596124130032,222.2596124130032,222.2596124130032,222.2596124130032,222.2596124130032,0.028927045332238777,222.6933709816658,[-284.0],[304.0],[1],[0],[0],[0.4333759652035951],222.69386220801607,222.69711006093166,None,,,,,,,,,,,,,ED12,001,2024-01-19_16h42.43.079,rating,2023.2.3,60.041013913673886,2024-01-19 16h42.56.506389 +0800,
neu_26.jpg,0,57,57,303,222.7262831470871,,,,,,,,,,,,,,,,,,,,,,,222.69733871069002,,222.6973689312308,222.69737605871705,222.7262831470871,223.70964246248514,223.7262934106675,224.70968494230146,224.70968494230146,224.97630509974624,224.9431645696659,224.94317255245005,224.97630509974624,224.97630509974624,224.97630509974624,224.97630509974624,224.97630509974624,224.97630509974624,0.028982639725654735,226.84341397466414,[292.0],[41.0],[1],[0],[0],[1.8667068846971233],226.84387669106763,226.84719011685775,None,,,,,,,,,,,,,ED12,001,2024-01-19_16h42.43.079,rating,2023.2.3,60.041013913673886,2024-01-19 16h42.56.506389 +0800,
neu_86.jpg,0,58,58,369,226.87634552684722,,,,,,,,,,,,,,,,,,,,,,,226.8474247537033,,226.8474552593434,226.84746210173034,226.87634552684722,227.85966578361877,227.8763295612789,228.8596977147572,228.8596977147572,229.12634296095166,229.09324006399947,229.09324833188293,229.12634296095166,229.12634296095166,229.12634296095166,229.12634296095166,229.12634296095166,229.12634296095166,0.028935313215697533,229.26010164365653,[272.0],[83.0],[1],[0],[0],[0.13333302922728762],229.2606142524637,229.2644850476754,None,,,,,,,,,,,,,ED12,001,2024-01-19_16h42.43.079,rating,2023.2.3,60.041013913673886,2024-01-19 16h42.56.506389 +0800,
neu_105.jpg,0,59,59,199,229.29301352397852,,,,,,,,,,,,,,,,,,,,,,,229.26470999113917,,229.26474021168178,229.26474705406872,229.29301352397852,230.27635402281157,230.29302093656406,231.27636314599295,231.27636314599295,231.54305657399527,231.50989095516343,231.50989893794758,231.54305657399527,231.54305657399527,231.54305657399527,231.54305657399527,231.54305657399527,231.54305657399527,0.028367395114401006,231.91012810088432,[249.0],[73.0],[1],[0],[0],[0.3666515754030115],231.91064185009054,240.27683641107797,space,231.92636936116105,231.92636936116105,8.343597293607672,None,,,,,,,,,ED12,001,2024-01-19_16h42.43.079,rating,2023.2.3,60.041013913673886,2024-01-19 16h42.56.506389 +0800,
neg_78.jpg,0,60,60,168,240.2931138789845,,,,,,,,,,,,,,,,,,,,,,,240.2772652006479,240.2931138789845,241.27668530837036,241.2766927209559,241.3097907712181,242.27648374306045,242.30979846890295,243.27651339340264,243.27651339340264,243.54315008661433,243.5100049949433,243.51001326282676,243.54315008661433,243.54315008661433,243.54315008661433,243.54315008661433,243.54315008661433,243.54315008661433,0.01609985094910371,244.94361132050108,[-233.0],[76.0],[1],[0],[0],[1.4000803410253866],244.94408030909472,244.94735496135763,None,,,,,241.3097907712181,,,,,,,,ED12,001,2024-01-19_16h42.43.079,rating,2023.2.3,60.041013913673886,2024-01-19 16h42.56.506389 +0800,
neu_60.jpg,0,61,61,341,244.97652263062446,,,,,,,,,,,,,,,,,,,,,,,244.94756308395517,,244.94759159390014,244.94759786608847,244.97652263062446,245.95983490461185,245.97651179684544,246.9598431724953,246.9598431724953,247.2265149329396,247.19342971215337,247.19343740983822,247.2265149329396,247.2265149329396,247.2265149329396,247.2265149329396,247.2265149329396,247.2265149329396,0.028970380448299693,248.02701032174082,[307.0],[102.0],[1],[0],[0],[0.80011506613846],248.0275377557209,248.0306938066151,None,,,,,,,,,,,,,ED12,001,2024-01-19_16h42.43.079,rating,2023.2.3,60.041013913673886,2024-01-19 16h42.56.506389 +0800,
neg_177.jpg,0,62,62,86,248.05985948018497,,,,,,,,,,,,,,,,,,,,,,,248.03092245637163,,248.0309521067138,248.03095923420005,248.05985948018497,249.04319712802317,249.05986261627913,250.04322278697327,250.04322278697327,250.30987373515745,250.27673634117127,250.27674489415404,250.30987373515745,250.30987373515745,250.30987373515745,250.30987373515745,250.30987373515745,250.30987373515745,0.02896781455274322,252.2771243615207,[-207.0],[139.0],[1],[0],[0],[1.9668417937555205],252.27765920808633,252.28096237029422,None,,,,,,,,,,,,,ED12,001,2024-01-19_16h42.43.079,rating,2023.2.3,60.041013913673886,2024-01-19 16h42.56.506389 +0800,
neg_127.jpg,0,63,63,31,252.30991421927865,,,,,,,,,,,,,,,,,,,,,,,252.28119102005257,,252.28122095549406,252.2812280829803,252.30991421927865,253.29323789724367,253.3099316103453,254.2932450247299,254.2932450247299,254.55994985670986,254.52682700279547,254.52683527067893,254.55994985670986,254.55994985670986,254.55994985670986,254.55994985670986,254.55994985670986,254.55994985670986,0.02877480222741724,254.92702765578724,[-211.0],[256.0],[1],[0],[0],[0.36669861681184557],254.92750206126948,254.93074706319203,None,,,,,,,,,,,,,ED12,001,2024-01-19_16h42.43.079,rating,2023.2.3,60.041013913673886,2024-01-19 16h42.56.506389 +0800,
neg_165.jpg,0,64,64,73,254.95995721227519,,,,,,,,,,,,,,,,,,,,,,,254.93095433048984,,254.9309822702362,254.93098854242453,254.95995721227519,255.94326150347842,255.95993868081132,256.9432692011633,256.9432692011633,257.20993668511437,257.1768431964447,257.17685117922883,257.20993668511437,257.20993668511437,257.20993668511437,257.20993668511437,257.20993668511437,257.20993668511437,0.029000315889788908,257.7770790307077,[-242.0],[280.0],[1],[0],[0],[0.5667352235814178],257.77760560938987,257.7808554580006,None,,,,,,,,,,,,,ED12,001,2024-01-19_16h42.43.079,rating,2023.2.3,60.041013913673886,2024-01-19 16h42.56.506389 +0800,
neg_125.jpg,0,65,65,29,257.8099561288982,,,,,,,,,,,,,,,,,,,,,,,257.78108496305686,,257.78111489850016,257.7811217408871,257.8099561288982,258.7932903555429,258.8099829282455,259.7932986234264,259.7932986234264,260.0599718093672,260.02687090811014,260.0268788908961,260.0599718093672,260.0599718093672,260.0599718093672,260.0599718093672,260.0599718093672,260.0599718093672,0.02890252677934768,260.52707732011186,[-278.0],[312.0],[1],[0],[0],[0.46671093310760625],260.5275887885218,260.5310410577422,None,,,,,,,,,,,,,ED12,001,2024-01-19_16h42.43.079,rating,2023.2.3,60.041013913673886,2024-01-19 16h42.56.506389 +0800,
neg_111.jpg,0,66,66,14,260.5599723795658,,,,,,,,,,,,,,,,,,,,,,,260.5312682820022,,260.5312985025448,260.53130563003106,260.5599723795658,261.54332599297413,261.55998378354343,262.5433613453042,262.5433613453042,262.8100122934884,262.7768734740057,262.77688174188916,262.8100122934884,262.8100122934884,262.8100122934884,262.8100122934884,262.8100122934884,262.8100122934884,0.028760547253114055,263.3105690927114,[-333.0],[181.0],[1],[0],[0],[0.5001322861444351],263.31109994788494,263.3145068862923,None,,,,,,,,,,,,,ED12,001,2024-01-19_16h42.43.079,rating,2023.2.3,60.041013913673886,2024-01-19 16h42.56.506389 +0800,
neg_135.jpg,0,67,67,40,263.343371494846,,,,,,,,,,,,,,,,,,,,,,,263.3147323999565,,263.3147626204973,263.3147694628842,263.343371494846,264.3266755009481,264.3433726352432,265.3266840539327,265.3266840539327,265.5933560994745,265.5602685978938,265.56027658067796,265.5933560994745,265.5933560994745,265.5933560994745,265.5933560994745,265.5933560994745,265.5933560994745,0.02863995018742571,266.26048168121997,[-299.0],[-46.0],[1],[0],[0],[0.6667329998053901],266.26099714102384,266.2642350154583,None,,,,,,,,,,,,,ED12,001,2024-01-19_16h42.43.079,rating,2023.2.3,60.041013913673886,2024-01-19 16h42.56.506389 +0800,
neg_167.jpg,0,68,68,75,266.29336191550465,,,,,,,,,,,,,,,,,,,,,,,266.2644394317631,,266.26446623111224,266.26447250329875,266.29336191550465,267.2766972825466,267.2933690429909,268.2767169544095,268.2767169544095,268.5433813022664,268.51028866889465,268.5102966516788,268.5433813022664,268.5433813022664,268.5433813022664,268.5433813022664,268.5433813022664,268.5433813022664,0.028962682761630276,268.91063244180987,[-296.0],[-90.0],[1],[0],[0],[0.36684743872319814],268.9111521781033,268.91449411383655,None,,,,,,,,,,,,,ED12,001,2024-01-19_16h42.43.079,rating,2023.2.3,60.041013913673886,2024-01-19 16h42.56.506389 +0800,
neu_33.jpg,0,69,69,311,268.9433858068369,,,,,,,,,,,,,,,,,,,,,,,268.91472447419255,,268.91475469473335,268.9147615371203,268.9433858068369,269.9267291566648,269.94339350452356,270.9267533901184,270.9267533901184,271.1934054786998,271.1602726463043,271.16028091418957,271.1934054786998,271.1934054786998,271.1934054786998,271.1934054786998,271.1934054786998,271.1934054786998,0.028697540275970823,272.5605266128932,[-244.0],[-12.0],[1],[0],[0],[1.3667014678048872],272.56104492369013,272.56443903262334,None,,,,,,,,,,,,,ED12,001,2024-01-19_16h42.43.079,rating,2023.2.3,60.041013913673886,2024-01-19 16h42.56.506389 +0800,
neg_47.jpg,0,70,70,134,272.5934316508283,,,,,,,,,,,,,,,,,,,,,,,272.56467081847586,,272.56470103901665,272.5647078814036,272.5934316508283,273.5768151996781,273.59346557766366,274.57677157946273,274.57677157946273,274.843443339907,274.8103196306947,274.8103281836775,274.843443339907,274.843443339907,274.843443339907,274.843443339907,274.843443339907,274.843443339907,0.02882326913277211,276.17720384724635,[-337.0],[209.0],[1],[0],[0],[1.333302067427212],276.1777130348619,276.18106038748556,None,,,,,,,,,,,,,ED12,001,2024-01-19_16h42.43.079,rating,2023.2.3,60.041013913673886,2024-01-19 16h42.56.506389 +0800,
neg_87.jpg,0,71,71,178,276.21012228485597,,,,,,,,,,,,,,,,,,,,,,,276.1812890372421,,276.1813192577847,276.18132638527095,276.21012228485597,277.19346335388764,277.21013197823777,278.19349499992677,278.19349499992677,278.46014110141914,278.4270068435271,278.4270151114124,278.46014110141914,278.46014110141914,278.46014110141914,278.46014110141914,278.46014110141914,278.46014110141914,0.02886859994396218,278.8272288789776,[-269.0],[-210.0],[1],[0],[0],[0.3666874979335262],278.82773749639455,278.831027544029,None,,,,,,,,,,,,,ED12,001,2024-01-19_16h42.43.079,rating,2023.2.3,60.041013913673886,2024-01-19 16h42.56.506389 +0800,
neu_76.jpg,0,72,72,358,278.8601712649415,,,,,,,,,,,,,,,,,,,,,,,278.831254768289,,278.8312841335319,278.8312909759188,278.8601712649415,279.8434883856189,279.8601513079793,280.84350064489627,280.84350064489627,281.11019777918955,281.07704498983367,281.0770529726178,281.11019777918955,281.11019777918955,281.11019777918955,281.11019777918955,281.11019777918955,281.11019777918955,0.028960687066501123,281.81071335303204,[159.0],[83.0],[1],[0],[0],[0.7000961925532465],281.8112684416592,281.81452370716033,None,,,,,,,,,,,,,ED12,001,2024-01-19_16h42.43.079,rating,2023.2.3,60.041013913673886,2024-01-19 16h42.56.506389 +0800,
neg_99.jpg,0,73,73,191,281.8435089127797,,,,,,,,,,,,,,,,,,,,,,,281.8148532821233,,281.8148846430613,281.81489148544824,281.8435089127797,282.82685226260764,282.8435129041718,283.8268710791708,283.8268710791708,284.09354597570746,284.0604051605278,284.0604131433138,284.09354597570746,284.09354597570746,284.09354597570746,284.09354597570746,284.09354597570746,284.09354597570746,0.028708659154290217,285.0940850987645,[-68.0],[-38.0],[1],[0],[0],[1.000111188785013],285.094625647318,285.097907427069,None,,,,,,,,,,,,,ED12,001,2024-01-19_16h42.43.079,rating,2023.2.3,60.041013913673886,2024-01-19 16h42.56.506389 +0800,
neg_53.jpg,0,74,74,141,285.1268729608273,,,,,,,,,,,,,,,,,,,,,,,285.0981340811304,,285.0981640165737,285.09817085895884,285.1268729608273,286.1102146000576,286.1268792330138,287.1102214424445,287.1102214424445,287.376904036666,287.34375580890264,287.3437637916868,287.376904036666,287.376904036666,287.376904036666,287.376904036666,287.376904036666,287.376904036666,0.028785921103917644,288.077391670764,[-189.0],[-200.0],[1],[0],[0],[0.7000360365691449],288.07791824944434,288.0812239775478,None,,,,,,,,,,,,,ED12,001,2024-01-19_16h42.43.079,rating,2023.2.3,60.041013913673886,2024-01-19 16h42.56.506389 +0800,
neu_61.jpg,0,75,75,342,288.110234557018,,,,,,,,,,,,,,,,,,,,,,,288.0814509167085,,288.0814811372511,288.08148797963804,288.110234557018,289.0935767664487,289.11024311000256,290.0936240929568,290.0936240929568,290.3602559394767,290.3271253878793,290.32713508125926,290.3602559394767,290.3602559394767,290.3602559394767,290.3602559394767,290.3602559394767,290.3602559394767,0.02882127343582397,291.4608028172388,[171.0],[26.0],[1],[0],[0],[1.1001229348821653],291.46133310221376,291.46452564583706,None,,,,,,,,,,,,,ED12,001,2024-01-19_16h42.43.079,rating,2023.2.3,60.041013913673886,2024-01-19 16h42.56.506389 +0800,
neu_107.jpg,0,76,76,201,291.49363173362144,,,,,,,,,,,,,,,,,,,,,,,291.46475258499777,,291.46478280553856,291.4647896479255,291.49363173362144,292.4769420119137,292.4936334442191,293.47696966655894,293.47696966655894,293.74364142700324,293.71050374791776,293.7105117307019,293.74364142700324,293.74364142700324,293.74364142700324,293.74364142700324,293.74364142700324,293.74364142700324,0.028905947972816648,294.5107647849727,[169.0],[60.0],[1],[0],[0],[0.7666988448909251],294.51129478484836,294.5145192596083,None,,,,,,,,,,,,,ED12,001,2024-01-19_16h42.43.079,rating,2023.2.3,60.041013913673886,2024-01-19 16h42.56.506389 +0800,
neg_37.jpg,0,77,77,123,294.5436324748807,,,,,,,,,,,,,,,,,,,,,,,294.5147467689694,,294.5147769895102,294.51478383189715,294.5436324748807,295.5269954965697,295.54363447057585,296.5269792459003,296.5269792459003,296.79364958084807,296.7605840319229,296.7605922998064,296.79364958084807,296.79364958084807,296.79364958084807,296.79364958084807,296.79364958084807,296.79364958084807,0.028920202945300844,297.59410420042695,[-133.0],[-40.0],[1],[0],[0],[0.8000292512042506],297.59462621751845,297.5979285244284,None,,,,,,,,,,,,,ED12,001,2024-01-19_16h42.43.079,rating,2023.2.3,60.041013913673886,2024-01-19 16h42.56.506389 +0800,
neu_106.jpg,0,78,78,200,297.6270192168431,,,,,,,,,,,,,,,,,,,,,,,297.5981568890875,,297.5981873947276,297.5981942371145,297.6270192168431,298.6103357673237,298.6269992598827,299.61034260971064,299.61034260971064,299.8770300506221,299.843970488786,299.8439787566713,299.8770300506221,299.8770300506221,299.8770300506221,299.8770300506221,299.8770300506221,299.8770300506221,0.02889026750381163,301.41084227500323,[226.0],[78.0],[1],[0],[0],[1.5333495079757995],301.41135687950737,301.41463808905974,None,,,,,,,,,,,,,ED12,001,2024-01-19_16h42.43.079,rating,2023.2.3,60.041013913673886,2024-01-19 16h42.56.506389 +0800,
neu_155.jpg,0,79,79,254,301.44369542483946,,,,,,,,,,,,,,,,,,,,,,,301.41487130040696,,301.41490152094957,301.4149086484358,301.44369542483946,302.4270718462012,302.4437062586185,303.427081539583,303.427081539583,303.6937527298287,303.660590247091,303.6605982298752,303.6937527298287,303.6937527298287,303.6937527298287,303.6937527298287,303.6937527298287,303.6937527298287,0.028907088370033307,304.46096560902515,[255.0],[-62.0],[1],[0],[0],[0.766726499537981],304.46151955725327,304.46480675389284,None,,,,,,,,,,,,,ED12,001,2024-01-19_16h42.43.079,rating,2023.2.3,60.041013913673886,2024-01-19 16h42.56.506389 +0800,
neg_122.jpg,0,80,80,26,304.4937258164391,,,,,,,,,,,,,,,,,,,,,,,304.46503283775564,,304.46506277319713,304.46506933048477,304.4937258164391,305.47708570203577,305.49373208862744,306.4770731576591,306.4770731576591,306.743649979986,306.71062491518387,306.71063318306733,306.743649979986,306.743649979986,306.743649979986,306.743649979986,306.743649979986,306.743649979986,0.02864223098367802,308.9110603760819,[-205.0],[-78.0],[1],[0],[0],[2.1669114720589278],308.9115695636956,308.914949132557,None,,,,,,,,,,,,,ED12,001,2024-01-19_16h42.43.079,rating,2023.2.3,60.041013913673886,2024-01-19 16h42.56.506389 +0800,
neu_144.jpg,0,81,81,242,308.9437635636077,,,,,,,,,,,,,,,,,,,,,,,308.9151851949009,,308.91521284954615,308.9152191217345,308.9437635636077,309.9270997859476,309.94377126129257,310.9271168919149,310.9271168919149,311.19370967981195,311.1606706451348,311.1606791981194,311.19370967981195,311.19370967981195,311.19370967981195,311.19370967981195,311.19370967981195,311.19370967981195,0.028543586575324298,312.9944197484965,[127.0],[133.0],[1],[0],[0],[1.8002045873636234],312.99495972685327,312.9983518400895,None,,,,,,,,,,,,,ED12,001,2024-01-19_16h42.43.079,rating,2023.2.3,60.041013913673886,2024-01-19 16h42.56.506389 +0800,
neg_82.jpg,0,82,82,173,313.02716826683536,,,,,,,,,,,,,,,,,,,,,,,312.99857991964745,,312.99861014019007,312.9986172676763,313.02716826683536,314.0104779749272,314.02714317808386,315.0104862428125,315.0104862428125,315.29383004879855,315.2440217496678,315.24402973245196,315.29383004879855,315.29383004879855,315.29383004879855,315.29383004879855,315.29383004879855,315.29383004879855,0.04526723511662567,316.39429054142784,[-203.0],[-39.0],[1],[0],[0],[1.1000245755731157],316.39485874462844,316.3981413796773,None,,,,,,,,,,,,,ED12,001,2024-01-19_16h42.43.079,rating,2023.2.3,60.041013913673886,2024-01-19 16h42.56.506389 +0800,
neg_175.jpg,0,83,83,84,316.4271856008818,,,,,,,,,,,,,,,,,,,,,,,316.398367178439,,316.3983971138823,316.39840424136855,316.4271856008818,317.4105087086482,317.42718930717456,318.41051840203,318.41051840203,318.69387503749203,318.64408584002376,318.6440938228079,318.69387503749203,318.69387503749203,318.69387503749203,318.69387503749203,318.69387503749203,318.69387503749203,0.04552439481994952,319.2609845966472,[-302.0],[186.0],[1],[0],[0],[0.5666736420989764],319.2615345534832,319.2648613789461,None,,,,,,,,,,,,,ED12,001,2024-01-19_16h42.43.079,rating,2023.2.3,60.041013913673886,2024-01-19 16h42.56.506389 +0800,
neu_83.jpg,0,84,84,366,319.2938830772964,,,,,,,,,,,,,,,,,,,,,,,319.26509059890304,,319.2651219598429,319.2651288022298,319.2938830772964,320.27720390426657,320.29393040380455,321.2772116019514,321.2772116019514,321.5605545526396,321.5108004224039,321.5108084051881,321.5605545526396,321.5605545526396,321.5605545526396,321.5605545526396,321.5605545526396,321.5605545526396,0.045491323282476515,323.277845663124,[117.0],[235.0],[1],[0],[0],[1.716812998711248],323.27842983189475,323.2817506702686,None,,,,,,,,,,,,,ED12,001,2024-01-19_16h42.43.079,rating,2023.2.3,60.041013913673886,2024-01-19 16h42.56.506389 +0800,
neg_128.jpg,0,85,85,32,323.31056823741346,,,,,,,,,,,,,,,,,,,,,,,323.2819816008232,,323.2820126766619,323.28201923394954,323.31056823741346,324.2939335398987,324.31057308410345,325.29391529353416,325.29391529353416,325.5772782011827,325.52749470570416,325.5275026884883,325.5772782011827,325.5772782011827,325.5772782011827,325.5772782011827,325.5772782011827,325.5772782011827,0.04531370632867038,326.81101441805004,[-214.0],[89.0],[1],[0],[0],[1.2332880405356264],326.81158262125064,326.8148675370958,None,,,,,,,,,,,,,ED12,001,2024-01-19_16h42.43.079,rating,2023.2.3,60.041013913673886,2024-01-19 16h42.56.506389 +0800,
neu_120.jpg,0,86,86,216,326.84393342585827,,,,,,,,,,,,,,,,,,,,,,,326.8150953315544,,326.8151255520952,326.81513239448213,326.84393342585827,327.8272927412545,327.8439411235431,328.8272975879445,328.8272975879445,329.1106211518709,329.0608151335364,329.06082311632053,329.1106211518709,329.1106211518709,329.1106211518709,329.1106211518709,329.1106211518709,329.1106211518709,0.04554349648242351,331.1444886855443,[150.0],[-13.0],[1],[0],[0],[2.0333965493846335],331.14506002483904,331.1483771569201,None,,,,,,,,,,,,,ED12,001,2024-01-19_16h42.43.079,rating,2023.2.3,60.041013913673886,2024-01-19 16h42.56.506389 +0800,
neu_50.jpg,0,87,87,330,331.1773332823959,,,,,,,,,,,,,,,,,,,,,,,331.14861122356706,,331.1486391633134,331.14864543550175,331.1773332823959,332.16065097327373,332.1773235890141,333.160656105063,333.160656105063,333.4439950643591,333.39424007882553,333.3942477765104,333.4439950643591,333.4439950643591,333.4439950643591,333.4439950643591,333.4439950643591,333.4439950643591,0.0454020871566172,334.3944901110408,[144.0],[16.0],[1],[0],[0],[0.9500300494819385],334.3950124132298,334.39827851251175,None,,,,,,,,,,,,,ED12,001,2024-01-19_16h42.43.079,rating,2023.2.3,60.041013913673886,2024-01-19 16h42.56.506389 +0800,
neg_136.jpg,0,88,88,41,334.42733841418703,,,,,,,,,,,,,,,,,,,,,,,334.39851058346176,,334.39854051890507,334.398547361292,334.42733841418703,335.4106794832187,335.4273578009488,336.4106888914994,336.4106888914994,336.69402671039825,336.6442583251901,336.64426602287494,336.69402671039825,336.69402671039825,336.69402671039825,336.69402671039825,336.69402671039825,336.69402671039825,0.0455340881999291,337.4445167963495,[-162.0],[-30.0],[1],[0],[0],[0.7500219526573346],337.4450410942354,337.44835708591927,None,,,,,,,,,,,,,ED12,001,2024-01-19_16h42.43.079,rating,2023.2.3,60.041013913673886,2024-01-19 16h42.56.506389 +0800,
neg_129.jpg,0,89,89,33,337.4773842011582,,,,,,,,,,,,,,,,,,,,,,,337.44858773137275,,337.4486148158212,337.4486210880077,337.4773842011582,338.4607266956864,338.4773730822799,339.46076518411246,339.46076518411246,339.7440559616007,339.69425735585173,339.6942656237352,339.7440559616007,339.7440559616007,339.7440559616007,339.7440559616007,339.7440559616007,339.7440559616007,0.04548989778595569,340.3445891545889,[-276.0],[274.0],[1],[0],[0],[0.6000738977763831],340.34514880480674,352.04455277590023,space,340.360753152916,340.360753152916,11.675179070964077,None,,,,,,,,,ED12,001,2024-01-19_16h42.43.079,rating,2023.2.3,60.041013913673886,2024-01-19 16h42.56.506389 +0800,
neu_12.jpg,0,90,90,215,352.0608370861937,,,,,,,,,,,,,,,,,,,,,,,352.0449502045303,352.0608370861937,353.04437715463973,353.0443848523246,353.07751112743244,354.04419611649064,354.07752139101285,355.04419611649064,355.04419611649064,355.3275339353877,355.2777843667427,355.277792634628,355.3275339353877,355.3275339353877,355.3275339353877,355.3275339353877,355.3275339353877,355.3275339353877,0.03279784054393531,356.17803462703887,[258.0],[108.0],[1],[0],[0],[0.8500411113400332],356.178610242825,356.1819387788855,None,,,,,353.07751112743244,,,,,,,,ED12,001,2024-01-19_16h42.43.079,rating,2023.2.3,60.041013913673886,2024-01-19 16h42.56.506389 +0800,
neg_2.jpg,0,91,91,104,356.2108772281954,,,,,,,,,,,,,,,,,,,,,,,356.1821731306318,,356.1822036362737,356.18221047866064,356.2108772281954,357.194220292924,357.2108829301851,358.19424367107786,358.19424367107786,358.477599451242,358.4278014156898,358.4278096835751,358.477599451242,358.477599451242,358.477599451242,358.477599451242,358.477599451242,358.477599451242,0.045444852072250796,359.4781947388892,[-281.0],[77.0],[1],[0],[0],[1.0001337116427749],359.4787863202455,359.4821921182556,None,,,,,,,,,,,,,ED12,001,2024-01-19_16h42.43.079,rating,2023.2.3,60.041013913673886,2024-01-19 16h42.56.506389 +0800,
neg_35.jpg,0,92,92,121,359.51091816847656,,,,,,,,,,,,,,,,,,,,,,,359.48242475940606,,359.48245555014546,359.4824623925324,359.51091816847656,360.4942723520817,360.5109153174817,361.4942580971092,361.4942580971092,361.77759563090876,361.7277901827729,361.72779845065634,361.77759563090876,361.77759563090876,361.77759563090876,361.77759563090876,361.77759563090876,361.77759563090876,0.045188262569354265,363.02821429671167,[-312.0],[-17.0],[1],[0],[0],[1.2501485368138674],363.0287790787188,363.03208509192154,None,,,,,,,,,,,,,ED12,001,2024-01-19_16h42.43.079,rating,2023.2.3,60.041013913673886,2024-01-19 16h42.56.506389 +0800,
neu_24.jpg,0,93,93,301,363.0609422878897,,,,,,,,,,,,,,,,,,,,,,,363.0323123161834,,363.0323431069228,363.0323499493097,363.0609422878897,364.0442896291097,364.0609468494804,365.04429190990413,365.04429190990413,365.32764284337645,365.2778385356378,365.27784651842376,365.32764284337645,365.32764284337645,365.32764284337645,365.32764284337645,365.32764284337645,365.32764284337645,0.04534820336084522,366.77825848712564,[72.0],[-12.0],[1],[0],[0],[1.4501278385941987],366.7788506386805,366.78215950287813,None,,,,,,,,,,,,,ED12,001,2024-01-19_16h42.43.079,rating,2023.2.3,60.041013913673886,2024-01-19 16h42.56.506389 +0800,
neg_139.jpg,0,94,94,44,366.8110138478514,,,,,,,,,,,,,,,,,,,,,,,366.78238644203884,,366.78241637748215,366.7824235049684,366.8110138478514,367.7943195645512,367.8110281028239,368.7943303983302,368.7943303983302,369.0776807616039,369.0279297674624,369.02793775024656,369.0776807616039,369.0776807616039,369.0776807616039,369.0776807616039,369.0776807616039,369.0776807616039,0.04532482520517078,370.12831812993136,[-254.0],[332.0],[1],[0],[0],[1.050137874093707],370.12889146492125,370.13231436889873,None,,,,,,,,,,,,,ED12,001,2024-01-19_16h42.43.079,rating,2023.2.3,60.041013913673886,2024-01-19 16h42.56.506389 +0800,
neg_101.jpg,0,95,95,3,370.1610224578544,,,,,,,,,,,,,,,,,,,,,,,370.132549861044,,370.13258150708134,370.132588064369,370.1610224578544,371.14436552258303,371.1610164707654,372.14437150967024,372.14437150967024,372.4276930778997,372.3779292542822,372.3779375221675,372.4276930778997,372.4276930778997,372.4276930778997,372.4276930778997,372.4276930778997,372.4276930778997,0.04515832712786505,373.87822775340646,[-220.0],[-181.0],[1],[0],[0],[1.450024062392913],373.8787982374015,373.8820711790686,None,,,,,,,,,,,,,ED12,001,2024-01-19_16h42.43.079,rating,2023.2.3,60.041013913673886,2024-01-19 16h42.56.506389 +0800,
neg_183.jpg,0,96,96,93,373.9110426999159,,,,,,,,,,,,,,,,,,,,,,,373.8822770208717,,373.88230467551693,373.88231094770526,373.9110426999159,374.8943846242455,374.91107092475977,375.8944191212777,375.8944191212777,376.17772671963576,376.1279292542822,376.1279372370682,376.17772671963576,376.17772671963576,376.17772671963576,376.17772671963576,376.17772671963576,376.17772671963576,0.04547222162182152,376.6783308453669,[-321.0],[-242.0],[1],[0],[0],[0.5000698493659002],376.67892841381035,376.68223243131797,None,,,,,,,,,,,,,ED12,001,2024-01-19_16h42.43.079,rating,2023.2.3,60.041013913673886,2024-01-19 16h42.56.506389 +0800,
neg_9.jpg,0,97,97,181,376.71106567893,,,,,,,,,,,,,,,,,,,,,,,376.6824399837151,,376.68246763836214,376.68247391055047,376.71106567893,377.6944509383775,377.7110773680088,378.6944309814153,378.6944309814153,378.97775939203166,378.92794881210466,378.92795765018855,378.97775939203166,378.97775939203166,378.97775939203166,378.97775939203166,378.97775939203166,378.97775939203166,0.04533936527695914,380.3783859836003,[-108.0],[-47.0],[1],[0],[0],[1.4001253867372725],380.378929668248,380.3822562086116,None,,,,,,,,,,,,,ED12,001,2024-01-19_16h42.43.079,rating,2023.2.3,60.041013913673886,2024-01-19 16h42.56.506389 +0800,
neu_128.jpg,0,98,98,224,380.41110485159516,,,,,,,,,,,,,,,,,,,,,,,380.3824954070478,,380.38252762328557,380.3825353209704,380.41110485159516,381.3944456355275,381.4111128343793,382.39445247791446,382.39445247791446,382.67779229250846,382.6279882698691,382.62799653775255,382.67779229250846,382.67779229250846,382.67779229250846,382.67779229250846,382.67779229250846,382.67779229250846,0.04531513182337221,383.4784156909627,[120.0],[-38.0],[1],[0],[0],[0.800123904220527],383.4789935875433,383.4822522742397,None,,,,,,,,,,,,,ED12,001,2024-01-19_16h42.43.079,rating,2023.2.3,60.041013913673886,2024-01-19 16h42.56.506389 +0800,
neu_125.jpg,0,99,99,221,383.51113370365965,,,,,,,,,,,,,,,,,,,,,,,383.48249403857153,,383.4825219783179,383.4825279654051,383.51113370365965,384.49447733858506,384.51113826525034,385.494484180972,385.494484180972,385.7778396760368,385.7280342278991,385.7280427808837,385.7778396760368,385.7778396760368,385.7778396760368,385.7778396760368,385.7778396760368,385.7778396760368,0.04536644972358772,386.8784415779919,[92.0],[78.0],[1],[0],[0],[1.1001063991134288],386.8789998027114,386.88212933935756,None,,,,,,,,,,,,,ED12,001,2024-01-19_16h42.43.079,rating,2023.2.3,60.041013913673886,2024-01-19 16h42.56.506389 +0800,
neg_92.jpg,0,100,100,184,386.91118553473825,,,,,,,,,,,,,,,,,,,,,,,386.88236169540687,,386.8823922010488,386.8823990434357,386.91118553473825,387.8945303100627,387.9111724201648,388.89453287595825,388.89453287595825,389.1778644226688,389.12805612353804,389.1280643914215,389.1778644226688,389.1778644226688,389.1778644226688,389.1778644226688,389.1778644226688,389.1778644226688,0.04551897792953241,390.67846655270296,[-222.0],[-142.0],[1],[0],[0],[1.5001203119663842],390.67904302378884,390.68232765453286,None,,,,,,,,,,,,,ED12,001,2024-01-19_16h42.43.079,rating,2023.2.3,60.041013913673886,2024-01-19 16h42.56.506389 +0800,
neu_49.jpg,0,101,101,328,390.7112033819649,,,,,,,,,,,,,,,,,,,,,,,390.6825571595891,,390.68258795033034,390.68259507781477,390.7112033819649,391.6945433105975,391.71120822865487,392.6945524337807,392.6945524337807,392.9778911079775,392.9280859449391,392.92809421282436,392.9778911079775,392.9778911079775,392.9778911079775,392.9778911079775,392.9778911079775,392.9778911079775,0.04535419044805167,393.77859062798416,[169.0],[112.0],[1],[0],[0],[0.8001658138382481],393.77920473219456,393.7824993414215,None,,,,,,,,,,,,,ED12,001,2024-01-19_16h42.43.079,rating,2023.2.3,60.041013913673886,2024-01-19 16h42.56.506389 +0800,
neu_183.jpg,0,102,102,285,393.811243638007,,,,,,,,,,,,,,,,,,,,,,,393.78272884647595,,393.78275935211786,393.7827664796041,393.811243638007,394.79457444345826,394.81126159927226,395.794582996441,395.794582996441,396.07791967494086,396.02813304336814,396.0281410261541,396.07791967494086,396.07791967494086,396.07791967494086,396.07791967494086,396.07791967494086,396.07791967494086,0.045207649332951405,397.3785681621466,[157.0],[175.0],[1],[0],[0],[1.300163818143119],397.37914235243625,397.38241557920264,None,,,,,,,,,,,,,ED12,001,2024-01-19_16h42.43.079,rating,2023.2.3,60.041013913673886,2024-01-19 16h42.56.506389 +0800,
neu_87.jpg,0,103,103,370,397.41128617484355,,,,,,,,,,,,,,,,,,,,,,,397.38264251836335,,397.38267302400527,397.3826801514915,397.41128617484355,398.39463266076564,398.4112724900715,399.39461726539594,399.39461726539594,399.67798245384074,399.628194681869,399.62820266465496,399.67798245384074,399.67798245384074,399.67798245384074,399.67798245384074,399.67798245384074,399.67798245384074,0.04539410437064362,400.17851530470944,[84.0],[125.0],[1],[0],[0],[0.49999258741445374],400.17910432017015,400.18245366848896,None,,,,,,,,,,,,,ED12,001,2024-01-19_16h42.43.079,rating,2023.2.3,60.041013913673886,2024-01-19 16h42.56.506389 +0800,
neu_18.jpg,0,104,104,281,400.21129347339047,,,,,,,,,,,,,,,,,,,,,,,400.18268032255037,,400.182710543093,400.1827173854799,400.21129347339047,401.1946336871242,401.211299745577,402.194659060975,402.194659060975,402.47797977390474,402.4282162353884,402.42822421817255,402.47797977390474,402.47797977390474,402.47797977390474,402.47797977390474,402.47797977390474,402.47797977390474,0.04531570202198054,403.8285300728603,[231.0],[190.0],[1],[0],[0],[1.3500382603451726],403.8291222244152,403.8325377158071,None,,,,,,,,,,,,,ED12,001,2024-01-19_16h42.43.079,rating,2023.2.3,60.041013913673886,2024-01-19 16h42.56.506389 +0800,
neg_69.jpg,0,105,105,158,403.8613264879059,,,,,,,,,,,,,,,,,,,,,,,403.832788318221,,403.8328225301557,403.8328296576419,403.8613264879059,404.8446932158877,404.8613498660616,405.8447091814578,405.8447091814578,406.12801706491337,406.0782244462516,406.0782324290358,406.12801706491337,406.12801706491337,406.12801706491337,406.12801706491337,406.12801706491337,406.12801706491337,0.045257256637341925,406.8285648549936,[-283.0],[197.0],[1],[0],[0],[0.6999798719789396],406.8291219393159,406.8324270972207,None,,,,,,,,,,,,,ED12,001,2024-01-19_16h42.43.079,rating,2023.2.3,60.041013913673886,2024-01-19 16h42.56.506389 +0800,
neu_23.jpg,0,106,106,300,406.8613715336196,,,,,,,,,,,,,,,,,,,,,,,406.8326540363814,,406.83268454202334,406.83269138440846,406.8613715336196,407.84470233907086,407.86138977998417,408.84470576026433,408.84470576026433,409.1280450046597,409.0782526710973,409.07826093898075,409.1280450046597,409.1280450046597,409.1280450046597,409.1280450046597,409.1280450046597,409.1280450046597,0.04541121033798845,410.0286040276569,[72.0],[-59.0],[1],[0],[0],[0.9000196148408577],410.0291976047083,410.0324779589628,None,,,,,,,,,,,,,ED12,001,2024-01-19_16h42.43.079,rating,2023.2.3,60.041013913673886,2024-01-19 16h42.56.506389 +0800,
neu_28.jpg,0,107,107,305,410.0613853324321,,,,,,,,,,,,,,,,,,,,,,,410.0327051832228,,410.0327354037636,410.0327422461505,410.0613853324321,411.04472469086795,411.06144263742135,412.0447380905407,412.0447380905407,412.3280719180475,412.278281580182,412.27828956296617,412.3280719180475,412.3280719180475,412.3280719180475,412.3280719180475,412.3280719180475,412.3280719180475,0.045385551389699685,413.7286859652395,[23.0],[-53.0],[1],[0],[0],[1.4000800559260824],413.7292761210974,413.73258070880365,None,,,,,,,,,,,,,ED12,001,2024-01-19_16h42.43.079,rating,2023.2.3,60.041013913673886,2024-01-19 16h42.56.506389 +0800,
neu_89.jpg,0,108,108,372,413.7614176627103,,,,,,,,,,,,,,,,,,,,,,,413.7328099287606,,413.7328404344007,413.73284727678765,413.7614176627103,414.7447612976357,414.761427070991,415.74476842512195,415.74476842512195,416.02815841721895,415.9783600965693,415.97836807935346,416.02815841721895,416.02815841721895,416.02815841721895,416.02815841721895,416.02815841721895,416.02815841721895,0.04536844542235485,416.4786557446969,[303.0],[272.0],[1],[0],[0],[0.4499918461551715],416.4792752657995,416.4825330971962,None,,,,,,,,,,,,,ED12,001,2024-01-19_16h42.43.079,rating,2023.2.3,60.041013913673886,2024-01-19 16h42.56.506389 +0800,
neu_32.jpg,0,109,109,310,416.51144617265527,,,,,,,,,,,,,,,,,,,,,,,416.4827597512576,,416.482790541997,416.48279738438396,416.51144617265527,417.4948017817587,417.5114538703401,418.49479779036665,418.49479779036665,418.7781367496609,418.72832702503365,418.7283352929171,418.7781367496609,418.7781367496609,418.7781367496609,418.7781367496609,418.7781367496609,418.7781367496609,0.04539610006759176,419.778777368123,[225.0],[130.0],[1],[0],[0],[1.0001154652763944],419.77936410278744,419.78260767921165,None,,,,,,,,,,,,,ED12,001,2024-01-19_16h42.43.079,rating,2023.2.3,60.041013913673886,2024-01-19 16h42.56.506389 +0800,
neu_160.jpg,0,110,110,260,419.81147741955465,,,,,,,,,,,,,,,,,,,,,,,419.78283433327306,,419.78286426871455,419.7828711111015,419.81147741955465,420.7948179183877,420.8114911043285,421.79482960746464,421.79482960746464,422.07816600086517,422.0283716716076,422.02837993949106,422.07816600086517,422.07816600086517,422.07816600086517,422.07816600086517,422.07816600086517,422.07816600086517,0.045350484157097526,422.3288562266298,[273.0],[180.0],[1],[0],[0],[0.25014026892858965],422.3294657692495,422.3327424172112,None,,,,,,,,,,,,,ED12,001,2024-01-19_16h42.43.079,rating,2023.2.3,60.041013913673886,2024-01-19 16h42.56.506389 +0800,
neu_46.jpg,0,111,111,325,422.361502679365,,,,,,,,,,,,,,,,,,,,,,,422.3329702116698,,422.33300214280825,422.3330089851952,422.361502679365,423.34484232290015,423.36153118930997,424.3448753944358,424.3448753944358,424.6281895500797,424.57838182114756,424.578390089031,424.6281895500797,424.6281895500797,424.6281895500797,424.6281895500797,424.6281895500797,424.6281895500797,0.04523558907749248,426.7287917371341,[255.0],[-75.0],[1],[0],[0],[2.100092714341372],426.7294069817435,426.7327899717984,None,,,,,,,,,,,,,ED12,001,2024-01-19_16h42.43.079,rating,2023.2.3,60.041013913673886,2024-01-19 16h42.56.506389 +0800,
neu_138.jpg,0,112,112,235,426.7615776035,,,,,,,,,,,,,,,,,,,,,,,426.73314435041357,,426.7331771368499,426.733185974932,426.7615776035,427.74488417549946,427.7615604975326,428.74489301358153,428.74489301358153,429.028236249369,428.97847299595196,428.9784815489347,429.028236249369,429.028236249369,429.028236249369,429.028236249369,429.028236249369,429.028236249369,0.045133808574973955,430.27879247839337,[253.0],[32.0],[1],[0],[0],[1.249991161917933],430.27940487200794,430.28270803421765,None,,,,,,,,,,,,,ED12,001,2024-01-19_16h42.43.079,rating,2023.2.3,60.041013913673886,2024-01-19 16h42.56.506389 +0800,
neu_54.jpg,0,113,113,334,430.31157378316857,,,,,,,,,,,,,,,,,,,,,,,430.28294039026696,,430.2829708959089,430.2829777382958,430.31157378316857,431.2949177031933,431.3115854722455,432.2949445025424,432.2949445025424,432.578263219777,432.52847031601596,432.5284925537726,432.578263219777,432.578263219777,432.578263219777,432.578263219777,432.578263219777,432.578263219777,0.04533908017765498,433.97898588985845,[199.0],[74.0],[1],[0],[0],[1.4001422076034942],433.97962508282217,433.98289203740023,None,,,,,,,,,,,,,ED12,001,2024-01-19_16h42.43.079,rating,2023.2.3,60.041013913673886,2024-01-19 16h42.56.506389 +0800,
neg_34.jpg,0,114,114,120,434.01161210053397,,,,,,,,,,,,,,,,,,,,,,,433.9831195467614,,433.9831503375008,433.983157464987,434.01161210053397,434.99499023249336,435.0116397551792,435.9949982152775,435.9949982152775,436.2782975457503,436.22849466351,436.22850264629415,436.2782975457503,436.2782975457503,436.2782975457503,436.2782975457503,436.2782975457503,436.2782975457503,0.045194249656560714,437.6789401028873,[-145.0],[24.0],[1],[0],[0],[1.4000712178421963],437.67957815545196,437.6829734047842,None,,,,,,,,,,,,,ED12,001,2024-01-19_16h42.43.079,rating,2023.2.3,60.041013913673886,2024-01-19 16h42.56.506389 +0800,
neg_181.jpg,0,115,115,91,437.71164443081034,,,,,,,,,,,,,,,,,,,,,,,437.6832060459328,,437.68323683667404,437.6832439641603,437.71164443081034,438.6949835041469,438.71165469439075,439.694993482628,439.694993482628,439.9783335823213,439.9285446699523,439.9285529378358,439.9783335823213,439.9783335823213,439.9783335823213,439.9783335823213,439.9783335823213,439.9783335823213,0.045144072155380854,440.5789066892321,[-275.0],[241.0],[1],[0],[0],[0.6000185884840903],440.5795102447646,440.5829032132988,None,,,,,,,,,,,,,ED12,001,2024-01-19_16h42.43.079,rating,2023.2.3,60.041013913673886,2024-01-19 16h42.56.506389 +0800,
neg_6.jpg,0,116,116,148,440.6116771602283,,,,,,,,,,,,,,,,,,,,,,,440.5831304375606,,440.5831606581014,440.58316778558765,440.6116771602283,441.5950156633644,441.6116777304269,442.5950216504534,442.5950216504534,442.8783768604171,442.82858253115955,442.828590799043,442.8783768604171,442.8783768604171,442.8783768604171,442.8783768604171,442.8783768604171,442.8783768604171,0.04526438412358402,444.9789881706547,[-295.0],[-64.0],[1],[0],[0],[2.1000505196225276],444.9796310699112,444.98290800297036,None,,,,,,,,,,,,,ED12,001,2024-01-19_16h42.43.079,rating,2023.2.3,60.041013913673886,2024-01-19 16h42.56.506389 +0800,
neg_86.jpg,0,117,117,177,445.011738969788,,,,,,,,,,,,,,,,,,,,,,,444.98313836332454,,444.98316915406576,444.9831759964509,445.011738969788,445.9950857408094,446.0117210085227,446.99506435835065,446.99506435835065,447.2784021772477,447.22861354997985,447.2286218178633,447.2784021772477,447.2784021772477,447.2784021772477,447.2784021772477,447.2784021772477,447.2784021772477,0.045286336779099656,447.7289799027694,[-277.0],[-198.0],[1],[0],[0],[0.4500234921943047],447.7296515970702,447.73301776625703,None,,,,,,,,,,,,,ED12,001,2024-01-19_16h42.43.079,rating,2023.2.3,60.041013913673886,2024-01-19 16h42.56.506389 +0800,
neg_95.jpg,0,118,118,187,447.7617392548873,,,,,,,,,,,,,,,,,,,,,,,447.733246986214,,447.7332777769552,447.73328490444146,447.7617392548873,448.74507519212966,448.7617500886663,449.7450925831963,449.7450925831963,450.0284178577185,449.9786212476647,449.97862951554816,450.0284178577185,450.0284178577185,450.0284178577185,450.0284178577185,450.0284178577185,450.0284178577185,0.04518968806769408,451.1289886838331,[-220.0],[-121.0],[1],[0],[0],[1.10003740504726],451.1296042135418,451.13297836551465,None,,,,,,,,,,,,,ED12,001,2024-01-19_16h42.43.079,rating,2023.2.3,60.041013913673886,2024-01-19 16h42.56.506389 +0800,
neu_13.jpg,0,119,119,226,451.16177283960315,,,,,,,,,,,,,,,,,,,,,,,451.1332087258688,,451.13323980170753,451.1332469291938,451.16177283960315,452.1451139086348,452.1617953624591,453.1451247424138,453.1451247424138,453.42846569740504,453.3786713681475,453.37867935093163,453.42846569740504,453.42846569740504,453.42846569740504,453.42846569740504,453.42846569740504,453.42846569740504,0.04527379240425944,454.3290489538558,[201.0],[-11.0],[1],[0],[0],[0.9000486949844344],454.3297004060969,461.12894591891563,space,454.3451565024916,454.3451565024916,6.77562502352157,None,,,,,,,,,ED12,001,2024-01-19_16h42.43.079,rating,2023.2.3,60.041013913673886,2024-01-19 16h42.56.506389 +0800,
neg_184.jpg,0,120,120,94,461.1452387821919,,,,,,,,,,,,,,,,,,,,,,,461.12930457402217,461.1452387821919,462.1287366559209,462.1287443536057,462.1618820326912,463.12854963068276,463.16189030057467,464.1285527667769,464.1285527667769,464.4119105426362,464.3621718077702,464.36217979055436,464.4119105426362,464.4119105426362,464.4119105426362,464.4119105426362,464.4119105426362,464.4119105426362,0.032804397831569077,465.612513927108,[-271.0],[-61.0],[1],[0],[0],[1.2000619806203758],465.6131325929109,465.61642292564466,None,,,,,462.1618820326912,,,,,,,,ED12,001,2024-01-19_16h42.43.079,rating,2023.2.3,60.041013913673886,2024-01-19 16h42.56.506389 +0800,
neu_53.jpg,0,121,121,333,465.6452544626627,,,,,,,,,,,,,,,,,,,,,,,465.6166555667951,,465.6166872128342,465.61669405522116,465.6452544626627,466.6285881191088,466.64525104146924,467.6286371562128,467.6286371562128,467.91193021449726,467.86221400248905,467.8622222703725,467.91193021449726,467.91193021449726,467.91193021449726,467.91193021449726,467.91193021449726,467.91193021449726,0.04529403446576907,469.11255099003756,[210.0],[11.0],[1],[0],[0],[1.2000559935313504],469.1131776386246,469.1164485845966,None,,,,,,,,,,,,,ED12,001,2024-01-19_16h42.43.079,rating,2023.2.3,60.041013913673886,2024-01-19 16h42.56.506389 +0800,
neu_98.jpg,0,122,122,382,469.1452835428063,,,,,,,,,,,,,,,,,,,,,,,469.1166803704473,,469.1167111611885,469.11671828867475,469.1452835428063,470.1286163439545,470.1452895298953,471.1286474197932,471.1286474197932,471.4119607201392,471.3621669610802,471.36218748824103,471.4119607201392,471.4119607201392,471.4119607201392,471.4119607201392,471.4119607201392,471.4119607201392,0.04530030665227969,472.56259329879504,[252.0],[10.0],[1],[0],[0],[1.150040997301403],472.5632544444161,472.56649146355267,None,,,,,,,,,,,,,ED12,001,2024-01-19_16h42.43.079,rating,2023.2.3,60.041013913673886,2024-01-19 16h42.56.506389 +0800,
neu_186.jpg,0,123,123,288,472.5953115965913,,,,,,,,,,,,,,,,,,,,,,,472.56672125370824,,472.5667511891497,472.56675831663597,472.5953115965913,473.57869314974596,473.59533012805514,474.5786845967614,474.5786845967614,474.8620038841964,474.81223150759433,474.8122400605789,474.8620038841964,474.8620038841964,474.8620038841964,474.8620038841964,474.8620038841964,474.8620038841964,0.04530173214880051,475.6127189136114,[293.0],[22.0],[1],[0],[0],[0.7501448305192753],475.6133735019448,475.6166812257452,None,,,,,,,,,,,,,ED12,001,2024-01-19_16h42.43.079,rating,2023.2.3,60.041013913673886,2024-01-19 16h42.56.506389 +0800,
neg_72.jpg,0,124,124,162,475.64533685640345,,,,,,,,,,,,,,,,,,,,,,,475.61691044570216,,475.6169409513441,475.6169480788303,475.64533685640345,476.62868020622955,476.6453456944855,477.6287061502808,477.6287061502808,477.9120237271163,477.8622350998485,477.86224336773193,477.9120237271163,477.9120237271163,477.9120237271163,477.9120237271163,477.9120237271163,477.9120237271163,0.04513181287802581,478.91278950423475,[-254.0],[15.0],[1],[0],[0],[1.0001456858190068],478.91344751376164,478.9167341402026,None,,,,,,,,,,,,,ED12,001,2024-01-19_16h42.43.079,rating,2023.2.3,60.041013913673886,2024-01-19 16h42.56.506389 +0800,
neg_46.jpg,0,125,125,133,478.94536838840213,,,,,,,,,,,,,,,,,,,,,,,478.91694226280015,,478.9169696323479,478.91697590453623,478.94536838840213,479.92871230842866,479.9453738052907,480.92871744021795,480.92871744021795,481.2120735054814,481.1623193752457,481.1623284984271,481.2120735054814,481.2120735054814,481.2120735054814,481.2120735054814,481.2120735054814,481.2120735054814,0.04515661653022107,481.6126775741923,[-269.0],[177.0],[1],[0],[0],[0.4000161936492077],481.6133122055635,481.6166749535587,None,,,,,,,,,,,,,ED12,001,2024-01-19_16h42.43.079,rating,2023.2.3,60.041013913673886,2024-01-19 16h42.56.506389 +0800,
neg_7.jpg,0,126,126,159,481.6453955868892,,,,,,,,,,,,,,,,,,,,,,,481.6169038884145,,481.61693382385783,481.6169409513441,481.6453955868892,482.6287377963181,482.64540185907754,483.62876972745653,483.62876972745653,483.91211638443747,483.86231521279296,483.8623234806764,483.91211638443747,483.91211638443747,483.91211638443747,483.91211638443747,483.91211638443747,483.91211638443747,0.04524300166303874,484.3627000970482,[-269.0],[200.0],[1],[0],[0],[0.4499881398642174],484.3633626681658,484.3667222800668,None,,,,,,,,,,,,,ED12,001,2024-01-19_16h42.43.079,rating,2023.2.3,60.041013913673886,2024-01-19 16h42.56.506389 +0800,
neu_6.jpg,0,127,127,340,484.3954403475018,,,,,,,,,,,,,,,,,,,,,,,484.3669520702224,,484.3669828609618,484.36698998844804,484.3954403475018,485.3787634552682,485.39542694782904,486.37877086785556,486.37877086785556,486.6621075463554,486.6123163531902,486.61232433597615,486.6621075463554,486.6621075463554,486.6621075463554,486.6621075463554,486.6621075463554,486.6621075463554,0.04517400759868906,487.5126889211497,[-213.0],[-17.0],[1],[0],[0],[0.8500194437820028],487.5133440796817,487.5167684091575,None,,,,,,,,,,,,,ED12,001,2024-01-19_16h42.43.079,rating,2023.2.3,60.041013913673886,2024-01-19 16h42.56.506389 +0800,
neg_8.jpg,0,128,128,170,487.5454474179696,,,,,,,,,,,,,,,,,,,,,,,487.51700105030613,,487.51703212614666,487.5170392536329,487.5454474179696,488.5287901975971,488.54545369015614,489.52880188667405,489.52880188667405,489.81213742477667,489.7623718905634,489.76238072864726,489.81213742477667,489.81213742477667,489.81213742477667,489.81213742477667,489.81213742477667,489.81213742477667,0.045236159277919796,490.3127572309786,[-251.0],[-61.0],[1],[0],[0],[0.499947826800053],490.31342493388547,490.31672781099587,None,,,,,,,,,,,,,ED12,001,2024-01-19_16h42.43.079,rating,2023.2.3,60.041013913673886,2024-01-19 16h42.56.506389 +0800,
neg_116.jpg,0,129,129,19,490.34549063904524,,,,,,,,,,,,,,,,,,,,,,,490.3169556054545,,490.3169852557967,490.3169920981836,490.34549063904524,491.32881802330303,491.34550004732773,492.32882458059066,492.32882458059066,492.61216867167605,492.56239230368374,492.5624008566683,492.61216867167605,492.61216867167605,492.61216867167605,492.61216867167605,492.61216867167605,492.61216867167605,0.045233023181936005,493.06283563332545,[-329.0],[264.0],[1],[0],[0],[0.4500742398959119],493.06350362133344,493.06677713320096,None,,,,,,,,,,,,,ED12,001,2024-01-19_16h42.43.079,rating,2023.2.3,60.041013913673886,2024-01-19 16h42.56.506389 +0800,
neu_88.jpg,0,130,130,371,493.0955339741613,,,,,,,,,,,,,,,,,,,,,,,493.067004357461,,493.06703429290246,493.0670414203887,493.0955339741613,494.0788425418559,494.0955194340895,495.07885309053563,495.07885309053563,495.3621903392341,495.3124461874795,495.31245445536297,495.3621903392341,495.3621903392341,495.3621903392341,495.3621903392341,495.3621903392341,495.3621903392341,0.04523644437722396,496.01283888346006,[191.0],[233.0],[1],[0],[0],[0.6499999429797754],496.0135094373618,496.01676470286475,None,,,,,,,,,,,,,ED12,001,2024-01-19_16h42.43.079,rating,2023.2.3,60.041013913673886,2024-01-19 16h42.56.506389 +0800,
neu_36.jpg,0,131,131,314,496.04552924150994,,,,,,,,,,,,,,,,,,,,,,,496.0169751062567,,496.0170036162017,496.0170101734893,496.04552924150994,497.02887116584134,497.0455377944945,498.02887715292854,498.02887715292854,498.31221725262185,498.2624377485354,498.26244658661926,498.31221725262185,498.31221725262185,498.31221725262185,498.31221725262185,498.31221725262185,498.31221725262185,0.04526466922288819,500.1130151319394,[-176.0],[-18.0],[1],[0],[0],[1.8001538396620163],500.11369623452083,500.1170373149562,None,,,,,,,,,,,,,ED12,001,2024-01-19_16h42.43.079,rating,2023.2.3,60.041013913673886,2024-01-19 16h42.56.506389 +0800,
neu_185.jpg,0,132,132,287,500.1455717783483,,,,,,,,,,,,,,,,,,,,,,,500.1172739474987,,500.11730701903434,500.1173152869196,500.1455717783483,501.12894591891563,501.14558004623177,502.1289430679208,502.1289430679208,502.41225494277023,502.3624534860264,502.3624617539099,502.41225494277023,502.41225494277023,502.41225494277023,502.41225494277023,502.41225494277023,502.41225494277023,0.04499781613776577,504.1630326940649,[49.0],[4.0],[1],[0],[0],[1.7500530284978595],504.16372862181925,504.1670255118388,None,,,,,,,,,,,,,ED12,001,2024-01-19_16h42.43.079,rating,2023.2.3,60.041013913673886,2024-01-19 16h42.56.506389 +0800,
neg_62.jpg,0,133,133,151,504.19560559114325,,,,,,,,,,,,,,,,,,,,,,,504.1672704122666,,504.16730376890155,504.1673114665864,504.19560559114325,505.1789460899763,505.19561157823046,506.1789569237553,506.1789569237553,506.4622958830514,506.41250611538453,506.4125149534666,506.4622958830514,506.4622958830514,506.4622958830514,506.4622958830514,506.4622958830514,506.4622958830514,0.045040581055218354,507.2129390674054,[-318.0],[82.0],[1],[0],[0],[0.7500233781556744],507.213557448109,507.2168477808427,None,,,,,,,,,,,,,ED12,001,2024-01-19_16h42.43.079,rating,2023.2.3,60.041013913673886,2024-01-19 16h42.56.506389 +0800,
neg_67.jpg,0,134,134,156,507.2456354125461,,,,,,,,,,,,,,,,,,,,,,,507.2170778560976,,507.21710921703743,507.21711605942437,507.2456354125461,508.22897534117874,508.24564938241747,509.22897477098013,509.22897477098013,509.5123385339284,509.4625367920853,509.46254505996876,509.5123385339284,509.5123385339284,509.5123385339284,509.5123385339284,509.5123385339284,509.5123385339284,0.045277213597728405,509.9129662658943,[-316.0],[178.0],[1],[0],[0],[0.40002360623475397],509.91364451748086,509.9169436882985,None,,,,,,,,,,,,,ED12,001,2024-01-19_16h42.43.079,rating,2023.2.3,60.041013913673886,2024-01-19 16h42.56.506389 +0800,
neu_25.jpg,0,135,135,302,509.94565833454,,,,,,,,,,,,,,,,,,,,,,,509.9171709125585,,509.9172017032979,509.91720883078415,509.94565833454,510.9290028247651,510.94566660242526,511.9290153691418,511.9290153691418,512.2123728599017,512.1625688372624,512.1625768200465,512.2123728599017,512.2123728599017,512.2123728599017,512.2123728599017,512.2123728599017,512.2123728599017,0.045221619204312447,513.962967292251,[104.0],[15.0],[1],[0],[0],[1.7500079827841546],513.9636498203308,513.9668050159271,None,,,,,,,,,,,,,ED12,001,2024-01-19_16h42.43.079,rating,2023.2.3,60.041013913673886,2024-01-19 16h42.56.506389 +0800,
neg_21.jpg,0,136,136,106,513.9956955685284,,,,,,,,,,,,,,,,,,,,,,,513.9670365166785,,513.9670684478169,513.9670755753032,513.9956955685284,514.9790392034556,514.9957044066123,515.9790469011405,515.9790469011405,516.262385290238,516.2125972331669,516.2126052159529,516.262385290238,516.262385290238,516.262385290238,516.262385290238,516.262385290238,516.262385290238,0.04536930072026735,517.3130052674987,[-341.0],[-192.0],[1],[0],[0],[1.0500255449114775],517.3136798127925,517.3169801240074,None,,,,,,,,,,,,,ED12,001,2024-01-19_16h42.43.079,rating,2023.2.3,60.041013913673886,2024-01-19 16h42.56.506389 +0800,
neu_73.jpg,0,137,137,355,517.3457289821836,,,,,,,,,,,,,,,,,,,,,,,517.3172130502571,,517.317244411197,517.3172512535821,517.3457289821836,518.3290723320115,518.3457814404828,519.329081740294,519.329081740294,519.6124172783948,519.5626286511269,519.5626369190104,519.6124172783948,519.6124172783948,519.6124172783948,519.6124172783948,519.6124172783948,519.6124172783948,0.045223329801956424,520.6131371545034,[219.0],[260.0],[1],[0],[0],[1.0001203119663842],520.6137809090578,520.6170689609953,None,,,,,,,,,,,,,ED12,001,2024-01-19_16h42.43.079,rating,2023.2.3,60.041013913673886,2024-01-19 16h42.56.506389 +0800,
neg_3.jpg,0,138,138,115,520.6457764797524,,,,,,,,,,,,,,,,,,,,,,,520.6172956150567,,520.6173264057979,520.6173332481849,520.6457764797524,521.6291189742806,521.6457967218139,522.6291491948232,522.6291491948232,522.9123789610294,522.8626946801596,522.8627035182417,522.9123789610294,522.9123789610294,522.9123789610294,522.9123789610294,522.9123789610294,522.9123789610294,0.045103017833753256,523.9631714234565,[-150.0],[-95.0],[1],[0],[0],[1.0501182022326248],523.9638590833256,523.9672272482094,None,,,,,,,,,,,,,ED12,001,2024-01-19_16h42.43.079,rating,2023.2.3,60.041013913673886,2024-01-19 16h42.56.506389 +0800,
neu_170.jpg,0,139,139,271,523.9957913619437,,,,,,,,,,,,,,,,,,,,,,,523.967456183067,,523.9674869738064,523.9674938161934,523.9957913619437,524.9791335713726,524.9957979192313,525.9791580899255,525.9791580899255,526.2624063875974,526.2127337958027,526.2127417785887,526.2624063875974,526.2624063875974,526.2624063875974,526.2624063875974,526.2624063875974,526.2624063875974,0.044969306194616365,526.6631738182914,[60.0],[176.0],[1],[0],[0],[0.4001142678589531],526.6638683205474,526.6671629297743,None,,,,,,,,,,,,,ED12,001,2024-01-19_16h42.43.079,rating,2023.2.3,60.041013913673886,2024-01-19 16h42.56.506389 +0800,
neu_21.jpg,0,140,140,298,526.6958174200336,,,,,,,,,,,,,,,,,,,,,,,526.6673941454264,,526.6674240808679,526.6674314934535,526.6958174200336,527.6791781609263,527.6958259730163,528.6791850033133,528.6791850033133,528.9624324456872,528.9127062551961,528.9127148081807,528.9624324456872,528.9624324456872,528.9624324456872,528.9624324456872,528.9624324456872,528.9624324456872,0.04505626152422337,530.7632471458692,[45.0],[140.0],[1],[0],[0],[1.8001410101878719],530.7639521968067,530.767281303064,None,,,,,,,,,,,,,ED12,001,2024-01-19_16h42.43.079,rating,2023.2.3,60.041013913673886,2024-01-19 16h42.56.506389 +0800,
neg_58.jpg,0,141,141,146,530.7958573909764,,,,,,,,,,,,,,,,,,,,,,,530.7675076720261,,530.7675376074694,530.7675447349557,530.7958573909764,531.7792272550523,531.7958859009213,532.7792187020677,532.7792187020677,533.0792126009401,533.0127733105874,533.0127815784708,533.0792126009401,533.0792126009401,533.0792126009401,533.0792126009401,533.0792126009401,533.0792126009401,0.06172688157130324,534.1132343734153,[-355.0],[118.0],[1],[0],[0],[1.0333640480475879],534.1139340074606,534.117264539218,None,,,,,,,,,,,,,ED12,001,2024-01-19_16h42.43.079,rating,2023.2.3,60.041013913673886,2024-01-19 16h42.56.506389 +0800,
neg_11.jpg,0,142,142,12,534.1458910897309,,,,,,,,,,,,,,,,,,,,,,,534.1174931889745,,534.1175236946165,534.1175305370034,534.1458910897309,535.1292261716735,535.1458976470185,536.129235579956,536.129235579956,536.4292440189001,536.3627796397941,536.3627881927787,536.4292440189001,536.4292440189001,536.4292440189001,536.4292440189001,536.4292440189001,536.4292440189001,0.061773922980137286,537.5798734614618,[-333.0],[53.0],[1],[0],[0],[1.1500187595447642],537.5805357474801,537.5838169570325,None,,,,,,,,,,,,,ED12,001,2024-01-19_16h42.43.079,rating,2023.2.3,60.041013913673886,2024-01-19 16h42.56.506389 +0800,
neg_60.jpg,0,143,143,149,537.6126085801261,,,,,,,,,,,,,,,,,,,,,,,537.5840427557941,,537.5840726912375,537.5840795336244,537.6126085801261,538.5959311176939,538.6125954655508,539.595939955776,539.595939955776,539.8959455437252,539.8294996960849,539.8295082490677,539.8959455437252,539.8959455437252,539.8959455437252,539.8959455437252,539.8959455437252,539.8959455437252,0.061962658814081806,540.6966054349086,[-334.0],[281.0],[1],[0],[0],[0.7999465723642061],540.6972571722472,540.7005737341296,None,,,,,,,,,,,,,ED12,001,2024-01-19_16h42.43.079,rating,2023.2.3,60.041013913673886,2024-01-19 16h42.56.506389 +0800,
neg_140.jpg,0,144,144,46,540.729288380373,,,,,,,,,,,,,,,,,,,,,,,540.7007804312307,,540.7008080858777,540.7008140729649,540.729288380373,541.7126414235827,541.7293590850368,542.7126345811957,542.7126345811957,543.012657845311,542.9461886195149,542.9461971724977,543.012657845311,543.012657845311,543.012657845311,543.012657845311,543.012657845311,543.012657845311,0.061903358129711705,544.8633783486366,[-314.0],[133.0],[1],[0],[0],[1.8500935696392844],544.8640480472404,544.8673623283285,None,,,,,,,,,,,,,ED12,001,2024-01-19_16h42.43.079,rating,2023.2.3,60.041013913673886,2024-01-19 16h42.56.506389 +0800,
neu_66.jpg,0,145,145,347,544.8959903043378,,,,,,,,,,,,,,,,,,,,,,,544.8675949694771,,544.8676257602183,544.8676328877045,544.8959903043378,545.879358457818,545.8959974318241,546.8793427773489,546.8793427773489,547.1793415229113,547.1129569716522,547.1129652395357,547.1793415229113,547.1793415229113,547.1793415229113,547.1793415229113,547.1793415229113,547.1793415229113,0.06176565509667853,548.380058947163,[166.0],[-19.0],[1],[0],[0],[1.2000545680348296],548.380735773253,548.3840249655896,None,,,,,,,,,,,,,ED12,001,2024-01-19_16h42.43.079,rating,2023.2.3,60.041013913673886,2024-01-19 16h42.56.506389 +0800,
neg_20.jpg,0,146,146,105,548.4126900045285,,,,,,,,,,,,,,,,,,,,,,,548.3842322328874,,548.384261313031,548.38426730012,548.4126900045285,549.396071272582,549.412707110494,550.3960917997429,550.3960917997429,550.6960839880176,550.6295734228024,550.6295814055866,550.6960839880176,550.6960839880176,550.6960839880176,550.6960839880176,550.6960839880176,550.6960839880176,0.061874277984315995,552.2966650777125,[-63.0],[-84.0],[1],[0],[0],[1.5999333437484893],552.297373834941,552.300773645864,None,,,,,,,,,,,,,ED12,001,2024-01-19_16h42.43.079,rating,2023.2.3,60.041013913673886,2024-01-19 16h42.56.506389 +0800,
neu_69.jpg,0,147,147,350,552.3293976304813,,,,,,,,,,,,,,,,,,,,,,,552.301005716814,,552.301033371461,552.30103935855,552.3293976304813,553.3127344230215,553.3293982006817,554.3127426909068,554.3127426909068,554.6127485639554,554.5463047120102,554.546313550094,554.6127485639554,554.6127485639554,554.6127485639554,554.6127485639554,554.6127485639554,554.6127485639554,0.06176708059319935,555.8466643934735,[167.0],[29.0],[1],[0],[0],[1.233259530590658],555.8473377983719,555.8506620579392,None,,,,,,,,,,,,,ED12,001,2024-01-19_16h42.43.079,rating,2023.2.3,60.041013913673886,2024-01-19 16h42.56.506389 +0800,
neg_71.jpg,0,148,148,161,555.8794514002384,,,,,,,,,,,,,,,,,,,,,,,555.8508895673003,,555.850921498437,555.8509289110225,555.8794514002384,556.8627673805186,556.8794434174542,557.8627782142976,557.8627782142976,558.1627838022468,558.0963827152191,558.0963912682037,558.1627838022468,558.1627838022468,558.1627838022468,558.1627838022468,558.1627838022468,558.1627838022468,0.061912481311082956,558.7635122883567,[-321.0],[295.0],[1],[0],[0],[0.600035409352131],558.7642261773763,558.767488855463,None,,,,,,,,,,,,,ED12,001,2024-01-19_16h42.43.079,rating,2023.2.3,60.041013913673886,2024-01-19 16h42.56.506389 +0800,
neu_117.jpg,0,149,149,212,558.7961239589604,,,,,,,,,,,,,,,,,,,,,,,558.7677177903206,,558.7677494363597,558.7677562787467,558.7961239589604,559.7795163458923,559.7961556049995,560.779487550848,560.779487550848,561.0794874368075,561.0130498570525,561.0130578398366,561.0794874368075,561.0794874368075,561.0794874368075,561.0794874368075,561.0794874368075,561.0794874368075,0.061790173647750635,563.1473684750727,[116.0],[99.0],[1],[0],[0],[2.067087036299199],563.1481445157715,573.3133000603284,space,563.1627920701303,563.1627920701303,10.13895262445476,None,,,,,,,,,ED12,001,2024-01-19_16h42.43.079,rating,2023.2.3,60.041013913673886,2024-01-19 16h42.56.506389 +0800,
neg_49.jpg,0,150,150,136,573.3295892173119,,,,,,,,,,,,,,,,,,,,,,,573.3136501624504,573.3295892173119,574.3131324218521,574.3131401195369,574.3462860665059,575.3129456817132,575.3462894876993,576.3129516688023,576.3129516688023,576.6129566865511,576.5465305107737,576.5465387786571,576.6129566865511,576.6129566865511,576.6129566865511,576.6129566865511,576.6129566865511,576.6129566865511,0.04950039172581455,578.213742477652,[-201.0],[19.0],[1],[0],[0],[1.600145172638804],578.2144195888413,578.2177532566911,None,,,,,574.3462860665059,,,,,,,,ED12,001,2024-01-19_16h42.43.079,rating,2023.2.3,60.041013913673886,2024-01-19 16h42.56.506389 +0800,
neu_168.jpg,0,151,151,268,578.2463350465914,,,,,,,,,,,,,,,,,,,,,,,578.2179867531395,,578.21801782898,578.2180252415656,578.2463350465914,579.2296518821695,579.2463433144749,580.2296555884623,580.2296555884623,580.5296594658157,580.4632084863842,580.4632173244681,580.5296594658157,580.5296594658157,580.5296594658157,580.5296594658157,580.5296594658157,580.5296594658157,0.06169238453730941,581.3304644726177,[219.0],[113.0],[1],[0],[0],[0.8001250446177437],581.331148426194,581.3344547244978,None,,,,,,,,,,,,,ED12,001,2024-01-19_16h42.43.079,rating,2023.2.3,60.041013913673886,2024-01-19 16h42.56.506389 +0800,
neg_106.jpg,0,152,152,8,581.3630003067683,,,,,,,,,,,,,,,,,,,,,,,581.3346847997527,,581.3347158755932,581.3347232881788,581.3630003067683,582.3463542052741,582.3630117107459,583.3463530648769,583.3463530648769,583.6463583677269,583.5798851505388,583.5798931333229,583.6463583677269,583.6463583677269,583.6463583677269,583.6463583677269,583.6463583677269,583.6463583677269,0.06169209943800524,584.2470671819756,[-256.0],[231.0],[1],[0],[0],[0.6000399709428166],584.2479025233588,584.2512441739927,None,,,,,,,,,,,,,ED12,001,2024-01-19_16h42.43.079,rating,2023.2.3,60.041013913673886,2024-01-19 16h42.56.506389 +0800,
neg_147.jpg,0,153,153,53,584.2796945330483,,,,,,,,,,,,,,,,,,,,,,,584.2514719684532,,584.2515033293912,584.2515101717781,584.2796945330483,585.2630373126758,585.2797221876936,586.2630450103607,586.2630450103607,586.5630520238083,586.4966452347908,586.4966532175767,586.5630520238083,586.5630520238083,586.5630520238083,586.5630520238083,586.5630520238083,586.5630520238083,0.06160115271268296,587.1638879924103,[-296.0],[282.0],[1],[0],[0],[0.6001420365446393],587.1645725161852,587.1679617784284,None,,,,,,,,,,,,,ED12,001,2024-01-19_16h42.43.079,rating,2023.2.3,60.041013913673886,2024-01-19 16h42.56.506389 +0800,
neu_141.jpg,0,154,154,239,587.1963924656211,,,,,,,,,,,,,,,,,,,,,,,587.1681895728871,,587.1682197934297,587.1682269209159,587.1963924656211,588.1797532065139,588.1964084311894,589.1797383813428,589.1797383813428,589.4797545179717,589.4132724627016,589.413280730585,589.4797545179717,589.4797545179717,589.4797545179717,589.4797545179717,589.4797545179717,589.4797545179717,0.06158547224367794,591.1471383998178,[108.0],[-53.0],[1],[0],[0],[1.6667253021187207],591.1478320467759,591.1512130411338,None,,,,,,,,,,,,,ED12,001,2024-01-19_16h42.43.079,rating,2023.2.3,60.041013913673886,2024-01-19 16h42.56.506389 +0800,
neu_190.jpg,0,155,155,293,591.1797640402929,,,,,,,,,,,,,,,,,,,,,,,591.1514428312894,,591.1514736220288,591.1514818899141,591.1797640402929,592.1631011179325,592.1797646104915,593.1631287725795,593.1631287725795,593.4631135482687,593.3966882277891,593.3966967807719,593.4631135482687,593.4631135482687,593.4631135482687,593.4631135482687,593.4631135482687,593.4631135482687,0.06169238453730941,593.8639468369365,[156.0],[-57.0],[1],[0],[0],[0.4001544668826682],593.8646778319217,593.8682079332921,None,,,,,,,,,,,,,ED12,001,2024-01-19_16h42.43.079,rating,2023.2.3,60.041013913673886,2024-01-19 16h42.56.506389 +0800,
neg_55.jpg,0,156,156,143,593.8964521654452,,,,,,,,,,,,,,,,,,,,,,,593.8684394340435,,593.8684693694868,593.868476496973,593.8964521654452,594.8797975109683,594.8964587227329,595.8798488288685,595.8798488288685,596.179808515808,596.1133675148576,596.1133760678404,596.179808515808,596.179808515808,596.179808515808,596.179808515808,596.179808515808,596.179808515808,0.061392174819047796,596.7805535376865,[-291.0],[237.0],[1],[0],[0],[0.6000431070351624],596.781288809163,596.7846814925997,None,,,,,,,,,,,,,ED12,001,2024-01-19_16h42.43.079,rating,2023.2.3,60.041013913673886,2024-01-19 16h42.56.506389 +0800,
neu_11.jpg,0,157,157,204,596.813183454653,,,,,,,,,,,,,,,,,,,,,,,596.7849121380532,,596.7849426436933,596.7849497711795,596.813183454653,597.7964880309555,597.8131803185588,598.7964994349331,598.7964994349331,599.0965004612917,599.0300968083702,599.030105361353,599.0965004612917,599.0965004612917,599.0965004612917,599.0965004612917,599.0965004612917,599.0965004612917,0.06161027589769219,599.4306221896331,[118.0],[-166.0],[1],[0],[0],[0.333444617152054],599.4313072836067,599.4346187136998,None,,,,,,,,,,,,,ED12,001,2024-01-19_16h42.43.079,rating,2023.2.3,60.041013913673886,2024-01-19 16h42.56.506389 +0800,
neg_171.jpg,0,158,158,80,599.4631910953176,,,,,,,,,,,,,,,,,,,,,,,599.4348248406022,,599.4348670353193,599.4348735926069,599.4631910953176,600.4465598189963,600.4631771254462,601.4465238964658,601.4465238964658,601.746525493023,601.6800830665761,601.6801018831393,601.746525493023,601.746525493023,601.746525493023,601.746525493023,601.746525493023,601.746525493023,0.06171120110229822,602.3472613917202,[-313.0],[167.0],[1],[0],[0],[0.6000297073624097],602.3479276691305,602.3512408098195,None,,,,,,,,,,,,,ED12,001,2024-01-19_16h42.43.079,rating,2023.2.3,60.041013913673886,2024-01-19 16h42.56.506389 +0800,
neg_137.jpg,0,159,159,42,602.379863083841,,,,,,,,,,,,,,,,,,,,,,,602.3514740211685,,602.3515050970091,602.351511939396,602.379863083841,603.3632072889668,603.3798727772228,604.3632132760558,604.3632132760558,604.663221715,604.5967667441764,604.5967747269606,604.663221715,604.663221715,604.663221715,604.663221715,604.663221715,604.663221715,0.061769646488755825,605.9307319529198,[-281.0],[-75.0],[1],[0],[0],[1.2668408244171587],605.9314238892821,605.9347145071151,None,,,,,,,,,,,,,ED12,001,2024-01-19_16h42.43.079,rating,2023.2.3,60.041013913673886,2024-01-19 16h42.56.506389 +0800,
neu_55.jpg,0,160,160,335,605.9632350006341,,,,,,,,,,,,,,,,,,,,,,,605.9349442972707,,605.9349750880101,605.934981930397,605.9632350006341,606.9466148431911,606.9632404175227,607.9466191196825,607.9466191196825,608.2466073165651,608.1801118616204,608.1801198444045,608.2466073165651,608.2466073165651,608.2466073165651,608.2466073165651,608.2466073165651,608.2466073165651,0.06168212095690251,609.3806536646116,[238.0],[-60.0],[1],[0],[0],[1.1333732282491837],609.3813547241552,609.3846479078838,None,,,,,,,,,,,,,ED12,001,2024-01-19_16h42.43.079,rating,2023.2.3,60.041013913673886,2024-01-19 16h42.56.506389 +0800,
neg_180.jpg,0,161,161,90,609.4132704670046,,,,,,,,,,,,,,,,,,,,,,,609.3848776980394,,609.3849084887788,609.3849153311658,609.4132704670046,610.3966209443188,610.413269896806,611.3966186635225,611.3966186635225,611.6966259620694,611.6301467577923,611.6301553107769,611.6966259620694,611.6966259620694,611.6966259620694,611.6966259620694,611.6966259620694,611.6966259620694,0.06176822099041601,612.3640169713999,[-347.0],[192.0],[1],[0],[0],[0.6667141832422203],612.3647670680493,612.3680733663514,None,,,,,,,,,,,,,ED12,001,2024-01-19_16h42.43.079,rating,2023.2.3,60.041013913673886,2024-01-19 16h42.56.506389 +0800,
neu_171.jpg,0,162,162,272,612.3966428969761,,,,,,,,,,,,,,,,,,,,,,,612.3683025863083,,612.3683336621489,612.3683407896351,612.3966428969761,613.379969425936,613.3966371949864,614.3799930891892,614.3799930891892,614.6800083705202,614.6135109198804,614.6135189026645,614.6800083705202,614.6800083705202,614.6800083705202,614.6800083705202,614.6800083705202,614.6800083705202,0.061724885874355095,615.6808531201859,[219.0],[-122.0],[1],[0],[0],[1.0001434050227545],615.6815983701435,615.6849212042143,None,,,,,,,,,,,,,ED12,001,2024-01-19_16h42.43.079,rating,2023.2.3,60.041013913673886,2024-01-19 16h42.56.506389 +0800,
neu_101.jpg,0,163,163,195,615.7133250920597,,,,,,,,,,,,,,,,,,,,,,,615.6851487135755,,615.6851789341163,615.6851860616025,615.7133250920597,616.6967003730242,616.7133327897445,617.6967015134232,617.6967015134232,617.9967159394546,617.9302524156483,617.930260968631,617.9967159394546,617.9967159394546,617.9967159394546,617.9967159394546,617.9967159394546,617.9967159394546,0.06159630602451216,619.0640991940818,[-160.0],[-58.0],[1],[0],[0],[1.0666896076691046],619.0648070960124,619.0680769015853,None,,,,,,,,,,,,,ED12,001,2024-01-19_16h42.43.079,rating,2023.2.3,60.041013913673886,2024-01-19 16h42.56.506389 +0800,
neu_142.jpg,0,164,164,240,619.0966948991154,,,,,,,,,,,,,,,,,,,,,,,619.0682844539842,,619.0683121086295,619.0683186659171,619.0966948991154,620.0800314065564,620.0967000309047,621.0800422403354,621.0800422403354,621.3800435517915,621.3135743259973,621.3135825938807,621.3800435517915,621.3800435517915,621.3800435517915,621.3800435517915,621.3800435517915,621.3800435517915,0.061784186558725196,622.4476129763589,[269.0],[-79.0],[1],[0],[0],[1.0668506888559932],622.4483684898969,622.4516368699733,None,,,,,,,,,,,,,ED12,001,2024-01-19_16h42.43.079,rating,2023.2.3,60.041013913673886,2024-01-19 16h42.56.506389 +0800,
neg_117.jpg,0,165,165,20,622.4800555829897,,,,,,,,,,,,,,,,,,,,,,,622.4518632389354,,622.4518945998752,622.4519014422622,622.4800555829897,623.46340206891,623.4800649912704,624.4634146132867,624.4634146132867,624.7634276138215,624.6969401416609,624.6969484095443,624.7634276138215,624.7634276138215,624.7634276138215,624.7634276138215,624.7634276138215,624.7634276138215,0.061585757344801095,626.4976405169655,[-333.0],[-65.0],[1],[0],[0],[1.7335015800217661],626.498403443089,626.5016772400559,None,,,,,,,,,,,,,ED12,001,2024-01-19_16h42.43.079,rating,2023.2.3,60.041013913673886,2024-01-19 16h42.56.506389 +0800,
neg_76.jpg,0,166,166,166,626.5301059315516,,,,,,,,,,,,,,,,,,,,,,,626.5019067451121,,626.5019372507522,626.5019446633378,626.5301059315516,627.5134464303846,627.5301307352038,628.5134435793898,628.5134435793898,628.8134494524384,628.7469716736596,628.746979941543,628.8134494524384,628.8134494524384,628.8134494524384,628.8134494524384,628.8134494524384,628.8134494524384,0.06156294938955398,629.7475700974028,[-318.0],[-102.0],[1],[0],[0],[0.9334101771382848],629.7482811354257,629.7516655509789,None,,,,,,,,,,,,,ED12,001,2024-01-19_16h42.43.079,rating,2023.2.3,60.041013913673886,2024-01-19 16h42.56.506389 +0800,
neg_169.jpg,0,167,167,77,629.780143849779,,,,,,,,,,,,,,,,,,,,,,,629.7518939156362,,629.7519244212781,629.7519315487643,629.780143849779,630.7634649618485,630.7801301650052,631.763474370131,631.763474370131,632.0634742560906,631.9970038898973,631.9970118726815,632.0634742560906,632.0634742560906,632.0634742560906,632.0634742560906,632.0634742560906,632.0634742560906,0.06160058251407463,633.5975901113834,[-250.0],[194.0],[1],[0],[0],[1.5333842901072785],633.5982720692646,633.6016658930967,None,,,,,,,,,,,,,ED12,001,2024-01-19_16h42.43.079,rating,2023.2.3,60.041013913673886,2024-01-19 16h42.56.506389 +0800,
neu_156.jpg,0,168,168,255,633.6301618680627,,,,,,,,,,,,,,,,,,,,,,,633.6018971087506,,633.6019276143907,633.6019347418769,633.6301618680627,634.6134966649079,634.6301644339583,635.6135174771662,635.6135174771662,635.9302085103336,635.8470720856858,635.8470803535693,635.9302085103336,635.9302085103336,635.9302085103336,635.9302085103336,635.9302085103336,635.9302085103336,0.07833763073358568,637.197660302867,[255.0],[-59.0],[1],[0],[0],[1.266664062759446],637.1983750471845,637.2016727925038,None,,,,,,,,,,,,,ED12,001,2024-01-19_16h42.43.079,rating,2023.2.3,60.041013913673886,2024-01-19 16h42.56.506389 +0800,
neu_145.jpg,0,169,169,243,637.2301947115193,,,,,,,,,,,,,,,,,,,,,,,637.2019128462398,,637.2019453475768,637.201953330361,637.2301947115193,638.213534925253,638.2302006986083,639.213568281888,639.213568281888,639.5135524873785,639.4470786999937,639.4470869678771,639.5135524873785,639.5135524873785,639.5135524873785,639.5135524873785,639.5135524873785,639.5135524873785,0.06165788750513457,640.2476117219212,[276.0],[-150.0],[1],[0],[0],[0.7333162653794716],640.2483244705418,640.2515694724643,None,,,,,,,,,,,,,ED12,001,2024-01-19_16h42.43.079,rating,2023.2.3,60.041013913673886,2024-01-19 16h42.56.506389 +0800,
neu_159.jpg,0,170,170,258,640.2802251031208,,,,,,,,,,,,,,,,,,,,,,,640.2518018285136,,640.2518323341556,640.2518394616418,640.2802251031208,641.2635898354074,641.2802308051105,642.2635741549366,642.2635741549366,642.5635800279852,642.4971233465658,642.4971316144511,642.5635800279852,642.5635800279852,642.5635800279852,642.5635800279852,642.5635800279852,642.5635800279852,0.06179844153302838,643.6310399743652,[250.0],[-164.0],[1],[0],[0],[1.0666841907786875],643.6317307703284,643.6350216732608,None,,,,,,,,,,,,,ED12,001,2024-01-19_16h42.43.079,rating,2023.2.3,60.041013913673886,2024-01-19 16h42.56.506389 +0800,
neg_68.jpg,0,171,171,157,643.6635880677895,,,,,,,,,,,,,,,,,,,,,,,643.6352534591115,,643.635284534952,643.6352916624382,643.6635880677895,644.646956506369,644.6635949101765,645.6469522298776,645.6469522298776,645.9469464138492,645.8805453268214,645.8805535947049,645.9469464138492,645.9469464138492,645.9469464138492,645.9469464138492,645.9469464138492,645.9469464138492,0.06172317527853011,647.2811890243556,[-244.0],[47.0],[1],[0],[0],[1.3334799694839603],647.2819553716727,647.2852377216223,None,,,,,,,,,,,,,ED12,001,2024-01-19_16h42.43.079,rating,2023.2.3,60.041013913673886,2024-01-19 16h42.56.506389 +0800,
neg_115.jpg,0,172,172,18,647.3136513028476,,,,,,,,,,,,,,,,,,,,,,,647.2854652309834,,647.2854948813256,647.2855020088118,647.3136513028476,648.2969650023333,648.3136313458872,649.2969746957133,649.2969746957133,649.5969777177688,649.5305230320446,649.5305310148287,649.5969777177688,649.5969777177688,649.5969777177688,649.5969777177688,649.5969777177688,649.5969777177688,0.0615335841448541,649.8644169659274,[-265.0],[219.0],[1],[0],[0],[0.2666711902456882],649.8651807473489,649.868454829415,None,,,,,,,,,,,,,ED12,001,2024-01-19_16h42.43.079,rating,2023.2.3,60.041013913673886,2024-01-19 16h42.56.506389 +0800,
neg_39.jpg,0,173,173,125,649.8969813100211,,,,,,,,,,,,,,,,,,,,,,,649.8686834791715,,649.868714555012,649.8687216824983,649.8969813100211,650.8803212386556,650.8969878673088,651.8803517442957,651.8803517442957,652.1803333838907,652.1138926680414,652.1139015061235,652.1803333838907,652.1803333838907,652.1803333838907,652.1803333838907,652.1803333838907,652.1803333838907,0.06167299777553126,652.5144804860829,[-273.0],[253.0],[1],[0],[0],[0.3333827505703084],652.5152097704722,652.5185166389747,None,,,,,,,,,,,,,ED12,001,2024-01-19_16h42.43.079,rating,2023.2.3,60.041013913673886,2024-01-19 16h42.56.506389 +0800,
neu_139.jpg,0,174,174,236,652.5470254434149,,,,,,,,,,,,,,,,,,,,,,,652.5187435781354,,652.5187740837773,652.5187809261624,652.5470254434149,653.530348266082,653.5470123288414,654.5303559637687,654.5303559637687,654.8303701047007,654.76390914679,654.7639174146734,654.8303701047007,654.8303701047007,654.8303701047007,654.8303701047007,654.8303701047007,654.8303701047007,0.06164762392290868,655.4312485531209,[302.0],[249.0],[1],[0],[0],[0.6001428918443708],655.4320012156641,655.4352784338244,None,,,,,,,,,,,,,ED12,001,2024-01-19_16h42.43.079,rating,2023.2.3,60.041013913673886,2024-01-19 16h42.56.506389 +0800,
neg_59.jpg,0,175,175,147,655.463735635265,,,,,,,,,,,,,,,,,,,,,,,655.4355099345757,,655.435540725317,655.4355478528032,655.463735635265,656.4470824062864,656.4637176739998,657.447049334749,657.447049334749,657.7470580587924,657.6806558313674,657.6806638141516,657.7470580587924,657.7470580587924,657.7470580587924,657.7470580587924,657.7470580587924,657.7470580587924,0.061571787469802075,659.7478700220217,[-337.0],[126.0],[1],[0],[0],[2.0000413394191128],659.7485944597192,659.7518716778795,None,,,,,,,,,,,,,ED12,001,2024-01-19_16h42.43.079,rating,2023.2.3,60.041013913673886,2024-01-19 16h42.56.506389 +0800,
neg_88.jpg,0,176,176,179,659.7804238174358,,,,,,,,,,,,,,,,,,,,,,,659.7520989021396,,659.7521296928808,659.752136820367,659.7804238174358,660.7637480656012,660.7804129836568,661.7637569036833,661.7637569036833,662.0637633469305,661.9973129376995,661.9973209204836,662.0637633469305,662.0637633469305,662.0637633469305,662.0637633469305,662.0637633469305,662.0637633469305,0.061685542150371475,662.9313041475125,[-341.0],[-144.0],[1],[0],[0],[0.866810660894771],662.9320260193163,662.9353314623222,None,,,,,,,,,,,,,ED12,001,2024-01-19_16h42.43.079,rating,2023.2.3,60.041013913673886,2024-01-19 16h42.56.506389 +0800,
neg_112.jpg,0,177,177,15,662.9637718428949,,,,,,,,,,,,,,,,,,,,,,,662.9355598269794,,662.93559090282,662.9355980303062,662.9637718428949,663.9471476940598,663.9637778299839,664.9471519705512,664.9471519705512,665.247158983997,665.1806544058709,665.1806626737543,665.247158983997,665.247158983997,665.247158983997,665.247158983997,665.247158983997,665.247158983997,0.06161996927767177,665.7812982174455,[-330.0],[-210.0],[1],[0],[0],[0.533378303020072],665.7820674157574,665.7853640206777,None,,,,,,,,,,,,,ED12,001,2024-01-19_16h42.43.079,rating,2023.2.3,60.041013913673886,2024-01-19 16h42.56.506389 +0800,
neg_28.jpg,0,178,178,113,665.8138183711253,,,,,,,,,,,,,,,,,,,,,,,665.7855918151381,,665.7856226058775,665.7856297333637,665.8138183711253,666.7971386278969,666.8138018353566,667.7971468957803,667.7971468957803,668.0971547645258,668.0306815473377,668.0306901003223,668.0971547645258,668.0971547645258,668.0971547645258,668.0971547645258,668.0971547645258,668.0971547645258,0.06158233615133213,668.4979612538446,[-302.0],[-202.0],[1],[0],[0],[0.40003957180306315],668.4986945296259,668.5020615541125,None,,,,,,,,,,,,,ED12,001,2024-01-19_16h42.43.079,rating,2023.2.3,60.041013913673886,2024-01-19 16h42.56.506389 +0800,
neg_77.jpg,0,179,179,167,668.5304908158068,,,,,,,,,,,,,,,,,,,,,,,668.5022944803604,,668.502324700903,668.5023318283893,668.5304908158068,669.5138301742427,669.5304976581938,670.5138367315285,670.5138367315285,670.8138437449761,670.7473787956715,670.747387348656,670.8138437449761,670.8138437449761,670.8138437449761,670.8138437449761,670.8138437449761,670.8138437449761,0.061571217271193746,671.3479501919865,[-280.0],[-127.0],[1],[0],[0],[0.5333324020084547],671.3486948717455,676.5642973381982,space,671.3638487627268,671.3638487627268,5.195490125866854,None,,,,,,,,,ED12,001,2024-01-19_16h42.43.079,rating,2023.2.3,60.041013913673886,2024-01-19 16h42.56.506389 +0800,
neu_109.jpg,0,180,180,203,676.5805616915295,,,,,,,,,,,,,,,,,,,,,,,676.5646941966297,676.5805616915295,677.5641006195783,677.5641080321639,677.5972385837631,678.5639207218264,678.5972742211943,679.5639210069257,679.5639210069257,679.8639357180582,679.7974816025326,679.7974898704178,679.8639357180582,679.8639357180582,679.8639357180582,679.8639357180582,679.8639357180582,679.8639357180582,0.04946703509267536,681.3980969041622,[196.0],[-100.0],[1],[0],[0],[1.5333540695664851],681.3988806425459,681.402188081247,None,,,,,677.5972385837631,,,,,,,,ED12,001,2024-01-19_16h42.43.079,rating,2023.2.3,60.041013913673886,2024-01-19 16h42.56.506389 +0800,
neu_134.jpg,0,181,181,231,681.4306099303558,,,,,,,,,,,,,,,,,,,,,,,681.4024184416012,,681.4024500876403,681.4024572151266,681.4306099303558,682.4139886325156,682.4306210492341,683.4139829305259,683.4139829305259,683.7139930800677,683.6474944890288,683.6475024718129,683.7139930800677,683.7139930800677,683.7139930800677,683.7139930800677,683.7139930800677,683.7139930800677,0.061595450724780676,684.4481047729078,[197.0],[-36.0],[1],[0],[0],[0.7333692938773311],684.4488371933912,684.4521215390359,None,,,,,,,,,,,,,ED12,001,2024-01-19_16h42.43.079,rating,2023.2.3,60.041013913673886,2024-01-19 16h42.56.506389 +0800,
neu_130.jpg,0,182,182,227,684.480685367671,,,,,,,,,,,,,,,,,,,,,,,684.4523501887943,,684.4523798391365,684.4523869666227,684.480685367671,685.4639785399941,685.480646023947,686.4639836717852,686.4639836717852,686.7639941064244,686.697522599834,686.6975308677174,686.7639941064244,686.7639941064244,686.7639941064244,686.7639941064244,686.7639941064244,686.7639941064244,0.06166644048789749,687.9648101750863,[217.0],[-131.0],[1],[0],[0],[1.2000420236581704],687.9655964793637,687.9689284366177,None,,,,,,,,,,,,,ED12,001,2024-01-19_16h42.43.079,rating,2023.2.3,60.041013913673886,2024-01-19 16h42.56.506389 +0800,
neg_84.jpg,0,183,183,175,687.9973411625451,,,,,,,,,,,,,,,,,,,,,,,687.9691573714754,,687.9691875920162,687.9691947195024,687.9973411625451,688.9806793805819,688.997338026451,689.980739536566,689.980739536566,690.2806943768137,690.2142878728973,690.2142978513766,690.2806943768137,690.2806943768137,690.2806943768137,690.2806943768137,690.2806943768137,690.2806943768137,0.061559813295389176,691.1482286201081,[-178.0],[-84.0],[1],[0],[0],[0.8666960509162891],691.1489727296685,691.1522952786399,None,,,,,,,,,,,,,ED12,001,2024-01-19_16h42.43.079,rating,2023.2.3,60.041013913673886,2024-01-19 16h42.56.506389 +0800,
neg_134.jpg,0,184,184,39,691.1807020174783,,,,,,,,,,,,,,,,,,,,,,,691.1525230730986,,691.1525538638398,691.152560991326,691.1807020174783,692.1640499288969,692.1807082896667,693.1640687454601,693.1640687454601,693.4640717675138,693.3976182221886,693.3976267751732,693.4640717675138,693.4640717675138,693.4640717675138,693.4640717675138,693.4640717675138,693.4640717675138,0.06158319144924462,694.5315798956999,[-280.0],[204.0],[1],[0],[0],[1.0666947394602175],694.5323730423661,694.5357280926746,None,,,,,,,,,,,,,ED12,001,2024-01-19_16h42.43.079,rating,2023.2.3,60.041013913673886,2024-01-19 16h42.56.506389 +0800,
neu_164.jpg,0,185,185,264,694.5640438847877,,,,,,,,,,,,,,,,,,,,,,,694.5359567424312,,694.5359878182717,694.5359949457579,694.5640438847877,695.5474080468757,695.564073820231,696.5474385525158,696.5474385525158,696.8474219027084,696.7809458345273,696.7809541024108,696.8474219027084,696.8474219027084,696.8474219027084,696.8474219027084,696.8474219027084,696.8474219027084,0.06148483213837608,699.5149474789796,[205.0],[-60.0],[1],[0],[0],[2.6667444037830137],699.5157468978341,699.519090544165,None,,,,,,,,,,,,,ED12,001,2024-01-19_16h42.43.079,rating,2023.2.3,60.041013913673886,2024-01-19 16h42.56.506389 +0800,
neg_131.jpg,0,186,186,36,699.5474491011955,,,,,,,,,,,,,,,,,,,,,,,699.5193223300157,,699.5193534058562,699.5193608184418,699.5474491011955,700.5308072761945,700.547476185644,701.5308115526859,701.5308115526859,701.8308516376692,701.7643330896681,701.7643413575533,701.8308516376692,701.8308516376692,701.8308516376692,701.8308516376692,701.8308516376692,701.8308516376692,0.061550119913590606,702.6316264239304,[-214.0],[229.0],[1],[0],[0],[0.7999887670812313],702.6323482957323,702.6356916569639,None,,,,,,,,,,,,,ED12,001,2024-01-19_16h42.43.079,rating,2023.2.3,60.041013913673886,2024-01-19 16h42.56.506389 +0800,
neu_62.jpg,0,187,187,343,702.6641457223122,,,,,,,,,,,,,,,,,,,,,,,702.6359214471195,,702.6359530931586,702.6359599355455,702.6641457223122,703.6475144459891,703.6641480031067,704.647540960239,704.647540960239,704.9474938047897,704.8810254342934,704.8810337021769,704.9474938047897,704.9474938047897,704.9474938047897,704.9474938047897,704.9474938047897,704.9474938047897,0.06163564974849578,706.2816602937437,[289.0],[-50.0],[1],[0],[0],[1.3333094800127583],706.2824155221824,706.285748049635,None,,,,,,,,,,,,,ED12,001,2024-01-19_16h42.43.079,rating,2023.2.3,60.041013913673886,2024-01-19 16h42.56.506389 +0800,
neg_114.jpg,0,188,188,17,706.3141761709321,,,,,,,,,,,,,,,,,,,,,,,706.2859761291948,,706.2860072050335,706.2860140474204,706.3141761709321,707.2975160995666,707.314206676574,708.2975300694397,708.2975300694397,708.5975541888529,708.5310758398755,708.5310841077589,708.5975541888529,708.5975541888529,708.5975541888529,708.5975541888529,708.5975541888529,708.5975541888529,0.06159630602451216,709.7983579982374,[-241.0],[33.0],[1],[0],[0],[1.1999676127034036],709.7991400260253,709.8023625050901,None,,,,,,,,,,,,,ED12,001,2024-01-19_16h42.43.079,rating,2023.2.3,60.041013913673886,2024-01-19 16h42.56.506389 +0800,
neg_150.jpg,0,189,189,57,709.8308949727852,,,,,,,,,,,,,,,,,,,,,,,709.802590584648,,709.8026199498909,709.8026270773771,709.8308949727852,710.8142371822141,710.8309026704701,711.8142648368612,711.8142648368612,712.1142584506342,712.0477724039702,712.0477806718554,712.1142584506342,712.1142584506342,712.1142584506342,712.1142584506342,712.1142584506342,712.1142584506342,0.06169067393966543,712.5150840416154,[-229.0],[205.0],[1],[0],[0],[0.39999452609117725],712.5158455422425,712.5192333789873,None,,,,,,,,,,,,,ED12,001,2024-01-19_16h42.43.079,rating,2023.2.3,60.041013913673886,2024-01-19 16h42.56.506389 +0800,
neg_168.jpg,0,190,190,76,712.5476144588756,,,,,,,,,,,,,,,,,,,,,,,712.5194600330487,,712.5194905386907,712.5194976661769,712.5476144588756,713.5309344305479,713.5475751151516,714.5309167543837,714.5309167543837,714.8309166403433,714.7644525463384,714.7644608142218,714.8309166403433,714.8309166403433,714.8309166403433,714.8309166403433,714.8309166403433,714.8309166403433,0.06149110432670568,715.3651280039503,[-228.0],[234.0],[1],[0],[0],[0.5333783030182531],715.3659268526062,715.3692901707982,None,,,,,,,,,,,,,ED12,001,2024-01-19_16h42.43.079,rating,2023.2.3,60.041013913673886,2024-01-19 16h42.56.506389 +0800,
neu_17.jpg,0,191,191,270,715.3975954142334,,,,,,,,,,,,,,,,,,,,,,,715.3695193907552,,715.369549611296,715.3695570238815,715.3975954142334,716.380937338563,716.3976011162213,717.3809456064464,717.3809456064464,717.680951479495,717.6145016404625,717.614509908346,717.680951479495,717.680951479495,717.680951479495,717.680951479495,717.680951479495,717.680951479495,0.06145233080314938,719.0151011475828,[-28.0],[-164.0],[1],[0],[0],[1.3333425515484123],719.0158501038331,719.0191926097668,None,,,,,,,,,,,,,ED12,001,2024-01-19_16h42.43.079,rating,2023.2.3,60.041013913673886,2024-01-19 16h42.56.506389 +0800,
neg_107.jpg,0,192,192,9,719.0476389774285,,,,,,,,,,,,,,,,,,,,,,,719.0194232552203,,719.0194543310608,719.0194614585471,719.0476389774285,720.0309997183231,720.0476520920038,721.0309774805646,721.0309774805646,721.3309856344094,721.2645375059728,721.2645457738581,721.3309856344094,721.3309856344094,721.3309856344094,721.3309856344094,721.3309856344094,721.3309856344094,0.06158376164785295,723.265221459551,[43.0],[-42.0],[1],[0],[0],[1.9334161642254912],723.2660131807188,723.2693414316782,None,,,,,,,,,,,,,ED12,001,2024-01-19_16h42.43.079,rating,2023.2.3,60.041013913673886,2024-01-19 16h42.56.506389 +0800,
neg_40.jpg,0,193,193,127,723.2976894400308,,,,,,,,,,,,,,,,,,,,,,,723.2695715069331,,723.2696034380715,723.2696105655577,723.2976894400308,724.2810153987921,724.2976777509539,725.2810216709804,725.2810216709804,725.581125903338,725.5145905344707,725.5145990874535,725.581125903338,725.581125903338,725.581125903338,725.581125903338,725.581125903338,725.581125903338,0.0615746384664817,727.1152135337852,[-176.0],[-114.0],[1],[0],[0],[1.533275667217822],727.115973894015,727.1193061363665,None,,,,,,,,,,,,,ED12,001,2024-01-19_16h42.43.079,rating,2023.2.3,60.041013913673886,2024-01-19 16h42.56.506389 +0800,
neu_81.jpg,0,194,194,364,727.1477108795098,,,,,,,,,,,,,,,,,,,,,,,727.1195364967207,,727.1195675725612,727.1195747000475,727.1477108795098,728.1310502379438,728.147713160306,729.1310582207298,729.1310582207298,729.4310894676291,729.3646530282695,729.3646612961547,729.4310894676291,729.4310894676291,729.4310894676291,729.4310894676291,729.4310894676291,729.4310894676291,0.06157577886369836,730.1653043664701,[170.0],[178.0],[1],[0],[0],[0.733381268053563],730.166117755196,730.1694442955595,None,,,,,,,,,,,,,ED12,001,2024-01-19_16h42.43.079,rating,2023.2.3,60.041013913673886,2024-01-19 16h42.56.506389 +0800,
neu_188.jpg,0,195,195,290,730.1977144717621,,,,,,,,,,,,,,,,,,,,,,,730.1696752261123,,730.1697060168535,730.1697128592405,730.1977144717621,731.1811025822026,731.197742981707,732.1811174073755,732.1811174073755,732.4810309082022,732.4146449314449,732.4146537695287,732.4810309082022,732.4810309082022,732.4810309082022,732.4810309082022,732.4810309082022,732.4810309082022,0.06137734964795527,733.4154226827413,[156.0],[82.0],[1],[0],[0],[0.9335532970617351],733.4162400628593,733.4196082277431,None,,,,,,,,,,,,,ED12,001,2024-01-19_16h42.43.079,rating,2023.2.3,60.041013913673886,2024-01-19 16h42.56.506389 +0800,
neu_78.jpg,0,196,196,360,733.4477660747634,,,,,,,,,,,,,,,,,,,,,,,733.4198397284945,,733.4198705192357,733.419877646722,733.4477660747634,734.4311062884954,734.4477743426469,735.4311154116785,735.4311154116785,735.7310474439691,735.6646506334346,735.664658901318,735.7310474439691,735.7310474439691,735.7310474439691,735.7310474439691,735.7310474439691,735.7310474439691,0.06122852773478371,737.3986565543801,[150.0],[-52.0],[1],[0],[0],[1.6668031342687755],737.3994260377913,737.4027021155525,None,,,,,,,,,,,,,ED12,001,2024-01-19_16h42.43.079,rating,2023.2.3,60.041013913673886,2024-01-19 16h42.56.506389 +0800,
neu_132.jpg,0,197,197,229,737.4311302368496,,,,,,,,,,,,,,,,,,,,,,,737.4029299100112,,737.4029604156531,737.4029683984372,737.4311302368496,738.4144966797321,738.4311387898324,739.4145146409974,739.4145146409974,739.7311443777817,739.6480216379077,739.6480296206937,739.7311443777817,739.7311443777817,739.7311443777817,739.7311443777817,739.7311443777817,739.7311443777817,0.07825951348422677,740.9320704948314,[138.0],[167.0],[1],[0],[0],[1.2000602700245508],740.9328964279321,740.9362426401585,None,,,,,,,,,,,,,ED12,001,2024-01-19_16h42.43.079,rating,2023.2.3,60.041013913673886,2024-01-19 16h42.56.506389 +0800,
neg_79.jpg,0,198,198,169,740.964537334914,,,,,,,,,,,,,,,,,,,,,,,740.9364718601155,,740.9365023657556,740.9365092081425,740.964537334914,741.9478459026086,741.9645131014604,742.9478536002935,742.9478536002935,743.2645469142553,743.1814130555031,743.1814216084858,743.2645469142553,743.2645469142553,743.2645469142553,743.2645469142553,743.2645469142553,743.2645469142553,0.07809700679899834,744.5989143983206,[-89.0],[-58.0],[1],[0],[0],[1.3335215940023772],744.5997309231407,744.6029961671229,None,,,,,,,,,,,,,ED12,001,2024-01-19_16h42.43.079,rating,2023.2.3,60.041013913673886,2024-01-19 16h42.56.506389 +0800,
neu_5.jpg,0,199,199,329,744.6312093234374,,,,,,,,,,,,,,,,,,,,,,,744.6032268125782,,744.6032587437148,744.6032658712011,744.6312093234374,745.6145469712756,745.631213885028,746.6145549540597,746.6145549540597,746.9312277408608,746.8480910311137,746.8480998691975,746.9312277408608,746.9312277408608,746.9312277408608,746.9312277408608,746.9312277408608,746.9312277408608,0.07802145544337691,749.1321883549426,[132.0],[81.0],[1],[0],[0],[2.2000631210175925],749.1330379512983,749.1363339860218,None,,,,,,,,,,,,,ED12,001,2024-01-19_16h42.43.079,rating,2023.2.3,60.041013913673886,2024-01-19 16h42.56.506389 +0800,
neg_105.jpg,0,200,200,7,749.1645659588976,,,,,,,,,,,,,,,,,,,,,,,749.1365740397578,,749.1366062559955,749.1366133834817,749.1645659588976,750.1479398143674,750.1645916178495,751.1479708902061,751.1479708902061,751.4646194435554,751.3814890059948,751.3814969887808,751.4646194435554,751.4646194435554,751.4646194435554,751.4646194435554,751.4646194435554,751.4646194435554,0.0780838922237308,753.1988200874239,[-238.0],[-114.0],[1],[0],[0],[1.733339643533327],753.1996491566188,753.2030133301105,None,,,,,,,,,,,,,ED12,001,2024-01-19_16h42.43.079,rating,2023.2.3,60.041013913673886,2024-01-19 16h42.56.506389 +0800,
neg_185.jpg,0,201,201,95,753.2312886381042,,,,,,,,,,,,,,,,,,,,,,,753.2032448308619,,753.2032756216031,753.2032827490893,753.2312886381042,754.2146285667368,754.2312874977051,755.2146550809866,755.2146550809866,755.5313096214231,755.448162077897,755.4481703457805,755.5313096214231,755.5313096214231,755.5313096214231,755.5313096214231,755.5313096214231,755.5313096214231,0.0780870283178956,756.265518533175,[-253.0],[157.0],[1],[0],[0],[0.7333584600983158],756.2663230838189,756.269695525194,None,,,,,,,,,,,,,ED12,001,2024-01-19_16h42.43.079,rating,2023.2.3,60.041013913673886,2024-01-19 16h42.56.506389 +0800,
neu_100.jpg,0,202,202,194,756.2979822371653,,,,,,,,,,,,,,,,,,,,,,,756.2699267408461,,756.269957246488,756.2699646590736,756.2979822371653,757.2813421227602,757.2979859434581,758.2813549522343,758.2813549522343,758.5980750655453,758.5148836167045,758.514891884588,758.5980750655453,758.5980750655453,758.5980750655453,758.5980750655453,758.5980750655453,758.5980750655453,0.07816913695751282,759.79889968719,[106.0],[68.0],[1],[0],[0],[1.1999958375472488],759.799694544452,759.8031043338542,None,,,,,,,,,,,,,ED12,001,2024-01-19_16h42.43.079,rating,2023.2.3,60.041013913673886,2024-01-19 16h42.56.506389 +0800,
neu_79.jpg,0,203,203,361,759.8313870544334,,,,,,,,,,,,,,,,,,,,,,,759.8033341240098,,759.8033694763417,759.8033771740265,759.8313870544334,760.814685643647,760.8313690931682,761.8146976178232,761.8146976178232,762.1313632771398,762.0482647707177,762.0482730386011,762.1313632771398,762.1313632771398,762.1313632771398,762.1313632771398,762.1313632771398,762.1313632771398,0.0780499653883453,762.3991104327015,[139.0],[-172.0],[1],[0],[0],[0.26687532144933357],762.3999343701071,762.4031440196977,None,,,,,,,,,,,,,ED12,001,2024-01-19_16h42.43.079,rating,2023.2.3,60.041013913673886,2024-01-19 16h42.56.506389 +0800,
neg_187.jpg,0,204,204,97,762.431374567077,,,,,,,,,,,,,,,,,,,,,,,762.4033740949526,,762.4034046005927,762.4034114429796,762.431374567077,763.4147384440639,763.431380554166,764.4147261847884,764.4147261847884,764.7313964056957,764.6483192817323,764.6483281198161,764.7313964056957,764.7313964056957,764.7313964056957,764.7313964056957,764.7313964056957,764.7313964056957,0.0780436932000157,765.1988776775124,[-297.0],[233.0],[1],[0],[0],[0.4666439347383857],765.199667117884,765.2029671439996,None,,,,,,,,,,,,,ED12,001,2024-01-19_16h42.43.079,rating,2023.2.3,60.041013913673886,2024-01-19 16h42.56.506389 +0800,
neu_43.jpg,0,205,205,322,765.2313992566887,,,,,,,,,,,,,,,,,,,,,,,765.2031963639565,,765.2032285801943,765.2032357076805,765.2313992566887,766.214738044926,766.2314041033806,767.2147913585231,767.2147913585231,767.5314213804068,767.4482803941683,767.4482886620517,767.5314213804068,767.5314213804068,767.5314213804068,767.5314213804068,767.5314213804068,767.5314213804068,0.07824554361104674,769.4158215368698,[73.0],[58.0],[1],[0],[0],[1.8835508452048089],769.4166240918166,769.4200780716328,None,,,,,,,,,,,,,ED12,001,2024-01-19_16h42.43.079,rating,2023.2.3,60.041013913673886,2024-01-19 16h42.56.506389 +0800,
neu_39.jpg,0,206,206,317,769.4481056282057,,,,,,,,,,,,,,,,,,,,,,,769.4203135637781,,769.4203437843189,769.4203509118051,769.4481056282057,770.4314712157902,770.4481156066868,771.4314575310163,771.4314575310163,771.7481274668244,771.6649876209831,771.6649956037672,771.7481274668244,771.7481274668244,771.7481274668244,771.7481274668244,771.7481274668244,771.7481274668244,0.07783642590220552,773.0823224657233,[180.0],[123.0],[1],[0],[0],[1.333298361134439],773.0831683557863,773.0865841322775,None,,,,,,,,,,,,,ED12,001,2024-01-19_16h42.43.079,rating,2023.2.3,60.041013913673886,2024-01-19 16h42.56.506389 +0800,
neu_147.jpg,0,207,207,245,773.1148049862768,,,,,,,,,,,,,,,,,,,,,,,773.0868179138251,,773.086849274765,773.0868564022512,773.1148049862768,774.0981469106064,774.1148146796568,775.0981560337877,775.0981560337877,775.4148550497393,775.3317343055605,775.3317425734458,775.4148550497393,775.4148550497393,775.4148550497393,775.4148550497393,775.4148550497393,775.4148550497393,0.07806136936596886,775.9157362921342,[176.0],[-44.0],[1],[0],[0],[0.5000057019897213],775.9165707782195,775.9199004546772,None,,,,,,,,,,,,,ED12,001,2024-01-19_16h42.43.079,rating,2023.2.3,60.041013913673886,2024-01-19 16h42.56.506389 +0800,
neu_57.jpg,0,208,208,337,775.9481863113506,,,,,,,,,,,,,,,,,,,,,,,775.9201305299321,,775.9201610355722,775.9201681630584,775.9481863113506,776.9315105595142,776.9481900176434,777.9315362184643,777.9315362184643,778.2482035883768,778.1650583256451,778.1650668786297,778.2482035883768,778.2482035883768,778.2482035883768,778.2482035883768,778.2482035883768,778.2482035883768,0.07809700679717935,779.4991398549646,[215.0],[117.0],[1],[0],[0],[1.2500410543198086],779.4999381334201,779.5032712310713,None,,,,,,,,,,,,,ED12,001,2024-01-19_16h42.43.079,rating,2023.2.3,60.041013913673886,2024-01-19 16h42.56.506389 +0800,
neg_90.jpg,0,209,209,182,779.5315322840925,,,,,,,,,,,,,,,,,,,,,,,779.503502161624,,779.5035332374646,779.5035400798515,779.5315322840925,780.5148739233227,780.531539696678,781.5148847571018,781.5148847571018,781.8315860538478,781.7484245404485,781.7484328083319,781.8315860538478,781.8315860538478,781.8315860538478,781.8315860538478,781.8315860538478,781.8315860538478,0.07810869587592606,782.9158853991448,[-84.0],[-47.0],[1],[0],[0],[1.083416677405694],782.9166774054138,786.0486627695482,space,782.9315667241044,782.9315667241044,3.115628353483771,None,,,,,,,,,ED12,001,2024-01-19_16h42.43.079,rating,2023.2.3,60.041013913673886,2024-01-19 16h42.56.506389 +0800,
neg_1.jpg,0,210,210,0,786.0649265526808,,,,,,,,,,,,,,,,,,,,,,,786.0490171481615,786.0649265526808,787.0484631999334,787.0484706125189,787.0816245422739,788.0482907147671,788.0816741495782,789.0482932806626,789.0482932806626,789.3649806075355,789.2818604335571,789.2818684163412,789.3649806075355,789.3649806075355,789.3649806075355,789.3649806075355,789.3649806075355,789.3649806075355,0.06616160349040001,791.365961919837,[-320.0],[108.0],[1],[0],[0],[2.0000516029995197],791.366814937388,791.3701275078784,None,,,,,787.0816245422739,,,,,,,,ED12,001,2024-01-19_16h42.43.079,rating,2023.2.3,60.041013913673886,2024-01-19 16h42.56.506389 +0800,
neg_52.jpg,0,211,211,140,791.3983101585509,,,,,,,,,,,,,,,,,,,,,,,791.3703598639277,,791.3703920801654,791.370399492751,791.3983101585509,792.3816532232777,792.3983198519309,793.3816606358632,793.3816606358632,793.6983351332619,793.6151950023213,793.6152032702048,793.6983351332619,793.6983351332619,793.6983351332619,793.6983351332619,793.6983351332619,793.6983351332619,0.07799494119535666,794.8660617046444,[-341.0],[100.0],[1],[0],[0],[1.1668042746659921],794.8669058841115,794.8702415476564,None,,,,,,,,,,,,,ED12,001,2024-01-19_16h42.43.079,rating,2023.2.3,60.041013913673886,2024-01-19 16h42.56.506389 +0800,
neg_162.jpg,0,212,212,70,794.8983457959803,,,,,,,,,,,,,,,,,,,,,,,794.8704721931117,,794.8705029838511,794.8705101113374,794.8983457959803,795.8816971285924,795.8983517830693,796.8816957030958,796.8816957030958,797.198367634599,797.115280247057,797.1152885149404,797.198367634599,797.198367634599,797.198367634599,797.198367634599,797.198367634599,797.198367634599,0.07791653884851257,797.5326359040573,[-323.0],[322.0],[1],[0],[0],[0.33334055585146416],797.5334783729268,797.5368952898152,None,,,,,,,,,,,,,ED12,001,2024-01-19_16h42.43.079,rating,2023.2.3,60.041013913673886,2024-01-19 16h42.56.506389 +0800,
neu_31.jpg,0,213,213,309,797.5650799361847,,,,,,,,,,,,,,,,,,,,,,,797.5371247948715,,797.537155870712,797.5371629981983,797.5650799361847,798.5483882187782,798.5650816467805,799.5483922101721,799.5483922101721,799.8650772562487,799.7819365551095,799.7819445378937,799.8650772562487,799.8650772562487,799.8650772562487,799.8650772562487,799.8650772562487,799.8650772562487,0.0779795458256558,801.0327137362056,[-307.0],[-54.0],[1],[0],[0],[1.166722451125679],801.0335812938283,801.0370660643857,None,,,,,,,,,,,,,ED12,001,2024-01-19_16h42.43.079,rating,2023.2.3,60.041013913673886,2024-01-19 16h42.56.506389 +0800,
neg_38.jpg,0,214,214,124,801.0650725235992,,,,,,,,,,,,,,,,,,,,,,,801.0372958545413,,801.0373260750821,801.037332917469,801.0650725235992,802.0484130224304,802.0650876338696,803.0484212903157,803.0484212903157,803.3651143191782,803.28197732433,803.2819855922153,803.3651143191782,803.3651143191782,803.3651143191782,803.3651143191782,803.3651143191782,803.3651143191782,0.0778421278919268,804.2828186528022,[-324.0],[101.0],[1],[0],[0],[0.9168062703629403],804.2836736660483,804.2870349885452,None,,,,,,,,,,,,,ED12,001,2024-01-19_16h42.43.079,rating,2023.2.3,60.041013913673886,2024-01-19 16h42.56.506389 +0800,
neg_36.jpg,0,215,215,122,804.3151004633437,,,,,,,,,,,,,,,,,,,,,,,804.2872633532043,,804.2872941439437,804.2873012714299,804.3151004633437,805.2984569277469,805.3151284030901,806.2984888588835,806.2984888588835,806.61512885925,806.5319861624139,806.531994145198,806.61512885925,806.61512885925,806.61512885925,806.61512885925,806.61512885925,806.61512885925,0.07788973949936917,807.949424213155,[-356.0],[55.0],[1],[0],[0],[1.3333961502448801],807.9502353210846,807.9535535935647,None,,,,,,,,,,,,,ED12,001,2024-01-19_16h42.43.079,rating,2023.2.3,60.041013913673886,2024-01-19 16h42.56.506389 +0800,
neg_143.jpg,0,216,216,49,807.9818240548666,,,,,,,,,,,,,,,,,,,,,,,807.9537816731245,,807.9538124638639,807.9538198764494,807.9818240548666,808.9651674046945,808.9818083743976,809.9651537199206,809.9651537199206,810.2818250812252,810.1986855204832,810.1986937883685,810.2818250812252,810.2818250812252,810.2818250812252,810.2818250812252,810.2818250812252,810.2818250812252,0.07806336506473599,810.7828143763109,[-352.0],[103.0],[1],[0],[0],[0.5000590155868849],810.7836668236614,810.7870107550916,None,,,,,,,,,,,,,ED12,001,2024-01-19_16h42.43.079,rating,2023.2.3,60.041013913673886,2024-01-19 16h42.56.506389 +0800,
neg_30.jpg,0,217,217,116,810.8151611895264,,,,,,,,,,,,,,,,,,,,,,,810.7872405452472,,810.7872716210877,810.787278748574,810.8151611895264,811.7985045393543,811.8151683170126,812.7985404618848,812.7985404618848,813.1151884450337,813.0321215846525,813.0321295674366,813.1151884450337,813.1151884450337,813.1151884450337,813.1151884450337,813.1151884450337,813.1151884450337,0.07797042264246556,813.5328371842679,[-360.0],[336.0],[1],[0],[0],[0.41670990674901986],813.5336870657229,813.5370201633741,None,,,,,,,,,,,,,ED12,001,2024-01-19_16h42.43.079,rating,2023.2.3,60.041013913673886,2024-01-19 16h42.56.506389 +0800,
neu_37.jpg,0,218,218,315,813.5651874186751,,,,,,,,,,,,,,,,,,,,,,,813.5372516641255,,813.5372830250653,813.5372898674523,813.5651874186751,814.5485330492993,814.5651956865604,815.5485347598951,815.5485347598951,815.8652095423931,815.7821341290273,815.7821421118115,815.8652095423931,815.8652095423931,815.8652095423931,815.8652095423931,815.8652095423931,815.8652095423931,0.07797783522801183,817.3662920649986,[230.0],[15.0],[1],[0],[0],[1.5001639321835682],817.3671045984265,817.3704106116293,None,,,,,,,,,,,,,ED12,001,2024-01-19_16h42.43.079,rating,2023.2.3,60.041013913673886,2024-01-19 16h42.56.506389 +0800,
neu_150.jpg,0,219,219,249,817.3985815732249,,,,,,,,,,,,,,,,,,,,,,,817.3706398315862,,817.3706714776254,817.3706783200123,817.3985815732249,818.381915229671,818.398597538795,819.3819175104672,819.3819175104672,819.6985786081914,819.6154413282438,819.6154495961291,819.6985786081914,819.6985786081914,819.6985786081914,819.6985786081914,819.6985786081914,819.6985786081914,0.07798638821259374,820.3662247815282,[229.0],[144.0],[1],[0],[0],[0.6666842477989121],820.3670832159678,820.3703860930782,None,,,,,,,,,,,,,ED12,001,2024-01-19_16h42.43.079,rating,2023.2.3,60.041013913673886,2024-01-19 16h42.56.506389 +0800,
neu_146.jpg,0,220,220,244,820.398585564617,,,,,,,,,,,,,,,,,,,,,,,820.3706178789289,,820.370649524968,820.3706569375536,820.398585564617,821.3819283442463,821.3985932623018,822.3819346164328,822.3819346164328,822.6986327770865,822.6155268580787,822.615535125964,822.6986327770865,822.6986327770865,822.6986327770865,822.6986327770865,822.6986327770865,822.6986327770865,0.07803399982003612,824.7828993359471,[202.0],[-89.0],[1],[0],[0],[2.0833234498859383],824.7837455111094,824.787160717402,None,,,,,,,,,,,,,ED12,001,2024-01-19_16h42.43.079,rating,2023.2.3,60.041013913673886,2024-01-19 16h42.56.506389 +0800,
neu_126.jpg,0,221,221,222,824.8153148581296,,,,,,,,,,,,,,,,,,,,,,,824.7874016264359,,824.7874349830709,824.7874426807557,824.8153148581296,825.798631978807,825.8153111518368,826.7986701821337,826.7986701821337,827.1153512368182,827.0322096803811,827.0322179482646,827.1153512368182,827.1153512368182,827.1153512368182,827.1153512368182,827.1153512368182,827.1153512368182,0.07796899714412575,827.5329854359807,[204.0],[-151.0],[1],[0],[0],[0.4166936560814065],827.5338575551923,827.537112535596,None,,,,,,,,,,,,,ED12,001,2024-01-19_16h42.43.079,rating,2023.2.3,60.041013913673886,2024-01-19 16h42.56.506389 +0800,
neg_182.jpg,0,222,222,92,827.5653342448913,,,,,,,,,,,,,,,,,,,,,,,827.5373203730924,,827.5373494532378,827.5373560105236,827.5653342448913,828.5486701821337,828.565340802179,829.5486698970344,829.5486698970344,829.8653406881403,829.7822570068893,829.7822658449732,829.8653406881403,829.8653406881403,829.8653406881403,829.8653406881403,829.8653406881403,829.8653406881403,0.07804426339862403,831.3663208600428,[-215.0],[-150.0],[1],[0],[0],[1.5000578751878493],831.3671222745925,831.3704756143052,None,,,,,,,,,,,,,ED12,001,2024-01-19_16h42.43.079,rating,2023.2.3,60.041013913673886,2024-01-19 16h42.56.506389 +0800,
neg_96.jpg,0,223,223,188,831.3986876302206,,,,,,,,,,,,,,,,,,,,,,,831.3707059746594,,831.3707373355974,831.3707444630836,831.3986876302206,832.3820292694509,832.3986950428061,833.3820375373343,833.3820375373343,833.6987260046062,833.6155713335938,833.615579316378,833.6987260046062,833.6987260046062,833.6987260046062,833.6987260046062,833.6987260046062,833.6987260046062,0.07804084220515506,834.1997033255138,[-215.0],[-74.0],[1],[0],[0],[0.5000279397445411],834.2005554877651,834.2038093277697,None,,,,,,,,,,,,,ED12,001,2024-01-19_16h42.43.079,rating,2023.2.3,60.041013913673886,2024-01-19 16h42.56.506389 +0800,
neu_161.jpg,0,224,224,261,834.2320464324366,,,,,,,,,,,,,,,,,,,,,,,834.2040157397714,,834.2040431093174,834.2040493815057,834.2320464324366,835.2154225687009,835.2320555556198,836.215410024326,836.215410024326,836.5320662753584,836.4489674838387,836.4489760368215,836.5320662753584,836.5320662753584,836.5320662753584,836.5320662753584,836.5320662753584,836.5320662753584,0.07807904553374101,837.2830353283844,[181.0],[146.0],[1],[0],[0],[0.7499406993156299],837.2838929075242,837.2872057631157,None,,,,,,,,,,,,,ED12,001,2024-01-19_16h42.43.079,rating,2023.2.3,60.041013913673886,2024-01-19 16h42.56.506389 +0800,
neu_143.jpg,0,225,225,241,837.315446003875,,,,,,,,,,,,,,,,,,,,,,,837.2874364085692,,837.2874674844079,837.2874746118941,837.315446003875,838.2987514354772,838.3154189194283,839.2987611288572,839.2987611288572,839.6154313497645,839.5322966357126,839.5323051886971,839.6154313497645,839.6154313497645,839.6154313497645,839.6154313497645,839.6154313497645,839.6154313497645,0.07801860445033526,840.616390994508,[120.0],[193.0],[1],[0],[0],[1.0000114039776236],840.6172423014596,840.620604194155,None,,,,,,,,,,,,,ED12,001,2024-01-19_16h42.43.079,rating,2023.2.3,60.041013913673886,2024-01-19 16h42.56.506389 +0800,
neu_110.jpg,0,226,226,205,840.6487948276117,,,,,,,,,,,,,,,,,,,,,,,840.6209833764224,,840.6210141671618,840.6210215797473,840.6487948276117,841.6321170800802,841.6487797173413,842.6321427390303,842.6321427390303,842.9488180917269,842.8656810968805,842.865689364764,842.9488180917269,842.9488180917269,842.9488180917269,842.9488180917269,842.9488180917269,842.9488180917269,0.07785780835911282,844.1997945573385,[159.0],[-85.0],[1],[0],[0],[1.250012259277355],844.200596827186,844.2038652072624,None,,,,,,,,,,,,,ED12,001,2024-01-19_16h42.43.079,rating,2023.2.3,60.041013913673886,2024-01-19 16h42.56.506389 +0800,
neu_77.jpg,0,227,227,359,844.2321576212216,,,,,,,,,,,,,,,,,,,,,,,844.2040935719197,,844.2041240775616,844.2041312050478,844.2321576212216,845.2155106644313,845.2321872715638,846.2154946988612,846.2154946988612,846.5321871575252,846.4490880809044,846.4490963487897,846.5321871575252,846.5321871575252,846.5321871575252,846.5321871575252,846.5321871575252,846.5321871575252,0.07811582336216816,847.116507029983,[146.0],[159.0],[1],[0],[0],[0.5833066290178976],847.1173919786706,847.1207239359246,None,,,,,,,,,,,,,ED12,001,2024-01-19_16h42.43.079,rating,2023.2.3,60.041013913673886,2024-01-19 16h42.56.506389 +0800,
neu_8.jpg,0,228,228,362,847.148874940558,,,,,,,,,,,,,,,,,,,,,,,847.1209560068746,,847.1209862274172,847.1209933549035,847.148874940558,848.132187784744,848.1488421541217,849.1322114479972,849.1322114479972,849.4488562950537,849.3657549376385,849.365763205522,849.4488562950537,849.4488562950537,849.4488562950537,849.4488562950537,849.4488562950537,849.4488562950537,0.07792224083641486,850.1164976217005,[158.0],[-12.0],[1],[0],[0],[0.6666985027732153],850.1173532051453,850.1205922199788,None,,,,,,,,,,,,,ED12,001,2024-01-19_16h42.43.079,rating,2023.2.3,60.041013913673886,2024-01-19 16h42.56.506389 +0800,
neg_4.jpg,0,229,229,126,850.1488735150597,,,,,,,,,,,,,,,,,,,,,,,850.1207997723777,,850.120827427023,850.1208339843106,850.1488735150597,851.1322063162079,851.1488703789655,852.132258489406,852.132258489406,852.4488870857931,852.365750376046,852.3657586439313,852.4488870857931,852.4488870857931,852.4488870857931,852.4488870857931,852.4488870857931,852.4488870857931,0.07811183196827187,853.7832115198435,[-136.0],[-119.0],[1],[0],[0],[1.3333348538635619],853.7840183512817,853.7872892972537,None,,,,,,,,,,,,,ED12,001,2024-01-19_16h42.43.079,rating,2023.2.3,60.041013913673886,2024-01-19 16h42.56.506389 +0800,
neg_166.jpg,0,230,230,74,853.8155828516101,,,,,,,,,,,,,,,,,,,,,,,853.7875185172106,,853.7875487377514,853.7875558652377,853.8155828516101,854.7989301928301,854.8156039489695,855.7989125166641,855.7989125166641,856.1156246471892,856.0325121708956,856.0325204387809,856.1156246471892,856.1156246471892,856.1156246471892,856.1156246471892,856.1156246471892,856.1156246471892,0.07812637204187922,857.2832673993344,[-131.0],[-7.0],[1],[0],[0],[1.1666617249429692],857.2840887708462,857.2873608572154,None,,,,,,,,,,,,,ED12,001,2024-01-19_16h42.43.079,rating,2023.2.3,60.041013913673886,2024-01-19 16h42.56.506389 +0800,
neu_91.jpg,0,231,231,375,857.3156330291131,,,,,,,,,,,,,,,,,,,,,,,857.287564988419,,857.2875923579668,857.2875986301551,857.3156330291131,858.298941881907,858.3156079403616,859.298949864693,859.298949864693,859.6156223663947,859.5325036179129,859.5325118857963,859.6156223663947,859.6156223663947,859.6156223663947,859.6156223663947,859.6156223663947,859.6156223663947,0.0780830369258183,860.6999610554158,[-207.0],[-136.0],[1],[0],[0],[1.0834058436266787],860.7007989626945,860.7040667725723,None,,,,,,,,,,,,,ED12,001,2024-01-19_16h42.43.079,rating,2023.2.3,60.041013913673886,2024-01-19 16h42.56.506389 +0800,
neu_148.jpg,0,232,232,246,860.7323007411451,,,,,,,,,,,,,,,,,,,,,,,860.704274039872,,860.7043019796165,860.7043085369041,860.7323007411451,861.7156318316956,861.7323053027358,862.7156466568667,862.7156466568667,863.0323197287689,862.949221507446,862.9492300604306,863.0323197287689,863.0323197287689,863.0323197287689,863.0323197287689,863.0323197287689,863.0323197287689,0.07807106274958642,864.5334219232354,[148.0],[176.0],[1],[0],[0],[1.5001294351495744],864.5342943275482,864.5375515887463,None,,,,,,,,,,,,,ED12,001,2024-01-19_16h42.43.079,rating,2023.2.3,60.041013913673886,2024-01-19 16h42.56.506389 +0800,
neg_65.jpg,0,233,233,154,864.5656749387326,,,,,,,,,,,,,,,,,,,,,,,864.5377816640012,,864.5378127398399,864.5378198673261,864.5656749387326,865.549026556444,865.5656897639037,866.5490274117419,866.5490274117419,866.8656930710586,866.7825506593217,866.7825592123045,866.8656930710586,866.8656930710586,866.8656930710586,866.8656930710586,866.8656930710586,866.8656930710586,0.07796586104996095,867.3667821509498,[-281.0],[153.0],[1],[0],[0],[0.5000621516792307],867.3676283261138,867.3708359800075,None,,,,,,,,,,,,,ED12,001,2024-01-19_16h42.43.079,rating,2023.2.3,60.041013913673886,2024-01-19 16h42.56.506389 +0800,
neu_35.jpg,0,234,234,313,867.3990260432656,,,,,,,,,,,,,,,,,,,,,,,867.371042962206,,867.3710709019524,867.3710771741407,867.3990260432656,868.3823659718983,868.3990308899556,869.3823748099821,869.3823748099821,869.6990493073808,869.6159693324225,869.6159773152085,869.6990493073808,869.6990493073808,869.6990493073808,869.6990493073808,869.6990493073808,869.6990493073808,0.07803285942281946,870.7001902753727,[139.0],[43.0],[1],[0],[0],[1.0001362775365124],870.7010495651102,870.7043267832687,None,,,,,,,,,,,,,ED12,001,2024-01-19_16h42.43.079,rating,2023.2.3,60.041013913673886,2024-01-19 16h42.56.506389 +0800,
neu_52.jpg,0,235,235,332,870.7323959643618,,,,,,,,,,,,,,,,,,,,,,,870.7045545777291,,870.7045856535678,870.7045927810541,870.7323959643618,871.7157307612051,871.7324184872177,872.7157421651827,872.7157421651827,873.0324437470281,872.9492725402488,872.9492808081322,873.0324437470281,873.0324437470281,873.0324437470281,873.0324437470281,873.0324437470281,873.0324437470281,0.07791112195809546,873.8667619088901,[192.0],[48.0],[1],[0],[0],[0.8333251604835823],873.8676083691516,873.8708710472401,None,,,,,,,,,,,,,ED12,001,2024-01-19_16h42.43.079,rating,2023.2.3,60.041013913673886,2024-01-19 16h42.56.506389 +0800,
neg_145.jpg,0,236,236,51,873.8990870545476,,,,,,,,,,,,,,,,,,,,,,,873.8711016926936,,873.8711299175393,873.8711361897258,873.8990870545476,874.8824785861816,874.8991013095201,875.8824560633238,875.8824560633238,876.1991088931645,876.1159716132188,876.115979596003,876.1991088931645,876.1991088931645,876.1991088931645,876.1991088931645,876.1991088931645,876.1991088931645,0.07806849685221096,878.5334803686219,[-251.0],[67.0],[1],[0],[0],[2.333323164786634],878.5343368073663,878.5377394692823,None,,,,,,,,,,,,,ED12,001,2024-01-19_16h42.43.079,rating,2023.2.3,60.041013913673886,2024-01-19 16h42.56.506389 +0800,
neg_80.jpg,0,237,237,171,878.5657992420929,,,,,,,,,,,,,,,,,,,,,,,878.5379666935423,,878.5379969140849,878.5380043266705,878.5657992420929,879.5491354644328,879.5658040887829,880.5491462982118,880.5491462982118,880.8658190850147,880.7826917835482,880.7827003365328,880.8658190850147,880.8658190850147,880.8658190850147,880.8658190850147,880.8658190850147,880.8658190850147,0.07787748022201413,881.5334920577006,[-243.0],[205.0],[1],[0],[0],[0.6666622951433965],881.5343159951062,881.5377269249057,None,,,,,,,,,,,,,ED12,001,2024-01-19_16h42.43.079,rating,2023.2.3,60.041013913673886,2024-01-19 16h42.56.506389 +0800,
neg_179.jpg,0,238,238,88,881.5658477089983,,,,,,,,,,,,,,,,,,,,,,,881.5379598511554,,881.5379906418966,881.5379977693829,881.5658477089983,882.5491671104719,882.5658571172808,883.5491759485558,883.5491759485558,883.865874394307,883.782734833565,883.7827433865496,883.865874394307,883.865874394307,883.865874394307,883.865874394307,883.865874394307,883.865874394307,0.07793592561029072,884.5335912723076,[-265.0],[-36.0],[1],[0],[0],[0.6666816819051746],884.5344217670008,884.5377599964431,None,,,,,,,,,,,,,ED12,001,2024-01-19_16h42.43.079,rating,2023.2.3,60.041013913673886,2024-01-19 16h42.56.506389 +0800,
neg_27.jpg,0,239,239,112,884.5658876229209,,,,,,,,,,,,,,,,,,,,,,,884.537988931299,,884.5380194369409,884.5380262793278,884.5658876229209,885.5491961906155,885.5658842017274,886.5491990416103,886.5491990416103,886.8658778155004,886.7828414607593,886.7828497286428,886.8658778155004,886.8658778155004,886.8658778155004,886.8658778155004,886.8658778155004,886.8658778155004,0.07791311765322462,887.2835647580596,[-259.0],[-166.0],[1],[0],[0],[0.4167079110538907],887.2844134991174,891.199646590725,space,887.2992138667814,887.2992138667814,3.8846185426409647,None,,,,,,,,,ED12,001,2024-01-19_16h42.43.079,rating,2023.2.3,60.041013913673886,2024-01-19 16h42.56.506389 +0800,
neu_167.jpg,0,240,240,267,891.2159115142549,,,,,,,,,,,,,,,,,,,,,,,891.2000485809458,891.2159115142549,892.1994906413256,892.1994977688119,892.2325935382778,893.1992927823085,893.232600665764,894.1993135945686,894.1993135945686,894.5159764028904,894.432808902402,894.4328168851862,894.5159764028904,894.5159764028904,894.5159764028904,894.5159764028904,894.5159764028904,894.5159764028904,0.06615191010860144,895.6003122409165,[-13.0],[-21.0],[1],[0],[0],[1.083328011476624],895.6011820793337,895.6045317127519,None,,,,,892.2325935382778,,,,,,,,ED12,001,2024-01-19_16h42.43.079,rating,2023.2.3,60.041013913673886,2024-01-19 16h42.56.506389 +0800,
neg_42.jpg,0,241,241,129,895.6326237018002,,,,,,,,,,,,,,,,,,,,,,,895.6047637837037,,895.6047962850407,895.604803412527,895.6326237018002,896.6159607794398,896.632633395182,897.6159761748095,897.6159761748095,897.9326455404189,897.8495082604713,897.8495162432573,897.9326455404189,897.9326455404189,897.9326455404189,897.9326455404189,897.9326455404189,897.9326455404189,0.07790256897533254,901.1837654110514,[-281.0],[-44.0],[1],[0],[0],[3.25007327055755],901.1846626190145,901.1879081911356,None,,,,,,,,,,,,,ED12,001,2024-01-19_16h42.43.079,rating,2023.2.3,60.041013913673886,2024-01-19 16h42.56.506389 +0800,
neg_172.jpg,0,242,242,81,901.2160112990623,,,,,,,,,,,,,,,,,,,,,,,901.1881311389043,,901.1881613594469,901.188168201832,901.2160112990623,902.1993537935905,902.2160152904544,903.1993877204259,903.1993877204259,903.5160593668297,903.4329437544402,903.4329525925241,903.5160593668297,903.5160593668297,903.5160593668297,903.5160593668297,903.5160593668297,903.5160593668297,0.07795246137720824,903.9337440285926,[-350.0],[214.0],[1],[0],[0],[0.41663663619146973],903.9346115862136,903.9379315692913,None,,,,,,,,,,,,,ED12,001,2024-01-19_16h42.43.079,rating,2023.2.3,60.041013913673886,2024-01-19 16h42.56.506389 +0800,
neg_10.jpg,0,243,243,1,903.9660380984096,,,,,,,,,,,,,,,,,,,,,,,903.93815936375,,903.93818986939,903.9381969968763,903.9660380984096,904.949378882342,904.9660429451014,905.9493803078403,905.9493803078403,906.2660599370283,906.1829417587451,906.1829500266285,906.2660599370283,906.2660599370283,906.2660599370283,906.2660599370283,906.2660599370283,906.2660599370283,0.07792423653154401,908.4338058951726,[45.0],[-52.0],[1],[0],[0],[2.1666642908367066],908.4346765888877,908.4379546623459,None,,,,,,,,,,,,,ED12,001,2024-01-19_16h42.43.079,rating,2023.2.3,60.041013913673886,2024-01-19 16h42.56.506389 +0800,
neu_94.jpg,0,244,244,378,908.4660797229299,,,,,,,,,,,,,,,,,,,,,,,908.4381816015066,,908.4382115369481,908.438218379335,908.4660797229299,909.4494199366636,909.4661307557308,910.4494284896464,910.4494284896464,910.7661614324315,910.6829722643852,910.6829811024691,910.7661614324315,910.7661614324315,910.7661614324315,910.7661614324315,910.7661614324315,910.7661614324315,0.0780080557688052,911.8505038277453,[213.0],[183.0],[1],[0],[0],[1.0832989313330472],911.8513725257653,911.8546366293504,None,,,,,,,,,,,,,ED12,001,2024-01-19_16h42.43.079,rating,2023.2.3,60.041013913673886,2024-01-19 16h42.56.506389 +0800,
neg_94.jpg,0,245,245,186,911.8827796511978,,,,,,,,,,,,,,,,,,,,,,,911.8548763979852,,911.854907758925,911.8549148864113,911.8827796511978,912.866155787462,912.8828244118122,913.8661478046779,913.8661478046779,914.1828759007731,914.0997235105551,914.0997329188376,914.1828759007731,914.1828759007731,914.1828759007731,914.1828759007731,914.1828759007731,914.1828759007731,0.07802231074310839,915.0171692589811,[-69.0],[-53.0],[1],[0],[0],[0.8332943697423616],915.0180345358076,915.0213163155586,None,,,,,,,,,,,,,ED12,001,2024-01-19_16h42.43.079,rating,2023.2.3,60.041013913673886,2024-01-19 16h42.56.506389 +0800,
neu_80.jpg,0,246,246,363,915.0494733072792,,,,,,,,,,,,,,,,,,,,,,,915.0215455355137,,915.021576326255,915.0215834537412,915.0494733072792,916.0328334779751,916.0494784390703,917.0328232143947,917.0328232143947,917.3495034137813,917.2663632828408,917.2663715507242,917.3495034137813,917.3495034137813,917.3495034137813,917.3495034137813,917.3495034137813,917.3495034137813,0.07798011602426413,918.9338871485161,[274.0],[-15.0],[1],[0],[0],[1.583354240627159],918.934788062772,918.9379726236111,None,,,,,,,,,,,,,ED12,001,2024-01-19_16h42.43.079,rating,2023.2.3,60.041013913673886,2024-01-19 16h42.56.506389 +0800,
neg_178.jpg,0,247,247,87,918.9661766567424,,,,,,,,,,,,,,,,,,,,,,,918.9382018435681,,918.9382329194068,918.9382397617937,918.9661766567424,919.9495328360445,919.9661840693279,920.9495698989722,920.9495698989722,921.2661999208576,921.1830880147627,921.1830965677455,921.2661999208576,921.2661999208576,921.2661999208576,921.2661999208576,921.2661999208576,921.2661999208576,0.07802487663684587,922.1006130208352,[-271.0],[-35.0],[1],[0],[0],[0.8334052734280704],922.1014780125606,922.104869270499,None,,,,,,,,,,,,,ED12,001,2024-01-19_16h42.43.079,rating,2023.2.3,60.041013913673886,2024-01-19 16h42.56.506389 +0800,
neg_13.jpg,0,248,248,34,922.1328888442877,,,,,,,,,,,,,,,,,,,,,,,922.1050759676,,922.1051039073463,922.1051101795329,922.1328888442877,923.1162435980932,923.1328797211045,924.1162207901361,924.1162207901361,924.432820591479,924.3498212996656,924.3498309930474,924.432820591479,924.432820591479,924.432820591479,924.432820591479,924.432820591479,924.432820591479,0.07777085302768683,925.5173736752859,[-225.0],[-32.0],[1],[0],[0],[1.0834782588863163],925.518223841842,925.5214893709235,None,,,,,,,,,,,,,ED12,001,2024-01-19_16h42.43.079,rating,2023.2.3,60.041013913673886,2024-01-19 16h42.56.506389 +0800,
neu_104.jpg,0,249,249,198,925.549572521888,,,,,,,,,,,,,,,,,,,,,,,925.5216977786204,,925.5217254332656,925.5217319905532,925.549572521888,926.5329133058203,926.5495825003691,927.5329212886045,927.5329212886045,927.8495210899473,927.7665046921666,927.7665129600518,927.8495210899473,927.8495210899473,927.8495210899473,927.8495210899473,927.8495210899473,927.8495210899473,0.07784925537816889,928.600676598011,[129.0],[118.0],[1],[0],[0],[0.750107767591544],928.6016225579806,928.604912605615,None,,,,,,,,,,,,,ED12,001,2024-01-19_16h42.43.079,rating,2023.2.3,60.041013913673886,2024-01-19 16h42.56.506389 +0800,
neu_180.jpg,0,250,250,282,928.6329350303986,,,,,,,,,,,,,,,,,,,,,,,928.6051190176167,,928.6051469573631,928.6051532295496,928.6329350303986,929.6162721080382,929.6329518512648,930.6162852226116,930.6162852226116,930.9329280739712,930.849842397025,930.8498506649103,930.9329280739712,930.9329280739712,930.9329280739712,930.9329280739712,930.9329280739712,930.9329280739712,0.0778358557017782,932.9341788052516,[195.0],[-54.0],[1],[0],[0],[2.000179042453965],932.935051779763,932.9384185191484,None,,,,,,,,,,,,,ED12,001,2024-01-19_16h42.43.079,rating,2023.2.3,60.041013913673886,2024-01-19 16h42.56.506389 +0800,
neu_123.jpg,0,251,251,219,932.9663080875871,,,,,,,,,,,,,,,,,,,,,,,932.9386480242047,,932.9386788149441,932.938685657331,932.9663080875871,933.9496502970178,933.9663155001726,934.9496599903978,934.9496599903978,935.2662577960455,935.1831949270545,935.1832031949398,935.2662577960455,935.2662577960455,935.2662577960455,935.2662577960455,935.2662577960455,935.2662577960455,0.07763058409909718,936.9341836519416,[205.0],[11.0],[1],[0],[0],[1.6668766899274488],936.935105948658,936.938425931734,None,,,,,,,,,,,,,ED12,001,2024-01-19_16h42.43.079,rating,2023.2.3,60.041013913673886,2024-01-19 16h42.56.506389 +0800,
neg_98.jpg,0,252,252,190,936.9663474313111,,,,,,,,,,,,,,,,,,,,,,,936.938653155994,,936.9386836616359,936.9386910742214,936.9663474313111,937.9496873599455,937.9663733753623,938.949696768228,938.949696768228,939.2663208030226,939.183231989984,939.1832408280661,939.2663208030226,939.2663208030226,939.2663208030226,939.2663208030226,939.2663208030226,939.2663208030226,0.0776895996859821,942.0174654773091,[-147.0],[-74.0],[1],[0],[0],[2.750090376524895],942.0183749445496,942.0216470309188,None,,,,,,,,,,,,,ED12,001,2024-01-19_16h42.43.079,rating,2023.2.3,60.041013913673886,2024-01-19 16h42.56.506389 +0800,
neu_75.jpg,0,253,253,357,942.0497281861863,,,,,,,,,,,,,,,,,,,,,,,942.0218748253774,,942.0219061863172,942.0219133138035,942.0497281861863,943.0330712509149,943.0497370242701,944.0330812293942,944.0330812293942,944.3664157981602,944.2666107491623,944.266619302145,944.3664157981602,944.3664157981602,944.3664157981602,944.3664157981602,944.3664157981602,944.3664157981602,0.09456207014045503,947.2844026653383,[7.0],[-3.0],[1],[0],[0],[2.916910046562407],947.2852559679868,947.2885750957648,None,,,,,,,,,,,,,ED12,001,2024-01-19_16h42.43.079,rating,2023.2.3,60.041013913673886,2024-01-19 16h42.56.506389 +0800,
neg_43.jpg,0,254,254,130,947.3164504092329,,,,,,,,,,,,,,,,,,,,,,,947.2887820779652,,947.2888100177115,947.288816289898,947.3164504092329,948.299804592838,948.3164717916916,949.2998293964902,949.2998293964902,949.633132034116,949.5333298361147,949.5333378188989,949.633132034116,949.633132034116,949.633132034116,949.633132034116,949.633132034116,949.633132034116,0.09438787437829887,950.0509649475935,[-292.0],[204.0],[1],[0],[0],[0.4167033494632051],950.0518943717962,950.0551784323416,None,,,,,,,,,,,,,ED12,001,2024-01-19_16h42.43.079,rating,2023.2.3,60.041013913673886,2024-01-19 16h42.56.506389 +0800,
neg_85.jpg,0,255,255,176,950.0831555263121,,,,,,,,,,,,,,,,,,,,,,,950.0554070820981,,950.0554378728393,950.0554450003256,950.0831555263121,951.0664934592496,951.0831446925331,952.0664883274585,952.0664883274585,952.3998402872894,952.3000323872984,952.3000403700826,952.3998402872894,952.3998402872894,952.3998402872894,952.3998402872894,952.3998402872894,952.3998402872894,0.09445430255073006,953.1509630089167,[-286.0],[-18.0],[1],[0],[0],[0.7500196718610823],953.1519300662458,953.1552397857431,None,,,,,,,,,,,,,ED12,001,2024-01-19_16h42.43.079,rating,2023.2.3,60.041013913673886,2024-01-19 16h42.56.506389 +0800,
neu_149.jpg,0,256,256,247,953.1831644214144,,,,,,,,,,,,,,,,,,,,,,,953.1554667249038,,953.1554978007443,953.1555049282306,953.1831644214144,954.1665072010419,954.1831929313594,955.1665183199202,955.1665183199202,955.4998563098779,955.4000620946608,955.4000703625443,955.4998563098779,955.4998563098779,955.4998563098779,955.4998563098779,955.4998563098779,955.4998563098779,0.09441039723424183,956.4176156676986,[99.0],[170.0],[1],[0],[0],[0.9167150385401328],956.418508314071,956.421849109407,None,,,,,,,,,,,,,ED12,001,2024-01-19_16h42.43.079,rating,2023.2.3,60.041013913673886,2024-01-19 16h42.56.506389 +0800,
neg_48.jpg,0,257,257,135,956.449867827896,,,,,,,,,,,,,,,,,,,,,,,956.4220800399598,,956.4221111158004,956.4221182432866,956.449867827896,957.4332265730936,957.4498723894867,958.433230849585,958.433230849585,958.766554299471,958.6667526716683,958.6667609395518,958.766554299471,958.766554299471,958.766554299471,958.766554299471,958.766554299471,958.766554299471,0.09450134395956411,959.3510007560835,[-290.0],[199.0],[1],[0],[0],[0.5833254455828865],959.3519652475188,959.3552438911756,None,,,,,,,,,,,,,ED12,001,2024-01-19_16h42.43.079,rating,2023.2.3,60.041013913673886,2024-01-19 16h42.56.506389 +0800,
neg_170.jpg,0,258,258,79,959.3832423676031,,,,,,,,,,,,,,,,,,,,,,,959.3554756770263,,959.3555070379662,959.3555141654524,959.3832423676031,960.3665663306674,960.3832643202604,961.3666039637956,961.3666039637956,961.6999154395035,961.6001320580654,961.6001400408495,961.6999154395035,961.6999154395035,961.6999154395035,961.6999154395035,961.6999154395035,961.6999154395035,0.0944833826924878,962.0343832785766,[-336.0],[248.0],[1],[0],[0],[0.33336649990269507],962.0353263875513,962.0387261984724,None,,,,,,,,,,,,,ED12,001,2024-01-19_16h42.43.079,rating,2023.2.3,60.041013913673886,2024-01-19 16h42.56.506389 +0800,
neg_133.jpg,0,259,259,38,962.0665598874202,,,,,,,,,,,,,,,,,,,,,,,962.0389568439277,,962.0389876346671,962.0389947621534,962.0665598874202,963.0499231942085,963.0665903930621,964.0499280409003,964.0499280409003,964.3832760093374,964.2835234186387,964.2835322567225,964.3832760093374,964.3832760093374,964.3832760093374,964.3832760093374,964.3832760093374,964.3832760093374,0.09434682005849027,964.5510347969594,[-333.0],[185.0],[1],[0],[0],[0.16669907297000464],964.5519217413421,964.5553911165298,None,,,,,,,,,,,,,ED12,001,2024-01-19_16h42.43.079,rating,2023.2.3,60.041013913673886,2024-01-19 16h42.56.506389 +0800,
neg_97.jpg,0,260,260,189,964.5832795445713,,,,,,,,,,,,,,,,,,,,,,,964.5556194811888,,964.5556497017296,964.5556568292159,964.5832795445713,965.5666648040169,965.5832863869582,966.5666231794985,966.5666231794985,966.8999797009201,966.8001971747799,966.800205157564,966.8999797009201,966.8999797009201,966.8999797009201,966.8999797009201,966.8999797009201,966.8999797009201,0.09441638432326727,966.9844227363392,[-336.0],[-111.0],[1],[0],[0],[0.08328325086222321],966.9853957807572,966.988763945641,None,,,,,,,,,,,,,ED12,001,2024-01-19_16h42.43.079,rating,2023.2.3,60.041013913673886,2024-01-19 16h42.56.506389 +0800,
neg_164.jpg,0,261,261,72,967.0166503779856,,,,,,,,,,,,,,,,,,,,,,,966.9889689321444,,966.988996871889,966.9890031440773,967.0166503779856,967.999971490055,968.0166629223604,968.9999811834368,968.9999811834368,969.3333237349852,969.2335206816842,969.2335289495695,969.3333237349852,969.3333237349852,969.3333237349852,969.3333237349852,969.3333237349852,969.3333237349852,0.09437989159414428,969.667829492284,[-362.0],[276.0],[1],[0],[0],[0.3334138264108333],969.6688002559058,969.6721151071924,None,,,,,,,,,,,,,ED12,001,2024-01-19_16h42.43.079,rating,2023.2.3,60.041013913673886,2024-01-19 16h42.56.506389 +0800,
neu_191.jpg,0,262,262,294,969.6999884249635,,,,,,,,,,,,,,,,,,,,,,,969.6723454675466,,969.6723756880874,969.6723828155737,969.6999884249635,970.6833611400343,970.6999986885439,971.6833431787691,971.6833431787691,972.0166783177319,971.916878115424,971.9168863833092,972.0166783177319,972.0166783177319,972.0166783177319,972.0166783177319,972.0166783177319,972.0166783177319,0.09436021973124298,972.8678227639375,[170.0],[93.0],[1],[0],[0],[0.8500317030593578],972.8687541838353,972.8720949791714,None,,,,,,,,,,,,,ED12,001,2024-01-19_16h42.43.079,rating,2023.2.3,60.041013913673886,2024-01-19 16h42.56.506389 +0800,
neg_26.jpg,0,263,263,111,972.9000703625443,,,,,,,,,,,,,,,,,,,,,,,972.8723244842276,,972.8723558451657,972.8723626875526,972.9000703625443,973.8833686666585,973.9000253168324,974.8833686666585,974.8833686666585,975.2167092225118,975.1168996119231,975.1169078798066,975.2167092225118,975.2167092225118,975.2167092225118,975.2167092225118,975.2167092225118,975.2167092225118,0.09440754623938119,976.7012585430057,[-240.0],[-134.0],[1],[0],[0],[1.483435436948639],976.7022133410574,976.7055338943337,None,,,,,,,,,,,,,ED12,001,2024-01-19_16h42.43.079,rating,2023.2.3,60.041013913673886,2024-01-19 16h42.56.506389 +0800,
neg_110.jpg,0,264,264,13,976.7333903912368,,,,,,,,,,,,,,,,,,,,,,,976.7057787947597,,976.7058095855009,976.7058164278878,976.7333903912368,977.716732030467,977.7333980889216,978.7167385877547,978.7167385877547,979.0501030919604,978.950347935368,978.9503562032514,979.0501030919604,979.0501030919604,979.0501030919604,979.0501030919604,979.0501030919604,979.0501030919604,0.09434995615083608,979.4512690916854,[-301.0],[113.0],[1],[0],[0],[0.399971433034807],979.452219898345,979.4554831466321,None,,,,,,,,,,,,,ED12,001,2024-01-19_16h42.43.079,rating,2023.2.3,60.041013913673886,2024-01-19 16h42.56.506389 +0800,
neu_127.jpg,0,265,265,223,979.4834140544917,,,,,,,,,,,,,,,,,,,,,,,979.4556887033341,,979.4557400212343,979.4557465785219,979.4834140544917,980.4667870546618,980.483415194889,981.4668204112968,981.4668204112968,981.8001030919604,981.7003100171405,981.700318285024,981.8001030919604,981.8001030919604,981.8001030919604,981.8001030919604,981.8001030919604,981.8001030919604,0.09441723962299875,984.1512657845324,[263.0],[-102.0],[1],[0],[0],[2.350026571268245],984.1521726858773,984.155458171921,None,,,,,,,,,,,,,ED12,001,2024-01-19_16h42.43.079,rating,2023.2.3,60.041013913673886,2024-01-19 16h42.56.506389 +0800,
neg_5.jpg,0,266,266,137,984.1834783159065,,,,,,,,,,,,,,,,,,,,,,,984.1556654392189,,984.1556930938659,984.1556993660543,984.1834783159065,985.1667988577774,985.1834617801396,986.1668096915564,986.1668096915564,986.5001468262162,986.4003449133124,986.400353466297,986.5001468262162,986.5001468262162,986.5001468262162,986.5001468262162,986.5001468262162,986.5001468262162,0.09450761614607472,988.6013203525654,[-197.0],[-106.0],[1],[0],[0],[2.1000453878314147],988.60223780259,988.6055594962636,None,,,,,,,,,,,,,ED12,001,2024-01-19_16h42.43.079,rating,2023.2.3,60.041013913673886,2024-01-19 16h42.56.506389 +0800,
neg_121.jpg,0,267,267,25,988.6335211948644,,,,,,,,,,,,,,,,,,,,,,,988.6057890013199,,988.6058200771604,988.6058274897459,988.6335211948644,989.6168671105861,989.6335462836159,990.6168497195195,990.6168497195195,990.9502147939256,990.8504282763915,990.8504368293761,990.9502147939256,990.9502147939256,990.9502147939256,990.9502147939256,990.9502147939256,990.9502147939256,0.09447425951111654,991.8514187118762,[-242.0],[130.0],[1],[0],[0],[0.9000281678254396],991.8524054410664,991.855818651662,None,,,,,,,,,,,,,ED12,001,2024-01-19_16h42.43.079,rating,2023.2.3,60.041013913673886,2024-01-19 16h42.56.506389 +0800,
neg_151.jpg,0,268,268,58,991.88352860745,,,,,,,,,,,,,,,,,,,,,,,991.8560561395025,,991.8560886408395,991.8560969087248,991.88352860745,992.866873952973,992.8835360200355,993.8668810804593,993.8668810804593,994.2002204959135,994.1004718966069,994.1004807346908,994.2002204959135,994.2002204959135,994.2002204959135,994.2002204959135,994.2002204959135,994.2002204959135,0.09419828324462287,994.4014961448866,[-322.0],[283.0],[1],[0],[0],[0.20009448195742152],994.4024110290156,994.4057395650761,None,,,,,,,,,,,,,ED12,001,2024-01-19_16h42.43.079,rating,2023.2.3,60.041013913673886,2024-01-19 16h42.56.506389 +0800,
neg_153.jpg,0,269,269,60,994.4335538672603,,,,,,,,,,,,,,,,,,,,,,,994.4059647936392,,994.4059958694797,994.4060027118667,994.4335538672603,995.4169228760384,995.4335581437517,996.4169208803414,996.4169208803414,996.7502517428129,996.6504421322243,996.6504501150102,996.7502517428129,996.7502517428129,996.7502517428129,996.7502517428129,996.7502517428129,996.7502517428129,0.09430890183102747,996.9514789248788,[-273.0],[265.0],[1],[0],[0],[0.2000739547984267],996.9524348633295,1010.0175287693855,space,996.9669615355233,996.9669615355233,13.046168434473657,None,,,,,,,,,ED12,001,2024-01-19_16h42.43.079,rating,2023.2.3,60.041013913673886,2024-01-19 16h42.56.506389 +0800,
neg_44.jpg,0,270,270,131,1010.033697044204,,,,,,,,,,,,,,,,,,,,,,,1010.0179244874198,1010.033697044204,1011.0172761712747,1011.0172841540589,1011.0503773576311,1012.0170535086054,1012.0503856255145,1013.017054078804,1013.017054078804,1013.3503997664466,1013.2505955727484,1013.2506041257311,1013.3503997664466,1013.3503997664466,1013.3503997664466,1013.3503997664466,1013.3503997664466,1013.3503997664466,0.08269195460707124,1014.851617141092,[-281.0],[143.0],[1],[0],[0],[1.500052173198128],1014.8525713689451,1014.8559988345132,None,,,,,1011.0503773576311,,,,,,,,ED12,001,2024-01-19_16h42.43.079,rating,2023.2.3,60.041013913673886,2024-01-19 16h42.56.506389 +0800,
neu_97.jpg,0,271,271,381,1014.8837646697921,,,,,,,,,,,,,,,,,,,,,,,1014.8562323309616,,1014.8562639770007,1014.8562708193876,1014.8837646697921,1015.8670889179575,1015.8837789247646,1016.8670892030568,1016.8670892030568,1017.2004408777884,1017.100658921845,1017.1006671897303,1017.2004408777884,1017.2004408777884,1017.2004408777884,1017.2004408777884,1017.2004408777884,1017.2004408777884,0.09423221008000837,1018.0016316241436,[250.0],[98.0],[1],[0],[0],[0.8000574760480959],1018.0026970407816,1018.0060201599536,None,,,,,,,,,,,,,ED12,001,2024-01-19_16h42.43.079,rating,2023.2.3,60.041013913673886,2024-01-19 16h42.56.506389 +0800,
neu_113.jpg,0,272,272,208,1018.0338273346515,,,,,,,,,,,,,,,,,,,,,,,1018.006249665008,,1018.0062801706499,1018.0062870130369,1018.0338273346515,1019.0171165155843,1019.03379739921,1020.0171244983685,1020.0171244983685,1020.3504667648176,1020.2507586496322,1020.2507669175175,1020.3504667648176,1020.3504667648176,1020.3504667648176,1020.3504667648176,1020.3504667648176,1020.3504667648176,0.09425644353177631,1020.6517059780799,[277.0],[-138.0],[1],[0],[0],[0.30001870252453955],1020.6527200768178,1020.6560106946508,None,,,,,,,,,,,,,ED12,001,2024-01-19_16h42.43.079,rating,2023.2.3,60.041013913673886,2024-01-19 16h42.56.506389 +0800,
neu_59.jpg,0,273,273,339,1020.6838016186812,,,,,,,,,,,,,,,,,,,,,,,1020.6562373487122,,1020.6562684245528,1020.656275552039,1020.6838016186812,1021.667169487062,1021.6838084610681,1022.6671780400447,1022.6671780400447,1023.0005163151018,1022.9007674306959,1022.90077541348,1023.0005163151018,1023.0005163151018,1023.0005163151018,1023.0005163151018,1023.0005163151018,1023.0005163151018,0.0943054806375585,1023.701749769356,[279.0],[-195.0],[1],[0],[0],[0.700011803117377],1023.7027504684193,1023.7060906935567,None,,,,,,,,,,,,,ED12,001,2024-01-19_16h42.43.079,rating,2023.2.3,60.041013913673886,2024-01-19 16h42.56.506389 +0800,
neg_146.jpg,0,274,274,52,1023.7338163298136,,,,,,,,,,,,,,,,,,,,,,,1023.7063207688116,,1023.7063509893524,1023.7063581168386,1023.7338163298136,1024.7171770707064,1024.7338360016747,1025.7172224015194,1025.7172224015194,1026.0505207626538,1025.9507125775617,1025.9507208454452,1026.0505207626538,1026.0505207626538,1026.0505207626538,1026.0505207626538,1026.0505207626538,1026.0505207626538,0.09422479749446211,1028.9517357994828,[-194.0],[-27.0],[1],[0],[0],[2.9000578181676246],1028.9526663640809,1028.9559795047717,None,,,,,,,,,,,,,ED12,001,2024-01-19_16h42.43.079,rating,2023.2.3,60.041013913673886,2024-01-19 16h42.56.506389 +0800,
neg_163.jpg,0,275,275,71,1028.983880477188,,,,,,,,,,,,,,,,,,,,,,,1028.956211005523,,1028.9562417962643,1028.9562486386512,1028.983880477188,1029.9672206909217,1029.9838878897735,1030.9672283886066,1030.9672283886066,1031.3005675189634,1031.2007647507617,1031.2007733037444,1031.3005675189634,1031.3005675189634,1031.3005675189634,1031.3005675189634,1031.3005675189634,1031.3005675189634,0.09437875119510863,1031.801791735994,[-254.0],[156.0],[1],[0],[0],[0.5000350672326022],1031.8028143877145,1031.8061574638468,None,,,,,,,,,,,,,ED12,001,2024-01-19_16h42.43.079,rating,2023.2.3,60.041013913673886,2024-01-19 16h42.56.506389 +0800,
neu_95.jpg,0,276,276,379,1031.8338836703024,,,,,,,,,,,,,,,,,,,,,,,1031.806382977511,,1031.8064126278532,1031.8064197553394,1031.8338836703024,1032.8172446962963,1032.8339124653467,1033.8172521088818,1033.8172521088818,1034.150597511425,1034.0508132746872,1034.0508212574714,1034.150597511425,1034.150597511425,1034.150597511425,1034.150597511425,1034.150597511425,1034.150597511425,0.09423933756625047,1034.7518346149518,[244.0],[174.0],[1],[0],[0],[0.6000710467815225],1034.752766319949,1034.756088583821,None,,,,,,,,,,,,,ED12,001,2024-01-19_16h42.43.079,rating,2023.2.3,60.041013913673886,2024-01-19 16h42.56.506389 +0800,
neg_15.jpg,0,277,277,56,1034.7839336767465,,,,,,,,,,,,,,,,,,,,,,,1034.756314667682,,1034.7563448882247,1034.756352015711,1034.7839336767465,1035.7672747457782,1035.7839402340323,1036.767298123932,1036.767298123932,1037.1006577814478,1037.0008818125953,1037.0008897953794,1037.1006577814478,1037.1006577814478,1037.1006577814478,1037.1006577814478,1037.1006577814478,1037.1006577814478,0.09436620682026842,1039.8018746999333,[-42.0],[-17.0],[1],[0],[0],[2.7000454448516393],1039.8028580079317,1039.8062244622179,None,,,,,,,,,,,,,ED12,001,2024-01-19_16h42.43.079,rating,2023.2.3,60.041013913673886,2024-01-19 16h42.56.506389 +0800,
neu_157.jpg,0,278,278,256,1039.8340011312757,,,,,,,,,,,,,,,,,,,,,,,1039.8064514013786,,1039.806482192118,1039.8064893196042,1039.8340011312757,1040.8173216731466,1040.8339868763032,1041.8173322218263,1041.8173322218263,1042.1506716372805,1042.0508628819916,1042.0508708647758,1042.1506716372805,1042.1506716372805,1042.1506716372805,1042.1506716372805,1042.1506716372805,1042.1506716372805,0.09424789054901339,1044.052028083437,[20.0],[-25.0],[1],[0],[0],[1.9001738536444464],1044.0529640649256,1044.056304290063,None,,,,,,,,,,,,,ED12,001,2024-01-19_16h42.43.079,rating,2023.2.3,60.041013913673886,2024-01-19 16h42.56.506389 +0800,
neu_7.jpg,0,279,279,351,1044.0840467471862,,,,,,,,,,,,,,,,,,,,,,,1044.0565332249207,,1044.0565643007594,1044.0565719984443,1044.0840467471862,1045.0673615870692,1045.0840684147443,1046.0673607317713,1046.0673607317713,1046.400710410806,1046.3009352972513,1046.300943850234,1046.400710410806,1046.400710410806,1046.400710410806,1046.400710410806,1046.400710410806,1046.400710410806,0.0942082617257256,1048.0019688967914,[-2.0],[213.0],[1],[0],[0],[1.6000644894957077],1048.0029921187106,1048.0063058296,None,,,,,,,,,,,,,ED12,001,2024-01-19_16h42.43.079,rating,2023.2.3,60.041013913673886,2024-01-19 16h42.56.506389 +0800,
neg_24.jpg,0,280,280,109,1048.0340693840826,,,,,,,,,,,,,,,,,,,,,,,1048.00653305386,,1048.0065638446013,1048.0065709720875,1048.0340693840826,1049.017398478938,1049.034063967194,1050.0174076021212,1050.0174076021212,1050.3507478728734,1050.2509656318325,1050.250973899716,1050.3507478728734,1050.3507478728734,1050.3507478728734,1050.3507478728734,1050.3507478728734,1050.3507478728734,0.09423477597374585,1052.952007499256,[-145.0],[-191.0],[1],[0],[0],[2.600065059694316],1052.9529343575632,1052.9562557661375,None,,,,,,,,,,,,,ED12,001,2024-01-19_16h42.43.079,rating,2023.2.3,60.041013913673886,2024-01-19 16h42.56.506389 +0800,
neu_173.jpg,0,281,281,274,1052.9841102673436,,,,,,,,,,,,,,,,,,,,,,,1052.956486411591,,1052.9565174874315,1052.956524614916,1052.9841102673436,1053.967501228779,1053.9841134034377,1054.9674838377123,1054.9674838377123,1055.3007930326257,1055.2010013833024,1055.2010096511876,1055.3007930326257,1055.3007930326257,1055.3007930326257,1055.3007930326257,1055.3007930326257,1055.3007930326257,0.09432828859280562,1056.2020608128532,[167.0],[174.0],[1],[0],[0],[0.9000384314058465],1056.203050107939,1056.206451059259,None,,,,,,,,,,,,,ED12,001,2024-01-19_16h42.43.079,rating,2023.2.3,60.041013913673886,2024-01-19 16h42.56.506389 +0800,
neu_187.jpg,0,282,282,289,1056.2341772657146,,,,,,,,,,,,,,,,,,,,,,,1056.206658611658,,1056.2066865514043,1056.2066928235909,1056.2341772657146,1057.2174858334092,1057.234141343184,1058.2174812718185,1058.2174812718185,1058.5508243935656,1058.4510173488725,1058.451025616756,1058.5508243935656,1058.5508243935656,1058.5508243935656,1058.5508243935656,1058.5508243935656,1058.5508243935656,0.09419001536116411,1059.5520414831099,[151.0],[222.0],[1],[0],[0],[1.000024518552891],1059.5529937152678,1059.5563972324835,None,,,,,,,,,,,,,ED12,001,2024-01-19_16h42.43.079,rating,2023.2.3,60.041013913673886,2024-01-19 16h42.56.506389 +0800,
neu_184.jpg,0,283,283,286,1059.5841642081596,,,,,,,,,,,,,,,,,,,,,,,1059.5566044997831,,1059.5566321544284,1059.5566384266167,1059.5841642081596,1060.5675078430868,1060.5841733313428,1061.5675560248928,1061.5675560248928,1061.9008552413252,1061.8010513327263,1061.8010596006097,1061.9008552413252,1061.9008552413252,1061.9008552413252,1061.9008552413252,1061.9008552413252,1061.9008552413252,0.09427925148884242,1063.3021053453867,[226.0],[-104.0],[1],[0],[0],[1.400051545981114],1063.303074683512,1063.3063581738588,None,,,,,,,,,,,,,ED12,001,2024-01-19_16h42.43.079,rating,2023.2.3,60.041013913673886,2024-01-19 16h42.56.506389 +0800,
neu_152.jpg,0,284,284,251,1063.3342024114863,,,,,,,,,,,,,,,,,,,,,,,1063.3065862534168,,1063.3066167590587,1063.306623886545,1063.3342024114863,1064.3175431954187,1064.3342540144859,1065.317548327208,1065.317548327208,1065.6509265161876,1065.5511223224894,1065.5511305903728,1065.6509265161876,1065.6509265161876,1065.6509265161876,1065.6509265161876,1065.6509265161876,1065.6509265161876,0.09436193032888696,1067.652121082876,[185.0],[-104.0],[1],[0],[0],[1.99999657880835],1067.6530687534432,1067.656353099088,None,,,,,,,,,,,,,ED12,001,2024-01-19_16h42.43.079,rating,2023.2.3,60.041013913673886,2024-01-19 16h42.56.506389 +0800,
neu_111.jpg,0,285,285,206,1067.6842415271294,,,,,,,,,,,,,,,,,,,,,,,1067.6565860253377,,1067.6566162458803,1067.6566245137637,1067.6842415271294,1068.6675828812604,1068.6842475142184,1069.6676136720016,1069.6676136720016,1070.0009334155948,1069.9011235199068,1069.9011317877903,1070.0009334155948,1070.0009334155948,1070.0009334155948,1070.0009334155948,1070.0009334155948,1070.0009334155948,0.09436991311304155,1070.6021890505854,[176.0],[-43.0],[1],[0],[0],[0.6000214394789509],1070.6031820519638,1070.6064190711004,None,,,,,,,,,,,,,ED12,001,2024-01-19_16h42.43.079,rating,2023.2.3,60.041013913673886,2024-01-19 16h42.56.506389 +0800,
neu_99.jpg,0,286,286,383,1070.6342658746235,,,,,,,,,,,,,,,,,,,,,,,1070.6066457251618,,1070.606676515903,1070.6066836433893,1070.6342658746235,1071.617655980759,1071.634295810065,1072.6176220539255,1072.6176220539255,1072.950980571044,1072.8511644031678,1072.8511729561505,1072.950980571044,1072.950980571044,1072.950980571044,1072.950980571044,1072.950980571044,1072.950980571044,0.094356798539593,1073.9521785589259,[189.0],[-100.0],[1],[0],[0],[1.0000037062927731],1073.9531419099621,1073.9564359489887,None,,,,,,,,,,,,,ED12,001,2024-01-19_16h42.43.079,rating,2023.2.3,60.041013913673886,2024-01-19 16h42.56.506389 +0800,
neg_64.jpg,0,287,287,153,1073.984326087626,,,,,,,,,,,,,,,,,,,,,,,1073.9566645987452,,1073.9566948192878,1073.956701946774,1073.984326087626,1074.9676437785038,1074.9843161091467,1075.9676454890996,1075.9676454890996,1076.3009943128363,1076.2012109313982,1076.2012191992817,1076.3009943128363,1076.3009943128363,1076.3009943128363,1076.3009943128363,1076.3009943128363,1076.3009943128363,0.09439471676523681,1077.3022684222724,[-307.0],[159.0],[1],[0],[0],[1.0000213824587263],1077.3032371901973,1077.3065357908145,None,,,,,,,,,,,,,ED12,001,2024-01-19_16h42.43.079,rating,2023.2.3,60.041013913673886,2024-01-19 16h42.56.506389 +0800,
neu_169.jpg,0,288,288,269,1077.3343307062369,,,,,,,,,,,,,,,,,,,,,,,1077.3067436283127,,1077.3067712829597,1077.306777555148,1077.3343307062369,1078.3176766219603,1078.3343897218238,1079.3176828941469,1079.3176828941469,1079.6510217394043,1079.5512506172417,1079.551258600026,1079.6510217394043,1079.6510217394043,1079.6510217394043,1079.6510217394043,1079.6510217394043,1079.6510217394043,0.09430377004173351,1080.452348763296,[252.0],[166.0],[1],[0],[0],[0.8000677396303217],1080.4534099034427,1080.4566885470995,None,,,,,,,,,,,,,ED12,001,2024-01-19_16h42.43.079,rating,2023.2.3,60.041013913673886,2024-01-19 16h42.56.506389 +0800,
neg_41.jpg,0,289,289,128,1080.4843620101565,,,,,,,,,,,,,,,,,,,,,,,1080.456896669697,,1080.4569246094434,1080.45693088163,1080.4843620101565,1081.467730448736,1081.484366571749,1082.467734440128,1082.467734440128,1082.8010519029249,1082.7012799254644,1082.7013018781217,1082.8010519029249,1082.8010519029249,1082.8010519029249,1082.8010519029249,1082.8010519029249,1082.8010519029249,0.09418117727727804,1083.9023155207014,[-286.0],[129.0],[1],[0],[0],[1.0999912189381575],1083.903284858825,1083.906480253443,None,,,,,,,,,,,,,ED12,001,2024-01-19_16h42.43.079,rating,2023.2.3,60.041013913673886,2024-01-19 16h42.56.506389 +0800,
neg_109.jpg,0,290,290,11,1083.934406314611,,,,,,,,,,,,,,,,,,,,,,,1083.9067086181003,,1083.9067399790401,1083.9067471065264,1083.934406314611,1084.9177773190859,1084.9344288374668,1085.917754796228,1085.917754796228,1086.2510887947938,1086.1512797544037,1086.1512885924876,1086.2510887947938,1086.2510887947938,1086.2510887947938,1086.2510887947938,1086.2510887947938,1086.2510887947938,0.09440326974799973,1086.9523573162805,[-278.0],[-44.0],[1],[0],[0],[0.7000437342539954],1086.9533163908236,1086.9566010215694,None,,,,,,,,,,,,,ED12,001,2024-01-19_16h42.43.079,rating,2023.2.3,60.041013913673886,2024-01-19 16h42.56.506389 +0800,
neg_93.jpg,0,291,291,185,1086.984423591637,,,,,,,,,,,,,,,,,,,,,,,1086.9568088590677,,1086.9568370839115,1086.9568436411992,1086.984423591637,1087.967762950073,1087.984437276411,1088.9677720732543,1088.9677720732543,1089.3011106334125,1089.2013118566028,1089.2013201244863,1089.3011106334125,1089.3011106334125,1089.3011106334125,1089.3011106334125,1089.3011106334125,1089.3011106334125,0.09432828859462461,1090.1023669526403,[-264.0],[-103.0],[1],[0],[0],[0.8000295363017358],1090.1033639454126,1090.1065028903395,None,,,,,,,,,,,,,ED12,001,2024-01-19_16h42.43.079,rating,2023.2.3,60.041013913673886,2024-01-19 16h42.56.506389 +0800,
neu_122.jpg,0,292,292,218,1090.1344568912536,,,,,,,,,,,,,,,,,,,,,,,1090.106735531488,,1090.1067626159365,1090.1067691732242,1090.1344568912536,1091.117792543395,1091.13446401874,1092.1178002410816,1092.1178002410816,1092.451184132049,1092.3513619770856,1092.351370244969,1092.451184132049,1092.451184132049,1092.451184132049,1092.451184132049,1092.451184132049,1092.451184132049,0.09447825090319384,1093.5524300736597,[167.0],[-33.0],[1],[0],[0],[1.1000049037120334],1093.5533942799939,1093.5566489752964,None,,,,,,,,,,,,,ED12,001,2024-01-19_16h42.43.079,rating,2023.2.3,60.041013913673886,2024-01-19 16h42.56.506389 +0800,
neu_162.jpg,0,293,293,262,1093.5844875109342,,,,,,,,,,,,,,,,,,,,,,,1093.5568878886334,,1093.5569158283797,1093.5569223856673,1093.5844875109342,1094.567838558447,1094.584487225835,1095.5678539538167,1095.5678539538167,1095.9011742676084,1095.8013689335112,1095.8013772013965,1095.9011742676084,1095.9011742676084,1095.9011742676084,1095.9011742676084,1095.9011742676084,1095.9011742676084,0.09432971409114543,1096.702497300108,[191.0],[-142.0],[1],[0],[0],[0.8000138558327308],1096.7035464660785,1096.7069630978676,None,,,,,,,,,,,,,ED12,001,2024-01-19_16h42.43.079,rating,2023.2.3,60.041013913673886,2024-01-19 16h42.56.506389 +0800,
neu_74.jpg,0,294,294,356,1096.734515108561,,,,,,,,,,,,,,,,,,,,,,,1096.7071906072288,,1096.7072205426703,1096.7072276701565,1096.734515108561,1097.7178838322397,1097.7345242317424,1098.7178647305755,1098.7178647305755,1099.0512318006768,1098.9514199092937,1098.9514281771771,1099.0512318006768,1099.0512318006768,1099.0512318006768,1099.0512318006768,1099.0512318006768,1099.0512318006768,0.0940659971020068,1099.8524821328174,[195.0],[168.0],[1],[0],[0],[0.7999867713861022],1099.8534511858434,1099.8567144341287,None,,,,,,,,,,,,,ED12,001,2024-01-19_16h42.43.079,rating,2023.2.3,60.041013913673886,2024-01-19 16h42.56.506389 +0800,
neu_154.jpg,0,295,295,253,1099.8845441316844,,,,,,,,,,,,,,,,,,,,,,,1099.856923412026,,1099.8569516368698,1099.856957909058,1099.8845441316844,1100.867885200716,1100.8845769181207,1101.8678946089985,1101.8678946089985,1102.201241151939,1102.101479438059,1102.1014877059424,1102.201241151939,1102.201241151939,1102.201241151939,1102.201241151939,1102.201241151939,1102.201241151939,0.09434567965945462,1102.5025006072628,[276.0],[191.0],[1],[0],[0],[0.2999850607884582],1102.5034659539942,1102.5066744631877,None,,,,,,,,,,,,,ED12,001,2024-01-19_16h42.43.079,rating,2023.2.3,60.041013913673886,2024-01-19 16h42.56.506389 +0800,
neg_148.jpg,0,296,296,54,1102.5345899756758,,,,,,,,,,,,,,,,,,,,,,,1102.5068857218776,,1102.5069142318225,1102.5069205040108,1102.5345899756758,1103.517921636425,1103.5346124985317,1104.5179199258291,1104.5179199258291,1104.8512975446101,1104.751517014165,1104.7515255671497,1104.8512975446101,1104.8512975446101,1104.8512975446101,1104.8512975446101,1104.8512975446101,1104.8512975446101,0.09444717506448796,1105.1526832989894,[-318.0],[253.0],[1],[0],[0],[0.30002354921452934],1105.1537204907818,1105.1571391182679,None,,,,,,,,,,,,,ED12,001,2024-01-19_16h42.43.079,rating,2023.2.3,60.041013913673886,2024-01-19 16h42.56.506389 +0800,
neg_118.jpg,0,297,297,21,1105.1846075948215,,,,,,,,,,,,,,,,,,,,,,,1105.1573711892197,,1105.1574022650584,1105.1574093925447,1105.1846075948215,1106.1679381151735,1106.1846078799208,1107.167944672461,1107.167944672461,1107.501283802816,1107.4015326376157,1107.4015511690795,1107.501283802816,1107.501283802816,1107.501283802816,1107.501283802816,1107.501283802816,1107.501283802816,0.09393741725034488,1108.0027127212525,[-369.0],[174.0],[1],[0],[0],[0.5001154652763944],1108.0037168415092,1108.006987502382,None,,,,,,,,,,,,,ED12,001,2024-01-19_16h42.43.079,rating,2023.2.3,60.041013913673886,2024-01-19 16h42.56.506389 +0800,
neu_129.jpg,0,298,298,225,1108.0346233323107,,,,,,,,,,,,,,,,,,,,,,,1108.0072150117412,,1108.0072458024806,1108.0072529299669,1108.0346233323107,1109.0179626907466,1109.0346261833056,1110.0179880645974,1110.0179880645974,1110.351311229384,1110.2515338350331,1110.2515560727898,1110.351311229384,1110.351311229384,1110.351311229384,1110.351311229384,1110.351311229384,1110.351311229384,0.09412102129317645,1111.3526355163212,[184.0],[152.0],[1],[0],[0],[1.0000202420615096],1111.3536202498162,1111.3567694583235,None,,,,,,,,,,,,,ED12,001,2024-01-19_16h42.43.079,rating,2023.2.3,60.041013913673886,2024-01-19 16h42.56.506389 +0800,
neu_103.jpg,0,299,299,197,1111.3846533247743,,,,,,,,,,,,,,,,,,,,,,,1111.3569770107224,,1111.3570058057667,1111.3570120779532,1111.3846533247743,1112.3680303163364,1112.3846826900171,1113.368044571307,1113.368044571307,1113.7013446430392,1113.6015535639144,1113.6015618317979,1113.7013446430392,1113.7013446430392,1113.7013446430392,1113.7013446430392,1113.7013446430392,1113.7013446430392,0.0943955720631493,1115.1026708686531,[137.0],[-144.0],[1],[0],[0],[1.4000284529247438],1115.103654461749,1131.8852574505054,space,1115.1181218332586,1115.1181218332586,16.753405798010135,None,,,,,,,,,ED12,001,2024-01-19_16h42.43.079,rating,2023.2.3,60.041013913673886,2024-01-19 16h42.56.506389 +0800,
neu_48.jpg,0,300,300,327,1131.901533778013,,,,,,,,,,,,,,,,,,,,,,,1131.8856525983392,1131.901533778013,1132.8850538894985,1132.8850615871834,1132.9181887175891,1133.8848637281662,1133.9181921387826,1134.8848725662483,1134.8848725662483,1135.2182088456102,1135.1184057923092,1135.1184140601927,1135.2182088456102,1135.2182088456102,1135.2182088456102,1135.2182088456102,1135.2182088456102,1135.2182088456102,0.08277862483919307,1136.51951648274,[136.0],[-147.0],[1],[0],[0],[1.3000226939166168],1136.5205357132672,1136.5238465731618,None,,,,,1132.9181887175891,,,,,,,,ED12,001,2024-01-19_16h42.43.079,rating,2023.2.3,60.041013913673886,2024-01-19 16h42.56.506389 +0800,
neu_140.jpg,0,301,301,238,1136.55155567365,,,,,,,,,,,,,,,,,,,,,,,1136.524055265958,,1136.5240840610022,1136.5240903331905,1136.55155567365,1137.534897312882,1137.551556814049,1138.5349047254676,1138.5349047254676,1138.8682635276837,1138.7684613296824,1138.7684701677645,1138.8682635276837,1138.8682635276837,1138.8682635276837,1138.8682635276837,1138.8682635276837,1138.8682635276837,0.09423534617417317,1139.1698177758371,[107.0],[182.0],[1],[0],[0],[0.30022112313054095],1139.1708774904873,1139.1742091626402,None,,,,,,,,,,,,,ED12,001,2024-01-19_16h42.43.079,rating,2023.2.3,60.041013913673886,2024-01-19 16h42.56.506389 +0800,
neu_65.jpg,0,302,302,346,1139.2015841265747,,,,,,,,,,,,,,,,,,,,,,,1139.1744363869002,,1139.1744674627407,1139.174474590227,1139.2015841265747,1140.1849357442861,1140.2015881179686,1141.184931752894,1141.184931752894,1141.5182275481347,1141.4184963398948,1141.4185051779768,1141.5182275481347,1141.5182275481347,1141.5182275481347,1141.5182275481347,1141.5182275481347,1141.5182275481347,0.09381425428910006,1142.0196079996622,[115.0],[-100.0],[1],[0],[0],[0.5000937977201829],1142.0206212431021,1142.0238873423841,None,,,,,,,,,,,,,ED12,001,2024-01-19_16h42.43.079,rating,2023.2.3,60.041013913673886,2024-01-19 16h42.56.506389 +0800,
neg_81.jpg,0,303,303,172,1142.051609842545,,,,,,,,,,,,,,,,,,,,,,,1142.0241168474386,,1142.024144787185,1142.0241510593733,1142.051609842545,1143.034949200981,1143.051636356795,1144.0349594645613,1144.0349594645613,1144.368295458822,1144.2685097965878,1144.2685180644712,1144.368295458822,1144.368295458822,1144.368295458822,1144.368295458822,1144.368295458822,1144.368295458822,0.09420683622920478,1145.1697279695109,[-211.0],[-104.0],[1],[0],[0],[0.8000423657776992],1145.1707121328072,1145.174081152989,None,,,,,,,,,,,,,ED12,001,2024-01-19_16h42.43.079,rating,2023.2.3,60.041013913673886,2024-01-19 16h42.56.506389 +0800,
neg_130.jpg,0,304,304,35,1145.2016371550726,,,,,,,,,,,,,,,,,,,,,,,1145.1743129388396,,1145.1743437295809,1145.174350857067,1145.2016371550726,1146.184979934702,1146.201643427261,1147.184983070796,1147.184983070796,1147.518327047841,1147.4185237094407,1147.4185319773242,1147.518327047841,1147.518327047841,1147.518327047841,1147.518327047841,1147.518327047841,1147.518327047841,0.09403805735564674,1148.019650194381,[-307.0],[119.0],[1],[0],[0],[0.500020812260118],1148.0206426255609,1148.0240390152903,None,,,,,,,,,,,,,ED12,001,2024-01-19_16h42.43.079,rating,2023.2.3,60.041013913673886,2024-01-19 16h42.56.506389 +0800,
neg_149.jpg,0,305,305,55,1148.0516822578065,,,,,,,,,,,,,,,,,,,,,,,1148.024268805446,,1148.0242990259867,1148.0243058683736,1148.0516822578065,1149.0350036549753,1149.0517110528508,1150.0350247523347,1150.0350247523347,1150.385044481216,1150.2685728035667,1150.268581926748,1150.385044481216,1150.385044481216,1150.385044481216,1150.385044481216,1150.385044481216,1150.385044481216,0.11080133472205489,1150.6863928875682,[-334.0],[286.0],[1],[0],[0],[0.30001071974038496],1150.6874651465932,1150.69088833567,None,,,,,,,,,,,,,ED12,001,2024-01-19_16h42.43.079,rating,2023.2.3,60.041013913673886,2024-01-19 16h42.56.506389 +0800,
neg_73.jpg,0,306,306,163,1150.718388743362,,,,,,,,,,,,,,,,,,,,,,,1150.691116415228,,1150.6911469208699,1150.6911537632568,1150.718388743362,1151.701732948488,1151.7184047089304,1152.7017189786147,1152.7017189786147,1153.0683799622984,1152.9352439367904,1152.935252489775,1153.0683799622984,1153.0683799622984,1153.0683799622984,1153.0683799622984,1153.0683799622984,1153.0683799622984,0.1273231328559632,1153.1697795725104,[-320.0],[229.0],[1],[0],[0],[0.10003056266214116],1153.170840712659,1153.1741327559885,None,,,,,,,,,,,,,ED12,001,2024-01-19_16h42.43.079,rating,2023.2.3,60.041013913673886,2024-01-19 16h42.56.506389 +0800,
neu_84.jpg,0,307,307,367,1153.2017118511285,,,,,,,,,,,,,,,,,,,,,,,1153.174365397139,,1153.1743964729776,1153.1744033153645,1153.2017118511285,1154.1850634688399,1154.2017195488133,1155.1850586221499,1155.1850586221499,1155.5350660917538,1155.4186776631432,1155.4186870714257,1155.5350660917538,1155.5350660917538,1155.5350660917538,1155.5350660917538,1155.5350660917538,1155.5350660917538,0.11072407277060847,1156.036449394278,[168.0],[188.0],[1],[0],[0],[0.5000233781556744],1156.0375136705188,1156.040786897287,None,,,,,,,,,,,,,ED12,001,2024-01-19_16h42.43.079,rating,2023.2.3,60.041013913673886,2024-01-19 16h42.56.506389 +0800,
neg_56.jpg,0,308,308,144,1156.0683853791888,,,,,,,,,,,,,,,,,,,,,,,1156.0410161172422,,1156.041047478182,1156.041054320569,1156.0683853791888,1157.0517706386345,1157.0684118934369,1158.0517492561758,1158.0517492561758,1158.4017638532678,1158.2853403574245,1158.285348625308,1158.4017638532678,1158.4017638532678,1158.4017638532678,1158.4017638532678,1158.4017638532678,1158.4017638532678,0.11077025888153003,1159.003158901889,[-271.0],[142.0],[1],[0],[0],[0.6000479537269712],1159.0042300205168,1159.0075297615313,None,,,,,,,,,,,,,ED12,001,2024-01-19_16h42.43.079,rating,2023.2.3,60.041013913673886,2024-01-19 16h42.56.506389 +0800,
neg_188.jpg,0,309,309,98,1159.035137081517,,,,,,,,,,,,,,,,,,,,,,,1159.0077604069866,,1159.0077906275274,1159.007798040113,1159.035137081517,1160.0184430833178,1160.035143923904,1161.0184513512013,1161.0184513512013,1161.3684573953087,1161.252048154438,1161.252056137222,1161.3684573953087,1161.3684573953087,1161.3684573953087,1161.3684573953087,1161.3684573953087,1161.3684573953087,0.11071865588201035,1163.069846228762,[27.0],[17.0],[1],[0],[0],[1.7000514319406648],1163.070921623881,1163.074221935096,None,,,,,,,,,,,,,ED12,001,2024-01-19_16h42.43.079,rating,2023.2.3,60.041013913673886,2024-01-19 16h42.56.506389 +0800,
neu_124.jpg,0,310,310,220,1163.1018805729818,,,,,,,,,,,,,,,,,,,,,,,1163.0744303427928,,1163.0744585676384,1163.0744648398268,1163.1018805729818,1164.08519256187,1164.1018557693296,1165.0851552138429,1165.0851552138429,1165.4351595473545,1165.3186853038078,1165.318693286592,1165.4351595473545,1165.4351595473545,1165.4351595473545,1165.4351595473545,1165.4351595473545,1165.4351595473545,0.11075628900835,1165.8365199849013,[178.0],[117.0],[1],[0],[0],[0.4000344400137692],1165.837526956153,1165.8407702474778,None,,,,,,,,,,,,,ED12,001,2024-01-19_16h42.43.079,rating,2023.2.3,60.041013913673886,2024-01-19 16h42.56.506389 +0800,
neu_63.jpg,0,311,311,344,1165.8684998751269,,,,,,,,,,,,,,,,,,,,,,,1165.8409983270376,,1165.8410294028763,1165.8410362452632,1165.8684998751269,1166.8518363825679,1166.8685238234812,1167.8518497822424,1167.8518497822424,1168.2018544008533,1168.085388425192,1168.085396407976,1168.2018544008533,1168.2018544008533,1168.2018544008533,1168.2018544008533,1168.2018544008533,1168.2018544008533,0.11089484733929567,1169.2032408394698,[254.0],[73.0],[1],[0],[0],[0.9999883109230723],1169.2042492362198,1169.207410133804,None,,,,,,,,,,,,,ED12,001,2024-01-19_16h42.43.079,rating,2023.2.3,60.041013913673886,2024-01-19 16h42.56.506389 +0800,
neg_191.jpg,0,312,312,102,1169.2352016280329,,,,,,,,,,,,,,,,,,,,,,,1169.2076165458038,,1169.2076444855502,1169.2076504726392,1169.2352016280329,1170.2185797599923,1170.235232133673,1171.218557807335,1171.218557807335,1171.5685761107197,1171.4520953098872,1171.4521032926714,1171.5685761107197,1171.5685761107197,1171.5685761107197,1171.5685761107197,1171.5685761107197,1171.5685761107197,0.11098493876670545,1172.5699018231553,[-338.0],[115.0],[1],[0],[0],[0.9999960086079227],1172.5709355937543,1172.5740865128573,None,,,,,,,,,,,,,ED12,001,2024-01-19_16h42.43.079,rating,2023.2.3,60.041013913673886,2024-01-19 16h42.56.506389 +0800,
neg_89.jpg,0,313,313,180,1172.6018928322592,,,,,,,,,,,,,,,,,,,,,,,1172.5743231453998,,1172.574351940444,1172.5743582126324,1172.6018928322592,1173.585235896986,1173.601900529944,1174.5852447350699,1174.5852447350699,1174.9352502089787,1174.8187850886152,1174.818793641598,1174.9352502089787,1174.9352502089787,1174.9352502089787,1174.9352502089787,1174.9352502089787,1174.9352502089787,0.11095243742965977,1175.0366421215058,[-323.0],[-154.0],[1],[0],[0],[0.10001117589854402],1175.0376453864646,1175.0409428466846,None,,,,,,,,,,,,,ED12,001,2024-01-19_16h42.43.079,rating,2023.2.3,60.041013913673886,2024-01-19 16h42.56.506389 +0800,
neu_114.jpg,0,314,314,209,1175.068583238206,,,,,,,,,,,,,,,,,,,,,,,1175.04114697789,,1175.041175487835,1175.0411820451209,1175.068583238206,1176.0519263029328,1176.0685903656922,1177.0519741996413,1177.0519741996413,1177.4019582910914,1177.28546180979,1177.2854703627727,1177.4019582910914,1177.4019582910914,1177.4019582910914,1177.4019582910914,1177.4019582910914,1177.4019582910914,0.11083868274909037,1178.4033299045386,[225.0],[-54.0],[1],[0],[0],[1.000031360939829],1178.4043303185026,1178.407648876082,None,,,,,,,,,,,,,ED12,001,2024-01-19_16h42.43.079,rating,2023.2.3,60.041013913673886,2024-01-19 16h42.56.506389 +0800,
neg_190.jpg,0,315,315,101,1178.4353069437693,,,,,,,,,,,,,,,,,,,,,,,1178.4078749599448,,1178.4079063208828,1178.4079131632698,1178.4353069437693,1179.4186386045185,1179.4352872719064,1180.4186554253865,1180.4186554253865,1180.7686600439974,1180.6521860855519,1180.6521943534353,1180.7686600439974,1180.7686600439974,1180.7686600439974,1180.7686600439974,1180.7686600439974,1180.7686600439974,0.11085379302130605,1181.070088278193,[-293.0],[108.0],[1],[0],[0],[0.2999354534858867],1181.0711796388823,1181.0744426020683,None,,,,,,,,,,,,,ED12,001,2024-01-19_16h42.43.079,rating,2023.2.3,60.041013913673886,2024-01-19 16h42.56.506389 +0800,
neu_102.jpg,0,316,316,196,1181.1020365223812,,,,,,,,,,,,,,,,,,,,,,,1181.0746743879208,,1181.0747051786602,1181.0747120210472,1181.1020365223812,1182.085317720528,1182.1019814981864,1183.0853239927164,1183.0853239927164,1183.4353323176201,1183.3189071111792,1183.3189153790627,1183.4353323176201,1183.4353323176201,1183.4353323176201,1183.4353323176201,1183.4353323176201,1183.4353323176201,0.11068016745593923,1184.1367145937857,[283.0],[-115.0],[1],[0],[0],[0.7000234921943047],1184.1377224203352,1184.1411316395388,None,,,,,,,,,,,,,ED12,001,2024-01-19_16h42.43.079,rating,2023.2.3,60.041013913673886,2024-01-19 16h42.56.506389 +0800,
neu_4.jpg,0,317,317,318,1184.168669680359,,,,,,,,,,,,,,,,,,,,,,,1184.1413391919377,,1184.141367131684,1184.1413734038706,1184.168669680359,1185.1520392593357,1185.1686779482425,1186.152021012971,1186.152021012971,1186.5020267719792,1186.3855984294441,1186.3856069824287,1186.5020267719792,1186.5020267719792,1186.5020267719792,1186.5020267719792,1186.5020267719792,1186.5020267719792,0.11071580488714972,1187.1034546070368,[275.0],[-161.0],[1],[0],[0],[0.6000516600197443],1187.104474977963,1187.1077935355424,None,,,,,,,,,,,,,ED12,001,2024-01-19_16h42.43.079,rating,2023.2.3,60.041013913673886,2024-01-19 16h42.56.506389 +0800,
neu_163.jpg,0,318,318,263,1187.1353826091618,,,,,,,,,,,,,,,,,,,,,,,1187.1080301680831,,1187.1080581078295,1187.1080643800178,1187.1353826091618,1188.1187062871286,1188.1354347823617,1189.1187117040172,1189.1187117040172,1189.468719173623,1189.3522996691718,1189.3523082221545,1189.468719173623,1189.468719173623,1189.468719173623,1189.468719173623,1189.468719173623,1189.468719173623,0.11071837078270619,1189.7701958747257,[269.0],[-110.0],[1],[0],[0],[0.3000742969161365],1189.7712199519447,1189.7745533346952,None,,,,,,,,,,,,,ED12,001,2024-01-19_16h42.43.079,rating,2023.2.3,60.041013913673886,2024-01-19 16h42.56.506389 +0800,
neg_123.jpg,0,319,319,27,1189.802072273851,,,,,,,,,,,,,,,,,,,,,,,1189.774760601993,,1189.7747888268386,1189.774795099027,1189.802072273851,1190.785419615071,1190.8020560231835,1191.7854042197014,1191.7854042197014,1192.135412544605,1192.0189414371525,1192.0189494199367,1192.135412544605,1192.135412544605,1192.135412544605,1192.135412544605,1192.135412544605,1192.135412544605,0.11068159295427904,1193.2367300461756,[-275.0],[49.0],[1],[0],[0],[1.0998871576393867],1193.2377421492165,1193.24103818394,None,,,,,,,,,,,,,ED12,001,2024-01-19_16h42.43.079,rating,2023.2.3,60.041013913673886,2024-01-19 16h42.56.506389 +0800,
neu_70.jpg,0,320,320,352,1193.2688074404123,,,,,,,,,,,,,,,,,,,,,,,1193.2412751015818,,1193.2413030413281,1193.241309598614,1193.2688074404123,1194.2520969064444,1194.268763820197,1195.2521054594272,1195.2521054594272,1195.602112073735,1195.4856894331879,1195.485698556371,1195.602112073735,1195.602112073735,1195.602112073735,1195.602112073735,1195.602112073735,1195.602112073735,0.1108669075947546,1198.1035709276111,[221.0],[13.0],[1],[0],[0],[2.5000373480270355],1198.104598711123,1198.1078827716683,None,,,,,,,,,,,,,ED12,001,2024-01-19_16h42.43.079,rating,2023.2.3,60.041013913673886,2024-01-19 16h42.56.506389 +0800,
neg_160.jpg,0,321,321,68,1198.1354701346936,,,,,,,,,,,,,,,,,,,,,,,1198.1080903240672,,1198.1081182638136,1198.108124536002,1198.1354701346936,1199.1188428497626,1199.1354866704605,1200.1188297351891,1200.1188297351891,1200.4688252306169,1200.352366667541,1200.3523752205256,1200.4688252306169,1200.4688252306169,1200.4688252306169,1200.4688252306169,1200.4688252306169,1200.4688252306169,0.11076598239014857,1201.0702419467962,[-290.0],[177.0],[1],[0],[0],[0.6000291371638014],1201.0713005210491,1201.07462335512,None,,,,,,,,,,,,,ED12,001,2024-01-19_16h42.43.079,rating,2023.2.3,60.041013913673886,2024-01-19 16h42.56.506389 +0800,
neg_189.jpg,0,322,322,99,1201.1021876250888,,,,,,,,,,,,,,,,,,,,,,,1201.0748286267226,,1201.0748562813678,1201.0748628386555,1201.1021876250888,1202.085503605369,1202.102171944618,1203.085512443451,1203.085512443451,1203.4355193428582,1203.3190473801078,1203.319055362892,1203.4355193428582,1203.4355193428582,1203.4355193428582,1203.4355193428582,1203.4355193428582,1203.4355193428582,0.11071666018506221,1204.8868873640513,[6.0],[9.0],[1],[0],[0],[1.4499602001178573],1204.8879088753747,1204.891202629302,None,,,,,,,,,,,,,ED12,001,2024-01-19_16h42.43.079,rating,2023.2.3,60.041013913673886,2024-01-19 16h42.56.506389 +0800,
neu_192.jpg,0,323,323,295,1204.9188658287785,,,,,,,,,,,,,,,,,,,,,,,1204.8914167389867,,1204.8914461042314,1204.8914526615172,1204.9188658287785,1205.9022228633803,1205.9188689648727,1206.9022519435239,1206.9022519435239,1207.25225855783,1207.1357572298384,1207.1357654977219,1207.25225855783,1207.25225855783,1207.25225855783,1207.25225855783,1207.25225855783,1207.25225855783,0.11087089898683189,1208.3869267077753,[360.0],[32.0],[1],[0],[0],[1.1332392315089237],1208.3879539210866,1208.391235130639,None,,,,,,,,,,,,,ED12,001,2024-01-19_16h42.43.079,rating,2023.2.3,60.041013913673886,2024-01-19 16h42.56.506389 +0800,
neg_142.jpg,0,324,324,48,1208.4188991854153,,,,,,,,,,,,,,,,,,,,,,,1208.391469197286,,1208.3915005582257,1208.391507685712,1208.4188991854153,1209.402249947827,1209.4189433758293,1210.4022448160376,1210.4022448160376,1210.7522574174327,1210.6357771867988,1210.6357857397816,1210.7522574174327,1210.7522574174327,1210.7522574174327,1210.7522574174327,1210.7522574174327,1210.7522574174327,0.1108147343948076,1213.1704210462703,[-8.0],[-33.0],[1],[0],[0],[2.4166879540916852],1213.1714667910474,1213.1747562684814,None,,,,,,,,,,,,,ED12,001,2024-01-19_16h42.43.079,rating,2023.2.3,60.041013913673886,2024-01-19 16h42.56.506389 +0800,
neu_158.jpg,0,325,325,257,1213.2023074238768,,,,,,,,,,,,,,,,,,,,,,,1213.1749863437362,,1213.1750182748747,1213.175025402361,1213.2023074238768,1214.1856151362717,1214.202286896716,1215.1856464972116,1215.1856464972116,1215.535686183055,1215.4191572004147,1215.4191654683,1215.535686183055,1215.535686183055,1215.535686183055,1215.535686183055,1215.535686183055,1215.535686183055,0.11072350257200014,1216.903739307345,[110.0],[152.0],[1],[0],[0],[1.3666398863260838],1216.904769371653,1216.9080665467736,None,,,,,,,,,,,,,ED12,001,2024-01-19_16h42.43.079,rating,2023.2.3,60.041013913673886,2024-01-19 16h42.56.506389 +0800,
neu_27.jpg,0,326,326,304,1216.9356610372834,,,,,,,,,,,,,,,,,,,,,,,1216.9082963369292,,1216.908327697869,1216.9083348253553,1216.9356610372834,1217.9189841450498,1217.9356510588023,1218.9189938384316,1218.9189938384316,1219.2690021633352,1219.1526097433307,1219.152618011216,1219.2690021633352,1219.2690021633352,1219.2690021633352,1219.2690021633352,1219.2690021633352,1219.2690021633352,0.11072407277060847,1219.953817595655,[178.0],[205.0],[1],[0],[0],[0.68341046223577],1219.9548835824917,1219.958148826474,None,,,,,,,,,,,,,ED12,001,2024-01-19_16h42.43.079,rating,2023.2.3,60.041013913673886,2024-01-19 16h42.56.506389 +0800,
neg_104.jpg,0,327,327,6,1219.9856731825203,,,,,,,,,,,,,,,,,,,,,,,1219.95835751927,,1219.9583999990882,1219.9584208113483,1219.9856731825203,1220.9690168174475,1220.9856837312,1221.9690210939389,1221.9690210939389,1222.3190299890412,1222.2026139057834,1222.202622173667,1222.3190299890412,1222.3190299890412,1222.3190299890412,1222.3190299890412,1222.3190299890412,1222.3190299890412,0.11067104427456798,1224.7371916221819,[-221.0],[-47.0],[1],[0],[0],[2.416689664689329],1224.7382567537206,1224.7416135146268,None,,,,,,,,,,,,,ED12,001,2024-01-19_16h42.43.079,rating,2023.2.3,60.041013913673886,2024-01-19 16h42.56.506389 +0800,
neg_144.jpg,0,328,328,50,1224.7690691617063,,,,,,,,,,,,,,,,,,,,,,,1224.7418367474947,,1224.7418652574397,1224.741871529628,1224.7690691617063,1225.7523922694727,1225.7691153478154,1226.752404243649,1226.752404243649,1227.1024291043213,1226.9860076041732,1226.9860170124557,1227.1024291043213,1227.1024291043213,1227.1024291043213,1227.1024291043213,1227.1024291043213,1227.1024291043213,0.11061944127322931,1228.7372520632653,[-320.0],[37.0],[1],[0],[0],[1.6334005977969355],1228.738318335203,1228.7416805129978,None,,,,,,,,,,,,,ED12,001,2024-01-19_16h42.43.079,rating,2023.2.3,60.041013913673886,2024-01-19 16h42.56.506389 +0800,
neg_83.jpg,0,329,329,174,1228.769112211723,,,,,,,,,,,,,,,,,,,,,,,1228.7418966183795,,1228.7419256985231,1228.7419322558108,1228.769112211723,1229.752431898296,1229.7691401514676,1230.7524393108815,1230.7524393108815,1231.1024684480453,1230.9860076041732,1230.9860158720567,1231.1024684480453,1231.1024684480453,1231.1024684480453,1231.1024684480453,1231.1024684480453,1231.1024684480453,0.11061630517906451,1231.2206780919332,[-306.0],[-162.0],[1],[0],[0],[0.11675021981318423],1231.2217654612286,1239.419715140035,space,1231.2357039732597,1231.2357039732597,8.176602572508273,None,,,,,,,,,ED12,001,2024-01-19_16h42.43.079,rating,2023.2.3,60.041013913673886,2024-01-19 16h42.56.506389 +0800,
neg_12.jpg,0,330,330,23,1239.435856615506,,,,,,,,,,,,,,,,,,,,,,,1239.4200928968057,1239.435856615506,1240.4194306107856,1240.4194380233712,1240.4525320822413,1241.4192059524212,1241.4525392097275,1242.419215645803,1242.419215645803,1242.769222260109,1242.6527502973586,1242.6527588503432,1242.769222260109,1242.769222260109,1242.769222260109,1242.769222260109,1242.769222260109,1242.769222260109,0.09936400015067193,1245.220765332364,[-277.0],[-65.0],[1],[0],[0],[2.450031189879155],1245.221837591389,1245.225161850958,None,,,,,1240.4525320822413,,,,,,,,ED12,001,2024-01-19_16h42.43.079,rating,2023.2.3,60.041013913673886,2024-01-19 16h42.56.506389 +0800,
neu_93.jpg,0,331,331,377,1245.2525724523239,,,,,,,,,,,,,,,,,,,,,,,1245.225394777206,,1245.2254264232452,1245.225433265632,1245.2525724523239,1246.2359457375933,1246.252606949356,1247.2359380399084,1247.2359380399084,1247.585945224413,1247.4694601470892,1247.4694681298733,1247.585945224413,1247.585945224413,1247.585945224413,1247.585945224413,1247.585945224413,1247.585945224413,0.11057354026343091,1249.6874332154548,[237.0],[-77.0],[1],[0],[0],[2.1000328434565745],1249.6885257165413,1249.6918055005954,None,,,,,,,,,,,,,ED12,001,2024-01-19_16h42.43.079,rating,2023.2.3,60.041013913673886,2024-01-19 16h42.56.506389 +0800,
neg_120.jpg,0,332,332,24,1249.7193278609448,,,,,,,,,,,,,,,,,,,,,,,1249.6920130529943,,1249.6920409927388,1249.6920475500265,1249.7193278609448,1250.702627305458,1250.7192930788115,1251.7026355733415,1251.7026355733415,1252.0526438982452,1251.9361867606658,1251.9361944583525,1252.0526438982452,1252.0526438982452,1252.0526438982452,1252.0526438982452,1252.0526438982452,1252.0526438982452,0.1106590700965171,1252.5207729160084,[-317.0],[66.0],[1],[0],[0],[0.466686129455411],1252.5218158097905,1252.5253028611442,None,,,,,,,,,,,,,ED12,001,2024-01-19_16h42.43.079,rating,2023.2.3,60.041013913673886,2024-01-19 16h42.56.506389 +0800,
neu_45.jpg,0,333,333,324,1252.5526481747365,,,,,,,,,,,,,,,,,,,,,,,1252.5255414893836,,1252.5255739907207,1252.5255819735048,1252.5526481747365,1253.5359883884703,1253.552653591627,1254.536021460006,1254.536021460006,1254.8860061216565,1254.7695581072603,1254.769566660243,1254.8860061216565,1254.8860061216565,1254.8860061216565,1254.8860061216565,1254.8860061216565,1254.8860061216565,0.1104891508257424,1255.9375193154883,[177.0],[-11.0],[1],[0],[0],[1.0500728714196157],1255.9385776046402,1255.9418676522746,None,,,,,,,,,,,,,ED12,001,2024-01-19_16h42.43.079,rating,2023.2.3,60.041013913673886,2024-01-19 16h42.56.506389 +0800,
neu_30.jpg,0,334,334,308,1255.9693723364599,,,,,,,,,,,,,,,,,,,,,,,1255.9421045699164,,1255.9421325096628,1255.9421390669504,1255.9693723364599,1256.9526880316407,1256.9693697705643,1257.9526960144249,1257.9526960144249,1258.3027023436316,1258.186273430898,1258.1862819838825,1258.3027023436316,1258.3027023436316,1258.3027023436316,1258.3027023436316,1258.3027023436316,1258.3027023436316,0.11062628366016725,1258.6542014535517,[185.0],[-42.0],[1],[0],[0],[0.3500271414668532],1258.6552560364107,1258.6585631900125,None,,,,,,,,,,,,,ED12,001,2024-01-19_16h42.43.079,rating,2023.2.3,60.041013913673886,2024-01-19 16h42.56.506389 +0800,
neu_92.jpg,0,335,335,376,1258.6860376536551,,,,,,,,,,,,,,,,,,,,,,,1258.6587921248702,,1258.6588226305103,1258.6588294728972,1258.6860376536551,1259.669388701168,1259.6860425003451,1260.6693829991782,1260.6693829991782,1261.019394460176,1260.9029276292167,1260.9029358971002,1261.019394460176,1261.019394460176,1261.019394460176,1261.019394460176,1261.019394460176,1261.019394460176,0.11062685386059457,1261.6043729123594,[197.0],[-67.0],[1],[0],[0],[0.5835039178364241],1261.6054186571364,1261.6087298021303,None,,,,,,,,,,,,,ED12,001,2024-01-19_16h42.43.079,rating,2023.2.3,60.041013913673886,2024-01-19 16h42.56.506389 +0800,
neu_135.jpg,0,336,336,232,1261.6360671329385,,,,,,,,,,,,,,,,,,,,,,,1261.6089356439315,,1261.6089632985786,1261.608969570767,1261.6360671329385,1262.6194062062732,1262.6360719796285,1263.619420746345,1263.619420746345,1263.9694227990622,1263.8529918906315,1263.853000443616,1263.9694227990622,1263.9694227990622,1263.9694227990622,1263.9694227990622,1263.9694227990622,1263.9694227990622,0.1105168054727983,1264.3212121402194,[156.0],[92.0],[1],[0],[0],[0.35027346739116183],1264.3223551039082,1264.325656270421,None,,,,,,,,,,,,,ED12,001,2024-01-19_16h42.43.079,rating,2023.2.3,60.041013913673886,2024-01-19 16h42.56.506389 +0800,
neg_157.jpg,0,337,337,64,1264.3527891849244,,,,,,,,,,,,,,,,,,,,,,,1264.3258643930185,,1264.3258923327649,1264.3258986049514,1264.3527891849244,1265.3360983228176,1265.3527940316144,1266.3361148585864,1266.3361148585864,1266.6861174815003,1266.5697216403023,1266.569730193287,1266.6861174815003,1266.6861174815003,1266.6861174815003,1266.6861174815003,1266.6861174815003,1266.6861174815003,0.11027931763055676,1267.2709687793304,[-259.0],[162.0],[1],[0],[0],[0.5833776187810145],1267.272032770472,1267.2753308008905,None,,,,,,,,,,,,,ED12,001,2024-01-19_16h42.43.079,rating,2023.2.3,60.041013913673886,2024-01-19 16h42.56.506389 +0800,
neu_119.jpg,0,338,338,214,1267.302785307571,,,,,,,,,,,,,,,,,,,,,,,1267.275561446344,,1267.2755916668866,1267.2755987943729,1267.302785307571,1268.2861280872003,1268.3027927201565,1269.2861360699844,1269.2861360699844,1269.6361503819771,1269.519709209968,1269.5197174778514,1269.6361503819771,1269.6361503819771,1269.6361503819771,1269.6361503819771,1269.6361503819771,1269.6361503819771,0.11061744557628117,1270.5710995259378,[166.0],[26.0],[1],[0],[0],[0.9334637758347526],1270.5721598107866,1270.5754914829395,None,,,,,,,,,,,,,ED12,001,2024-01-19_16h42.43.079,rating,2023.2.3,60.041013913673886,2024-01-19 16h42.56.506389 +0800,
neu_29.jpg,0,339,339,306,1270.6028171246708,,,,,,,,,,,,,,,,,,,,,,,1270.5757244091892,,1270.57575462973,1270.5757617572162,1270.6028171246708,1271.5861581937024,1271.6028216862614,1272.5862032394143,1272.5862032394143,1272.9361927477548,1272.8197216403023,1272.8197427376617,1272.9361927477548,1272.9361927477548,1272.9361927477548,1272.9361927477548,1272.9361927477548,1272.9361927477548,0.11049314221963868,1273.7543831189196,[182.0],[13.0],[1],[0],[0],[0.8167067136364494],1273.755445114366,1273.758853763371,None,,,,,,,,,,,,,ED12,001,2024-01-19_16h42.43.079,rating,2023.2.3,60.041013913673886,2024-01-19 16h42.56.506389 +0800,
neu_51.jpg,0,340,340,331,1273.7862315783004,,,,,,,,,,,,,,,,,,,,,,,1273.7590838386259,,1273.759114344266,1273.759121186653,1273.7862315783004,1274.7695210443308,1274.7862133319359,1275.7695501244743,1275.7695501244743,1276.119535926522,1276.003125545254,1276.0031343833361,1276.119535926522,1276.119535926522,1276.119535926522,1276.119535926522,1276.119535926522,1276.119535926522,0.11047689155020635,1276.8210636034073,[258.0],[17.0],[1],[0],[0],[0.6995989791157626],1276.822264442284,1276.8255456518345,None,,,,,,,,,,,,,ED12,001,2024-01-19_16h42.43.079,rating,2023.2.3,60.041013913673886,2024-01-19 16h42.56.506389 +0800,
neg_66.jpg,0,341,341,155,1276.8528769955537,,,,,,,,,,,,,,,,,,,,,,,1276.8257532042335,,1276.82578028868,1276.8257868459677,1276.8528769955537,1277.8362183496847,1277.8528815571462,1278.8362243367737,1278.8362243367737,1279.1862346573744,1279.0697738135023,1279.0697820813857,1279.1862346573744,1279.1862346573744,1279.1862346573744,1279.1862346573744,1279.1862346573744,1279.1862346573744,0.11050910778612888,1280.354430502448,[-288.0],[23.0],[1],[0],[0],[1.1666905199872417],1280.3555338373135,1280.3589470479092,None,,,,,,,,,,,,,ED12,001,2024-01-19_16h42.43.079,rating,2023.2.3,60.041013913673886,2024-01-19 16h42.56.506389 +0800,
neg_19.jpg,0,342,342,100,1280.3862886552088,,,,,,,,,,,,,,,,,,,,,,,1280.3591774082633,,1280.3592079139053,1280.3592147562922,1280.3862886552088,1281.369582112633,1281.386246745591,1282.3696114778759,1282.3696114778759,1282.7196152411889,1282.6031404274454,1282.6031486953289,1282.7196152411889,1282.7196152411889,1282.7196152411889,1282.7196152411889,1282.7196152411889,1282.7196152411889,0.11046349187563465,1283.1878434735609,[-290.0],[-72.0],[1],[0],[0],[0.4666567642125301],1283.1889222898735,1283.1922790507797,None,,,,,,,,,,,,,ED12,001,2024-01-19_16h42.43.079,rating,2023.2.3,60.041013913673886,2024-01-19 16h42.56.506389 +0800,
neu_3.jpg,0,343,343,307,1283.2196523041166,,,,,,,,,,,,,,,,,,,,,,,1283.192510551531,,1283.1925413422723,1283.1925484697585,1283.2196523041166,1284.2029417701488,1284.2196366236476,1285.2030007857338,1285.2030007857338,1285.5529612139308,1285.4365348670926,1285.436543134976,1285.5529612139308,1285.5529612139308,1285.5529612139308,1285.5529612139308,1285.5529612139308,1285.5529612139308,0.11047689154838736,1286.1379567720815,[-3.0],[2.0],[1],[0],[0],[0.5834962201515737],1286.1390238993172,1286.1423376102066,None,,,,,,,,,,,,,ED12,001,2024-01-19_16h42.43.079,rating,2023.2.3,60.041013913673886,2024-01-19 16h42.56.506389 +0800,
neg_33.jpg,0,344,344,119,1286.1696418694773,,,,,,,,,,,,,,,,,,,,,,,1286.1425585622783,,1286.1425862169253,1286.1425924891118,1286.1696418694773,1287.1530180057416,1287.1696353121897,1288.1529786620176,1288.1529786620176,1288.503001526993,1288.3865828778398,1288.3865911457233,1288.503001526993,1288.503001526993,1288.503001526993,1288.503001526993,1288.503001526993,1288.503001526993,0.1104788872453355,1290.3712587824884,[-340.0],[23.0],[1],[0],[0],[1.8666578475895221],1290.3723786531227,1290.3756826706303,None,,,,,,,,,,,,,ED12,001,2024-01-19_16h42.43.079,rating,2023.2.3,60.041013913673886,2024-01-19 16h42.56.506389 +0800,
neu_14.jpg,0,345,345,237,1290.4029980487794,,,,,,,,,,,,,,,,,,,,,,,1290.3759121756866,,1290.3759432515253,1290.3759503790116,1290.4029980487794,1291.3863582194754,1291.4030251332279,1292.3863673426567,1292.3863673426567,1292.7363577062952,1292.6198837478496,1292.619892015733,1292.7363577062952,1292.7363577062952,1292.7363577062952,1292.7363577062952,1292.7363577062952,1292.7363577062952,0.11046919386535592,1294.9545560032257,[107.0],[24.0],[1],[0],[0],[2.21668812515054],1294.9556658953788,1294.9589120376968,None,,,,,,,,,,,,,ED12,001,2024-01-19_16h42.43.079,rating,2023.2.3,60.041013913673886,2024-01-19 16h42.56.506389 +0800,
neu_172.jpg,0,346,346,273,1294.9863785185553,,,,,,,,,,,,,,,,,,,,,,,1294.959139547058,,1294.9591697675987,1294.9591766099857,1294.9863785185553,1295.9697164514928,1295.9863867864387,1296.9697298511674,1296.9697298511674,1297.3197353250762,1297.2032827490893,1297.203291302072,1297.3197353250762,1297.3197353250762,1297.3197353250762,1297.3197353250762,1297.3197353250762,1297.3197353250762,0.11062058167226496,1298.3713118109863,[222.0],[99.0],[1],[0],[0],[1.050042080678395],1298.372390627299,1298.375688087519,None,,,,,,,,,,,,,ED12,001,2024-01-19_16h42.43.079,rating,2023.2.3,60.041013913673886,2024-01-19 16h42.56.506389 +0800,
neg_161.jpg,0,347,347,69,1298.4030858594106,,,,,,,,,,,,,,,,,,,,,,,1298.375917307476,,1298.375947813116,1298.375954655503,1298.4030858594106,1299.3864163797625,1299.403084148813,1300.3864582893802,1300.3864582893802,1300.73644323613,1300.620026867773,1300.6200357058551,1300.73644323613,1300.73644323613,1300.73644323613,1300.73644323613,1300.73644323613,1300.73644323613,0.110564987278849,1301.321380063795,[-313.0],[221.0],[1],[0],[0],[0.58330890981415],1301.3225227423827,1301.325695614145,None,,,,,,,,,,,,,ED12,001,2024-01-19_16h42.43.079,rating,2023.2.3,60.041013913673886,2024-01-19 16h42.56.506389 +0800,
neg_113.jpg,0,348,348,16,1301.3531047900142,,,,,,,,,,,,,,,,,,,,,,,1301.3259208427098,,1301.3259507781513,1301.3259576205382,1301.3531047900142,1302.336482351775,1302.3531113473,1303.3364740838897,1303.3364740838897,1303.6864866852866,1303.5699847870947,1303.569993054978,1303.6864866852866,1303.6864866852866,1303.6864866852866,1303.6864866852866,1303.6864866852866,1303.6864866852866,0.1105926419259049,1304.154762529266,[-300.0],[-33.0],[1],[0],[0],[0.4666353817538038],1304.155885821092,1304.159161613754,None,,,,,,,,,,,,,ED12,001,2024-01-19_16h42.43.079,rating,2023.2.3,60.041013913673886,2024-01-19 16h42.56.506389 +0800,
neg_176.jpg,0,349,349,85,1304.1865035061528,,,,,,,,,,,,,,,,,,,,,,,1304.1593868423188,,1304.1594170628596,1304.1594239052465,1304.1865035061528,1305.1698063718595,1305.1864715750162,1306.1698157801402,1306.1698157801402,1306.5198198285525,1306.403400039002,1306.4034080217862,1306.5198198285525,1306.5198198285525,1306.5198198285525,1306.5198198285525,1306.5198198285525,1306.5198198285525,0.11045893028313003,1307.3380774831876,[-297.0],[64.0],[1],[0],[0],[0.8167021520457638],1307.3392041962088,1307.3424759974787,None,,,,,,,,,,,,,ED12,001,2024-01-19_16h42.43.079,rating,2023.2.3,60.041013913673886,2024-01-19 16h42.56.506389 +0800,
neu_174.jpg,0,350,350,275,1307.3698301491531,,,,,,,,,,,,,,,,,,,,,,,1307.3427040770366,,1307.3427345826785,1307.3427414250637,1307.3698301491531,1308.3531697926883,1308.36983699154,1309.3531774903731,1309.3531774903731,1309.7031883811724,1309.5867121419305,1309.5867201247147,1309.7031883811724,1309.7031883811724,1309.7031883811724,1309.7031883811724,1309.7031883811724,1309.7031883811724,0.11050967798473721,1312.2714486017012,[137.0],[67.0],[1],[0],[0],[2.566738644773068],1312.2725593491523,1312.2759449051027,None,,,,,,,,,,,,,ED12,001,2024-01-19_16h42.43.079,rating,2023.2.3,60.041013913673886,2024-01-19 16h42.56.506389 +0800,
neg_45.jpg,0,351,351,132,1312.30321039085,,,,,,,,,,,,,,,,,,,,,,,1312.2761709889655,,1312.276201779705,1312.2762089071912,1312.30321039085,1313.2865600128644,1313.3032138120434,1314.2865959353949,1314.2865959353949,1314.6366176599731,1314.5201151915826,1314.5201231743667,1314.6366176599731,1314.6366176599731,1314.6366176599731,1314.6366176599731,1314.6366176599731,1314.6366176599731,0.11048088294046465,1315.4548311241942,[-277.0],[62.0],[1],[0],[0],[0.8166240347964049],1315.456003453126,1315.4593693372135,None,,,,,,,,,,,,,ED12,001,2024-01-19_16h42.43.079,rating,2023.2.3,60.041013913673886,2024-01-19 16h42.56.506389 +0800,
neu_41.jpg,0,352,352,320,1315.486570105384,,,,,,,,,,,,,,,,,,,,,,,1315.459599127369,,1315.4596307734064,1315.4596379008926,1315.486570105384,1316.46991431051,1316.4865971898325,1317.469923433693,1317.469923433693,1317.819944588071,1317.7034552342557,1317.7034635021391,1317.819944588071,1317.819944588071,1317.819944588071,1317.819944588071,1317.819944588071,1317.819944588071,0.11036997925475589,1319.305024478639,[149.0],[109.0],[1],[0],[0],[1.4834878952478903],1319.3061757102114,1319.3094643323493,None,,,,,,,,,,,,,ED12,001,2024-01-19_16h42.43.079,rating,2023.2.3,60.041013913673886,2024-01-19 16h42.56.506389 +0800,
neu_10.jpg,0,353,353,193,1319.3366060849348,,,,,,,,,,,,,,,,,,,,,,,1319.3096907013114,,1319.3097214920508,1319.309728619537,1319.3366060849348,1320.3199528559562,1320.3366146379194,1321.3199616940383,1321.3199616940383,1321.6699657424506,1321.5535237151435,1321.553531983027,1321.6699657424506,1321.6699657424506,1321.6699657424506,1321.6699657424506,1321.6699657424506,1321.6699657424506,0.11029927459276223,1321.9049447078141,[180.0],[116.0],[1],[0],[0],[0.2334006548171601],1321.906090522496,1321.9093380903141,None,,,,,,,,,,,,,ED12,001,2024-01-19_16h42.43.079,rating,2023.2.3,60.041013913673886,2024-01-19 16h42.56.506389 +0800,
neg_108.jpg,0,354,354,10,1321.9366329413024,,,,,,,,,,,,,,,,,,,,,,,1321.9095636039765,,1321.9095941096184,1321.9096012371047,1321.9366329413024,1322.9199871249093,1322.9366332264035,1323.9200244729382,1323.9200244729382,1324.2699868968302,1324.1535260529581,1324.1535340357423,1324.2699868968302,1324.2699868968302,1324.2699868968302,1324.2699868968302,1324.2699868968302,1324.2699868968302,0.11048629983088176,1325.9049161978692,[183.0],[-79.0],[1],[0],[0],[1.6332423676012695],1325.9060055628615,1325.9092993167887,None,,,,,,,,,,,,,ED12,001,2024-01-19_16h42.43.079,rating,2023.2.3,60.041013913673886,2024-01-19 16h42.56.506389 +0800,
neu_71.jpg,0,355,355,353,1325.9366697191326,,,,,,,,,,,,,,,,,,,,,,,1325.909528821845,,1325.9095596125844,1325.9095664549714,1325.9366697191326,1326.920010503065,1326.936674850922,1327.9200435746006,1327.9200435746006,1328.2700253852563,1328.1535423036275,1328.1535502864117,1328.2700253852563,1328.2700253852563,1328.2700253852563,1328.2700253852563,1328.2700253852563,1328.2700253852563,0.11051965646765893,1329.438311891954,[51.0],[-46.0],[1],[0],[0],[1.1666831073998765],1329.4393966953558,1329.4427058446527,None,,,,,,,,,,,,,ED12,001,2024-01-19_16h42.43.079,rating,2023.2.3,60.041013913673886,2024-01-19 16h42.56.506389 +0800,
neg_192.jpg,0,356,356,103,1329.4700351926767,,,,,,,,,,,,,,,,,,,,,,,1329.4429327838134,,1329.442963859654,1329.4429712722394,1329.4700351926767,1330.4533785425047,1330.4700394691681,1331.453387665686,1331.453387665686,1331.8033977011874,1331.6869625162653,1331.6869707841488,1331.8033977011874,1331.8033977011874,1331.8033977011874,1331.8033977011874,1331.8033977011874,1331.8033977011874,0.11048943592504656,1332.7383938865569,[-329.0],[30.0],[1],[0],[0],[0.93340704104412],1332.7395613687968,1332.7428750796862,None,,,,,,,,,,,,,ED12,001,2024-01-19_16h42.43.079,rating,2023.2.3,60.041013913673886,2024-01-19 16h42.56.506389 +0800,
neg_63.jpg,0,357,357,152,1332.7700661544768,,,,,,,,,,,,,,,,,,,,,,,1332.7431025890455,,1332.7431333797867,1332.743140507273,1332.7700661544768,1333.753407793707,1333.7700906730297,1334.753415491392,1334.753415491392,1335.1034434881585,1334.98694985785,1334.9869578406342,1335.1034434881585,1335.1034434881585,1335.1034434881585,1335.1034434881585,1335.1034434881585,1335.1034434881585,0.11039848920154327,1338.1383918338397,[-46.0],[-12.0],[1],[0],[0],[3.0333204278322228],1338.1394991600973,1338.1427917736273,None,,,,,,,,,,,,,ED12,001,2024-01-19_16h42.43.079,rating,2023.2.3,60.041013913673886,2024-01-19 16h42.56.506389 +0800,
neu_85.jpg,0,358,358,368,1338.1701162749596,,,,,,,,,,,,,,,,,,,,,,,1338.1430249849764,,1338.1430557757158,1338.143062903202,1338.1701162749596,1339.1534755903558,1339.1701416488104,1340.1534681777703,1340.1534681777703,1340.503475647376,1340.3870250670843,1340.387033620067,1340.503475647376,1340.503475647376,1340.503475647376,1340.503475647376,1340.503475647376,1340.503475647376,0.11047831704672717,1341.7884773066544,[243.0],[231.0],[1],[0],[0],[1.283419927538489],1341.7896068706686,1341.7928627063702,None,,,,,,,,,,,,,ED12,001,2024-01-19_16h42.43.079,rating,2023.2.3,60.041013913673886,2024-01-19 16h42.56.506389 +0800,
neu_22.jpg,0,359,359,299,1341.820227121625,,,,,,,,,,,,,,,,,,,,,,,1341.7930907859281,,1341.7931224319673,1341.7931295594535,1341.820227121625,1342.8034923542036,1342.820179795117,1343.8035009071864,1343.8035009071864,1344.1535086618915,1344.0371011316165,1344.0371093995018,1344.1535086618915,1344.1535086618915,1344.1535086618915,1344.1535086618915,1344.1535086618915,1344.1535086618915,0.11044524551107315,1345.088654524472,[191.0],[209.0],[1],[0],[0],[0.9335056854542927],1345.0898068964416,1354.3373239653465,space,1345.1201819618727,1345.1201819618727,9.201199812519917,None,,,,,,,,,ED12,001,2024-01-19_16h42.43.079,rating,2023.2.3,60.041013913673886,2024-01-19 16h42.56.506389 +0800,
neu_166.jpg,0,360,360,266,1354.3535997226554,,,,,,,,,,,,,,,,,,,,,,,1354.3377299469612,1354.3535997226554,1355.3371380805056,1355.3371457781905,1355.3702783254867,1356.3369556168582,1356.370285452973,1357.3369641698428,1357.3369641698428,1357.7036405488961,1357.570524195251,1357.5705327482337,1357.7036405488961,1357.7036405488961,1357.7036405488961,1357.7036405488961,1357.7036405488961,1357.7036405488961,0.11612727751708007,1359.2219561927595,[194.0],[-115.0],[1],[0],[0],[1.5167170912554866],1359.2230868971728,1359.2264941206795,None,,,,,1355.3702783254867,,,,,,,,ED12,001,2024-01-19_16h42.43.079,rating,2023.2.3,60.041013913673886,2024-01-19 16h42.56.506389 +0800,
neu_112.jpg,0,361,361,207,1359.253672365996,,,,,,,,,,,,,,,,,,,,,,,1359.2267273320285,,1359.226758407869,1359.2267655353553,1359.253672365996,1360.237023698608,1360.2536789232818,1361.2370291154966,1361.2370291154966,1361.5870189089364,1361.4705717498382,1361.47058144322,1361.5870189089364,1361.5870189089364,1361.5870189089364,1361.5870189089364,1361.5870189089364,1361.5870189089364,0.11031438486315892,1362.9886253873083,[184.0],[64.0],[1],[0],[0],[1.400028738024048],1362.9897714870913,1362.9930412926642,None,,,,,,,,,,,,,ED12,001,2024-01-19_16h42.43.079,rating,2023.2.3,60.041013913673886,2024-01-19 16h42.56.506389 +0800,
neu_64.jpg,0,362,362,345,1363.0203489731302,,,,,,,,,,,,,,,,,,,,,,,1362.9932759295098,,1362.9933070053503,1362.9933141328365,1363.0203489731302,1364.0036906123605,1364.0203572410137,1365.0036997355419,1365.0036997355419,1365.3703744039994,1365.2372343870993,1365.2372423698835,1365.3703744039994,1365.3703744039994,1365.3703744039994,1365.3703744039994,1365.3703744039994,1365.3703744039994,0.12712441853909695,1365.7220582583632,[133.0],[64.0],[1],[0],[0],[0.3500451027339295],1365.7232391402777,1365.7266132922487,None,,,,,,,,,,,,,ED12,001,2024-01-19_16h42.43.079,rating,2023.2.3,60.041013913673886,2024-01-19 16h42.56.506389 +0800,
neg_155.jpg,0,363,363,62,1365.7537122799185,,,,,,,,,,,,,,,,,,,,,,,1365.7268430824042,,1365.7268738731455,1365.7268810006317,1365.7537122799185,1366.7370496426574,1366.7537151309134,1367.7370587658388,1367.7370587658388,1368.0870747884292,1367.9706361823137,1367.9706444501971,1368.0870747884292,1368.0870747884292,1368.0870747884292,1368.0870747884292,1368.0870747884292,1368.0870747884292,0.11025565437739715,1368.555398244016,[-343.0],[190.0],[1],[0],[0],[0.4666724446815351],1368.5565129828592,1368.5599216318642,None,,,,,,,,,,,,,ED12,001,2024-01-19_16h42.43.079,rating,2023.2.3,60.041013913673886,2024-01-19 16h42.56.506389 +0800,
neu_182.jpg,0,364,364,284,1368.5870719374343,,,,,,,,,,,,,,,,,,,,,,,1368.5601494263228,,1368.5601799319647,1368.5601867743517,1368.5870719374343,1369.5704486438972,1369.5870762139257,1370.57045719688,1370.57045719688,1370.9371193209627,1370.803958206703,1370.8039661894873,1370.9371193209627,1370.9371193209627,1370.9371193209627,1370.9371193209627,1370.9371193209627,1370.9371193209627,0.12699384299230587,1371.2888333958654,[224.0],[134.0],[1],[0],[0],[0.3500753232747229],1371.2899854827374,1371.2932572840073,None,,,,,,,,,,,,,ED12,001,2024-01-19_16h42.43.079,rating,2023.2.3,60.041013913673886,2024-01-19 16h42.56.506389 +0800,
neg_103.jpg,0,365,365,5,1371.3204372399177,,,,,,,,,,,,,,,,,,,,,,,1371.293486218863,,1371.2935170096043,1371.2935241370906,1371.3204372399177,1372.3037694708673,1372.3204383803168,1373.3038293417521,1373.3038293417521,1373.6704524072102,1373.537372261193,1373.5373802439772,1373.6704524072102,1373.6704524072102,1373.6704524072102,1373.6704524072102,1373.6704524072102,1373.6704524072102,0.12699013669953274,1374.1389189827205,[-191.0],[-91.0],[1],[0],[0],[0.466825257984965],1374.1400479765362,1374.1433343178778,None,,,,,,,,,,,,,ED12,001,2024-01-19_16h42.43.079,rating,2023.2.3,60.041013913673886,2024-01-19 16h42.56.506389 +0800,
neg_22.jpg,0,366,366,107,1374.170454973104,,,,,,,,,,,,,,,,,,,,,,,1374.1435612570385,,1374.1435914775793,1374.1435986050656,1374.170454973104,1375.1538154288992,1375.1704626707888,1376.153806305716,1376.153806305716,1376.5204781231787,1376.3873959814664,1376.3874042493517,1376.5204781231787,1376.5204781231787,1376.5204781231787,1376.5204781231787,1376.5204781231787,1376.5204781231787,0.12694252509209036,1376.6388833452893,[-248.0],[-134.0],[1],[0],[0],[0.11675563669996336],1376.6400719248886,1376.6433936185622,None,,,,,,,,,,,,,ED12,001,2024-01-19_16h42.43.079,rating,2023.2.3,60.041013913673886,2024-01-19 16h42.56.506389 +0800,
neg_50.jpg,0,367,367,138,1376.6704803469547,,,,,,,,,,,,,,,,,,,,,,,1376.6436177067299,,1376.6436490676679,1376.643656195154,1376.6704803469547,1377.6538353858596,1377.6704871893417,1378.6538376666558,1378.6538376666558,1379.0205034970313,1378.8873646205284,1378.8873728884118,1379.0205034970313,1379.0205034970313,1379.0205034970313,1379.0205034970313,1379.0205034970313,1379.0205034970313,0.1269097386557405,1379.722248989894,[-271.0],[-162.0],[1],[0],[0],[0.7000785163891123],1379.723420463526,1379.7266671760444,None,,,,,,,,,,,,,ED12,001,2024-01-19_16h42.43.079,rating,2023.2.3,60.041013913673886,2024-01-19 16h42.56.506389 +0800,
neu_44.jpg,0,368,368,323,1379.7538613869292,,,,,,,,,,,,,,,,,,,,,,,1379.7268938301058,,1379.7269243357478,1379.726931463234,1379.7538613869292,1380.7371853499935,1380.753867088919,1381.7371901966853,1381.7371901966853,1382.1038642949443,1381.9707641919667,1381.9707724598502,1382.1038642949443,1382.1038642949443,1382.1038642949443,1382.1038642949443,1382.1038642949443,1382.1038642949443,0.12699469829021837,1383.1556049981355,[137.0],[-69.0],[1],[0],[0],[1.050064603534338],1383.1568220876816,1383.1602866161775,None,,,,,,,,,,,,,ED12,001,2024-01-19_16h42.43.079,rating,2023.2.3,60.041013913673886,2024-01-19 16h42.56.506389 +0800,
neu_20.jpg,0,369,369,297,1383.1872068464927,,,,,,,,,,,,,,,,,,,,,,,1383.1605155510351,,1383.1605471970743,1383.1605543245605,1383.1872068464927,1384.170549341021,1384.1872153994755,1385.1705564685071,1385.1705564685071,1385.5372573661152,1385.4040859882753,1385.4040942561587,1385.5372573661152,1385.5372573661152,1385.5372573661152,1385.5372573661152,1385.5372573661152,1385.5372573661152,0.12676661873229023,1387.6389426459737,[28.0],[249.0],[1],[0],[0],[2.1000291371619824],1387.6400933073473,1387.6433958993584,None,,,,,,,,,,,,,ED12,001,2024-01-19_16h42.43.079,rating,2023.2.3,60.041013913673886,2024-01-19 16h42.56.506389 +0800,
neg_119.jpg,0,370,370,22,1387.6706009440222,,,,,,,,,,,,,,,,,,,,,,,1387.6436159961322,,1387.6436459315737,1387.64365305906,1387.6706009440222,1388.65392348159,1388.6705864039504,1389.6539377365625,1389.6539377365625,1390.020630936484,1389.8875177189311,1389.8875262719139,1390.020630936484,1390.020630936484,1390.020630936484,1390.020630936484,1390.020630936484,1390.020630936484,0.1270425949969649,1392.355637613513,[-189.0],[180.0],[1],[0],[0],[2.3333114757097064],1392.35679169608,1392.360123653334,None,,,,,,,,,,,,,ED12,001,2024-01-19_16h42.43.079,rating,2023.2.3,60.041013913673886,2024-01-19 16h42.56.506389 +0800,
neg_17.jpg,0,371,371,78,1392.3872910648697,,,,,,,,,,,,,,,,,,,,,,,1392.360467768367,,1392.3604996995055,1392.3605068269917,1392.3872910648697,1393.3706349848962,1393.3873018986487,1394.3706421123825,1394.3706421123825,1394.737318776537,1394.6042186735576,1394.604226941443,1394.737318776537,1394.737318776537,1394.737318776537,1394.737318776537,1394.737318776537,1394.737318776537,0.12687495652244252,1395.7891230569057,[-155.0],[-243.0],[1],[0],[0],[1.050137874093707],1395.7902571825107,1395.7935971225488,None,,,,,,,,,,,,,ED12,001,2024-01-19_16h42.43.079,rating,2023.2.3,60.041013913673886,2024-01-19 16h42.56.506389 +0800,
neu_116.jpg,0,372,372,211,1395.8207029526038,,,,,,,,,,,,,,,,,,,,,,,1395.7938252021067,,1395.7938565630466,1395.7938636905328,1395.8207029526038,1396.8040012567199,1396.8207377347371,1397.8040103799012,1397.8040103799012,1398.1707195453928,1398.0375627076246,1398.037570975508,1398.1707195453928,1398.1707195453928,1398.1707195453928,1398.1707195453928,1398.1707195453928,1398.1707195453928,0.12691943203753908,1400.0393400175853,[19.0],[-29.0],[1],[0],[0],[1.866921849679784],1400.0405385756658,1400.0439075958475,None,,,,,,,,,,,,,ED12,001,2024-01-19_16h42.43.079,rating,2023.2.3,60.041013913673886,2024-01-19 16h42.56.506389 +0800,
neg_51.jpg,0,373,373,139,1400.0707274711567,,,,,,,,,,,,,,,,,,,,,,,1400.044134249909,,1400.0441653257494,1400.0441724532357,1400.0707274711567,1401.0540394600448,1401.0707069439977,1402.0540454471338,1402.0540454471338,1402.4207232516856,1402.2876488076581,1402.2876573606409,1402.4207232516856,1402.4207232516856,1402.4207232516856,1402.4207232516856,1402.4207232516856,1402.4207232516856,0.12661608622329368,1403.355798979801,[-289.0],[-112.0],[1],[0],[0],[0.9333329151868384],1403.3569673173406,1403.3602185914497,None,,,,,,,,,,,,,ED12,001,2024-01-19_16h42.43.079,rating,2023.2.3,60.041013913673886,2024-01-19 16h42.56.506389 +0800,
neu_189.jpg,0,374,374,291,1403.3873988324613,,,,,,,,,,,,,,,,,,,,,,,1403.3604281395437,,1403.36045607929,1403.3604626365777,1403.3873988324613,1404.3707393312943,1404.3874042493517,1405.3707413269894,1405.3707413269894,1405.737421982536,1405.6043033480946,1405.6043119010774,1405.737421982536,1405.737421982536,1405.737421982536,1405.737421982536,1405.737421982536,1405.737421982536,0.1270252039321349,1406.5558358716698,[-16.0],[0.0],[1],[0],[0],[0.8166887523693731],1406.557038991341,1406.5603943267488,None,,,,,,,,,,,,,ED12,001,2024-01-19_16h42.43.079,rating,2023.2.3,60.041013913673886,2024-01-19 16h42.56.506389 +0800,
neg_174.jpg,0,375,375,83,1406.5874516898984,,,,,,,,,,,,,,,,,,,,,,,1406.5606252573034,,1406.5606571884418,1406.560664315928,1406.5874516898984,1407.5707673850793,1407.5874328733353,1408.570789907937,1408.570789907937,1408.9374500363228,1408.8043422356586,1408.8043507886432,1408.9374500363228,1408.9374500363228,1408.9374500363228,1408.9374500363228,1408.9374500363228,1408.9374500363228,0.12685157836676808,1410.5725124788041,[-359.0],[170.0],[1],[0],[0],[1.6334000275983271],1410.573643468315,1410.5770429941385,None,,,,,,,,,,,,,ED12,001,2024-01-19_16h42.43.079,rating,2023.2.3,60.041013913673886,2024-01-19 16h42.56.506389 +0800,
neu_96.jpg,0,376,376,380,1410.604131433127,,,,,,,,,,,,,,,,,,,,,,,1410.57727449489,,1410.57730500053,1410.5773121280163,1410.604131433127,1411.5874770637492,1411.6041388457124,1412.5875001568056,1412.5875001568056,1412.9541562937993,1412.8210675947994,1412.82107700308,1412.9541562937993,1412.9541562937993,1412.9541562937993,1412.9541562937993,1412.9541562937993,1412.9541562937993,0.12690774295879237,1413.8893905372079,[-1.0],[7.0],[1],[0],[0],[0.9334965622711024],1413.890532930698,1413.8937893365965,None,,,,,,,,,,,,,ED12,001,2024-01-19_16h42.43.079,rating,2023.2.3,60.041013913673886,2024-01-19 16h42.56.506389 +0800,
neg_54.jpg,0,377,377,142,1413.9208492656417,,,,,,,,,,,,,,,,,,,,,,,1413.8940256840397,,1413.894054479084,1413.8940607512723,1413.9208492656417,1414.9041737989046,1414.9208330149722,1415.9041789306957,1415.9041789306957,1416.2708555948484,1416.137736105109,1416.1377449431911,1416.2708555948484,1416.2708555948484,1416.2708555948484,1416.2708555948484,1416.2708555948484,1416.2708555948484,0.12685785055509768,1416.8558867904303,[-227.0],[-30.0],[1],[0],[0],[0.583321169089686],1416.8570465749872,1416.8602833090245,None,,,,,,,,,,,,,ED12,001,2024-01-19_16h42.43.079,rating,2023.2.3,60.041013913673886,2024-01-19 16h42.56.506389 +0800,
neu_1.jpg,0,378,378,192,1416.88755506696,,,,,,,,,,,,,,,,,,,,,,,1416.860491431622,,1416.8605196564677,1416.8605259286542,1416.88755506696,1417.8708841618136,1417.8875584881516,1418.870871902538,1418.870871902538,1419.237568523653,1419.104456161398,1419.1044644292833,1419.237568523653,1419.237568523653,1419.237568523653,1419.237568523653,1419.237568523653,1419.237568523653,0.1271067423731438,1420.8726446509081,[9.0],[4.0],[1],[0],[0],[1.6332857027191494],1420.8737856189,1420.8770756665344,None,,,,,,,,,,,,,ED12,001,2024-01-19_16h42.43.079,rating,2023.2.3,60.041013913673886,2024-01-19 16h42.56.506389 +0800,
neg_154.jpg,0,379,379,61,1420.9042279677997,,,,,,,,,,,,,,,,,,,,,,,1420.8773037460942,,1420.8773345368336,1420.8773413792205,1420.9042279677997,1421.8875624795455,1421.9042359505856,1422.887568751732,1422.887568751732,1423.254272500335,1423.12119149902,1423.1211997669034,1423.254272500335,1423.254272500335,1423.254272500335,1423.254272500335,1423.254272500335,1423.254272500335,0.12699498339134152,1424.3059895402712,[-287.0],[243.0],[1],[0],[0],[1.0499956094681693],1424.3071624394033,1424.3104305343804,None,,,,,,,,,,,,,ED12,001,2024-01-19_16h42.43.079,rating,2023.2.3,60.041013913673886,2024-01-19 16h42.56.506389 +0800,
neu_47.jpg,0,380,380,326,1424.3375908184298,,,,,,,,,,,,,,,,,,,,,,,1424.3106626053304,,1424.3106933960717,1424.3107002384586,1424.3375908184298,1425.3209435765384,1425.3375953800205,1426.320971801384,1426.320971801384,1426.6876421933503,1426.554469675113,1426.5544779429965,1426.6876421933503,1426.6876421933503,1426.6876421933503,1426.6876421933503,1426.6876421933503,1426.6876421933503,0.12700524696992943,1427.5060706225559,[4.0],[2.0],[1],[0],[0],[0.816700726547424],1427.507256066061,1427.5105475391938,None,,,,,,,,,,,,,ED12,001,2024-01-19_16h42.43.079,rating,2023.2.3,60.041013913673886,2024-01-19 16h42.56.506389 +0800,
neg_75.jpg,0,381,381,165,1427.5376351228842,,,,,,,,,,,,,,,,,,,,,,,1427.5107761889503,,1427.5108069796916,1427.5108138220785,1427.5376351228842,1428.5209722005238,1428.5376616371323,1429.520971345226,1429.520971345226,1429.8876579878597,1429.7545134093689,1429.754521392153,1429.8876579878597,1429.8876579878597,1429.8876579878597,1429.8876579878597,1429.8876579878597,1429.8876579878597,0.12694024429583806,1430.6060467312218,[-277.0],[-162.0],[1],[0],[0],[0.7166068718088354],1430.6072182048556,1430.6104800276444,None,,,,,,,,,,,,,ED12,001,2024-01-19_16h42.43.079,rating,2023.2.3,60.041013913673886,2024-01-19 16h42.56.506389 +0800,
neu_177.jpg,0,382,382,278,1430.6376733832294,,,,,,,,,,,,,,,,,,,,,,,1430.6106867247436,,1430.6107143793906,1430.6107217919762,1430.6376733832294,1431.6209936400028,1431.6376571325618,1432.6210039035814,1432.6210039035814,1432.98767885714,1432.8545539505103,1432.8545622183938,1432.98767885714,1432.98767885714,1432.98767885714,1432.98767885714,1432.98767885714,1432.98767885714,0.1270243486342224,1433.4561445773525,[192.0],[70.0],[1],[0],[0],[0.4667072268148331],1433.4572844049471,1433.4605918436482,None,,,,,,,,,,,,,ED12,001,2024-01-19_16h42.43.079,rating,2023.2.3,60.041013913673886,2024-01-19 16h42.56.506389 +0800,
neu_178.jpg,0,383,383,279,1433.487677716741,,,,,,,,,,,,,,,,,,,,,,,1433.4608190679082,,1433.4608507139474,1433.460858126533,1433.487677716741,1434.471020211271,1434.4876959631056,1435.4710264834594,1435.4710264834594,1435.8377028625127,1435.7046078913245,1435.7046161592098,1435.8377028625127,1435.8377028625127,1435.8377028625127,1435.8377028625127,1435.8377028625127,1435.8377028625127,0.12690973865392152,1436.0727773361905,[186.0],[169.0],[1],[0],[0],[0.23330343590350822],1436.073959358504,1436.0771479107352,None,,,,,,,,,,,,,ED12,001,2024-01-19_16h42.43.079,rating,2023.2.3,60.041013913673886,2024-01-19 16h42.56.506389 +0800,
,,,,,,,,,,,,,,,,,,,,,,,,,,,,,,,,,,,,,,,,,,,,,,,,,,,,,,,,,,,,,,1436.07724313395,1436.1043900183267,1436.1043900183267,2744.603328878178,space,1308.4898678507052,None,ED12,001,2024-01-19_16h42.43.079,rating,2023.2.3,60.041013913673886,2024-01-19 16h42.56.506389 +0800,
