stimulus_filename,trials.thisRepN,trials.thisTrialN,trials.thisN,trials.thisIndex,thisRow.t,notes,welcome.started,welcome_image.started,welcome_key_resp.started,welcome.stopped,welcome_key_resp.keys,welcome_key_resp.rt,welcome_key_resp.duration,instruction.started,instruction_image.started,instruction_key_resp.started,instruction.stopped,instruction_key_resp.keys,instruction_key_resp.rt,instruction_key_resp.duration,start.started,start_image.started,key_resp.started,start.stopped,key_resp.keys,key_resp.rt,key_resp.duration,block_info.started,block_text.started,block_info.stopped,img_presentation.started,ISI_text.started,stimulus_image.started,ISI_text.stopped,stimulus_image.stopped,text.started,text.stopped,img_presentation.stopped,evaluation.started,horizontal_polygon.started,vertical_polygon.started,ha_text.started,la_text.started,negative_text.started,positive_text.started,mouse.started,evaluation.stopped,mouse.x,mouse.y,mouse.leftButton,mouse.midButton,mouse.rightButton,mouse.time,rest.started,rest.stopped,key_resp_2.keys,rest_image.started,key_resp_2.started,key_resp_2.rt,key_resp_2.duration,block_text.stopped,end.started,end_image.started,key_resp_3.started,end.stopped,key_resp_3.keys,key_resp_3.rt,key_resp_3.duration,participant,session,date,expName,psychopyVersion,frameRate,expStart,
,,,,,,,0.01938984330263338,0.05270019768613565,0.05270019768613565,2.369712204330426,space,2.303617787645635,None,,,,,,,,,,,,,,,,,,,,,,,,,,,,,,,,,,,,,,,,,,,,,,,,,,,,,,,,ED21,001,2024-01-26_15h39.29.116,rating,2023.2.3,60.00646673427793,2024-01-26 15h39.42.737657 +0800,
,,,,,,,,,,,,,,2.3697298804454476,2.4025983319443185,2.4025983319443185,3.7863051730000734,space,1.3757725460272923,None,,,,,,,,,,,,,,,,,,,,,,,,,,,,,,,,,,,,,,,,,,,,,,,,,ED21,001,2024-01-26_15h39.29.116,rating,2023.2.3,60.00646673427793,2024-01-26 15h39.42.737657 +0800,
,,,,,,,,,,,,,,,,,,,,,3.7863490781892324,3.819261434877262,3.819261434877262,5.919785503188905,return,2.096202543194522,None,,,,,,,,,,,,,,,,,,,,,,,,,,,,,,,,,,,,,,,,,,ED21,001,2024-01-26_15h39.29.116,rating,2023.2.3,60.00646673427793,2024-01-26 15h39.42.737657 +0800,
neg_26.jpg,0,0,0,111,5.952616891865546,,,,,,,,,,,,,,,,,,,,,,,5.940099921368528,5.952616891865546,6.93600733045605,6.936015598315862,6.969291170666111,7.919309388467809,7.969292881256479,8.919298839819021,8.919298839819021,9.169308390622973,9.152830829882078,9.152839382841194,9.169308390622973,9.169308390622973,9.169308390622973,9.169308390622973,9.169308390622973,9.169308390622973,-0.00043748385542130563,13.319730992330733,[-192.0],[-97.0],[1],[0],[0],[4.150136077578281],13.321068960227421,13.325146155815673,None,,,,,,,,,,,,,ED21,001,2024-01-26_15h39.29.116,rating,2023.2.3,60.00646673427793,2024-01-26 15h39.42.737657 +0800,
neu_146.jpg,0,1,1,244,13.352664446318158,,,,,,,,,,,,,,,,,,,,,,,13.325528473085797,,13.325559833934676,13.325566676301605,13.352664446318158,14.336002711857873,14.35266701220462,15.336007843632615,15.336007843632615,15.586011692465036,15.56955979059967,15.569567773361996,15.586011692465036,15.586011692465036,15.586011692465036,15.586011692465036,15.586011692465036,15.586011692465036,0.010500325297471136,24.136487265497635,[-2.0],[-38.0],[1],[0],[0],[8.550209290908242],24.136851906652737,24.139952924511817,None,,,,,,,,,,,,,ED21,001,2024-01-26_15h39.29.116,rating,2023.2.3,60.00646673427793,2024-01-26 15h39.42.737657 +0800,
neg_48.jpg,0,2,2,135,24.169412736724553,,,,,,,,,,,,,,,,,,,,,,,24.140182999111857,,24.14021264937037,24.140219206637994,24.169412736724553,25.152741879106543,25.16940874534339,26.1527681081825,26.1527681081825,26.402751429912314,26.386301238639135,26.386308936302157,26.402751429912314,26.402751429912314,26.402751429912314,26.402751429912314,26.402751429912314,26.402751429912314,0.012588672803758527,31.136548276606845,[-265.0],[62.0],[1],[0],[0],[4.73349578253692],31.136916338944502,31.14001650150749,None,,,,,,,,,,,,,ED21,001,2024-01-26_15h39.29.116,rating,2023.2.3,60.00646673427793,2024-01-26 15h39.42.737657 +0800,
neg_149.jpg,0,3,3,55,31.169489998454083,,,,,,,,,,,,,,,,,,,,,,,31.14024657610753,,31.14027679656283,31.14028363892976,31.169489998454083,32.152804885905425,32.16946291408385,33.15279661804561,33.15279661804561,33.40279904138333,33.386394180794014,33.38640216355634,33.40279904138333,33.40279904138333,33.40279904138333,33.40279904138333,33.40279904138333,33.40279904138333,0.012569856293339399,36.40323866347899,[-369.0],[331.0],[1],[0],[0],[3.000142264219903],36.40363780156986,36.40670517778926,None,,,,,,,,,,,,,ED21,001,2024-01-26_15h39.29.116,rating,2023.2.3,60.00646673427793,2024-01-26 15h39.42.737657 +0800,
neg_46.jpg,0,4,4,133,36.436155296647485,,,,,,,,,,,,,,,,,,,,,,,36.4069338268946,,36.40696347715311,36.40697031952004,36.436155296647485,37.41949612807548,37.43617154726962,38.41952634853078,38.41952634853078,38.669501402398964,38.65303895188481,38.65304664954783,38.669501402398964,38.669501402398964,38.669501402398964,38.669501402398964,38.669501402398964,38.669501402398964,0.012586962211571517,42.5198502776002,[-373.0],[289.0],[1],[0],[0],[3.8500563640009204],42.52025682825479,42.523365258677586,None,,,,,,,,,,,,,ED21,001,2024-01-26_15h39.29.116,rating,2023.2.3,60.00646673427793,2024-01-26 15h39.42.737657 +0800,
neu_50.jpg,0,5,5,330,42.55286213371255,,,,,,,,,,,,,,,,,,,,,,,42.523595903474416,,42.523626123929716,42.52363325139595,42.55286213371255,43.53620325023803,43.55287838433469,44.53620980750566,44.53620980750566,44.78620880966082,44.76974179756871,44.76974921013425,44.78620880966082,44.78620880966082,44.78620880966082,44.78620880966082,44.78620880966082,44.78620880966082,0.012630582303245319,49.03668535202996,[55.0],[-38.0],[1],[0],[0],[4.250184031170647],49.0370873411066,49.040074889708194,None,,,,,,,,,,,,,ED21,001,2024-01-26_15h39.29.116,rating,2023.2.3,60.00646673427793,2024-01-26 15h39.42.737657 +0800,
neu_173.jpg,0,6,6,274,49.069617380524505,,,,,,,,,,,,,,,,,,,,,,,49.040310666279765,,49.04034060163758,49.04034744400451,49.069617380524505,50.052912025972546,50.06959400243613,51.05291972363557,51.05291972363557,51.3029218618758,51.28647765767528,51.28648592553509,51.3029218618758,51.3029218618758,51.3029218618758,51.3029218618758,51.3029218618758,51.3029218618758,0.01262887171105831,54.603236781827945,[57.0],[-102.0],[1],[0],[0],[3.3000415103597334],54.603635919918815,54.60675119270854,None,,,,,,,,,,,,,ED21,001,2024-01-26_15h39.29.116,rating,2023.2.3,60.00646673427793,2024-01-26 15h39.42.737657 +0800,
neu_122.jpg,0,7,7,218,54.63626973523969,,,,,,,,,,,,,,,,,,,,,,,54.60697927161709,,54.6070097771717,54.607016619538626,54.63626973523969,55.61961740903462,55.63628598586183,56.61962624709122,56.61962624709122,56.86963209161331,56.8531662199166,56.853173917579625,56.86963209161331,56.86963209161331,56.86963209161331,56.86963209161331,56.86963209161331,56.86963209161331,0.012671921604123781,62.253411062623854,[-1.0],[31.0],[1],[0],[0],[5.383481898232276],62.25382673643435,62.25693459666218,None,,,,,,,,,,,,,ED21,001,2024-01-26_15h39.29.116,rating,2023.2.3,60.00646673427793,2024-01-26 15h39.42.737657 +0800,
neu_152.jpg,0,8,8,251,62.28633396796249,,,,,,,,,,,,,,,,,,,,,,,62.25716609675328,,62.257196602307886,62.257203444674815,62.28633396796249,63.269676509980854,63.28633738914505,64.26969618178737,64.26969618178737,64.51967864822109,64.50322589106145,64.50323415892126,64.51967864822109,64.51967864822109,64.51967864822109,64.51967864822109,64.51967864822109,64.51967864822109,0.012529942485343781,70.67001629053448,[54.0],[2.0],[1],[0],[0],[6.150061666834517],70.67045619772944,70.67356833443591,None,,,,,,,,,,,,,ED21,001,2024-01-26_15h39.29.116,rating,2023.2.3,60.00646673427793,2024-01-26 15h39.42.737657 +0800,
neu_23.jpg,0,9,9,300,70.70305779690534,,,,,,,,,,,,,,,,,,,,,,,70.67377645644046,,70.67380325571139,70.67380952788153,70.70305779690534,71.68639663264184,71.70308431107878,72.6864014793191,72.6864014793191,72.93642186387115,72.91994373293164,72.91995171569397,72.93642186387115,72.93642186387115,72.93642186387115,72.93642186387115,72.93642186387115,72.93642186387115,0.012667930222960422,79.10341696416617,[-72.0],[-34.0],[1],[0],[0],[6.166693180839502],79.10382750620192,79.10694277899165,None,,,,,,,,,,,,,ED21,001,2024-01-26_15h39.29.116,rating,2023.2.3,60.00646673427793,2024-01-26 15h39.42.737657 +0800,
neg_76.jpg,0,10,10,166,79.13649097178131,,,,,,,,,,,,,,,,,,,,,,,79.1071719982956,,79.1072019336516,79.10720877602034,79.13649097178131,80.11979759137284,80.13645419405657,81.11979474038526,81.11979474038526,81.3697960233294,81.35333271751915,81.35334098538078,81.3697960233294,81.3697960233294,81.3697960233294,81.3697960233294,81.3697960233294,81.3697960233294,0.012643411741009913,88.62029993516808,[-316.0],[96.0],[1],[0],[0],[7.2502213790903625],88.6206831077343,88.6238411453196,None,,,,,,,,,,,,,ED21,001,2024-01-26_15h39.29.116,rating,2023.2.3,60.00646673427793,2024-01-26 15h39.42.737657 +0800,
neg_128.jpg,0,11,11,32,88.65321713853336,,,,,,,,,,,,,,,,,,,,,,,88.62407179011643,,88.62410172547243,88.62410828274187,88.65321713853336,89.63652831970285,89.65322027461843,90.63652632401136,90.63652632401136,90.88653188343415,90.87014327346697,90.8701506860325,90.88653188343415,90.88653188343415,90.88653188343415,90.88653188343415,90.88653188343415,90.88653188343415,0.012478054533858085,94.02031413308032,[-346.0],[173.0],[1],[0],[0],[3.13348973844586],94.02069844604011,94.02382768866482,None,,,,,,,,,,,,,ED21,001,2024-01-26_15h39.29.116,rating,2023.2.3,60.00646673427793,2024-01-26 15h39.42.737657 +0800,
neg_82.jpg,0,12,12,173,94.05322135799179,,,,,,,,,,,,,,,,,,,,,,,94.02405804836235,,94.02408855391695,94.02409568138137,94.05322135799179,95.0366120816816,95.05322392388007,96.03658414201527,96.03658414201527,96.28658913124127,96.27010444303414,96.27011242579465,96.28658913124127,96.28658913124127,96.28658913124127,96.28658913124127,96.28658913124127,96.28658913124127,0.012547903697850415,104.30370502782716,[0.0],[-76.0],[1],[0],[0],[8.01682794696535],104.30409105138096,104.30728273060595,None,,,,,,,,,,,,,ED21,001,2024-01-26_15h39.29.116,rating,2023.2.3,60.00646673427793,2024-01-26 15h39.42.737657 +0800,
neu_177.jpg,0,13,13,278,104.33662565237682,,,,,,,,,,,,,,,,,,,,,,,104.30751480089566,,104.30754587664705,104.30755271901398,104.33662565237682,105.31998530031342,105.33663106925087,106.32002635451681,106.32002635451681,106.57001623351607,106.55350046955755,106.55350845231806,106.57001623351607,106.57001623351607,106.57001623351607,106.57001623351607,106.57001623351607,106.57001623351607,0.012519393834736547,110.08730233398819,[-2.0],[-108.0],[1],[0],[0],[3.516943126813203],110.08785171905765,110.09107732502162,None,,,,,,,,,,,,,ED21,001,2024-01-26_15h39.29.116,rating,2023.2.3,60.00646673427793,2024-01-26 15h39.42.737657 +0800,
neg_23.jpg,0,14,14,108,110.11999744551576,,,,,,,,,,,,,,,,,,,,,,,110.09130768471914,,110.09133790517444,110.09134474754137,110.11999744551576,111.10333656635157,111.12000143689693,112.10334283852171,112.10334283852171,112.35334440656334,112.33691531258955,112.33692358045118,112.35334440656334,112.35334440656334,112.35334440656334,112.35334440656334,112.35334440656334,112.35334440656334,0.012054397959218477,120.23703813308202,[-87.0],[2.0],[1],[0],[0],[7.883405776896325],120.23749086971475,120.24061811664978,None,,,,,,,,,,,,,ED21,001,2024-01-26_15h39.29.116,rating,2023.2.3,60.00646673427793,2024-01-26 15h39.42.737657 +0800,
neu_135.jpg,0,15,15,232,120.27007108649377,,,,,,,,,,,,,,,,,,,,,,,120.2408493316434,,120.24087983719619,120.24088639446563,120.27007108649377,121.253407356342,121.27007137159126,122.25341077752637,122.25341077752637,122.503412345568,122.48694818446347,122.48695616722398,122.503412345568,122.503412345568,122.503412345568,122.503412345568,122.503412345568,122.503412345568,0.012581830436829478,125.15374143492409,[0.0],[-2.0],[1],[0],[0],[2.6500394291415432],125.15414085811244,125.15726953053854,None,,,,,,,,,,,,,ED21,001,2024-01-26_15h39.29.116,rating,2023.2.3,60.00646673427793,2024-01-26 15h39.42.737657 +0800,
neg_140.jpg,0,16,16,46,125.18683140806206,,,,,,,,,,,,,,,,,,,,,,,125.15751927694328,,125.15754664641281,125.15755291858295,125.18683140806206,126.1701055264075,126.18679491543662,127.1701149346627,127.1701149346627,127.42011393681787,127.40369282560641,127.40370109346622,127.42011393681787,127.42011393681787,127.42011393681787,127.42011393681787,127.42011393681787,127.42011393681787,0.01261461677859188,131.87054839862867,[-180.0],[-23.0],[1],[0],[0],[4.450143946301978],131.87097348069437,131.87408390680866,None,,,,,,,,,,,,,ED21,001,2024-01-26_15h39.29.116,rating,2023.2.3,60.00646673427793,2024-01-26 15h39.42.737657 +0800,
neg_54.jpg,0,17,17,142,131.9034698784726,,,,,,,,,,,,,,,,,,,,,,,131.87431711749196,,131.87434705284977,131.8743538952167,131.9034698784726,132.88681840756362,132.90347215926158,133.88682524993055,133.88682524993055,134.136826817974,134.12037520120793,134.12038375416705,134.136826817974,134.136826817974,134.136826817974,134.136826817974,134.136826817974,134.136826817974,0.012527946793852607,137.30393994910264,[-210.0],[3.0],[1],[0],[0],[3.166801233222941],137.30433851699672,137.30740133163818,None,,,,,,,,,,,,,ED21,001,2024-01-26_15h39.29.116,rating,2023.2.3,60.00646673427793,2024-01-26 15h39.42.737657 +0800,
neg_75.jpg,0,18,18,165,137.3368508802978,,,,,,,,,,,,,,,,,,,,,,,137.30760774305054,,137.30763454232147,137.3076410995909,137.3368508802978,138.32021423451806,138.33685601207435,139.32019712859983,139.32019712859983,139.57019727114857,139.5537262676753,139.55373425043763,139.57019727114857,139.57019727114857,139.57019727114857,139.57019727114857,139.57019727114857,139.57019727114857,0.0126134763850132,142.77063330100282,[-251.0],[-23.0],[1],[0],[0],[3.200134680595511],142.77103101359899,142.7740770074215,None,,,,,,,,,,,,,ED21,001,2024-01-26_15h39.29.116,rating,2023.2.3,60.00646673427793,2024-01-26 15h39.42.737657 +0800,
neu_141.jpg,0,19,19,239,142.8035613381162,,,,,,,,,,,,,,,,,,,,,,,142.77431249889378,,142.7743407236594,142.77434699582955,142.8035613381162,143.78689418678186,143.80359497975405,144.7869001738527,144.7869001738527,145.03692255409442,145.0204575376938,145.02046523535682,145.03692255409442,145.03692255409442,145.03692255409442,145.03692255409442,145.03692255409442,145.03692255409442,0.012630582303245319,150.65394471025138,[0.0],[-93.0],[1],[0],[0],[5.616705411570365],150.6543458440301,150.65748107372565,None,,,,,,,,,,,,,ED21,001,2024-01-26_15h39.29.116,rating,2023.2.3,60.00646673427793,2024-01-26 15h39.42.737657 +0800,
neu_112.jpg,0,20,20,207,150.68694487731773,,,,,,,,,,,,,,,,,,,,,,,150.65771086322638,,150.6577407985842,150.65774764095113,150.68694487731773,151.67028542364642,151.6869477283053,152.67029084052047,152.67029084052047,152.92028984267563,152.9038042991724,152.90381199683543,152.92028984267563,152.92028984267563,152.92028984267563,152.92028984267563,152.92028984267563,152.92028984267563,0.012598366158272256,157.33741452030154,[-1.0],[-12.0],[1],[0],[0],[4.416811069124378],157.33784102786012,157.34098338502008,None,,,,,,,,,,,,,ED21,001,2024-01-26_15h39.29.116,rating,2023.2.3,60.00646673427793,2024-01-26 15h39.42.737657 +0800,
neg_157.jpg,0,21,21,64,157.37032431110129,,,,,,,,,,,,,,,,,,,,,,,157.34121288942333,,157.34124282477933,157.34124995224556,157.37032431110129,158.3536622915417,158.37034569349817,159.35366742331826,159.35366742331826,159.60366956155667,159.5872016941703,159.5872096769308,159.60366956155667,159.60366956155667,159.60366956155667,159.60366956155667,159.60366956155667,159.60366956155667,0.012479194927436765,166.07085841488515,[-163.0],[176.0],[1],[0],[0],[6.466832194935705],166.07130487934774,166.0744298454938,None,,,,,,,,,,,,,ED21,001,2024-01-26_15h39.29.116,rating,2023.2.3,60.00646673427793,2024-01-26 15h39.42.737657 +0800,
neu_92.jpg,0,22,22,376,166.1037185985224,,,,,,,,,,,,,,,,,,,,,,,166.07465649890764,,166.07468614916615,166.0746932766324,166.1037185985224,167.08707625076931,167.10372144950998,168.0870671276134,168.0870671276134,168.3370629936835,168.32060111336614,168.32060909612846,168.3370629936835,168.3370629936835,168.3370629936835,168.3370629936835,168.3370629936835,168.3370629936835,0.01242331559478771,175.77095688795453,[-126.0],[4.0],[1],[0],[0],[7.433552346104989],175.77136885548134,175.7744422187734,None,,,,,,,,,,,,,ED21,001,2024-01-26_15h39.29.116,rating,2023.2.3,60.00646673427793,2024-01-26 15h39.42.737657 +0800,
neg_52.jpg,0,23,23,140,175.80381108452093,,,,,,,,,,,,,,,,,,,,,,,175.77467086787874,,175.77470080323656,175.77470764560348,175.80381108452093,176.78712739746516,176.80379055741832,177.78712768256446,177.78712768256446,178.03714493103143,178.02071412646546,178.0207218241285,178.03714493103143,178.03714493103143,178.03714493103143,178.03714493103143,178.03714493103143,178.03714493103143,0.0124925945619907,180.78759752511542,[-168.0],[3.0],[1],[0],[0],[2.7501387004849676],180.78802973464735,180.79118891262806,None,,,,,,,,,,,,,ED21,001,2024-01-26_15h39.29.116,rating,2023.2.3,60.00646673427793,2024-01-26 15h39.42.737657 +0800,
neu_91.jpg,0,24,24,375,180.82048821430726,,,,,,,,,,,,,,,,,,,,,,,180.79141898722628,,180.7914486374848,180.79145547985172,180.82048821430726,181.80384643675097,181.82048992489945,182.80383047122814,182.80383047122814,183.0537889893767,183.03740323039528,183.0374112131558,183.0537889893767,183.0537889893767,183.0537889893767,183.0537889893767,183.0537889893767,183.0537889893767,0.012403073591485736,193.221029559596,[-2.0],[-23.0],[1],[0],[0],[10.166899307152562],193.22146604560658,193.22467283506012,None,,,,,,,,,,,,,ED21,001,2024-01-26_15h39.29.116,rating,2023.2.3,60.00646673427793,2024-01-26 15h39.42.737657 +0800,
neu_53.jpg,0,25,25,333,193.25390599385537,,,,,,,,,,,,,,,,,,,,,,,193.22491431360504,,193.2249476701454,193.22495536780843,193.25390599385537,194.23725680373536,194.25390884484295,195.23732095092782,195.23732095092782,195.4871776888649,195.47079763185684,195.47080561461735,195.4871776888649,195.4871776888649,195.4871776888649,195.4871776888649,195.4871776888649,195.4871776888649,0.012278770587727195,199.4709538659081,[-2.0],[-55.0],[1],[0],[0],[3.9834380500615225],199.47136127185877,199.4744759744517,None,,,,,,,,,,,,,ED21,001,2024-01-26_15h39.29.116,rating,2023.2.3,60.00646673427793,2024-01-26 15h39.42.737657 +0800,
neg_67.jpg,0,26,26,156,199.50395374787695,,,,,,,,,,,,,,,,,,,,,,,199.47470690434784,,199.47473740990063,199.47474425226756,199.50395374787695,200.48728659654262,200.50396144553997,201.48729657499462,201.48729657499462,201.75399865091276,201.72082827995837,201.72083654782,201.75399865091276,201.75399865091276,201.75399865091276,201.75399865091276,201.75399865091276,201.75399865091276,0.029311133272130974,208.28759552942392,[-36.0],[-9.0],[1],[0],[0],[6.533286120999037],208.2880459852695,208.29114044585913,None,,,,,,,,,,,,,ED21,001,2024-01-26_15h39.29.116,rating,2023.2.3,60.00646673427793,2024-01-26 15h39.42.737657 +0800,
neg_84.jpg,0,27,27,175,208.32068236647683,,,,,,,,,,,,,,,,,,,,,,,208.29137194595205,,208.29140131111126,208.2914081534782,208.32068236647683,209.30401293435352,209.32068008568785,210.30402034691906,210.30402034691906,210.5707118741866,210.5375440691205,210.5375520518828,210.5707118741866,210.5707118741866,210.5707118741866,210.5707118741866,210.5707118741866,210.5707118741866,0.029359885140365805,212.90431861711113,[-215.0],[-50.0],[1],[0],[0],[2.3332937046216102],212.90476080509507,212.90786353354633,None,,,,,,,,,,,,,ED21,001,2024-01-26_15h39.29.116,rating,2023.2.3,60.00646673427793,2024-01-26 15h39.42.737657 +0800,
neu_138.jpg,0,28,28,235,212.93739119923157,,,,,,,,,,,,,,,,,,,,,,,212.90809702932893,,212.90812753488171,212.90813466234795,212.93739119923157,213.92072148201078,213.93741571771534,214.9207186310232,214.9207186310232,215.18741129868613,215.1542865435149,215.15429424117792,215.18741129868613,215.18741129868613,215.18741129868613,215.18741129868613,215.18741129868613,215.18741129868613,0.029330519979339442,220.63784490520084,[-2.0],[45.0],[1],[0],[0],[5.450098330518813],220.63826228960352,220.64137841769116,None,,,,,,,,,,,,,ED21,001,2024-01-26_15h39.29.116,rating,2023.2.3,60.00646673427793,2024-01-26 15h39.42.737657 +0800,
neg_179.jpg,0,29,29,88,220.67078206547012,,,,,,,,,,,,,,,,,,,,,,,220.64161020288157,,220.64164042333687,220.6416472657038,220.67078206547012,221.65410721647277,221.67080230747342,222.65410579097988,222.65410579097988,222.9208007394318,222.88770506432047,222.8877127619835,222.9208007394318,222.9208007394318,222.9208007394318,222.9208007394318,222.9208007394318,222.9208007394318,0.02920792756594892,229.58794209532607,[-311.0],[-13.0],[1],[0],[0],[6.666826321901681],229.58836062012233,232.15457591863014,space,229.620823661362,229.620823661362,2.517022384234224,None,,,,,,,,,ED21,001,2024-01-26_15h39.29.116,rating,2023.2.3,60.00646673427793,2024-01-26 15h39.42.737657 +0800,
neu_24.jpg,0,30,30,301,232.17084108088784,,,,,,,,,,,,,,,,,,,,,,,232.1551586602418,232.17084108088784,233.1544074253361,233.15441483789982,233.18753873777678,234.15417906132825,234.18751821067417,235.15419189076783,235.15419189076783,235.4208606101438,235.3877230255348,235.38773043809852,235.4208606101438,235.4208606101438,235.4208606101438,235.4208606101438,235.4208606101438,235.4208606101438,0.015907791119389003,247.4879465998838,[-3.0],[-46.0],[1],[0],[0],[12.066717642303047],247.48836997135913,247.49149579279947,None,,,,,233.18753873777678,,,,,,,,ED21,001,2024-01-26_15h39.29.116,rating,2023.2.3,60.00646673427793,2024-01-26 15h39.42.737657 +0800,
neg_79.jpg,0,31,31,169,247.52094790734736,,,,,,,,,,,,,,,,,,,,,,,247.49173099917243,,247.49176236002313,247.49176920239006,247.52094790734736,248.5042847473942,248.52097727250657,249.5042927301547,249.5042927301547,249.77098197663327,249.7378215841327,249.7378298519925,249.77098197663327,249.77098197663327,249.77098197663327,249.77098197663327,249.77098197663327,249.77098197663327,0.029266087687574327,251.47133076630416,[-128.0],[-21.0],[1],[0],[0],[1.7000323301854223],251.47178663902196,251.4749210134214,None,,,,,,,,,,,,,ED21,001,2024-01-26_15h39.29.116,rating,2023.2.3,60.00646673427793,2024-01-26 15h39.42.737657 +0800,
neu_49.jpg,0,32,32,328,251.5043143976509,,,,,,,,,,,,,,,,,,,,,,,251.47515137311893,,251.47518130847675,251.47518843594298,251.5043143976509,252.4876757561815,252.5043041341014,253.4876518078945,253.4876518078945,253.7543487520361,253.72119634229784,253.72120432506017,253.7543487520361,253.7543487520361,253.7543487520361,253.7543487520361,253.7543487520361,253.7543487520361,0.02921419973790762,258.55480679150423,[22.0],[25.0],[1],[0],[0],[4.800131601530666],258.55526979168826,258.5584152849351,None,,,,,,,,,,,,,ED21,001,2024-01-26_15h39.29.116,rating,2023.2.3,60.00646673427793,2024-01-26 15h39.42.737657 +0800,
neu_74.jpg,0,33,33,356,258.58769177872455,,,,,,,,,,,,,,,,,,,,,,,258.5586493509145,,258.5586798564691,258.55868698393533,258.58769177872455,259.57102918896817,259.5876934893149,260.57105997962026,260.57105997962026,260.83769733814734,260.8045848422171,260.8045928249794,260.83769733814734,260.83769733814734,260.83769733814734,260.83769733814734,260.83769733814734,260.83769733814734,0.02907906298241869,266.3047573268923,[29.0],[-64.0],[1],[0],[0],[5.4667098876198],266.3051872556334,266.3083823560428,None,,,,,,,,,,,,,ED21,001,2024-01-26_15h39.29.116,rating,2023.2.3,60.00646673427793,2024-01-26 15h39.42.737657 +0800,
neg_38.jpg,0,34,34,124,266.33774466452087,,,,,,,,,,,,,,,,,,,,,,,266.3086130008396,,266.3086426510981,266.30864949346505,266.33774466452087,267.3210815045677,267.33779854816385,268.3210923383158,268.3210923383158,268.5877690404541,268.55462432837885,268.55463288133797,268.5877690404541,268.5877690404541,268.5877690404541,268.5877690404541,268.5877690404541,268.5877690404541,0.02917343063199951,270.8214649622314,[-183.0],[-52.0],[1],[0],[0],[2.233349812035158],270.8218943207776,270.8250594858291,None,,,,,,,,,,,,,ED21,001,2024-01-26_15h39.29.116,rating,2023.2.3,60.00646673427793,2024-01-26 15h39.42.737657 +0800,
neg_145.jpg,0,35,35,51,270.8544514445657,,,,,,,,,,,,,,,,,,,,,,,270.82528813493445,,270.8253183553916,270.825325482856,270.8544514445657,271.8377902803022,271.85446741008855,272.83778571872426,272.83778571872426,273.10446128046897,273.07131485779973,273.07132284056206,273.10446128046897,273.10446128046897,273.10446128046897,273.10446128046897,273.10446128046897,273.10446128046897,0.02921762092046265,274.70498905506247,[-252.0],[-66.0],[1],[0],[0],[1.600115521967382],274.70544492778026,274.7085285546236,None,,,,,,,,,,,,,ED21,001,2024-01-26_15h39.29.116,rating,2023.2.3,60.00646673427793,2024-01-26 15h39.42.737657 +0800,
neu_20.jpg,0,36,36,297,274.7378013421294,,,,,,,,,,,,,,,,,,,,,,,274.7087560633354,,274.7087857135921,274.7087928410583,274.7378013421294,275.7211398927684,275.73780533351055,276.72114530964245,276.72114530964245,276.9878157396106,276.9546989672017,276.9547069499622,276.9878157396106,276.9878157396106,276.9878157396106,276.9878157396106,276.9878157396106,276.9878157396106,0.02907792258884001,279.454880575031,[54.0],[36.0],[1],[0],[0],[2.4666964879852458],279.45533217127013,279.4584471589624,None,,,,,,,,,,,,,ED21,001,2024-01-26_15h39.29.116,rating,2023.2.3,60.00646673427793,2024-01-26 15h39.42.737657 +0800,
neu_28.jpg,0,37,37,305,279.48784082829116,,,,,,,,,,,,,,,,,,,,,,,279.45867267198446,,279.45870232224115,279.4587091646081,279.48784082829116,280.4712158715538,280.48784995144706,281.47122927119017,281.47122927119017,281.73788601642445,281.70472876000895,281.70473702786876,281.73788601642445,281.73788601642445,281.73788601642445,281.73788601642445,281.73788601642445,281.73788601642445,0.029248126473248703,285.77165338392115,[-55.0],[-30.0],[1],[0],[0],[4.033408998509913],285.7721149586123,285.77523707376895,None,,,,,,,,,,,,,ED21,001,2024-01-26_15h39.29.116,rating,2023.2.3,60.00646673427793,2024-01-26 15h39.42.737657 +0800,
neg_126.jpg,0,38,38,30,285.8045597535365,,,,,,,,,,,,,,,,,,,,,,,285.7754628718885,,285.77549252214703,285.77549964961327,285.8045597535365,286.7878851896385,286.80454692409876,287.78789003631573,287.78789003631573,288.05456360236894,288.0214191753912,288.02142715815353,288.05456360236894,288.05456360236894,288.05456360236894,288.05456360236894,288.05456360236894,288.05456360236894,0.029116696003256948,294.3217286784693,[-287.0],[205.0],[1],[0],[0],[6.266837212669998],294.32215803701547,294.3252639015518,None,,,,,,,,,,,,,ED21,001,2024-01-26_15h39.29.116,rating,2023.2.3,60.00646673427793,2024-01-26 15h39.42.737657 +0800,
neg_143.jpg,0,39,39,49,294.3546042574344,,,,,,,,,,,,,,,,,,,,,,,294.3254896996714,,294.3255196350274,294.3255264773943,294.3546042574344,295.33797046264044,295.3546073935195,296.33794708455207,296.33794708455207,296.6046192251124,296.5715318178627,296.5715398006232,296.6046192251124,296.6046192251124,296.6046192251124,296.6046192251124,296.6046192251124,296.6046192251124,0.02914606116246432,300.2050272582801,[-214.0],[169.0],[1],[0],[0],[3.6000761783543567],300.2054531956419,300.20852627383465,None,,,,,,,,,,,,,ED21,001,2024-01-26_15h39.29.116,rating,2023.2.3,60.00646673427793,2024-01-26 15h39.42.737657 +0800,
neg_107.jpg,0,40,40,9,300.2380017664709,,,,,,,,,,,,,,,,,,,,,,,300.20875777392575,,300.20878827948036,300.2087951218473,300.2380017664709,301.22131836451445,301.2380108896268,302.2213246366846,302.2213246366846,302.48799136037087,302.45489540016024,302.45490338292257,302.48799136037087,302.48799136037087,302.48799136037087,302.48799136037087,302.48799136037087,302.48799136037087,0.029249837067254703,306.25508459161574,[-372.0],[114.0],[1],[0],[0],[3.76671233946945],306.2555150905555,306.2586143978224,None,,,,,,,,,,,,,ED21,001,2024-01-26_15h39.29.116,rating,2023.2.3,60.00646673427793,2024-01-26 15h39.42.737657 +0800,
neu_149.jpg,0,41,41,247,306.28801833070065,,,,,,,,,,,,,,,,,,,,,,,306.25883962574517,,306.25887098659405,306.2588781140603,306.28801833070065,307.2713754127508,307.2880457001702,308.2714064885022,308.2714064885022,308.53803586426693,308.50491510047686,308.50492422363277,308.53803586426693,308.53803586426693,308.53803586426693,308.53803586426693,308.53803586426693,308.53803586426693,0.029213914636784466,313.70521485318204,[22.0],[12.0],[1],[0],[0],[5.16681434776001],313.7056559007706,313.7087047455807,None,,,,,,,,,,,,,ED21,001,2024-01-26_15h39.29.116,rating,2023.2.3,60.00646673427793,2024-01-26 15h39.42.737657 +0800,
neg_88.jpg,0,42,42,179,313.7380721858335,,,,,,,,,,,,,,,,,,,,,,,313.7089365307711,,313.7089661810296,313.708973308494,313.7380721858335,314.72143810594025,314.7380741815232,315.7214144427544,315.7214144427544,315.9880862982154,315.9549683854111,315.95497636817345,315.9880862982154,315.9880862982154,315.9880862982154,315.9880862982154,315.9880862982154,315.9880862982154,0.029165732968976954,320.9218524682983,[-215.0],[-28.0],[1],[0],[0],[4.9334266176065285],320.9223282979201,320.925397669831,None,,,,,,,,,,,,,ED21,001,2024-01-26_15h39.29.116,rating,2023.2.3,60.00646673427793,2024-01-26 15h39.42.737657 +0800,
neg_94.jpg,0,43,43,186,320.9548021729079,,,,,,,,,,,,,,,,,,,,,,,320.92562460834415,,320.92565482880127,320.9256616711682,320.9548021729079,321.938127609008,321.95481272155666,322.9381296046995,322.9381296046995,323.2048026005541,323.17170321916274,323.17171091682576,323.2048026005541,323.2048026005541,323.2048026005541,323.2048026005541,323.2048026005541,323.2048026005541,0.029195098128184327,324.3051670136301,[-246.0],[-46.0],[1],[0],[0],[1.100024290402871],324.3056029294439,324.30869938572505,None,,,,,,,,,,,,,ED21,001,2024-01-26_15h39.29.116,rating,2023.2.3,60.00646673427793,2024-01-26 15h39.42.737657 +0800,
neu_64.jpg,0,44,44,345,324.3381452281046,,,,,,,,,,,,,,,,,,,,,,,324.3089260391407,,324.3089554042999,324.30896196156937,324.3381452281046,325.32148320854503,325.33817288267164,326.32148976581266,326.32148976581266,326.58818585465997,326.55501776449455,326.5550254621576,326.58818585465997,326.58818585465997,326.58818585465997,326.58818585465997,326.58818585465997,326.58818585465997,0.02927606614139222,330.2886512496716,[27.0],[-16.0],[1],[0],[0],[3.70012327664881],330.2891179561393,330.2922161230108,None,,,,,,,,,,,,,ED21,001,2024-01-26_15h39.29.116,rating,2023.2.3,60.00646673427793,2024-01-26 15h39.42.737657 +0800,
neu_7.jpg,0,45,45,351,330.32152226705875,,,,,,,,,,,,,,,,,,,,,,,330.2924419211304,,330.2924721415857,330.2924789839526,330.32152226705875,331.3048559710187,331.32152226705875,332.30486053259847,332.30486053259847,332.5715506343731,332.53839850973236,332.53840791798575,332.5715506343731,332.5715506343731,332.5715506343731,332.5715506343731,332.5715506343731,332.5715506343731,0.029124963863068842,335.13858160007476,[-2.0],[18.0],[1],[0],[0],[2.566685426156255],335.139054008514,335.1422009272537,None,,,,,,,,,,,,,ED21,001,2024-01-26_15h39.29.116,rating,2023.2.3,60.00646673427793,2024-01-26 15h39.42.737657 +0800,
neg_134.jpg,0,46,46,39,335.1715541125759,,,,,,,,,,,,,,,,,,,,,,,335.1424290061623,,335.1424586564208,335.1424654987877,335.1715541125759,336.1548903824241,336.17156865260586,337.1548952291014,337.1548952291014,337.421607568569,337.3884525929425,337.3884602906055,337.421607568569,337.421607568569,337.421607568569,337.421607568569,337.421607568569,337.421607568569,0.029194813028880162,339.45530822298497,[-280.0],[135.0],[1],[0],[0],[2.0333280305003427],339.45575611294225,339.4588913426378,None,,,,,,,,,,,,,ED21,001,2024-01-26_15h39.29.116,rating,2023.2.3,60.00646673427793,2024-01-26 15h39.42.737657 +0800,
neg_124.jpg,0,47,47,28,339.4882707570323,,,,,,,,,,,,,,,,,,,,,,,339.4591228427289,,339.4591527780867,339.45915962045365,339.4882707570323,340.47159619313425,340.4882516554244,341.4715927719499,341.4715927719499,341.73826177642513,341.7051213408304,341.7051293235909,341.73826177642513,341.73826177642513,341.73826177642513,341.73826177642513,341.73826177642513,341.73826177642513,0.02915461412158038,343.67207698347374,[-328.0],[219.0],[1],[0],[0],[1.933422626227184],343.67254368993963,343.6756076449765,None,,,,,,,,,,,,,ED21,001,2024-01-26_15h39.29.116,rating,2023.2.3,60.00646673427793,2024-01-26 15h39.42.737657 +0800,
neg_108.jpg,0,48,48,10,343.7049477157598,,,,,,,,,,,,,,,,,,,,,,,343.67581120540126,,343.675838004674,343.67584427684415,343.7049477157598,344.68828256011693,344.704947145563,345.68829054287926,345.68829054287926,345.9550006015579,345.92181854155933,345.92182652432166,345.9550006015579,345.9550006015579,345.9550006015579,345.9550006015579,345.9550006015579,345.9550006015579,0.02920849776273826,358.25557781225507,[-225.0],[56.0],[1],[0],[0],[12.300225113882334],358.2560505057936,358.25913470283194,None,,,,,,,,,,,,,ED21,001,2024-01-26_15h39.29.116,rating,2023.2.3,60.00646673427793,2024-01-26 15h39.42.737657 +0800,
neu_31.jpg,0,49,49,309,358.28841518800255,,,,,,,,,,,,,,,,,,,,,,,358.25936620292487,,358.2593958531834,358.2594026955503,358.28841518800255,359.2717181013104,359.2884052095487,360.27172209269156,360.27172209269156,360.5383925226597,360.5052880094918,360.5052971326477,360.5383925226597,360.5383925226597,360.5383925226597,360.5383925226597,360.5383925226597,360.5383925226597,0.029045421344562783,362.60547651671004,[-324.0],[133.0],[1],[0],[0],[2.0667259101646778],362.60593096393495,362.6090433857389,None,,,,,,,,,,,,,ED21,001,2024-01-26_15h39.29.116,rating,2023.2.3,60.00646673427793,2024-01-26 15h39.42.737657 +0800,
neg_21.jpg,0,50,50,106,362.63840883030207,,,,,,,,,,,,,,,,,,,,,,,362.6092754560286,,362.6093056764839,362.60931251885086,362.63840883030207,363.6217448150528,363.6384153875715,364.62177988218536,364.62177988218536,364.88841724071244,364.855283077286,364.8552910600465,364.88841724071244,364.88841724071244,364.88841724071244,364.88841724071244,364.88841724071244,364.88841724071244,0.029160030995626585,366.8221759982298,[-353.0],[85.0],[1],[0],[0],[1.9333981077434146],366.82266608278405,366.8256807157559,None,,,,,,,,,,,,,ED21,001,2024-01-26_15h39.29.116,rating,2023.2.3,60.00646673427793,2024-01-26 15h39.42.737657 +0800,
neg_80.jpg,0,51,51,171,366.8551040353432,,,,,,,,,,,,,,,,,,,,,,,366.8259113605527,,366.8259412959087,366.82594842337494,366.8551040353432,367.83848791666423,367.8551140137952,368.8384485730512,368.8384485730512,369.1051178626258,369.0720102133728,369.0720184812326,369.1051178626258,369.1051178626258,369.1051178626258,369.1051178626258,369.1051178626258,369.1051178626258,0.029224748386695865,370.6722962243239,[-352.0],[116.0],[1],[0],[0],[1.5668145758390892],370.67279429164046,370.67581234579666,None,,,,,,,,,,,,,ED21,001,2024-01-26_15h39.29.116,rating,2023.2.3,60.00646673427793,2024-01-26 15h39.42.737657 +0800,
neg_28.jpg,0,52,52,113,370.7051313192824,,,,,,,,,,,,,,,,,,,,,,,370.6760412800013,,370.6760709302598,370.67607777262674,370.7051313192824,371.6884678742299,371.70513331497204,372.6884744314975,372.6884744314975,372.9551437210721,372.922007561956,372.9220155447165,372.9551437210721,372.9551437210721,372.9551437210721,372.9551437210721,372.9551437210721,372.9551437210721,0.029120117187630967,374.75555044278553,[-364.0],[153.0],[1],[0],[0],[1.8000446464466222],374.75607388388016,374.7591512385534,None,,,,,,,,,,,,,ED21,001,2024-01-26_15h39.29.116,rating,2023.2.3,60.00646673427793,2024-01-26 15h39.42.737657 +0800,
neu_72.jpg,0,53,53,354,374.788491594436,,,,,,,,,,,,,,,,,,,,,,,374.7593627817405,,374.75939015121,374.75939642338017,374.788491594436,375.7718367023426,375.78849444542175,376.7718606506278,376.7718606506278,377.0385034260289,377.00538095164666,377.0053895046058,377.0385034260289,377.0385034260289,377.0385034260289,377.0385034260289,377.0385034260289,377.0385034260289,0.02916658826325147,384.13904944693604,[40.0],[21.0],[1],[0],[0],[7.100173682089007],384.13955549701495,384.1425493177867,None,,,,,,,,,,,,,ED21,001,2024-01-26_15h39.29.116,rating,2023.2.3,60.00646673427793,2024-01-26 15h39.42.737657 +0800,
neu_29.jpg,0,54,54,306,384.1718893885718,,,,,,,,,,,,,,,,,,,,,,,384.1427637119614,,384.1427905112323,384.14279678340245,384.1718893885718,385.155230219998,385.17189252465687,386.1552399133525,386.1552399133525,386.4219043562498,386.38879100502345,386.38879927288326,386.4219043562498,386.4219043562498,386.4219043562498,386.4219043562498,386.4219043562498,386.4219043562498,0.02916145649032842,387.855785991278,[52.0],[-71.0],[1],[0],[0],[1.433515283282759],387.85627065895824,387.8592527906876,None,,,,,,,,,,,,,ED21,001,2024-01-26_15h39.29.116,rating,2023.2.3,60.00646673427793,2024-01-26 15h39.42.737657 +0800,
neu_71.jpg,0,55,55,353,387.88857832144095,,,,,,,,,,,,,,,,,,,,,,,387.8594848609773,,387.85951166024824,387.8595179324184,387.88857832144095,388.8719194379664,388.8885848787104,389.87192599523587,389.87192599523587,390.1385969954026,390.1055298301544,390.10553752781743,390.1385969954026,390.1385969954026,390.1385969954026,390.1385969954026,390.1385969954026,390.1385969954026,0.02913351682400389,393.3724420237668,[25.0],[-43.0],[1],[0],[0],[3.233475540533618],393.3729437973652,393.3759418946174,None,,,,,,,,,,,,,ED21,001,2024-01-26_15h39.29.116,rating,2023.2.3,60.00646673427793,2024-01-26 15h39.42.737657 +0800,
neu_77.jpg,0,56,56,359,393.405286812078,,,,,,,,,,,,,,,,,,,,,,,393.37615286760774,,393.376179951978,393.3761862241481,393.405286812078,394.3886222266301,394.40528994816304,395.388655298073,395.388655298073,395.655299498967,395.6221830116556,395.6221907093186,395.655299498967,395.655299498967,395.655299498967,395.655299498967,395.655299498967,395.655299498967,0.029166873364374624,397.52237625151065,[0.0],[-62.0],[1],[0],[0],[1.8667052690234414],397.52287403372793,397.52598987671627,None,,,,,,,,,,,,,ED21,001,2024-01-26_15h39.29.116,rating,2023.2.3,60.00646673427793,2024-01-26 15h39.42.737657 +0800,
neu_190.jpg,0,57,57,293,397.5553151223721,,,,,,,,,,,,,,,,,,,,,,,397.5262182407241,,397.5262481760801,397.52625501844886,397.5553151223721,398.53865281771505,398.5553168329643,399.5386582345891,399.5386582345891,399.80532780926114,399.77218879915745,399.7721970670191,399.80532780926114,399.80532780926114,399.80532780926114,399.80532780926114,399.80532780926114,399.80532780926114,0.029128099948138697,402.6058354558918,[-1.0],[-84.0],[1],[0],[0],[2.800133597220338],402.60633580399735,402.60951721967103,None,,,,,,,,,,,,,ED21,001,2024-01-26_15h39.29.116,rating,2023.2.3,60.00646673427793,2024-01-26 15h39.42.737657 +0800,
neu_124.jpg,0,58,58,220,402.6386810994991,,,,,,,,,,,,,,,,,,,,,,,402.6097270522678,,402.6097547068348,402.6097606939056,402.6386810994991,403.6220207905317,403.63868566107703,404.622046449409,404.622046449409,404.88870034365755,404.85563431880473,404.85564344196064,404.88870034365755,404.88870034365755,404.88870034365755,404.88870034365755,404.88870034365755,404.88870034365755,0.028994103591685416,406.78912479850624,[-3.0],[-98.0],[1],[0],[0],[1.9000270273500064],406.78960119832664,406.79264633685307,None,,,,,,,,,,,,,ED21,001,2024-01-26_15h39.29.116,rating,2023.2.3,60.00646673427793,2024-01-26 15h39.42.737657 +0800,
neu_34.jpg,0,59,59,312,406.8220747882133,,,,,,,,,,,,,,,,,,,,,,,406.7928741306623,,406.7929046362169,406.79291176368133,406.8220747882133,407.80537998231193,407.82204855913915,408.80538910546784,408.80538910546784,409.07205240797157,409.03891510846006,409.0389228061231,409.07205240797157,409.07205240797157,409.07205240797157,409.07205240797157,409.07205240797157,409.07205240797157,0.029194527931394987,411.53923898050925,[-2.0],[-30.0],[1],[0],[0],[2.4667851536596572],411.5398003397222,412.9891907703295,space,411.555408064527,411.555408064527,1.4329448009139014,None,,,,,,,,,ED21,001,2024-01-26_15h39.29.116,rating,2023.2.3,60.00646673427793,2024-01-26 15h39.42.737657 +0800,
neu_87.jpg,0,60,60,370,413.0054185846675,,,,,,,,,,,,,,,,,,,,,,,412.9895696664171,413.0054185846675,413.9889789420431,413.98898692480543,414.0220959995513,414.98880246598856,415.0220988505389,415.9888001851996,415.9888001851996,416.25546804927944,416.222303950497,416.22231164816003,416.25546804927944,416.25546804927944,416.25546804927944,416.25546804927944,416.25546804927944,416.25546804927944,0.016126461770909373,422.355941370035,[51.0],[18.0],[1],[0],[0],[6.099982666002688],422.35645283698796,422.3595299065619,None,,,,,414.0220959995513,,,,,,,,ED21,001,2024-01-26_15h39.29.116,rating,2023.2.3,60.00646673427793,2024-01-26 15h39.42.737657 +0800,
neu_179.jpg,0,61,61,280,422.38880982153387,,,,,,,,,,,,,,,,,,,,,,,422.359769104316,,422.3597976141791,422.35980388634925,422.38880982153387,423.372179162825,423.3888485949483,424.37221052367386,424.37221052367386,424.6388393292418,424.6056949022641,424.6057028850264,424.6388393292418,424.6388393292418,424.6388393292418,424.6388393292418,424.6388393292418,424.6388393292418,0.02908818614014308,431.2727122402539,[5.0],[13.0],[1],[0],[0],[6.633489168247252],431.2732154393452,431.2763344184186,None,,,,,,,,,,,,,ED21,001,2024-01-26_15h39.29.116,rating,2023.2.3,60.00646673427793,2024-01-26 15h39.42.737657 +0800,
neu_80.jpg,0,62,62,363,431.305546194817,,,,,,,,,,,,,,,,,,,,,,,431.27654311061997,,431.276570765187,431.27657703735713,431.305546194817,432.2889066980497,432.3055578838612,433.2889066980497,433.2889066980497,433.5556013614023,433.5224800274136,433.52248801017595,433.5556013614023,433.5556013614023,433.5556013614023,433.5556013614023,433.5556013614023,433.5556013614023,0.02908419475897972,437.5559959379134,[-2.0],[-16.0],[1],[0],[0],[4.000000285099304],437.5565096856553,437.5595787724669,None,,,,,,,,,,,,,ED21,001,2024-01-26_15h39.29.116,rating,2023.2.3,60.00646673427793,2024-01-26 15h39.42.737657 +0800,
neg_178.jpg,0,63,63,87,437.58892511542217,,,,,,,,,,,,,,,,,,,,,,,437.5597857540761,,437.5598128384463,437.55981911061644,437.58892511542217,438.5722685127366,438.58893480877487,439.57226765744053,439.57226765744053,439.8389372321126,439.8057990773068,439.8058070600673,439.8389372321126,439.8389372321126,439.8389372321126,439.8389372321126,439.8389372321126,439.8389372321126,0.029172005139116663,443.4728095729279,[-249.0],[100.0],[1],[0],[0],[3.6334905937401345],443.4732950959042,443.4764328914862,None,,,,,,,,,,,,,ED21,001,2024-01-26_15h39.29.116,rating,2023.2.3,60.00646673427793,2024-01-26 15h39.42.737657 +0800,
neu_11.jpg,0,64,64,204,443.50563525962934,,,,,,,,,,,,,,,,,,,,,,,443.4766643915791,,443.4766940418376,443.47670088420455,443.50563525962934,444.4889877801015,444.50565578673195,445.4890077370055,445.4890077370055,445.7556445253358,445.7225063705282,445.72251435329053,445.7556445253358,445.7556445253358,445.7556445253358,445.7556445253358,445.7556445253358,445.7556445253358,0.029029455821728334,448.68949822069953,[71.0],[28.0],[1],[0],[0],[2.933419205040991],448.6900267935689,448.69315232990994,None,,,,,,,,,,,,,ED21,001,2024-01-26_15h39.29.116,rating,2023.2.3,60.00646673427793,2024-01-26 15h39.42.737657 +0800,
neu_107.jpg,0,65,65,201,448.72236097022324,,,,,,,,,,,,,,,,,,,,,,,448.6933795535242,,448.6934097739795,448.69341661634644,448.72236097022324,449.7056732917881,449.7223370219381,450.70568070435183,450.70568070435183,450.97234714294063,450.9392101285266,450.93921811128894,450.97234714294063,450.97234714294063,450.97234714294063,450.97234714294063,450.97234714294063,450.97234714294063,0.028984125137867522,455.13957602411574,[-4.0],[-50.0],[1],[0],[0],[4.166835159960101],455.1400957589285,455.1432190144824,None,,,,,,,,,,,,,ED21,001,2024-01-26_15h39.29.116,rating,2023.2.3,60.00646673427793,2024-01-26 15h39.42.737657 +0800,
neu_3.jpg,0,66,66,307,455.1723854601969,,,,,,,,,,,,,,,,,,,,,,,455.14345365065856,,455.14348301581776,455.143490143284,455.1723854601969,456.1557436826406,456.17238032842215,457.15572885751135,457.15572885751135,457.4223975768891,457.38931644180775,457.3893244245701,457.4223975768891,457.4223975768891,457.4223975768891,457.4223975768891,457.4223975768891,457.4223975768891,0.0289616023455892,460.7562549215145,[-1.0],[8.0],[1],[0],[0],[3.3334530747597455],460.7567692394532,460.75994723394433,None,,,,,,,,,,,,,ED21,001,2024-01-26_15h39.29.116,rating,2023.2.3,60.00646673427793,2024-01-26 15h39.42.737657 +0800,
neg_17.jpg,0,67,67,78,460.7890840294003,,,,,,,,,,,,,,,,,,,,,,,460.76015906223074,,460.760186146601,460.7601924187711,460.7890840294003,461.7724197290536,461.7890874505847,462.77245166009925,462.77245166009925,463.039102703362,463.00599134782533,463.00599933058766,463.039102703362,463.039102703362,463.039102703362,463.039102703362,463.039102703362,463.039102703362,0.028965878824237734,464.8396585316623,[-155.0],[-40.0],[1],[0],[0],[1.8001159211053164],464.8401500417094,464.843241366214,None,,,,,,,,,,,,,ED21,001,2024-01-26_15h39.29.116,rating,2023.2.3,60.00646673427793,2024-01-26 15h39.42.737657 +0800,
neu_97.jpg,0,68,68,381,464.87249476701436,,,,,,,,,,,,,,,,,,,,,,,464.84344920311923,,464.8435039420583,464.84350992912914,464.87249476701436,465.8557885571663,465.8724485810344,466.8557874167727,466.8557874167727,467.1224578467409,467.08932225782155,467.08933024058206,467.1224578467409,467.1224578467409,467.1224578467409,467.1224578467409,467.1224578467409,467.1224578467409,0.029009498915911536,469.95643265200306,[-2.0],[-72.0],[1],[0],[0],[2.8335058180073247],469.95698061158146,469.96017058021425,None,,,,,,,,,,,,,ED21,001,2024-01-26_15h39.29.116,rating,2023.2.3,60.00646673427793,2024-01-26 15h39.42.737657 +0800,
neg_7.jpg,0,69,69,159,469.98914658004105,,,,,,,,,,,,,,,,,,,,,,,469.9603772767259,,469.96040407599685,469.960410348167,469.98914658004105,470.97247714791774,470.9891405929702,471.9724911177509,471.9724911177509,472.2391695304814,472.2060516176771,472.2060593153401,472.2391695304814,472.2391695304814,472.2391695304814,472.2391695304814,472.2391695304814,472.2391695304814,0.028811925561967655,474.1730756839934,[-95.0],[-17.0],[1],[0],[0],[1.9334482851027133],474.17357289601387,474.17678481724215,None,,,,,,,,,,,,,ED21,001,2024-01-26_15h39.29.116,rating,2023.2.3,60.00646673427793,2024-01-26 15h39.42.737657 +0800,
neg_162.jpg,0,70,70,70,474.20587257573425,,,,,,,,,,,,,,,,,,,,,,,474.1770240149981,,474.1770516695651,474.17705794173526,474.20587257573425,475.1891746337478,475.2058460615608,476.1891943055525,476.1891943055525,476.45585561236476,476.42272772110846,476.4227357038708,476.45585561236476,476.45585561236476,476.45585561236476,476.45585561236476,476.45585561236476,476.45585561236476,0.028851554272478097,480.3229762700994,[-357.0],[262.0],[1],[0],[0],[3.866674193272047],480.3235017068855,480.32660472043426,None,,,,,,,,,,,,,ED21,001,2024-01-26_15h39.29.116,rating,2023.2.3,60.00646673427793,2024-01-26 15h39.42.737657 +0800,
neg_155.jpg,0,71,71,62,480.35588492050556,,,,,,,,,,,,,,,,,,,,,,,480.3268330844421,,480.3268624496013,480.32686929196825,480.35588492050556,481.3392425727525,481.3558883416881,482.3392497002187,482.3392497002187,482.6058978924939,482.5727956601131,482.57280364287544,482.6058978924939,482.6058978924939,482.6058978924939,482.6058978924939,482.6058978924939,482.6058978924939,0.02908305436540104,487.4398393412157,[-284.0],[249.0],[1],[0],[0],[4.833534327870439],487.44033883402517,487.4435661505795,None,,,,,,,,,,,,,ED21,001,2024-01-26_15h39.29.116,rating,2023.2.3,60.00646673427793,2024-01-26 15h39.42.737657 +0800,
neg_175.jpg,0,72,72,84,487.47260002543044,,,,,,,,,,,,,,,,,,,,,,,487.4437979357717,,487.443828156227,487.44383499859396,487.47260002543044,488.45593800587085,488.47260658269806,489.45593658037797,489.45593658037797,489.72261413781234,489.68947455751186,489.68949622500804,489.72261413781234,489.72261413781234,489.72261413781234,489.72261413781234,489.72261413781234,489.72261413781234,0.02883387815563765,491.48980430259326,[-264.0],[255.0],[1],[0],[0],[1.766722603018934],491.4903089271793,491.49341194072804,None,,,,,,,,,,,,,ED21,001,2024-01-26_15h39.29.116,rating,2023.2.3,60.00646673427793,2024-01-26 15h39.42.737657 +0800,
neg_29.jpg,0,73,73,114,491.5226328402823,,,,,,,,,,,,,,,,,,,,,,,491.4936471471028,,491.4936796483471,491.493686490714,491.5226328402823,492.50598821174026,492.52267161369673,493.50597994388045,493.50597994388045,493.7726423910881,493.7395042362805,493.739512219041,493.7726423910881,493.7726423910881,493.7726423910881,493.7726423910881,493.7726423910881,493.7726423910881,0.029071935518004466,494.5732213123774,[-239.0],[256.0],[1],[0],[0],[0.8000854155507113],494.5737518809383,494.57681355518434,None,,,,,,,,,,,,,ED21,001,2024-01-26_15h39.29.116,rating,2023.2.3,60.00646673427793,2024-01-26 15h39.42.737657 +0800,
neg_58.jpg,0,74,74,146,494.605997962115,,,,,,,,,,,,,,,,,,,,,,,494.5770404936993,,494.5770701439578,494.57707698632476,494.605997962115,495.58932083232685,495.6059868432676,496.58932938528596,496.58932938528596,496.85599781956444,496.82290128915884,496.82290927191934,496.85599781956444,496.85599781956444,496.85599781956444,496.85599781956444,496.85599781956444,496.85599781956444,0.0289752870794473,501.6899355620062,[-254.0],[269.0],[1],[0],[0],[4.833508668994909],501.6904638497781,501.6935605911567,None,,,,,,,,,,,,,ED21,001,2024-01-26_15h39.29.116,rating,2023.2.3,60.00646673427793,2024-01-26 15h39.42.737657 +0800,
neg_183.jpg,0,75,75,93,501.722697671712,,,,,,,,,,,,,,,,,,,,,,,501.69377013865414,,501.6937975081237,501.6938037802938,501.722697671712,502.70607471066614,502.7227219050965,503.706040783929,503.706040783929,503.9727029460373,503.9395884544174,503.9395967222772,503.9727029460373,503.9727029460373,503.9727029460373,503.9727029460373,503.9727029460373,503.9727029460373,0.02895475997684116,508.2066662903362,[-353.0],[-100.0],[1],[0],[0],[4.233532845357331],508.2072068373491,508.21037998516294,None,,,,,,,,,,,,,ED21,001,2024-01-26_15h39.29.116,rating,2023.2.3,60.00646673427793,2024-01-26 15h39.42.737657 +0800,
neg_35.jpg,0,76,76,121,508.2394087282373,,,,,,,,,,,,,,,,,,,,,,,508.21059352404154,,508.21062089350926,508.2106271656794,508.2394087282373,509.22275355104466,509.23941300471597,510.2227723675551,510.2227723675551,510.4894242661121,510.4562863964038,510.4562946642636,510.4894242661121,510.4894242661121,510.4894242661121,510.4894242661121,510.4894242661121,510.4894242661121,0.028849558580986923,517.0233435911814,[0.0],[-112.0],[1],[0],[0],[6.533500800271213],517.023884708391,517.0271051825785,None,,,,,,,,,,,,,ED21,001,2024-01-26_15h39.29.116,rating,2023.2.3,60.00646673427793,2024-01-26 15h39.42.737657 +0800,
neu_95.jpg,0,77,77,379,517.0561416233159,,,,,,,,,,,,,,,,,,,,,,,517.0273401038557,,517.0273697541124,517.0273765964812,517.0561416233159,518.0394736166872,518.0561592994327,519.0394813143503,519.0394813143503,519.3061605823768,519.2730133044115,519.2730212871738,519.3061605823768,519.3061605823768,519.3061605823768,519.3061605823768,519.3061605823768,519.3061605823768,0.028839295031502843,523.2733417380405,[65.0],[-84.0],[1],[0],[0],[3.966737542188639],523.2738523496973,523.2769459549909,None,,,,,,,,,,,,,ED21,001,2024-01-26_15h39.29.116,rating,2023.2.3,60.00646673427793,2024-01-26 15h39.42.737657 +0800,
neu_101.jpg,0,78,78,195,523.3061813945769,,,,,,,,,,,,,,,,,,,,,,,523.2771848676475,,523.2772153732021,523.277222215569,523.3061813945769,524.2895173793277,524.3061833902666,525.2895302087654,525.2895302087654,525.556194936762,525.523104108328,525.5231123761878,525.556194936762,525.556194936762,525.556194936762,525.556194936762,525.556194936762,525.556194936762,0.02902574953805015,528.12333538034,[-132.0],[36.0],[1],[0],[0],[2.56673104193942],528.123846847293,528.126972383634,None,,,,,,,,,,,,,ED21,001,2024-01-26_15h39.29.116,rating,2023.2.3,60.00646673427793,2024-01-26 15h39.42.737657 +0800,
neg_125.jpg,0,79,79,29,528.1562309162091,,,,,,,,,,,,,,,,,,,,,,,528.1272013178386,,528.1272312531964,528.1272380955634,528.1562309162091,529.1395757390183,529.1562183718688,530.1395874280624,530.1395874280624,530.406229633265,530.3730889125709,530.3730968953314,530.406229633265,530.406229633265,530.406229633265,530.406229633265,530.406229633265,530.406229633265,0.029046846837445628,533.1401296856675,[-211.0],[131.0],[1],[0],[0],[2.7334726895460335],533.1407007382331,533.1438157259254,None,,,,,,,,,,,,,ED21,001,2024-01-26_15h39.29.116,rating,2023.2.3,60.00646673427793,2024-01-26 15h39.42.737657 +0800,
neu_63.jpg,0,80,80,344,533.1729128926727,,,,,,,,,,,,,,,,,,,,,,,533.1440475111158,,533.1440768762768,533.1440837186437,533.1729128926727,534.1562719704125,534.1729188797435,535.1562585707761,535.1562585707761,535.4229287156468,535.3898056710677,535.3898136538282,535.4229287156468,535.4229287156468,535.4229287156468,535.4229287156468,535.4229287156468,535.4229287156468,0.0288997359421046,538.4567414138255,[-1.0],[24.0],[1],[0],[0],[3.0333916074941953],538.4572890883046,538.4603479115667,None,,,,,,,,,,,,,ED21,001,2024-01-26_15h39.29.116,rating,2023.2.3,60.00646673427793,2024-01-26 15h39.42.737657 +0800,
neg_71.jpg,0,81,81,161,538.4896192735796,,,,,,,,,,,,,,,,,,,,,,,538.4605831179397,,538.4606099172124,538.4606161893826,538.4896192735796,539.4729886148707,539.4896412261751,540.4729860489824,540.4729860489824,540.7396804272375,540.7064935205617,540.706501503324,540.7396804272375,540.7396804272375,540.7396804272375,540.7396804272375,540.7396804272375,540.7396804272375,0.029116981102561112,548.9401777532967,[-193.0],[38.0],[1],[0],[0],[8.20002776860747],548.9406934967283,548.9437657196249,None,,,,,,,,,,,,,ED21,001,2024-01-26_15h39.29.116,rating,2023.2.3,60.00646673427793,2024-01-26 15h39.42.737657 +0800,
neg_74.jpg,0,82,82,164,548.9730245372975,,,,,,,,,,,,,,,,,,,,,,,548.9439952240264,,548.9440248742849,548.9440320017511,548.9730245372975,549.9563881766171,549.9730330902566,550.9563733514879,550.9563733514879,551.2231424255842,551.1898999246769,551.1899076223399,551.2231424255842,551.2231424255842,551.2231424255842,551.2231424255842,551.2231424255842,551.2231424255842,0.029166873362555634,553.3236525240627,[-227.0],[84.0],[1],[0],[0],[2.1000556512535695],553.3242255723198,553.3273157564308,None,,,,,,,,,,,,,ED21,001,2024-01-26_15h39.29.116,rating,2023.2.3,60.00646673427793,2024-01-26 15h39.42.737657 +0800,
neu_32.jpg,0,83,83,310,553.3563858388079,,,,,,,,,,,,,,,,,,,,,,,553.3275449757348,,553.3275751961901,553.327582038557,553.3563858388079,554.3397246745444,554.3563909705827,555.3397318020106,555.3397318020106,555.6063289616304,555.5733051313764,555.5733128290394,555.6063289616304,555.6063289616304,555.6063289616304,555.6063289616304,555.6063289616304,555.6063289616304,0.02880308750354743,560.4069554943908,[-2.0],[-64.0],[1],[0],[0],[4.800188336157589],560.4075051645614,560.410549732891,None,,,,,,,,,,,,,ED21,001,2024-01-26_15h39.29.116,rating,2023.2.3,60.00646673427793,2024-01-26 15h39.42.737657 +0800,
neu_43.jpg,0,84,84,322,560.4398091207604,,,,,,,,,,,,,,,,,,,,,,,560.4107798074892,,560.4108103130438,560.4108171554108,560.4398091207604,561.4231063320967,561.4398279372708,562.4231128893662,562.4231128893662,562.7064504706686,562.6566867889269,562.6566947716892,562.7064504706686,562.7064504706686,562.7064504706686,562.7064504706686,562.7064504706686,562.7064504706686,0.045688054195125005,569.4069774469863,[-3.0],[-4.0],[1],[0],[0],[6.700035466270492],569.4075014582795,569.4106592107655,None,,,,,,,,,,,,,ED21,001,2024-01-26_15h39.29.116,rating,2023.2.3,60.00646673427793,2024-01-26 15h39.42.737657 +0800,
neu_161.jpg,0,85,85,261,569.439849604767,,,,,,,,,,,,,,,,,,,,,,,569.4108909959577,,569.4109215015105,569.4109283438793,569.439849604767,570.4231758961632,570.4398276521715,571.4231758961632,571.4231758961632,571.7065157582565,571.6567061756341,571.6567141583964,571.7065157582565,571.7065157582565,571.7065157582565,571.7065157582565,571.7065157582565,571.7065157582565,0.04564272351308318,575.3403986477188,[-2.0],[-4.0],[1],[0],[0],[3.633420744574323],575.3409782532453,575.3440584589043,None,,,,,,,,,,,,,ED21,001,2024-01-26_15h39.29.116,rating,2023.2.3,60.00646673427793,2024-01-26 15h39.42.737657 +0800,
neu_167.jpg,0,86,86,267,575.3732052328141,,,,,,,,,,,,,,,,,,,,,,,575.3442910993908,,575.3443216049454,575.3443287324117,575.3732052328141,576.3565492003254,576.3732095092928,577.3565668764422,577.3565668764422,577.6399115852109,577.5901088449555,577.5901171128171,577.6399115852109,577.6399115852109,577.6399115852109,577.6399115852109,577.6399115852109,577.6399115852109,0.045638732131919824,578.1070189003276,[-2.0],[-4.0],[1],[0],[0],[0.4666269239169196],578.1075996462496,578.1108298137897,None,,,,,,,,,,,,,ED21,001,2024-01-26_15h39.29.116,rating,2023.2.3,60.00646673427793,2024-01-26 15h39.42.737657 +0800,
neu_54.jpg,0,87,87,334,578.1398927687005,,,,,,,,,,,,,,,,,,,,,,,578.1110601734872,,578.1110895386464,578.1110963810133,578.1398927687005,579.123241582889,579.1398998961668,580.1232581186105,580.1232581186105,580.4065831555745,580.3567730027553,580.3567807004183,580.4065831555745,580.4065831555745,580.4065831555745,580.4065831555745,580.4065831555745,580.4065831555745,0.04554008800369047,585.9903559684535,[-5.0],[39.0],[1],[0],[0],[5.583321501739192],585.9909136213846,585.9941098621875,None,,,,,,,,,,,,,ED21,001,2024-01-26_15h39.29.116,rating,2023.2.3,60.00646673427793,2024-01-26 15h39.42.737657 +0800,
neg_9.jpg,0,88,88,181,586.0232765930014,,,,,,,,,,,,,,,,,,,,,,,585.9943390814915,,585.9943684466507,585.9943752890176,586.0232765930014,587.0066177095287,587.0232811545811,588.0066422280106,588.0066422280106,588.2899829453982,588.2401810604406,588.2401890432029,588.2899829453982,588.2899829453982,588.2899829453982,588.2899829453982,588.2899829453982,588.2899829453982,0.04566154002168332,590.4238550011141,[-76.0],[-13.0],[1],[0],[0],[2.1333725629065157],590.4243892759569,590.4275376201895,None,,,,,,,,,,,,,ED21,001,2024-01-26_15h39.29.116,rating,2023.2.3,60.00646673427793,2024-01-26 15h39.42.737657 +0800,
neg_117.jpg,0,89,89,20,590.4566413442044,,,,,,,,,,,,,,,,,,,,,,,590.4277716861689,,590.4278019066242,590.4278084638936,590.4566413442044,591.4399918689869,591.4566453355856,592.4399987113538,592.4399987113538,592.7233251738089,592.6735161613851,592.6735244292468,592.7233251738089,592.7233251738089,592.7233251738089,592.7233251738089,592.7233251738089,592.7233251738089,0.04557344454588019,594.4905849026582,[-149.0],[-15.0],[1],[0],[0],[1.7667921670854412],594.4911482575626,604.0737801057021,space,594.5066667464944,594.5066667464944,9.550610424688784,None,,,,,,,,,ED21,001,2024-01-26_15h39.29.116,rating,2023.2.3,60.00646673427793,2024-01-26 15h39.42.737657 +0800,
neu_178.jpg,0,90,90,279,604.0900683609507,,,,,,,,,,,,,,,,,,,,,,,604.0741661292541,604.0900683609507,605.0736002084632,605.0736073359294,605.106750052315,606.0734137539548,606.106773145304,607.0734194559282,607.0734194559282,607.35677813453,607.3069691221062,607.3069771048686,607.35677813453,607.35677813453,607.35677813453,607.35677813453,607.35677813453,607.35677813453,0.032820127278682776,609.0573498713347,[0.0],[-11.0],[1],[0],[0],[1.7001110174078349],609.0579080944626,609.06104703044,None,,,,,605.106750052315,,,,,,,,ED21,001,2024-01-26_15h39.29.116,rating,2023.2.3,60.00646673427793,2024-01-26 15h39.42.737657 +0800,
neu_65.jpg,0,91,91,346,609.0900997217996,,,,,,,,,,,,,,,,,,,,,,,609.0612788156304,,609.061309321185,609.0613158784545,609.0900997217996,610.0734416936211,610.0901071343651,611.0734453999048,611.0734453999048,611.3567872576859,611.3069765346718,611.3069845174323,611.3567872576859,611.3567872576859,611.3567872576859,611.3567872576859,611.3567872576859,611.3567872576859,0.04552583307304303,612.557370113338,[0.0],[-11.0],[1],[0],[0],[1.200129833918254],612.5579252003809,612.5611439639761,None,,,,,,,,,,,,,ED21,001,2024-01-26_15h39.29.116,rating,2023.2.3,60.00646673427793,2024-01-26 15h39.42.737657 +0800,
neg_131.jpg,0,92,92,36,612.590130797551,,,,,,,,,,,,,,,,,,,,,,,612.5613726130814,,612.5614025484392,612.5614093908061,612.590130797551,613.5734650717095,613.5901861066868,614.573471628979,614.573471628979,614.8568094953807,614.8069999127583,614.8070076104214,614.8568094953807,614.8568094953807,614.8568094953807,614.8568094953807,614.8568094953807,614.8568094953807,0.04545256272285769,619.657464538006,[-195.0],[75.0],[1],[0],[0],[4.800193182836665],619.6580438584333,619.6612609114363,None,,,,,,,,,,,,,ED21,001,2024-01-26_15h39.29.116,rating,2023.2.3,60.00646673427793,2024-01-26 15h39.42.737657 +0800,
neg_166.jpg,0,93,93,74,619.6902009888345,,,,,,,,,,,,,,,,,,,,,,,619.6614926966267,,619.6615232021813,619.6615300445483,619.6902009888345,620.6735127402026,620.690185308411,621.6735195825695,621.6735195825695,621.9568565936752,621.9070732401287,621.9070815079886,621.9568565936752,621.9568565936752,621.9568565936752,621.9568565936752,621.9568565936752,621.9568565936752,0.04538584964211623,626.8074329775864,[-258.0],[1.0],[1],[0],[0],[4.850017020387895],626.8080074513364,626.8111498084982,None,,,,,,,,,,,,,ED21,001,2024-01-26_15h39.29.116,rating,2023.2.3,60.00646673427793,2024-01-26 15h39.42.737657 +0800,
neg_55.jpg,0,94,94,143,626.8402318650169,,,,,,,,,,,,,,,,,,,,,,,626.8113798830982,,626.811410388651,626.8114172310179,626.8402318650169,627.8235786835157,627.8402791913904,628.8235846705884,628.8235846705884,629.1069037204797,629.0571015504229,629.0571098182827,629.1069037204797,629.1069037204797,629.1069037204797,629.1069037204797,629.1069037204797,629.1069037204797,0.04554407938485383,631.3574409888588,[-310.0],[58.0],[1],[0],[0],[2.2500443328390247],631.3580377003018,631.3611846190415,None,,,,,,,,,,,,,ED21,001,2024-01-26_15h39.29.116,rating,2023.2.3,60.00646673427793,2024-01-26 15h39.42.737657 +0800,
neg_95.jpg,0,95,95,187,631.3902552716154,,,,,,,,,,,,,,,,,,,,,,,631.3614235316982,,631.361453467056,631.3614603094229,631.3902552716154,632.3735952477473,632.3902606884894,633.3736046560025,633.3736046560025,633.6569539263492,633.6071309440922,633.6071397821488,633.6569539263492,633.6569539263492,633.6569539263492,633.6569539263492,633.6569539263492,633.6569539263492,0.04554864096280653,634.307478878467,[-308.0],[-69.0],[1],[0],[0],[0.6500459864091681],634.3080487906391,634.3112034070418,None,,,,,,,,,,,,,ED21,001,2024-01-26_15h39.29.116,rating,2023.2.3,60.00646673427793,2024-01-26 15h39.42.737657 +0800,
neu_41.jpg,0,96,96,320,634.3402783360943,,,,,,,,,,,,,,,,,,,,,,,634.3114354773315,,634.3114654126875,634.3114725401538,634.3402783360943,635.3236171718327,635.340284323167,636.3236257247918,636.3236257247918,636.6069889649716,636.5571847992251,636.5571924968881,636.6069889649716,636.6069889649716,636.6069889649716,636.6069889649716,636.6069889649716,636.6069889649716,0.04557144885438902,638.9241962641809,[-7.0],[-90.0],[1],[0],[0],[2.3167226315290463],638.9247687422412,638.9278962742737,None,,,,,,,,,,,,,ED21,001,2024-01-26_15h39.29.116,rating,2023.2.3,60.00646673427793,2024-01-26 15h39.42.737657 +0800,
neu_189.jpg,0,97,97,291,638.9569897347374,,,,,,,,,,,,,,,,,,,,,,,638.9281269190687,,638.928157139524,638.9281642669903,638.9569897347374,639.9403157410361,639.9569846029626,640.9403188771212,640.9403188771212,641.2236550329308,641.1738887853026,641.1738967680649,641.2236550329308,641.2236550329308,641.2236550329308,641.2236550329308,641.2236550329308,641.2236550329308,0.045543224088760326,643.4242903467311,[-3.0],[-86.0],[1],[0],[0],[2.200136961384487],643.4248434380843,643.4279923525137,None,,,,,,,,,,,,,ED21,001,2024-01-26_15h39.29.116,rating,2023.2.3,60.00646673427793,2024-01-26 15h39.42.737657 +0800,
neu_40.jpg,0,98,98,319,643.4570054151627,,,,,,,,,,,,,,,,,,,,,,,643.4282207165197,,643.4282506518775,643.4282574942445,643.4570054151627,644.4403525187608,644.4570105469375,645.4403938580617,645.4403938580617,645.7236955169374,645.673881372737,645.6738893554993,645.7236955169374,645.7236955169374,645.7236955169374,645.7236955169374,645.7236955169374,645.7236955169374,0.045493331826946815,650.7242460424022,[10.0],[-11.0],[1],[0],[0],[5.000041054203393],650.7248071165177,650.7279600223283,None,,,,,,,,,,,,,ED21,001,2024-01-26_15h39.29.116,rating,2023.2.3,60.00646673427793,2024-01-26 15h39.42.737657 +0800,
neu_192.jpg,0,99,99,295,650.757054338088,,,,,,,,,,,,,,,,,,,,,,,650.7281960839991,,650.7282254491583,650.7282322915253,650.757054338088,651.7403954546153,651.757059754962,652.7403997310939,652.7403997310939,653.0237715242329,652.9739665031902,652.9739742008533,653.0237715242329,653.0237715242329,653.0237715242329,653.0237715242329,653.0237715242329,653.0237715242329,0.04559454184345668,656.8743165472952,[-2.0],[59.0],[1],[0],[0],[3.85006577225613],656.8748935869335,656.8780048683439,None,,,,,,,,,,,,,ED21,001,2024-01-26_15h39.29.116,rating,2023.2.3,60.00646673427793,2024-01-26 15h39.42.737657 +0800,
neg_152.jpg,0,100,100,59,656.9071046009776,,,,,,,,,,,,,,,,,,,,,,,656.8782352280414,,656.8782648782999,656.8782717206668,656.9071046009776,657.8904365943472,657.9071020350912,658.8904420112212,658.8904420112212,659.1737832988074,659.1239757118765,659.1239836946388,659.1737832988074,659.1737832988074,659.1737832988074,659.1737832988074,659.1737832988074,659.1737832988074,0.045566031980342814,661.2242902326907,[-343.0],[306.0],[1],[0],[0],[2.050025117190671],661.2248752550913,661.2280073487018,None,,,,,,,,,,,,,ED21,001,2024-01-26_15h39.29.116,rating,2023.2.3,60.00646673427793,2024-01-26 15h39.42.737657 +0800,
neg_60.jpg,0,101,101,149,661.25713131472,,,,,,,,,,,,,,,,,,,,,,,661.228239704089,,661.2282693543475,661.2282761967144,661.25713131472,662.2404684398662,662.2571532673155,663.2404738567402,663.2404738567402,663.5238131486349,663.4740007150267,663.4740081275904,663.5238131486349,663.5238131486349,663.5238131486349,663.5238131486349,663.5238131486349,663.5238131486349,0.04559539713955019,666.3244336943244,[-319.0],[310.0],[1],[0],[0],[2.8001093638358725],666.3250560646466,666.3281277173464,None,,,,,,,,,,,,,ED21,001,2024-01-26_15h39.29.116,rating,2023.2.3,60.00646673427793,2024-01-26 15h39.42.737657 +0800,
neu_18.jpg,0,102,102,281,666.3572171864289,,,,,,,,,,,,,,,,,,,,,,,666.3283361244485,,666.3283632088187,666.3283691958895,666.3572171864289,667.3405067001022,667.3571809789028,668.3405069852015,668.3405069852015,668.6238391496299,668.5740928589057,668.5741005565687,668.6238391496299,668.6238391496299,668.6238391496299,668.6238391496299,668.6238391496299,668.6238391496299,0.04552497777694953,674.2244239439515,[6.0],[50.0],[1],[0],[0],[5.600047383391939],674.2249847329676,674.2280777680644,None,,,,,,,,,,,,,ED21,001,2024-01-26_15h39.29.116,rating,2023.2.3,60.00646673427793,2024-01-26 15h39.42.737657 +0800,
neu_133.jpg,0,103,103,230,674.2572387969067,,,,,,,,,,,,,,,,,,,,,,,674.2283101234534,,674.2283397737101,674.2283466160789,674.2572387969067,675.2405801985296,675.2572339502294,676.24057820284,676.24057820284,676.5239026696054,676.4740930869848,676.4741007846478,676.5239026696054,676.5239026696054,676.5239026696054,676.5239026696054,676.5239026696054,676.5239026696054,0.045613643453179975,677.4745307133908,[26.0],[59.0],[1],[0],[0],[0.9501336827506748],677.4750960639849,677.4782666459105,None,,,,,,,,,,,,,ED21,001,2024-01-26_15h39.29.116,rating,2023.2.3,60.00646673427793,2024-01-26 15h39.42.737657 +0800,
neg_127.jpg,0,104,104,31,677.5072437861327,,,,,,,,,,,,,,,,,,,,,,,677.4785044181735,,677.4785320727406,677.4785380598114,677.5072437861327,678.4905894642361,678.5072435010334,679.4905928854205,679.4905928854205,679.7739196329749,679.7241146119322,679.724122024496,679.7739196329749,679.7739196329749,679.7739196329749,679.7739196329749,679.7739196329749,679.7739196329749,0.04543688229932741,681.374631011091,[-325.0],[171.0],[1],[0],[0],[1.6001560059739859],681.3751937957968,681.3782685845817,None,,,,,,,,,,,,,ED21,001,2024-01-26_15h39.29.116,rating,2023.2.3,60.00646673427793,2024-01-26 15h39.42.737657 +0800,
neu_42.jpg,0,105,105,321,681.407268817793,,,,,,,,,,,,,,,,,,,,,,,681.3785146247046,,681.3785419941723,681.378547981245,681.407268817793,682.3905962495828,682.4072973276561,683.3906130704036,683.3906130704036,683.6739831529503,683.6241647322713,683.6241724299343,683.6739831529503,683.6739831529503,683.6739831529503,683.6739831529503,683.6739831529503,683.6739831529503,0.04549190633406397,687.0745182260707,[-9.0],[-1.0],[1],[0],[0],[3.4000335846194503],687.0751072398507,687.0782136745838,None,,,,,,,,,,,,,ED21,001,2024-01-26_15h39.29.116,rating,2023.2.3,60.00646673427793,2024-01-26 15h39.42.737657 +0800,
neg_63.jpg,0,106,106,152,687.1073059946539,,,,,,,,,,,,,,,,,,,,,,,687.0784531574373,,687.0784830927951,687.0784896500627,687.1073059946539,688.0906428347007,688.1073091307389,689.0906542386456,689.0906542386456,689.3739864030758,689.3241805267353,689.3241882244001,689.3739864030758,689.3739864030758,689.3739864030758,689.3739864030758,689.3739864030758,689.3739864030758,0.04555092175178288,692.1745299721333,[-330.0],[118.0],[1],[0],[0],[2.800042650755131],692.1751201263087,692.1781863621345,None,,,,,,,,,,,,,ED21,001,2024-01-26_15h39.29.116,rating,2023.2.3,60.00646673427793,2024-01-26 15h39.42.737657 +0800,
neu_79.jpg,0,107,107,361,692.2073756157406,,,,,,,,,,,,,,,,,,,,,,,692.1784227089047,,692.1784534995568,692.1784600568244,692.2073756157406,693.1906830906282,693.2073816028133,694.1906848012204,694.1906848012204,694.4740622963327,694.4242609815719,694.4242689643324,694.4740622963327,694.4740622963327,694.4740622963327,694.4740622963327,694.4740622963327,694.4740622963327,0.04566496120605734,696.8245939197568,[-1.0],[-2.0],[1],[0],[0],[2.350023292558035],696.825186354723,696.8282514501534,None,,,,,,,,,,,,,ED21,001,2024-01-26_15h39.29.116,rating,2023.2.3,60.00646673427793,2024-01-26 15h39.42.737657 +0800,
neg_105.jpg,0,108,108,7,696.8573873903151,,,,,,,,,,,,,,,,,,,,,,,696.8284855161328,,696.8285154514906,696.8285222938575,696.8573873903151,697.8407108307256,697.8573751310741,698.8407168177964,698.8407168177964,699.124052973606,699.0743223633071,699.074330631167,699.124052973606,699.124052973606,699.124052973606,699.124052973606,699.124052973606,699.124052973606,0.04558541868755128,708.4247810014822,[-48.0],[76.0],[1],[0],[0],[9.300156120012616],708.4253586113173,708.4285431630778,None,,,,,,,,,,,,,ED21,001,2024-01-26_15h39.29.116,rating,2023.2.3,60.00646673427793,2024-01-26 15h39.42.737657 +0800,
neu_156.jpg,0,109,109,255,708.4574430415687,,,,,,,,,,,,,,,,,,,,,,,708.4287806502416,,708.4288088750054,708.4288151471756,708.4574430415687,709.4407898600675,709.4574564412051,710.4407964173352,710.4407964173352,710.7241334284408,710.6743341093716,710.6743420921321,710.7241334284408,710.7241334284408,710.7241334284408,710.7241334284408,710.7241334284408,710.7241334284408,0.0453741605997493,712.4247068758377,[-1.0],[-23.0],[1],[0],[0],[1.700065401626489],712.4256525480105,712.4287937647787,None,,,,,,,,,,,,,ED21,001,2024-01-26_15h39.29.116,rating,2023.2.3,60.00646673427793,2024-01-26 15h39.42.737657 +0800,
neg_14.jpg,0,110,110,45,712.4574752577137,,,,,,,,,,,,,,,,,,,,,,,712.4290229840808,,712.4290526343393,712.4290594767062,712.4574752577137,713.4408206507196,713.4574835255753,714.4408377566378,714.4408377566378,714.7241847461955,714.6743617639386,714.6743694616016,714.7241847461955,714.7241847461955,714.7241847461955,714.7241847461955,714.7241847461955,714.7241847461955,0.04518171902054746,717.4748192332099,[-244.0],[31.0],[1],[0],[0],[2.7501064843399945],717.4754219317256,717.4784080548343,None,,,,,,,,,,,,,ED21,001,2024-01-26_15h39.29.116,rating,2023.2.3,60.00646673427793,2024-01-26 15h39.42.737657 +0800,
neg_133.jpg,0,111,111,38,717.5075203318083,,,,,,,,,,,,,,,,,,,,,,,717.4786190278246,,717.4786466823916,717.4786526694625,717.5075203318083,718.490853180474,718.5075180510194,719.4908651546175,719.4908651546175,719.7741933276648,719.724394293693,719.7244022764553,719.7741933276648,719.7741933276648,719.7741933276648,719.7741933276648,719.7741933276648,719.7741933276648,0.04559539713955019,726.3748915912438,[-165.0],[61.0],[1],[0],[0],[6.600183945638491],726.3754951450537,726.3786129837335,None,,,,,,,,,,,,,ED21,001,2024-01-26_15h39.29.116,rating,2023.2.3,60.00646673427793,2024-01-26 15h39.42.737657 +0800,
neu_100.jpg,0,112,112,194,726.4076003875052,,,,,,,,,,,,,,,,,,,,,,,726.3788404924453,,726.3788704278013,726.3788772701682,726.4076003875052,727.3909147047598,727.4075824262909,728.390919551437,728.390919551437,728.6742559923441,728.6245171141854,728.6245270926374,728.6742559923441,728.6742559923441,728.6742559923441,728.6742559923441,728.6742559923441,728.6742559923441,0.0454360270032339,729.774915767608,[-6.0],[-11.0],[1],[0],[0],[1.100115807066686],729.7755737752577,729.7785556218878,None,,,,,,,,,,,,,ED21,001,2024-01-26_15h39.29.116,rating,2023.2.3,60.00646673427793,2024-01-26 15h39.42.737657 +0800,
neu_15.jpg,0,113,113,248,729.8075989049921,,,,,,,,,,,,,,,,,,,,,,,729.778762603497,,729.7787894027697,729.7787953898405,729.8075989049921,730.7909454383935,730.8076031814726,731.7909944753574,731.7909944753574,732.0742833047934,732.0244748625682,732.024483130428,732.0742833047934,732.0742833047934,732.0742833047934,732.0742833047934,732.0742833047934,732.0742833047934,0.04554350918806449,735.374930934855,[-80.0],[33.0],[1],[0],[0],[3.3000335275992256],735.3755441820194,735.3786298045525,None,,,,,,,,,,,,,ED21,001,2024-01-26_15h39.29.116,rating,2023.2.3,60.00646673427793,2024-01-26 15h39.42.737657 +0800,
neu_39.jpg,0,114,114,317,735.4076388758203,,,,,,,,,,,,,,,,,,,,,,,735.3788581685603,,735.378885538028,735.3788918101982,735.4076388758203,736.3909774264594,736.4076890531815,737.3909817029398,737.3909817029398,737.674324416017,737.6245136930011,737.6245216757634,737.674324416017,737.674324416017,737.674324416017,737.674324416017,737.674324416017,737.674324416017,0.04548848515150894,741.3749220967966,[44.0],[-16.0],[1],[0],[0],[3.700072243995237],741.3755262208051,741.3786166900154,None,,,,,,,,,,,,,ED21,001,2024-01-26_15h39.29.116,rating,2023.2.3,60.00646673427793,2024-01-26 15h39.42.737657 +0800,
neu_140.jpg,0,115,115,238,741.4076782194334,,,,,,,,,,,,,,,,,,,,,,,741.378847905009,,741.3788781254643,741.3788849678313,741.4076782194334,742.3910258932283,742.4077078696901,743.3910350163842,743.3910350163842,743.6743617639386,743.6245613044739,743.6245695723337,743.6743617639386,743.6743617639386,743.6743617639386,743.6743617639386,743.6743617639386,743.6743617639386,0.04553438603215909,747.2249291387325,[52.0],[-117.0],[1],[0],[0],[3.550039942319927],747.2255714659586,747.2285527423919,None,,,,,,,,,,,,,ED21,001,2024-01-26_15h39.29.116,rating,2023.2.3,60.00646673427793,2024-01-26 15h39.42.737657 +0800,
neg_1.jpg,0,116,116,0,747.2577180477128,,,,,,,,,,,,,,,,,,,,,,,747.2287600091004,,747.2287879487667,747.2287939358375,747.2577180477128,748.2410571685487,748.2577285963616,749.2410628705202,749.2410628705202,749.524406153796,749.474592294695,749.4746005625566,749.524406153796,749.524406153796,749.524406153796,749.524406153796,749.524406153796,749.524406153796,0.045669237686524866,753.2751313021763,[-235.0],[2.0],[1],[0],[0],[3.75019172883367],753.2757399877628,753.2787586121158,None,,,,,,,,,,,,,ED21,001,2024-01-26_15h39.29.116,rating,2023.2.3,60.00646673427793,2024-01-26 15h39.42.737657 +0800,
neu_57.jpg,0,117,117,337,753.30778108302,,,,,,,,,,,,,,,,,,,,,,,753.2789869761236,,753.2790169114796,753.2790237538466,753.30778108302,754.2910979661629,754.3078078822928,755.2911073744181,755.2911073744181,755.5744452408198,755.524688401445,755.5246963842073,755.5744452408198,755.5744452408198,755.5744452408198,755.5744452408198,755.5744452408198,755.5744452408198,0.04547879179699521,758.3750367064495,[0.0],[87.0],[1],[0],[0],[2.800017276977087],758.3756536598958,758.3786047158719,None,,,,,,,,,,,,,ED21,001,2024-01-26_15h39.29.116,rating,2023.2.3,60.00646673427793,2024-01-26 15h39.42.737657 +0800,
neg_66.jpg,0,118,118,155,758.4078190581586,,,,,,,,,,,,,,,,,,,,,,,758.378835645768,,758.3788630152358,758.3788690023084,758.4078190581586,759.3911439240619,759.4078002416481,760.3911650213613,760.3911650213613,760.6744769437882,760.6246699270541,760.6246784800132,760.6744769437882,760.6744769437882,760.6744769437882,760.6744769437882,760.6744769437882,760.6744769437882,0.04566296551638516,761.8250731705648,[-329.0],[276.0],[1],[0],[0],[1.1500362930564734],761.8256909793072,761.8287540790479,None,,,,,,,,,,,,,ED21,001,2024-01-26_15h39.29.116,rating,2023.2.3,60.00646673427793,2024-01-26 15h39.42.737657 +0800,
neu_68.jpg,0,119,119,349,761.8578167488595,,,,,,,,,,,,,,,,,,,,,,,761.8290009744669,,761.8290280588371,761.8290343310073,761.8578167488595,762.8411667034434,762.8578452587226,763.8411624269647,763.8411624269647,764.1245002933665,764.0746961276182,764.0747043954798,764.1245002933665,764.1245002933665,764.1245002933665,764.1245002933665,764.1245002933665,764.1245002933665,0.04552355228406668,766.3252157198822,[-4.0],[-104.0],[1],[0],[0],[2.2001224213545356],766.3258081548465,768.7415788990511,space,766.3411778222908,766.3411778222908,2.3849550028826343,None,,,,,,,,,ED21,001,2024-01-26_15h39.29.116,rating,2023.2.3,60.00646673427793,2024-01-26 15h39.42.737657 +0800,
neg_177.jpg,0,120,120,86,768.7578660139043,,,,,,,,,,,,,,,,,,,,,,,768.7419629269134,768.7578660139043,769.7414198140123,769.7414275116753,769.774559679412,770.7412168237843,770.7745879041759,771.741244193252,771.741244193252,772.024584625542,771.974776183315,771.9747841660774,772.024584625542,772.024584625542,772.024584625542,772.024584625542,772.024584625542,772.024584625542,0.032830390831804834,772.8751453290279,[-351.0],[-28.0],[1],[0],[0],[0.8500087525280833],772.8757950688196,772.8789724931121,None,,,,,769.774559679412,,,,,,,,ED21,001,2024-01-26_15h39.29.116,rating,2023.2.3,60.00646673427793,2024-01-26 15h39.42.737657 +0800,
neu_17.jpg,0,121,121,270,772.9078977453828,,,,,,,,,,,,,,,,,,,,,,,772.8791814704127,,772.8792096951784,772.8792156822492,772.9078977453828,773.8912343003303,773.9078988857764,774.891238576809,774.891238576809,775.1746060934693,775.1247956555526,775.1248036383131,775.1746060934693,775.1746060934693,775.1746060934693,775.1746060934693,775.1746060934693,775.1746060934693,0.04544714584881149,780.1251910873598,[2.0],[73.0],[1],[0],[0],[4.950040740593977],780.1258114619905,780.1290062773005,None,,,,,,,,,,,,,ED21,001,2024-01-26_15h39.29.116,rating,2023.2.3,60.00646673427793,2024-01-26 15h39.42.737657 +0800,
neg_170.jpg,0,122,122,79,780.1579799963383,,,,,,,,,,,,,,,,,,,,,,,780.1292124036154,,780.1292397730831,780.1292460452532,780.1579799963383,781.1412863308306,781.1579819920298,782.141288326522,782.141288326522,782.4246276184167,782.3748311503332,782.3748388479962,782.4246276184167,782.4246276184167,782.4246276184167,782.4246276184167,782.4246276184167,782.4246276184167,0.0454696686429088,784.325323202067,[-153.0],[112.0],[1],[0],[0],[1.9001099910547055],784.3259432916002,784.329057138897,None,,,,,,,,,,,,,ED21,001,2024-01-26_15h39.29.116,rating,2023.2.3,60.00646673427793,2024-01-26 15h39.42.737657 +0800,
neu_142.jpg,0,123,123,240,784.3579952206055,,,,,,,,,,,,,,,,,,,,,,,784.3293664709181,,784.3293946956819,784.329400967852,784.3579952206055,785.3413123888458,785.3579786848841,786.3413126739451,786.3413126739451,786.6246542466288,786.5748703228855,786.5748780205486,786.6246542466288,786.6246542466288,786.6246542466288,786.6246542466288,786.6246542466288,786.6246542466288,0.04531058360407769,791.0753002516267,[-6.0],[0.0],[1],[0],[0],[4.450061552795887],791.0758935418871,791.0788628441769,None,,,,,,,,,,,,,ED21,001,2024-01-26_15h39.29.116,rating,2023.2.3,60.00646673427793,2024-01-26 15h39.42.737657 +0800,
neg_102.jpg,0,124,124,4,791.108057514657,,,,,,,,,,,,,,,,,,,,,,,791.0791068886101,,791.0791348282764,791.0791408153473,791.108057514657,792.091365274644,792.1080235879199,793.0913644193479,793.0913644193479,793.3747042814393,793.3248955541148,793.3249032517779,793.3747042814393,793.3747042814393,793.3747042814393,793.3747042814393,793.3747042814393,793.3747042814393,0.04562020072080486,796.1253481767071,[-291.0],[6.0],[1],[0],[0],[2.750037775569581],796.1259463136448,796.1289734909587,None,,,,,,,,,,,,,ED21,001,2024-01-26_15h39.29.116,rating,2023.2.3,60.00646673427793,2024-01-26 15h39.42.737657 +0800,
neg_27.jpg,0,125,125,112,796.1580595388587,,,,,,,,,,,,,,,,,,,,,,,796.1292038506563,,796.1292337860123,796.1292406283792,796.1580595388587,797.1413923875243,797.1580583984633,798.1413992298912,798.1413992298912,798.4247579084931,798.3749517470551,798.3749594447181,798.4247579084931,798.4247579084931,798.4247579084931,798.4247579084931,798.4247579084931,798.4247579084931,0.0455771508259204,799.3253565586074,[-312.0],[3.0],[1],[0],[0],[0.9000287379421934],799.3259652441957,799.3290491561365,None,,,,,,,,,,,,,ED21,001,2024-01-26_15h39.29.116,rating,2023.2.3,60.00646673427793,2024-01-26 15h39.42.737657 +0800,
neg_165.jpg,0,126,126,73,799.3580741929272,,,,,,,,,,,,,,,,,,,,,,,799.3292812264244,,799.3293111617822,799.3293177190499,799.3580741929272,800.3414506616846,800.3581001369039,801.3414532275729,801.3414532275729,801.6247668605902,801.5749581332639,801.5749661160262,801.6247668605902,801.6247668605902,801.6247668605902,801.6247668605902,801.6247668605902,801.6247668605902,0.04551842050750565,805.525362944818,[-368.0],[314.0],[1],[0],[0],[3.9000201849830773],805.5259893065195,805.5290227560017,None,,,,,,,,,,,,,ED21,001,2024-01-26_15h39.29.116,rating,2023.2.3,60.00646673427793,2024-01-26 15h39.42.737657 +0800,
neu_175.jpg,0,127,127,276,805.5581182121568,,,,,,,,,,,,,,,,,,,,,,,805.5292479839245,,805.5292782043798,805.5292850467467,805.5581182121568,806.5414596137816,806.5581230588341,807.5414641753596,807.5414641753596,807.8248000460717,807.7750891075775,807.7750968052405,807.8248000460717,807.8248000460717,807.8248000460717,807.8248000460717,807.8248000460717,807.8248000460717,0.0455725892479677,810.925524538723,[-7.0],[0.0],[1],[0],[0],[3.1001414659422153],810.9261509004264,810.929235382564,None,,,,,,,,,,,,,ED21,001,2024-01-26_15h39.29.116,rating,2023.2.3,60.00646673427793,2024-01-26 15h39.42.737657 +0800,
neg_2.jpg,0,128,128,104,810.9581603497354,,,,,,,,,,,,,,,,,,,,,,,810.9294426492725,,810.9294697336427,810.9294760058128,810.9581603497354,811.941494623894,811.9581600646361,812.941500040768,812.941500040768,813.224839617762,813.1750910462488,813.1750990290111,813.224839617762,813.224839617762,813.224839617762,813.224839617762,813.224839617762,813.224839617762,0.045420061478580465,814.7754554593248,[-346.0],[-60.0],[1],[0],[0],[1.5500117175542982],814.7760886633932,814.7791808431957,None,,,,,,,,,,,,,ED21,001,2024-01-26_15h39.29.116,rating,2023.2.3,60.00646673427793,2024-01-26 15h39.42.737657 +0800,
neg_129.jpg,0,129,129,33,814.808183357196,,,,,,,,,,,,,,,,,,,,,,,814.7793869695088,,814.7794146240776,814.7794208962459,814.808183357196,815.7915475667105,815.8081896293661,816.7915333117799,816.7915333117799,817.0748928456778,817.0250886799295,817.0250963775925,817.0748928456778,817.0748928456778,817.0748928456778,817.0748928456778,817.0748928456778,817.0748928456778,0.04553039465099573,818.7754928072463,[-355.0],[211.0],[1],[0],[0],[1.7000021097301214],818.7760960759588,818.7792218973991,None,,,,,,,,,,,,,ED21,001,2024-01-26_15h39.29.116,rating,2023.2.3,60.00646673427793,2024-01-26 15h39.42.737657 +0800,
neu_114.jpg,0,130,130,209,818.8082104415662,,,,,,,,,,,,,,,,,,,,,,,818.7794459849265,,818.779475635185,818.7794827626512,818.8082104415662,819.79160401624,819.8082249815961,820.791559540854,820.791559540854,821.0749116621864,821.0251080666367,821.0251157642997,821.0749116621864,821.0749116621864,821.0749116621864,821.0749116621864,821.0749116621864,821.0749116621864,0.045486489461836754,829.6755891135654,[-7.0],[-16.0],[1],[0],[0],[8.600079314441246],829.6763377825828,829.6794459279063,None,,,,,,,,,,,,,ED21,001,2024-01-26_15h39.29.116,rating,2023.2.3,60.00646673427793,2024-01-26 15h39.42.737657 +0800,
neg_61.jpg,0,131,131,150,829.7082882164741,,,,,,,,,,,,,,,,,,,,,,,829.6796768578024,,829.6797047974687,829.6797110696389,829.7082882164741,830.6916253416184,830.7082887866709,831.6916723828945,831.6916723828945,831.9749706205857,831.9251604677665,831.9251687356264,831.9749706205857,831.9749706205857,831.9749706205857,831.9749706205857,831.9749706205857,831.9749706205857,0.04531685577239841,837.9256223275552,[-220.0],[34.0],[1],[0],[0],[5.950076092825839],837.9262940199405,837.9294164201983,None,,,,,,,,,,,,,ED21,001,2024-01-26_15h39.29.116,rating,2023.2.3,60.00646673427793,2024-01-26 15h39.42.737657 +0800,
neu_102.jpg,0,132,132,196,837.9583527913146,,,,,,,,,,,,,,,,,,,,,,,837.9296442140076,,837.9296735791668,837.9296804215355,837.9583527913146,838.9416790827108,838.9583847223621,839.9416862101771,839.9416862101771,840.2250220808892,840.175235021059,840.1752427187221,840.2250220808892,840.2250220808892,840.2250220808892,840.2250220808892,840.2250220808892,840.2250220808892,0.04543488660783623,844.6756780643391,[-3.0],[66.0],[1],[0],[0],[4.450027340959423],844.6763260935386,844.6794866970122,None,,,,,,,,,,,,,ED21,001,2024-01-26_15h39.29.116,rating,2023.2.3,60.00646673427793,2024-01-26 15h39.42.737657 +0800,
neu_56.jpg,0,133,133,336,844.7083899966856,,,,,,,,,,,,,,,,,,,,,,,844.6796942488181,,844.6797213331884,844.6797276053585,844.7083899966856,845.6917487893279,845.7083919923771,846.6917587677799,846.6917587677799,846.9750755368823,846.9252645287688,846.9252725115293,846.9750755368823,846.9750755368823,846.9750755368823,846.9750755368823,846.9750755368823,846.9750755368823,0.04540495125183952,849.8257029534507,[78.0],[-31.0],[1],[0],[0],[2.8500227223612455],849.8263162006151,849.8293998274567,None,,,,,,,,,,,,,ED21,001,2024-01-26_15h39.29.116,rating,2023.2.3,60.00646673427793,2024-01-26 15h39.42.737657 +0800,
neu_2.jpg,0,134,134,296,849.8584242940524,,,,,,,,,,,,,,,,,,,,,,,849.8296527099465,,849.8296829304036,849.8296897727705,849.8584242940524,850.8417522960408,850.8584234387563,851.8417922098506,851.8417922098506,852.1251055577686,852.0753002516267,852.075308234389,852.1251055577686,852.1251055577686,852.1251055577686,852.1251055577686,852.1251055577686,852.1251055577686,0.045471094133972656,855.1259069700336,[41.0],[48.0],[1],[0],[0],[3.0001630764199945],855.1265247787778,855.1295921549972,None,,,,,,,,,,,,,ED21,001,2024-01-26_15h39.29.116,rating,2023.2.3,60.00646673427793,2024-01-26 15h39.42.737657 +0800,
neu_137.jpg,0,135,135,234,855.1584592471445,,,,,,,,,,,,,,,,,,,,,,,855.1298262209766,,855.1298535904461,855.1298598626163,855.1584592471445,856.1417972275867,856.1584638087224,857.1418072060387,857.1418072060387,857.4251573316815,857.3753520255395,857.3753600083019,857.4251573316815,857.4251573316815,857.4251573316815,857.4251573316815,857.4251573316815,857.4251573316815,0.04535391859462834,859.7757710635142,[63.0],[-53.0],[1],[0],[0],[2.3500190160775674],859.7764162417261,859.7795546075067,None,,,,,,,,,,,,,ED21,001,2024-01-26_15h39.29.116,rating,2023.2.3,60.00646673427793,2024-01-26 15h39.42.737657 +0800,
neu_113.jpg,0,136,136,208,859.8084918339191,,,,,,,,,,,,,,,,,,,,,,,859.779782401316,,859.7798123366738,859.7798191790407,859.8084918339191,860.7918309547549,860.8084952551035,861.7918588944212,861.7918588944212,862.0751719572418,862.025366080903,862.0253737785661,862.0751719572418,862.0751719572418,862.0751719572418,862.0751719572418,862.0751719572418,862.0751719572418,0.04540837243439455,863.0258045626033,[-3.0],[-77.0],[1],[0],[0],[0.9500424511879828],863.0264514514074,863.0295265252917,None,,,,,,,,,,,,,ED21,001,2024-01-26_15h39.29.116,rating,2023.2.3,60.00646673427793,2024-01-26 15h39.42.737657 +0800,
neu_33.jpg,0,137,137,311,863.0585116482744,,,,,,,,,,,,,,,,,,,,,,,863.0297588806789,,863.0297885309374,863.0297953733043,863.0585116482744,864.0418487734187,864.0585170651484,865.0418573263778,865.0418573263778,865.3251929119906,865.2753927376252,865.2754007203857,865.3251929119906,865.3251929119906,865.3251929119906,865.3251929119906,865.3251929119906,865.3251929119906,0.04545227762537252,869.9259732839764,[-56.0],[40.0],[1],[0],[0],[4.600188507216444],869.9266193174844,869.9298549019004,None,,,,,,,,,,,,,ED21,001,2024-01-26_15h39.29.116,rating,2023.2.3,60.00646673427793,2024-01-26 15h39.42.737657 +0800,
neu_131.jpg,0,138,138,228,869.958554641149,,,,,,,,,,,,,,,,,,,,,,,869.9300824106103,,869.930112916165,869.9301200436312,869.958554641149,870.941902314944,870.9585649046985,871.9419325353992,871.9419325353992,872.2252418919361,872.1754747890118,872.1754827717741,872.2252418919361,872.2252418919361,872.2252418919361,872.2252418919361,872.2252418919361,872.2252418919361,0.04517801273868827,873.925926812899,[2.0],[-8.0],[1],[0],[0],[1.7000574188641622],873.9265825397597,873.9297405773468,None,,,,,,,,,,,,,ED21,001,2024-01-26_15h39.29.116,rating,2023.2.3,60.00646673427793,2024-01-26 15h39.42.737657 +0800,
neg_5.jpg,0,139,139,137,873.9585882827869,,,,,,,,,,,,,,,,,,,,,,,873.92996751586,,873.9299977363153,873.930004578684,873.9585882827869,874.9419379522733,874.958592274168,875.9419895551255,875.9419895551255,876.2252741080829,876.1754622446715,876.1754699423345,876.2252741080829,876.2252741080829,876.2252741080829,876.2252741080829,876.2252741080829,876.2252741080829,0.045325693830818636,878.725920996887,[-199.0],[-12.0],[1],[0],[0],[2.5000310757513944],878.726586987299,878.7297912108643,None,,,,,,,,,,,,,ED21,001,2024-01-26_15h39.29.116,rating,2023.2.3,60.00646673427793,2024-01-26 15h39.42.737657 +0800,
neg_43.jpg,0,140,140,130,878.7586209550918,,,,,,,,,,,,,,,,,,,,,,,878.7300175791806,,878.7300475145385,878.7300546420029,878.7586209550918,879.7419794626348,879.7586260868666,880.7419654928017,880.7419654928017,881.0253241714036,880.9754971977654,880.9755048954285,881.0253241714036,881.0253241714036,881.0253241714036,881.0253241714036,881.0253241714036,881.0253241714036,0.04532540873151447,883.6760911722613,[-292.0],[105.0],[1],[0],[0],[2.6501129845892137],883.6767218104433,883.6798102839639,None,,,,,,,,,,,,,ED21,001,2024-01-26_15h39.29.116,rating,2023.2.3,60.00646673427793,2024-01-26 15h39.42.737657 +0800,
neu_48.jpg,0,141,141,327,883.7086539980228,,,,,,,,,,,,,,,,,,,,,,,883.6800414989575,,883.6800680131291,883.6800742852993,883.7086539980228,884.6919936890554,884.7086585596007,885.6920050930021,885.6920050930021,885.9753783116339,885.9255658780257,885.9255735756888,885.9753783116339,885.9753783116339,885.9753783116339,885.9753783116339,885.9753783116339,885.9753783116339,0.045359905667282874,903.2761448278252,[-35.0],[20.0],[1],[0],[0],[17.300155549815827],903.2768236476768,903.27999708059,None,,,,,,,,,,,,,ED21,001,2024-01-26_15h39.29.116,rating,2023.2.3,60.00646673427793,2024-01-26 15h39.42.737657 +0800,
neu_191.jpg,0,142,142,294,903.308790047091,,,,,,,,,,,,,,,,,,,,,,,903.280233142259,,903.2802630776168,903.2802702050813,903.308790047091,904.2921457036482,904.3087928980785,905.292151690719,905.292151690719,905.575488986924,905.5256654344703,905.5256737023301,905.575488986924,905.575488986924,905.575488986924,905.575488986924,905.575488986924,905.575488986924,0.0452760866664903,914.0261999944105,[61.0],[21.0],[1],[0],[0],[8.450045302173748],914.0268286369028,914.0299270888736,None,,,,,,,,,,,,,ED21,001,2024-01-26_15h39.29.116,rating,2023.2.3,60.00646673427793,2024-01-26 15h39.42.737657 +0800,
neu_125.jpg,0,143,143,221,914.0588646003853,,,,,,,,,,,,,,,,,,,,,,,914.0301620101491,,914.0301890945211,914.0301953666894,914.0588646003853,915.0422048616147,915.0588700172593,916.0422194016464,916.0422194016464,916.3255150734494,916.2757719188103,916.275779331374,916.3255150734494,916.3255150734494,916.3255150734494,916.3255150734494,916.3255150734494,916.3255150734494,0.04537786687978951,918.2761912989026,[60.0],[29.0],[1],[0],[0],[1.9500609825972788],918.2768558638218,918.2800287265381,None,,,,,,,,,,,,,ED21,001,2024-01-26_15h39.29.116,rating,2023.2.3,60.00646673427793,2024-01-26 15h39.42.737657 +0800,
neu_62.jpg,0,144,144,343,918.3088961037847,,,,,,,,,,,,,,,,,,,,,,,918.2802596564325,,918.2802907321839,918.2802975745508,918.3088961037847,919.2922329438316,919.3088963888822,920.2922366501134,920.2922366501134,920.5755032418565,920.52576978057,920.5257774782331,920.5755032418565,920.5755032418565,920.5755032418565,920.5755032418565,920.5755032418565,920.5755032418565,0.045263827427334036,922.7262251971315,[60.0],[15.0],[1],[0],[0],[2.150104716729402],922.7268809239922,922.7300611992723,None,,,,,,,,,,,,,ED21,001,2024-01-26_15h39.29.116,rating,2023.2.3,60.00646673427793,2024-01-26 15h39.42.737657 +0800,
neg_176.jpg,0,145,145,85,922.758929431815,,,,,,,,,,,,,,,,,,,,,,,922.7302656149932,,922.7302924142659,922.7302984013368,922.758929431815,923.7422714036366,923.7589462526339,924.7422691228476,924.7422691228476,925.0422730001883,924.975824490999,924.975832188662,925.0422730001883,925.0422730001883,925.0422730001883,925.0422730001883,925.0422730001883,925.0422730001883,0.062032188776356634,928.5429794746087,[-191.0],[106.0],[1],[0],[0],[3.5000159655246534],928.5436486011058,928.5467501891617,None,,,,,,,,,,,,,ED21,001,2024-01-26_15h39.29.116,rating,2023.2.3,60.00646673427793,2024-01-26 15h39.42.737657 +0800,
neu_76.jpg,0,146,146,358,928.575634387229,,,,,,,,,,,,,,,,,,,,,,,928.5469571707708,,928.5469845402404,928.5469908124105,928.575634387229,929.558968091189,929.5756360978194,930.5590191238462,930.5590191238462,930.8589836575757,930.7925032173371,930.7925109150001,930.8589836575757,930.8589836575757,930.8589836575757,930.8589836575757,930.8589836575757,930.8589836575757,0.06204957979389292,935.3097020776277,[64.0],[54.0],[1],[0],[0],[4.450092913644767],935.3103632213624,935.313496170269,None,,,,,,,,,,,,,ED21,001,2024-01-26_15h39.29.116,rating,2023.2.3,60.00646673427793,2024-01-26 15h39.42.737657 +0800,
neg_92.jpg,0,147,147,184,935.3423752365597,,,,,,,,,,,,,,,,,,,,,,,935.3137239640782,,935.3137547547321,935.3137615970991,935.3423752365597,936.3256804306584,936.3423615518259,937.3257140722963,937.3257140722963,937.6256922907614,937.5592600321925,937.5592683000523,937.6256922907614,937.6256922907614,937.6256922907614,937.6256922907614,937.6256922907614,937.6256922907614,0.06198913888329116,939.3764265622976,[-244.0],[-15.0],[1],[0],[0],[1.750069991716373],939.3770899868214,939.3802041192175,None,,,,,,,,,,,,,ED21,001,2024-01-26_15h39.29.116,rating,2023.2.3,60.00646673427793,2024-01-26 15h39.42.737657 +0800,
neu_109.jpg,0,148,148,203,939.4090412760088,,,,,,,,,,,,,,,,,,,,,,,939.3804293471403,,939.3804587122995,939.3804655546664,939.4090412760088,940.392376975662,940.4090492587711,941.3923812521407,941.3923812521407,941.6924036608943,941.6259138124005,941.6259215100636,941.6924036608943,941.6924036608943,941.6924036608943,941.6924036608943,941.6924036608943,941.6924036608943,0.06199598125022021,945.3932348374565,[28.0],[46.0],[1],[0],[0],[3.7001982575911825],945.3939042490529,945.3969895864866,None,,,,,,,,,,,,,ED21,001,2024-01-26_15h39.29.116,rating,2023.2.3,60.00646673427793,2024-01-26 15h39.42.737657 +0800,
neg_25.jpg,0,149,149,110,945.4257725745374,,,,,,,,,,,,,,,,,,,,,,,945.397195997899,,945.3972227971699,945.3972293544393,945.4257725745374,946.4090857513966,946.4257674427608,947.4091017169194,947.4091017169194,947.709094190317,947.6426824588489,947.6426907267105,947.709094190317,947.709094190317,947.709094190317,947.709094190317,947.709094190317,947.709094190317,0.06192071521036269,951.7263954010159,[-270.0],[26.0],[1],[0],[0],[4.016667151334332],951.7270659530077,953.5261991391162,space,951.7424589985385,951.7424589985385,1.7753439857588091,None,,,,,,,,,ED21,001,2024-01-26_15h39.29.116,rating,2023.2.3,60.00646673427793,2024-01-26 15h39.42.737657 +0800,
neg_6.jpg,0,150,150,148,953.5424657268668,,,,,,,,,,,,,,,,,,,,,,,953.5265352704064,953.5424657268668,954.5260295054268,954.5260369179923,954.5591901830267,955.5258125453656,955.5591531202044,956.5258185324365,956.5258185324365,956.8258318180342,956.7593513777956,956.7593596456554,956.8258318180342,956.8258318180342,956.8258318180342,956.8258318180342,956.8258318180342,956.8258318180342,0.04951550337864319,958.509748947843,[-285.0],[23.0],[1],[0],[0],[1.6832328930850053],958.5104229210174,958.5135778225176,None,,,,,954.5591901830267,,,,,,,,ED21,001,2024-01-26_15h39.29.116,rating,2023.2.3,60.00646673427793,2024-01-26 15h39.42.737657 +0800,
neg_189.jpg,0,151,151,99,958.5425079214656,,,,,,,,,,,,,,,,,,,,,,,958.5138081822151,,958.5138398281651,958.5138463854328,958.5425079214656,959.5258439062163,959.5425064959709,960.5258510336807,960.5258510336807,960.8258554812201,960.7593767515737,960.7593844492367,960.8258554812201,960.8258554812201,960.8258554812201,960.8258554812201,960.8258554812201,960.8258554812201,0.06206497511811904,962.1598174570445,[-283.0],[-10.0],[1],[0],[0],[1.3333005469903583],962.1604834474583,962.163642625439,None,,,,,,,,,,,,,ED21,001,2024-01-26_15h39.29.116,rating,2023.2.3,60.00646673427793,2024-01-26 15h39.42.737657 +0800,
neg_99.jpg,0,152,152,191,962.1925541929741,,,,,,,,,,,,,,,,,,,,,,,962.1638689937554,,962.1638992142107,962.1639060565776,962.1925541929741,963.1759121303185,963.1925541929741,964.1758736420034,964.1758736420034,964.4758800852323,964.4094657878777,964.4094734855407,964.4758800852323,964.4758800852323,964.4758800852323,964.4758800852323,964.4758800852323,964.4758800852323,0.062029907987380284,966.4766364519128,[-302.0],[-6.0],[1],[0],[0],[2.000043905189159],966.4773660193205,966.4804998235231,None,,,,,,,,,,,,,ED21,001,2024-01-26_15h39.29.116,rating,2023.2.3,60.00646673427793,2024-01-26 15h39.42.737657 +0800,
neu_180.jpg,0,153,153,282,966.5092446083563,,,,,,,,,,,,,,,,,,,,,,,966.480728187531,,966.4807584079863,966.4807652503532,966.5092446083563,967.4925614914991,967.5092275024381,968.4925594958077,968.4925594958077,968.7925764876873,968.7261028898156,968.7261108725779,968.7925764876873,968.7925764876873,968.7925764876873,968.7925764876873,968.7925764876873,968.7925764876873,0.061867401765994146,971.3932485221903,[-1.0],[-32.0],[1],[0],[0],[2.600030847672315],971.3939287675348,971.3970249387166,None,,,,,,,,,,,,,ED21,001,2024-01-26_15h39.29.116,rating,2023.2.3,60.00646673427793,2024-01-26 15h39.42.737657 +0800,
neu_160.jpg,0,154,154,260,971.4259943812758,,,,,,,,,,,,,,,,,,,,,,,971.3972590046978,,971.3972889400538,971.3972957824208,971.4259943812758,972.4092696400166,972.4259727137796,973.4092653635362,973.4092653635362,973.7092775087385,973.6428498117493,973.6428577945098,973.7092775087385,973.7092775087385,973.7092775087385,973.7092775087385,973.7092775087385,973.7092775087385,0.062037320551098674,975.5766325175518,[31.0],[39.0],[1],[0],[0],[1.8666790399474849],975.5773139032899,975.5804722259745,None,,,,,,,,,,,,,ED21,001,2024-01-26_15h39.29.116,rating,2023.2.3,60.00646673427793,2024-01-26 15h39.42.737657 +0800,
neg_53.jpg,0,155,155,141,975.609284294087,,,,,,,,,,,,,,,,,,,,,,,975.5807099982376,,975.5807416441858,975.5807496269481,975.609284294087,976.5926245553164,976.6093130890495,977.5926299721905,977.5926299721905,977.8926501001552,977.8261659536347,977.8261742214945,977.8926501001552,977.8926501001552,977.8926501001552,977.8926501001552,977.8926501001552,977.8926501001552,0.06196034391905414,983.5601974365072,[-274.0],[19.0],[1],[0],[0],[5.6668140626607055],983.5608554441569,983.5640667951884,None,,,,,,,,,,,,,ED21,001,2024-01-26_15h39.29.116,rating,2023.2.3,60.00646673427793,2024-01-26 15h39.42.737657 +0800,
neu_147.jpg,0,156,156,245,983.5926715965907,,,,,,,,,,,,,,,,,,,,,,,983.5642945889977,,983.5643239541569,983.5643305114263,983.5926715965907,984.57600815154,984.592677298564,985.5760161343005,985.5760161343005,985.8760225775295,985.8095486945604,985.8095563922234,985.8760225775295,985.8760225775295,985.8760225775295,985.8760225775295,985.8760225775295,985.8760225775295,0.06176562155269494,988.2767378329881,[-3.0],[-25.0],[1],[0],[0],[2.4000273124493106],988.2774192187262,988.2805396232925,None,,,,,,,,,,,,,ED21,001,2024-01-26_15h39.29.116,rating,2023.2.3,60.00646673427793,2024-01-26 15h39.42.737657 +0800,
neu_171.jpg,0,157,157,272,988.3093744992948,,,,,,,,,,,,,,,,,,,,,,,988.2807665618075,,988.2807964971635,988.2808033395304,988.3093744992948,989.2927110542423,989.3093767800838,990.292724738978,990.292724738978,990.5927300418116,990.5262476058833,990.5262553035463,990.5927300418116,990.5927300418116,990.5927300418116,990.5927300418116,990.5927300418116,990.5927300418116,0.0619842922060343,995.7267882669366,[14.0],[100.0],[1],[0],[0],[5.133406489643676],995.7274511212636,995.7305980400033,None,,,,,,,,,,,,,ED21,001,2024-01-26_15h39.29.116,rating,2023.2.3,60.00646673427793,2024-01-26 15h39.42.737657 +0800,
neu_1.jpg,0,158,158,192,995.7594237928497,,,,,,,,,,,,,,,,,,,,,,,995.7308235530236,,995.7308529181828,995.7308597605497,995.7594237928497,996.7427614881908,996.7594272140323,997.7427657646713,997.7427657646713,998.0427998624673,997.9763000355233,997.9763080182838,998.0427998624673,998.0427998624673,998.0427998624673,998.0427998624673,998.0427998624673,998.0427998624673,0.06199683654449473,1003.9102067592321,[5.0],[32.0],[1],[0],[0],[5.86673406398404],1003.9109012595072,1003.9140068389461,None,,,,,,,,,,,,,ED21,001,2024-01-26_15h39.29.116,rating,2023.2.3,60.00646673427793,2024-01-26 15h39.42.737657 +0800,
neg_182.jpg,0,159,159,92,1003.9428525486946,,,,,,,,,,,,,,,,,,,,,,,1003.9142360582482,,1003.9142665638028,1003.914273691269,1003.9428525486946,1004.926142917664,1004.9428163411685,1005.9261571725965,1005.9261571725965,1006.2261613350365,1006.1596888775603,1006.1596968603226,1006.2261613350365,1006.2261613350365,1006.2261613350365,1006.2261613350365,1006.2261613350365,1006.2261613350365,0.061945233692313195,1008.6935583103677,[-198.0],[-59.0],[1],[0],[0],[2.466728704130219],1008.6942451129817,1008.6972563247691,None,,,,,,,,,,,,,ED21,001,2024-01-26_15h39.29.116,rating,2023.2.3,60.00646673427793,2024-01-26 15h39.42.737657 +0800,
neg_116.jpg,0,160,160,19,1008.7261818621373,,,,,,,,,,,,,,,,,,,,,,,1008.6974881099613,,1008.6975183304166,1008.6975248876843,1008.7261818621373,1009.7095249743543,1009.7261875641107,1010.7095837046727,1010.7095837046727,1011.0095795992529,1010.9430572495166,1010.9430652322771,1011.0095795992529,1011.0095795992529,1011.0095795992529,1011.0095795992529,1011.0095795992529,1011.0095795992529,0.06211315678774554,1013.410282880568,[-245.0],[78.0],[1],[0],[0],[2.3999970919940097],1013.4109520070651,1013.4141120403419,None,,,,,,,,,,,,,ED21,001,2024-01-26_15h39.29.116,rating,2023.2.3,60.00646673427793,2024-01-26 15h39.42.737657 +0800,
neu_86.jpg,0,161,161,369,1013.4428813436571,,,,,,,,,,,,,,,,,,,,,,,1013.414343540433,,1013.4143729055941,1013.414379747961,1013.4428813436571,1014.4262181837039,1014.4428813436571,1015.4262230303812,1015.4262230303812,1015.7262291885108,1015.6597524545559,1015.6597604373183,1015.7262291885108,1015.7262291885108,1015.7262291885108,1015.7262291885108,1015.7262291885108,1015.7262291885108,0.06190503478501341,1018.7936550158247,[0.0],[-98.0],[1],[0],[0],[3.0666708861263032],1018.7943785961616,1018.7974773332317,None,,,,,,,,,,,,,ED21,001,2024-01-26_15h39.29.116,rating,2023.2.3,60.00646673427793,2024-01-26 15h39.42.737657 +0800,
neg_78.jpg,0,162,162,168,1018.8262435004635,,,,,,,,,,,,,,,,,,,,,,,1018.7977102588175,,1018.7977404792728,1018.7977470365422,1018.8262435004635,1019.8095874679748,1019.8262523385201,1020.8095866126805,1020.8095866126805,1021.1095981876842,1021.0431525294807,1021.0431605122412,1021.1095981876842,1021.1095981876842,1021.1095981876842,1021.1095981876842,1021.1095981876842,1021.1095981876842,0.06190902616617677,1022.2437467890759,[-112.0],[-44.0],[1],[0],[0],[1.1333930900073028],1022.244469799216,1022.2475921994719,None,,,,,,,,,,,,,ED21,001,2024-01-26_15h39.29.116,rating,2023.2.3,60.00646673427793,2024-01-26 15h39.42.737657 +0800,
neu_132.jpg,0,163,163,229,1022.2762548758983,,,,,,,,,,,,,,,,,,,,,,,1022.247822274072,,1022.2478527796247,1022.247859907091,1022.2762548758983,1023.2596111026523,1023.2762990661868,1024.2596156642303,1024.2596156642303,1024.559666582847,1024.4931470840966,1024.4931547817596,1024.559666582847,1024.559666582847,1024.559666582847,1024.559666582847,1024.559666582847,1024.559666582847,0.06190589008110692,1030.2270773569526,[0.0],[-27.0],[1],[0],[0],[5.66666096469271],1030.2277915290342,1030.2308894108082,None,,,,,,,,,,,,,ED21,001,2024-01-26_15h39.29.116,rating,2023.2.3,60.00646673427793,2024-01-26 15h39.42.737657 +0800,
neg_3.jpg,0,164,164,115,1030.2596649862953,,,,,,,,,,,,,,,,,,,,,,,1030.2311217661972,,1030.231151416454,1030.2311585439202,1030.2596649862953,1031.2430291958099,1031.2596638459,1032.2430272001202,1032.2430272001202,1032.5430533151539,1032.4765457905469,1032.4765537733074,1032.5430533151539,1032.5430533151539,1032.5430533151539,1032.5430533151539,1032.5430533151539,1032.5430533151539,0.06196205451124115,1033.6771058383056,[-199.0],[-37.0],[1],[0],[0],[1.1333181090667495],1033.6778508010411,1033.6809552400828,None,,,,,,,,,,,,,ED21,001,2024-01-26_15h39.29.116,rating,2023.2.3,60.00646673427793,2024-01-26 15h39.42.737657 +0800,
neu_186.jpg,0,165,165,288,1033.709675506434,,,,,,,,,,,,,,,,,,,,,,,1033.6811864550764,,1033.6812163904342,1033.6812232328011,1033.709675506434,1034.6930211845392,1034.7097122841587,1035.6930223249328,1035.6930223249328,1035.9930621247022,1035.926560587166,1035.9265688550258,1035.9930621247022,1035.9930621247022,1035.9930621247022,1035.9930621247022,1035.9930621247022,1035.9930621247022,0.061894771233710344,1039.1937906657568,[39.0],[68.0],[1],[0],[0],[3.200018075252956],1039.1944974252729,1039.197570788565,None,,,,,,,,,,,,,ED21,001,2024-01-26_15h39.29.116,rating,2023.2.3,60.00646673427793,2024-01-26 15h39.42.737657 +0800,
neg_31.jpg,0,166,166,117,1039.2264313234446,,,,,,,,,,,,,,,,,,,,,,,1039.1977774850766,,1039.1978045694468,1039.197810841617,1039.2264313234446,1040.2097442152062,1040.2264011029893,1041.2097613211226,1041.2097613211226,1041.5097555051107,1041.4432636609272,1041.4432716436895,1041.5097555051107,1041.5097555051107,1041.5097555051107,1041.5097555051107,1041.5097555051107,1041.5097555051107,0.062001968321055756,1044.1106020199804,[-121.0],[58.0],[1],[0],[0],[2.600129491800544],1044.1113581015616,1044.114548640393,None,,,,,,,,,,,,,ED21,001,2024-01-26_15h39.29.116,rating,2023.2.3,60.00646673427793,2024-01-26 15h39.42.737657 +0800,
neg_101.jpg,0,167,167,3,1044.1430872989113,,,,,,,,,,,,,,,,,,,,,,,1044.114780140484,,1044.1148106460387,1044.1148174884056,1044.1430872989113,1045.1264261346496,1045.1430924306878,1046.1264329770165,1046.1264329770165,1046.426440560641,1046.3599663925725,1046.3599740902355,1046.426440560641,1046.426440560641,1046.426440560641,1046.426440560641,1046.426440560641,1046.426440560641,0.061678381371166324,1047.3604878379774,[-139.0],[-63.0],[1],[0],[0],[0.9333254075900186],1047.3612262434435,1047.3643643241248,None,,,,,,,,,,,,,ED21,001,2024-01-26_15h39.29.116,rating,2023.2.3,60.00646673427793,2024-01-26 15h39.42.737657 +0800,
neu_47.jpg,0,168,168,326,1047.3931153811282,,,,,,,,,,,,,,,,,,,,,,,1047.364569880241,,1047.3645975348081,1047.364603521879,1047.3931153811282,1048.3764525062725,1048.3931230787912,1049.3764810161356,1049.3764810161356,1049.6764595197,1049.6100053085356,1049.6100130061986,1049.6764595197,1049.6764595197,1049.6764595197,1049.6764595197,1049.6764595197,1049.6764595197,0.06191159205445729,1052.7440387300794,[57.0],[137.0],[1],[0],[0],[3.0667966146247636],1052.744726673087,1052.747816857198,None,,,,,,,,,,,,,ED21,001,2024-01-26_15h39.29.116,rating,2023.2.3,60.00646673427793,2024-01-26 15h39.42.737657 +0800,
neg_85.jpg,0,169,169,176,1052.7764852355958,,,,,,,,,,,,,,,,,,,,,,,1052.748047501993,,1052.7480780075475,1052.7480848499144,1052.7764852355958,1053.7598217905434,1053.7764852355958,1054.7598525811973,1054.7598525811973,1055.0598322251535,1054.9933651845513,1054.9933725971168,1055.0598322251535,1055.0598322251535,1055.0598322251535,1055.0598322251535,1055.0598322251535,1055.0598322251535,0.06180525026320538,1055.7272675177428,[-166.0],[-67.0],[1],[0],[0],[0.6666586839055526],1055.7279796941348,1055.731068452751,None,,,,,,,,,,,,,ED21,001,2024-01-26_15h39.29.116,rating,2023.2.3,60.00646673427793,2024-01-26 15h39.42.737657 +0800,
neg_81.jpg,0,170,170,172,1055.7598351901797,,,,,,,,,,,,,,,,,,,,,,,1055.73129453597,,1055.7313239011291,1055.7313304583986,1055.7598351901797,1056.7431728855227,1056.759870827509,1057.7431971189071,1057.7431971189071,1058.0432323570985,1057.9767254026865,1057.9767336705481,1058.0432323570985,1058.0432323570985,1058.0432323570985,1058.0432323570985,1058.0432323570985,1058.0432323570985,0.06195863332868612,1060.4440924426617,[-84.0],[-56.0],[1],[0],[0],[2.4001339393398666],1060.4448587877941,1060.4478691442873,None,,,,,,,,,,,,,ED21,001,2024-01-26_15h39.29.116,rating,2023.2.3,60.00646673427793,2024-01-26 15h39.42.737657 +0800,
neu_94.jpg,0,171,171,378,1060.476579717284,,,,,,,,,,,,,,,,,,,,,,,1060.448093516914,,1060.4481231671707,1060.448130294637,1060.476579717284,1061.459873507436,1061.4765503521248,1062.4598783541132,1062.4598783541132,1062.7599355449001,1062.6934442709135,1062.693451683479,1062.7599355449001,1062.7599355449001,1062.7599355449001,1062.7599355449001,1062.7599355449001,1062.7599355449001,0.06186369548231596,1070.694021595651,[36.0],[13.0],[1],[0],[0],[7.933350496272396],1070.6947366230288,1070.6978188243775,None,,,,,,,,,,,,,ED21,001,2024-01-26_15h39.29.116,rating,2023.2.3,60.00646673427793,2024-01-26 15h39.42.737657 +0800,
neu_30.jpg,0,172,172,308,1070.7266257607134,,,,,,,,,,,,,,,,,,,,,,,1070.698024665593,,1070.6980520350626,1070.698058307231,1070.7266257607134,1071.7099566136894,1071.726609224992,1072.7099959573006,1072.7099959573006,1073.0099567847483,1072.9434817613837,1072.943489744146,1073.0099567847483,1073.0099567847483,1073.0099567847483,1073.0099567847483,1073.0099567847483,1073.0099567847483,0.06195578234292043,1076.6774017706903,[-168.0],[-16.0],[1],[0],[0],[3.6667296734649426],1076.6782200037742,1076.681210118264,None,,,,,,,,,,,,,ED21,001,2024-01-26_15h39.29.116,rating,2023.2.3,60.00646673427793,2024-01-26 15h39.42.737657 +0800,
neg_77.jpg,0,173,173,167,1076.7099982380896,,,,,,,,,,,,,,,,,,,,,,,1076.6814165296764,,1076.6814433289474,1076.68144931602,1076.7099982380896,1077.6933399248137,1077.7099834129604,1078.6933718558594,1078.6933718558594,1078.9933574868883,1078.926855094056,1078.9268633619158,1078.9933574868883,1078.9933574868883,1078.9933574868883,1078.9933574868883,1078.9933574868883,1078.9933574868883,0.06196718628780218,1080.7942132389544,[-170.0],[83.0],[1],[0],[0],[1.8000979598909908],1080.7949037478484,1080.7979243678928,None,,,,,,,,,,,,,ED21,001,2024-01-26_15h39.29.116,rating,2023.2.3,60.00646673427793,2024-01-26 15h39.42.737657 +0800,
neu_151.jpg,0,174,174,250,1080.8266739994033,,,,,,,,,,,,,,,,,,,,,,,1080.7981524468014,,1080.7981823821574,1080.7981892245261,1080.8266739994033,1081.8100182520138,1081.8266799864741,1082.810044481088,1082.810044481088,1083.110027261131,1083.043550242077,1083.0435585099367,1083.110027261131,1083.110027261131,1083.110027261131,1083.110027261131,1083.110027261131,1083.110027261131,0.061897052022686694,1085.2442203379087,[-4.0],[-4.0],[1],[0],[0],[2.1334107661223243],1085.2449276676252,1085.2480044520998,None,,,,,,,,,,,,,ED21,001,2024-01-26_15h39.29.116,rating,2023.2.3,60.00646673427793,2024-01-26 15h39.42.737657 +0800,
neu_104.jpg,0,175,175,198,1085.2767258588447,,,,,,,,,,,,,,,,,,,,,,,1085.2482271141344,,1085.2482656024495,1085.2482718746196,1085.2767258588447,1086.2600387506063,1086.2767153101959,1087.2600473035654,1087.2600473035654,1087.5600531765976,1087.493579578726,1087.4935875614883,1087.5600531765976,1087.5600531765976,1087.5600531765976,1087.5600531765976,1087.5600531765976,1087.5600531765976,0.06184231308543531,1092.4275350543012,[13.0],[19.0],[1],[0],[0],[4.866697286259296],1092.428228699282,1092.4313205939852,None,,,,,,,,,,,,,ED21,001,2024-01-26_15h39.29.116,rating,2023.2.3,60.00646673427793,2024-01-26 15h39.42.737657 +0800,
neu_22.jpg,0,176,176,299,1092.4600841953288,,,,,,,,,,,,,,,,,,,,,,,1092.4315532344717,,1092.431583454927,1092.431590297294,1092.4600841953288,1093.443425026755,1093.460090467499,1094.4434301585316,1094.4434301585316,1094.7434408782392,1094.6769635740875,1094.6769712717505,1094.7434408782392,1094.7434408782392,1094.7434408782392,1094.7434408782392,1094.7434408782392,1094.7434408782392,0.0619078857707791,1098.9442566594753,[46.0],[70.0],[1],[0],[0],[4.2000562784705835],1098.9450517995701,1098.9481684978546,None,,,,,,,,,,,,,ED21,001,2024-01-26_15h39.29.116,rating,2023.2.3,60.00646673427793,2024-01-26 15h39.42.737657 +0800,
neu_25.jpg,0,177,177,302,1098.9768183448414,,,,,,,,,,,,,,,,,,,,,,,1098.9483985724528,,1098.9484290780074,1098.9484359203743,1098.9768183448414,1099.9601486276206,1099.9768026644178,1100.9601417852518,1100.9601417852518,1101.2601465178905,1101.1936786219921,1101.1936863196552,1101.2601465178905,1101.2601465178905,1101.2601465178905,1101.2601465178905,1101.2601465178905,1101.2601465178905,0.06177046822813281,1103.0609138893778,[-4.0],[3.0],[1],[0],[0],[1.80003067661346],1103.0616366144186,1103.064631005389,None,,,,,,,,,,,,,ED21,001,2024-01-26_15h39.29.116,rating,2023.2.3,60.00646673427793,2024-01-26 15h39.42.737657 +0800,
neu_85.jpg,0,178,178,368,1103.093496386944,,,,,,,,,,,,,,,,,,,,,,,1103.064840267787,,1103.0648676372566,1103.064873909425,1103.093496386944,1104.076831801498,1104.0935223309207,1105.0768412097532,1105.0768412097532,1105.376863618505,1105.3103680680397,1105.310376050802,1105.376863618505,1105.376863618505,1105.376863618505,1105.376863618505,1105.376863618505,1105.376863618505,0.06204672880630824,1107.8443255963266,[83.0],[0.0],[1],[0],[0],[2.4666691185157106],1107.8450220922932,1107.8482174778,None,,,,,,,,,,,,,ED21,001,2024-01-26_15h39.29.116,rating,2023.2.3,60.00646673427793,2024-01-26 15h39.42.737657 +0800,
neg_39.jpg,0,179,179,125,1107.8768593420264,,,,,,,,,,,,,,,,,,,,,,,1107.8484486927937,,1107.8484786281497,1107.8484854705166,1107.8768593420264,1108.8602463594325,1108.876863618505,1109.860203594637,1109.860203594637,1110.160207757077,1110.093775498508,1110.0937829110735,1110.160207757077,1110.160207757077,1110.160207757077,1110.160207757077,1110.160207757077,1110.160207757077,0.06179299102041114,1111.761111291673,[-172.0],[31.0],[1],[0],[0],[1.6001334831817076],1111.761837437898,1113.9606538224016,space,1111.7768835183906,1111.7768835183906,2.171568367508371,None,,,,,,,,,ED21,001,2024-01-26_15h39.29.116,rating,2023.2.3,60.00646673427793,2024-01-26 15h39.42.737657 +0800,
neg_186.jpg,0,180,180,96,1113.9768958916702,,,,,,,,,,,,,,,,,,,,,,,1113.9609942301722,1113.9768958916702,1114.9604337262554,1114.960455108654,1114.9935758724441,1115.9602467015502,1115.9936223435216,1116.9602347274085,1116.9602347274085,1117.2602554255682,1117.1938026398984,1117.193810052464,1117.2602554255682,1117.2602554255682,1117.2602554255682,1117.2602554255682,1117.2602554255682,1117.2602554255682,0.049452211480456754,1121.594513903974,[-228.0],[68.0],[1],[0],[0],[4.333494984259232],1121.5952448968765,1121.5982948820802,None,,,,,1114.9935758724441,,,,,,,,ED21,001,2024-01-26_15h39.29.116,rating,2023.2.3,60.00646673427793,2024-01-26 15h39.42.737657 +0800,
neu_127.jpg,0,181,181,223,1121.6269564181111,,,,,,,,,,,,,,,,,,,,,,,1121.5985258119745,,1121.5985568877259,1121.5985637300928,1121.6269564181111,1122.6103043770054,1122.6269575585065,1123.610297819736,1123.610297819736,1123.9103048331617,1123.8438785616654,1123.8438865444277,1123.9103048331617,1123.9103048331617,1123.9103048331617,1123.9103048331617,1123.9103048331617,1123.9103048331617,0.061804394965292886,1133.1778619198885,[29.0],[22.0],[1],[0],[0],[9.266793307480839],1133.1786345371893,1133.1816856627884,None,,,,,,,,,,,,,ED21,001,2024-01-26_15h39.29.116,rating,2023.2.3,60.00646673427793,2024-01-26 15h39.42.737657 +0800,
neu_14.jpg,0,182,182,237,1133.2103668706259,,,,,,,,,,,,,,,,,,,,,,,1133.181923720149,,1133.181955936294,1133.1819627786626,1133.2103668706259,1134.1937421989878,1134.210370006711,1135.193731650339,1135.193731650339,1135.4937346723837,1135.4272656360918,1135.4272733337548,1135.4937346723837,1135.4937346723837,1135.4937346723837,1135.4937346723837,1135.4937346723837,1135.4937346723837,0.061830053842641064,1137.4278814491445,[42.0],[36.0],[1],[0],[0],[1.933398963039508],1137.428614722834,1137.4316561550786,None,,,,,,,,,,,,,ED21,001,2024-01-26_15h39.29.116,rating,2023.2.3,60.00646673427793,2024-01-26 15h39.42.737657 +0800,
neu_78.jpg,0,183,183,360,1137.4604006548143,,,,,,,,,,,,,,,,,,,,,,,1137.4318850892832,,1137.431915024641,1137.431921867008,1137.4604006548143,1138.4437454776216,1138.4604000846157,1139.443740345847,1139.443740345847,1139.7437436529908,1139.6772703402185,1139.6772780378815,1139.7437436529908,1139.7437436529908,1139.7437436529908,1139.7437436529908,1139.7437436529908,1139.7437436529908,0.06187909080836107,1142.344547403065,[7.0],[-55.0],[1],[0],[0],[2.6000336986580805],1142.345311752506,1142.3483702906688,None,,,,,,,,,,,,,ED21,001,2024-01-26_15h39.29.116,rating,2023.2.3,60.00646673427793,2024-01-26 15h39.42.737657 +0800,
neu_46.jpg,0,184,184,325,1142.377097399387,,,,,,,,,,,,,,,,,,,,,,,1142.3485986546766,,1142.3486285900326,1142.348635147302,1142.377097399387,1143.3604365202227,1143.3771193519806,1144.3604450731818,1144.3604450731818,1144.6604620650596,1144.5939750675534,1144.5939827652164,1144.6604620650596,1144.6604620650596,1144.6604620650596,1144.6604620650596,1144.6604620650596,1144.6604620650596,0.06188593317529012,1152.66129996995,[-5.0],[-37.0],[1],[0],[0],[8.000071274658694],1152.6620600429123,1152.665181587874,None,,,,,,,,,,,,,ED21,001,2024-01-26_15h39.29.116,rating,2023.2.3,60.00646673427793,2024-01-26 15h39.42.737657 +0800,
neg_188.jpg,0,185,185,98,1152.6938348560452,,,,,,,,,,,,,,,,,,,,,,,1152.6654216409243,,1152.6654518613796,1152.6654587037465,1152.6938348560452,1153.6771739768792,1153.6938374219317,1154.6771782533597,1154.6771782533597,1154.9771866922783,1154.9107398936794,1154.9107484466385,1154.9771866922783,1154.9771866922783,1154.9771866922783,1154.9771866922783,1154.9771866922783,1154.9771866922783,0.06178529335738858,1156.3780225444589,[-58.0],[-51.0],[1],[0],[0],[1.4000774898086092],1156.3787991531426,1156.3819224086947,None,,,,,,,,,,,,,ED21,001,2024-01-26_15h39.29.116,rating,2023.2.3,60.00646673427793,2024-01-26 15h39.42.737657 +0800,
neg_73.jpg,0,186,186,163,1156.410561136836,,,,,,,,,,,,,,,,,,,,,,,1156.3821530534915,,1156.3821838441436,1156.382190401413,1156.410561136836,1157.393864335243,1157.4105351928592,1158.3938694670196,1158.3938694670196,1158.6938787612344,1158.6274299669458,1158.6274379497063,1158.6938787612344,1158.6938787612344,1158.6938787612344,1158.6938787612344,1158.6938787612344,1158.6938787612344,0.06174623484548647,1161.0280719520524,[-1.0],[-24.0],[1],[0],[0],[2.333372676945146],1161.028872223922,1161.0320487929202,None,,,,,,,,,,,,,ED21,001,2024-01-26_15h39.29.116,rating,2023.2.3,60.00646673427793,2024-01-26 15h39.42.737657 +0800,
neg_20.jpg,0,187,187,105,1161.0605378442779,,,,,,,,,,,,,,,,,,,,,,,1161.0322782973217,,1161.0323082326777,1161.0323150750464,1161.0605378442779,1162.0439165938224,1162.0605626478591,1163.0439074706665,1163.0439074706665,1163.3439130585994,1163.2774323332633,1163.2774408862224,1163.3439130585994,1163.3439130585994,1163.3439130585994,1163.3439130585994,1163.3439130585994,1163.3439130585994,0.06165300759130332,1164.3447600866457,[-129.0],[-44.0],[1],[0],[0],[1.0000401989091188],1164.3454791054046,1164.3486439853586,None,,,,,,,,,,,,,ED21,001,2024-01-26_15h39.29.116,rating,2023.2.3,60.00646673427793,2024-01-26 15h39.42.737657 +0800,
neu_165.jpg,0,188,188,265,1164.3772499271563,,,,,,,,,,,,,,,,,,,,,,,1164.348869498379,,1164.3488991486374,1164.3489062761037,1164.3772499271563,1165.3605873374,1165.377269028766,1166.3606338084774,1166.3606338084774,1166.6606274222686,1166.5941504032144,1166.5941583859767,1166.6606274222686,1166.6606274222686,1166.6606274222686,1166.6606274222686,1166.6606274222686,1166.6606274222686,0.06178044668013172,1168.1947796729219,[-112.0],[29.0],[1],[0],[0],[1.5333365834576398],1168.1954992618794,1168.1986199515432,None,,,,,,,,,,,,,ED21,001,2024-01-26_15h39.29.116,rating,2023.2.3,60.00646673427793,2024-01-26 15h39.42.737657 +0800,
neu_45.jpg,0,189,189,324,1168.227276070702,,,,,,,,,,,,,,,,,,,,,,,1168.1988488857478,,1168.198879106203,1168.19888594857,1168.227276070702,1169.2106163319313,1169.2272766408987,1170.2106174723267,1170.2106174723267,1170.5106039586517,1170.444148036895,1170.444155734558,1170.5106039586517,1170.5106039586517,1170.5106039586517,1170.5106039586517,1170.5106039586517,1170.5106039586517,0.06178928473855194,1173.4448111763213,[-139.0],[-82.0],[1],[0],[0],[2.9333219864074636],1173.445550151986,1173.4487081895713,None,,,,,,,,,,,,,ED21,001,2024-01-26_15h39.29.116,rating,2023.2.3,60.00646673427793,2024-01-26 15h39.42.737657 +0800,
neg_56.jpg,0,190,190,144,1173.4773905378042,,,,,,,,,,,,,,,,,,,,,,,1173.4489359833806,,1173.448965633639,1173.448972476006,1173.4773905378042,1174.4606469800347,1174.4773560408685,1175.460654962797,1175.460654962797,1175.760662261322,1175.6942377004161,1175.6942456831785,1175.760662261322,1175.760662261322,1175.760662261322,1175.760662261322,1175.760662261322,1175.760662261322,0.0617496560280415,1178.228199790281,[-278.0],[8.0],[1],[0],[0],[2.4666739651911485],1178.2290029131364,1178.2322171151554,None,,,,,,,,,,,,,ED21,001,2024-01-26_15h39.29.116,rating,2023.2.3,60.00646673427793,2024-01-26 15h39.42.737657 +0800,
neu_148.jpg,0,191,191,246,1178.260655989152,,,,,,,,,,,,,,,,,,,,,,,1178.2324440536686,,1178.232473703927,1178.232480546294,1178.260655989152,1179.244013071202,1179.2606833586215,1180.2440481383328,1180.2440481383328,1180.544024931305,1180.4775513334334,1180.4775590310965,1180.544024931305,1180.544024931305,1180.544024931305,1180.544024931305,1180.544024931305,1180.544024931305,0.06160425572488748,1181.9449753931367,[50.0],[56.0],[1],[0],[0],[1.4001330840419541],1181.9457559931998,1181.9488789636544,None,,,,,,,,,,,,,ED21,001,2024-01-26_15h39.29.116,rating,2023.2.3,60.00646673427793,2024-01-26 15h39.42.737657 +0800,
neg_34.jpg,0,192,192,120,1181.9773685852088,,,,,,,,,,,,,,,,,,,,,,,1181.949107042563,,1181.9491366928214,1181.9491435351883,1181.9773685852088,1182.9607228162713,1182.977371151097,1183.960748760248,1183.960748760248,1184.2607278340074,1184.1942693463643,1184.1942770440273,1184.2607278340074,1184.2607278340074,1184.2607278340074,1184.2607278340074,1184.2607278340074,1184.2607278340074,0.06164103344781324,1186.9949069979739,[-96.0],[24.0],[1],[0],[0],[2.7333845940665924],1186.995668496429,1186.9987598209336,None,,,,,,,,,,,,,ED21,001,2024-01-26_15h39.29.116,rating,2023.2.3,60.00646673427793,2024-01-26 15h39.42.737657 +0800,
neg_156.jpg,0,193,193,63,1187.027405676541,,,,,,,,,,,,,,,,,,,,,,,1186.9989659472485,,1186.9989936018155,1186.9989998739857,1187.027405676541,1188.0107430867847,1188.027405676541,1189.0107467930666,1189.0107467930666,1189.3107503853098,1189.244304442007,1189.2443124247693,1189.3107503853098,1189.3107503853098,1189.3107503853098,1189.3107503853098,1189.3107503853098,1189.3107503853098,0.06180696085539239,1191.2450861824655,[-244.0],[126.0],[1],[0],[0],[1.9335477845270361],1191.2458416938498,1191.248924465397,None,,,,,,,,,,,,,ED21,001,2024-01-26_15h39.29.116,rating,2023.2.3,60.00646673427793,2024-01-26 15h39.42.737657 +0800,
neg_24.jpg,0,194,194,109,1191.2774314779672,,,,,,,,,,,,,,,,,,,,,,,1191.249132017203,,1191.2491588164758,1191.249165088644,1191.2774314779672,1192.260766037225,1192.2774346140523,1193.260780577255,1193.260780577255,1193.5607850247943,1193.4943365156032,1193.4943447834648,1193.5607850247943,1193.5607850247943,1193.5607850247943,1193.5607850247943,1193.5607850247943,1193.5607850247943,0.06167980686404917,1194.7616783528592,[-289.0],[46.0],[1],[0],[0],[1.2000702483037458],1194.762479480025,1194.7655970336054,None,,,,,,,,,,,,,ED21,001,2024-01-26_15h39.29.116,rating,2023.2.3,60.00646673427793,2024-01-26 15h39.42.737657 +0800,
neg_167.jpg,0,195,195,75,1194.7941490917601,,,,,,,,,,,,,,,,,,,,,,,1194.7658253976115,,1194.765855903166,1194.765862745533,1194.7941490917601,1195.777466830199,1195.7941268540671,1196.7774662600004,1196.7774662600004,1197.0774721330326,1197.0110458615363,1197.0110538442987,1197.0774721330326,1197.0774721330326,1197.0774721330326,1197.0774721330326,1197.0774721330326,1197.0774721330326,0.061669258213441935,1198.145010574308,[-276.0],[44.0],[1],[0],[0],[1.06669084303212],1198.1457330142493,1198.1488172112895,None,,,,,,,,,,,,,ED21,001,2024-01-26_15h39.29.116,rating,2023.2.3,60.00646673427793,2024-01-26 15h39.42.737657 +0800,
neg_121.jpg,0,196,196,25,1198.1774818834056,,,,,,,,,,,,,,,,,,,,,,,1198.149047570987,,1198.1490746553573,1198.14908064243,1198.1774818834056,1199.16084238664,1199.1774821685049,1200.160824710525,1200.160824710525,1200.4608263070768,1200.3943646833486,1200.394372666111,1200.4608263070768,1200.4608263070768,1200.4608263070768,1200.4608263070768,1200.4608263070768,1200.4608263070768,0.061804965162082226,1201.1950208663675,[-296.0],[75.0],[1],[0],[0],[0.7333386931877612],1201.1958245594215,1201.1989173094207,None,,,,,,,,,,,,,ED21,001,2024-01-26_15h39.29.116,rating,2023.2.3,60.00646673427793,2024-01-26 15h39.42.737657 +0800,
neg_184.jpg,0,197,197,94,1201.2275101366813,,,,,,,,,,,,,,,,,,,,,,,1201.1991416820474,,1201.199171332306,1201.1991781746729,1201.2275101366813,1202.210839279065,1202.2275135578657,1203.2108444108399,1203.2108444108399,1203.510850283872,1203.4443960727094,1203.44440405547,1203.510850283872,1203.510850283872,1203.510850283872,1203.510850283872,1203.510850283872,1203.510850283872,0.06174737523906515,1204.1117312956758,[-279.0],[-37.0],[1],[0],[0],[0.6000031931034755],1204.1125395503077,1204.1156394277714,None,,,,,,,,,,,,,ED21,001,2024-01-26_15h39.29.116,rating,2023.2.3,60.00646673427793,2024-01-26 15h39.42.737657 +0800,
neg_11.jpg,0,198,198,12,1204.1442342507235,,,,,,,,,,,,,,,,,,,,,,,1204.1158632302013,,1204.1158928804598,1204.1158994377274,1204.1442342507235,1205.1275605421197,1205.144215434213,1206.1275417256093,1206.1275417256093,1206.4275501645297,1206.3610597458392,1206.3610674435022,1206.4275501645297,1206.4275501645297,1206.4275501645297,1206.4275501645297,1206.4275501645297,1206.4275501645297,0.06170888692395238,1208.3617268766466,[-236.0],[-32.0],[1],[0],[0],[1.933369882977786],1208.3624875198057,1208.3655717168458,None,,,,,,,,,,,,,ED21,001,2024-01-26_15h39.29.116,rating,2023.2.3,60.00646673427793,2024-01-26 15h39.42.737657 +0800,
neg_123.jpg,0,199,199,27,1208.3942130108753,,,,,,,,,,,,,,,,,,,,,,,1208.365776417666,,1208.3658037871355,1208.3658100593057,1208.3942130108753,1209.3775623952606,1209.3942184277494,1210.3775598293741,1210.3775598293741,1210.6775751106597,1210.6110866876606,1210.6110943853237,1210.6775751106597,1210.6775751106597,1210.6775751106597,1210.6775751106597,1210.6775751106597,1210.6775751106597,0.061820360489946324,1211.7450918844388,[-259.0],[157.0],[1],[0],[0],[1.0667105148368137],1211.7458824629557,1211.7489877572934,None,,,,,,,,,,,,,ED21,001,2024-01-26_15h39.29.116,rating,2023.2.3,60.00646673427793,2024-01-26 15h39.42.737657 +0800,
neg_158.jpg,0,200,200,65,1211.7775754527793,,,,,,,,,,,,,,,,,,,,,,,1211.7492124150176,,1211.7492423503754,1211.7492491927424,1211.7775754527793,1212.7609670317634,1212.7775794441604,1213.7609453642672,1213.7609453642672,1214.0776346392558,1213.994462529201,1213.9944705119615,1214.0776346392558,1214.0776346392558,1214.0776346392558,1214.0776346392558,1214.0776346392558,1214.0776346392558,0.07844531722548709,1214.7451956603418,[-310.0],[230.0],[1],[0],[0],[0.66671000165843],1214.7460167444115,1214.749039645245,None,,,,,,,,,,,,,ED21,001,2024-01-26_15h39.29.116,rating,2023.2.3,60.00646673427793,2024-01-26 15h39.42.737657 +0800,
neg_41.jpg,0,201,201,128,1214.7775948394865,,,,,,,,,,,,,,,,,,,,,,,1214.749262022182,,1214.7492922426372,1214.7492990850042,1214.7775948394865,1215.7609299689411,1215.7775945543872,1216.760953632127,1216.760953632127,1217.0608691288926,1216.9944682311725,1216.994475643738,1217.0608691288926,1217.0608691288926,1217.0608691288926,1217.0608691288926,1217.0608691288926,1217.0608691288926,0.06162820401004865,1221.3285143110952,[-270.0],[118.0],[1],[0],[0],[4.266829800106279],1221.329299472738,1221.3324834543,None,,,,,,,,,,,,,ED21,001,2024-01-26_15h39.29.116,rating,2023.2.3,60.00646673427793,2024-01-26 15h39.42.737657 +0800,
neu_162.jpg,0,202,202,262,1221.360961101711,,,,,,,,,,,,,,,,,,,,,,,1221.3326867296273,,1221.3327135288982,1221.332719515971,1221.360961101711,1222.3443332939896,1222.3609790629253,1223.344340421454,1223.344340421454,1223.6610219987797,1223.5778915131268,1223.5778989256905,1223.6610219987797,1223.6610219987797,1223.6610219987797,1223.6610219987797,1223.6610219987797,1223.6610219987797,0.0783614982265135,1224.8619042079972,[-148.0],[84.0],[1],[0],[0],[1.2000628357400274],1224.862665421355,1224.86587791278,None,,,,,,,,,,,,,ED21,001,2024-01-26_15h39.29.116,rating,2023.2.3,60.00646673427793,2024-01-26 15h39.42.737657 +0800,
neg_13.jpg,0,203,203,34,1224.8943490029233,,,,,,,,,,,,,,,,,,,,,,,1224.866103425802,,1224.866133361158,1224.866140203525,1224.8943490029233,1225.8776661711636,1225.8943393095706,1226.8776730135323,1226.8776730135323,1227.1943457527996,1227.1112409260222,1227.1112486236852,1227.1943457527996,1227.1943457527996,1227.1943457527996,1227.1943457527996,1227.1943457527996,1227.1943457527996,0.07826399449368182,1228.3952319533983,[-143.0],[68.0],[1],[0],[0],[1.2000383172580769],1228.3960436292145,1228.3990953250086,None,,,,,,,,,,,,,ED21,001,2024-01-26_15h39.29.116,rating,2023.2.3,60.00646673427793,2024-01-26 15h39.42.737657 +0800,
neg_100.jpg,0,204,204,2,1228.4276858714802,,,,,,,,,,,,,,,,,,,,,,,1228.399326254903,,1228.3993536243725,1228.3993596114433,1228.4276858714802,1229.4110238519206,1229.427709534666,1230.4110275582043,1230.4110275582043,1230.7277122716132,1230.644559263168,1230.644566960831,1230.7277122716132,1230.7277122716132,1230.7277122716132,1230.7277122716132,1230.7277122716132,1230.7277122716132,0.07840939479865483,1231.7286530971105,[-154.0],[7.0],[1],[0],[0],[1.0000764064334362],1231.7294254293156,1231.732505920072,None,,,,,,,,,,,,,ED21,001,2024-01-26_15h39.29.116,rating,2023.2.3,60.00646673427793,2024-01-26 15h39.42.737657 +0800,
neg_32.jpg,0,205,205,118,1231.761042868,,,,,,,,,,,,,,,,,,,,,,,1231.7327063444136,,1231.7327334287838,1231.732739700954,1231.761042868,1232.7443856951177,1232.7610639652994,1233.744410498699,1233.744410498699,1234.061057008892,1233.977941633466,1233.977949331129,1234.061057008892,1234.061057008892,1234.061057008892,1234.061057008892,1234.061057008892,1234.061057008892,0.07837575315897993,1235.861939560229,[-176.0],[100.0],[1],[0],[0],[1.800022408753648],1235.8627030543757,1235.865788676907,None,,,,,,,,,,,,,ED21,001,2024-01-26_15h39.29.116,rating,2023.2.3,60.00646673427793,2024-01-26 15h39.42.737657 +0800,
neg_169.jpg,0,206,206,77,1235.89441029913,,,,,,,,,,,,,,,,,,,,,,,1235.8660144750265,,1235.8660444103843,1235.8660515378506,1235.89441029913,1236.8777405819092,1236.8944120097221,1237.877745713684,1237.877745713684,1238.1944677750162,1238.1112788441405,1238.1112865418036,1238.1944677750162,1238.1944677750162,1238.1944677750162,1238.1944677750162,1238.1944677750162,1238.1944677750162,0.07847382709041995,1240.061977592386,[-325.0],[254.0],[1],[0],[0],[1.8666314284764667],1240.0627442226178,1240.065840108702,None,,,,,,,,,,,,,ED21,001,2024-01-26_15h39.29.116,rating,2023.2.3,60.00646673427793,2024-01-26 15h39.42.737657 +0800,
neg_142.jpg,0,207,207,48,1240.0944489014855,,,,,,,,,,,,,,,,,,,,,,,1240.066042243634,,1240.0660684727081,1240.0660747448783,1240.0944489014855,1241.0777729120928,1241.0944360720478,1242.0777811799544,1242.0777811799544,1242.3944499278405,1242.311336548104,1242.3113442457689,1242.3944499278405,1242.3944499278405,1242.3944499278405,1242.3944499278405,1242.3944499278405,1242.3944499278405,0.07843106229483965,1244.2120994150337,[-310.0],[216.0],[1],[0],[0],[1.8167842128350458],1244.212865760166,1244.2159479615148,None,,,,,,,,,,,,,ED21,001,2024-01-26_15h39.29.116,rating,2023.2.3,60.00646673427793,2024-01-26 15h39.42.737657 +0800,
neg_113.jpg,0,208,208,16,1244.2444846243452,,,,,,,,,,,,,,,,,,,,,,,1244.2161478156595,,1244.2161746149304,1244.2161808871006,1244.2444846243452,1245.2277992266972,1245.2444640972426,1246.2278043584738,1246.2278043584738,1246.544476242445,1246.461334067746,1246.4613420505084,1246.544476242445,1246.544476242445,1246.544476242445,1246.544476242445,1246.544476242445,1246.544476242445,0.07835180487381876,1248.3453867334483,[-322.0],[36.0],[1],[0],[0],[1.8000397997693653],1248.3461579252562,1248.349254951734,None,,,,,,,,,,,,,ED21,001,2024-01-26_15h39.29.116,rating,2023.2.3,60.00646673427793,2024-01-26 15h39.42.737657 +0800,
neg_72.jpg,0,209,209,162,1248.3778224052166,,,,,,,,,,,,,,,,,,,,,,,1248.349478754164,,1248.3495089746193,1248.3495158169862,1248.3778224052166,1249.3611598154603,1249.3778320985712,1250.3611660876304,1250.3611660876304,1250.677836831208,1250.5947148985124,1250.5947228812747,1250.677836831208,1250.677836831208,1250.677836831208,1250.677836831208,1250.677836831208,1250.677836831208,0.0783814551323303,1259.595381459123,[-200.0],[12.0],[1],[0],[0],[8.916665383723739],1259.5961614889893,1272.778407370597,space,1259.6112246754,1259.6112246754,13.15183355485533,None,,,,,,,,,ED21,001,2024-01-26_15h39.29.116,rating,2023.2.3,60.00646673427793,2024-01-26 15h39.42.737657 +0800,
neu_44.jpg,0,210,210,323,1272.794656567332,,,,,,,,,,,,,,,,,,,,,,,1272.778764884286,1272.794656567332,1273.778223481977,1273.7782314647393,1273.8113459563592,1274.7780039560275,1274.8113556497137,1275.7780079474087,1275.7780079474087,1276.0946855333532,1276.0115365162874,1276.0115444990497,1276.0946855333532,1276.0946855333532,1276.0946855333532,1276.0946855333532,1276.0946855333532,1276.0946855333532,0.06612078830767132,1279.228950454988,[12.0],[-27.0],[1],[0],[0],[3.133366005637072],1279.2297675476784,1279.2328340686017,None,,,,,1273.8113459563592,,,,,,,,ED21,001,2024-01-26_15h39.29.116,rating,2023.2.3,60.00646673427793,2024-01-26 15h39.42.737657 +0800,
neg_59.jpg,0,211,211,147,1279.2613710165297,,,,,,,,,,,,,,,,,,,,,,,1279.2330436160992,,1279.2330715557655,1279.2330778279356,1279.2613710165297,1280.2447722888683,1280.261373582418,1281.24474064292,1281.24474064292,1281.5614011229463,1281.4782603737403,1281.4782680714034,1281.5614011229463,1281.5614011229463,1281.5614011229463,1281.5614011229463,1281.5614011229463,1281.5614011229463,0.07838259552590898,1283.8289616308539,[-152.0],[45.0],[1],[0],[0],[2.266702361015632],1283.8297678897961,1283.8328520868363,None,,,,,,,,,,,,,ED21,001,2024-01-26_15h39.29.116,rating,2023.2.3,60.00646673427793,2024-01-26 15h39.42.737657 +0800,
neg_136.jpg,0,212,212,41,1283.861398728117,,,,,,,,,,,,,,,,,,,,,,,1283.83305792805,,1283.8330847273228,1283.833090999493,1283.861398728117,1284.8447384191495,1284.861421821106,1285.8447429807275,1285.8447429807275,1286.1614140094043,1286.078277821778,1286.0782852343418,1286.1614140094043,1286.1614140094043,1286.1614140094043,1286.1614140094043,1286.1614140094043,1286.1614140094043,0.07838259552590898,1289.379091664343,[-197.0],[-22.0],[1],[0],[0],[3.216751654568725],1289.3799101825243,1289.3830268808088,None,,,,,,,,,,,,,ED21,001,2024-01-26_15h39.29.116,rating,2023.2.3,60.00646673427793,2024-01-26 15h39.42.737657 +0800,
neu_168.jpg,0,213,213,268,1289.4114386704368,,,,,,,,,,,,,,,,,,,,,,,1289.3832318667282,,1289.3832586659992,1289.3832646530718,1289.4114386704368,1290.394776365778,1290.411439525731,1291.3948045905436,1291.3948045905436,1291.7114556623146,1291.6283630947783,1291.6283710775406,1291.7114556623146,1291.7114556623146,1291.7114556623146,1291.7114556623146,1291.7114556623146,1291.7114556623146,0.07824831406833255,1299.8790762690169,[74.0],[13.0],[1],[0],[0],[8.166730528761036],1299.8798742600975,1299.8835058465174,None,,,,,,,,,,,,,ED21,001,2024-01-26_15h39.29.116,rating,2023.2.3,60.00646673427793,2024-01-26 15h39.42.737657 +0800,
neg_172.jpg,0,214,214,81,1299.9115242000262,,,,,,,,,,,,,,,,,,,,,,,1299.8837193853942,,1299.8837464697663,1299.883753027034,1299.9115242000262,1300.8948496361281,1300.9115661095257,1301.894855623199,1301.894855623199,1302.2115394813136,1302.1283978768133,1302.1284058595738,1302.2115394813136,1302.2115394813136,1302.2115394813136,1302.2115394813136,1302.2115394813136,1302.2115394813136,0.07784632499351574,1304.712458069118,[-66.0],[4.0],[1],[0],[0],[2.500019956903998],1304.7132138655998,1304.7163408274355,None,,,,,,,,,,,,,ED21,001,2024-01-26_15h39.29.116,rating,2023.2.3,60.00646673427793,2024-01-26 15h39.42.737657 +0800,
neu_174.jpg,0,215,215,275,1304.744876634968,,,,,,,,,,,,,,,,,,,,,,,1304.716566625555,,1304.7165962758136,1304.716603403278,1304.744876634968,1305.7282140452116,1305.7448792008563,1306.728218891889,1306.728218891889,1307.0448902056633,1306.9617856639852,1306.9617933616482,1307.0448902056633,1307.0448902056633,1307.0448902056633,1307.0448902056633,1307.0448902056633,1307.0448902056633,0.07834410721079621,1310.129162796451,[13.0],[41.0],[1],[0],[0],[3.083373674789982],1310.1299508090815,1310.1330347210223,None,,,,,,,,,,,,,ED21,001,2024-01-26_15h39.29.116,rating,2023.2.3,60.00646673427793,2024-01-26 15h39.42.737657 +0800,
neg_10.jpg,0,216,216,1,1310.1615870642763,,,,,,,,,,,,,,,,,,,,,,,1310.1332385665464,,1310.1332656509167,1310.1332716379875,1310.1615870642763,1311.1449227639278,1311.1616041701946,1312.1449481377058,1312.1449481377058,1312.461597783984,1312.378453328498,1312.3784607410616,1312.461597783984,1312.461597783984,1312.461597783984,1312.461597783984,1312.461597783984,1312.461597783984,0.07841794775777089,1313.5292605282648,[-95.0],[-35.0],[1],[0],[0],[1.0667073787517438],1313.5301001437456,1313.5332393648223,None,,,,,,,,,,,,,ED21,001,2024-01-26_15h39.29.116,rating,2023.2.3,60.00646673427793,2024-01-26 15h39.42.737657 +0800,
neu_81.jpg,0,217,217,364,1313.56160696416,,,,,,,,,,,,,,,,,,,,,,,1313.5334634523497,,1313.5334928175089,1313.5334993747783,1313.56160696416,1314.5449426638133,1314.5616078194562,1315.544946940292,1315.544946940292,1315.8616225305468,1315.7784752240732,1315.7784832068337,1315.8616225305468,1315.8616225305468,1315.8616225305468,1315.8616225305468,1315.8616225305468,1315.8616225305468,0.07818160098941007,1318.0292388607686,[82.0],[16.0],[1],[0],[0],[2.1667159887310845],1318.0300340008616,1318.0331646689792,None,,,,,,,,,,,,,ED21,001,2024-01-26_15h39.29.116,rating,2023.2.3,60.00646673427793,2024-01-26 15h39.42.737657 +0800,
neu_106.jpg,0,218,218,200,1318.06163861011,,,,,,,,,,,,,,,,,,,,,,,1318.0333916074942,,1318.033421257751,1318.0334281001196,1318.06163861011,1319.0449649015063,1319.061668545466,1320.0450136533727,1320.0450136533727,1320.3616553168886,1320.2785436477443,1320.2785513454073,1320.3616553168886,1320.3616553168886,1320.3616553168886,1320.3616553168886,1320.3616553168886,1320.3616553168886,0.07828395139949862,1322.5294161921192,[74.0],[-38.0],[1],[0],[0],[2.166816343449682],1322.5302441185577,1322.5333317367804,None,,,,,,,,,,,,,ED21,001,2024-01-26_15h39.29.116,rating,2023.2.3,60.00646673427793,2024-01-26 15h39.42.737657 +0800,
neu_88.jpg,0,219,219,371,1322.5616716815512,,,,,,,,,,,,,,,,,,,,,,,1322.5335432799675,,1322.533570649437,1322.5335769216072,1322.5616716815512,1323.545001679231,1323.5616688305654,1324.5450113725838,1324.5450113725838,1324.8617006475724,1324.7785370904767,1324.7785447881397,1324.8617006475724,1324.8617006475724,1324.8617006475724,1324.8617006475724,1324.8617006475724,1324.8617006475724,0.07817989039540407,1327.4461143621847,[66.0],[1.0],[1],[0],[0],[2.5834691828331415],1327.4469568286531,1327.450037604509,None,,,,,,,,,,,,,ED21,001,2024-01-26_15h39.29.116,rating,2023.2.3,60.00646673427793,2024-01-26 15h39.42.737657 +0800,
neg_164.jpg,0,220,220,72,1327.4783738429978,,,,,,,,,,,,,,,,,,,,,,,1327.4503660381379,,1327.4503934076056,1327.4503993946782,1327.4783738429978,1328.4617103979454,1328.478374698294,1329.4617352015266,1329.4617352015266,1329.7784193447405,1329.6952395370226,1329.6952475197832,1329.7784193447405,1329.7784193447405,1329.7784193447405,1329.7784193447405,1329.7784193447405,1329.7784193447405,0.07808124626899371,1332.2793313752754,[-233.0],[155.0],[1],[0],[0],[2.5000210972993955],1332.280131647145,1332.283270298025,None,,,,,,,,,,,,,ED21,001,2024-01-26_15h39.29.116,rating,2023.2.3,60.00646673427793,2024-01-26 15h39.42.737657 +0800,
neg_168.jpg,0,221,221,76,1332.3117214312624,,,,,,,,,,,,,,,,,,,,,,,1332.283493245157,,1332.2835228954154,1332.2835297377824,1332.3117214312624,1333.2950696752541,1333.3117322650105,1334.2950987553158,1334.2950987553158,1334.611746120805,1334.5286475661978,1334.5286555489602,1334.611746120805,1334.611746120805,1334.611746120805,1334.611746120805,1334.611746120805,1334.611746120805,0.0782768239332654,1336.5293657296606,[-257.0],[185.0],[1],[0],[0],[1.91671755677271],1336.530189664718,1336.5332758574477,None,,,,,,,,,,,,,ED21,001,2024-01-26_15h39.29.116,rating,2023.2.3,60.00646673427793,2024-01-26 15h39.42.737657 +0800,
neg_154.jpg,0,222,222,61,1336.5617580664366,,,,,,,,,,,,,,,,,,,,,,,1336.5334774221828,,1336.5335039363563,1336.5335099234271,1336.5617580664366,1337.5451165739796,1337.5617631982132,1338.545127692827,1338.545127692827,1338.861794159924,1338.7786331687166,1338.7786414365764,1338.861794159924,1338.861794159924,1338.861794159924,1338.861794159924,1338.861794159924,1338.861794159924,0.07834211152112402,1340.196099679606,[-293.0],[187.0],[1],[0],[0],[1.3333766683263093],1340.196908789534,1340.2000061011095,None,,,,,,,,,,,,,ED21,001,2024-01-26_15h39.29.116,rating,2023.2.3,60.00646673427793,2024-01-26 15h39.42.737657 +0800,
neu_13.jpg,0,223,223,226,1340.2284506770793,,,,,,,,,,,,,,,,,,,,,,,1340.2002336098212,,1340.2002641153758,1340.2002709577428,1340.2284506770793,1341.2117952147892,1341.228453528067,1342.2117954998885,1342.2117954998885,1342.5284690944518,1342.4453220730775,1342.445330055838,1342.5284690944518,1342.5284690944518,1342.5284690944518,1342.5284690944518,1342.5284690944518,1342.5284690944518,0.07825943291572912,1346.6961116537477,[45.0],[84.0],[1],[0],[0],[4.1666837725861114],1346.6968905432204,1346.699994982264,None,,,,,,,,,,,,,ED21,001,2024-01-26_15h39.29.116,rating,2023.2.3,60.00646673427793,2024-01-26 15h39.42.737657 +0800,
neg_57.jpg,0,224,224,145,1346.7285310748957,,,,,,,,,,,,,,,,,,,,,,,1346.700226482355,,1346.7002558475142,1346.700262689883,1346.7285310748957,1347.711835128599,1347.7285575890692,1348.711838264684,1348.711838264684,1349.0285466412806,1348.9454095983583,1348.9454175811206,1349.0285466412806,1349.0285466412806,1349.0285466412806,1349.0285466412806,1349.0285466412806,1349.0285466412806,0.07834439230828139,1350.6961381679212,[-222.0],[111.0],[1],[0],[0],[1.6666675219621538],1350.6969390099894,1350.700092771096,None,,,,,,,,,,,,,ED21,001,2024-01-26_15h39.29.116,rating,2023.2.3,60.00646673427793,2024-01-26 15h39.42.737657 +0800,
neu_4.jpg,0,225,225,318,1350.7285287941068,,,,,,,,,,,,,,,,,,,,,,,1350.7003162884248,,1350.7003453684865,1350.7003519257541,1350.7285287941068,1351.711862783166,1351.7285553082784,1352.7118679149426,1352.7118679149426,1353.0285395138144,1352.9454452356877,1352.9454529333507,1353.0285395138144,1353.0285395138144,1353.0285395138144,1353.0285395138144,1353.0285395138144,1353.0285395138144,0.0782468885754497,1358.6962000343246,[13.0],[65.0],[1],[0],[0],[5.666749345271455],1358.697016271719,1358.700183432462,None,,,,,,,,,,,,,ED21,001,2024-01-26_15h39.29.116,rating,2023.2.3,60.00646673427793,2024-01-26 15h39.42.737657 +0800,
neu_129.jpg,0,226,226,225,1358.7286200256694,,,,,,,,,,,,,,,,,,,,,,,1358.7005814301574,,1358.7006119357102,1358.7006190631764,1358.7286200256694,1359.711913530724,1359.7286203107687,1360.7119229389791,1360.7119229389791,1361.0285948229503,1360.9454694690721,1360.9454771667351,1361.0285948229503,1361.0285948229503,1361.0285948229503,1361.0285948229503,1361.0285948229503,1361.0285948229503,0.07805017051759933,1363.52958525561,[23.0],[84.0],[1],[0],[0],[2.5000481816696265],1363.5304017781018,1363.5335116340193,None,,,,,,,,,,,,,ED21,001,2024-01-26_15h39.29.116,rating,2023.2.3,60.00646673427793,2024-01-26 15h39.42.737657 +0800,
neg_93.jpg,0,227,227,185,1363.5619450911418,,,,,,,,,,,,,,,,,,,,,,,1363.5337334407577,,1363.5337642314098,1363.533771358876,1363.5619450911418,1364.54528392688,1364.5619402444663,1365.5452967563178,1365.5452967563178,1365.8619600873299,1365.7788181977303,1365.7788261804926,1365.8619600873299,1365.8619600873299,1365.8619600873299,1365.8619600873299,1365.8619600873299,1365.8619600873299,0.07825002466051956,1369.6129854445735,[-63.0],[-12.0],[1],[0],[0],[3.7500813956612546],1369.613837319297,1369.6169160994614,None,,,,,,,,,,,,,ED21,001,2024-01-26_15h39.29.116,rating,2023.2.3,60.00646673427793,2024-01-26 15h39.42.737657 +0800,
neg_161.jpg,0,228,228,69,1369.6453233275115,,,,,,,,,,,,,,,,,,,,,,,1369.617142752877,,1369.6171701223466,1369.6171761094174,1369.6453233275115,1370.62865760167,1370.6453287443856,1371.628684400941,1371.628684400941,1371.9453363280081,1371.862219527089,1371.8622272247521,1371.9453363280081,1371.9453363280081,1371.9453363280081,1371.9453363280081,1371.9453363280081,1371.9453363280081,0.07822179989670985,1375.4463467175738,[-256.0],[140.0],[1],[0],[0],[3.500033641637856],1375.447143568259,1375.4501157215345,None,,,,,,,,,,,,,ED21,001,2024-01-26_15h39.29.116,rating,2023.2.3,60.00646673427793,2024-01-26 15h39.42.737657 +0800,
neu_93.jpg,0,229,229,377,1375.4787028468236,,,,,,,,,,,,,,,,,,,,,,,1375.4503509279093,,1375.4503811483646,1375.4503882758308,1375.4787028468236,1376.462031704108,1376.4787464669153,1377.4620371209821,1377.4620371209821,1377.778742646593,1377.6955984762044,1377.6956061738674,1377.778742646593,1377.778742646593,1377.778742646593,1377.778742646593,1377.778742646593,1377.778742646593,0.0784133861779992,1379.4464858457068,[19.0],[75.0],[1],[0],[0],[1.6667536217501038],1379.4472749987308,1379.4503697444197,None,,,,,,,,,,,,,ED21,001,2024-01-26_15h39.29.116,rating,2023.2.3,60.00646673427793,2024-01-26 15h39.42.737657 +0800,
neu_58.jpg,0,230,230,338,1379.4787367735607,,,,,,,,,,,,,,,,,,,,,,,1379.4505941170464,,1379.450623767305,1379.4506308947693,1379.4787367735607,1380.462060784168,1380.4787344927718,1381.4620656308452,1381.4620656308452,1381.778763458793,1381.6956172927148,1381.6956252754753,1381.778763458793,1381.778763458793,1381.778763458793,1381.778763458793,1381.778763458793,1381.778763458793,0.07819100924280065,1383.9463951843409,[2.0],[-24.0],[1],[0],[0],[2.166705154982992],1383.9472242511729,1383.9503093035091,None,,,,,,,,,,,,,ED21,001,2024-01-26_15h39.29.116,rating,2023.2.3,60.00646673427793,2024-01-26 15h39.42.737657 +0800,
neg_96.jpg,0,231,231,188,1383.9787558751686,,,,,,,,,,,,,,,,,,,,,,,1383.95051371923,,1383.9505405185027,1383.950546790673,1383.9787558751686,1384.962150020041,1384.9787553049719,1385.962133199222,1385.962133199222,1386.2787708713568,1386.1956289817572,1386.1956369645195,1386.2787708713568,1386.2787708713568,1386.2787708713568,1386.2787708713568,1386.2787708713568,1386.2787708713568,0.07828366630019445,1388.1965290381504,[-113.0],[-62.0],[1],[0],[0],[1.9168219028742897],1388.197386329748,1388.2004582675454,None,,,,,,,,,,,,,ED21,001,2024-01-26_15h39.29.116,rating,2023.2.3,60.00646673427793,2024-01-26 15h39.42.737657 +0800,
neu_38.jpg,0,232,232,316,1388.2288047695856,,,,,,,,,,,,,,,,,,,,,,,1388.2006623981688,,1388.2006897676383,1388.2006957547092,1388.2288047695856,1389.212120512333,1389.2287848126816,1390.2121293503915,1390.2121293503915,1390.5287946770932,1390.44568072716,1390.4456889950216,1390.5287946770932,1390.5287946770932,1390.5287946770932,1390.5287946770932,1390.5287946770932,1390.5287946770932,0.07815850799852342,1392.4464872711997,[63.0],[-19.0],[1],[0],[0],[1.9167169865759206],1392.447315197638,1392.4504358873037,None,,,,,,,,,,,,,ED21,001,2024-01-26_15h39.29.116,rating,2023.2.3,60.00646673427793,2024-01-26 15h39.42.737657 +0800,
neg_132.jpg,0,233,233,37,1392.4788140352903,,,,,,,,,,,,,,,,,,,,,,,1392.4506582642389,,1392.4506873443006,1392.450694471765,1392.4788140352903,1393.4621505902396,1393.4788205925597,1394.4621548667183,1394.4621548667183,1394.7788532648628,1394.6956737422443,1394.6956814399073,1394.7788532648628,1394.7788532648628,1394.7788532648628,1394.7788532648628,1394.7788532648628,1394.7788532648628,0.07821695321945299,1395.6965273275582,[-236.0],[181.0],[1],[0],[0],[0.9167044422356412],1395.6973552539966,1395.7004599781376,None,,,,,,,,,,,,,ED21,001,2024-01-26_15h39.29.116,rating,2023.2.3,60.00646673427793,2024-01-26 15h39.42.737657 +0800,
neg_51.jpg,0,234,234,139,1395.728866635989,,,,,,,,,,,,,,,,,,,,,,,1395.7006843507643,,1395.7007142861203,1395.7007211284872,1395.728866635989,1396.712195778373,1396.7288364155338,1397.7122094631068,1397.7122094631068,1398.0288516968212,1397.9457192154769,1397.9457271982374,1398.0288516968212,1398.0288516968212,1398.0288516968212,1398.0288516968212,1398.0288516968212,1398.0288516968212,0.07819357513108116,1401.6132622753485,[-53.0],[10.0],[1],[0],[0],[3.5833728194938885],1401.6141244136234,1401.6172354099344,None,,,,,,,,,,,,,ED21,001,2024-01-26_15h39.29.116,rating,2023.2.3,60.00646673427793,2024-01-26 15h39.42.737657 +0800,
neg_62.jpg,0,235,235,151,1401.6455422832623,,,,,,,,,,,,,,,,,,,,,,,1401.6174649143359,,1401.6174951347912,1401.617501977158,1401.6455422832623,1402.6288779829156,1402.645543708757,1403.6288973696228,1403.6288973696228,1403.9455567092537,1403.862413109062,1403.8624210918242,1403.9455567092537,1403.9455567092537,1403.9455567092537,1403.9455567092537,1403.9455567092537,1403.9455567092537,0.07811688359834079,1406.4466161357832,[-266.0],[213.0],[1],[0],[0],[2.500074695843068],1406.447455181069,1406.4505131490332,None,,,,,,,,,,,,,ED21,001,2024-01-26_15h39.29.116,rating,2023.2.3,60.00646673427793,2024-01-26 15h39.42.737657 +0800,
neu_82.jpg,0,236,236,365,1406.4789460359589,,,,,,,,,,,,,,,,,,,,,,,1406.4507457895197,,1406.4507731589893,1406.45077914606,1406.4789460359589,1407.4622500896621,1407.4788998499807,1408.4622506598607,1408.4622506598607,1408.7789216885358,1408.6958105895883,1408.6958185723506,1408.7789216885358,1408.7789216885358,1408.7789216885358,1408.7789216885358,1408.7789216885358,1408.7789216885358,0.0781995622019167,1410.3632604222075,[78.0],[-59.0],[1],[0],[0],[1.5833833681444958],1410.3640920549278,1410.3671999151538,None,,,,,,,,,,,,,ED21,001,2024-01-26_15h39.29.116,rating,2023.2.3,60.00646673427793,2024-01-26 15h39.42.737657 +0800,
neu_166.jpg,0,237,237,266,1410.3956174067534,,,,,,,,,,,,,,,,,,,,,,,1410.367432270541,,1410.3674622058988,1410.3674687631665,1410.3956174067534,1411.378939421671,1411.3956037220196,1412.378944838545,1412.378944838545,1412.6956152970233,1412.612475118016,1412.6124831007783,1412.6956152970233,1412.6956152970233,1412.6956152970233,1412.6956152970233,1412.6956152970233,1412.6956152970233,0.07820640456884576,1414.7799665750354,[33.0],[2.0],[1],[0],[0],[2.0833388927567285],1414.780779106146,1414.7838661541718,None,,,,,,,,,,,,,ED21,001,2024-01-26_15h39.29.116,rating,2023.2.3,60.00646673427793,2024-01-26 15h39.42.737657 +0800,
neg_137.jpg,0,238,238,42,1414.8123392400066,,,,,,,,,,,,,,,,,,,,,,,1414.7841153303798,,1414.7841449806383,1414.7841518230052,1414.8123392400066,1415.795639587428,1415.812325555271,1416.7956378768358,1416.7956378768358,1417.1123662103364,1417.02922375054,1417.0292311631056,1417.1123662103364,1417.1123662103364,1417.1123662103364,1417.1123662103364,1417.1123662103364,1417.1123662103364,0.07827425804498489,1422.280023879861,[-47.0],[-59.0],[1],[0],[0],[5.166668947456856],1422.2808865883326,1422.2839556751442,None,,,,,,,,,,,,,ED21,001,2024-01-26_15h39.29.116,rating,2023.2.3,60.00646673427793,2024-01-26 15h39.42.737657 +0800,
neu_90.jpg,0,239,239,374,1422.3123532098398,,,,,,,,,,,,,,,,,,,,,,,1422.2841834689534,,1422.2842145447048,1422.2842213870717,1422.3123532098398,1423.2956968922535,1423.3123512141483,1424.2957453590207,1424.2957453590207,1424.6123647848435,1424.529222895244,1424.529230592907,1424.6123647848435,1424.6123647848435,1424.6123647848435,1424.6123647848435,1424.6123647848435,1424.6123647848435,0.07820241318950139,1429.0300727742779,[-3.0],[-44.0],[1],[0],[0],[4.41673580308634],1429.030938048636,1440.279587964047,space,1429.0457235489757,1429.0457235489757,11.232286964321247,None,,,,,,,,,ED21,001,2024-01-26_15h39.29.116,rating,2023.2.3,60.00646673427793,2024-01-26 15h39.42.737657 +0800,
neu_73.jpg,0,240,240,355,1440.295844858445,,,,,,,,,,,,,,,,,,,,,,,1440.2799682856275,1440.295844858445,1441.2793359368534,1441.279343349417,1441.312478653239,1442.279149482345,1442.312488631691,1443.2791560396145,1443.2791560396145,1443.595828208685,1443.5127079865815,1443.5127156842445,1443.595828208685,1443.595828208685,1443.595828208685,1443.595828208685,1443.595828208685,1443.595828208685,0.06607061094837263,1449.0135886562675,[-3.0],[-44.0],[1],[0],[0],[5.4167050124324305],1449.0144308376366,1449.0175418339477,None,,,,,1441.312478653239,,,,,,,,ED21,001,2024-01-26_15h39.29.116,rating,2023.2.3,60.00646673427793,2024-01-26 15h39.42.737657 +0800,
neu_184.jpg,0,241,241,286,1449.0458569751372,,,,,,,,,,,,,,,,,,,,,,,1449.0177676320673,,1449.0177975674233,1449.0178044097902,1449.0458569751372,1450.0292035085367,1450.045872085364,1451.0292100658062,1451.0292100658062,1451.3458830901727,1451.2627389197842,1451.2627469025447,1451.3458830901727,1451.3458830901727,1451.3458830901727,1451.3458830901727,1451.3458830901727,1451.3458830901727,0.07813997658740846,1452.4302640184414,[-3.0],[-44.0],[1],[0],[0],[1.0833813724530046],1452.431101353135,1452.4342203322067,None,,,,,,,,,,,,,ED21,001,2024-01-26_15h39.29.116,rating,2023.2.3,60.00646673427793,2024-01-26 15h39.42.737657 +0800,
neg_110.jpg,0,242,242,13,1452.462553149513,,,,,,,,,,,,,,,,,,,,,,,1452.4344427091437,,1452.4344732146965,1452.4344800570652,1452.462553149513,1453.4459364606373,1453.4625611322735,1454.445979225431,1454.445979225431,1454.7625735625752,1454.6794313878763,1454.6794390855393,1454.7625735625752,1454.7625735625752,1454.7625735625752,1454.7625735625752,1454.7625735625752,1454.7625735625752,0.0781605036900146,1456.097022771968,[-145.0],[-29.0],[1],[0],[0],[1.3334111652602587],1456.0978598215625,1456.100846514868,None,,,,,,,,,,,,,ED21,001,2024-01-26_15h39.29.116,rating,2023.2.3,60.00646673427793,2024-01-26 15h39.42.737657 +0800,
neu_98.jpg,0,243,243,382,1456.1292517472266,,,,,,,,,,,,,,,,,,,,,,,1456.1010874232143,,1456.1011147926838,1456.1011207797546,1456.1292517472266,1457.112612820656,1457.1292517472266,1458.112588872371,1458.112588872371,1458.4292633222303,1458.346137683253,1458.346145380916,1458.4292633222303,1458.4292633222303,1458.4292633222303,1458.4292633222303,1458.4292633222303,1458.4292633222303,0.07820070259731438,1459.180311772463,[51.0],[25.0],[1],[0],[0],[0.7500263716246991],1459.1811548091282,1459.184240146562,None,,,,,,,,,,,,,ED21,001,2024-01-26_15h39.29.116,rating,2023.2.3,60.00646673427793,2024-01-26 15h39.42.737657 +0800,
neu_10.jpg,0,244,244,193,1459.2126020439282,,,,,,,,,,,,,,,,,,,,,,,1459.1844613831036,,1459.184491033362,1459.184497875729,1459.2126020439282,1460.1959451561452,1460.2126302686938,1461.1959462965388,1461.1959462965388,1461.5126213165968,1461.4294805673908,1461.429488550153,1461.5126213165968,1461.5126213165968,1461.5126213165968,1461.5126213165968,1461.5126213165968,1461.5126213165968,0.07818359667908226,1462.1803730686697,[51.0],[-4.0],[1],[0],[0],[0.6667108569563425],1462.1812257986894,1462.1842732180048,None,,,,,,,,,,,,,ED21,001,2024-01-26_15h39.29.116,rating,2023.2.3,60.00646673427793,2024-01-26 15h39.42.737657 +0800,
neu_51.jpg,0,245,245,331,1462.2126202902418,,,,,,,,,,,,,,,,,,,,,,,1462.184475638036,,1462.1845030075056,1462.1845092796739,1462.2126202902418,1463.1959608365705,1463.2126265624102,1464.1959736660083,1464.1959736660083,1464.5126418436976,1464.429538442415,1464.429546140078,1464.5126418436976,1464.5126418436976,1464.5126418436976,1464.5126418436976,1464.5126418436976,1464.5126418436976,0.078195000623964,1465.0970638261715,[51.0],[-4.0],[1],[0],[0],[0.5833665473255678],1465.0978897569184,1465.1009956214548,None,,,,,,,,,,,,,ED21,001,2024-01-26_15h39.29.116,rating,2023.2.3,60.00646673427793,2024-01-26 15h39.42.737657 +0800,
neu_16.jpg,0,246,246,259,1465.1293307195483,,,,,,,,,,,,,,,,,,,,,,,1465.1012185685868,,1465.1012482188453,1465.1012553463115,1465.1293307195483,1466.1126464622957,1466.1293230218853,1467.1126778231464,1467.1126778231464,1467.4293240482402,1467.346248586622,1467.3462565693844,1467.4293240482402,1467.4293240482402,1467.4293240482402,1467.4293240482402,1467.4293240482402,1467.4293240482402,0.0781285726425267,1468.680384757714,[6.0],[-2.0],[1],[0],[0],[1.2500215249474422],1468.68124005362,1468.6843359397044,None,,,,,,,,,,,,,ED21,001,2024-01-26_15h39.29.116,rating,2023.2.3,60.00646673427793,2024-01-26 15h39.42.737657 +0800,
neu_120.jpg,0,247,247,216,1468.7126693272057,,,,,,,,,,,,,,,,,,,,,,,1468.6845631633169,,1468.6845933837722,1468.684600226139,1468.7126693272057,1469.6960038864636,1469.7126704676011,1470.6960115841266,1470.6960115841266,1471.0127111226666,1470.9295404381046,1470.9295481357676,1471.0127111226666,1471.0127111226666,1471.0127111226666,1471.0127111226666,1471.0127111226666,1471.0127111226666,0.07817247783168568,1471.263776963915,[6.0],[-1.0],[1],[0],[0],[0.2500072700149758],1471.2647035344817,1471.2678581508844,None,,,,,,,,,,,,,ED21,001,2024-01-26_15h39.29.116,rating,2023.2.3,60.00646673427793,2024-01-26 15h39.42.737657 +0800,
neu_52.jpg,0,248,248,332,1471.2960090752586,,,,,,,,,,,,,,,,,,,,,,,1471.268060856013,,1471.268088510582,1471.268094782752,1471.2960090752586,1472.2793567490535,1472.2960321682476,1473.2793806973386,1473.2793806973386,1473.5960394667727,1473.5129166787829,1473.5129243764459,1473.5960394667727,1473.5960394667727,1473.5960394667727,1473.5960394667727,1473.5960394667727,1473.5960394667727,0.07800341434085567,1474.263824005191,[4.0],[1.0],[1],[0],[0],[0.6667228310961946],1474.2647254870753,1474.267876967393,None,,,,,,,,,,,,,ED21,001,2024-01-26_15h39.29.116,rating,2023.2.3,60.00646673427793,2024-01-26 15h39.42.737657 +0800,
neg_139.jpg,0,249,249,44,1474.2960498443645,,,,,,,,,,,,,,,,,,,,,,,1474.2681001996261,,1474.2681304200814,1474.2681375475458,1474.2960498443645,1475.2793792718458,1475.2960427168982,1476.2793824079308,1476.2793824079308,1476.5960560024942,1476.5129280827277,1476.5129357803908,1476.5960560024942,1476.5960560024942,1476.5960560024942,1476.5960560024942,1476.5960560024942,1476.5960560024942,0.07797832566211582,1477.6804819763493,[-277.0],[189.0],[1],[0],[0],[1.083343169235377],1477.6813429742288,1477.684461098006,None,,,,,,,,,,,,,ED21,001,2024-01-26_15h39.29.116,rating,2023.2.3,60.00646673427793,2024-01-26 15h39.42.737657 +0800,
neg_15.jpg,0,250,250,56,1477.712730338315,,,,,,,,,,,,,,,,,,,,,,,1477.684689462012,,1477.6847162612848,1477.6847222483557,1477.712730338315,1478.6960688889521,1478.7127351849904,1479.6960782972074,1479.6960782972074,1480.0127650063077,1479.9296502010802,1479.9296581838407,1480.0127650063077,1480.0127650063077,1480.0127650063077,1480.0127650063077,1480.0127650063077,1480.0127650063077,0.07810633494773356,1480.513945884857,[-226.0],[-52.0],[1],[0],[0],[0.5001365622465528],1480.5148596259842,1480.5179632097315,None,,,,,,,,,,,,,ED21,001,2024-01-26_15h39.29.116,rating,2023.2.3,60.00646673427793,2024-01-26 15h39.42.737657 +0800,
neg_122.jpg,0,251,251,26,1480.5460907560173,,,,,,,,,,,,,,,,,,,,,,,1480.5181664850588,,1480.5181938545265,1480.5182001266967,1480.5460907560173,1481.529418187809,1481.5461070066394,1482.5294264556705,1482.5294264556705,1482.8461259942087,1482.7629761218486,1482.7629843897084,1482.8461259942087,1482.8461259942087,1482.8461259942087,1482.8461259942087,1482.8461259942087,1482.8461259942087,0.07798716371871706,1483.597200388418,[-248.0],[82.0],[1],[0],[0],[0.7500183888605534],1483.598067088269,1483.6011863524418,None,,,,,,,,,,,,,ED21,001,2024-01-26_15h39.29.116,rating,2023.2.3,60.00646673427793,2024-01-26 15h39.42.737657 +0800,
neg_163.jpg,0,252,252,71,1483.6294478950877,,,,,,,,,,,,,,,,,,,,,,,1483.601408729377,,1483.6014378094387,1483.601444936905,1483.6294478950877,1484.6127741864839,1484.6294390570292,1485.6127810288526,1485.6127810288526,1485.9294933968304,1485.8463475158496,1485.846355498612,1485.9294933968304,1485.9294933968304,1485.9294933968304,1485.9294933968304,1485.9294933968304,1485.9294933968304,0.07810776044243539,1487.0139002690757,[-342.0],[288.0],[1],[0],[0],[1.0833394629535178],1487.014751003404,1487.0177510963458,None,,,,,,,,,,,,,ED21,001,2024-01-26_15h39.29.116,rating,2023.2.3,60.00646673427793,2024-01-26 15h39.42.737657 +0800,
neu_117.jpg,0,253,253,212,1487.0461292443342,,,,,,,,,,,,,,,,,,,,,,,1487.0179737583803,,1487.0180036937363,1487.018010536105,1487.0461292443342,1488.0294646588882,1488.0461303847278,1489.0294700757622,1489.0294700757622,1489.3461365428593,1489.2630260141086,1489.263033996871,1489.3461365428593,1489.3461365428593,1489.3461365428593,1489.3461365428593,1489.3461365428593,1489.3461365428593,0.07820469397847774,1490.7638949947504,[69.0],[-69.0],[1],[0],[0],[1.4167030167427583],1490.7648164335405,1490.767810824511,None,,,,,,,,,,,,,ED21,001,2024-01-26_15h39.29.116,rating,2023.2.3,60.00646673427793,2024-01-26 15h39.42.737657 +0800,
neg_144.jpg,0,254,254,50,1490.7961530500706,,,,,,,,,,,,,,,,,,,,,,,1490.7680329163468,,1490.7680639920982,1490.7680711195644,1490.7961530500706,1491.7795754197068,1491.7961576116486,1492.7795306592216,1492.7795306592216,1493.096201972996,1493.0130455433664,1493.0130532410294,1493.096201972996,1493.096201972996,1493.096201972996,1493.096201972996,1493.096201972996,1493.096201972996,0.0782277869675454,1494.4306007199302,[-276.0],[167.0],[1],[0],[0],[1.3333282015573786],1494.431465709191,1494.4345604548798,None,,,,,,,,,,,,,ED21,001,2024-01-26_15h39.29.116,rating,2023.2.3,60.00646673427793,2024-01-26 15h39.42.737657 +0800,
neu_103.jpg,0,255,255,197,1494.4628462309101,,,,,,,,,,,,,,,,,,,,,,,1494.434784257308,,1494.4348139075664,1494.4348207499334,1494.4628462309101,1495.4461879176324,1495.4628473713037,1496.4462110106233,1496.4462110106233,1496.7627882418474,1496.6797193374987,1496.6797270351617,1496.7627882418474,1496.7627882418474,1496.7627882418474,1496.7627882418474,1496.7627882418474,1496.7627882418474,0.07802850302141451,1500.0972947560658,[78.0],[-13.0],[1],[0],[0],[3.333374387535514],1500.0981600304258,1500.101226551349,None,,,,,,,,,,,,,ED21,001,2024-01-26_15h39.29.116,rating,2023.2.3,60.00646673427793,2024-01-26 15h39.42.737657 +0800,
neg_147.jpg,0,256,256,53,1500.1295525262867,,,,,,,,,,,,,,,,,,,,,,,1500.1014534898623,,1500.1014831401208,1500.1014899824877,1500.1295525262867,1501.1129307056362,1501.1295579431608,1502.1129201569856,1502.1129201569856,1502.4294962478161,1502.3464396027084,1502.3464478705682,1502.4294962478161,1502.4294962478161,1502.4294962478161,1502.4294962478161,1502.4294962478161,1502.4294962478161,0.07810833063922473,1506.5973477844127,[-249.0],[171.0],[1],[0],[0],[4.16675590253908],1506.5982221819268,1506.6013320378443,None,,,,,,,,,,,,,ED21,001,2024-01-26_15h39.29.116,rating,2023.2.3,60.00646673427793,2024-01-26 15h39.42.737657 +0800,
neg_40.jpg,0,257,257,127,1506.629598142068,,,,,,,,,,,,,,,,,,,,,,,1506.6015532743859,,1506.6015823544458,1506.6015891968145,1506.629598142068,1507.6129321311291,1507.6296009930556,1508.6129372629039,1508.6129372629039,1508.9295395828085,1508.8464595596124,1508.8464672572754,1508.9295395828085,1508.9295395828085,1508.9295395828085,1508.9295395828085,1508.9295395828085,1508.9295395828085,0.07800854611559771,1511.0974159229863,[-249.0],[149.0],[1],[0],[0],[2.1667906845723337],1511.0982888950075,1511.10136653478,None,,,,,,,,,,,,,ED21,001,2024-01-26_15h39.29.116,rating,2023.2.3,60.00646673427793,2024-01-26 15h39.42.737657 +0800,
neu_188.jpg,0,258,258,290,1511.1296246562415,,,,,,,,,,,,,,,,,,,,,,,1511.101569525008,,1511.101597179575,1511.1016031666477,1511.1296246562415,1512.1129763214176,1512.1296283625234,1513.113002835591,1513.113002835591,1513.4295675224748,1513.3465151538476,1513.346523136608,1513.4295675224748,1513.4295675224748,1513.4295675224748,1513.4295675224748,1513.4295675224748,1513.4295675224748,0.07802593713495298,1520.2641150908967,[-2.0],[31.0],[1],[0],[0],[6.833467614791516],1520.2649886331164,1520.2680460308839,None,,,,,,,,,,,,,ED21,001,2024-01-26_15h39.29.116,rating,2023.2.3,60.00646673427793,2024-01-26 15h39.42.737657 +0800,
neg_192.jpg,0,259,259,103,1520.2963774226955,,,,,,,,,,,,,,,,,,,,,,,1520.2682758203846,,1520.268305470643,1520.26831231301,1520.2963774226955,1521.2797173988274,1521.2963583210876,1522.2797350749424,1522.2797350749424,1522.6130361921314,1522.513228291591,1522.5132362743534,1522.6130361921314,1522.6130361921314,1522.6130361921314,1522.6130361921314,1522.6130361921314,1522.6130361921314,0.09478346473588317,1523.7809695520355,[-192.0],[143.0],[1],[0],[0],[1.1668539764705201],1523.7818410985637,1523.7850190930549,None,,,,,,,,,,,,,ED21,001,2024-01-26_15h39.29.116,rating,2023.2.3,60.00646673427793,2024-01-26 15h39.42.737657 +0800,
neu_183.jpg,0,260,260,285,1523.813044003833,,,,,,,,,,,,,,,,,,,,,,,1523.7852235087757,,1523.7852500229492,1523.7852562951193,1523.813044003833,1524.7963822693728,1524.8130525567922,1525.7963865458532,1525.7963865458532,1526.129730427836,1526.0299171104216,1526.029925093184,1526.129730427836,1526.129730427836,1526.129730427836,1526.129730427836,1526.129730427836,1526.129730427836,0.09455139444617089,1534.4642571840577,[-1.0],[-11.0],[1],[0],[0],[8.333420573515468],1534.4651908820888,1534.4683238309954,None,,,,,,,,,,,,,ED21,001,2024-01-26_15h39.29.116,rating,2023.2.3,60.00646673427793,2024-01-26 15h39.42.737657 +0800,
neg_65.jpg,0,261,261,154,1534.4964701937915,,,,,,,,,,,,,,,,,,,,,,,1534.4685564714819,,1534.4685855515418,1534.4685923939105,1534.4964701937915,1535.4797879322305,1535.4964550835648,1536.4798016169643,1536.4798016169643,1536.8131406522716,1536.7133239136729,1536.7133318964352,1536.8131406522716,1536.8131406522716,1536.8131406522716,1536.8131406522716,1536.8131406522716,1536.8131406522716,0.09460727377881994,1537.7309367371818,[-218.0],[-23.0],[1],[0],[0],[0.9167269650279195],1537.7318473422238,1537.7349680318894,None,,,,,,,,,,,,,ED21,001,2024-01-26_15h39.29.116,rating,2023.2.3,60.00646673427793,2024-01-26 15h39.42.737657 +0800,
neu_26.jpg,0,262,262,303,1537.7631466108323,,,,,,,,,,,,,,,,,,,,,,,1537.7351958256986,,1537.7352257610564,1537.7352326034234,1537.7631466108323,1538.7464897230493,1538.7631799673727,1539.7465162372227,1539.7465162372227,1540.0798264775658,1539.9800134452507,1539.9800211429138,1540.0798264775658,1540.0798264775658,1540.0798264775658,1540.0798264775658,1540.0798264775658,1540.0798264775658,0.09465716604063346,1541.0809423536248,[78.0],[39.0],[1],[0],[0],[1.000020242003302],1541.0818267295926,1541.0848137079975,None,,,,,,,,,,,,,ED21,001,2024-01-26_15h39.29.116,rating,2023.2.3,60.00646673427793,2024-01-26 15h39.42.737657 +0800,
neu_111.jpg,0,263,263,206,1541.1131867242111,,,,,,,,,,,,,,,,,,,,,,,1541.08504093161,,1541.0850705818684,1541.0850774242354,1541.1131867242111,1542.0965067434372,1542.113202689734,1543.0965187175807,1543.0965187175807,1543.4298457787427,1543.330036167612,1543.3300441503743,1543.4298457787427,1543.4298457787427,1543.4298457787427,1543.4298457787427,1543.4298457787427,1543.4298457787427,0.09482993581332266,1544.1809797585665,[58.0],[36.0],[1],[0],[0],[0.7500357798780897],1544.181865274928,1544.1849734202533,None,,,,,,,,,,,,,ED21,001,2024-01-26_15h39.29.116,rating,2023.2.3,60.00646673427793,2024-01-26 15h39.42.737657 +0800,
neg_181.jpg,0,264,264,91,1544.2131873514281,,,,,,,,,,,,,,,,,,,,,,,1544.1851949418924,,1544.185224592151,1544.1852314345178,1544.2131873514281,1545.1965219106842,1545.2132124401069,1546.1965290381504,1546.1965290381504,1546.5298660777662,1546.430059032522,1546.430066730185,1546.5298660777662,1546.5298660777662,1546.5298660777662,1546.5298660777662,1546.5298660777662,1546.5298660777662,0.09469765004541841,1548.1143892702548,[-233.0],[118.0],[1],[0],[0],[1.5834061760342593],1548.1153021560858,1548.118367251518,None,,,,,,,,,,,,,ED21,001,2024-01-26_15h39.29.116,rating,2023.2.3,60.00646673427793,2024-01-26 15h39.42.737657 +0800,
neu_176.jpg,0,265,265,277,1548.1465469708546,,,,,,,,,,,,,,,,,,,,,,,1548.1185944751305,,1548.1186209893021,1548.1186272614723,1548.1465469708546,1549.1299086144827,1549.146542694376,1550.1299100399756,1550.1299100399756,1550.46323054387,1550.3634294856984,1550.3634371833614,1550.46323054387,1550.46323054387,1550.46323054387,1550.46323054387,1550.46323054387,1550.46323054387,0.09466571899793053,1551.6310709616191,[67.0],[-66.0],[1],[0],[0],[1.1666937510362914],1551.6320058000456,1551.635149297601,None,,,,,,,,,,,,,ED21,001,2024-01-26_15h39.29.116,rating,2023.2.3,60.00646673427793,2024-01-26 15h39.42.737657 +0800,
neg_68.jpg,0,266,266,157,1551.6632306579104,,,,,,,,,,,,,,,,,,,,,,,1551.635376236116,,1551.635407026768,1551.6354141542342,1551.6632306579104,1552.6465800422957,1552.6632409214617,1553.646579472099,1553.646579472099,1553.9799438811842,1553.8801274276848,1553.880135410447,1553.9799438811842,1553.9799438811842,1553.9799438811842,1553.9799438811842,1553.9799438811842,1553.9799438811842,0.09459016786058783,1554.8977539359294,[-207.0],[63.0],[1],[0],[0],[0.9166747919771296],1554.898651141335,1554.9016937139731,None,,,,,,,,,,,,,ED21,001,2024-01-26_15h39.29.116,rating,2023.2.3,60.00646673427793,2024-01-26 15h39.42.737657 +0800,
neu_118.jpg,0,267,267,213,1554.929928457348,,,,,,,,,,,,,,,,,,,,,,,1554.9019169462044,,1554.9019437454772,1554.9019500176473,1554.929928457348,1555.9132635868027,1555.9299646648742,1556.913270714269,1556.913270714269,1557.2466137409556,1557.1468277930107,1557.1468354906738,1557.2466137409556,1557.2466137409556,1557.2466137409556,1557.2466137409556,1557.2466137409556,1557.2466137409556,0.09472188342988375,1558.4977990385323,[-6.0],[-9.0],[1],[0],[0],[1.2500585877696722],1558.4986985247288,1558.501787283345,None,,,,,,,,,,,,,ED21,001,2024-01-26_15h39.29.116,rating,2023.2.3,60.00646673427793,2024-01-26 15h39.42.737657 +0800,
neg_91.jpg,0,268,268,183,1558.5299501818645,,,,,,,,,,,,,,,,,,,,,,,1558.5020190685373,,1558.5020458678082,1558.5020521399783,1558.5299501818645,1559.51330583842,1559.5299632964015,1560.5133240847335,1560.5133240847335,1560.846632329387,1560.7468261394388,1560.746834122201,1560.846632329387,1560.846632329387,1560.846632329387,1560.846632329387,1560.846632329387,1560.846632329387,0.09464120051598002,1561.5977777131538,[-146.0],[-73.0],[1],[0],[0],[0.7500280822150671],1561.598674633462,1561.6017822085905,None,,,,,,,,,,,,,ED21,001,2024-01-26_15h39.29.116,rating,2023.2.3,60.00646673427793,2024-01-26 15h39.42.737657 +0800,
neg_30.jpg,0,269,269,116,1561.6299753275634,,,,,,,,,,,,,,,,,,,,,,,1561.6020057259211,,1561.6020350910803,1561.602041648348,1561.6299753275634,1562.6133110272149,1562.6299704808862,1563.613315018596,1563.613315018596,1563.946653768804,1563.846843017278,1563.846850714941,1563.946653768804,1563.946653768804,1563.946653768804,1563.946653768804,1563.946653768804,1563.946653768804,0.09467284646416374,1565.3144717777996,[-296.0],[235.0],[1],[0],[0],[1.3666570873538149],1565.3153692683045,1578.0972548422578,space,1565.3300059471567,1565.3300059471567,12.766717756341677,None,,,,,,,,,ED21,001,2024-01-26_15h39.29.116,rating,2023.2.3,60.00646673427793,2024-01-26 15h39.42.737657 +0800,
neu_60.jpg,0,270,270,341,1578.113415658414,,,,,,,,,,,,,,,,,,,,,,,1578.0976354489358,1578.113415658414,1579.096971169114,1579.0969788667771,1579.1301230086574,1580.0968109436817,1580.130134982799,1581.0967667533932,1581.0967667533932,1581.430108354587,1581.3302967477648,1581.3303047305271,1581.430108354587,1581.430108354587,1581.430108354587,1581.430108354587,1581.430108354587,1581.430108354587,0.08268102765578078,1583.8478688021696,[-8.0],[-4.0],[1],[0],[0],[2.416621478532761],1583.8487882452682,1583.8519411510788,None,,,,,1579.1301230086574,,,,,,,,ED21,001,2024-01-26_15h39.29.116,rating,2023.2.3,60.00646673427793,2024-01-26 15h39.42.737657 +0800,
neu_115.jpg,0,271,271,210,1583.880137691236,,,,,,,,,,,,,,,,,,,,,,,1583.8521609621275,,1583.8521886166945,1583.8521948888647,1583.880137691236,1584.8634639826341,1584.880114598247,1585.863466263423,1585.863466263423,1586.1968115708987,1586.0970116531207,1586.097028759039,1586.1968115708987,1586.1968115708987,1586.1968115708987,1586.1968115708987,1586.1968115708987,1586.1968115708987,0.09467626764853776,1586.7812703310956,[-6.0],[-4.0],[1],[0],[0],[0.5832927067785931],1586.7822490747112,1586.7853093234662,None,,,,,,,,,,,,,ED21,001,2024-01-26_15h39.29.116,rating,2023.2.3,60.00646673427793,2024-01-26 15h39.42.737657 +0800,
neg_151.jpg,0,272,272,58,1586.8134856216202,,,,,,,,,,,,,,,,,,,,,,,1586.785536832178,,1586.785566767534,1586.785573609901,1586.8134856216202,1587.7968156192983,1587.8135035828345,1588.7968236020606,1588.7968236020606,1589.1301848750609,1589.030392654946,1589.0304009228057,1589.1301848750609,1589.1301848750609,1589.1301848750609,1589.1301848750609,1589.1301848750609,1589.1301848750609,0.0946722762673744,1590.1315291151277,[-351.0],[240.0],[1],[0],[0],[1.000174195265572],1590.1324562558893,1590.135554707862,None,,,,,,,,,,,,,ED21,001,2024-01-26_15h39.29.116,rating,2023.2.3,60.00646673427793,2024-01-26 15h39.42.737657 +0800,
neu_130.jpg,0,273,273,227,1590.1634969400347,,,,,,,,,,,,,,,,,,,,,,,1590.1357559874978,,1590.135782216572,1590.135788488742,1590.1634969400347,1591.1468431883368,1591.1635391346335,1592.1468443287322,1592.1468443287322,1592.4801865001227,1592.3804250706617,1592.3804324832254,1592.4801865001227,1592.4801865001227,1592.4801865001227,1592.4801865001227,1592.4801865001227,1592.4801865001227,0.09445987778417475,1593.2480255493992,[-2.0],[-50.0],[1],[0],[0],[0.766670144870659],1593.24892589089,1593.2520557037114,None,,,,,,,,,,,,,ED21,001,2024-01-26_15h39.29.116,rating,2023.2.3,60.00646673427793,2024-01-26 15h39.42.737657 +0800,
neg_171.jpg,0,274,274,80,1593.280188666873,,,,,,,,,,,,,,,,,,,,,,,1593.2522775104499,,1593.2523077309052,1593.252314573272,1593.280188666873,1594.2635280728064,1594.2801912327595,1595.2635551571766,1595.2635551571766,1595.5968768014664,1595.4970594926726,1595.4970674754331,1595.5968768014664,1595.5968768014664,1595.5968768014664,1595.5968768014664,1595.5968768014664,1595.5968768014664,0.09462837107639643,1597.1980791194328,[-210.0],[225.0],[1],[0],[0],[1.6000385453353374],1597.1989854479943,1597.2020496881305,None,,,,,,,,,,,,,ED21,001,2024-01-26_15h39.29.116,rating,2023.2.3,60.00646673427793,2024-01-26 15h39.42.737657 +0800,
neu_153.jpg,0,275,275,252,1597.2302174333254,,,,,,,,,,,,,,,,,,,,,,,1597.2022774819397,,1597.2023079874944,1597.202314544762,1597.2302174333254,1598.2135562690619,1598.2302222800008,1599.2135953275756,1599.2135953275756,1599.546924384429,1599.4471147732966,1599.447122756059,1599.546924384429,1599.546924384429,1599.546924384429,1599.546924384429,1599.546924384429,1599.546924384429,0.09467028057770221,1605.614776149103,[-88.0],[53.0],[1],[0],[0],[6.066690557932816],1605.6156836180598,1605.6188100096988,None,,,,,,,,,,,,,ED21,001,2024-01-26_15h39.29.116,rating,2023.2.3,60.00646673427793,2024-01-26 15h39.42.737657 +0800,
neg_118.jpg,0,276,276,21,1605.646946394043,,,,,,,,,,,,,,,,,,,,,,,1605.619034667423,,1605.6190643176815,1605.6190711600484,1605.646946394043,1606.6302969188237,1606.6469677764417,1607.630298059219,1607.630298059219,1607.9636256905796,1607.863829193986,1607.863836891649,1607.9636256905796,1607.9636256905796,1607.9636256905796,1607.9636256905796,1607.9636256905796,1607.9636256905796,0.09461725223081885,1608.6648417503002,[-245.0],[214.0],[1],[0],[0],[0.7000152242671902],1608.6657991115171,1608.668950876934,None,,,,,,,,,,,,,ED21,001,2024-01-26_15h39.29.116,rating,2023.2.3,60.00646673427793,2024-01-26 15h39.42.737657 +0800,
neu_164.jpg,0,277,277,264,1608.6969889022494,,,,,,,,,,,,,,,,,,,,,,,1608.6691752495608,,1608.6692051849168,1608.6692117421862,1608.6969889022494,1609.6803360058475,1609.6969626731752,1610.6803043598993,1610.6803043598993,1611.0136699093782,1610.9138349244677,1610.91384290723,1611.0136699093782,1611.0136699093782,1611.0136699093782,1611.0136699093782,1611.0136699093782,1611.0136699093782,0.09452088889156585,1614.71485004667,[51.0],[-47.0],[1],[0],[0],[3.7000123732814245],1614.715757515627,1614.7188687970374,None,,,,,,,,,,,,,ED21,001,2024-01-26_15h39.29.116,rating,2023.2.3,60.00646673427793,2024-01-26 15h39.42.737657 +0800,
neu_19.jpg,0,278,278,292,1614.7470080323674,,,,,,,,,,,,,,,,,,,,,,,1614.7190948802545,,1614.7191242454137,1614.7191310877824,1614.7470080323674,1615.7303423065277,1615.7470057515784,1616.7303502892883,1616.7303502892883,1617.0637061454145,1616.9639099339183,1616.9639176315814,1617.0637061454145,1617.0637061454145,1617.0637061454145,1617.0637061454145,1617.0637061454145,1617.0637061454145,0.09463492834584031,1618.5649545923388,[37.0],[-97.0],[1],[0],[0],[1.5000533134443685],1618.5659119535576,1618.5690206690797,None,,,,,,,,,,,,,ED21,001,2024-01-26_15h39.29.116,rating,2023.2.3,60.00646673427793,2024-01-26 15h39.42.737657 +0800,
neu_116.jpg,0,279,279,211,1618.5970812171872,,,,,,,,,,,,,,,,,,,,,,,1618.569241620522,,1618.5692712707805,1618.5692781131474,1618.5970812171872,1619.5803655990858,1619.597031895124,1620.5803684500715,1620.5803684500715,1620.9137100512653,1620.813900725234,1620.8139087079944,1620.9137100512653,1620.9137100512653,1620.9137100512653,1620.9137100512653,1620.9137100512653,1620.9137100512653,0.09449294922524132,1624.7150205356538,[1.0],[-14.0],[1],[0],[0],[3.800128465445596],1624.7159334214848,1624.719058387629,None,,,,,,,,,,,,,ED21,001,2024-01-26_15h39.29.116,rating,2023.2.3,60.00646673427793,2024-01-26 15h39.42.737657 +0800,
neg_146.jpg,0,280,280,52,1624.7470975533397,,,,,,,,,,,,,,,,,,,,,,,1624.7192819049596,,1624.7193087042324,1624.7193149764025,1624.7470975533397,1625.7304127258903,1625.7470918513663,1626.7304184278619,1626.7304184278619,1627.063764305536,1626.9639678089425,1626.9639755066055,1627.063764305536,1627.063764305536,1627.063764305536,1627.063764305536,1627.063764305536,1627.063764305536,0.09452659086491622,1631.9650152613285,[-215.0],[-7.0],[1],[0],[0],[4.9000407120856835],1631.965945538177,1631.9690975886915,None,,,,,,,,,,,,,ED21,001,2024-01-26_15h39.29.116,rating,2023.2.3,60.00646673427793,2024-01-26 15h39.42.737657 +0800,
neg_159.jpg,0,281,281,66,1631.9971116657216,,,,,,,,,,,,,,,,,,,,,,,1631.9693205358253,,1631.9693501860838,1631.9693570284508,1631.9971116657216,1632.9804584842204,1632.997125065358,1633.980494406649,1633.980494406649,1634.3138040767953,1634.214009290794,1634.214016988457,1634.3138040767953,1634.3138040767953,1634.3138040767953,1634.3138040767953,1634.3138040767953,1634.3138040767953,0.09450805945380125,1635.5150281192782,[-364.0],[298.0],[1],[0],[0],[1.200026628212072],1635.5159809189172,1635.5191837169896,None,,,,,,,,,,,,,ED21,001,2024-01-26_15h39.29.116,rating,2023.2.3,60.00646673427793,2024-01-26 15h39.42.737657 +0800,
neu_55.jpg,0,282,282,335,1635.5471447656746,,,,,,,,,,,,,,,,,,,,,,,1635.519404668432,,1635.5194317528021,1635.5194380249723,1635.5471447656746,1636.5304998520332,1636.5471718500448,1637.5305141069657,1637.5305141069657,1637.8638280535906,1637.7640195828535,1637.7640272805183,1637.8638280535906,1637.8638280535906,1637.8638280535906,1637.8638280535906,1637.8638280535906,1637.8638280535906,0.09444989933035686,1647.1651810176754,[-77.0],[17.0],[1],[0],[0],[9.300133597220338],1647.166151208332,1647.1693913543259,None,,,,,,,,,,,,,ED21,001,2024-01-26_15h39.29.116,rating,2023.2.3,60.00646673427793,2024-01-26 15h39.42.737657 +0800,
neg_104.jpg,0,283,283,6,1647.1972135599754,,,,,,,,,,,,,,,,,,,,,,,1647.1696279861935,,1647.1696602023403,1647.1696679000033,1647.1972135599754,1648.180557242389,1648.1972283851028,1649.1805683612347,1649.1805683612347,1649.5139102475277,1649.4141137509341,1649.4141214485971,1649.5139102475277,1649.5139102475277,1649.5139102475277,1649.5139102475277,1649.5139102475277,1649.5139102475277,0.09430335863180517,1650.41513411895,[-283.0],[-54.0],[1],[0],[0],[0.8999460593386175],1650.4160997480285,1650.4192714703495,None,,,,,,,,,,,,,ED21,001,2024-01-26_15h39.29.116,rating,2023.2.3,60.00646673427793,2024-01-26 15h39.42.737657 +0800,
neg_185.jpg,0,284,284,95,1650.4472470590645,,,,,,,,,,,,,,,,,,,,,,,1650.4194744605775,,1650.4195015449495,1650.4195078171178,1650.4472470590645,1651.4305841842088,1651.4472490547541,1652.4305938775633,1652.4305938775633,1652.7639274959947,1652.6641398374595,1652.66414782022,1652.7639274959947,1652.7639274959947,1652.7639274959947,1652.7639274959947,1652.7639274959947,1652.7639274959947,0.09448068998426606,1653.9651606616335,[-256.0],[20.0],[1],[0],[0],[1.200018075252956],1653.9660966404535,1653.96922958936,None,,,,,,,,,,,,,ED21,001,2024-01-26_15h39.29.116,rating,2023.2.3,60.00646673427793,2024-01-26 15h39.42.737657 +0800,
neg_141.jpg,0,285,285,47,1653.997280444115,,,,,,,,,,,,,,,,,,,,,,,1653.969452536494,,1653.9694827569492,1653.9694895993161,1653.997280444115,1654.9806093013995,1654.997294413948,1655.9806380963619,1655.9806380963619,1656.3139588853555,1656.2141943198076,1656.2142020174706,1656.3139588853555,1656.3139588853555,1656.3139588853555,1656.3139588853555,1656.3139588853555,1656.3139588853555,0.09456735996900534,1657.7152203897967,[-263.0],[-13.0],[1],[0],[0],[1.4000099214317743],1657.7161555133225,1657.7192582417738,None,,,,,,,,,,,,,ED21,001,2024-01-26_15h39.29.116,rating,2023.2.3,60.00646673427793,2024-01-26 15h39.42.737657 +0800,
neu_187.jpg,0,286,286,289,1657.7473079561332,,,,,,,,,,,,,,,,,,,,,,,1657.7194843249908,,1657.7195142603487,1657.7195211027156,1657.7473079561332,1658.7306376687138,1658.7473447338562,1659.7306405196996,1659.7306405196996,1660.0639809804998,1659.9642075768952,1659.9642164149518,1660.0639809804998,1660.0639809804998,1660.0639809804998,1660.0639809804998,1660.0639809804998,1660.0639809804998,0.09452459517342504,1662.4652670034247,[-50.0],[-31.0],[1],[0],[0],[2.4000344399155438],1662.4662511639144,1662.4693644410145,None,,,,,,,,,,,,,ED21,001,2024-01-26_15h39.29.116,rating,2023.2.3,60.00646673427793,2024-01-26 15h39.42.737657 +0800,
neg_115.jpg,0,287,287,18,1662.4973491528854,,,,,,,,,,,,,,,,,,,,,,,1662.469589383838,,1662.4696258764634,1662.4696318635342,1662.4973491528854,1663.4806748740848,1663.4973434509138,1664.4806939756945,1664.4806939756945,1664.8140113435038,1664.7142020174706,1664.7142094300361,1664.8140113435038,1664.8140113435038,1664.8140113435038,1664.8140113435038,1664.8140113435038,1664.8140113435038,0.09443906558226445,1667.015367956852,[-276.0],[89.0],[1],[0],[0],[2.200128408425371],1667.0162939572201,1667.019291769373,None,,,,,,,,,,,,,ED21,001,2024-01-26_15h39.29.116,rating,2023.2.3,60.00646673427793,2024-01-26 15h39.42.737657 +0800,
neg_83.jpg,0,288,288,174,1667.0473947971768,,,,,,,,,,,,,,,,,,,,,,,1667.0195195631823,,1667.0195489283415,1667.019555485611,1667.0473947971768,1668.0307259352503,1668.0473699935956,1669.03069885088,1669.03069885088,1669.364069817233,1669.2642602061023,1669.2642681888647,1669.364069817233,1669.364069817233,1669.364069817233,1669.364069817233,1669.364069817233,1669.364069817233,0.0945722066462622,1670.1652996187076,[-261.0],[-45.0],[1],[0],[0],[0.8000090091154561],1670.1662672434777,1670.1692502305013,None,,,,,,,,,,,,,ED21,001,2024-01-26_15h39.29.116,rating,2023.2.3,60.00646673427793,2024-01-26 15h39.42.737657 +0800,
neu_69.jpg,0,289,289,350,1670.197389465833,,,,,,,,,,,,,,,,,,,,,,,1670.1694523654332,,1670.1694788796067,1670.1694985514132,1670.197389465833,1671.1807260207806,1671.1973963082,1672.1807288717664,1672.1807288717664,1672.5140667666783,1672.4142565853508,1672.4142648532106,1672.5140667666783,1672.5140667666783,1672.5140667666783,1672.5140667666783,1672.5140667666783,1672.5140667666783,0.0946403452217055,1678.5154497801595,[44.0],[155.0],[1],[0],[0],[6.000153668162966],1678.516395452334,1678.5194337484936,None,,,,,,,,,,,,,ED21,001,2024-01-26_15h39.29.116,rating,2023.2.3,60.00646673427793,2024-01-26 15h39.42.737657 +0800,
neu_169.jpg,0,290,290,269,1678.5474615102576,,,,,,,,,,,,,,,,,,,,,,,1678.5196566956256,,1678.5196866309834,1678.5196934733503,1678.5474615102576,1679.530776397709,1679.5474409831568,1680.5307823847816,1680.5307823847816,1680.8641217051863,1680.76431294935,1680.7643209321122,1680.8641217051863,1680.8641217051863,1680.8641217051863,1680.8641217051863,1680.8641217051863,1680.8641217051863,0.09448895784407796,1682.9653850342602,[55.0],[99.0],[1],[0],[0],[2.100026000995058],1682.96632300877,1682.969432579588,None,,,,,,,,,,,,,ED21,001,2024-01-26_15h39.29.116,rating,2023.2.3,60.00646673427793,2024-01-26 15h39.42.737657 +0800,
neu_143.jpg,0,291,291,241,1682.997494268091,,,,,,,,,,,,,,,,,,,,,,,1682.9696583777077,,1682.969688598163,1682.96969544053,1682.997494268091,1683.980822840278,1683.997491987302,1684.9808177085015,1684.9808177085015,1685.314188389757,1685.2143890421758,1685.214397024938,1685.314188389757,1685.314188389757,1685.314188389757,1685.314188389757,1685.314188389757,1685.314188389757,0.09458931256449432,1687.0154800006148,[1.0],[-25.0],[1],[0],[0],[1.7000041054197936],1687.0164519018635,1687.0195420859745,None,,,,,,,,,,,,,ED21,001,2024-01-26_15h39.29.116,rating,2023.2.3,60.00646673427793,2024-01-26 15h39.42.737657 +0800,
neu_185.jpg,0,292,292,287,1687.0475145386044,,,,,,,,,,,,,,,,,,,,,,,1687.0197667436987,,1687.0197966790565,1687.0198035214235,1687.0475145386044,1688.0308636378923,1688.0475008538688,1689.0308416852968,1689.0308416852968,1689.364205239086,1689.2644500817933,1689.264457779458,1689.364205239086,1689.364205239086,1689.364205239086,1689.364205239086,1689.364205239086,1689.364205239086,0.09446073307844927,1690.5654882969848,[-26.0],[-35.0],[1],[0],[0],[1.2000038203204895],1690.5664448029074,1690.5695740455321,None,,,,,,,,,,,,,ED21,001,2024-01-26_15h39.29.116,rating,2023.2.3,60.00646673427793,2024-01-26 15h39.42.737657 +0800,
neu_119.jpg,0,293,293,214,1690.5975293922438,,,,,,,,,,,,,,,,,,,,,,,1690.5698001287492,,1690.5698297790077,1690.5698366213746,1690.5975293922438,1691.580857109133,1691.5975256859601,1692.5808782064323,1692.5808782064323,1692.9142092589773,1692.8143993627473,1692.8144070604103,1692.9142092589773,1692.9142092589773,1692.9142092589773,1692.9142092589773,1692.9142092589773,1692.9142092589773,0.09443336361073307,1694.615482338424,[50.0],[-32.0],[1],[0],[0],[1.7000274835081655],1694.616440554939,1694.6196533314614,None,,,,,,,,,,,,,ED21,001,2024-01-26_15h39.29.116,rating,2023.2.3,60.00646673427793,2024-01-26 15h39.42.737657 +0800,
neu_61.jpg,0,294,294,342,1694.6475690494626,,,,,,,,,,,,,,,,,,,,,,,1694.6198871123433,,1694.6199170476993,1694.6199241751656,1694.6475690494626,1695.630915582864,1695.647567053773,1696.6309067448055,1696.6309067448055,1696.964235801659,1696.8644253352322,1696.8644330328952,1696.964235801659,1696.964235801659,1696.964235801659,1696.964235801659,1696.964235801659,1696.964235801659,0.09437434819301416,1699.6656163632924,[29.0],[-39.0],[1],[0],[0],[2.700131259412956],1699.6665591844794,1699.669736038577,None,,,,,,,,,,,,,ED21,001,2024-01-26_15h39.29.116,rating,2023.2.3,60.00646673427793,2024-01-26 15h39.42.737657 +0800,
neu_182.jpg,0,295,295,284,1699.697577060735,,,,,,,,,,,,,,,,,,,,,,,1699.6699766618258,,1699.6700063120825,1699.6700131544494,1699.697577060735,1700.6809235941346,1700.697612412965,1701.6809381341664,1701.6809381341664,1702.0142777396686,1701.9144661328464,1701.9144738305113,1702.0142777396686,1702.0142777396686,1702.0142777396686,1702.0142777396686,1702.0142777396686,1702.0142777396686,0.09432531122729415,1708.4156800828368,[3.0],[-9.0],[1],[0],[0],[6.4001302330561884],1708.4166596817486,1708.4197738141465,None,,,,,,,,,,,,,ED21,001,2024-01-26_15h39.29.116,rating,2023.2.3,60.00646673427793,2024-01-26 15h39.42.737657 +0800,
neg_106.jpg,0,296,296,8,1708.447653609719,,,,,,,,,,,,,,,,,,,,,,,1708.4199953357856,,1708.4200252711416,1708.420031828411,1708.447653609719,1709.4309827521029,1709.4476507587315,1710.4309907348634,1710.4309907348634,1710.7643272042824,1710.6645272865044,1710.6645352692667,1710.7643272042824,1710.7643272042824,1710.7643272042824,1710.7643272042824,1710.7643272042824,1710.7643272042824,0.09436921641827212,1711.2658191254413,[-100.0],[-33.0],[1],[0],[0],[0.5001761909552442],1711.2668166855674,1711.2699376603323,None,,,,,,,,,,,,,ED21,001,2024-01-26_15h39.29.116,rating,2023.2.3,60.00646673427793,2024-01-26 15h39.42.737657 +0800,
neg_12.jpg,0,297,297,23,1711.2976595112596,,,,,,,,,,,,,,,,,,,,,,,1711.2701406505603,,1711.2701674498312,1711.2701737220013,1711.2976595112596,1712.281006899957,1712.2976903019135,1713.281006899957,1713.281006899957,1713.6143487862482,1713.514560272417,1713.5145682551793,1713.6143487862482,1713.6143487862482,1713.6143487862482,1713.6143487862482,1713.6143487862482,1713.6143487862482,0.09423493495887669,1715.3157139525556,[-229.0],[25.0],[1],[0],[0],[1.7000805118550488],1715.3166639012088,1715.3197746124224,None,,,,,,,,,,,,,ED21,001,2024-01-26_15h39.29.116,rating,2023.2.3,60.00646673427793,2024-01-26 15h39.42.737657 +0800,
neg_148.jpg,0,298,298,54,1715.3477000237763,,,,,,,,,,,,,,,,,,,,,,,1715.3200061125135,,1715.3200374733642,1715.3200451710272,1715.3477000237763,1716.3310325873426,1716.347697457888,1717.331035153231,1717.331035153231,1717.664379320313,1717.5646073422013,1717.5646150398643,1717.664379320313,1717.664379320313,1717.664379320313,1717.664379320313,1717.664379320313,1717.664379320313,0.09439516039310547,1718.7657110730597,[-343.0],[269.0],[1],[0],[0],[1.1000051887949667],1718.7666607366136,1718.76975206112,None,,,,,,,,,,,,,ED21,001,2024-01-26_15h39.29.116,rating,2023.2.3,60.00646673427793,2024-01-26 15h39.42.737657 +0800,
neg_33.jpg,0,299,299,119,1718.7977185266773,,,,,,,,,,,,,,,,,,,,,,,1718.7699789996332,,1718.7700092200885,1718.7700160624572,1718.7977185266773,1719.7810528008376,1719.7977213776649,1720.7810947103353,1720.7810947103353,1721.1144214864016,1721.0146375341465,1721.014644946712,1721.1144214864016,1721.1144214864016,1721.1144214864016,1721.1144214864016,1721.1144214864016,1721.1144214864016,0.09446557975570613,1722.0157274662306,[-295.0],[164.0],[1],[0],[0],[0.9000005131783837],1722.016679980772,1724.88151585804,space,1722.031141038864,1722.031141038864,2.844642911108167,None,,,,,,,,,ED21,001,2024-01-26_15h39.29.116,rating,2023.2.3,60.00646673427793,2024-01-26 15h39.42.737657 +0800,
neu_155.jpg,0,300,300,254,1724.8977516551386,,,,,,,,,,,,,,,,,,,,,,,1724.881873371729,1724.8977516551386,1725.8813234164609,1725.881330543927,1725.9144313508132,1726.881109022288,1726.9144350570969,1727.8811016097225,1727.8811016097225,1728.2144506234818,1728.1146375911667,1728.1146452888297,1728.2144506234818,1728.2144506234818,1728.2144506234818,1728.2144506234818,1728.2144506234818,1728.2144506234818,0.08278965023600904,1729.4158736648114,[1.0],[-4.0],[1],[0],[0],[1.2001515014144388],1729.4168595358933,1729.419911801886,None,,,,,1725.9144313508132,,,,,,,,ED21,001,2024-01-26_15h39.29.116,rating,2023.2.3,60.00646673427793,2024-01-26 15h39.42.737657 +0800,
neg_173.jpg,0,301,301,82,1729.447789601767,,,,,,,,,,,,,,,,,,,,,,,1729.4201490039504,,1729.4201775138135,1729.4201835008844,1729.447789601767,1730.4311270120124,1730.4477898868663,1731.4311255865177,1731.4311255865177,1731.7644928465888,1731.6646795291763,1731.6646872268393,1731.7644928465888,1731.7644928465888,1731.7644928465888,1731.7644928465888,1731.7644928465888,1731.7644928465888,0.09436921641827212,1736.7658008791295,[-298.0],[151.0],[1],[0],[0],[5.000037918118323],1736.766790171394,1736.7699809953247,None,,,,,,,,,,,,,ED21,001,2024-01-26_15h39.29.116,rating,2023.2.3,60.00646673427793,2024-01-26 15h39.42.737657 +0800,
neg_69.jpg,0,302,302,158,1736.7978664928705,,,,,,,,,,,,,,,,,,,,,,,1736.7702022318663,,1736.7702321672223,1736.7702390095892,1736.7978664928705,1737.7811793846304,1737.7978428296828,1738.7811859418998,1738.7811859418998,1739.1145249772053,1739.0147367484715,1739.0147444461345,1739.1145249772053,1739.1145249772053,1739.1145249772053,1739.1145249772053,1739.1145249772053,1739.1145249772053,0.09435154030325066,1740.015937013728,[-315.0],[191.0],[1],[0],[0],[0.9001171185191197],1740.016926876191,1740.0200455701652,None,,,,,,,,,,,,,ED21,001,2024-01-26_15h39.29.116,rating,2023.2.3,60.00646673427793,2024-01-26 15h39.42.737657 +0800,
neg_37.jpg,0,303,303,123,1740.047869486405,,,,,,,,,,,,,,,,,,,,,,,1740.0202688023965,,1740.0202987377543,1740.0203055801212,1740.047869486405,1741.031201764874,1741.047884881731,1742.031230274737,1742.031230274737,1742.3645470723495,1742.2647987574255,1742.2648090209768,1742.3645470723495,1742.3645470723495,1742.3645470723495,1742.3645470723495,1742.3645470723495,1742.3645470723495,0.09430278843683482,1743.4659329938368,[-273.0],[-16.0],[1],[0],[0],[1.1001146666712884],1743.4669071758744,1743.4699819646594,None,,,,,,,,,,,,,ED21,001,2024-01-26_15h39.29.116,rating,2023.2.3,60.00646673427793,2024-01-26 15h39.42.737657 +0800,
neg_70.jpg,0,304,304,160,1743.4979199203535,,,,,,,,,,,,,,,,,,,,,,,1743.4702026310042,,1743.470232281261,1743.4702391236297,1743.4979199203535,1744.4812313866223,1744.4978888446021,1745.4812291058333,1745.4812291058333,1745.8145664305466,1745.7148092775642,1745.7148172603265,1745.8145664305466,1745.8145664305466,1745.8145664305466,1745.8145664305466,1745.8145664305466,1745.8145664305466,0.09440257295864285,1747.0159341627423,[-228.0],[-40.0],[1],[0],[0],[1.2000363215647667],1747.0169046384963,1747.020028464247,None,,,,,,,,,,,,,ED21,001,2024-01-26_15h39.29.116,rating,2023.2.3,60.00646673427793,2024-01-26 15h39.42.737657 +0800,
neg_16.jpg,0,305,305,67,1747.047910255511,,,,,,,,,,,,,,,,,,,,,,,1747.0202534070704,,1747.020283057329,1747.0202898996959,1747.047910255511,1748.0312701885468,1748.0479153872857,1749.0312584995027,1749.0312584995027,1749.3646149258257,1749.2648378159392,1749.2648457986998,1749.3646149258257,1749.3646149258257,1749.3646149258257,1749.3646149258257,1749.3646149258257,1749.3646149258257,0.09438461174431723,1751.6659587667546,[-178.0],[-34.0],[1],[0],[0],[2.300009009115456],1751.6669318083968,1751.6701180707478,None,,,,,,,,,,,,,ED21,001,2024-01-26_15h39.29.116,rating,2023.2.3,60.00646673427793,2024-01-26 15h39.42.737657 +0800,
neg_22.jpg,0,306,306,107,1751.6979465485674,,,,,,,,,,,,,,,,,,,,,,,1751.6703410178816,,1751.6703715234344,1751.6703786509006,1751.6979465485674,1752.6813201663372,1752.697967645865,1753.6812913713748,1753.6812913713748,1754.0146227090172,1753.9148207955495,1753.9148287783119,1754.0146227090172,1754.0146227090172,1754.0146227090172,1754.0146227090172,1754.0146227090172,1754.0146227090172,0.09430677981617919,1754.7160138192994,[-222.0],[-57.0],[1],[0],[0],[0.700057133766677],1754.7169991201845,1754.7201226608358,None,,,,,,,,,,,,,ED21,001,2024-01-26_15h39.29.116,rating,2023.2.3,60.00646673427793,2024-01-26 15h39.42.737657 +0800,
neu_21.jpg,0,307,307,298,1754.7479916226603,,,,,,,,,,,,,,,,,,,,,,,1754.7203470334625,,1754.7203769688185,1754.7203838111873,1754.7479916226603,1755.7312956763635,1755.747965963783,1756.7313059399148,1756.7313059399148,1757.0646452603196,1756.9648379299779,1756.964845627641,1757.0646452603196,1757.0646452603196,1757.0646452603196,1757.0646452603196,1757.0646452603196,1757.0646452603196,0.09432160494543496,1759.5659929215708,[-31.0],[-52.0],[1],[0],[0],[2.5000427647955803],1759.5669662483124,1759.5701043289937,None,,,,,,,,,,,,,ED21,001,2024-01-26_15h39.29.116,rating,2023.2.3,60.00646673427793,2024-01-26 15h39.42.737657 +0800,
neg_112.jpg,0,308,308,15,1759.5979960987097,,,,,,,,,,,,,,,,,,,,,,,1759.5703281314236,,1759.5703549306945,1759.5703612028647,1759.5979960987097,1760.5813375003345,1760.5980120642325,1761.5813389258274,1761.5813389258274,1761.9147155941537,1761.8148925833866,1761.814900566149,1761.9147155941537,1761.9147155941537,1761.9147155941537,1761.9147155941537,1761.9147155941537,1761.9147155941537,0.09441711298859445,1764.5162489116356,[-114.0],[-10.0],[1],[0],[0],[2.6001808095552406],1764.5172838196831,1764.5204213301677,None,,,,,,,,,,,,,ED21,001,2024-01-26_15h39.29.116,rating,2023.2.3,60.00646673427793,2024-01-26 15h39.42.737657 +0800,
neg_150.jpg,0,309,309,57,1764.5480274310503,,,,,,,,,,,,,,,,,,,,,,,1764.5206442772997,,1764.5206742126575,1764.5206810550244,1764.5480274310503,1765.5313668369836,1765.5480319926282,1766.5313728240544,1766.5313728240544,1766.8647147103475,1766.7649082353018,1766.7649159329649,1766.8647147103475,1766.8647147103475,1766.8647147103475,1766.8647147103475,1766.8647147103475,1766.8647147103475,0.0940946664322837,1768.2660748589187,[-309.0],[203.0],[1],[0],[0],[1.400044988564332],1768.2670498962525,1768.2701218340499,None,,,,,,,,,,,,,ED21,001,2024-01-26_15h39.29.116,rating,2023.2.3,60.00646673427793,2024-01-26 15h39.42.737657 +0800,
neu_89.jpg,0,310,310,372,1768.2980592195472,,,,,,,,,,,,,,,,,,,,,,,1768.270323398785,,1768.2703501980577,1768.2703561851285,1768.2980592195472,1769.2813912129168,1769.2980512367849,1770.2814011913688,1770.2814011913688,1770.6147422223657,1770.514946295969,1770.514953993632,1770.6147422223657,1770.6147422223657,1770.6147422223657,1770.6147422223657,1770.6147422223657,1770.6147422223657,0.0944476185431995,1772.5161662330302,[55.0],[77.0],[1],[0],[0],[1.9000994424040982],1772.5171469723373,1772.5202588239445,None,,,,,,,,,,,,,ED21,001,2024-01-26_15h39.29.116,rating,2023.2.3,60.00646673427793,2024-01-26 15h39.42.737657 +0800,
neg_50.jpg,0,311,311,138,1772.5481337728415,,,,,,,,,,,,,,,,,,,,,,,1772.5205898234599,,1772.5206174780287,1772.5206237501989,1772.5481337728415,1773.5314272778942,1773.5481007013987,1774.5314192951337,1774.5314192951337,1774.8647663132015,1774.7650026029496,1774.7650103006126,1774.8647663132015,1774.8647663132015,1774.8647663132015,1774.8647663132015,1774.8647663132015,1774.8647663132015,0.09422324591650977,1777.9661941441882,[-114.0],[-30.0],[1],[0],[0],[3.1000522300691955],1777.9672307628261,1777.9703500269989,None,,,,,,,,,,,,,ED21,001,2024-01-26_15h39.29.116,rating,2023.2.3,60.00646673427793,2024-01-26 15h39.42.737657 +0800,
neg_89.jpg,0,312,312,180,1777.998121770188,,,,,,,,,,,,,,,,,,,,,,,1777.9705743996237,,1777.9706043349815,1777.9706111773485,1777.998121770188,1778.9814691588836,1778.998125761569,1779.9815093577927,1779.9815093577927,1780.3148204534318,1780.2149957320726,1780.2150034297356,1780.3148204534318,1780.3148204534318,1780.3148204534318,1780.3148204534318,1780.3148204534318,1780.3148204534318,0.09426829150106641,1781.3162108794768,[-144.0],[-39.0],[1],[0],[0],[1.0000307906520902],1781.3171944697697,1781.3203162998288,None,,,,,,,,,,,,,ED21,001,2024-01-26_15h39.29.116,rating,2023.2.3,60.00646673427793,2024-01-26 15h39.42.737657 +0800,
neg_174.jpg,0,313,313,83,1781.3481564666927,,,,,,,,,,,,,,,,,,,,,,,1781.3205383916666,,1781.3205686121219,1781.3205751693913,1781.3481564666927,1782.33151582953,1782.3481630239603,1783.331502714993,1783.331502714993,1783.6648380440165,1783.5650187395331,1783.5650264371961,1783.6648380440165,1783.6648380440165,1783.6648380440165,1783.6648380440165,1783.6648380440165,1783.6648380440165,0.09432331553762197,1785.966194714385,[-225.0],[199.0],[1],[0],[0],[2.3000098644133686],1785.9672116612182,1785.9703491717028,None,,,,,,,,,,,,,ED21,001,2024-01-26_15h39.29.116,rating,2023.2.3,60.00646673427793,2024-01-26 15h39.42.737657 +0800,
neg_18.jpg,0,314,314,89,1785.9981813558024,,,,,,,,,,,,,,,,,,,,,,,1785.970554727819,,1785.9705820972868,1785.9705880843594,1785.9981813558024,1786.9815139193706,1786.9981802154089,1787.9815392931487,1787.9815392931487,1788.3147876670882,1788.2150504710098,1788.2150584537721,1788.3147876670882,1788.3147876670882,1788.3147876670882,1788.3147876670882,1788.3147876670882,1788.3147876670882,0.09425916834334203,1790.2162567233372,[-188.0],[52.0],[1],[0],[0],[1.9001322287476796],1790.217250292082,1790.2203524503366,None,,,,,,,,,,,,,ED21,001,2024-01-26_15h39.29.116,rating,2023.2.3,60.00646673427793,2024-01-26 15h39.42.737657 +0800,
neg_119.jpg,0,315,315,22,1790.248211433709,,,,,,,,,,,,,,,,,,,,,,,1790.2205776782594,,1790.2206076136154,1790.2206144559823,1790.248211433709,1791.2315571118124,1791.2482094380193,1792.2315856216774,1792.2315856216774,1792.5648257277571,1792.4650891018755,1792.4650967995385,1792.5648257277571,1792.5648257277571,1792.5648257277571,1792.5648257277571,1792.5648257277571,1792.5648257277571,0.09427370837511262,1794.066269182149,[-177.0],[17.0],[1],[0],[0],[1.5000926570573938],1794.0672630359913,1794.0703369694802,None,,,,,,,,,,,,,ED21,001,2024-01-26_15h39.29.116,rating,2023.2.3,60.00646673427793,2024-01-26 15h39.42.737657 +0800,
neg_190.jpg,0,316,316,101,1794.0982321603806,,,,,,,,,,,,,,,,,,,,,,,1794.0705416703004,,1794.0705687546706,1794.0705750268407,1794.0982321603806,1795.081570996117,1795.0982344411696,1796.0815983655866,1796.0815983655866,1796.4315840251238,1796.315104411673,1796.315112109336,1796.4315840251238,1796.4315840251238,1796.4315840251238,1796.4315840251238,1796.4315840251238,1796.4315840251238,0.11106972429115558,1797.8329829471095,[-336.0],[242.0],[1],[0],[0],[1.399979130779684],1797.8339705287835,1797.8371351236383,None,,,,,,,,,,,,,ED21,001,2024-01-26_15h39.29.116,rating,2023.2.3,60.00646673427793,2024-01-26 15h39.42.737657 +0800,
neu_134.jpg,0,317,317,231,1797.8649245429442,,,,,,,,,,,,,,,,,,,,,,,1797.837338684063,,1797.8373657684333,1797.8373723257027,1797.8649245429442,1798.8483109901517,1798.8649276790275,1799.84827820381,1799.84827820381,1800.1982963645933,1800.0818218829154,1800.081829295481,1800.1982963645933,1800.1982963645933,1800.1982963645933,1800.1982963645933,1800.1982963645933,1800.1982963645933,0.11098533509721165,1806.8998400026449,[1.0],[-15.0],[1],[0],[0],[6.700182862265137],1806.9008486816183,1806.904109354713,None,,,,,,,,,,,,,ED21,001,2024-01-26_15h39.29.116,rating,2023.2.3,60.00646673427793,2024-01-26 15h39.42.737657 +0800,
neu_172.jpg,0,318,318,273,1806.9316476021195,,,,,,,,,,,,,,,,,,,,,,,1806.904333157141,,1806.904363092499,1806.9043699348658,1806.9316476021195,1807.9149878633507,1807.9316644229402,1808.914995846113,1808.914995846113,1809.2650131516002,1809.1485272659775,1809.1485349636405,1809.2650131516002,1809.2650131516002,1809.2650131516002,1809.2650131516002,1809.2650131516002,1809.2650131516002,0.11070365764499002,1809.5664308330743,[1.0],[-15.0],[1],[0],[0],[0.30001414089201717],1809.567428108101,1809.5704986204073,None,,,,,,,,,,,,,ED21,001,2024-01-26_15h39.29.116,rating,2023.2.3,60.00646673427793,2024-01-26 15h39.42.737657 +0800,
neg_86.jpg,0,319,319,177,1809.5983399276647,,,,,,,,,,,,,,,,,,,,,,,1809.5707266993159,,1809.5707566346719,1809.5707634770388,1809.5983399276647,1810.5817021414896,1810.598361595161,1811.5816921630376,1811.5816921630376,1811.931691792408,1811.8152170256344,1811.815225008395,1811.931691792408,1811.931691792408,1811.931691792408,1811.931691792408,1811.931691792408,1811.931691792408,0.11099331785771938,1812.9330876353288,[-223.0],[-83.0],[1],[0],[0],[1.0000176761168404],1812.9340831997633,1812.9371773752555,None,,,,,,,,,,,,,ED21,001,2024-01-26_15h39.29.116,rating,2023.2.3,60.00646673427793,2024-01-26 15h39.42.737657 +0800,
neu_108.jpg,0,320,320,202,1812.9650300864578,,,,,,,,,,,,,,,,,,,,,,,1812.9373997521907,,1812.9374305428446,1812.9374376703108,1812.9650300864578,1813.9483652159124,1813.9650360735304,1814.9483717731819,1814.9483717731819,1815.2983788151178,1815.1819003420605,1815.1819083248229,1815.2983788151178,1815.2983788151178,1815.2983788151178,1815.2983788151178,1815.2983788151178,1815.2983788151178,0.11100158571935026,1818.1998202167997,[11.0],[9.0],[1],[0],[0],[2.900033299521965],1818.2008251894895,1818.2039033994588,None,,,,,,,,,,,,,ED21,001,2024-01-26_15h39.29.116,rating,2023.2.3,60.00646673427793,2024-01-26 15h39.42.737657 +0800,
neu_121.jpg,0,321,321,217,1818.2317367239539,,,,,,,,,,,,,,,,,,,,,,,1818.2041291975784,,1818.204158847835,1818.2041659753013,1818.2317367239539,1819.2151049248496,1819.2317347282624,1820.2151117672165,1820.2151117672165,1820.5650922949808,1820.4486029881755,1820.4486104007392,1820.5650922949808,1820.5650922949808,1820.5650922949808,1820.5650922949808,1820.5650922949808,1820.5650922949808,0.11098961157586018,1821.3665821064114,[1.0],[-23.0],[1],[0],[0],[0.8001010959760606],1821.3676278482053,1821.3707037773856,None,,,,,,,,,,,,,ED21,001,2024-01-26_15h39.29.116,rating,2023.2.3,60.00646673427793,2024-01-26 15h39.42.737657 +0800,
neg_8.jpg,0,322,322,170,1821.3984185008485,,,,,,,,,,,,,,,,,,,,,,,1821.370940124154,,1821.3709672085242,1821.3709734806944,1821.3984185008485,1822.3817570514857,1822.3984259134122,1823.3817613279662,1823.3817613279662,1823.7317692251981,1823.6152987349033,1823.6153067176638,1823.7317692251981,1823.7317692251981,1823.7317692251981,1823.7317692251981,1823.7317692251981,1823.7317692251981,0.11085789600656426,1824.4331911261324,[-88.0],[-55.0],[1],[0],[0],[0.6999949822638882],1824.4341878309624,1824.4371468697009,None,,,,,,,,,,,,,ED21,001,2024-01-26_15h39.29.116,rating,2023.2.3,60.00646673427793,2024-01-26 15h39.42.737657 +0800,
neg_191.jpg,0,323,323,102,1824.465101076019,,,,,,,,,,,,,,,,,,,,,,,1824.4373484344378,,1824.4373760890048,1824.4373820760757,1824.465101076019,1825.4484444733334,1825.4651352878554,1826.4484504604043,1826.4484504604043,1826.7984894333877,1826.6819815951712,1826.6820044030628,1826.7984894333877,1826.7984894333877,1826.7984894333877,1826.7984894333877,1826.7984894333877,1826.7984894333877,0.11117036411087611,1828.799914071271,[-265.0],[178.0],[1],[0],[0],[1.9999911619433988],1828.800910205904,1828.8039068776616,None,,,,,,,,,,,,,ED21,001,2024-01-26_15h39.29.116,rating,2023.2.3,60.00646673427793,2024-01-26 15h39.42.737657 +0800,
neu_67.jpg,0,324,324,348,1828.8318017834627,,,,,,,,,,,,,,,,,,,,,,,1828.8041289694993,,1828.8041586197578,1828.8041654621247,1828.8318017834627,1829.8151428999881,1829.83180663014,1830.8151480317647,1830.8151480317647,1831.1651542184045,1831.0487065359994,1831.048713948565,1831.1651542184045,1831.1651542184045,1831.1651542184045,1831.1651542184045,1831.1651542184045,1831.1651542184045,0.11108426432292617,1832.2666199675095,[35.0],[28.0],[1],[0],[0],[1.100026000995058],1832.2676682751917,1832.2707704334462,None,,,,,,,,,,,,,ED21,001,2024-01-26_15h39.29.116,rating,2023.2.3,60.00646673427793,2024-01-26 15h39.42.737657 +0800,
neu_96.jpg,0,325,325,380,1832.2984985565454,,,,,,,,,,,,,,,,,,,,,,,1832.2709936656775,,1832.2710236010353,1832.2710307284997,1832.2984985565454,1833.2818331158014,1833.2985002671376,1834.2818371071826,1834.2818371071826,1834.6318444342178,1834.5154081557594,1834.5154158534224,1834.6318444342178,1834.6318444342178,1834.6318444342178,1834.6318444342178,1834.6318444342178,1834.6318444342178,0.11087500192479638,1837.8333598475056,[-73.0],[88.0],[1],[0],[0],[3.2000981879700703],1837.8343648201953,1837.8373506582066,None,,,,,,,,,,,,,ED21,001,2024-01-26_15h39.29.116,rating,2023.2.3,60.00646673427793,2024-01-26 15h39.42.737657 +0800,
neu_159.jpg,0,326,326,258,1837.8651945313504,,,,,,,,,,,,,,,,,,,,,,,1837.8375753159307,,1837.83760468109,1837.8376115234587,1837.8651945313504,1838.8485652981362,1838.8652022290153,1839.8485809785598,1839.8485809785598,1840.198580607932,1840.082131500034,1840.082139197697,1840.198580607932,1840.198580607932,1840.198580607932,1840.198580607932,1840.198580607932,1840.198580607932,0.11103893363906536,1843.6001158070649,[-2.0],[105.0],[1],[0],[0],[3.400066656060517],1843.6011626892541,1843.6041379786166,None,,,,,,,,,,,,,ED21,001,2024-01-26_15h39.29.116,rating,2023.2.3,60.00646673427793,2024-01-26 15h39.42.737657 +0800,
neu_75.jpg,0,327,327,357,1843.6319082963128,,,,,,,,,,,,,,,,,,,,,,,1843.6043495218037,,1843.6043791720622,1843.6043862995266,1843.6319082963128,1844.615243140668,1844.6319134280875,1845.6152488426414,1845.6152488426414,1845.9652544590845,1845.8487913813533,1845.8487993641156,1845.9652544590845,1845.9652544590845,1845.9652544590845,1845.9652544590845,1845.9652544590845,1845.9652544590845,0.11092831536916492,1848.6834008161804,[20.0],[42.0],[1],[0],[0],[2.716735118849101],1848.6844491238626,1848.687576655895,None,,,,,,,,,,,,,ED21,001,2024-01-26_15h39.29.116,rating,2023.2.3,60.00646673427793,2024-01-26 15h39.42.737657 +0800,
neg_98.jpg,0,328,328,190,1848.7153024982053,,,,,,,,,,,,,,,,,,,,,,,1848.6877790759263,,1848.6878058751972,1848.6878121473674,1848.7153024982053,1849.6986131091762,1849.7153070597833,1850.6986359170678,1850.6986359170678,1851.0486235722965,1850.932185013049,1850.9321929958096,1851.0486235722965,1851.0486235722965,1851.0486235722965,1851.0486235722965,1851.0486235722965,1851.0486235722965,0.11087471682549221,1851.7500779744769,[-95.0],[-48.0],[1],[0],[0],[0.7000152242671902],1851.7510949213083,1851.754243265541,None,,,,,,,,,,,,,ED21,001,2024-01-26_15h39.29.116,rating,2023.2.3,60.00646673427793,2024-01-26 15h39.42.737657 +0800,
neu_157.jpg,0,329,329,256,1851.7819636909771,,,,,,,,,,,,,,,,,,,,,,,1851.754445685574,,1851.7544724848449,1851.754478757015,1851.7819636909771,1852.7652979651357,1852.7819685376544,1853.7653076584902,1853.7653076584902,1854.1153104239474,1853.9988419293422,1853.9988499121027,1854.1153104239474,1854.1153104239474,1854.1153104239474,1854.1153104239474,1854.1153104239474,1854.1153104239474,0.1109020862950274,1856.0167640848704,[3.0],[53.0],[1],[0],[0],[1.9000184743908903],1856.0178126776518,1886.299283433089,space,1856.031912515773,1856.031912515773,30.264666756756924,None,,,,,,,,,ED21,001,2024-01-26_15h39.29.116,rating,2023.2.3,60.00646673427793,2024-01-26 15h39.42.737657 +0800,
neg_138.jpg,0,330,330,43,1886.3155297788362,,,,,,,,,,,,,,,,,,,,,,,1886.2996714523324,1886.3155297788362,1887.2990844342403,1887.2990918468058,1887.3322040576368,1888.2988840099006,1888.3322354184875,1889.2988785930265,1889.2988785930265,1889.6489024557814,1889.5324202764423,1889.5324282592046,1889.6489024557814,1889.6489024557814,1889.6489024557814,1889.6489024557814,1889.6489024557814,1889.6489024557814,0.09943114269117359,1891.6002740368076,[-266.0],[148.0],[1],[0],[0],[1.9499469431448233],1891.6013260507734,1891.6043418241406,None,,,,,1887.3322040576368,,,,,,,,ED21,001,2024-01-26_15h39.29.116,rating,2023.2.3,60.00646673427793,2024-01-26 15h39.42.737657 +0800,
neu_70.jpg,0,331,331,352,1891.632238440532,,,,,,,,,,,,,,,,,,,,,,,1891.604568192457,,1891.6045984129123,1891.6046052552792,1891.632238440532,1892.6155724295932,1892.6322381554346,1893.615606926527,1893.615606926527,1893.965583177811,1893.849107270642,1893.8491146832057,1893.965583177811,1893.965583177811,1893.965583177811,1893.965583177811,1893.965583177811,1893.965583177811,0.11104007403446303,1896.983783589607,[2.0],[9.0],[1],[0],[0],[3.0167580977977195],1896.9848099446954,1896.9878887248615,None,,,,,,,,,,,,,ED21,001,2024-01-26_15h39.29.116,rating,2023.2.3,60.00646673427793,2024-01-26 15h39.42.737657 +0800,
neg_90.jpg,0,332,332,182,1897.0156134267763,,,,,,,,,,,,,,,,,,,,,,,1896.9881453136331,,1896.9881761042852,1896.9881832317515,1897.0156134267763,1897.9989645217556,1898.015607724803,1898.9989479860342,1898.9989479860342,1899.3489604448441,1899.2324808313933,1899.2324893843524,1899.3489604448441,1899.3489604448441,1899.3489604448441,1899.3489604448441,1899.3489604448441,1899.3489604448441,0.11086644896568032,1902.1670338737094,[-3.0],[-18.0],[1],[0],[0],[2.816568393167472],1902.168049395048,1902.1711663784317,None,,,,,,,,,,,,,ED21,001,2024-01-26_15h39.29.116,rating,2023.2.3,60.00646673427793,2024-01-26 15h39.42.737657 +0800,
neu_126.jpg,0,333,333,222,1902.198972903654,,,,,,,,,,,,,,,,,,,,,,,1902.1713938871417,,1902.1714229672034,1902.1714298095703,1902.198972903654,1903.1823111691938,1903.1989766099377,1904.1823411045516,1904.1823411045516,1904.532323057807,1904.4158599800758,1904.415867962838,1904.532323057807,1904.532323057807,1904.532323057807,1904.532323057807,1904.532323057807,1904.532323057807,0.1109531189504196,1907.7005093002026,[70.0],[94.0],[1],[0],[0],[3.166716558927874],1907.7015419274594,1907.704657200251,None,,,,,,,,,,,,,ED21,001,2024-01-26_15h39.29.116,rating,2023.2.3,60.00646673427793,2024-01-26 15h39.42.737657 +0800,
neu_59.jpg,0,334,334,339,1907.7323819021658,,,,,,,,,,,,,,,,,,,,,,,1907.7048795771861,,1907.7049089423454,1907.7049154996148,1907.7323819021658,1908.7157007809983,1908.7323474052318,1909.7156876664612,1909.7156876664612,1910.0656949934964,1909.9492190863257,1909.949227069088,1910.0656949934964,1910.0656949934964,1910.0656949934964,1910.0656949934964,1910.0656949934964,1910.0656949934964,0.11084364107409783,1911.4673519297467,[-5.0],[-24.0],[1],[0],[0],[1.4001655852880504],1911.4684224751236,1911.4715038211762,None,,,,,,,,,,,,,ED21,001,2024-01-26_15h39.29.116,rating,2023.2.3,60.00646673427793,2024-01-26 15h39.42.737657 +0800,
neu_35.jpg,0,335,335,313,1911.4990375070047,,,,,,,,,,,,,,,,,,,,,,,1911.4717407381431,,1911.4717715287952,1911.4717786562614,1911.4990375070047,1912.4823820447145,1912.4990434940773,1913.482381759617,1913.482381759617,1913.832391937638,1913.715912039088,1913.715919736751,1913.832391937638,1913.832391937638,1913.832391937638,1913.832391937638,1913.832391937638,1913.832391937638,0.11067600307796965,1915.0005796055248,[0.0],[-14.0],[1],[0],[0],[1.166727107578481],1915.0016125178827,1915.0047061231762,None,,,,,,,,,,,,,ED21,001,2024-01-26_15h39.29.116,rating,2023.2.3,60.00646673427793,2024-01-26 15h39.42.737657 +0800,
neu_99.jpg,0,336,336,383,1915.0323960430578,,,,,,,,,,,,,,,,,,,,,,,1915.004931351099,,1915.004961286455,1915.004968128822,1915.0323960430578,1916.015744001952,1916.0324074470045,1917.0157665247443,1917.0157665247443,1917.3657835451322,1917.249274281423,1917.2492822641834,1917.3657835451322,1917.3657835451322,1917.3657835451322,1917.3657835451322,1917.3657835451322,1917.3657835451322,0.11088583567288879,1917.7174076665287,[0.0],[-14.0],[1],[0],[0],[0.3501376171097945],1917.718447706353,1917.7215507199016,None,,,,,,,,,,,,,ED21,001,2024-01-26_15h39.29.116,rating,2023.2.3,60.00646673427793,2024-01-26 15h39.42.737657 +0800,
neu_136.jpg,0,337,337,233,1917.749083550436,,,,,,,,,,,,,,,,,,,,,,,1917.7217745223315,,1917.7218044576875,1917.721811014957,1917.749083550436,1918.732420390481,1918.7491009414516,1919.7324238116653,1919.7324238116653,1920.0824482446187,1919.9659806053096,1919.9659888731694,1920.0824482446187,1920.0824482446187,1920.0824482446187,1920.0824482446187,1920.0824482446187,1920.0824482446187,0.11069995136131183,1920.550697379771,[0.0],[-14.0],[1],[0],[0],[0.4667808771791897],1920.5517399854816,1920.5547426443118,None,,,,,,,,,,,,,ED21,001,2024-01-26_15h39.29.116,rating,2023.2.3,60.00646673427793,2024-01-26 15h39.42.737657 +0800,
neg_114.jpg,0,338,338,17,1920.5824342747856,,,,,,,,,,,,,,,,,,,,,,,1920.5549815569684,,1920.5550086413386,1920.5550146284095,1920.5824342747856,1921.5657964886104,1921.5824394065603,1922.565779097593,1922.565779097593,1922.9157795822612,1922.7993247723916,1922.7993324700547,1922.9157795822612,1922.9157795822612,1922.9157795822612,1922.9157795822612,1922.9157795822612,1922.9157795822612,0.11082510966298287,1924.6673397845443,[-143.0],[13.0],[1],[0],[0],[1.7500657152340864],1924.668483885369,1924.6715715035916,None,,,,,,,,,,,,,ED21,001,2024-01-26_15h39.29.116,rating,2023.2.3,60.00646673427793,2024-01-26 15h39.42.737657 +0800,
neu_128.jpg,0,339,339,224,1924.6991433926396,,,,,,,,,,,,,,,,,,,,,,,1924.6717753491175,,1924.6718024334878,1924.671808705658,1924.6991433926396,1925.68249591311,1925.6991470989215,1926.6825118786346,1926.6825118786346,1927.0324855640301,1926.916021060806,1926.9160284733698,1927.0324855640301,1927.0324855640301,1927.0324855640301,1927.0324855640301,1927.0324855640301,1927.0324855640301,0.11073815457893943,1930.3008055747032,[41.0],[-9.0],[1],[0],[0],[3.2668500421095814],1930.3018592992612,1930.3050823393369,None,,,,,,,,,,,,,ED21,001,2024-01-26_15h39.29.116,rating,2023.2.3,60.00646673427793,2024-01-26 15h39.42.737657 +0800,
neg_180.jpg,0,340,340,90,1930.3325028410072,,,,,,,,,,,,,,,,,,,,,,,1930.3053158351195,,1930.3053463406723,1930.3053531830392,1930.3325028410072,1931.315861918747,1931.3325031261065,1932.315844242632,1932.315844242632,1932.6658586971334,1932.5493705307217,1932.5493919131186,1932.6658586971334,1932.6658586971334,1932.6658586971334,1932.6658586971334,1932.6658586971334,1932.6658586971334,0.11056766559522657,1936.1674991546824,[-211.0],[191.0],[1],[0],[0],[3.5001630764181755],1936.168581674201,1936.1716881089342,None,,,,,,,,,,,,,ED21,001,2024-01-26_15h39.29.116,rating,2023.2.3,60.00646673427793,2024-01-26 15h39.42.737657 +0800,
neg_120.jpg,0,341,341,24,1936.1992046888463,,,,,,,,,,,,,,,,,,,,,,,1936.1718933799511,,1936.171920179224,1936.171926451394,1936.1992046888463,1937.182547515964,1937.199209820621,1938.182573745038,1938.182573745038,1938.5325559833927,1938.4160832123089,1938.4160914801687,1938.5325559833927,1938.5325559833927,1938.5325559833927,1938.5325559833927,1938.5325559833927,1938.5325559833927,0.11069367919299111,1939.7007767227224,[-244.0],[227.0],[1],[0],[0],[1.1666432885795075],1939.7018307323779,1939.7049645365805,None,,,,,,,,,,,,,ED21,001,2024-01-26_15h39.29.116,rating,2023.2.3,60.00646673427793,2024-01-26 15h39.42.737657 +0800,
neu_144.jpg,0,342,342,242,1939.7325629398001,,,,,,,,,,,,,,,,,,,,,,,1939.7051931856859,,1939.705222550845,1939.705229393212,1939.7325629398001,1940.7158989245509,1940.732567501378,1941.7159077626075,1941.7159077626075,1942.0659165151355,1941.9494480205303,1941.9494560032927,1942.0659165151355,1942.0659165151355,1942.0659165151355,1942.0659165151355,1942.0659165151355,1942.0659165151355,0.11075041381991468,1944.634148031193,[99.0],[-40.0],[1],[0],[0],[2.566714791317281],1944.6352690390286,1944.6383563721538,None,,,,,,,,,,,,,ED21,001,2024-01-26_15h39.29.116,rating,2023.2.3,60.00646673427793,2024-01-26 15h39.42.737657 +0800,
neg_135.jpg,0,343,343,40,1944.6659388098487,,,,,,,,,,,,,,,,,,,,,,,1944.6385881573442,,1944.6386178076027,1944.6386246499696,1944.6659388098487,1945.6493004534768,1945.6659835703358,1946.6492927558138,1946.6492927558138,1946.9993243162335,1946.8828076399586,1946.882815622721,1946.9993243162335,1946.9993243162335,1946.9993243162335,1946.9993243162335,1946.9993243162335,1946.9993243162335,0.11076324325949827,1948.7508158097444,[-122.0],[27.0],[1],[0],[0],[1.7499898789992585],1948.7518994696584,1948.7549719776543,None,,,,,,,,,,,,,ED21,001,2024-01-26_15h39.29.116,rating,2023.2.3,60.00646673427793,2024-01-26 15h39.42.737657 +0800,
neg_109.jpg,0,344,344,11,1948.7826276856995,,,,,,,,,,,,,,,,,,,,,,,1948.7552068989298,,1948.7552342683994,1948.7552402554702,1948.7826276856995,1949.7659659512392,1949.7826299664885,1950.7659725085086,1950.7659725085086,1951.1159758441627,1950.9995295872504,1950.9995372849135,1951.1159758441627,1951.1159758441627,1951.1159758441627,1951.1159758441627,1951.1159758441627,1951.1159758441627,0.11079545940447133,1953.5676653101673,[-131.0],[-30.0],[1],[0],[0],[2.4500829351927678],1953.568828797699,1953.5719363728258,None,,,,,,,,,,,,,ED21,001,2024-01-26_15h39.29.116,rating,2023.2.3,60.00646673427793,2024-01-26 15h39.42.737657 +0800,
neu_181.jpg,0,345,345,283,1953.5993272242395,,,,,,,,,,,,,,,,,,,,,,,1953.5721650219311,,1953.572195812585,1953.572202654952,1953.5993272242395,1954.5826925741494,1954.5993354920993,1955.5827073992787,1955.5827073992787,1955.9326896376333,1955.8162009010248,1955.8162085986878,1955.9326896376333,1955.9326896376333,1955.9326896376333,1955.9326896376333,1955.9326896376333,1955.9326896376333,0.1105474235919246,1956.9843087412937,[47.0],[-59.0],[1],[0],[0],[1.0500963918493653],1956.985381852559,1956.988328917154,None,,,,,,,,,,,,,ED21,001,2024-01-26_15h39.29.116,rating,2023.2.3,60.00646673427793,2024-01-26 15h39.42.737657 +0800,
neg_42.jpg,0,346,346,129,1957.0160202625302,,,,,,,,,,,,,,,,,,,,,,,1956.9885532897806,,1956.9885826549398,1956.988589782406,1957.0160202625302,1957.9993844720448,1958.0160196923316,1958.9993878932291,1958.9993878932291,1959.3493652849065,1959.2328899479344,1959.2328979306967,1959.3493652849065,1959.3493652849065,1959.3493652849065,1959.3493652849065,1959.3493652849065,1959.3493652849065,0.11083765400326229,1961.217731823679,[-154.0],[34.0],[1],[0],[0],[1.8667996366693842],1961.2187958117865,1961.2218911276723,None,,,,,,,,,,,,,ED21,001,2024-01-26_15h39.29.116,rating,2023.2.3,60.00646673427793,2024-01-26 15h39.42.737657 +0800,
neu_27.jpg,0,347,347,304,1961.2493814785103,,,,,,,,,,,,,,,,,,,,,,,1961.2221137897068,,1961.2221434399653,1961.222149997233,1961.2493814785103,1962.2327411264469,1962.249382048707,1963.2327237354293,1963.2327237354293,1963.5827279263794,1963.466283094962,1963.466290792625,1963.5827279263794,1963.5827279263794,1963.5827279263794,1963.5827279263794,1963.5827279263794,1963.5827279263794,0.11064179123968643,1969.6509950797663,[-67.0],[-21.0],[1],[0],[0],[6.066723629375701],1969.6520448129431,1969.655115610347,None,,,,,,,,,,,,,ED21,001,2024-01-26_15h39.29.116,rating,2023.2.3,60.00646673427793,2024-01-26 15h39.42.737657 +0800,
neu_150.jpg,0,348,348,249,1969.682772743885,,,,,,,,,,,,,,,,,,,,,,,1969.6553448296509,,1969.6553747650069,1969.655381892473,1969.682772743885,1970.666101316072,1970.6827721736881,1971.6661380937949,1971.6661380937949,1972.016125463926,1971.8996643818846,1971.899672364647,1972.016125463926,1972.016125463926,1972.016125463926,1972.016125463926,1972.016125463926,1972.016125463926,0.11080344216679805,1973.3010499042339,[-5.0],[-2.0],[1],[0],[0],[1.2834080006650765],1973.302142117107,1973.3052280247393,None,,,,,,,,,,,,,ED21,001,2024-01-26_15h39.29.116,rating,2023.2.3,60.00646673427793,2024-01-26 15h39.42.737657 +0800,
neu_5.jpg,0,349,349,329,1973.3327982031933,,,,,,,,,,,,,,,,,,,,,,,1973.3054498314777,,1973.3054797668337,1973.3054866092007,1973.3327982031933,1974.3161527193552,1974.3328247173667,1975.3161390346213,1975.3161390346213,1975.6662039515795,1975.549680718037,1975.5496884157,1975.6662039515795,1975.6662039515795,1975.6662039515795,1975.6662039515795,1975.6662039515795,1975.6662039515795,0.11079831039023702,1978.1178406743365,[35.0],[-20.0],[1],[0],[0],[2.4500997560135147],1978.1188958243874,1978.122011097179,None,,,,,,,,,,,,,ED21,001,2024-01-26_15h39.29.116,rating,2023.2.3,60.00646673427793,2024-01-26 15h39.42.737657 +0800,
neu_12.jpg,0,350,350,215,1978.149496601338,,,,,,,,,,,,,,,,,,,,,,,1978.1222120917173,,1978.1222391760875,1978.1222454482577,1978.149496601338,1979.1328354370762,1979.1495008778184,1980.1328448453296,1980.1328448453296,1980.482848466083,1980.3663813969706,1980.3664036346654,1980.482848466083,1980.482848466083,1980.482848466083,1980.482848466083,1980.482848466083,1980.482848466083,0.11066630972345592,1981.651057231269,[2.0],[-23.0],[1],[0],[0],[1.1666675219621538],1981.65211865349,1981.6552131140797,None,,,,,,,,,,,,,ED21,001,2024-01-26_15h39.29.116,rating,2023.2.3,60.00646673427793,2024-01-26 15h39.42.737657 +0800,
neg_19.jpg,0,351,351,100,1981.6828748091975,,,,,,,,,,,,,,,,,,,,,,,1981.6554349208182,,1981.6554654263728,1981.6554722687397,1981.6828748091975,1982.6661919774378,1982.6828748091975,1983.66622276809,1983.66622276809,1984.0162027256556,1983.8998106374856,1983.8998183351487,1984.0162027256556,1984.0162027256556,1984.0162027256556,1984.0162027256556,1984.0162027256556,1984.0162027256556,0.11079289351619082,1984.6011475790274,[-79.0],[-45.0],[1],[0],[0],[0.5834047505413764],1984.6022440683792,1984.6054055271488,None,,,,,,,,,,,,,ED21,001,2024-01-26_15h39.29.116,rating,2023.2.3,60.00646673427793,2024-01-26 15h39.42.737657 +0800,
neu_36.jpg,0,352,352,314,1984.6328801975615,,,,,,,,,,,,,,,,,,,,,,,1984.6056324656638,,1984.6056598351315,1984.6056661073017,1984.6328801975615,1985.6162384200052,1985.632874495588,1986.6162215991862,1986.6162215991862,1986.9662240795442,1986.8498157407503,1986.8498237235126,1986.9662240795442,1986.9662240795442,1986.9662240795442,1986.9662240795442,1986.9662240795442,1986.9662240795442,0.11062126413889928,1988.0178317792597,[1.0],[-43.0],[1],[0],[0],[1.0500211258095078],1988.0188932014808,1988.0217801102644,None,,,,,,,,,,,,,ED21,001,2024-01-26_15h39.29.116,rating,2023.2.3,60.00646673427793,2024-01-26 15h39.42.737657 +0800,
neg_36.jpg,0,353,353,122,1988.0495618319055,,,,,,,,,,,,,,,,,,,,,,,1988.0220024871996,,1988.0220318523589,1988.0220386947258,1988.0495618319055,1989.0329009527413,1989.049564682893,1990.0328995272484,1990.0328995272484,1990.3829111307623,1990.2664417808628,1990.2664491934265,1990.3829111307623,1990.3829111307623,1990.3829111307623,1990.3829111307623,1990.3829111307623,1990.3829111307623,0.1109331620446028,1992.6011720975093,[1.0],[-43.0],[1],[0],[0],[2.2167088897731446],1992.6022651656785,1992.6053544944934,None,,,,,,,,,,,,,ED21,001,2024-01-26_15h39.29.116,rating,2023.2.3,60.00646673427793,2024-01-26 15h39.42.737657 +0800,
neg_187.jpg,0,354,354,97,1992.6329272388357,,,,,,,,,,,,,,,,,,,,,,,1992.6055765863312,,1992.6056062365897,1992.6056130789566,1992.6329272388357,1993.6163079840717,1993.6329742801117,1994.616270636152,1994.616270636152,1994.9662773929886,1994.8498197321314,1994.8498274297945,1994.9662773929886,1994.9662773929886,1994.9662773929886,1994.9662773929886,1994.9662773929886,1994.9662773929886,0.11072760593015119,1996.60121799839,[-115.0],[-15.0],[1],[0],[0],[1.6333642950448848],1996.602320759912,1996.6054035314592,None,,,,,,,,,,,,,ED21,001,2024-01-26_15h39.29.116,rating,2023.2.3,60.00646673427793,2024-01-26 15h39.42.737657 +0800,
neu_139.jpg,0,355,355,236,1996.6329546083052,,,,,,,,,,,,,,,,,,,,,,,1996.6056062365897,,1996.60563332096,1996.60563959313,1996.6329546083052,1997.6163421959081,1997.6329568890942,1998.616291448352,1998.616291448352,1998.966303907162,1998.849867913801,1998.8498758965634,1998.966303907162,1998.966303907162,1998.966303907162,1998.966303907162,1998.966303907162,1998.966303907162,0.11072646553475352,2002.3512897006967,[62.0],[-28.0],[1],[0],[0],[3.383428014589299],2002.3523796327809,2002.3554042442065,None,,,,,,,,,,,,,ED21,001,2024-01-26_15h39.29.116,rating,2023.2.3,60.00646673427793,2024-01-26 15h39.42.737657 +0800,
neg_111.jpg,0,356,356,14,2002.3830237447237,,,,,,,,,,,,,,,,,,,,,,,2002.3556086599274,,2002.3556357442976,2002.3556417313685,2002.3830237447237,2003.366367997336,2003.3829969454528,2004.3663377768808,2004.3663377768808,2004.7163436784213,2004.599878319901,2004.5998860175641,2004.7163436784213,2004.7163436784213,2004.7163436784213,2004.7163436784213,2004.7163436784213,2004.7163436784213,0.11079831039205601,2009.618003465659,[-136.0],[-3.0],[1],[0],[0],[4.900056107411729],2009.6190911169524,2009.622206389744,None,,,,,,,,,,,,,ED21,001,2024-01-26_15h39.29.116,rating,2023.2.3,60.00646673427793,2024-01-26 15h39.42.737657 +0800,
neg_97.jpg,0,357,357,189,2009.6497115657094,,,,,,,,,,,,,,,,,,,,,,,2009.6224341835532,,2009.622464118911,2009.6224712463772,2009.6497115657094,2010.6330669371673,2010.6497147017944,2011.633098298018,2011.633098298018,2011.9831036293617,2011.8665849573972,2011.8665926550602,2011.9831036293617,2011.9831036293617,2011.9831036293617,2011.9831036293617,2011.9831036293617,2011.9831036293617,0.1107247549443855,2013.0347033463167,[-169.0],[-56.0],[1],[0],[0],[1.0499036651708593],2013.035810954516,2013.0389752642714,None,,,,,,,,,,,,,ED21,001,2024-01-26_15h39.29.116,rating,2023.2.3,60.00646673427793,2024-01-26 15h39.42.737657 +0800,
neg_49.jpg,0,358,358,136,2013.066400612619,,,,,,,,,,,,,,,,,,,,,,,2013.0392016325877,,2013.0392324232416,2013.0392392656086,2013.066400612619,2014.0497374526658,2014.0664046040001,2015.0497785068692,2015.0497785068692,2015.399751622068,2015.2832791360815,2015.2832868337446,2015.399751622068,2015.399751622068,2015.399751622068,2015.399751622068,2015.399751622068,2015.399751622068,0.11059360957187891,2030.6848357176132,[-3.0],[-27.0],[1],[0],[0],[15.283433089347454],2030.6859493128832,2030.68903408012,None,,,,,,,,,,,,,ED21,001,2024-01-26_15h39.29.116,rating,2023.2.3,60.00646673427793,2024-01-26 15h39.42.737657 +0800,
neu_170.jpg,0,359,359,271,2030.7165241458588,,,,,,,,,,,,,,,,,,,,,,,2030.6892578825482,,2030.689288673202,2030.689295515569,2030.7165241458588,2031.6998914914584,2031.7165560769045,2032.6998743855402,2032.6998743855402,2033.049919060497,2032.9334109371812,2032.9334189199435,2033.049919060497,2033.049919060497,2033.049919060497,2033.049919060497,2033.049919060497,2033.049919060497,0.11068484113457089,2034.2181551951526,[31.0],[-51.0],[1],[0],[0],[1.166664385877084],2034.2192599523642,2045.1003723958365,space,2034.2331371284508,2034.2331371284508,10.850974096507343,None,,,,,,,,,ED21,001,2024-01-26_15h39.29.116,rating,2023.2.3,60.00646673427793,2024-01-26 15h39.42.737657 +0800,
neu_84.jpg,0,360,360,367,2045.1166167458941,,,,,,,,,,,,,,,,,,,,,,,2045.1007433091618,2045.1166167458941,2046.1001902178086,2046.1001976303742,2046.1332938756823,2047.1000185884295,2047.133299007457,2048.099970691859,2048.099970691859,2048.449985431458,2048.3335246345177,2048.3335326172783,2048.449985431458,2048.449985431458,2048.449985431458,2048.449985431458,2048.449985431458,2048.449985431458,0.09945052940020105,2050.2016491245467,[41.0],[10.0],[1],[0],[0],[1.750021239848138],2050.2027832469194,2050.2061428492416,None,,,,,2046.1332938756823,,,,,,,,ED21,001,2024-01-26_15h39.29.116,rating,2023.2.3,60.00646673427793,2024-01-26 15h39.42.737657 +0800,
neu_6.jpg,0,361,361,340,2050.2333443951593,,,,,,,,,,,,,,,,,,,,,,,2050.2063811916996,,2050.206412267451,2050.2064193949172,2050.2333443951593,2051.216691783855,2051.2333652073594,2052.2166738226424,2052.2166738226424,2052.566688277142,2052.450195549154,2052.450202961718,2052.566688277142,2052.566688277142,2052.566688277142,2052.566688277142,2052.566688277142,2052.566688277142,0.11033245922044443,2055.01830817908,[48.0],[-84.0],[1],[0],[0],[2.4500313323405862],2055.0194135064903,2055.0226328402823,None,,,,,,,,,,,,,ED21,001,2024-01-26_15h39.29.116,rating,2023.2.3,60.00646673427793,2024-01-26 15h39.42.737657 +0800,
neu_110.jpg,0,362,362,205,2055.050069877674,,,,,,,,,,,,,,,,,,,,,,,2055.0228406771876,,2055.0228677615596,2055.022874033728,2055.050069877674,2056.0333642380247,2056.050026827781,2057.033367659209,2057.033367659209,2057.383368714074,2057.2669019300592,2057.2669096277223,2057.383368714074,2057.383368714074,2057.383368714074,2057.383368714074,2057.383368714074,2057.383368714074,0.110558257341836,2059.0183483779874,[82.0],[-46.0],[1],[0],[0],[1.633347759323442],2059.0194528501015,2059.0226128833783,None,,,,,,,,,,,,,ED21,001,2024-01-26_15h39.29.116,rating,2023.2.3,60.00646673427793,2024-01-26 15h39.42.737657 +0800,
neu_8.jpg,0,363,363,362,2059.0501040895106,,,,,,,,,,,,,,,,,,,,,,,2059.02284865995,,2059.0228754592226,2059.022881731391,2059.0501040895106,2060.0333901820013,2060.050078430633,2061.033417551469,2061.033417551469,2061.3834043514034,2061.2669797619874,2061.266988600046,2061.3834043514034,2061.3834043514034,2061.3834043514034,2061.3834043514034,2061.3834043514034,2061.3834043514034,0.11058591190703737,2063.135086290804,[65.0],[120.0],[1],[0],[0],[1.7500343543870258],2063.1361896225226,2063.1393359710655,None,,,,,,,,,,,,,ED21,001,2024-01-26_15h39.29.116,rating,2023.2.3,60.00646673427793,2024-01-26 15h39.42.737657 +0800,
neu_158.jpg,0,364,364,257,2063.166737371128,,,,,,,,,,,,,,,,,,,,,,,2063.139564049974,,2063.1395937002326,2063.1396005425995,2063.166737371128,2064.150081908838,2064.1667484899735,2065.1500884661054,2065.1500884661054,2065.500099214325,2065.383617034984,2065.3836250177465,2065.500099214325,2065.500099214325,2065.500099214325,2065.500099214325,2065.500099214325,2065.500099214325,0.11056139342508686,2070.5184344777754,[4.0],[-13.0],[1],[0],[0],[5.016700792974007],2070.5195366691005,2070.52264823561,None,,,,,,,,,,,,,ED21,001,2024-01-26_15h39.29.116,rating,2023.2.3,60.00646673427793,2024-01-26 15h39.42.737657 +0800,
neg_103.jpg,0,365,365,5,2070.5501477096022,,,,,,,,,,,,,,,,,,,,,,,2070.5228768847155,,2070.5229073902683,2070.522914232637,2070.5501477096022,2071.533468299027,2071.5501354503613,2072.5334757115907,2072.5334757115907,2072.8834804727376,2072.7670028549765,2072.767010837739,2072.8834804727376,2072.8834804727376,2072.8834804727376,2072.8834804727376,2072.8834804727376,2072.8834804727376,0.11064150614220125,2075.5686229564835,[-170.0],[-4.0],[1],[0],[0],[2.6834800735996396],2075.5697225819204,2075.572878623816,None,,,,,,,,,,,,,ED21,001,2024-01-26_15h39.29.116,rating,2023.2.3,60.00646673427793,2024-01-26 15h39.42.737657 +0800,
neu_105.jpg,0,366,366,199,2075.6001639887345,,,,,,,,,,,,,,,,,,,,,,,2075.5731067027245,,2075.57313692318,2075.5731437655486,2075.6001639887345,2076.583502254274,2076.6001662695235,2077.583506530753,2077.583506530753,2077.9335118620984,2077.817061043608,2077.8170690263705,2077.9335118620984,2077.9335118620984,2077.9335118620984,2077.9335118620984,2077.9335118620984,2077.9335118620984,0.1104345245330478,2083.5352145281704,[31.0],[38.0],[1],[0],[0],[5.600041681420407],2083.5363403826814,2083.5395052626354,None,,,,,,,,,,,,,ED21,001,2024-01-26_15h39.29.116,rating,2023.2.3,60.00646673427793,2024-01-26 15h39.42.737657 +0800,
neg_130.jpg,0,367,367,35,2083.5668772975387,,,,,,,,,,,,,,,,,,,,,,,2083.5397869400877,,2083.539818015839,2083.5398251433035,2083.5668772975387,2084.5502272521226,2084.566887561088,2085.5502295329115,2085.5502295329115,2085.900170146864,2085.7838037175716,2085.7838111301353,2085.900170146864,2085.900170146864,2085.900170146864,2085.900170146864,2085.900170146864,2085.900170146864,0.11041428252792684,2087.0685553881067,[-128.0],[85.0],[1],[0],[0],[1.1667433581988007],2087.0697066163975,2087.072864939082,None,,,,,,,,,,,,,ED21,001,2024-01-26_15h39.29.116,rating,2023.2.3,60.00646673427793,2024-01-26 15h39.42.737657 +0800,
neu_123.jpg,0,368,368,219,2087.100278883485,,,,,,,,,,,,,,,,,,,,,,,2087.073092447794,,2087.0731229533467,2087.0731297957154,2087.100278883485,2088.083583507385,2088.1002791685823,2089.083585788174,2089.083585788174,2089.4335204150575,2089.3171676704987,2089.3171756532593,2089.4335204150575,2089.4335204150575,2089.4335204150575,2089.4335204150575,2089.4335204150575,2089.4335204150575,0.11045505163383496,2090.952106565308,[42.0],[-65.0],[1],[0],[0],[1.5169103404714406],2090.9532181648883,2090.9563314419884,None,,,,,,,,,,,,,ED21,001,2024-01-26_15h39.29.116,rating,2023.2.3,60.00646673427793,2024-01-26 15h39.42.737657 +0800,
neu_163.jpg,0,369,369,263,2090.983605973157,,,,,,,,,,,,,,,,,,,,,,,2090.9565578103047,,2090.9565883158593,2090.9565951582263,2090.983605973157,2091.9669450939928,2091.9836011264815,2092.9669450939928,2092.9669450939928,2093.316876299692,2093.2004767989565,2093.200484781719,2093.316876299692,2093.316876299692,2093.316876299692,2093.316876299692,2093.316876299692,2093.316876299692,0.11034471846141969,2094.485307156716,[40.0],[-11.0],[1],[0],[0],[1.1667359456350823],2094.486427879452,2094.489557977373,None,,,,,,,,,,,,,ED21,001,2024-01-26_15h39.29.116,rating,2023.2.3,60.00646673427793,2024-01-26 15h39.42.737657 +0800,
neu_9.jpg,0,370,370,373,2094.5169633688165,,,,,,,,,,,,,,,,,,,,,,,2094.489789477464,,2094.4898191277225,2094.4898259700894,2094.5169633688165,2095.500296787679,2095.516973062169,2096.500301349257,2096.500301349257,2096.85025080127,2096.733845598561,2096.733853296224,2096.85025080127,2096.85025080127,2096.85025080127,2096.85025080127,2096.85025080127,2096.85025080127,0.11048498698983167,2097.668686875597,[40.0],[-11.0],[1],[0],[0],[0.8168024591468566],2097.6697887818245,2097.6728550176504,None,,,,,,,,,,,,,ED21,001,2024-01-26_15h39.29.116,rating,2023.2.3,60.00646673427793,2024-01-26 15h39.42.737657 +0800,
neg_153.jpg,0,371,371,60,2097.7003199947085,,,,,,,,,,,,,,,,,,,,,,,2097.6730560121887,,2097.673083096559,2097.673089368729,2097.7003199947085,2098.6836799277444,2098.700326551976,2099.6836639622197,2099.6836639622197,2100.0503549763107,2099.9171873993237,2099.9171950969867,2100.0503549763107,2100.0503549763107,2100.0503549763107,2100.0503549763107,2100.0503549763107,2100.0503549763107,0.12733802263574034,2103.0853599569837,[-41.0],[-11.0],[1],[0],[0],[3.0333528340797784],2103.086506053498,2103.089694881737,None,,,,,,,,,,,,,ED21,001,2024-01-26_15h39.29.116,rating,2023.2.3,60.00646673427793,2024-01-26 15h39.42.737657 +0800,
neu_37.jpg,0,372,372,315,2103.1170184498715,,,,,,,,,,,,,,,,,,,,,,,2103.089923815942,,2103.0899543214964,2103.0899611638633,2103.1170184498715,2104.100358140906,2104.1170210157597,2105.100412879843,2105.100412879843,2105.4670548569684,2105.333893837251,2105.333901534914,2105.4670548569684,2105.4670548569684,2105.4670548569684,2105.4670548569684,2105.4670548569684,2105.4670548569684,0.12715784029751376,2109.902116800349,[31.0],[-25.0],[1],[0],[0],[4.433357053540021],2109.9032435101562,2109.9063924245856,None,,,,,,,,,,,,,ED21,001,2024-01-26_15h39.29.116,rating,2023.2.3,60.00646673427793,2024-01-26 15h39.42.737657 +0800,
neu_145.jpg,0,373,373,243,2109.9337350943297,,,,,,,,,,,,,,,,,,,,,,,2109.906618222705,,2109.906649013359,2109.906655855726,2109.9337350943297,2110.917069938687,2110.9337350943297,2111.9170747853623,2111.9170747853623,2112.2837660845507,2112.1506290131183,2112.15063728098,2112.2837660845507,2112.2837660845507,2112.2837660845507,2112.2837660845507,2112.2837660845507,2112.2837660845507,0.1271746611182607,2114.735464673713,[82.0],[-40.0],[1],[0],[0],[2.4500065287593316],2114.736673777026,2114.7398326699076,None,,,,,,,,,,,,,ED21,001,2024-01-26_15h39.29.116,rating,2023.2.3,60.00646673427793,2024-01-26 15h39.42.737657 +0800,
neu_83.jpg,0,374,374,366,2114.7670992183157,,,,,,,,,,,,,,,,,,,,,,,2114.740055902139,,2114.740086122594,2114.7400932500605,2114.7670992183157,2115.7504437560256,2115.7671251622924,2116.7504776827627,2116.7504776827627,2117.117117379099,2116.9839743205957,2116.9839825884555,2117.117117379099,2117.117117379099,2117.117117379099,2117.117117379099,2117.117117379099,2117.117117379099,0.12708599544203025,2118.635493981852,[72.0],[-48.0],[1],[0],[0],[1.5166731384051673],2118.6366323807033,2118.6397850014164,None,,,,,,,,,,,,,ED21,001,2024-01-26_15h39.29.116,rating,2023.2.3,60.00646673427793,2024-01-26 15h39.42.737657 +0800,
neg_160.jpg,0,375,375,68,2118.6671493386566,,,,,,,,,,,,,,,,,,,,,,,2118.639986851251,,2118.640013935621,2118.640020207791,2118.6671493386566,2119.650476770448,2119.6671661594755,2120.650469072785,2120.650469072785,2121.0171392746743,2120.8840195942576,2120.884027006823,2121.0171392746743,2121.0171392746743,2121.0171392746743,2121.0171392746743,2121.0171392746743,2121.0171392746743,0.12719689881123486,2123.235561607249,[-307.0],[185.0],[1],[0],[0],[2.2166883626741765],2123.236682900182,2123.239702379831,None,,,,,,,,,,,,,ED21,001,2024-01-26_15h39.29.116,rating,2023.2.3,60.00646673427793,2024-01-26 15h39.42.737657 +0800,
neg_45.jpg,0,376,376,132,2123.2671573784373,,,,,,,,,,,,,,,,,,,,,,,2123.239927037557,,2123.239956687814,2123.2399635301826,2123.2671573784373,2124.250496214174,2124.2671627953114,2125.250500205555,2125.250500205555,2125.617188938857,2125.484040463478,2125.484048161141,2125.617188938857,2125.617188938857,2125.617188938857,2125.617188938857,2125.617188938857,2125.617188938857,0.1272864197835588,2129.4689561797695,[6.0],[-12.0],[1],[0],[0],[3.85006577225613],2129.4700965743104,2129.473219544765,None,,,,,,,,,,,,,ED21,001,2024-01-26_15h39.29.116,rating,2023.2.3,60.00646673427793,2024-01-26 15h39.42.737657 +0800,
neu_154.jpg,0,377,377,253,2129.50053284935,,,,,,,,,,,,,,,,,,,,,,,2129.473444202489,,2129.47347356765,2129.473480410017,2129.50053284935,2130.4838916419903,2130.5005262920804,2131.4838748211714,2131.4838748211714,2131.850550725034,2131.7174253426456,2131.7174330403086,2131.850550725034,2131.850550725034,2131.850550725034,2131.850550725034,2131.850550725034,2131.850550725034,0.12713132612589106,2134.5356014070185,[-2.0],[-14.0],[1],[0],[0],[2.6833295415217435],2134.536745222744,2134.539806326795,None,,,,,,,,,,,,,ED21,001,2024-01-26_15h39.29.116,rating,2023.2.3,60.00646673427793,2024-01-26 15h39.42.737657 +0800,
neu_66.jpg,0,378,378,347,2134.5672416535945,,,,,,,,,,,,,,,,,,,,,,,2134.5400258527443,,2134.540054932804,2134.5400620602704,2134.5672416535945,2135.5505716512725,2135.5672675975693,2136.5505784936413,2136.5505784936413,2136.917296307003,2136.784130725706,2136.7841381382714,2136.917296307003,2136.917296307003,2136.917296307003,2136.917296307003,2136.917296307003,2136.917296307003,0.1272966833330429,2140.185705268452,[53.0],[-93.0],[1],[0],[0],[3.2666690044752613],2140.1868656198985,2140.189944400063,None,,,,,,,,,,,,,ED21,001,2024-01-26_15h39.29.116,rating,2023.2.3,60.00646673427793,2024-01-26 15h39.42.737657 +0800,
neg_87.jpg,0,379,379,178,2140.2172768062555,,,,,,,,,,,,,,,,,,,,,,,2140.1901696279856,,2140.190198993145,2140.1902058355117,2140.2172768062555,2141.2006099400205,2141.217281938032,2142.2006173525842,2142.2006173525842,2142.56729268625,2142.4341941031325,2142.434201515698,2142.56729268625,2142.56729268625,2142.56729268625,2142.56729268625,2142.56729268625,2142.56729268625,0.12714871714160836,2144.1024858320234,[-49.0],[-72.0],[1],[0],[0],[1.5334611715607025],2144.10366699567,2144.106748341723,None,,,,,,,,,,,,,ED21,001,2024-01-26_15h39.29.116,rating,2023.2.3,60.00646673427793,2024-01-26 15h39.42.737657 +0800,
neg_4.jpg,0,380,380,126,2144.1339741210268,,,,,,,,,,,,,,,,,,,,,,,2144.1069744249417,,2144.1070043602977,2144.1070112026646,2144.1339741210268,2145.1173092504814,2145.13396898925,2146.1173323434705,2146.1173323434705,2146.4840347615063,2146.3508543550797,2146.350862337842,2146.4840347615063,2146.4840347615063,2146.4840347615063,2146.4840347615063,2146.4840347615063,2146.4840347615063,0.12708628053951543,2148.8191054859235,[-303.0],[45.0],[1],[0],[0],[2.3333396055022604],2148.8202236427733,2148.8233069845173,None,,,,,,,,,,,,,ED21,001,2024-01-26_15h39.29.116,rating,2023.2.3,60.00646673427793,2024-01-26 15h39.42.737657 +0800,
neg_47.jpg,0,381,381,134,2148.850684436293,,,,,,,,,,,,,,,,,,,,,,,2148.823529646552,,2148.8235592968085,2148.8235661391773,2148.850684436293,2149.8340067363097,2149.850670751559,2150.834008446902,2150.834008446902,2151.200710294739,2151.0675814911683,2151.067589473929,2151.200710294739,2151.200710294739,2151.200710294739,2151.200710294739,2151.200710294739,2151.200710294739,0.12720573686965508,2152.602403153418,[-290.0],[80.0],[1],[0],[0],[1.4000016535719624],2152.603559228386,2152.6066505528906,None,,,,,,,,,,,,,ED21,001,2024-01-26_15h39.29.116,rating,2023.2.3,60.00646673427793,2024-01-26 15h39.42.737657 +0800,
neg_44.jpg,0,382,382,131,2152.634025723879,,,,,,,,,,,,,,,,,,,,,,,2152.606870934136,,2152.6069002992954,2152.6069071416623,2152.634025723879,2153.617371972181,2153.6340339917388,2154.617368836096,2154.617368836096,2154.98406298627,2154.8509002559604,2154.8509082387227,2154.98406298627,2154.98406298627,2154.98406298627,2154.98406298627,2154.98406298627,2154.98406298627,0.1272182812081155,2155.4525045630035,[-314.0],[154.0],[1],[0],[0],[0.4667064664354257],2155.4537091047387,2155.456684964296,None,,,,,,,,,,,,,ED21,001,2024-01-26_15h39.29.116,rating,2023.2.3,60.00646673427793,2024-01-26 15h39.42.737657 +0800,
neg_64.jpg,0,383,383,153,2155.48408208788,,,,,,,,,,,,,,,,,,,,,,,2155.456908766726,,2155.456937846786,2155.456944689153,2155.48408208788,2156.467381580005,2156.484106036165,2157.467387567076,2157.467387567076,2157.8340705984047,2157.7009797129504,2157.700987125516,2157.8340705984047,2157.8340705984047,2157.8340705984047,2157.8340705984047,2157.8340705984047,2157.8340705984047,0.12718891604890814,2158.302475397413,[-303.0],[189.0],[1],[0],[0],[0.46661466467594437],2158.3036314723795,2158.3067102525456,None,,,,,,,,,,,,,ED21,001,2024-01-26_15h39.29.116,rating,2023.2.3,60.00646673427793,2024-01-26 15h39.42.737657 +0800,
,,,,,,,,,,,,,,,,,,,,,,,,,,,,,,,,,,,,,,,,,,,,,,,,,,,,,,,,,,,,,,2158.306806615885,2158.334083142745,2158.334083142745,2473.869967367609,space,315.52782562683205,None,ED21,001,2024-01-26_15h39.29.116,rating,2023.2.3,60.00646673427793,2024-01-26 15h39.42.737657 +0800,
