stimulus_filename,trials.thisRepN,trials.thisTrialN,trials.thisN,trials.thisIndex,thisRow.t,notes,welcome.started,welcome_image.started,welcome_key_resp.started,welcome.stopped,welcome_key_resp.keys,welcome_key_resp.rt,welcome_key_resp.duration,instruction.started,instruction_image.started,instruction_key_resp.started,instruction.stopped,instruction_key_resp.keys,instruction_key_resp.rt,instruction_key_resp.duration,start.started,start_image.started,key_resp.started,start.stopped,key_resp.keys,key_resp.rt,key_resp.duration,block_info.started,block_text.started,block_info.stopped,img_presentation.started,ISI_text.started,stimulus_image.started,ISI_text.stopped,stimulus_image.stopped,text.started,text.stopped,img_presentation.stopped,evaluation.started,horizontal_polygon.started,vertical_polygon.started,ha_text.started,la_text.started,negative_text.started,positive_text.started,mouse.started,evaluation.stopped,mouse.x,mouse.y,mouse.leftButton,mouse.midButton,mouse.rightButton,mouse.time,rest.started,rest.stopped,key_resp_2.keys,rest_image.started,key_resp_2.started,key_resp_2.rt,key_resp_2.duration,block_text.stopped,end.started,end_image.started,key_resp_3.started,end.stopped,key_resp_3.keys,key_resp_3.rt,key_resp_3.duration,participant,session,date,expName,psychopyVersion,frameRate,expStart,
,,,,,,,0.023982497225006227,0.05732335716311354,0.05732335716311354,5.707637336290645,space,5.638493504597136,None,,,,,,,,,,,,,,,,,,,,,,,,,,,,,,,,,,,,,,,,,,,,,,,,,,,,,,,,ED23,001,2024-01-26_17h32.04.562,rating,2023.2.3,59.99692109293908,2024-01-26 17h32.35.906989 +0800,
,,,,,,,,,,,,,,5.707657008095339,5.740579343235368,5.740579343235368,8.174310731285004,space,2.423317305088858,None,,,,,,,,,,,,,,,,,,,,,,,,,,,,,,,,,,,,,,,,,,,,,,,,,ED23,001,2024-01-26_17h32.04.562,rating,2023.2.3,59.99692109293908,2024-01-26 17h32.35.906989 +0800,
,,,,,,,,,,,,,,,,,,,,,8.174328977596815,8.207306051675914,8.207306051675914,10.057653786481751,return,1.839677918369489,None,,,,,,,,,,,,,,,,,,,,,,,,,,,,,,,,,,,,,,,,,,ED23,001,2024-01-26_17h32.04.562,rating,2023.2.3,59.99692109293908,2024-01-26 17h32.35.906989 +0800,
neu_171.jpg,0,0,0,272,10.090609763259636,,,,,,,,,,,,,,,,,,,,,,,10.077840765570727,10.090609763259636,11.074004763428093,11.074023009741722,11.10729915228876,12.057314519104693,12.107286037751692,13.057290855918836,13.057290855918836,13.307306393793624,13.290855062126866,13.290863615085982,13.307306393793624,13.307306393793624,13.307306393793624,13.307306393793624,13.307306393793624,13.307306393793624,-0.0002969302295241505,13.674289919083094,[349.0],[-117.0],[1],[0],[0],[0.3666687763961818],13.675683481214946,13.67975440463124,None,,,,,,,,,,,,,ED23,001,2024-01-26_17h32.04.562,rating,2023.2.3,59.99692109293908,2024-01-26 17h32.35.906989 +0800,
neg_127.jpg,0,1,1,31,13.707303485787634,,,,,,,,,,,,,,,,,,,,,,,13.680140428185041,,13.680172644330014,13.680179486696943,13.707303485787634,14.690636049353998,14.70730519637982,15.690647453300699,15.690647453300699,15.940653012723487,15.924212229705518,15.92421992736854,15.940653012723487,15.940653012723487,15.940653012723487,15.940653012723487,15.940653012723487,15.940653012723487,0.010523988485147129,16.974382177002553,[-229.0],[-97.0],[1],[0],[0],[1.033443495445681],16.974776183316862,16.977908276927337,None,,,,,,,,,,,,,ED23,001,2024-01-26_17h32.04.562,rating,2023.2.3,59.99692109293908,2024-01-26 17h32.35.906989 +0800,
neg_171.jpg,0,2,2,80,17.007323043553697,,,,,,,,,,,,,,,,,,,,,,,16.978116969128678,,16.978144908795002,16.978151180965142,17.007323043553697,17.990692955041595,18.007354404404396,18.990679270307737,18.990679270307737,19.24071647568053,19.224213256060466,19.224221238822793,19.24071647568053,19.24071647568053,19.24071647568053,19.24071647568053,19.24071647568053,19.24071647568053,0.012619463455848745,19.59104254298836,[-249.0],[72.0],[1],[0],[0],[0.3500649169600365],19.591431702627233,19.594527018512963,None,,,,,,,,,,,,,ED23,001,2024-01-26_17h32.04.562,rating,2023.2.3,59.99692109293908,2024-01-26 17h32.35.906989 +0800,
neg_73.jpg,0,3,3,163,19.62400878331937,,,,,,,,,,,,,,,,,,,,,,,19.59475253153323,,19.594782181791743,19.594789024158672,19.62400878331937,20.607349614747363,20.624033016703834,21.607349614747363,21.607349614747363,21.857370569496197,21.84088730678195,21.840895289544278,21.857370569496197,21.857370569496197,21.857370569496197,21.857370569496197,21.857370569496197,21.857370569496197,0.012648258416447788,22.490974632493817,[211.0],[52.0],[1],[0],[0],[0.6333069902193529],22.491374340781476,22.494484766895766,None,,,,,,,,,,,,,ED23,001,2024-01-26_17h32.04.562,rating,2023.2.3,59.99692109293908,2024-01-26 17h32.35.906989 +0800,
neg_79.jpg,0,4,4,169,22.524051491094724,,,,,,,,,,,,,,,,,,,,,,,22.494711990508222,,22.494742210963523,22.49474905333045,22.524051491094724,23.507365523249973,23.524030678894633,24.50737036992723,24.50737036992723,24.75737222306816,24.740889815650007,24.740897798412334,24.75737222306816,24.75737222306816,24.75737222306816,24.75737222306816,24.75737222306816,24.75737222306816,0.01267933416966116,25.491086961355904,[-261.0],[-103.0],[1],[0],[0],[0.7334441796829196],25.491487524939657,25.494619903649436,None,,,,,,,,,,,,,ED23,001,2024-01-26_17h32.04.562,rating,2023.2.3,59.99692109293908,2024-01-26 17h32.35.906989 +0800,
neu_121.jpg,0,5,5,217,25.52404122754342,,,,,,,,,,,,,,,,,,,,,,,25.494847982557985,,25.494878203013286,25.494885045380215,25.52404122754342,26.507384054661088,26.524098817468257,27.507390041733743,27.507390041733743,27.757400162734484,27.74091005765331,27.740918040415636,27.757400162734484,27.757400162734484,27.757400162734484,27.757400162734484,27.757400162734484,27.757400162734484,0.012569000997245894,28.341130210819756,[294.0],[-26.0],[1],[0],[0],[0.5834478004344419],28.341534195586064,28.344654600152353,None,,,,,,,,,,,,,ED23,001,2024-01-26_17h32.04.562,rating,2023.2.3,59.99692109293908,2024-01-26 17h32.35.906989 +0800,
neu_9.jpg,0,6,6,373,28.374081626021507,,,,,,,,,,,,,,,,,,,,,,,28.344883534356995,,28.3449140399116,28.344921167376015,28.374081626021507,29.357406777022334,29.374079630330016,30.357409913107404,30.357409913107404,30.607416327828105,30.590969842836785,30.59097782559911,30.607416327828105,30.607416327828105,30.607416327828105,30.607416327828105,30.607416327828105,30.607416327828105,0.01254989938934159,31.257706928867265,[316.0],[-90.0],[1],[0],[0],[0.6500214679272176],31.25814398507464,31.261262108851952,None,,,,,,,,,,,,,ED23,001,2024-01-26_17h32.04.562,rating,2023.2.3,59.99692109293908,2024-01-26 17h32.35.906989 +0800,
neu_68.jpg,0,7,7,349,31.290783217269563,,,,,,,,,,,,,,,,,,,,,,,31.261489902663016,,31.261520123118316,31.261526965485245,31.290783217269563,32.2740901219604,32.290758128590824,33.27409724942663,33.27409724942663,33.52409824727147,33.507630950080056,33.50763864774308,33.52409824727147,33.52409824727147,33.52409824727147,33.52409824727147,33.52409824727147,33.52409824727147,0.01262545052668429,34.60784882245753,[335.0],[-108.0],[1],[0],[0],[1.0834677573402587],34.608283597877744,34.61145760098589,None,,,,,,,,,,,,,ED23,001,2024-01-26_17h32.04.562,rating,2023.2.3,59.99692109293908,2024-01-26 17h32.35.906989 +0800,
neu_167.jpg,0,8,8,267,34.640781136049554,,,,,,,,,,,,,,,,,,,,,,,34.611688815979505,,34.61171932153411,34.61172616390104,34.640781136049554,35.62410828274369,35.64078199134565,36.62414334987443,36.62414334987443,36.874122395125596,36.857664506189394,36.85767248895172,36.874122395125596,36.874122395125596,36.874122395125596,36.874122395125596,36.874122395125596,36.874122395125596,0.012450970161808073,37.824551154963046,[-220.0],[-13.0],[1],[0],[0],[0.9501547800500703],37.824959701309126,37.828036770883045,None,,,,,,,,,,,,,ED23,001,2024-01-26_17h32.04.562,rating,2023.2.3,59.99692109293908,2024-01-26 17h32.35.906989 +0800,
neg_41.jpg,0,9,9,128,37.85751796549084,,,,,,,,,,,,,,,,,,,,,,,37.828271121959915,,37.828298776528754,37.828305048698894,37.85751796549084,38.84080434307907,38.857478621879636,39.84081004505242,39.84081004505242,40.09081560447521,40.07437111517538,40.07437909793771,40.09081560447521,40.09081560447521,40.09081560447521,40.09081560447521,40.09081560447521,40.09081560447521,0.012564439419293194,40.557894694828065,[-220.0],[63.0],[1],[0],[0],[0.46678686425184424],40.55830922824498,40.561401122946336,None,,,,,,,,,,,,,ED23,001,2024-01-26_17h32.04.562,rating,2023.2.3,59.99692109293908,2024-01-26 17h32.35.906989 +0800,
neu_186.jpg,0,10,10,288,40.59082073624995,,,,,,,,,,,,,,,,,,,,,,,40.5616075343587,,40.561635474025024,40.561641746195164,40.59082073624995,41.57415044883055,41.59082073624995,42.574183520273436,42.574183520273436,42.824170263185806,42.807708667967745,42.807716935829376,42.824170263185806,42.824170263185806,42.824170263185806,42.824170263185806,42.824170263185806,42.824170263185806,0.012582685732922982,43.75794127994595,[294.0],[30.0],[1],[0],[0],[0.9334779353612248],43.7583213164271,43.7614599673052,None,,,,,,,,,,,,,ED23,001,2024-01-26_17h32.04.562,rating,2023.2.3,59.99692109293908,2024-01-26 17h32.35.906989 +0800,
neu_49.jpg,0,11,11,328,43.79084137739119,,,,,,,,,,,,,,,,,,,,,,,43.76168861641054,,43.76171883686584,43.76172596433207,43.79084137739119,44.77417622174835,44.790853066435375,45.77418563000356,45.77418563000356,46.0241869129477,46.007754112690236,46.00776181035326,46.0241869129477,46.0241869129477,46.0241869129477,46.0241869129477,46.0241869129477,46.0241869129477,0.012515117354269023,46.55785421082146,[320.0],[103.0],[1],[0],[0],[0.5333687996044318],46.5582664634494,46.56140083784885,None,,,,,,,,,,,,,ED23,001,2024-01-26_17h32.04.562,rating,2023.2.3,59.99692109293908,2024-01-26 17h32.35.906989 +0800,
neu_179.jpg,0,12,12,280,46.59087290930074,,,,,,,,,,,,,,,,,,,,,,,46.561629201854885,,46.56165771171982,46.56166398388996,46.59087290930074,47.574194068922225,47.59088858972609,48.574227995659385,48.574227995659385,48.824204189924785,48.8078252733103,48.80783325607263,48.824204189924785,48.824204189924785,48.824204189924785,48.824204189924785,48.824204189924785,48.824204189924785,0.012592379085617722,49.491193303147156,[354.0],[95.0],[1],[0],[0],[0.666693180839502],49.491618100115375,49.494717122282964,None,,,,,,,,,,,,,ED23,001,2024-01-26_17h32.04.562,rating,2023.2.3,59.99692109293908,2024-01-26 17h32.35.906989 +0800,
neu_77.jpg,0,13,13,359,49.52421656320439,,,,,,,,,,,,,,,,,,,,,,,49.494946056487606,,49.49497656204221,49.49498340440914,49.52421656320439,50.50754428009532,50.52423338402514,51.50755939032206,51.50755939032206,51.757581770565594,51.741078836044835,51.74108681880716,51.757581770565594,51.757581770565594,51.757581770565594,51.757581770565594,51.757581770565594,51.757581770565594,0.012650254107938963,52.591227572003845,[375.0],[-18.0],[1],[0],[0],[0.8333093850487785],52.59164951798448,52.594801853598256,None,,,,,,,,,,,,,ED23,001,2024-01-26_17h32.04.562,rating,2023.2.3,59.99692109293908,2024-01-26 17h32.35.906989 +0800,
neg_13.jpg,0,14,14,34,52.624263661498844,,,,,,,,,,,,,,,,,,,,,,,52.59502565602634,,52.59505302549587,52.59505929766601,52.624263661498844,53.60757769365591,53.624238572820104,54.607579689345584,54.607579689345584,54.85757954679684,54.841116240986594,54.84112422374892,54.85757954679684,54.85757954679684,54.85757954679684,54.85757954679684,54.85757954679684,54.85757954679684,0.012572422179800924,55.85795017502278,[192.0],[31.0],[1],[0],[0],[1.0000478965703223],55.85833306248969,55.86142467209356,None,,,,,,,,,,,,,ED23,001,2024-01-26_17h32.04.562,rating,2023.2.3,59.99692109293908,2024-01-26 17h32.35.906989 +0800,
neu_20.jpg,0,15,15,297,55.890928959692246,,,,,,,,,,,,,,,,,,,,,,,55.86165275100211,,55.86168297145741,55.86168981382616,55.890928959692246,56.874325385353586,56.8909349467649,57.87429060332033,57.87429060332033,58.12428048231959,58.10781261493139,58.10782031259441,58.12428048231959,58.12428048231959,58.12428048231959,58.12428048231959,58.12428048231959,58.12428048231959,0.012645692529986263,59.02466587865456,[370.0],[51.0],[1],[0],[0],[0.9000988722073089],59.025096092495005,59.02820737390539,None,,,,,,,,,,,,,ED23,001,2024-01-26_17h32.04.562,rating,2023.2.3,59.99692109293908,2024-01-26 17h32.35.906989 +0800,
neg_112.jpg,0,16,16,15,59.057615013067334,,,,,,,,,,,,,,,,,,,,,,,59.02843687830682,,59.028467383861425,59.02847451132766,59.057615013067334,60.04097209511565,60.05764181233826,61.040958125282486,61.040958125282486,61.290982786315,61.2744938216274,61.27450180438973,61.290982786315,61.290982786315,61.290982786315,61.290982786315,61.290982786315,61.290982786315,0.012561588433527504,61.82463126768016,[-304.0],[59.0],[1],[0],[0],[0.533301516326901],61.82506034112703,61.82816820135304,None,,,,,,,,,,,,,ED23,001,2024-01-26_17h32.04.562,rating,2023.2.3,59.99692109293908,2024-01-26 17h32.35.906989 +0800,
neg_144.jpg,0,17,17,50,61.85765253204772,,,,,,,,,,,,,,,,,,,,,,,61.82839513986801,,61.82842307953251,61.82842935170265,61.85765253204772,62.84097141088023,62.85764968106014,63.84097397676669,63.84097397676669,64.09097697030302,64.07453390649607,64.0745416041591,64.09097697030302,64.09097697030302,64.09097697030302,64.09097697030302,64.09097697030302,64.09097697030302,0.012601787340827286,64.5914154520051,[-285.0],[85.0],[1],[0],[0],[0.500113184158181],64.59180660733182,64.5948879533862,None,,,,,,,,,,,,,ED23,001,2024-01-26_17h32.04.562,rating,2023.2.3,59.99692109293908,2024-01-26 17h32.35.906989 +0800,
neg_8.jpg,0,18,18,170,64.62434092323019,,,,,,,,,,,,,,,,,,,,,,,64.59509579029145,,64.59512315976099,64.59512943192931,64.62434092323019,65.6076997158707,65.6243209663262,66.60771054961879,66.60771054961879,66.85770242430772,66.84120348116812,66.84121146393045,66.85770242430772,66.85770242430772,66.85770242430772,66.85770242430772,66.85770242430772,66.85770242430772,0.01262944190784765,67.30811236763657,[-311.0],[-24.0],[1],[0],[0],[0.450091773251188],67.30853573911008,67.31162050634703,None,,,,,,,,,,,,,ED23,001,2024-01-26_17h32.04.562,rating,2023.2.3,59.99692109293908,2024-01-26 17h32.35.906989 +0800,
neg_165.jpg,0,19,19,73,67.34103897925706,,,,,,,,,,,,,,,,,,,,,,,67.3118460193673,,67.3118756696258,67.31188251199274,67.34103897925706,68.32433818628306,68.34100875880176,69.32434730943896,69.32434730943896,69.57434488610124,69.557891558743,69.55789954150532,69.57434488610124,69.57434488610124,69.57434488610124,69.57434488610124,69.57434488610124,69.57434488610124,0.012528231891337782,70.0247930326459,[-256.0],[159.0],[1],[0],[0],[0.45009947091239155],70.02521355313365,70.0283182772746,None,,,,,,,,,,,,,ED23,001,2024-01-26_17h32.04.562,rating,2023.2.3,59.99692109293908,2024-01-26 17h32.35.906989 +0800,
neg_71.jpg,0,20,20,161,70.05771650818133,,,,,,,,,,,,,,,,,,,,,,,70.02854493069026,,70.02857543624486,70.0285822786118,70.05771650818133,71.0410279744483,71.05769427048654,72.04103538701384,72.04103538701384,72.291034389169,72.27461014187065,72.27462867328177,72.291034389169,72.291034389169,72.291034389169,72.291034389169,72.291034389169,72.291034389169,0.012503998508691438,72.64137784749437,[-337.0],[196.0],[1],[0],[0],[0.35003526669970597],72.64180777623733,72.64488855209311,None,,,,,,,,,,,,,ED23,001,2024-01-26_17h32.04.562,rating,2023.2.3,59.99692109293908,2024-01-26 17h32.35.906989 +0800,
neu_117.jpg,0,21,21,212,72.67439683107295,,,,,,,,,,,,,,,,,,,,,,,72.64519303743509,,72.64522126220072,72.64522781947016,72.67439683107295,73.65770772714313,73.67437772946323,74.65771685029904,74.65771685029904,74.90771784814388,74.89127107805507,74.8912790608174,74.90771784814388,74.90771784814388,74.90771784814388,74.90771784814388,74.90771784814388,74.90771784814388,0.01254419741599122,75.42485826321354,[317.0],[-13.0],[1],[0],[0],[0.5167948755224643],75.42528676646361,75.42840317964874,None,,,,,,,,,,,,,ED23,001,2024-01-26_17h32.04.562,rating,2023.2.3,59.99692109293908,2024-01-26 17h32.35.906989 +0800,
neg_118.jpg,0,22,22,21,75.45772956569817,,,,,,,,,,,,,,,,,,,,,,,75.4286298330644,,75.4286609088158,75.42866803628021,75.45772956569817,76.44109520070742,76.4577372633612,77.44107923518277,77.44107923518277,77.69107453105607,77.67460637856857,77.6746137911341,77.69107453105607,77.69107453105607,77.69107453105607,77.69107453105607,77.69107453105607,77.69107453105607,0.012457527431251947,78.2248478856236,[-297.0],[38.0],[1],[0],[0],[0.533460316266428],78.2252840865367,78.22833891841583,None,,,,,,,,,,,,,ED23,001,2024-01-26_17h32.04.562,rating,2023.2.3,59.99692109293908,2024-01-26 17h32.35.906989 +0800,
neg_55.jpg,0,23,23,143,78.25774940856354,,,,,,,,,,,,,,,,,,,,,,,78.22855844436526,,78.2285860989341,78.22859237110242,78.25774940856354,79.24109993334423,79.25775140425321,80.241082827426,80.241082827426,80.49111005434679,80.47462194495529,80.474629357519,80.49111005434679,80.49111005434679,80.49111005434679,80.49111005434679,80.49111005434679,80.49111005434679,0.012570426490128739,80.77483280390516,[-343.0],[105.0],[1],[0],[0],[0.28342710227298085],80.77526643892998,80.77835006577334,None,,,,,,,,,,,,,ED23,001,2024-01-26_17h32.04.562,rating,2023.2.3,59.99692109293908,2024-01-26 17h32.35.906989 +0800,
neu_13.jpg,0,24,24,226,80.80776540259649,,,,,,,,,,,,,,,,,,,,,,,80.77857443839821,,80.77860351845993,80.77861036082686,80.80776540259649,81.79110110224974,81.8077645473004,82.79110594892518,82.79110594892518,83.04103168073198,83.02462967112842,83.02463736879145,83.04103168073198,83.04103168073198,83.04103168073198,83.04103168073198,83.04103168073198,83.04103168073198,0.012474633349484066,83.82490809845513,[310.0],[56.0],[1],[0],[0],[0.7835573923512129],83.82534772055078,83.82840711400968,None,,,,,,,,,,,,,ED23,001,2024-01-26_17h32.04.562,rating,2023.2.3,59.99692109293908,2024-01-26 17h32.35.906989 +0800,
neg_159.jpg,0,25,25,66,83.85779108998395,,,,,,,,,,,,,,,,,,,,,,,83.82863775880651,,83.82866712396572,83.82867396633264,83.85779108998395,84.84112393864962,84.85778823899818,85.84113021081976,85.84113021081976,86.09105822341371,86.07469954880435,86.07470724646737,86.09105822341371,86.09105822341371,86.09105822341371,86.09105822341371,86.09105822341371,86.09105822341371,0.01247263765981188,86.54149268522451,[-362.0],[195.0],[1],[0],[0],[0.45008578618035244],86.5419203331785,86.54501279807846,None,,,,,,,,,,,,,ED23,001,2024-01-26_17h32.04.562,rating,2023.2.3,59.99692109293908,2024-01-26 17h32.35.906989 +0800,
neg_129.jpg,0,26,26,33,86.57452478334017,,,,,,,,,,,,,,,,,,,,,,,86.54523916639482,,86.54526967194943,86.54527651431636,86.57452478334017,87.55780488875826,87.5744703295004,88.55781971388751,88.55781971388751,88.82447816971217,88.79139218795535,88.79139960052089,88.82447816971217,88.82447816971217,88.82447816971217,88.82447816971217,88.82447816971217,88.82447816971217,0.029252117856231052,89.32482770064053,[-407.0],[172.0],[1],[0],[0],[0.5000476114728372],89.32525420819911,89.3283757531608,None,,,,,,,,,,,,,ED23,001,2024-01-26_17h32.04.562,rating,2023.2.3,59.99692109293908,2024-01-26 17h32.35.906989 +0800,
neu_64.jpg,0,27,27,345,89.35782359122823,,,,,,,,,,,,,,,,,,,,,,,89.32860212147716,,89.32863262702995,89.3286394693987,89.35782359122823,90.3411547293017,90.35782416142501,91.3411869454485,91.3411869454485,91.6078399843991,91.5746941319303,91.57470182959332,91.6078399843991,91.6078399843991,91.6078399843991,91.6078399843991,91.6078399843991,91.6078399843991,0.029251832756926888,92.47476420917337,[-193.0],[70.0],[1],[0],[0],[0.8666177437407896],92.47520326107224,92.47827862005397,None,,,,,,,,,,,,,ED23,001,2024-01-26_17h32.04.562,rating,2023.2.3,59.99692109293908,2024-01-26 17h32.35.906989 +0800,
neu_148.jpg,0,28,28,246,92.50783736149242,,,,,,,,,,,,,,,,,,,,,,,92.47850498837215,,92.47853606412355,92.47854290649047,92.50783736149242,93.49118446509056,93.50786530115874,94.49118788627311,94.49118788627311,94.75790193633293,94.72474496501673,94.72475266267975,94.75790193633293,94.75790193633293,94.75790193633293,94.75790193633293,94.75790193633293,94.75790193633293,0.029418900558084715,95.85855914570857,[275.0],[108.0],[1],[0],[0],[1.1001480232116592],95.85903497533036,95.86222608435855,None,,,,,,,,,,,,,ED23,001,2024-01-26_17h32.04.562,rating,2023.2.3,59.99692109293908,2024-01-26 17h32.35.906989 +0800,
neg_37.jpg,0,29,29,123,95.89123087914777,,,,,,,,,,,,,,,,,,,,,,,95.86246186093013,,95.8624943621744,95.86250120454315,95.89123087914777,96.87456458310953,96.89120921165159,97.87454348581014,97.87454348581014,98.141213060484,98.1080843139298,98.10809172649533,98.141213060484,98.141213060484,98.141213060484,98.141213060484,98.141213060484,98.141213060484,0.02876402899164532,98.64170143444608,[-254.0],[40.0],[1],[0],[0],[0.500138557938044],98.64216101344573,100.29161399469376,space,98.67457929419834,98.67457929419834,1.6011336091942212,None,,,,,,,,,ED23,001,2024-01-26_17h32.04.562,rating,2023.2.3,59.99692109293908,2024-01-26 17h32.35.906989 +0800,
neu_141.jpg,0,30,30,239,100.30789882875797,,,,,,,,,,,,,,,,,,,,,,,100.29225119014518,100.30789882875797,101.29145177356986,101.2914591861354,101.32457225226244,102.29124251117173,102.32457453305142,103.29128841205238,103.29128841205238,103.55791750271965,103.52478105850423,103.52478875616725,103.55791750271965,103.55791750271965,103.55791750271965,103.55791750271965,103.55791750271965,103.55791750271965,0.01588469813032134,104.32496426288708,[245.0],[98.0],[1],[0],[0],[0.7666901017746568],104.32541357833543,104.32859499401093,None,,,,,101.32457225226244,,,,,,,,ED23,001,2024-01-26_17h32.04.562,rating,2023.2.3,59.99692109293908,2024-01-26 17h32.35.906989 +0800,
neg_22.jpg,0,31,31,107,104.35792708203371,,,,,,,,,,,,,,,,,,,,,,,104.32882563880594,,104.32885728475594,104.32886384202357,104.35792708203371,105.34132265239896,105.35793706048571,106.341276466419,106.341276466419,106.60799621845217,106.5748460895029,106.57485464246201,106.60799621845217,106.60799621845217,106.60799621845217,106.60799621845217,106.60799621845217,106.60799621845217,0.029186545169068268,107.27506145301231,[-281.0],[-10.0],[1],[0],[0],[0.6667179844207567],107.27547940761178,107.27856845132737,None,,,,,,,,,,,,,ED23,001,2024-01-26_17h32.04.562,rating,2023.2.3,59.99692109293908,2024-01-26 17h32.35.906989 +0800,
neg_94.jpg,0,32,32,186,107.30794558493471,,,,,,,,,,,,,,,,,,,,,,,107.27880137691318,,107.27883131226918,107.2788381546361,107.30794558493471,108.2912867014602,108.30795328259774,109.29131264543685,109.29131264543685,109.55796169300811,109.52485033747143,109.52485803513446,109.55796169300811,109.55796169300811,109.55796169300811,109.55796169300811,109.55796169300811,109.55796169300811,0.029175996518461034,110.0584466457858,[-185.0],[-13.0],[1],[0],[0],[0.5001288645835302],110.05886802156965,110.06198044337543,None,,,,,,,,,,,,,ED23,001,2024-01-26_17h32.04.562,rating,2023.2.3,59.99692109293908,2024-01-26 17h32.35.906989 +0800,
neg_98.jpg,0,33,33,190,110.09129799136645,,,,,,,,,,,,,,,,,,,,,,,110.06220795208537,,110.06223560665421,110.06224187882253,110.09129799136645,111.07463654200546,111.0913028380437,112.07465079693611,112.07465079693611,112.34131381434054,112.30818706347964,112.30819476114266,112.34131381434054,112.34131381434054,112.34131381434054,112.34131381434054,112.34131381434054,112.34131381434054,0.029122968173396657,113.04175583126562,[-269.0],[-23.0],[1],[0],[0],[0.7001164342818811],113.04217435606188,113.04527765470993,None,,,,,,,,,,,,,ED23,001,2024-01-26_17h32.04.562,rating,2023.2.3,59.99692109293908,2024-01-26 17h32.35.906989 +0800,
neg_123.jpg,0,34,34,27,113.07468500877258,,,,,,,,,,,,,,,,,,,,,,,113.04550744421067,,113.04553709446918,113.04554393683611,113.07468500877258,114.05802127862262,114.07467018364332,115.05799932602713,115.05799932602713,115.3246991211563,115.29156923420851,115.29157664677223,115.3246991211563,115.3246991211563,115.3246991211563,115.3246991211563,115.3246991211563,115.3246991211563,0.029205361679487396,115.92510430333641,[-375.0],[56.0],[1],[0],[0],[0.6000884375971509],115.92557471608598,115.92874729370124,None,,,,,,,,,,,,,ED23,001,2024-01-26_17h32.04.562,rating,2023.2.3,59.99692109293908,2024-01-26 17h32.35.906989 +0800,
neu_122.jpg,0,35,35,218,115.95802720867323,,,,,,,,,,,,,,,,,,,,,,,115.92895085412783,,115.92897822359737,115.92898449576569,115.95802720867323,116.94134067063169,116.95800867726211,117.94135207457839,117.94135207457839,118.20802022375756,118.17488491993572,118.17489233250126,118.20802022375756,118.20802022375756,118.20802022375756,118.20802022375756,118.20802022375756,118.20802022375756,0.02908704574474541,118.5418285314172,[-318.0],[112.0],[1],[0],[0],[0.3334812995253742],118.54224648601667,118.54549005319495,None,,,,,,,,,,,,,ED23,001,2024-01-26_17h32.04.562,rating,2023.2.3,59.99692109293908,2024-01-26 17h32.35.906989 +0800,
neu_175.jpg,0,36,36,276,118.57470125939471,,,,,,,,,,,,,,,,,,,,,,,118.54571927249708,,118.54574977805169,118.54575662041862,118.57470125939471,119.55802954648243,119.57469555742318,120.55803610375187,120.55803610375187,120.824708814509,120.79162368804828,120.791631100612,120.824708814509,120.824708814509,120.824708814509,120.824708814509,120.824708814509,120.824708814509,0.02900750322442036,121.52514056788277,[279.0],[44.0],[1],[0],[0],[0.7001087366206775],121.52559701079917,121.52871171339211,None,,,,,,,,,,,,,ED23,001,2024-01-26_17h32.04.562,rating,2023.2.3,59.99692109293908,2024-01-26 17h32.35.906989 +0800,
neu_108.jpg,0,37,37,202,121.55805492026047,,,,,,,,,,,,,,,,,,,,,,,121.52891641421229,,121.52894349858252,121.52894977075266,121.55805492026047,122.54138776892614,122.55806603910787,123.54139004971694,123.54139004971694,123.80809953819698,123.77494399237366,123.77495197513599,123.80809953819698,123.80809953819698,123.80809953819698,123.80809953819698,123.80809953819698,123.80809953819698,0.029201655395809212,124.37521973977346,[213.0],[31.0],[1],[0],[0],[0.5667797938040167],124.37570868393414,124.37881825475233,None,,,,,,,,,,,,,ED23,001,2024-01-26_17h32.04.562,rating,2023.2.3,59.99692109293908,2024-01-26 17h32.35.906989 +0800,
neg_119.jpg,0,38,38,22,124.4081115693607,,,,,,,,,,,,,,,,,,,,,,,124.37904832935055,,124.37907883490516,124.3790853921746,124.4081115693607,125.39145439647837,125.40807621712884,126.3914099210906,126.3914099210906,126.65807864046837,126.62502601525193,126.62503371291496,126.65807864046837,126.65807864046837,126.65807864046837,126.65807864046837,126.65807864046837,126.65807864046837,0.029045706442047958,127.29178049229813,[-356.0],[124.0],[1],[0],[0],[0.6333756989897665],127.29223522462053,127.2953584801744,None,,,,,,,,,,,,,ED23,001,2024-01-26_17h32.04.562,rating,2023.2.3,59.99692109293908,2024-01-26 17h32.35.906989 +0800,
neu_79.jpg,0,39,39,361,127.32475043890918,,,,,,,,,,,,,,,,,,,,,,,127.29558427829397,,127.29561421364997,127.2956210560169,127.32475043890918,128.30809070014038,128.32475328989676,129.3080981127041,129.3080981127041,129.5747648363904,129.5416252560899,129.54163295375292,129.5747648363904,129.5747648363904,129.5747648363904,129.5747648363904,129.5747648363904,129.5747648363904,0.029195098128184327,131.37527048733136,[238.0],[-15.0],[1],[0],[0],[1.8001621070834517],131.37569984587572,131.3787717836749,None,,,,,,,,,,,,,ED23,001,2024-01-26_17h32.04.562,rating,2023.2.3,59.99692109293908,2024-01-26 17h32.35.906989 +0800,
neu_111.jpg,0,40,40,206,131.4081204074173,,,,,,,,,,,,,,,,,,,,,,,131.3790018582731,,131.37903835089855,131.3790443379694,131.4081204074173,132.39147321298879,132.40811670113544,133.39149944206292,133.39149944206292,133.65812767743228,133.6249977904863,133.62500520305002,133.65812767743228,133.65812767743228,133.65812767743228,133.65812767743228,133.65812767743228,133.65812767743228,0.0291717200398125,134.62520591249086,[267.0],[21.0],[1],[0],[0],[0.9666759608826396],134.6256361263313,134.62872117866755,None,,,,,,,,,,,,,ED23,001,2024-01-26_17h32.04.562,rating,2023.2.3,59.99692109293908,2024-01-26 17h32.35.906989 +0800,
neg_61.jpg,0,41,41,150,134.65816131907195,,,,,,,,,,,,,,,,,,,,,,,134.62895524464693,,134.62898546510223,134.62899230746916,134.65816131907195,135.6414747810304,135.65817329321544,136.64147991280515,136.64147991280515,136.90814863218293,136.87500762638956,136.87501532405258,136.90814863218293,136.90814863218293,136.90814863218293,136.90814863218293,136.90814863218293,136.90814863218293,0.02922674407636805,137.74187910791625,[-243.0],[26.0],[1],[0],[0],[0.8333481584631954],137.7423583587224,137.74542430944894,None,,,,,,,,,,,,,ED23,001,2024-01-26_17h32.04.562,rating,2023.2.3,59.99692109293908,2024-01-26 17h32.35.906989 +0800,
neg_10.jpg,0,42,42,1,137.77482539134144,,,,,,,,,,,,,,,,,,,,,,,137.745630435762,,137.74565752013223,137.74566379230237,137.77482539134144,138.75816394198046,138.77485817768502,139.75816622276943,139.75816622276943,140.02483921862586,139.99169764263388,139.9917056253962,140.02483921862586,140.02483921862586,140.02483921862586,140.02483921862586,140.02483921862586,140.02483921862586,0.029227599372461555,140.65867506681388,[-236.0],[27.0],[1],[0],[0],[0.6334834662757203],140.6591506113382,140.66223053189788,None,,,,,,,,,,,,,ED23,001,2024-01-26_17h32.04.562,rating,2023.2.3,59.99692109293908,2024-01-26 17h32.35.906989 +0800,
neu_178.jpg,0,43,43,279,140.69151130216596,,,,,,,,,,,,,,,,,,,,,,,140.6624603213986,,140.66248940145852,140.66249652892475,140.69151130216596,141.67487152030117,141.69151472334852,142.6749082980241,142.6749082980241,142.94153111652122,142.90838840013566,142.908396382898,142.94153111652122,142.94153111652122,142.94153111652122,142.94153111652122,142.94153111652122,142.94153111652122,0.029087901040838915,143.74203790785577,[341.0],[20.0],[1],[0],[0],[0.8001472819560149],143.742520294747,143.74548902684,None,,,,,,,,,,,,,ED23,001,2024-01-26_17h32.04.562,rating,2023.2.3,59.99692109293908,2024-01-26 17h32.35.906989 +0800,
neg_157.jpg,0,44,44,64,143.7748701518267,,,,,,,,,,,,,,,,,,,,,,,143.74570598690116,,143.74573278617208,143.74573905834222,143.7748701518267,144.75821383424045,144.77490749974822,145.7582087024657,145.7582087024657,146.02488312381502,145.99174126272555,145.99174896038858,146.02488312381502,146.02488312381502,146.02488312381502,146.02488312381502,146.02488312381502,146.02488312381502,0.029194813028880162,146.79204107245096,[-336.0],[69.0],[1],[0],[0],[0.7668223875407421],146.7925109150019,146.79558826967514,None,,,,,,,,,,,,,ED23,001,2024-01-26_17h32.04.562,rating,2023.2.3,59.99692109293908,2024-01-26 17h32.35.906989 +0800,
neg_56.jpg,0,45,45,144,146.8249209278947,,,,,,,,,,,,,,,,,,,,,,,146.7958154932876,,146.79584514354428,146.79585198591303,146.8249209278947,147.80822213061037,147.8249009709889,148.80822897297912,148.80822897297912,149.07490396452522,149.04180458313203,149.04181228079506,149.07490396452522,149.07490396452522,149.07490396452522,149.07490396452522,149.07490396452522,149.07490396452522,0.029102155973305344,150.1087237901702,[-166.0],[17.0],[1],[0],[0],[1.0334794178743323],150.10921615551342,150.1123576573791,None,,,,,,,,,,,,,ED23,001,2024-01-26_17h32.04.562,rating,2023.2.3,59.99692109293908,2024-01-26 17h32.35.906989 +0800,
neu_101.jpg,0,46,46,195,150.1415688635807,,,,,,,,,,,,,,,,,,,,,,,150.11256292839607,,150.1125905829649,150.11259657003575,150.1415688635807,151.12492109895356,151.14158140792097,152.12492423503863,152.12492423503863,152.39159380971068,152.35848901144345,152.35849670910648,152.39159380971068,152.39159380971068,152.39159380971068,152.39159380971068,152.39159380971068,152.39159380971068,0.029050268021819647,153.0920937016581,[-195.0],[53.0],[1],[0],[0],[0.7001141534947237],153.092548148883,153.09565515381473,None,,,,,,,,,,,,,ED23,001,2024-01-26_17h32.04.562,rating,2023.2.3,59.99692109293908,2024-01-26 17h32.35.906989 +0800,
neu_98.jpg,0,47,47,382,153.12493506878673,,,,,,,,,,,,,,,,,,,,,,,153.09588522841295,,153.09591544886825,153.0959225763345,153.12493506878673,154.10833634112532,154.1249766931869,155.10828987004606,155.10828987004606,155.37494575998426,155.34184153191563,155.34184951467796,155.37494575998426,155.37494575998426,155.37494575998426,155.37494575998426,155.37494575998426,155.37494575998426,0.02909959008502483,156.07547558728947,[324.0],[63.0],[1],[0],[0],[0.7001209958616528],156.07596453145015,156.07901195076556,None,,,,,,,,,,,,,ED23,001,2024-01-26_17h32.04.562,rating,2023.2.3,59.99692109293908,2024-01-26 17h32.35.906989 +0800,
neg_149.jpg,0,48,48,55,156.10833234974416,,,,,,,,,,,,,,,,,,,,,,,156.0792525740144,,156.07928222427108,156.07928906663983,156.10833234974416,157.09162214851494,157.10829243593435,158.091627565389,158.091627565389,158.35829913575253,158.32521600498148,158.3252237026445,158.35829913575253,158.35829913575253,158.35829913575253,158.35829913575253,158.35829913575253,158.35829913575253,0.029061957064186572,159.05880729555975,[-296.0],[128.0],[1],[0],[0],[0.7001304041168623],159.05930308208735,159.06228008204016,None,,,,,,,,,,,,,ED23,001,2024-01-26_17h32.04.562,rating,2023.2.3,59.99692109293908,2024-01-26 17h32.35.906989 +0800,
neu_11.jpg,0,49,49,204,159.09164495640653,,,,,,,,,,,,,,,,,,,,,,,159.0625098715409,,159.0625400919962,159.06254721946243,159.09164495640653,160.07497210309884,160.09164837758908,161.07498179645336,161.07498179645336,161.34169698690675,161.30851207592423,161.30851977358725,161.34169698690675,161.34169698690675,161.34169698690675,161.34169698690675,161.34169698690675,161.34169698690675,0.029203651087300386,161.9754903553985,[361.0],[40.0],[1],[0],[0],[0.6334330038152984],161.97593396887532,161.97902814436748,None,,,,,,,,,,,,,ED23,001,2024-01-26_17h32.04.562,rating,2023.2.3,59.99692109293908,2024-01-26 17h32.35.906989 +0800,
neu_81.jpg,0,50,50,364,162.00837192143445,,,,,,,,,,,,,,,,,,,,,,,161.9792567934728,,161.97928701392811,161.97929414139435,162.00837192143445,162.99169279595662,163.00833827979477,163.9916754049409,163.9916754049409,164.25837662556114,164.22525015979772,164.22525899785614,164.25837662556114,164.25837662556114,164.25837662556114,164.25837662556114,164.25837662556114,164.25837662556114,0.029133231724699726,164.85877468027684,[293.0],[-50.0],[1],[0],[0],[0.6000279966865492],164.859263909535,164.86232843476864,None,,,,,,,,,,,,,ED23,001,2024-01-26_17h32.04.562,rating,2023.2.3,59.99692109293908,2024-01-26 17h32.35.906989 +0800,
neu_150.jpg,0,51,51,249,164.89169872600905,,,,,,,,,,,,,,,,,,,,,,,164.86255337759212,,164.86258331294994,164.86259044041435,164.89169872600905,165.87501503895328,165.8916841859791,166.87501988563054,166.87501988563054,167.14169088579547,167.10859606598206,167.10860404874256,167.14169088579547,167.14169088579547,167.14169088579547,167.14169088579547,167.14169088579547,167.14169088579547,0.029152618431908195,167.84210467795674,[321.0],[-39.0],[1],[0],[0],[0.7000397427509597],167.84261186842923,167.84569834625654,None,,,,,,,,,,,,,ED23,001,2024-01-26_17h32.04.562,rating,2023.2.3,59.99692109293908,2024-01-26 17h32.35.906989 +0800,
neg_155.jpg,0,52,52,62,167.8750321448715,,,,,,,,,,,,,,,,,,,,,,,167.84593212713844,,167.84596206249444,167.84596918996067,167.8750321448715,168.85836784452295,168.8750347107598,169.8583755421878,169.8583755421878,170.12505252942356,170.09191808089963,170.09192606366014,170.12505252942356,170.12505252942356,170.12505252942356,170.12505252942356,170.12505252942356,170.12505252942356,0.029133801921489066,171.192127400318,[-225.0],[32.0],[1],[0],[0],[1.066697685399049],171.19263772687555,171.19573931493142,None,,,,,,,,,,,,,ED23,001,2024-01-26_17h32.04.562,rating,2023.2.3,59.99692109293908,2024-01-26 17h32.35.906989 +0800,
neg_17.jpg,0,53,53,78,171.22508622808346,,,,,,,,,,,,,,,,,,,,,,,171.19596796403675,,171.19599846959136,171.1960055970576,171.22508622808346,172.2083991198433,172.2250822367023,173.20838572020875,173.20838572020875,173.47509920006996,173.4419986782832,173.44200666104553,173.47509920006996,173.47509920006996,173.47509920006996,173.47509920006996,173.47509920006996,173.47509920006996,0.02915461412158038,173.90883315400606,[-213.0],[-36.0],[1],[0],[0],[0.43332369699965056],173.90932951073228,173.91242140543363,None,,,,,,,,,,,,,ED23,001,2024-01-26_17h32.04.562,rating,2023.2.3,59.99692109293908,2024-01-26 17h32.35.906989 +0800,
neg_21.jpg,0,54,54,106,173.94179027118116,,,,,,,,,,,,,,,,,,,,,,,173.91263009763497,,173.9126583224006,173.91266459457074,173.94179027118116,174.92507949975516,174.94174208951154,175.92508634212209,175.92508634212209,176.19175506149986,176.158641995371,176.15864969303402,176.19175506149986,176.19175506149986,176.19175506149986,176.19175506149986,176.19175506149986,176.19175506149986,0.02914435057027731,176.89229486725526,[-243.0],[-31.0],[1],[0],[0],[0.7001161491843959],176.89280234282705,176.89577392590581,None,,,,,,,,,,,,,ED23,001,2024-01-26_17h32.04.562,rating,2023.2.3,59.99692109293908,2024-01-26 17h32.35.906989 +0800,
neg_128.jpg,0,55,55,32,176.9250960354766,,,,,,,,,,,,,,,,,,,,,,,176.89601084287278,,176.8960384974398,176.89604476960994,176.9250960354766,177.90843914769175,177.92509945665915,178.90845026653915,178.90845026653915,179.17510758197022,179.14199879232365,179.14200620488737,179.17510758197022,179.17510758197022,179.17510758197022,179.17510758197022,179.17510758197022,179.17510758197022,0.029115270510374103,180.00887084404712,[-292.0],[30.0],[1],[0],[0],[0.8333943444413308],180.00940654438273,180.01249501790153,None,,,,,,,,,,,,,ED23,001,2024-01-26_17h32.04.562,rating,2023.2.3,59.99692109293908,2024-01-26 17h32.35.906989 +0800,
neg_139.jpg,0,56,56,44,180.04178263053655,,,,,,,,,,,,,,,,,,,,,,,180.01270713128724,,180.01273478585426,180.0127407729251,180.04178263053655,181.02512032587947,181.04178605172092,182.0251291639379,182.0251291639379,182.29180044920213,182.25870192310504,182.25871104626094,182.29180044920213,182.29180044920213,182.29180044920213,182.29180044920213,182.29180044920213,182.29180044920213,0.029110708932421403,182.69222176796575,[-307.0],[208.0],[1],[0],[0],[0.40003472501302895],182.69273551570768,182.69589440858908,None,,,,,,,,,,,,,ED23,001,2024-01-26_17h32.04.562,rating,2023.2.3,59.99692109293908,2024-01-26 17h32.35.906989 +0800,
neu_160.jpg,0,57,57,260,182.72516919178634,,,,,,,,,,,,,,,,,,,,,,,182.6961173557229,,182.69616012051665,182.6961663926868,182.72516919178634,183.70848379413837,183.72515607724927,184.70848693022344,184.70848693022344,184.97514909233178,184.94201606930073,184.94202405206124,184.97514909233178,184.97514909233178,184.97514909233178,184.97514909233178,184.97514909233178,184.97514909233178,0.02906423785498191,185.64220862491857,[347.0],[-6.0],[1],[0],[0],[0.666640722689408],185.64273577229505,185.64582339051958,None,,,,,,,,,,,,,ED23,001,2024-01-26_17h32.04.562,rating,2023.2.3,59.99692109293908,2024-01-26 17h32.35.906989 +0800,
neu_87.jpg,0,58,58,370,185.67515690403525,,,,,,,,,,,,,,,,,,,,,,,185.6460315125223,,185.64605916709115,185.6460654392613,185.67515690403525,186.6584908930945,186.67517914172822,187.65849887585682,187.65849887585682,187.92516902072748,187.89204569104913,187.89205395890895,187.92516902072748,187.92516902072748,187.92516902072748,187.92516902072748,187.92516902072748,187.92516902072748,0.02915632471376739,188.92570956774034,[316.0],[24.0],[1],[0],[0],[1.0001254434009752],188.926230728046,188.9293477114279,None,,,,,,,,,,,,,ED23,001,2024-01-26_17h32.04.562,rating,2023.2.3,59.99692109293908,2024-01-26 17h32.35.906989 +0800,
neg_97.jpg,0,59,59,189,188.95851900381967,,,,,,,,,,,,,,,,,,,,,,,188.92957579033646,,188.92960601079176,188.9296128531587,188.95851900381967,189.94186952860218,189.95852356539763,190.9418661074178,190.9418661074178,191.20853083541442,191.17539923787444,191.17540636534068,191.20853083541442,191.20853083541442,191.20853083541442,191.20853083541442,191.20853083541442,191.20853083541442,0.028997524772421457,192.07573331645654,[-308.0],[-1.0],[1],[0],[0],[0.866718098461206],192.07625761284726,193.6090168715673,space,192.0918901412333,192.0918901412333,1.5117101413561613,None,,,,,,,,,ED23,001,2024-01-26_17h32.04.562,rating,2023.2.3,59.99692109293908,2024-01-26 17h32.35.906989 +0800,
neu_91.jpg,0,60,60,375,193.625212184661,,,,,,,,,,,,,,,,,,,,,,,193.6093501518735,193.625212184661,194.60877254203842,194.60878023969963,194.64188617836226,195.60855472667936,195.64188874425054,196.60856327963666,196.60856327963666,196.87526507045732,196.84210809914111,196.84211636700093,196.87526507045732,196.87526507045732,196.87526507045732,196.87526507045732,196.87526507045732,196.87526507045732,0.016108785654068924,197.50901652944776,[293.0],[23.0],[1],[0],[0],[0.6333491848163249],197.50953911524812,197.51264925626492,None,,,,,194.64188617836226,,,,,,,,ED23,001,2024-01-26_17h32.04.562,rating,2023.2.3,59.99692109293908,2024-01-26 17h32.35.906989 +0800,
neu_97.jpg,0,61,61,381,197.54193572850454,,,,,,,,,,,,,,,,,,,,,,,197.5128838924411,,197.51291496819067,197.51292181055942,197.54193572850454,198.52525033085658,198.54190835903682,199.5252682920709,199.5252682920709,199.79191905023436,199.7587974311482,199.75881852844577,199.79191905023436,199.79191905023436,199.79191905023436,199.79191905023436,199.79191905023436,199.79191905023436,0.029050838220427977,200.32578050028133,[335.0],[43.0],[1],[0],[0],[0.5334728606067074],200.32628170368298,200.32939384038582,None,,,,,,,,,,,,,ED23,001,2024-01-26_17h32.04.562,rating,2023.2.3,59.99692109293908,2024-01-26 17h32.35.906989 +0800,
neu_138.jpg,0,62,62,235,200.35859193205215,,,,,,,,,,,,,,,,,,,,,,,200.3295999667007,,200.32962733616841,200.32963360833855,200.35859193205215,201.34198151534474,201.35859307244573,202.34195728196028,202.34195728196028,202.60860490404048,202.57546845982324,202.57547615748808,202.60860490404048,202.60860490404048,202.60860490404048,202.60860490404048,202.60860490404048,202.60860490404048,0.02902403894768213,203.44247023142634,[297.0],[13.0],[1],[0],[0],[0.8334650489050546],203.44300507646585,203.44609583077363,None,,,,,,,,,,,,,ED23,001,2024-01-26_17h32.04.562,rating,2023.2.3,59.99692109293908,2024-01-26 17h32.35.906989 +0800,
neu_78.jpg,0,63,63,360,203.47529335224135,,,,,,,,,,,,,,,,,,,,,,,203.4463036676807,,203.44633018185232,203.44633645402246,203.47529335224135,204.45861964363758,204.47528137809968,205.45864729820642,205.45864729820642,205.7252920692972,205.69219896007598,205.6922066577372,205.7252920692972,205.7252920692972,205.7252920692972,205.7252920692972,205.7252920692972,205.7252920692972,0.029007788325543515,206.49248679565608,[289.0],[47.0],[1],[0],[0],[0.7668124090887432],206.49296861235234,206.49603513327565,None,,,,,,,,,,,,,ED23,001,2024-01-26_17h32.04.562,rating,2023.2.3,59.99692109293908,2024-01-26 17h32.35.906989 +0800,
neg_191.jpg,0,64,64,102,206.52530164861128,,,,,,,,,,,,,,,,,,,,,,,206.4962763267231,,206.4963039812883,206.49630996836095,206.52530164861128,207.5086379184595,207.52530221880988,208.50865046279978,208.50865046279978,208.7753351477022,208.74219870348497,208.74222065608228,208.7753351477022,208.7753351477022,208.7753351477022,208.7753351477022,208.7753351477022,208.7753351477022,0.029078777886752505,209.34242427352547,[-349.0],[154.0],[1],[0],[0],[0.5667182124998362],209.34291093689717,209.34601223985555,None,,,,,,,,,,,,,ED23,001,2024-01-26_17h32.04.562,rating,2023.2.3,59.99692109293908,2024-01-26 17h32.35.906989 +0800,
neu_83.jpg,0,65,65,366,209.37532323057712,,,,,,,,,,,,,,,,,,,,,,,209.34624858662391,,209.346279377276,209.34628621964475,209.37532323057712,210.35868145302265,210.37533007294587,211.35869029108107,211.35869029108107,211.62535672966806,211.59225820357278,211.5922673267287,211.62535672966806,211.62535672966806,211.62535672966806,211.62535672966806,211.62535672966806,211.62535672966806,0.029124678763764678,212.35922827220747,[357.0],[-35.0],[1],[0],[0],[0.7334493114576617],212.35977252550038,212.36277546942983,None,,,,,,,,,,,,,ED23,001,2024-01-26_17h32.04.562,rating,2023.2.3,59.99692109293908,2024-01-26 17h32.35.906989 +0800,
neg_114.jpg,0,66,66,17,212.39200891332257,,,,,,,,,,,,,,,,,,,,,,,212.36298359143439,,212.3630112459996,212.36301751816973,212.39200891332257,213.3753457533694,213.39203172121597,214.37535459142782,214.37535459142782,214.6420241661017,214.6089036874091,214.60891138507395,214.6420241661017,214.6420241661017,214.6420241661017,214.6420241661017,214.6420241661017,214.6420241661017,0.029058250784146367,215.4759285520031,[-227.0],[20.0],[1],[0],[0],[0.8334818697221635],215.47646311194512,215.47955443644787,None,,,,,,,,,,,,,ED23,001,2024-01-26_17h32.04.562,rating,2023.2.3,59.99692109293908,2024-01-26 17h32.35.906989 +0800,
neu_126.jpg,0,67,67,222,215.50869835937374,,,,,,,,,,,,,,,,,,,,,,,215.47978850242907,,215.47981872288256,215.47982528015382,215.50869835937374,216.4920377653052,216.50870263585057,217.49208737246772,217.49208737246772,217.75871361214922,217.7256267750945,217.72563475785682,217.75871361214922,217.75871361214922,217.75871361214922,217.75871361214922,217.75871361214922,217.75871361214922,0.02894278583335108,218.4591564843704,[316.0],[16.0],[1],[0],[0],[0.7000277686056506],218.45969788667753,218.46280717239824,None,,,,,,,,,,,,,ED23,001,2024-01-26_17h32.04.562,rating,2023.2.3,59.99692109293908,2024-01-26 17h32.35.906989 +0800,
neg_7.jpg,0,68,68,159,218.49206969635452,,,,,,,,,,,,,,,,,,,,,,,218.46301586459776,,218.4630438042641,218.46304979133674,218.49206969635452,219.4753897155806,219.4921130313469,220.47539199636776,220.47539199636776,220.74209464248452,220.7089485049164,220.7089564876751,220.74209464248452,220.74209464248452,220.74209464248452,220.74209464248452,220.74209464248452,220.74209464248452,0.029101585772878025,221.5091881588287,[-303.0],[-4.0],[1],[0],[0],[0.7666926676611183],221.5096830900602,221.51269401674836,None,,,,,,,,,,,,,ED23,001,2024-01-26_17h32.04.562,rating,2023.2.3,59.99692109293908,2024-01-26 17h32.35.906989 +0800,
neu_54.jpg,0,69,69,334,221.54213729324147,,,,,,,,,,,,,,,,,,,,,,,221.5129243764477,,221.5129548820023,221.51296172436741,221.54213729324147,222.5254116966844,222.54208825627393,223.52541511786876,223.52541511786876,223.7920844074415,223.75897504759814,223.75898274525935,223.7920844074415,223.7920844074415,223.7920844074415,223.7920844074415,223.7920844074415,223.7920844074415,0.029176566717069363,225.1258490950113,[263.0],[13.0],[1],[0],[0],[1.3333638388867257],225.12637111061304,225.1294855281103,None,,,,,,,,,,,,,ED23,001,2024-01-26_17h32.04.562,rating,2023.2.3,59.99692109293908,2024-01-26 17h32.35.906989 +0800,
neg_54.jpg,0,70,70,142,225.1587662983784,,,,,,,,,,,,,,,,,,,,,,,225.12972444076695,,225.12975494631792,225.12976178868666,225.1587662983784,226.14210114273192,226.1588147651437,227.14210570430987,227.14210570430987,227.40877670447844,227.37563512848465,227.3756428261495,227.40877670447844,227.40877670447844,227.40877670447844,227.40877670447844,227.40877670447844,227.40877670447844,0.02906651864395826,228.37587831762175,[-286.0],[25.0],[1],[0],[0],[0.9666793820688326],228.37639605674303,228.3793995708711,None,,,,,,,,,,,,,ED23,001,2024-01-26_17h32.04.562,rating,2023.2.3,59.99692109293908,2024-01-26 17h32.35.906989 +0800,
neu_44.jpg,0,71,71,323,228.40878924881872,,,,,,,,,,,,,,,,,,,,,,,228.3796339219498,,228.3796635722083,228.37967012947593,228.40878924881872,229.39214490537233,229.4087889637176,230.3921300802449,230.3921300802449,230.65879908472016,230.62569998842628,230.62570768608748,230.65879908472016,230.65879908472016,230.65879908472016,230.65879908472016,230.65879908472016,230.65879908472016,0.029181128295022063,231.92592139602675,[285.0],[14.0],[1],[0],[0],[1.2667188967388938],231.92644654771175,231.92947401012316,None,,,,,,,,,,,,,ED23,001,2024-01-26_17h32.04.562,rating,2023.2.3,59.99692109293908,2024-01-26 17h32.35.906989 +0800,
neu_1.jpg,0,72,72,192,231.95881180011747,,,,,,,,,,,,,,,,,,,,,,,231.92970579531357,,231.92973544557208,231.9297420028397,231.95881180011747,232.942150065659,232.95881322561218,233.94215747822273,233.94215747822273,234.20885214157715,234.17573650956,234.17574534761843,234.20885214157715,234.20885214157715,234.20885214157715,234.20885214157715,234.20885214157715,234.20885214157715,0.02916316708069644,235.442665238892,[259.0],[-4.0],[1],[0],[0],[1.2333851642652007],235.44322146633021,235.4462745876208,None,,,,,,,,,,,,,ED23,001,2024-01-26_17h32.04.562,rating,2023.2.3,59.99692109293908,2024-01-26 17h32.35.906989 +0800,
neg_106.jpg,0,73,73,8,235.47550575072637,,,,,,,,,,,,,,,,,,,,,,,235.44654172504124,,235.44657194549836,235.44657878786347,235.47550575072637,236.4588411652785,236.47550831661465,237.45885285432269,237.45885285432269,237.72551986310827,237.6924067969794,237.69241449464425,237.72551986310827,237.72551986310827,237.72551986310827,237.72551986310827,237.72551986310827,237.72551986310827,0.028994103588047437,238.8926689166674,[-250.0],[-10.0],[1],[0],[0],[1.166689759655128],238.89326648340466,238.89640085780593,None,,,,,,,,,,,,,ED23,001,2024-01-26_17h32.04.562,rating,2023.2.3,59.99692109293908,2024-01-26 17h32.35.906989 +0800,
neu_15.jpg,0,74,74,248,238.92552910030463,,,,,,,,,,,,,,,,,,,,,,,238.89663150260276,,238.89666229325485,238.89666913561996,238.92552910030463,239.9089021478776,239.9255310959943,240.90888105057638,240.90888105057638,241.17558227119844,241.14239878570697,241.14240648337181,241.17558227119844,241.17558227119844,241.17558227119844,241.17558227119844,241.17558227119844,241.17558227119844,0.028967019221454393,242.40944896705878,[-217.0],[-13.0],[1],[0],[0],[1.2334230823835242],242.4100117517646,242.4130634475605,None,,,,,,,,,,,,,ED23,001,2024-01-26_17h32.04.562,rating,2023.2.3,59.99692109293908,2024-01-26 17h32.35.906989 +0800,
neu_191.jpg,0,75,75,294,242.4422207701191,,,,,,,,,,,,,,,,,,,,,,,242.4132975135417,,242.4133274488977,242.41333400616531,242.4422207701191,243.42555475918016,243.44224842468793,244.42555846546202,244.42555846546202,244.69223174641775,244.65910499555503,244.65911297831735,244.69223174641775,244.69223174641775,244.69223174641775,244.69223174641775,244.69223174641775,244.69223174641775,0.02894962820209912,245.89267347824534,[307.0],[14.0],[1],[0],[0],[1.2000291941003525],245.8932433904174,245.89636835656165,None,,,,,,,,,,,,,ED23,001,2024-01-26_17h32.04.562,rating,2023.2.3,59.99692109293908,2024-01-26 17h32.35.906989 +0800,
neu_14.jpg,0,76,76,237,245.92557585648137,,,,,,,,,,,,,,,,,,,,,,,245.89659786096126,,245.89662836651587,245.8966354939821,245.92557585648137,246.90891355182066,246.9256020855555,247.90891925379583,247.90891925379583,248.17558939866467,248.14247490704474,248.14248260470595,248.17558939866467,248.17558939866467,248.17558939866467,248.17558939866467,248.17558939866467,248.17558939866467,0.029007218126935186,249.2427238551736,[228.0],[10.0],[1],[0],[0],[1.0667199230920232],249.24325870021312,249.246370266721,None,,,,,,,,,,,,,ED23,001,2024-01-26_17h32.04.562,rating,2023.2.3,59.99692109293908,2024-01-26 17h32.35.906989 +0800,
neu_67.jpg,0,77,77,348,249.27560200002517,,,,,,,,,,,,,,,,,,,,,,,249.2466011966153,,249.2466317021699,249.24663825943753,249.27560200002517,250.2589673499333,250.27560285532127,251.2589596522721,251.2589596522721,251.52561155082913,251.49250960354948,251.49251758630817,251.52561155082913,251.52561155082913,251.52561155082913,251.52561155082913,251.52561155082913,251.52561155082913,0.029027175030932995,252.42608276185456,[290.0],[-13.0],[1],[0],[0],[0.9000244614617259],252.42659023742635,252.42966017953404,None,,,,,,,,,,,,,ED23,001,2024-01-26_17h32.04.562,rating,2023.2.3,59.99692109293908,2024-01-26 17h32.35.906989 +0800,
neg_87.jpg,0,78,78,178,252.45895606002705,,,,,,,,,,,,,,,,,,,,,,,252.42989795179346,,252.4299250361637,252.42993102323635,252.45895606002705,253.44231428247258,253.45895691532314,254.44229518086468,254.44229518086468,254.7089664661271,254.67583372819536,254.67584171095768,254.7089664661271,254.7089664661271,254.7089664661271,254.7089664661271,254.7089664661271,254.7089664661271,0.029089041436236585,255.6427811029771,[-241.0],[-15.0],[1],[0],[0],[0.9333493558769987],255.64334474298266,255.64646343695676,None,,,,,,,,,,,,,ED23,001,2024-01-26_17h32.04.562,rating,2023.2.3,59.99692109293908,2024-01-26 17h32.35.906989 +0800,
neg_143.jpg,0,79,79,49,255.6756455630948,,,,,,,,,,,,,,,,,,,,,,,255.64669379665247,,255.6467240171096,255.6467308594747,255.6756455630948,256.6589775564662,256.67566067332336,257.6589843988313,257.6589843988313,257.9256824833701,257.89253634579836,257.8925440434632,257.9256824833701,257.9256824833701,257.9256824833701,257.9256824833701,257.9256824833701,257.9256824833701,0.029005222437263,258.559462167128,[-210.0],[20.0],[1],[0],[0],[0.6333563122825581],258.5599764850649,258.5631262547922,None,,,,,,,,,,,,,ED23,001,2024-01-26_17h32.04.562,rating,2023.2.3,59.99692109293908,2024-01-26 17h32.35.906989 +0800,
neg_187.jpg,0,80,80,97,258.592335180203,,,,,,,,,,,,,,,,,,,,,,,258.5633568995854,,258.56338712004253,258.56339424750877,258.592335180203,259.5756973940279,259.59235998378244,260.5756973940279,260.5756973940279,260.8423712451786,260.80921769504675,260.8092256778091,260.8423712451786,260.8423712451786,260.8423712451786,260.8423712451786,260.8423712451786,260.8423712451786,0.029049412725726143,261.37622357206965,[-284.0],[118.0],[1],[0],[0],[0.5333856204233598],261.37676754026506,261.37996150028084,None,,,,,,,,,,,,,ED23,001,2024-01-26_17h32.04.562,rating,2023.2.3,59.99692109293908,2024-01-26 17h32.35.906989 +0800,
neg_91.jpg,0,81,81,183,261.40900734927163,,,,,,,,,,,,,,,,,,,,,,,261.3801975619517,,261.3802257867155,261.38023205888567,261.40900734927163,262.3923504614886,262.40902359989377,263.3923997835536,263.3923997835536,263.65904284405224,263.62590297865427,263.6259112465141,263.65904284405224,263.65904284405224,263.65904284405224,263.65904284405224,263.65904284405224,263.65904284405224,0.02886552410564036,264.72616960289633,[-263.0],[45.0],[1],[0],[0],[1.066695689707558],264.7267392299709,264.7298707533864,None,,,,,,,,,,,,,ED23,001,2024-01-26_17h32.04.562,rating,2023.2.3,59.99692109293908,2024-01-26 17h32.35.906989 +0800,
neg_103.jpg,0,82,82,5,264.7590374841984,,,,,,,,,,,,,,,,,,,,,,,264.7301036789704,,264.73013161863673,264.7301378908069,264.7590374841984,265.7423777454296,265.7590409053828,266.74238458779473,266.74238458779473,267.0090042702086,266.97592028413965,266.975928266902,267.0090042702086,267.0090042702086,267.0090042702086,267.0090042702086,267.0090042702086,267.0090042702086,0.02891826735503855,267.70965298364354,[-266.0],[-42.0],[1],[0],[0],[0.7001837175594119],267.71020693029095,267.71330794815185,None,,,,,,,,,,,,,ED23,001,2024-01-26_17h32.04.562,rating,2023.2.3,59.99692109293908,2024-01-26 17h32.35.906989 +0800,
neu_125.jpg,0,83,83,221,267.7423937109543,,,,,,,,,,,,,,,,,,,,,,,267.7135177807486,,267.7135451502163,267.71355113728896,267.7423937109543,268.7257485122118,268.74239456625037,269.72576333734287,269.72576333734287,269.9923356933814,269.95931927568927,269.9593278286502,269.9923356933814,269.9923356933814,269.9923356933814,269.9923356933814,269.9923356933814,269.9923356933814,0.02883786953680101,270.9595302486796,[265.0],[-9.0],[1],[0],[0],[0.9667620606705896],270.9601204028568,270.9632376713362,None,,,,,,,,,,,,,ED23,001,2024-01-26_17h32.04.562,rating,2023.2.3,59.99692109293908,2024-01-26 17h32.35.906989 +0800,
neg_160.jpg,0,84,84,68,270.99241894218176,,,,,,,,,,,,,,,,,,,,,,,270.96347259261347,,270.9634996769837,270.96350594915384,270.99241894218176,271.97575207594673,271.9924155209974,272.9757580630194,272.9757580630194,273.24235408224376,273.2093034527152,273.20931115038,273.24235408224376,273.24235408224376,273.24235408224376,273.24235408224376,273.24235408224376,273.24235408224376,0.028902872025355464,274.0429030681753,[-285.0],[63.0],[1],[0],[0],[0.8000962492988037],274.04347640153173,274.0465477691305,None,,,,,,,,,,,,,ED23,001,2024-01-26_17h32.04.562,rating,2023.2.3,59.99692109293908,2024-01-26 17h32.35.906989 +0800,
neu_29.jpg,0,85,85,306,274.07576895378406,,,,,,,,,,,,,,,,,,,,,,,274.0467806947181,,274.04680749399085,274.046813766161,274.07576895378406,275.059106649127,275.07577037927877,276.05912261465164,276.05912261465164,276.34244337513337,276.29266657885637,276.2926748467162,276.34244337513337,276.34244337513337,276.34244337513337,276.34244337513337,276.34244337513337,276.34244337513337,0.04568434791144682,277.70958969174717,[244.0],[37.0],[1],[0],[0],[1.3667078349099029],277.71014620428286,277.713215005997,None,,,,,,,,,,,,,ED23,001,2024-01-26_17h32.04.562,rating,2023.2.3,59.99692109293908,2024-01-26 17h32.35.906989 +0800,
neu_107.jpg,0,86,86,201,277.7424789554443,,,,,,,,,,,,,,,,,,,,,,,277.7134447954977,,277.7134753010487,277.7134824285149,277.7424789554443,278.72580638723775,278.7425006229405,279.72580325115086,279.72580325115086,280.0091938608002,279.9594447190884,279.95945270185075,280.0091938608002,280.0091938608002,280.0091938608002,280.0091938608002,280.0091938608002,280.0091938608002,0.04576788181293523,281.57639645588097,[279.0],[47.0],[1],[0],[0],[1.5667281909518351],281.57692616914755,281.5800690965061,None,,,,,,,,,,,,,ED23,001,2024-01-26_17h32.04.562,rating,2023.2.3,59.99692109293908,2024-01-26 17h32.35.906989 +0800,
neg_65.jpg,0,87,87,154,281.60915656990073,,,,,,,,,,,,,,,,,,,,,,,281.58029974130295,,281.58033024685756,281.5803373743238,281.60915656990073,282.59249312484644,282.6091571400957,283.5925267664843,283.5925267664843,283.8758366932216,283.82604193573025,283.82605020359006,283.8758366932216,283.8758366932216,283.8758366932216,283.8758366932216,283.8758366932216,283.8758366932216,0.045552347248303704,284.50957646316783,[-293.0],[-17.0],[1],[0],[0],[0.6333087008097209],284.5101403882709,284.51323228297224,None,,,,,,,,,,,,,ED23,001,2024-01-26_17h32.04.562,rating,2023.2.3,59.99692109293908,2024-01-26 17h32.35.906989 +0800,
neg_64.jpg,0,88,88,153,284.5425082065649,,,,,,,,,,,,,,,,,,,,,,,284.513461502278,,284.5134888717457,284.5134948588184,284.5425082065649,285.52585302937405,285.5425338654404,286.5258687097976,286.5258687097976,286.80918947028294,286.7593930021958,286.75940127005924,286.80918947028294,286.80918947028294,286.80918947028294,286.80918947028294,286.80918947028294,286.80918947028294,0.045749350403639255,287.3596285506919,[-336.0],[54.0],[1],[0],[0],[0.5499364515126217],287.3601967522718,287.36339356327335,None,,,,,,,,,,,,,ED23,001,2024-01-26_17h32.04.562,rating,2023.2.3,59.99692109293908,2024-01-26 17h32.35.906989 +0800,
neu_155.jpg,0,89,89,254,287.3925357756034,,,,,,,,,,,,,,,,,,,,,,,287.36362363787157,,287.36365442852366,287.3636609857913,287.3925357756034,288.3758939980453,288.39253634579836,289.37587746232566,289.37587746232566,289.65921390323456,289.60943539636537,289.6094430940266,289.65921390323456,289.65921390323456,289.65921390323456,289.65921390323456,289.65921390323456,289.65921390323456,0.04560765638234443,291.1597068387764,[229.0],[15.0],[1],[0],[0],[1.50002195259367],291.1602413987184,304.4597648848594,space,291.17588476085257,291.17588476085257,13.282329472527636,None,,,,,,,,,ED23,001,2024-01-26_17h32.04.562,rating,2023.2.3,59.99692109293908,2024-01-26 17h32.35.906989 +0800,
neu_143.jpg,0,90,90,241,304.4759781591656,,,,,,,,,,,,,,,,,,,,,,,304.46013893426607,304.4759781591656,305.4595100066781,305.4595168490432,305.4927009047333,306.4593255478594,306.4926900709852,307.45933096473345,307.45933096473345,307.7426944900126,307.6928911795603,307.69289916232265,307.7426944900126,307.7426944900126,307.7426944900126,307.7426944900126,307.7426944900126,307.7426944900126,0.0327608267616597,308.59313374148223,[236.0],[34.0],[1],[0],[0],[0.8499850893422263],308.59368654773607,308.5967949781607,None,,,,,305.4927009047333,,,,,,,,ED23,001,2024-01-26_17h32.04.562,rating,2023.2.3,59.99692109293908,2024-01-26 17h32.35.906989 +0800,
neg_74.jpg,0,91,91,164,308.6259993419935,,,,,,,,,,,,,,,,,,,,,,,308.59700252996663,,308.59703075473044,308.5970367418031,308.6259993419935,309.6093441648027,309.6260118863338,310.6093504369728,310.6093504369728,310.8926865927806,310.84289297568284,310.8429006733477,310.8926865927806,310.8926865927806,310.8926865927806,310.8926865927806,310.8926865927806,310.8926865927806,0.045703449522989104,311.4933150071938,[-315.0],[25.0],[1],[0],[0],[0.6001551506778924],311.4939048762699,311.497096840596,None,,,,,,,,,,,,,ED23,001,2024-01-26_17h32.04.562,rating,2023.2.3,59.99692109293908,2024-01-26 17h32.35.906989 +0800,
neu_39.jpg,0,92,92,317,311.5260257991449,,,,,,,,,,,,,,,,,,,,,,,311.4973072433877,,311.4973357532526,311.49734174032164,311.5260257991449,312.5093663454736,312.5260315011201,313.50937432823594,313.50937432823594,313.79270905855265,313.74292057323146,313.7429285559938,313.79270905855265,313.79270905855265,313.79270905855265,313.79270905855265,313.79270905855265,313.79270905855265,0.04542091677285498,314.6932908878498,[273.0],[45.0],[1],[0],[0],[0.9001225353931659],314.69389102047535,314.6971000907197,None,,,,,,,,,,,,,ED23,001,2024-01-26_17h32.04.562,rating,2023.2.3,59.99692109293908,2024-01-26 17h32.35.906989 +0800,
neg_20.jpg,0,93,93,105,314.72607010347383,,,,,,,,,,,,,,,,,,,,,,,314.69730764252563,,314.69733501199335,314.6973412841635,314.72607010347383,315.7093906928985,315.72610060902844,316.70939639487005,316.70939639487005,316.99274195893486,316.9429825536736,316.9429905364359,316.99274195893486,316.99274195893486,316.99274195893486,316.99274195893486,316.99274195893486,316.99274195893486,0.04545484351547202,317.84335711626227,[-267.0],[40.0],[1],[0],[0],[0.8501530124412966],317.8439304496187,317.8471016017411,None,,,,,,,,,,,,,ED23,001,2024-01-26_17h32.04.562,rating,2023.2.3,59.99692109293908,2024-01-26 17h32.35.906989 +0800,
neg_76.jpg,0,94,94,166,317.8760967031758,,,,,,,,,,,,,,,,,,,,,,,317.84732939555215,,317.84735904581066,317.8473658881758,317.8760967031758,318.85941187572644,318.876113809094,319.8594167224055,319.8594167224055,320.1427528782133,320.09300943847666,320.09301713613786,320.1427528782133,320.1427528782133,320.1427528782133,320.1427528782133,320.1427528782133,320.1427528782133,0.04545484351547202,320.74334850628475,[-346.0],[46.0],[1],[0],[0],[0.6000536555620783],320.74392725651524,320.74705393325166,None,,,,,,,,,,,,,ED23,001,2024-01-26_17h32.04.562,rating,2023.2.3,59.99692109293908,2024-01-26 17h32.35.906989 +0800,
neg_156.jpg,0,95,95,63,320.7761086203009,,,,,,,,,,,,,,,,,,,,,,,320.7472614850576,,320.74728856942784,320.747294841598,320.7761086203009,321.75943063521663,321.7761128967777,322.7594357669932,322.7594357669932,323.0427739184943,322.9930113771461,322.99301907481095,323.0427739184943,323.0427739184943,323.0427739184943,323.0427739184943,323.0427739184943,323.0427739184943,0.04553267544179107,323.7932806813169,[-387.0],[185.0],[1],[0],[0],[0.7500215249492612],323.7938580060563,323.7969989377216,None,,,,,,,,,,,,,ED23,001,2024-01-26_17h32.04.562,rating,2023.2.3,59.99692109293908,2024-01-26 17h32.35.906989 +0800,
neg_24.jpg,0,96,96,109,323.8261129252878,,,,,,,,,,,,,,,,,,,,,,,323.79722758682874,,323.79725495629646,323.7972609433691,323.8261129252878,324.80946116928135,324.82614115005526,325.8094891089477,325.8094891089477,326.0927956145006,326.0430022825003,326.04300969506403,326.0927956145006,326.0927956145006,326.0927956145006,326.0927956145006,326.0927956145006,326.0927956145006,0.04558941007053363,326.7933151782545,[-341.0],[26.0],[1],[0],[0],[0.7000220666341193],326.79389677947074,326.7970596637333,None,,,,,,,,,,,,,ED23,001,2024-01-26_17h32.04.562,rating,2023.2.3,59.99692109293908,2024-01-26 17h32.35.906989 +0800,
neu_60.jpg,0,97,97,341,326.8261548347891,,,,,,,,,,,,,,,,,,,,,,,326.79729116382623,,326.7973216693772,326.79732879684343,326.8261548347891,327.8094779901021,327.8261773575814,328.809477134806,328.809477134806,329.0928147161085,329.0430219543068,329.04302993706915,329.0928147161085,329.0928147161085,329.0928147161085,329.0928147161085,329.0928147161085,329.0928147161085,0.04554179859769647,329.8935390377028,[257.0],[45.0],[1],[0],[0],[0.8002119993434462],329.89415884213486,329.89732201149855,None,,,,,,,,,,,,,ED23,001,2024-01-26_17h32.04.562,rating,2023.2.3,59.99692109293908,2024-01-26 17h32.35.906989 +0800,
neg_42.jpg,0,98,98,129,329.92616002358227,,,,,,,,,,,,,,,,,,,,,,,329.89755265629174,,329.89758287674886,329.89758971911397,329.92616002358227,330.9094925871523,330.9261819761796,331.9094991444199,331.9094991444199,332.19284185749893,332.1430448192168,332.14305280197914,332.19284185749893,332.19284185749893,332.19284185749893,332.19284185749893,332.19284185749893,332.19284185749893,0.04530687732039951,333.0934630304055,[-270.0],[28.0],[1],[0],[0],[0.9001131271397753],333.0940184025476,333.09712056080207,None,,,,,,,,,,,,,ED23,001,2024-01-26_17h32.04.562,rating,2023.2.3,59.99692109293908,2024-01-26 17h32.35.906989 +0800,
neu_56.jpg,0,99,99,336,333.12617838393453,,,,,,,,,,,,,,,,,,,,,,,333.097358047964,,333.09738798332,333.09739482568875,333.12617838393453,334.1095254875345,334.1261840859097,335.10952662792806,335.10952662792806,335.3929195183646,335.3431008125899,335.3431085102511,335.3929195183646,335.3929195183646,335.3929195183646,335.3929195183646,335.3929195183646,335.3929195183646,0.04558028691099025,336.4435285175623,[239.0],[23.0],[1],[0],[0],[1.0500949663546635],336.44413834354236,336.44727100735145,None,,,,,,,,,,,,,ED23,001,2024-01-26_17h32.04.562,rating,2023.2.3,59.99692109293908,2024-01-26 17h32.35.906989 +0800,
neu_161.jpg,0,100,100,261,336.47619169804057,,,,,,,,,,,,,,,,,,,,,,,336.44750193724576,,336.44753244280037,336.4475392851655,336.47619169804057,337.4595579032484,337.47620595297303,338.45954421851457,338.45954421851457,338.7429145861588,338.6930799148595,338.6930876125207,338.7429145861588,338.7429145861588,338.7429145861588,338.7429145861588,338.7429145861588,338.7429145861588,0.04544971173527301,339.9935177123243,[293.0],[76.0],[1],[0],[0],[1.2500591579700995],339.9941363763628,339.9972436663902,None,,,,,,,,,,,,,ED23,001,2024-01-26_17h32.04.562,rating,2023.2.3,59.99692109293908,2024-01-26 17h32.35.906989 +0800,
neg_15.jpg,0,101,101,56,340.0262304999651,,,,,,,,,,,,,,,,,,,,,,,339.9974794429636,,339.9975102336157,339.99751707598443,340.0262304999651,341.00956619961835,341.0262316403623,342.0095696208027,342.0095696208027,342.2929106232896,342.243118716784,342.2431264144452,342.2929106232896,342.2929106232896,342.2929106232896,342.2929106232896,342.2929106232896,342.2929106232896,0.04544914154030266,343.0435180259319,[-279.0],[21.0],[1],[0],[0],[0.750109050226456],343.04409335497803,343.04719779401967,None,,,,,,,,,,,,,ED23,001,2024-01-26_17h32.04.562,rating,2023.2.3,59.99692109293908,2024-01-26 17h32.35.906989 +0800,
neu_32.jpg,0,102,102,310,343.0762516257764,,,,,,,,,,,,,,,,,,,,,,,343.0474272984229,,343.0474572337789,343.0474637910502,343.0762516257764,344.05960756743116,344.07626046383484,345.05959017641544,345.05959017641544,345.3429294683101,345.29312672805645,345.29313471081514,345.3429294683101,345.3429294683101,345.3429294683101,345.3429294683101,345.3429294683101,345.3429294683101,0.04551842050568666,346.49346040749697,[-253.0],[21.0],[1],[0],[0],[1.1500502628914546],346.49405255736383,346.49724309619523,None,,,,,,,,,,,,,ED23,001,2024-01-26_17h32.04.562,rating,2023.2.3,59.99692109293908,2024-01-26 17h32.35.906989 +0800,
neu_182.jpg,0,103,103,284,346.5263020597249,,,,,,,,,,,,,,,,,,,,,,,346.49747317079346,,346.49750453164415,346.4975116591104,346.5263020597249,347.50960896441575,347.5262812475248,348.50961609187834,348.50961609187834,348.79295281788836,348.7431905616377,348.7431988295011,348.79295281788836,348.79295281788836,348.79295281788836,348.79295281788836,348.79295281788836,348.79295281788836,0.04552782876271522,349.64355714146404,[276.0],[69.0],[1],[0],[0],[0.850042109068454],349.64417609060365,349.64734610233245,None,,,,,,,,,,,,,ED23,001,2024-01-26_17h32.04.562,rating,2023.2.3,59.99692109293908,2024-01-26 17h32.35.906989 +0800,
neg_75.jpg,0,104,104,165,349.6762953028865,,,,,,,,,,,,,,,,,,,,,,,349.6475627772943,,349.6475921424553,349.64759898482043,349.6762953028865,350.65963014724366,350.67630100485803,351.65963356842803,351.65963356842803,351.94297514110986,351.8931929279588,351.89320091072113,351.94297514110986,351.94297514110986,351.94297514110986,351.94297514110986,351.94297514110986,351.94297514110986,0.04543118032597704,352.5435097580721,[-364.0],[179.0],[1],[0],[0],[0.6000160225448781],352.54410162283784,352.5472665027937,None,,,,,,,,,,,,,ED23,001,2024-01-26_17h32.04.562,rating,2023.2.3,59.99692109293908,2024-01-26 17h32.35.906989 +0800,
neg_49.jpg,0,105,105,136,352.5763154878714,,,,,,,,,,,,,,,,,,,,,,,352.5474763353868,,352.54750427505314,352.5475105472233,352.5763154878714,353.5596625914677,353.576316628265,354.5596839738664,354.5596839738664,354.842992475109,354.7932114023479,354.7932193851102,354.842992475109,354.842992475109,354.842992475109,354.842992475109,354.842992475109,354.842992475109,0.04553723701610579,355.6935657229351,[-288.0],[104.0],[1],[0],[0],[0.850018445878959],355.69416414496845,355.69725461417875,None,,,,,,,,,,,,,ED23,001,2024-01-26_17h32.04.562,rating,2023.2.3,59.99692109293908,2024-01-26 17h32.35.906989 +0800,
neg_182.jpg,0,106,106,92,355.72633467500964,,,,,,,,,,,,,,,,,,,,,,,355.6974866844703,,355.6975166198263,355.6975234621914,355.72633467500964,356.709677217028,356.7263566276033,357.709677217028,357.709677217028,357.993020500302,357.9432114878782,357.943219755738,357.993020500302,357.993020500302,357.993020500302,357.993020500302,357.993020500302,357.993020500302,0.045555198230431415,359.1436828699643,[-297.0],[22.0],[1],[0],[0],[1.1501226779437275],359.1443103720612,359.1473894373248,None,,,,,,,,,,,,,ED23,001,2024-01-26_17h32.04.562,rating,2023.2.3,59.99692109293908,2024-01-26 17h32.35.906989 +0800,
neu_113.jpg,0,107,107,208,359.17635973517645,,,,,,,,,,,,,,,,,,,,,,,359.1476212225152,,359.14764887708407,359.1476551492542,359.17635973517645,360.1597151066362,360.1763623010647,361.15970113680123,361.15970113680123,361.44304784126325,361.39328644030866,361.3932941379735,361.44304784126325,361.44304784126325,361.44304784126325,361.44304784126325,361.44304784126325,361.44304784126325,0.0454471458469925,362.1936937322225,[281.0],[72.0],[1],[0],[0],[0.750107339637907],362.19426906126864,362.1973926019182,None,,,,,,,,,,,,,ED23,001,2024-01-26_17h32.04.562,rating,2023.2.3,59.99692109293908,2024-01-26 17h32.35.906989 +0800,
neg_115.jpg,0,108,108,18,362.22638143118274,,,,,,,,,,,,,,,,,,,,,,,362.1976255275058,,362.1976554628618,362.1976623052269,362.22638143118274,363.2097162755399,363.22638456726963,364.20974278971516,364.20974278971516,364.49307124786174,364.4432779158615,364.4432856135227,364.49307124786174,364.49307124786174,364.49307124786174,364.49307124786174,364.49307124786174,364.49307124786174,0.045461970978067257,365.0436092574946,[-396.0],[120.0],[1],[0],[0],[0.5500379466284357],365.0442045434447,365.047255098847,None,,,,,,,,,,,,,ED23,001,2024-01-26_17h32.04.562,rating,2023.2.3,59.99692109293908,2024-01-26 17h32.35.906989 +0800,
neg_32.jpg,0,109,109,118,365.07639816647315,,,,,,,,,,,,,,,,,,,,,,,365.0474923009115,,365.0475225213686,365.0475293637337,365.07639816647315,366.0597746352305,366.0764135617992,367.05977805641487,367.05977805641487,367.34308342157055,367.2932886640792,367.29329636174407,367.34308342157055,367.34308342157055,367.34308342157055,367.34308342157055,367.34308342157055,367.34308342157055,0.045612503057782305,367.8936068911771,[-381.0],[123.0],[1],[0],[0],[0.5500139983450936],367.8942455121196,367.8973282836687,None,,,,,,,,,,,,,ED23,001,2024-01-26_17h32.04.562,rating,2023.2.3,59.99692109293908,2024-01-26 17h32.35.906989 +0800,
neg_83.jpg,0,110,110,174,367.9264225994284,,,,,,,,,,,,,,,,,,,,,,,367.8975389715579,,367.8975669112242,367.89757318339434,367.9264225994284,368.90975687358696,368.92644654771175,369.9097611500674,369.9097611500674,370.1930984462688,370.14329599111625,370.14330397387494,370.1930984462688,370.1930984462688,370.1930984462688,370.1930984462688,370.1930984462688,370.1930984462688,0.04557800612383289,371.29363220793493,[-328.0],[-10.0],[1],[0],[0],[1.1000299923762213],371.29423775743817,371.2973333584214,None,,,,,,,,,,,,,ED23,001,2024-01-26_17h32.04.562,rating,2023.2.3,59.99692109293908,2024-01-26 17h32.35.906989 +0800,
neu_165.jpg,0,111,111,265,371.32644449500185,,,,,,,,,,,,,,,,,,,,,,,371.2975654287129,,371.2975956491664,371.29760249153514,371.32644449500185,372.30980699392785,372.3264533330603,373.3097844711356,373.3097844711356,373.5931462858225,373.5433367032001,373.5433444008613,373.5931462858225,373.5931462858225,373.5931462858225,373.5931462858225,373.5931462858225,373.5931462858225,0.04559739282922237,374.54369478708577,[-181.0],[-8.0],[1],[0],[0],[0.950017362505605],374.5443311272411,374.54733378606943,None,,,,,,,,,,,,,ED23,001,2024-01-26_17h32.04.562,rating,2023.2.3,59.99692109293908,2024-01-26 17h32.35.906989 +0800,
neu_102.jpg,0,112,112,196,374.576495100011,,,,,,,,,,,,,,,,,,,,,,,374.5475641457688,,374.54759436622226,374.5476009234935,374.576495100011,375.5598028599943,375.5764788493889,376.5597951623331,376.5597951623331,376.84318605707995,376.79338616781206,376.7933941505744,376.84318605707995,376.84318605707995,376.84318605707995,376.84318605707995,376.84318605707995,376.84318605707995,0.04564785528782522,377.4938102235228,[141.0],[-5.0],[1],[0],[0],[0.6501035763358232],377.4944092157584,377.4974974041779,None,,,,,,,,,,,,,ED23,001,2024-01-26_17h32.04.562,rating,2023.2.3,59.99692109293908,2024-01-26 17h32.35.906989 +0800,
neu_103.jpg,0,113,113,197,377.5264845228503,,,,,,,,,,,,,,,,,,,,,,,377.49773061486303,,377.4977614055151,377.49776824788023,377.5264845228503,378.5098233585868,378.52648794403467,379.5098264946737,379.5098264946737,379.79316692696193,379.7434217766331,379.7434294742943,379.79316692696193,379.79316692696193,379.79316692696193,379.79316692696193,379.79316692696193,379.79316692696193,0.04545455841434887,380.54377090842354,[181.0],[-12.0],[1],[0],[0],[0.7500411967521359],380.5443998360115,380.5474877393335,None,,,,,,,,,,,,,ED23,001,2024-01-26_17h32.04.562,rating,2023.2.3,59.99692109293908,2024-01-26 17h32.35.906989 +0800,
neg_102.jpg,0,114,114,4,380.57650479336553,,,,,,,,,,,,,,,,,,,,,,,380.5476941507459,,380.5477215202136,380.54772779238374,380.57650479336553,381.5598490459761,381.5765087847449,382.5598667220893,382.5598667220893,382.8431920441526,382.7933830317288,382.79339101449114,382.8431920441526,382.8431920441526,382.8431920441526,382.8431920441526,382.8431920441526,382.8431920441526,0.04551899070793297,384.3437665179026,[-281.0],[-12.0],[1],[0],[0],[1.5000267992727458],384.34437292270195,384.34748249352015,None,,,,,,,,,,,,,ED23,001,2024-01-26_17h32.04.562,rating,2023.2.3,59.99692109293908,2024-01-26 17h32.35.906989 +0800,
neg_89.jpg,0,115,115,180,384.3765343295836,,,,,,,,,,,,,,,,,,,,,,,384.3477122830209,,384.3477422183769,384.3477493458431,384.3765343295836,385.35989796889953,385.3765517205993,386.35991821090465,386.35991821090465,386.64321416780695,386.5934208358067,386.5934285334715,386.64321416780695,386.64321416780695,386.64321416780695,386.64321416780695,386.64321416780695,386.64321416780695,0.04551927580541815,387.34381469957043,[-316.0],[19.0],[1],[0],[0],[0.7000346109743987],387.3443908839163,387.3475785717583,None,,,,,,,,,,,,,ED23,001,2024-01-26_17h32.04.562,rating,2023.2.3,59.99692109293908,2024-01-26 17h32.35.906989 +0800,
neg_145.jpg,0,116,116,51,387.3765540013901,,,,,,,,,,,,,,,,,,,,,,,387.3478402923083,,387.3478699425632,387.34787678493194,387.3765540013901,388.35991764070604,388.3765540013901,389.35989910929675,389.35989910929675,389.6432592133915,389.59346645158985,389.5934744343522,389.6432592133915,389.6432592133915,389.6432592133915,389.6432592133915,389.6432592133915,389.6432592133915,0.04544001838439726,390.2438174935396,[-369.0],[127.0],[1],[0],[0],[0.6000037632984458],390.2444549740885,390.24757167237294,None,,,,,,,,,,,,,ED23,001,2024-01-26_17h32.04.562,rating,2023.2.3,59.99692109293908,2024-01-26 17h32.35.906989 +0800,
neg_12.jpg,0,117,117,23,390.2765721906817,,,,,,,,,,,,,,,,,,,,,,,390.2478014618737,,390.24783082703107,390.2478376693998,390.2765721906817,391.2599076052338,391.27657561186606,392.2599395362831,392.2599395362831,392.5432756920909,392.49350317229437,392.49351086995557,392.5432756920909,392.5432756920909,392.5432756920909,392.5432756920909,392.5432756920909,392.5432756920909,0.045491621236578794,393.59389067835764,[-313.0],[82.0],[1],[0],[0],[1.0500661713922455],393.59453129499343,393.5976445720935,None,,,,,,,,,,,,,ED23,001,2024-01-26_17h32.04.562,rating,2023.2.3,59.99692109293908,2024-01-26 17h32.35.906989 +0800,
neu_66.jpg,0,118,118,347,393.626598049128,,,,,,,,,,,,,,,,,,,,,,,393.5978746466917,,393.5979045820477,393.59791142441645,393.626598049128,394.60994458252935,394.6265991895216,395.6099542758802,395.6099542758802,395.89327931284606,395.84347657258877,395.8434845553511,395.89327931284606,395.89327931284606,395.89327931284606,395.89327931284606,395.89327931284606,395.89327931284606,0.04542376775862067,397.14384765697287,[210.0],[-11.0],[1],[0],[0],[1.2500289375093416],397.1444951159774,397.14751659131616,None,,,,,,,,,,,,,ED23,001,2024-01-26_17h32.04.562,rating,2023.2.3,59.99692109293908,2024-01-26 17h32.35.906989 +0800,
neu_37.jpg,0,119,119,315,397.17662402161477,,,,,,,,,,,,,,,,,,,,,,,397.1477249984182,,397.147753223182,397.14775921025466,397.17662402161477,398.1599688444203,398.17662459180974,399.15997226560467,399.15997226560467,399.4433041449356,399.3934942772157,399.39350197488056,399.4433041449356,399.4433041449356,399.4433041449356,399.4433041449356,399.4433041449356,399.4433041449356,0.045597677930345526,400.39390652984184,[299.0],[45.0],[1],[0],[0],[0.9500510041470989],400.3945434401958,401.89375400207246,space,400.4100040541034,400.4100040541034,1.4792707633059763,None,,,,,,,,,ED23,001,2024-01-26_17h32.04.562,rating,2023.2.3,59.99692109293908,2024-01-26 17h32.35.906989 +0800,
neg_138.jpg,0,120,120,43,401.9099846673944,,,,,,,,,,,,,,,,,,,,,,,401.89408813767477,401.9099846673944,402.89351908079516,402.8935264933625,402.92674276519574,403.8933320560918,403.92668916665025,404.893357714971,404.893357714971,405.1766878837061,405.1268831477628,405.1268908454276,405.1766878837061,405.1766878837061,405.1766878837061,405.1766878837061,405.1766878837061,405.1766878837061,0.03279047702017124,405.77724416816454,[-420.0],[145.0],[1],[0],[0],[0.6000163076423632],405.7778882059847,405.78100290857583,None,,,,,402.92674276519574,,,,,,,,ED23,001,2024-01-26_17h32.04.562,rating,2023.2.3,59.99692109293908,2024-01-26 17h32.35.906989 +0800,
neg_39.jpg,0,121,121,125,405.8100148308313,,,,,,,,,,,,,,,,,,,,,,,405.7812298470908,,405.7812612079415,405.7812680503066,405.8100148308313,406.79334967518844,406.8100156861274,407.79335651755355,407.79335651755355,408.07670208161835,408.026891928801,408.0268999115633,408.07670208161835,408.07670208161835,408.07670208161835,408.07670208161835,408.07670208161835,408.07670208161835,0.045489910644391784,408.9774076437225,[-255.0],[58.0],[1],[0],[0],[0.900156462128507],408.9780251673674,408.98124735214697,None,,,,,,,,,,,,,ED23,001,2024-01-26_17h32.04.562,rating,2023.2.3,59.99692109293908,2024-01-26 17h32.35.906989 +0800,
neu_96.jpg,0,122,122,380,409.0100349017757,,,,,,,,,,,,,,,,,,,,,,,408.9814768565502,,408.9815082173973,408.9815153448635,409.0100349017757,409.9933748779058,410.01004060374726,410.99338257557065,410.99338257557065,411.27671730588736,411.2269122848429,411.22692026760524,411.27671730588736,411.27671730588736,411.27671730588736,411.27671730588736,411.27671730588736,411.27671730588736,0.04525898075007717,411.9773303819911,[208.0],[22.0],[1],[0],[0],[0.700006386210589],411.9780448391739,411.9811418656518,None,,,,,,,,,,,,,ED23,001,2024-01-26_17h32.04.562,rating,2023.2.3,59.99692109293908,2024-01-26 17h32.35.906989 +0800,
neu_84.jpg,0,123,123,367,412.01007424538875,,,,,,,,,,,,,,,,,,,,,,,411.98136994456036,,411.98140102030993,411.98140814777616,412.01007424538875,412.99339996658637,413.0100793771617,413.99340224737716,413.99340224737716,414.2767515177238,414.226962462204,414.22697015986523,414.2767515177238,414.2767515177238,414.2767515177238,414.2767515177238,414.2767515177238,414.2767515177238,0.04540038967388682,415.1274596172061,[217.0],[-29.0],[1],[0],[0],[0.8501059711634298],415.1280760004538,415.1311750226214,None,,,,,,,,,,,,,ED23,001,2024-01-26_17h32.04.562,rating,2023.2.3,59.99692109293908,2024-01-26 17h32.35.906989 +0800,
neu_47.jpg,0,124,124,326,415.16009457292057,,,,,,,,,,,,,,,,,,,,,,,415.13138342972707,,415.1314107991948,415.1314170713649,415.16009457292057,416.1434188686271,416.1600885858479,417.1434208643168,417.1434208643168,417.42675930091536,417.37701586117873,417.37702384394106,417.42675930091536,417.42675930091536,417.42675930091536,417.42675930091536,417.42675930091536,417.42675930091536,0.045400104572763667,418.5273557842829,[332.0],[77.0],[1],[0],[0],[1.1000086099775217],418.52798670756056,418.53106833871243,None,,,,,,,,,,,,,ED23,001,2024-01-26_17h32.04.562,rating,2023.2.3,59.99692109293908,2024-01-26 17h32.35.906989 +0800,
neu_169.jpg,0,125,125,269,418.56010335395877,,,,,,,,,,,,,,,,,,,,,,,418.5312975580182,,418.5313277784717,418.5313346208404,418.56010335395877,419.5434567297252,419.56010620494453,420.54348609488625,420.54348609488625,420.8267908898433,420.777016089256,420.77702378692084,420.8267908898433,420.8267908898433,420.8267908898433,420.8267908898433,420.8267908898433,420.8267908898433,0.04551186323806178,421.4775359381074,[343.0],[128.0],[1],[0],[0],[0.650150617610052],421.47817113786914,421.48138106340593,None,,,,,,,,,,,,,ED23,001,2024-01-26_17h32.04.562,rating,2023.2.3,59.99692109293908,2024-01-26 17h32.35.906989 +0800,
neg_161.jpg,0,126,126,69,421.5101281290281,,,,,,,,,,,,,,,,,,,,,,,421.4815908960027,,421.4816182654704,421.48162425254304,421.5101281290281,422.49350516798404,422.51013383100326,423.4934795091049,423.4934795091049,423.7768065417604,423.7269992399288,423.7270072226911,423.7768065417604,423.7768065417604,423.7768065417604,423.7768065417604,423.7768065417604,423.7768065417604,0.04524415561900241,424.82740955388545,[-331.0],[22.0],[1],[0],[0],[1.0500271128767054],424.8280088312149,424.83124441563086,None,,,,,,,,,,,,,ED23,001,2024-01-26_17h32.04.562,rating,2023.2.3,59.99692109293908,2024-01-26 17h32.35.906989 +0800,
neu_46.jpg,0,127,127,325,424.86017822085887,,,,,,,,,,,,,,,,,,,,,,,424.8314733498355,,424.831503570289,424.83151041265774,424.86017822085887,425.8434828447589,425.86014942589645,426.84348227456394,426.84348227456394,427.12682726843013,427.07704762116737,427.07705531882857,427.12682726843013,427.12682726843013,427.12682726843013,427.12682726843013,427.12682726843013,427.12682726843013,0.04537387550226413,427.8774252628191,[263.0],[-10.0],[1],[0],[0],[0.7500175335662789],427.8780305272212,427.8812421633502,None,,,,,,,,,,,,,ED23,001,2024-01-26_17h32.04.562,rating,2023.2.3,59.99692109293908,2024-01-26 17h32.35.906989 +0800,
neu_140.jpg,0,128,128,238,427.91016941131056,,,,,,,,,,,,,,,,,,,,,,,427.8814725230495,,427.88150074781333,427.881506734886,427.91016941131056,428.8935051109638,428.91017112190275,429.89350995763925,429.89350995763925,430.1768712021312,430.1270875634855,430.1270961164428,430.1768712021312,430.1768712021312,430.1768712021312,430.1768712021312,430.1768712021312,430.1768712021312,0.045419491281791124,431.42750198286194,[297.0],[57.0],[1],[0],[0],[1.2500420520482294],431.4281713944565,431.43127611859927,None,,,,,,,,,,,,,ED23,001,2024-01-26_17h32.04.562,rating,2023.2.3,59.99692109293908,2024-01-26 17h32.35.906989 +0800,
neu_154.jpg,0,129,129,253,431.46019452850123,,,,,,,,,,,,,,,,,,,,,,,431.43151103987657,,431.43154154542754,431.43154867289377,431.46019452850123,432.4435353599274,432.4601956688948,433.4435450532819,433.4435450532819,433.7268963193219,433.67708816219056,433.6770958598554,433.7268963193219,433.7268963193219,433.7268963193219,433.7268963193219,433.7268963193219,433.7268963193219,0.0454015300674655,434.02760638598374,[305.0],[95.0],[1],[0],[0],[0.30010850853796],434.0282680999135,434.03135030126396,None,,,,,,,,,,,,,ED23,001,2024-01-26_17h32.04.562,rating,2023.2.3,59.99692109293908,2024-01-26 17h32.35.906989 +0800,
neg_96.jpg,0,130,130,188,434.0602122616383,,,,,,,,,,,,,,,,,,,,,,,434.0315789503711,,434.03160631983883,434.03161259200897,434.0602122616383,435.0435476761904,435.06021511262406,436.04355394836057,436.04355394836057,436.32689095946444,436.2771001933561,436.2771078910173,436.32689095946444,436.32689095946444,436.32689095946444,436.32689095946444,436.32689095946444,436.32689095946444,0.04533396169063053,437.37748171235035,[-254.0],[-32.0],[1],[0],[0],[1.0500239767970925],437.3781388647021,437.38126696693325,None,,,,,,,,,,,,,ED23,001,2024-01-26_17h32.04.562,rating,2023.2.3,59.99692109293908,2024-01-26 17h32.35.906989 +0800,
neg_101.jpg,0,131,131,3,437.4102384051821,,,,,,,,,,,,,,,,,,,,,,,437.3814762293314,,437.3815041689977,437.38151072626533,437.4102384051821,438.39357182404456,438.41028687195103,439.39358009190437,439.39358009190437,439.6769162477158,439.62710780548696,439.6271157882493,439.6769162477158,439.6769162477158,439.6769162477158,439.6769162477158,439.6769162477158,439.6769162477158,0.045459119992301567,440.427507399736,[-279.0],[3.0],[1],[0],[0],[0.750021239851776],440.4281471610757,440.4312225200574,None,,,,,,,,,,,,,ED23,001,2024-01-26_17h32.04.562,rating,2023.2.3,59.99692109293908,2024-01-26 17h32.35.906989 +0800,
neu_132.jpg,0,132,132,229,440.46028547496644,,,,,,,,,,,,,,,,,,,,,,,440.43145202445703,,440.43148167471554,440.4314888021818,440.46028547496644,441.44359123926006,441.4602988746028,442.4435972263327,442.4435972263327,442.72696217710654,442.6772041973363,442.67721218009865,442.72696217710654,442.72696217710654,442.72696217710654,442.72696217710654,442.72696217710654,442.72696217710654,0.04552754366523004,443.47759153234256,[317.0],[-21.0],[1],[0],[0],[0.7500580175692448],443.4782600886447,443.48139132695906,None,,,,,,,,,,,,,ED23,001,2024-01-26_17h32.04.562,rating,2023.2.3,59.99692109293908,2024-01-26 17h32.35.906989 +0800,
neg_77.jpg,0,133,133,167,443.51030859646744,,,,,,,,,,,,,,,,,,,,,,,443.481618835669,,443.4816490561261,443.48165561339374,443.51030859646744,444.4936180670429,444.5102900650545,445.49362376901445,445.49362376901445,445.77695992482586,445.72719652818523,445.7272045109439,445.77695992482586,445.77695992482586,445.77695992482586,445.77695992482586,445.77695992482586,445.77695992482586,0.04537558609081316,446.6777111027095,[-305.0],[84.0],[1],[0],[0],[0.9001231055917742],446.67838764177395,446.6814581540766,None,,,,,,,,,,,,,ED23,001,2024-01-26_17h32.04.562,rating,2023.2.3,59.99692109293908,2024-01-26 17h32.35.906989 +0800,
neu_52.jpg,0,134,134,332,446.7102981618573,,,,,,,,,,,,,,,,,,,,,,,446.68166684627977,,446.6816945008486,446.68170077301875,446.7102981618573,447.69365952038606,447.710301583038,448.6936421293667,448.6936421293667,448.97700593974696,448.92722857327135,448.92723627093255,448.97700593974696,448.97700593974696,448.97700593974696,448.97700593974696,448.97700593974696,448.97700593974696,0.045361046060861554,449.827613684507,[259.0],[83.0],[1],[0],[0],[0.8499950677942252],449.82825772232354,449.8313935222159,None,,,,,,,,,,,,,ED23,001,2024-01-26_17h32.04.562,rating,2023.2.3,59.99692109293908,2024-01-26 17h32.35.906989 +0800,
neg_167.jpg,0,135,135,75,449.86032248076845,,,,,,,,,,,,,,,,,,,,,,,449.83162131602694,,449.83165096628545,449.8316575235531,449.86032248076845,450.843690681666,450.8603296082347,451.8436912518646,451.8436912518646,452.1270014636957,452.07723892235117,452.0772480455071,452.1270014636957,452.1270014636957,452.1270014636957,452.1270014636957,452.1270014636957,452.1270014636957,0.04539810888672946,452.6776304197974,[-246.0],[1.0],[1],[0],[0],[0.5500245469920628],452.6782496540345,452.6813660672178,None,,,,,,,,,,,,,ED23,001,2024-01-26_17h32.04.562,rating,2023.2.3,59.99692109293908,2024-01-26 17h32.35.906989 +0800,
neg_18.jpg,0,136,136,89,452.7103548964824,,,,,,,,,,,,,,,,,,,,,,,452.6815724786302,,452.681600133199,452.68160669046665,452.7103548964824,453.69371882089945,453.7103645898369,454.69368888554345,454.69368888554345,454.9770390111862,454.9272496705689,454.92725736823377,454.9770390111862,454.9770390111862,454.9770390111862,454.9770390111862,454.9770390111862,454.9770390111862,0.04548962554690661,455.6776934265963,[-281.0],[-26.0],[1],[0],[0],[0.7000143689729157],455.67837652292474,455.6814835278583,None,,,,,,,,,,,,,ED23,001,2024-01-26_17h32.04.562,rating,2023.2.3,59.99692109293908,2024-01-26 17h32.35.906989 +0800,
neu_130.jpg,0,137,137,227,455.71036401964193,,,,,,,,,,,,,,,,,,,,,,,455.68169107966423,,455.68171873422943,455.6817247213021,455.71036401964193,456.69370114478625,456.7103685812199,457.69372936955006,457.69372936955006,457.9770410068795,457.92728502279897,457.9272930055613,457.9770410068795,457.9770410068795,457.9770410068795,457.9770410068795,457.9770410068795,457.9770410068795,0.04537102451286046,458.6777059709366,[-209.0],[-8.0],[1],[0],[0],[0.7000354662704922],458.678353715035,458.68157447431986,None,,,,,,,,,,,,,ED23,001,2024-01-26_17h32.04.562,rating,2023.2.3,59.99692109293908,2024-01-26 17h32.35.906989 +0800,
neg_151.jpg,0,138,138,58,458.7103851169395,,,,,,,,,,,,,,,,,,,,,,,458.6818025532284,,458.681833058783,458.68184018624925,458.7103851169395,459.69374390958,459.7103851169395,460.69373165034085,460.69373165034085,460.9771291023553,460.9273568676563,460.9273657057147,460.9771291023553,460.9771291023553,460.9771291023553,460.9771291023553,460.9771291023553,460.9771291023553,0.04534479543872294,461.37776367489823,[-332.0],[171.0],[1],[0],[0],[0.39999281551354215],461.37839174719375,461.38147993561324,None,,,,,,,,,,,,,ED23,001,2024-01-26_17h32.04.562,rating,2023.2.3,59.99692109293908,2024-01-26 17h32.35.906989 +0800,
neg_16.jpg,0,139,139,67,461.41040290709316,,,,,,,,,,,,,,,,,,,,,,,461.3817077294243,,461.381735098892,461.3817410859647,461.41040290709316,462.39375229148027,462.4104302765645,463.3937785205544,463.3937785205544,463.67708017943187,463.627280290164,463.6272885580238,463.67708017943187,463.67708017943187,463.67708017943187,463.67708017943187,463.67708017943187,463.67708017943187,0.04539354730513878,464.2776943389126,[-222.0],[13.0],[1],[0],[0],[0.6000211543178011],464.2783523465605,464.2814935633269,None,,,,,,,,,,,,,ED23,001,2024-01-26_17h32.04.562,rating,2023.2.3,59.99692109293908,2024-01-26 17h32.35.906989 +0800,
neg_6.jpg,0,140,140,148,464.3104458999678,,,,,,,,,,,,,,,,,,,,,,,464.2817224975315,,464.28175243289115,464.2817589901588,464.3104458999678,465.29376192781456,465.31042366227666,466.29376506390145,466.29376506390145,466.5771961575538,466.5272959135673,466.5273038963296,466.5771961575538,466.5771961575538,466.5771961575538,466.5771961575538,466.5771961575538,466.5771961575538,0.045492191435187124,466.87786260412577,[-258.0],[-10.0],[1],[0],[0],[0.3000346679946233],466.87855083223076,466.8815628993161,None,,,,,,,,,,,,,ED23,001,2024-01-26_17h32.04.562,rating,2023.2.3,59.99692109293908,2024-01-26 17h32.35.906989 +0800,
neg_176.jpg,0,141,141,85,466.9104422507062,,,,,,,,,,,,,,,,,,,,,,,466.8817886974375,,466.881818347696,466.88182519006114,466.9104422507062,467.8937719632868,467.91044567189056,468.8937825119374,468.8937825119374,469.17704824838256,469.1273589773864,469.1273669601487,469.17704824838256,469.17704824838256,469.17704824838256,469.17704824838256,469.17704824838256,469.17704824838256,0.0452777972604963,469.92785721576183,[-274.0],[62.0],[1],[0],[0],[0.7501937245215231],469.9285066704524,469.931595714168,None,,,,,,,,,,,,,ED23,001,2024-01-26_17h32.04.562,rating,2023.2.3,59.99692109293908,2024-01-26 17h32.35.906989 +0800,
neg_153.jpg,0,142,142,60,469.9604887502919,,,,,,,,,,,,,,,,,,,,,,,469.93180269577897,,469.9318294950517,469.93183576722186,469.9604887502919,470.9437976506724,470.960493596971,471.94380734402694,471.94380734402694,472.2270673785006,472.177373260829,472.1773809584902,472.2270673785006,472.2270673785006,472.2270673785006,472.2270673785006,472.2270673785006,472.2270673785006,0.04530915810755687,472.77785342394964,[-369.0],[148.0],[1],[0],[0],[0.5501097914857382],472.7785473540298,472.78167232017404,None,,,,,,,,,,,,,ED23,001,2024-01-26_17h32.04.562,rating,2023.2.3,59.99692109293908,2024-01-26 17h32.35.906989 +0800,
neg_125.jpg,0,143,143,29,472.8104903753574,,,,,,,,,,,,,,,,,,,,,,,472.78190410536445,,472.78193546621515,472.78194230858026,472.8104903753574,473.79384574681353,473.81048267769256,474.79382322402125,474.79382322402125,475.0938271013638,475.0274173655871,475.0274256334469,475.0938271013638,475.0938271013638,475.0938271013638,475.0938271013638,475.0938271013638,475.0938271013638,0.06194095721366466,475.5445027566184,[-347.0],[131.0],[1],[0],[0],[0.4500236346757447],475.54516846193474,475.5481768227346,None,,,,,,,,,,,,,ED23,001,2024-01-26_17h32.04.562,rating,2023.2.3,59.99692109293908,2024-01-26 17h32.35.906989 +0800,
neu_85.jpg,0,144,144,368,475.57716793278996,,,,,,,,,,,,,,,,,,,,,,,475.54840461654567,,475.54843540719776,475.5484422495665,475.57716793278996,476.5605030622446,476.57716935828466,477.56051075990945,477.56051075990945,477.86051777333523,477.7940735406246,477.7940815233869,477.86051777333523,477.86051777333523,477.86051777333523,477.86051777333523,477.86051777333523,477.86051777333523,0.0621316881988605,478.4612000713878,[274.0],[-43.0],[1],[0],[0],[0.6000684806931531],478.4618888696914,478.46501583152894,None,,,,,,,,,,,,,ED23,001,2024-01-26_17h32.04.562,rating,2023.2.3,59.99692109293908,2024-01-26 17h32.35.906989 +0800,
neu_82.jpg,0,145,145,365,478.49385555420486,,,,,,,,,,,,,,,,,,,,,,,478.46524533592856,,478.46527612658065,478.4652829689494,478.49385555420486,479.4771895432659,479.4938823534776,480.4771926793528,480.4771926793528,480.7772014033708,480.71076230243307,480.7107705702965,480.7772014033708,480.7772014033708,480.7772014033708,480.7772014033708,480.7772014033708,480.7772014033708,0.06197716473980108,481.1778525116333,[275.0],[-23.0],[1],[0],[0],[0.4000130575186631],481.1785048173133,481.18172015972414,None,,,,,,,,,,,,,ED23,001,2024-01-26_17h32.04.562,rating,2023.2.3,59.99692109293908,2024-01-26 17h32.35.906989 +0800,
neu_5.jpg,0,146,146,329,481.21054106589327,,,,,,,,,,,,,,,,,,,,,,,481.1819496641274,,481.1819795994834,481.1819867269496,481.21054106589327,482.1938804718284,482.2105804095063,483.19388303771666,483.19388303771666,483.49388662995807,483.4274138873825,483.4274218701448,483.49388662995807,483.49388662995807,483.49388662995807,483.49388662995807,483.49388662995807,483.49388662995807,0.061957207832165295,483.9445229416033,[288.0],[-19.0],[1],[0],[0],[0.4500187880003068],483.94535371902566,483.9485348496037,None,,,,,,,,,,,,,ED23,001,2024-01-26_17h32.04.562,rating,2023.2.3,59.99692109293908,2024-01-26 17h32.35.906989 +0800,
neg_69.jpg,0,147,147,158,483.97722746138425,,,,,,,,,,,,,,,,,,,,,,,483.9487634987072,,483.9487934340632,483.94880027643194,483.97722746138425,484.9605614504453,484.9772451375011,485.96056629712075,485.96056629712075,486.26058157841,486.1940971467902,486.19410484445507,486.26058157841,486.26058157841,486.26058157841,486.26058157841,486.26058157841,486.26058157841,0.06183718131069327,486.91125706260755,[-272.0],[112.0],[1],[0],[0],[0.6499633078055922],486.91193616755663,486.9149490899381,None,,,,,,,,,,,,,ED23,001,2024-01-26_17h32.04.562,rating,2023.2.3,59.99692109293908,2024-01-26 17h32.35.906989 +0800,
neu_176.jpg,0,148,148,277,486.9439134007207,,,,,,,,,,,,,,,,,,,,,,,486.9151592076323,,486.9151868621975,486.9151934194688,486.9439134007207,487.92725622783655,487.9439151113129,488.9272830271093,488.9272830271093,489.2272863342532,489.1607879328021,489.16079591556445,489.2272863342532,489.2272863342532,489.2272863342532,489.2272863342532,489.2272863342532,489.2272863342532,0.06214708352490561,490.12789068634265,[-300.0],[108.0],[1],[0],[0],[0.8999591738756862],490.12856836579704,490.1316511373461,None,,,,,,,,,,,,,ED23,001,2024-01-26_17h32.04.562,rating,2023.2.3,59.99692109293908,2024-01-26 17h32.35.906989 +0800,
neu_2.jpg,0,149,149,296,490.1606066100703,,,,,,,,,,,,,,,,,,,,,,,490.1318737993806,,490.13191086220286,490.131917134373,490.1606066100703,491.1439588454432,491.16060375908455,492.14397167488096,492.14397167488096,492.443985815773,492.3774814272492,492.37748912491406,492.443985815773,492.443985815773,492.443985815773,492.443985815773,492.443985815773,492.443985815773,0.06215392589365365,493.11143336760324,[-295.0],[26.0],[1],[0],[0],[0.6667313840553106],493.1121033493964,494.6776694783093,space,493.12730994041885,493.12730994041885,1.5447941274251207,None,,,,,,,,,ED23,001,2024-01-26_17h32.04.562,rating,2023.2.3,59.99692109293908,2024-01-26 17h32.35.906989 +0800,
neg_173.jpg,0,150,150,82,494.69396343553126,,,,,,,,,,,,,,,,,,,,,,,494.6780261367039,494.69396343553126,495.67749442774766,495.6775015552139,495.7106411355144,496.6773151007055,496.71064541199485,497.67731167952115,497.67731167952115,497.9773218290338,497.91093147996617,497.91094088821956,497.9773218290338,497.9773218290338,497.9773218290338,497.9773218290338,497.9773218290338,497.9773218290338,0.049500963348691585,498.61128083983385,[-346.0],[115.0],[1],[0],[0],[0.633295301173348],498.61193856238424,498.6150524096829,None,,,,,495.7106411355144,,,,,,,,ED23,001,2024-01-26_17h32.04.562,rating,2023.2.3,59.99692109293908,2024-01-26 17h32.35.906989 +0800,
neu_192.jpg,0,151,151,295,498.64399505296933,,,,,,,,,,,,,,,,,,,,,,,498.61528875645126,,498.61531926200587,498.6153263894721,498.64399505296933,499.62732248475913,499.64401244398505,500.62735384560983,500.62735384560983,500.9273708374876,500.8609137753392,500.86092147300405,500.9273708374876,500.9273708374876,500.9273708374876,500.9273708374876,500.9273708374876,500.9273708374876,0.06211458228062838,501.6112745676637,[260.0],[38.0],[1],[0],[0],[0.6832505692000268],501.61199216092973,501.6151345180897,None,,,,,,,,,,,,,ED23,001,2024-01-26_17h32.04.562,rating,2023.2.3,59.99692109293908,2024-01-26 17h32.35.906989 +0800,
neg_164.jpg,0,152,152,72,501.64403439658236,,,,,,,,,,,,,,,,,,,,,,,501.61536487778903,,501.61539538334,501.61540222570875,501.64403439658236,502.6273489989344,502.6440150098733,503.6273575518917,503.6273575518917,503.9273614292342,503.8608980949157,503.8609057925769,503.9273614292342,503.9273614292342,503.9273614292342,503.9273614292342,503.9273614292342,503.9273614292342,0.06201593815421802,504.6613595555664,[-341.0],[140.0],[1],[0],[0],[0.7333121790143196],504.6620988163286,504.66513910817775,None,,,,,,,,,,,,,ED23,001,2024-01-26_17h32.04.562,rating,2023.2.3,59.99692109293908,2024-01-26 17h32.35.906989 +0800,
neu_17.jpg,0,153,153,270,504.6940389866704,,,,,,,,,,,,,,,,,,,,,,,504.6653671870863,,504.6653971224423,504.66540396481105,504.6940389866704,505.67737126513566,505.69405523729256,506.6773758267136,506.6773758267136,506.97739880566405,506.9109149442429,506.91092292700523,506.97739880566405,506.97739880566405,506.97739880566405,506.97739880566405,506.97739880566405,506.97739880566405,0.0620535711714183,507.9114418065237,[261.0],[23.0],[1],[0],[0],[0.9333245522939251],507.912172514325,507.9152407458405,None,,,,,,,,,,,,,ED23,001,2024-01-26_17h32.04.562,rating,2023.2.3,59.99692109293908,2024-01-26 17h32.35.906989 +0800,
neg_111.jpg,0,154,154,14,507.94406222220823,,,,,,,,,,,,,,,,,,,,,,,507.9154708204387,,507.9155013259933,507.91550845345955,507.94406222220823,508.9274044791291,508.94410099562265,509.9274013430422,509.9274013430422,510.227402369399,510.16097410220937,510.1609817998742,510.227402369399,510.227402369399,510.227402369399,510.227402369399,510.227402369399,510.227402369399,0.0619523611603654,510.96145894095207,[-325.0],[142.0],[1],[0],[0],[0.7333843089691072],510.9621799553988,510.9652815434547,None,,,,,,,,,,,,,ED23,001,2024-01-26_17h32.04.562,rating,2023.2.3,59.99692109293908,2024-01-26 17h32.35.906989 +0800,
neu_93.jpg,0,155,155,377,510.9941189853471,,,,,,,,,,,,,,,,,,,,,,,510.9654873846721,,510.9655144690423,510.96552074121246,510.9941189853471,511.9774159115823,511.99408106722876,512.9774629528602,512.9774629528602,513.2774237803042,513.2110000746961,513.2110080574585,513.2774237803042,513.2774237803042,513.2774237803042,513.2774237803042,513.2774237803042,513.2774237803042,0.0619614843162708,514.2114912996458,[305.0],[17.0],[1],[0],[0],[0.9333721637704002],514.2122222925482,514.2153198892211,None,,,,,,,,,,,,,ED23,001,2024-01-26_17h32.04.562,rating,2023.2.3,59.99692109293908,2024-01-26 17h32.35.906989 +0800,
neg_27.jpg,0,156,156,112,514.2440948945095,,,,,,,,,,,,,,,,,,,,,,,514.2155271559295,,514.2155548104984,514.2155610826685,514.2440948945095,515.227437721629,515.2441005964847,516.2274388620226,516.2274388620226,516.52745043703,516.4610432671379,516.4610512499003,516.52745043703,516.52745043703,516.52745043703,516.52745043703,516.52745043703,516.52745043703,0.061945233694132185,517.0615770288041,[-311.0],[-2.0],[1],[0],[0],[0.5334717202131287],517.0622586996415,517.0653751128284,None,,,,,,,,,,,,,ED23,001,2024-01-26_17h32.04.562,rating,2023.2.3,59.99692109293908,2024-01-26 17h32.35.906989 +0800,
neg_188.jpg,0,157,157,98,517.0941230337467,,,,,,,,,,,,,,,,,,,,,,,517.0656006258487,,517.0656302761072,517.0656371184759,517.0941230337467,518.0774835369793,518.094122463548,519.0775106213496,519.0775106213496,519.3774919758998,519.3109995615177,519.3110072591826,519.3774919758998,519.3774919758998,519.3774919758998,519.3774919758998,519.3774919758998,519.3774919758998,0.06191102185402997,519.9782107665797,[-425.0],[90.0],[1],[0],[0],[0.6000382602360332],519.9789483167497,519.982108635124,None,,,,,,,,,,,,,ED23,001,2024-01-26_17h32.04.562,rating,2023.2.3,59.99692109293908,2024-01-26 17h32.35.906989 +0800,
neu_92.jpg,0,158,158,376,520.0108123657537,,,,,,,,,,,,,,,,,,,,,,,519.9823578113337,,519.9823883168883,519.9823951592534,520.0108123657537,520.9941697329032,521.0108060935836,521.9941472101109,521.9941472101109,522.294156789425,522.2277134120104,522.2277225351663,522.294156789425,522.294156789425,522.294156789425,522.294156789425,522.294156789425,522.294156789425,0.06184373857831815,522.8281687715516,[-242.0],[23.0],[1],[0],[0],[0.5333066480998241],522.8289117385957,522.8320538106582,None,,,,,,,,,,,,,ED23,001,2024-01-26_17h32.04.562,rating,2023.2.3,59.99692109293908,2024-01-26 17h32.35.906989 +0800,
neg_189.jpg,0,159,159,99,522.8608248245637,,,,,,,,,,,,,,,,,,,,,,,522.8322830299603,,522.8323138206124,522.8323209480786,522.8608248245637,523.844189889378,523.8608262500584,524.8441722132611,524.8441722132611,525.1441723843218,525.0777233049321,525.0777310025969,525.1441723843218,525.1441723843218,525.1441723843218,525.1441723843218,525.1441723843218,525.1441723843218,0.06190674537720042,525.7449128424978,[-278.0],[96.0],[1],[0],[0],[0.6000470982944535],525.7456372781289,525.7487673760497,None,,,,,,,,,,,,,ED23,001,2024-01-26_17h32.04.562,rating,2023.2.3,59.99692109293908,2024-01-26 17h32.35.906989 +0800,
neg_84.jpg,0,160,160,175,525.7775155820655,,,,,,,,,,,,,,,,,,,,,,,525.7489957400558,,525.7490265307079,525.7490333730766,525.7775155820655,526.7608418734653,526.7775121608811,527.7608749449046,527.7608749449046,528.0609030556316,527.9944046541805,527.9944126369392,528.0609030556316,528.0609030556316,528.0609030556316,528.0609030556316,528.0609030556316,528.0609030556316,0.06192613208622788,528.6616118678594,[-331.0],[39.0],[1],[0],[0],[0.5999983464280376],528.6622792837643,528.6653600596201,None,,,,,,,,,,,,,ED23,001,2024-01-26_17h32.04.562,rating,2023.2.3,59.99692109293908,2024-01-26 17h32.35.906989 +0800,
neg_108.jpg,0,161,161,10,528.6942017779893,,,,,,,,,,,,,,,,,,,,,,,528.6655887087272,,528.6656163632924,528.6656223503651,528.6942017779893,529.6775571494491,529.6942462533752,530.6775705490818,530.6775705490818,530.9775744264243,530.9110745994785,530.9110825822409,530.9775744264243,530.9775744264243,530.9775744264243,530.9775744264243,530.9775744264243,530.9775744264243,0.062068966501101386,531.6449452867218,[-334.0],[24.0],[1],[0],[0],[0.6666358760157891],531.6456403571956,531.6487242691346,None,,,,,,,,,,,,,ED23,001,2024-01-26_17h32.04.562,rating,2023.2.3,59.99692109293908,2024-01-26 17h32.35.906989 +0800,
neu_71.jpg,0,162,162,353,531.6775548686583,,,,,,,,,,,,,,,,,,,,,,,531.648960045708,,531.6489902661615,531.6489971085302,531.6775548686583,532.6608948447883,532.6775525878711,533.6608988361713,533.6608988361713,533.9609024284127,533.8945029561892,533.8945106538504,533.9609024284127,533.9609024284127,533.9609024284127,533.9609024284127,533.9609024284127,533.9609024284127,0.061961769413755974,534.7616335923758,[242.0],[20.0],[1],[0],[0],[0.8000295362180623],534.7623848272797,534.7654861302381,None,,,,,,,,,,,,,ED23,001,2024-01-26_17h32.04.562,rating,2023.2.3,59.99692109293908,2024-01-26 17h32.35.906989 +0800,
neg_174.jpg,0,163,163,83,534.7942451700019,,,,,,,,,,,,,,,,,,,,,,,534.7657167750349,,534.7657472805859,534.7657541229546,534.7942451700019,535.7775794441604,535.7942771010476,536.777594554389,536.777594554389,537.0776121164654,537.0111159958014,537.0111239785638,537.0776121164654,537.0776121164654,537.0776121164654,537.0776121164654,537.0776121164654,537.0776121164654,0.06191330264482531,537.878330450987,[-261.0],[22.0],[1],[0],[0],[0.8000095793140645],537.8790360701114,537.8820324567696,None,,,,,,,,,,,,,ED23,001,2024-01-26_17h32.04.562,rating,2023.2.3,59.99692109293908,2024-01-26 17h32.35.906989 +0800,
neg_147.jpg,0,164,164,53,537.9109346160494,,,,,,,,,,,,,,,,,,,,,,,537.8822665227508,,537.8822978835979,537.8823050110641,537.9109346160494,538.8942911279028,538.9109363266416,539.8942697455041,539.8942697455041,540.194293009552,540.1278114289216,540.1278191265828,540.194293009552,540.194293009552,540.194293009552,540.194293009552,540.194293009552,540.194293009552,0.06204501821412123,541.2617185517684,[-264.0],[76.0],[1],[0],[0],[1.0667241995724908],541.2624677909826,541.2655385883863,None,,,,,,,,,,,,,ED23,001,2024-01-26_17h32.04.562,rating,2023.2.3,59.99692109293908,2024-01-26 17h32.35.906989 +0800,
neg_4.jpg,0,165,165,126,541.2942790967409,,,,,,,,,,,,,,,,,,,,,,,541.26577350966,,541.2658034450196,541.2658102873847,541.2942790967409,542.2776242046475,542.2942862242071,543.2776376042839,543.2776376042839,543.5776346392577,543.5112280395642,543.5112368776227,543.5776346392577,543.5776346392577,543.5776346392577,543.5776346392577,543.5776346392577,543.5776346392577,0.061882797090220265,544.0450404526473,[-328.0],[153.0],[1],[0],[0],[0.46669677308091195],544.0457905471576,544.0489773797035,None,,,,,,,,,,,,,ED23,001,2024-01-26_17h32.04.562,rating,2023.2.3,59.99692109293908,2024-01-26 17h32.35.906989 +0800,
neu_166.jpg,0,166,166,266,544.0776406263267,,,,,,,,,,,,,,,,,,,,,,,544.0492108754861,,544.0492413810407,544.0492479383083,544.0776406263267,545.0609726196981,545.0776588726421,546.0609837385437,546.0609837385437,546.3610024410136,546.2945131627184,546.2945211454808,546.3610024410136,546.3610024410136,546.3610024410136,546.3610024410136,546.3610024410136,546.3610024410136,0.061809526741853915,547.5617241396994,[248.0],[77.0],[1],[0],[0],[1.2000112328860268],547.5624328949107,547.5656080384124,None,,,,,,,,,,,,,ED23,001,2024-01-26_17h32.04.562,rating,2023.2.3,59.99692109293908,2024-01-26 17h32.35.906989 +0800,
neg_30.jpg,0,167,167,116,547.5943351471306,,,,,,,,,,,,,,,,,,,,,,,547.5658184412077,,547.5658463808741,547.5658526530442,547.5943351471306,548.5776976460565,548.5943368577227,549.5776793997411,549.5776793997411,549.8776969618175,549.8112581459809,549.8112675542379,549.8776969618175,549.8776969618175,549.8776969618175,549.8776969618175,549.8776969618175,549.8776969618175,0.0619024688967329,550.945098840848,[-351.0],[36.0],[1],[0],[0],[1.0667107999361178],550.9458680369662,550.9489815991637,None,,,,,,,,,,,,,ED23,001,2024-01-26_17h32.04.562,rating,2023.2.3,59.99692109293908,2024-01-26 17h32.35.906989 +0800,
neu_145.jpg,0,168,168,243,550.9776867552882,,,,,,,,,,,,,,,,,,,,,,,550.9492093929748,,550.9492393283308,550.949246455797,550.9776867552882,551.9610215996418,551.9776898913715,552.9610275867144,552.9610275867144,553.2610320342519,553.1946185921934,553.1946265749557,553.2610320342519,553.2610320342519,553.2610320342519,553.2610320342519,553.2610320342519,553.2610320342519,0.0618443087732885,554.1951463097703,[306.0],[44.0],[1],[0],[0],[0.9333824273198843],554.1959289055249,554.1990196598326,None,,,,,,,,,,,,,ED23,001,2024-01-26_17h32.04.562,rating,2023.2.3,59.99692109293908,2024-01-26 17h32.35.906989 +0800,
neu_89.jpg,0,169,169,372,554.2277105610247,,,,,,,,,,,,,,,,,,,,,,,554.1992283520322,,554.1992562916985,554.1992625638686,554.2277105610247,555.2110533881405,555.2277413516767,556.2110750556367,556.2110750556367,556.5111028812662,556.4445967821503,556.4446053351076,556.5111028812662,556.5111028812662,556.5111028812662,556.5111028812662,556.5111028812662,556.5111028812662,0.06189619673023117,557.3784772767849,[243.0],[64.0],[1],[0],[0],[0.8666679210982693],557.3792225246161,557.3823266785603,None,,,,,,,,,,,,,ED23,001,2024-01-26_17h32.04.562,rating,2023.2.3,59.99692109293908,2024-01-26 17h32.35.906989 +0800,
neg_105.jpg,0,170,170,7,557.4110894246096,,,,,,,,,,,,,,,,,,,,,,,557.3825342303699,,557.3825630253286,557.3825690124013,557.4110894246096,558.3944011759759,558.4111173642759,559.3944091587382,559.3944091587382,559.6944332780822,559.6279936069495,559.6280015897119,559.6944332780822,559.6944332780822,559.6944332780822,559.6944332780822,559.6944332780822,559.6944332780822,0.06192185560212238,560.0951984258008,[-351.0],[-16.0],[1],[0],[0],[0.4000096363342891],560.0959616348464,560.099036138532,None,,,,,,,,,,,,,ED23,001,2024-01-26_17h32.04.562,rating,2023.2.3,59.99692109293908,2024-01-26 17h32.35.906989 +0800,
neg_44.jpg,0,171,171,131,560.1277407244579,,,,,,,,,,,,,,,,,,,,,,,560.0992690641197,,560.0992992845731,560.0993064120394,560.1277407244579,561.1110861174657,561.1277749362944,562.1110952406216,562.1110952406216,562.411124206641,562.3446357836419,562.3446437664043,562.411124206641,562.411124206641,562.411124206641,562.411124206641,562.411124206641,562.411124206641,0.061872533540736185,562.8118705378492,[-374.0],[93.0],[1],[0],[0],[0.4000147681108501],562.8126297555154,562.8155967770163,None,,,,,,,,,,,,,ED23,001,2024-01-26_17h32.04.562,rating,2023.2.3,59.99692109293908,2024-01-26 17h32.35.906989 +0800,
neg_63.jpg,0,172,172,152,562.8444330785114,,,,,,,,,,,,,,,,,,,,,,,562.8158037586272,,562.8158316982936,562.8158379704637,562.8444330785114,563.8277779013206,563.8444650095607,564.8277836032921,564.8277836032921,565.1278082928347,565.0613130274669,565.0613212953303,565.1278082928347,565.1278082928347,565.1278082928347,565.1278082928347,565.1278082928347,565.1278082928347,0.06202791229952709,566.4619074011043,[-377.0],[116.0],[1],[0],[0],[1.3333330482346355],566.4626720356446,566.4657710578122,None,,,,,,,,,,,,,ED23,001,2024-01-26_17h32.04.562,rating,2023.2.3,59.99692109293908,2024-01-26 17h32.35.906989 +0800,
neg_136.jpg,0,173,173,41,566.4944916092627,,,,,,,,,,,,,,,,,,,,,,,566.4659985665257,,566.4660299273728,566.4660367697415,566.4944916092627,567.4777993692496,567.4944887582769,568.4778042159251,568.4778042159251,568.777807523069,568.7113966468987,568.7114043445599,568.777807523069,568.777807523069,568.777807523069,568.777807523069,568.777807523069,568.777807523069,0.061825492266507354,569.311926702283,[-364.0],[62.0],[1],[0],[0],[0.5333784929571266],569.3126873454403,569.3157989119518,None,,,,,,,,,,,,,ED23,001,2024-01-26_17h32.04.562,rating,2023.2.3,59.99692109293908,2024-01-26 17h32.35.906989 +0800,
neu_189.jpg,0,174,174,291,569.3444809750818,,,,,,,,,,,,,,,,,,,,,,,569.3160284163514,,569.316058921906,569.3160657642748,569.3444809750818,570.3278189555258,570.3444926641259,571.3278309296675,571.3278309296675,571.6278316709231,571.5614056845243,571.5614133821891,571.6278316709231,571.6278316709231,571.6278316709231,571.6278316709231,571.6278316709231,571.6278316709231,0.0618206455874315,572.8286571455119,[150.0],[26.0],[1],[0],[0],[1.2000585592613788],572.8294263416337,572.8324270047724,None,,,,,,,,,,,,,ED23,001,2024-01-26_17h32.04.562,rating,2023.2.3,59.99692109293908,2024-01-26 17h32.35.906989 +0800,
neu_137.jpg,0,175,175,234,572.8611692237155,,,,,,,,,,,,,,,,,,,,,,,572.8326368373655,,572.832665062133,572.8326713343031,572.8611692237155,573.8445536752351,573.861174355492,574.8445143316221,574.8445143316221,575.1445182089647,575.0781144602606,575.0781221579218,575.1445182089647,575.1445182089647,575.1445182089647,575.1445182089647,575.1445182089647,575.1445182089647,0.06190189869812457,576.2120623522114,[155.0],[75.0],[1],[0],[0],[1.0668239840961178],576.2127884984384,576.2158701295903,None,,,,,,,,,,,,,ED23,001,2024-01-26_17h32.04.562,rating,2023.2.3,59.99692109293908,2024-01-26 17h32.35.906989 +0800,
neu_163.jpg,0,176,176,263,576.2445285295344,,,,,,,,,,,,,,,,,,,,,,,576.2160779664937,,576.2161050508639,576.216111323034,576.2445285295344,577.2279209638164,577.2445308103252,578.2278810500084,578.2278810500084,578.5278843571523,578.4614301459897,578.4614381287483,578.5278843571523,578.5278843571523,578.5278843571523,578.5278843571523,578.5278843571523,578.5278843571523,0.06182748795617954,579.1953102414864,[157.0],[56.0],[1],[0],[0],[0.6667068655733601],579.1960705995461,579.1991459585279,None,,,,,,,,,,,,,ED23,001,2024-01-26_17h32.04.562,rating,2023.2.3,59.99692109293908,2024-01-26 17h32.35.906989 +0800,
neu_124.jpg,0,177,177,220,579.227922959506,,,,,,,,,,,,,,,,,,,,,,,579.1993737523389,,579.1994034025975,579.1994102449626,579.227922959506,580.2112258728175,580.2278841860916,581.2112196006474,581.2112196006474,581.511230320355,581.4448117465199,581.4448197292822,581.511230320355,581.511230320355,581.511230320355,581.511230320355,581.511230320355,581.511230320355,0.061878235515905544,582.0454033832084,[207.0],[95.0],[1],[0],[0],[0.5333776376610331],582.0461791365979,582.049184646412,None,,,,,,,,,,,,,ED23,001,2024-01-26_17h32.04.562,rating,2023.2.3,59.99692109293908,2024-01-26 17h32.35.906989 +0800,
neu_43.jpg,0,178,178,322,582.0779091892418,,,,,,,,,,,,,,,,,,,,,,,582.0493933386151,,582.0494204229853,582.0494264100544,582.0779091892418,583.0612403273171,583.0779262951601,584.0613212953303,584.0613212953303,584.3612661572533,584.2947931295803,584.294815082174,584.3612661572533,584.3612661572533,584.3612661572533,584.3612661572533,584.3612661572533,584.3612661572533,0.06189847751738853,584.8286685494586,[225.0],[89.0],[1],[0],[0],[0.4666682632196171],584.829400967852,584.8325535885651,None,,,,,,,,,,,,,ED23,001,2024-01-26_17h32.04.562,rating,2023.2.3,59.99692109293908,2024-01-26 17h32.35.906989 +0800,
neg_109.jpg,0,179,179,11,584.8612633062676,,,,,,,,,,,,,,,,,,,,,,,584.8327611403711,,584.8328016243777,584.8328170197037,584.8612633062676,585.8446181075287,585.8612883949481,586.8445995761158,586.8445995761158,587.1446031683572,587.0781857349193,587.0781934325842,587.1446031683572,587.1446031683572,587.1446031683572,587.1446031683572,587.1446031683572,587.1446031683572,0.06185457232641056,588.0122159063376,[-161.0],[-13.0],[1],[0],[0],[0.8667865221323154],588.0129551670998,589.4283652615286,space,588.0279787247982,588.0279787247982,1.392059375782992,None,,,,,,,,,ED23,001,2024-01-26_17h32.04.562,rating,2023.2.3,59.99692109293908,2024-01-26 17h32.35.906989 +0800,
neu_133.jpg,0,180,180,230,589.4446173092529,,,,,,,,,,,,,,,,,,,,,,,589.4287261964037,589.4446173092529,590.4281967682382,590.4282038957008,590.4613172469271,591.4279652681453,591.4612944390374,592.4279652681453,592.4279652681453,592.7279816898244,592.6614995389955,592.6615072366603,592.7279816898244,592.7279816898244,592.7279816898244,592.7279816898244,592.7279816898244,592.7279816898244,0.049479866051115096,593.1954308382064,[260.0],[52.0],[1],[0],[0],[0.4666243580286391],593.1962122935674,593.1992158076919,None,,,,,590.4613172469271,,,,,,,,ED23,001,2024-01-26_17h32.04.562,rating,2023.2.3,59.99692109293908,2024-01-26 17h32.35.906989 +0800,
neg_134.jpg,0,181,181,39,593.2280042126167,,,,,,,,,,,,,,,,,,,,,,,593.1994461673912,,593.1994772431408,593.1994840855095,593.2280042126167,594.2113139682933,594.2279831153191,595.2113430483532,595.2113430483532,595.5113244029035,595.44494574288,595.4449545809384,595.5113244029035,595.5113244029035,595.5113244029035,595.5113244029035,595.5113244029035,595.5113244029035,0.06189904771599686,596.1121230212029,[-407.0],[105.0],[1],[0],[0],[0.600022579812503],596.1129138848173,596.1159747037691,None,,,,,,,,,,,,,ED23,001,2024-01-26_17h32.04.562,rating,2023.2.3,59.99692109293908,2024-01-26 17h32.35.906989 +0800,
neu_116.jpg,0,182,182,211,596.1446764387092,,,,,,,,,,,,,,,,,,,,,,,596.1162033528763,,596.1162332882323,596.1162412709946,596.1446764387092,597.1280261081938,597.1447049485705,598.1280115681639,598.1280115681639,598.4280108839248,598.3615994375596,598.3616074203183,598.4280108839248,598.4280108839248,598.4280108839248,598.4280108839248,598.4280108839248,598.4280108839248,0.06182976874697488,599.4954714932737,[65.0],[25.0],[1],[0],[0],[1.0666634735607659],599.4961828143696,599.4992943808775,None,,,,,,,,,,,,,ED23,001,2024-01-26_17h32.04.562,rating,2023.2.3,59.99692109293908,2024-01-26 17h32.35.906989 +0800,
neg_2.jpg,0,183,183,104,599.5280212044981,,,,,,,,,,,,,,,,,,,,,,,599.4995236001796,,599.4995515398459,599.4995578120161,599.5280212044981,600.5113768610518,600.5280189237074,601.5113643167115,601.5113643167115,601.8113707599423,601.7449211103576,601.7449290931199,601.8113707599423,601.8113707599423,601.8113707599423,601.8113707599423,601.8113707599423,601.8113707599423,0.061870252753578825,602.3455198745123,[-169.0],[-8.0],[1],[0],[0],[0.5333357281633653],602.3463056063501,602.3493478938926,None,,,,,,,,,,,,,ED23,001,2024-01-26_17h32.04.562,rating,2023.2.3,59.99692109293908,2024-01-26 17h32.35.906989 +0800,
neg_38.jpg,0,184,184,124,602.3780447821537,,,,,,,,,,,,,,,,,,,,,,,602.3495850959571,,602.3496130356234,602.3496193077935,602.3780447821537,603.3613799116083,603.3780416460704,604.3614218211096,604.3614218211096,604.6613894909224,604.5949617939314,604.5949697766937,604.6613894909224,604.6613894909224,604.6613894909224,604.6613894909224,604.6613894909224,604.6613894909224,0.06183033894194523,605.1290068475009,[-137.0],[-2.0],[1],[0],[0],[0.4668361863150494],605.1298401908116,605.1329380725856,None,,,,,,,,,,,,,ED23,001,2024-01-26_17h32.04.562,rating,2023.2.3,59.99692109293908,2024-01-26 17h32.35.906989 +0800,
neu_75.jpg,0,185,185,357,605.1613977587822,,,,,,,,,,,,,,,,,,,,,,,605.133144483998,,605.1331727087618,605.1331786958344,605.1613977587822,606.1447323180419,606.1613949077964,607.1447628235965,607.1447628235965,607.4447858025433,607.3783122046752,607.3783201874376,607.4447858025433,607.4447858025433,607.4447858025433,607.4447858025433,607.4447858025433,607.4447858025433,0.06166669232698041,608.178912793459,[174.0],[-7.0],[1],[0],[0],[0.7333287147339433],608.1796301016275,608.1826960523522,None,,,,,,,,,,,,,ED23,001,2024-01-26_17h32.04.562,rating,2023.2.3,59.99692109293908,2024-01-26 17h32.35.906989 +0800,
neg_93.jpg,0,186,186,185,608.211413752817,,,,,,,,,,,,,,,,,,,,,,,608.1829321140231,,608.1829600536894,608.1829663258595,608.211413752817,609.1947534438495,609.2114183143949,610.194758290525,610.194758290525,610.4947647337558,610.4283053908166,610.4283130884814,610.4947647337558,610.4947647337558,610.4947647337558,610.4947647337558,610.4947647337558,610.4947647337558,0.06186027430157992,611.2290502395135,[-125.0],[-8.0],[1],[0],[0],[0.7334490263601765],611.229768688072,611.2327704916079,None,,,,,,,,,,,,,ED23,001,2024-01-26_17h32.04.562,rating,2023.2.3,59.99692109293908,2024-01-26 17h32.35.906989 +0800,
neg_148.jpg,0,187,187,54,611.2614377296104,,,,,,,,,,,,,,,,,,,,,,,611.2330008513036,,611.2330279356738,611.233034207844,611.2614377296104,612.2447737143611,612.2614402954987,613.2447822673221,613.2447822673221,613.5447832936752,613.478323380541,613.4783316484009,613.5447832936752,613.5447832936752,613.5447832936752,613.5447832936752,613.5447832936752,613.5447832936752,0.061808956543245586,614.345636479853,[-333.0],[123.0],[1],[0],[0],[0.8000278256258753],614.3464284838647,614.3495731218118,None,,,,,,,,,,,,,ED23,001,2024-01-26_17h32.04.562,rating,2023.2.3,59.99692109293908,2024-01-26 17h32.35.906989 +0800,
neg_58.jpg,0,188,188,146,614.3781246097733,,,,,,,,,,,,,,,,,,,,,,,614.3498006305254,,614.3498314211774,614.3498382635462,614.3781246097733,615.3614916702736,615.378128030954,616.3614982275412,616.3614982275412,616.6615006793891,616.5950142520796,616.595022234842,616.6615006793891,616.6615006793891,616.6615006793891,616.6615006793891,616.6615006793891,616.6615006793891,0.06171829517916194,617.8623227327971,[-221.0],[-8.0],[1],[0],[0],[1.2000109477885417],617.8630742527985,617.8661727047711,None,,,,,,,,,,,,,ED23,001,2024-01-26_17h32.04.562,rating,2023.2.3,59.99692109293908,2024-01-26 17h32.35.906989 +0800,
neu_106.jpg,0,189,189,200,617.8948416533658,,,,,,,,,,,,,,,,,,,,,,,617.8664050601601,,617.8664358508122,617.8664429782784,617.8948416533658,618.8781479878617,618.894817419985,619.878156540819,619.878156540819,620.1781626989487,620.1116953732471,620.1117033560095,620.1781626989487,620.1781626989487,620.1781626989487,620.1781626989487,620.1781626989487,620.1781626989487,0.06177731059506186,620.9790167404226,[234.0],[29.0],[1],[0],[0],[0.7999819247452251],620.9798016169643,620.9829679224113,None,,,,,,,,,,,,,ED23,001,2024-01-26_17h32.04.562,rating,2023.2.3,59.99692109293908,2024-01-26 17h32.35.906989 +0800,
neu_7.jpg,0,190,190,351,621.0115034448481,,,,,,,,,,,,,,,,,,,,,,,620.9831740487261,,620.9832019883925,620.9832079754651,621.0115034448481,621.9948431358807,622.0115054405378,622.9948388594003,622.9948388594003,623.2948669701273,623.2284418390245,623.2284498217869,623.2948669701273,623.2948669701273,623.2948669701273,623.2948669701273,623.2948669701273,623.2948669701273,0.06171401869869442,623.8290106678196,[319.0],[36.0],[1],[0],[0],[0.5333687996026129],623.8297718811791,623.8329806663223,None,,,,,,,,,,,,,ED23,001,2024-01-26_17h32.04.562,rating,2023.2.3,59.99692109293908,2024-01-26 17h32.35.906989 +0800,
neu_51.jpg,0,191,191,331,623.8615290181933,,,,,,,,,,,,,,,,,,,,,,,623.8332118813141,,623.8332418166701,623.8332489441364,623.8615290181933,624.8448886661336,624.8615324393777,625.8449191716882,625.8449191716882,626.1449102195893,626.0784129585318,626.0784212263916,626.1449102195893,626.1449102195893,626.1449102195893,626.1449102195893,626.1449102195893,626.1449102195893,0.06171658458697493,626.6791286131283,[307.0],[65.0],[1],[0],[0],[0.5334355126833543],626.6798835543141,626.683030473052,None,,,,,,,,,,,,,ED23,001,2024-01-26_17h32.04.562,rating,2023.2.3,59.99692109293908,2024-01-26 17h32.35.906989 +0800,
neg_67.jpg,0,192,192,156,626.7115848119993,,,,,,,,,,,,,,,,,,,,,,,626.6832619731449,,626.683292763797,626.6832998912632,626.7115848119993,627.6948994143513,627.7115474640759,628.6948951378708,628.6948951378708,628.9948941685343,628.9284174345794,628.9284257024392,628.9948941685343,628.9948941685343,628.9948941685343,628.9948941685343,628.9948941685343,628.9948941685343,0.06165414798670099,629.5957269986702,[-244.0],[22.0],[1],[0],[0],[0.6000191586281289],629.5964904928169,629.5996308542872,None,,,,,,,,,,,,,ED23,001,2024-01-26_17h32.04.562,rating,2023.2.3,59.99692109293908,2024-01-26 17h32.35.906989 +0800,
neu_156.jpg,0,193,193,255,629.628230809014,,,,,,,,,,,,,,,,,,,,,,,629.5998595033943,,629.5998900089453,629.599896851314,629.628230809014,630.611593878135,630.6282310941115,631.611573921231,631.611573921231,631.9115820750503,631.8451307148734,631.8451384125383,631.9115820750503,631.9115820750503,631.9115820750503,631.9115820750503,631.9115820750503,631.9115820750503,0.06174167326753377,632.5790664046053,[238.0],[19.0],[1],[0],[0],[0.6666823470914096],632.5798250520729,632.582923789143,None,,,,,,,,,,,,,ED23,001,2024-01-26_17h32.04.562,rating,2023.2.3,59.99692109293908,2024-01-26 17h32.35.906989 +0800,
neg_140.jpg,0,194,194,46,632.6115995801065,,,,,,,,,,,,,,,,,,,,,,,632.5831330515412,,632.5831609912075,632.5831672633776,632.6115995801065,633.5949161781518,633.611589886752,634.5949281522935,634.5949281522935,634.8949328849321,634.8285354083946,634.8285433911569,634.8949328849321,634.8949328849321,634.8949328849321,634.8949328849321,634.8949328849321,634.8949328849321,0.0618252071653842,635.7624754886438,[-227.0],[-2.0],[1],[0],[0],[0.866723230235948],635.7632803220931,635.7664041478438,None,,,,,,,,,,,,,ED23,001,2024-01-26_17h32.04.562,rating,2023.2.3,59.99692109293908,2024-01-26 17h32.35.906989 +0800,
neu_74.jpg,0,195,195,356,635.7949658993512,,,,,,,,,,,,,,,,,,,,,,,635.7666125549458,,635.7666402095147,635.7666461965837,635.7949658993512,636.7782756550278,636.7949758778068,637.778282212299,637.778282212299,638.0782872300351,638.011813347066,638.0118213298247,638.0782872300351,638.0782872300351,638.0782872300351,638.0782872300351,638.0782872300351,638.0782872300351,0.0616969127804623,639.0125198214828,[177.0],[17.0],[1],[0],[0],[0.9334052352096478],639.0133272208204,639.016342423989,None,,,,,,,,,,,,,ED23,001,2024-01-26_17h32.04.562,rating,2023.2.3,59.99692109293908,2024-01-26 17h32.35.906989 +0800,
neu_3.jpg,0,196,196,307,639.04496860779,,,,,,,,,,,,,,,,,,,,,,,639.0165496906975,,639.0165773452663,639.0165833323354,639.04496860779,640.0283003160603,640.0449606250277,641.0283045925407,641.0283045925407,641.3283130314612,641.2618539736195,641.2618622414793,641.3283130314612,641.3283130314612,641.3283130314612,641.3283130314612,641.3283130314612,641.3283130314612,0.061803254571714206,642.0625315390371,[211.0],[22.0],[1],[0],[0],[0.7333677732458455],642.0633477764295,642.06647987004,None,,,,,,,,,,,,,ED23,001,2024-01-26_17h32.04.562,rating,2023.2.3,59.99692109293908,2024-01-26 17h32.35.906989 +0800,
neg_121.jpg,0,197,197,25,642.0949846018248,,,,,,,,,,,,,,,,,,,,,,,642.0667079489485,,642.0667378843082,642.0667447266733,642.0949846018248,643.0783285693342,643.0949891634027,644.0783279991392,644.0783279991392,644.3783290254923,644.31187281864,644.3118805163012,644.3783290254923,644.3783290254923,644.3783290254923,644.3783290254923,644.3783290254923,644.3783290254923,0.06168037706083851,645.0458589708305,[-386.0],[91.0],[1],[0],[0],[0.6666823470914096],645.0466572470086,645.0498010296633,None,,,,,,,,,,,,,ED23,001,2024-01-26_17h32.04.562,rating,2023.2.3,59.99692109293908,2024-01-26 17h32.35.906989 +0800,
neu_31.jpg,0,198,198,309,645.0783465305485,,,,,,,,,,,,,,,,,,,,,,,645.050031389359,,645.0500613247186,645.0500681670837,645.0783465305485,646.0616830854979,646.0783895804434,647.0616796643135,647.0616796643135,647.3616832565585,647.2952136500662,647.2952213477311,647.3616832565585,647.3616832565585,647.3616832565585,647.3616832565585,647.3616832565585,647.3616832565585,0.061672109201026615,648.2959329539244,[200.0],[-10.0],[1],[0],[0],[0.9334172093513189],648.2967081371153,648.299832818162,None,,,,,,,,,,,,,ED23,001,2024-01-26_17h32.04.562,rating,2023.2.3,59.99692109293908,2024-01-26 17h32.35.906989 +0800,
neu_36.jpg,0,199,199,314,648.3283595025368,,,,,,,,,,,,,,,,,,,,,,,648.3000415103616,,648.3000694500279,648.300075722198,648.3283595025368,649.3116954872876,649.3283891527954,650.3117037551474,650.3117037551474,650.6117332913691,650.5452371707051,650.5452448683664,650.6117332913691,650.6117332913691,650.6117332913691,650.6117332913691,650.6117332913691,650.6117332913691,0.06171572929088143,651.0792793732853,[240.0],[-41.0],[1],[0],[0],[0.4667033303521748],651.0801107209063,651.0833189358545,None,,,,,,,,,,,,,ED23,001,2024-01-26_17h32.04.562,rating,2023.2.3,59.99692109293908,2024-01-26 17h32.35.906989 +0800,
neg_23.jpg,0,200,200,108,651.111713049364,,,,,,,,,,,,,,,,,,,,,,,651.0835262025594,,651.0835772352166,651.0835835073867,651.111713049364,652.0950567317796,652.1117124791654,653.0950735525967,653.0950735525967,653.3950335247482,653.3286169466064,653.3286254995637,653.3950335247482,653.3950335247482,653.3950335247482,653.3950335247482,653.3950335247482,653.3950335247482,0.0615096029760025,653.9959761178598,[2.0],[-9.0],[1],[0],[0],[0.6000870121024491],653.9967986274223,653.9997987203624,None,,,,,,,,,,,,,ED23,001,2024-01-26_17h32.04.562,rating,2023.2.3,59.99692109293908,2024-01-26 17h32.35.906989 +0800,
neu_146.jpg,0,201,201,244,654.0284003856814,,,,,,,,,,,,,,,,,,,,,,,654.0000333565422,,654.0000630068007,654.0000701342633,654.0284003856814,655.011749484971,655.028401526075,656.0117620293113,656.0117620293113,656.32841965835,656.245292023681,656.2453000064434,656.32841965835,656.32841965835,656.32841965835,656.32841965835,656.32841965835,656.32841965835,0.07840825440507615,657.5293258158545,[308.0],[15.0],[1],[0],[0],[1.2000323301836033],657.5301503211067,657.5333474172057,None,,,,,,,,,,,,,ED23,001,2024-01-26_17h32.04.562,rating,2023.2.3,59.99692109293908,2024-01-26 17h32.35.906989 +0800,
neu_100.jpg,0,202,202,194,657.5617572111423,,,,,,,,,,,,,,,,,,,,,,,657.5335814831869,,657.533612273839,657.5336191162078,657.5617572111423,658.5450906300048,658.5617805892307,659.545097187276,659.545097187276,659.8617670755575,659.7786465683548,659.7786548362146,659.8617670755575,659.8617670755575,659.8617670755575,659.8617670755575,659.8617670755575,659.8617670755575,0.07820611947317957,660.396104070127,[350.0],[34.0],[1],[0],[0],[0.5334238236428064],660.3968607219049,660.399984832753,None,,,,,,,,,,,,,ED23,001,2024-01-26_17h32.04.562,rating,2023.2.3,59.99692109293908,2024-01-26 17h32.35.906989 +0800,
neg_179.jpg,0,203,203,88,660.4284362510898,,,,,,,,,,,,,,,,,,,,,,,660.4001915292629,,660.4002194689292,660.4002254560019,660.4284362510898,661.4117799335054,661.4284553526977,662.4118130049446,662.4118130049446,662.7285099775963,662.6453241828076,662.6453321655699,662.7285099775963,662.7285099775963,662.7285099775963,662.7285099775963,662.7285099775963,662.7285099775963,0.0783540856646141,663.4627016859031,[-371.0],[102.0],[1],[0],[0],[0.7332836691493867],663.4635253358592,663.46653483706,None,,,,,,,,,,,,,ED23,001,2024-01-26_17h32.04.562,rating,2023.2.3,59.99692109293908,2024-01-26 17h32.35.906989 +0800,
neu_129.jpg,0,204,204,225,663.4951270941219,,,,,,,,,,,,,,,,,,,,,,,663.4667680477414,,663.4667979830974,663.4668051105637,663.4951270941219,664.4785018522871,664.4951533231961,665.4784707765339,665.4784707765339,665.7951922676712,665.712017591728,665.7120255744903,665.7951922676712,665.7951922676712,665.7951922676712,665.7951922676712,665.7951922676712,665.7951922676712,0.07844531722730608,667.0627085852884,[329.0],[14.0],[1],[0],[0],[1.2666744213493075],667.0635008743975,667.0666837155641,None,,,,,,,,,,,,,ED23,001,2024-01-26_17h32.04.562,rating,2023.2.3,59.99692109293908,2024-01-26 17h32.35.906989 +0800,
neu_57.jpg,0,205,205,337,667.0951565162995,,,,,,,,,,,,,,,,,,,,,,,667.0669143603609,,667.0669454361141,667.0669525635803,667.0951565162995,668.0784919308553,668.0951539504113,669.0784990583215,669.0784990583215,669.3951680913069,669.3120267719041,669.3120347546665,669.3951680913069,669.3951680913069,669.3951680913069,669.3951680913069,669.3951680913069,669.3951680913069,0.07827482824359322,671.196059765798,[212.0],[-28.0],[1],[0],[0],[1.800032387207466],671.1968423615526,671.1999832932215,None,,,,,,,,,,,,,ED23,001,2024-01-26_17h32.04.562,rating,2023.2.3,59.99692109293908,2024-01-26 17h32.35.906989 +0800,
neg_107.jpg,0,206,206,9,671.2285433341367,,,,,,,,,,,,,,,,,,,,,,,671.2002133678197,,671.2002435882732,671.200250430642,671.2285433341367,672.2118813145808,672.2285193858534,673.2118838804654,673.2118838804654,673.5285309608571,673.445397054018,673.4454053218815,673.5285309608571,673.5285309608571,673.5285309608571,673.5285309608571,673.5285309608571,673.5285309608571,0.07834040092711803,674.5294247450784,[-232.0],[-23.0],[1],[0],[0],[1.0000276545652014],674.5302047749483,674.5333094990874,None,,,,,,,,,,,,,ED23,001,2024-01-26_17h32.04.562,rating,2023.2.3,59.99692109293908,2024-01-26 17h32.35.906989 +0800,
neg_104.jpg,0,207,207,6,674.5619311213104,,,,,,,,,,,,,,,,,,,,,,,674.5335295952336,,674.533572360031,674.5335786322012,674.5619311213104,675.5452117969271,675.5618760972739,676.5452075204466,676.5452075204466,676.8618868169815,676.7787928239541,676.7788010918139,676.8618868169815,676.8618868169815,676.8618868169815,676.8618868169815,676.8618868169815,676.8618868169815,0.0783669151023787,677.462808597893,[-229.0],[-41.0],[1],[0],[0],[0.6000539406632015],677.4636633236023,677.4666976283788,None,,,,,,,,,,,,,ED23,001,2024-01-26_17h32.04.562,rating,2023.2.3,59.99692109293908,2024-01-26 17h32.35.906989 +0800,
neu_135.jpg,0,208,208,232,677.4952157597963,,,,,,,,,,,,,,,,,,,,,,,677.4669074609756,,677.4669351155408,677.4669413877109,677.4952157597963,678.4785642888874,678.495221746869,679.4785705610575,679.4785705610575,679.7952541340728,679.7121148103597,679.7121230782232,679.7952541340728,679.7952541340728,679.7952541340728,679.7952541340728,679.7952541340728,679.7952541340728,0.07836976608814439,680.396179336165,[366.0],[14.0],[1],[0],[0],[0.6000493790852488],680.3969776123467,680.4000501203391,None,,,,,,,,,,,,,ED23,001,2024-01-26_17h32.04.562,rating,2023.2.3,59.99692109293908,2024-01-26 17h32.35.906989 +0800,
neg_169.jpg,0,209,209,77,680.4285805109994,,,,,,,,,,,,,,,,,,,,,,,680.4002807651359,,680.4003107004919,680.4003175428606,680.4285805109994,681.4119190616384,681.4285876384656,682.4119236232164,682.4119236232164,682.7286553779031,682.6454858337329,682.6454935313977,682.7286553779031,682.7286553779031,682.7286553779031,682.7286553779031,682.7286553779031,682.7286553779031,0.07841053519223351,683.4628388183464,[-401.0],[200.0],[1],[0],[0],[0.7332474616268883],683.4636425113986,684.9790144596318,space,683.478596219933,683.478596219933,1.4864418492870755,None,,,,,,,,,ED23,001,2024-01-26_17h32.04.562,rating,2023.2.3,59.99692109293908,2024-01-26 17h32.35.906989 +0800,
neu_16.jpg,0,210,210,259,684.9952750603134,,,,,,,,,,,,,,,,,,,,,,,684.979361709773,684.9952750603134,685.9788664934404,685.9788756165963,686.0119521901015,686.9786230192058,687.0119553261848,687.9786198831225,687.9786198831225,688.295301175347,688.2122143097858,688.2122222925482,688.295301175347,688.295301175347,688.295301175347,688.295301175347,688.295301175347,688.295301175347,0.06613504323831876,689.2794622355486,[197.0],[22.0],[1],[0],[0],[0.9833128917598515],689.2802664987994,689.2834248214876,None,,,,,686.0119521901015,,,,,,,,ED23,001,2024-01-26_17h32.04.562,rating,2023.2.3,59.99692109293908,2024-01-26 17h32.35.906989 +0800,
neu_34.jpg,0,211,211,312,689.3119731733586,,,,,,,,,,,,,,,,,,,,,,,689.2836600278588,,689.2836908185145,689.2836976608796,689.3119731733586,690.2953128643912,690.3119777349366,691.2953194216625,691.2953194216625,691.6119816122791,691.5289275330597,691.528935515822,691.6119816122791,691.6119816122791,691.6119816122791,691.6119816122791,691.6119816122791,691.6119816122791,0.07834524760619388,692.0961731780353,[192.0],[20.0],[1],[0],[0],[0.4832878030829306],692.0970016746705,692.1001614228499,None,,,,,,,,,,,,,ED23,001,2024-01-26_17h32.04.562,rating,2023.2.3,59.99692109293908,2024-01-26 17h32.35.906989 +0800,
neg_186.jpg,0,212,212,96,692.1286547506843,,,,,,,,,,,,,,,,,,,,,,,692.1003926378417,,692.1004228582951,692.1004297006639,692.1286547506843,693.1120035648728,693.1286898178168,694.1120035648728,694.1120035648728,694.4286768743386,694.3455908640735,694.3455982766372,694.4286768743386,694.4286768743386,694.4286768743386,694.4286768743386,694.4286768743386,694.4286768743386,0.07830533379456028,695.4295227619896,[-317.0],[112.0],[1],[0],[0],[0.9999589457947877],695.4302933836025,695.4335149981835,None,,,,,,,,,,,,,ED23,001,2024-01-26_17h32.04.562,rating,2023.2.3,59.99692109293908,2024-01-26 17h32.35.906989 +0800,
neg_133.jpg,0,213,213,38,695.4620165938813,,,,,,,,,,,,,,,,,,,,,,,695.4337225499894,,695.4337502045582,695.4337564767284,695.4620165938813,696.4454164407271,696.4620673414374,697.44535714021,697.44535714021,697.7620330155642,697.6788965428368,697.6789045255991,697.7620330155642,697.7620330155642,697.7620330155642,697.7620330155642,697.7620330155642,697.7620330155642,0.07833555425168015,698.6796272506417,[-297.0],[-35.0],[1],[0],[0],[0.9166708005977853],698.68048169125,698.6836864850138,None,,,,,,,,,,,,,ED23,001,2024-01-26_17h32.04.562,rating,2023.2.3,59.99692109293908,2024-01-26 17h32.35.906989 +0800,
neu_162.jpg,0,214,214,262,698.7120358380398,,,,,,,,,,,,,,,,,,,,,,,698.683895747412,,698.6839231168797,698.6839293890498,698.7120358380398,699.695376669466,699.7120389741231,700.6953837969322,700.6953837969322,701.0120573914955,700.92901699701,700.9290249797723,701.0120573914955,701.0120573914955,701.0120573914955,701.0120573914955,701.0120573914955,701.0120573914955,0.07819129434210481,701.8463406734827,[150.0],[20.0],[1],[0],[0],[0.833335614122916],701.8471526343983,701.8503106719854,None,,,,,,,,,,,,,ED23,001,2024-01-26_17h32.04.562,rating,2023.2.3,59.99692109293908,2024-01-26 17h32.35.906989 +0800,
neg_72.jpg,0,215,215,162,701.8787176149326,,,,,,,,,,,,,,,,,,,,,,,701.850657922123,,701.8506889978726,701.8506961253388,701.8787176149326,702.8620966495782,702.8787427036132,703.8620832499419,703.8620832499419,704.1787748057195,704.0956146698063,704.0956226525686,704.1787748057195,704.1787748057195,704.1787748057195,704.1787748057195,704.1787748057195,704.1787748057195,0.07814852954470553,705.3464447344868,[-189.0],[19.0],[1],[0],[0],[1.1667846975033171],705.3472532742144,705.3504207200585,None,,,,,,,,,,,,,ED23,001,2024-01-26_17h32.04.562,rating,2023.2.3,59.99692109293908,2024-01-26 17h32.35.906989 +0800,
neg_178.jpg,0,216,216,87,705.3787806217315,,,,,,,,,,,,,,,,,,,,,,,705.350652505249,,705.3506830108036,705.3506898531687,705.3787806217315,706.3620920880003,706.3787572436431,707.3620952240835,707.3620952240835,707.6787719547337,707.5956525879246,707.5956602855895,707.6787719547337,707.6787719547337,707.6787719547337,707.6787719547337,707.6787719547337,707.6787719547337,0.07813855109270662,708.6796919680291,[-310.0],[57.0],[1],[0],[0],[1.0000131145352498],708.6805218901591,708.6836756512657,None,,,,,,,,,,,,,ED23,001,2024-01-26_17h32.04.562,rating,2023.2.3,59.99692109293908,2024-01-26 17h32.35.906989 +0800,
neu_157.jpg,0,217,217,256,708.712136762957,,,,,,,,,,,,,,,,,,,,,,,708.6838849136639,,708.6839131384277,708.6839194105978,708.712136762957,709.6954539311973,709.7121196570388,710.6954821559611,710.6954821559611,711.0121280959593,710.929060902201,710.9290700253569,711.0121280959593,711.0121280959593,711.0121280959593,711.0121280959593,711.0121280959593,711.0121280959593,0.07827026666564052,712.0130501049443,[182.0],[20.0],[1],[0],[0],[1.0000379181183234],712.0138600701703,712.0170149716705,None,,,,,,,,,,,,,ED23,001,2024-01-26_17h32.04.562,rating,2023.2.3,59.99692109293908,2024-01-26 17h32.35.906989 +0800,
neu_181.jpg,0,218,218,283,712.0455102951983,,,,,,,,,,,,,,,,,,,,,,,712.0172456164673,,712.0172758369208,712.0172826792896,712.0455102951983,713.0288012343644,713.045503737927,714.0288100724229,714.0288100724229,714.3454811010979,714.2623546068226,714.2623625895849,714.3454811010979,714.3454811010979,714.3454811010979,714.3454811010979,714.3454811010979,714.3454811010979,0.07825629683065927,715.0132066240967,[126.0],[10.0],[1],[0],[0],[0.6668186242386582],715.0140074661631,715.017158376284,None,,,,,,,,,,,,,ED23,001,2024-01-26_17h32.04.562,rating,2023.2.3,59.99692109293908,2024-01-26 17h32.35.906989 +0800,
neg_35.jpg,0,219,219,121,715.0454869171099,,,,,,,,,,,,,,,,,,,,,,,715.0173887359833,,715.0174192415343,715.017426083903,715.0454869171099,716.0288254677489,716.0455214140438,717.0288300293269,717.0288300293269,717.345501913298,717.2624170434265,717.2624250261852,717.345501913298,717.345501913298,717.345501913298,717.345501913298,717.345501913298,717.345501913298,0.07813570010694093,718.4297690872099,[-325.0],[21.0],[1],[0],[0],[1.083377095972537],718.4306095579905,718.4337422217959,None,,,,,,,,,,,,,ED23,001,2024-01-26_17h32.04.562,rating,2023.2.3,59.99692109293908,2024-01-26 17h32.35.906989 +0800,
neu_12.jpg,0,220,220,215,718.462185657374,,,,,,,,,,,,,,,,,,,,,,,718.4339722963978,,718.4340025168513,718.43400935922,718.462185657374,719.4455150848535,719.4621793852039,720.4455193613339,720.4455193613339,720.762194381392,720.6790875589231,720.6790955416855,720.762194381392,720.762194381392,720.762194381392,720.762194381392,720.762194381392,720.762194381392,0.07824346739289467,721.5965877114522,[205.0],[6.0],[1],[0],[0],[0.8334479429868225],721.597455836798,721.6006056065216,None,,,,,,,,,,,,,ED23,001,2024-01-26_17h32.04.562,rating,2023.2.3,59.99692109293908,2024-01-26 17h32.35.906989 +0800,
neu_112.jpg,0,221,221,207,721.6289005057097,,,,,,,,,,,,,,,,,,,,,,,721.6008339705277,,721.6008644760823,721.6008710333535,721.6289005057097,722.6122196696397,722.628904497089,723.6122108315813,723.6122108315813,723.9288915536108,723.8458312022212,723.845839470081,723.9288915536108,723.9288915536108,723.9288915536108,723.9288915536108,723.9288915536108,723.9288915536108,0.0780795356768067,724.3465268428936,[252.0],[22.0],[1],[0],[0],[0.41673466268912307],724.3473787176172,724.3505045390575,None,,,,,,,,,,,,,ED23,001,2024-01-26_17h32.04.562,rating,2023.2.3,59.99692109293908,2024-01-26 17h32.35.906989 +0800,
neu_164.jpg,0,222,222,264,724.3788872486202,,,,,,,,,,,,,,,,,,,,,,,724.3507354689518,,724.3507662596039,724.350773101969,724.3788872486202,725.3622260843604,725.3789168988787,726.3622297906422,726.3622297906422,726.6788999640212,726.5958156643446,726.5958239322081,726.6788999640212,726.6788999640212,726.6788999640212,726.6788999640212,726.6788999640212,726.6788999640212,0.07818473707084195,729.5133443267387,[279.0],[29.0],[1],[0],[0],[2.833531761982158],729.514165125709,729.5172923726441,None,,,,,,,,,,,,,ED23,001,2024-01-26_17h32.04.562,rating,2023.2.3,59.99692109293908,2024-01-26 17h32.35.906989 +0800,
neu_128.jpg,0,223,223,224,729.5455921185076,,,,,,,,,,,,,,,,,,,,,,,729.5175190260579,,729.5175509571036,729.5175577994723,729.5455921185076,730.5289597492065,730.5455918334064,731.528931524439,731.528931524439,731.8456168080465,731.7624945902553,731.7625028581151,731.8456168080465,731.8456168080465,731.8456168080465,731.8456168080465,731.8456168080465,731.8456168080465,0.07812030478089582,732.4300513348626,[278.0],[38.0],[1],[0],[0],[0.5834717487196031],732.4308461898563,732.4339469226161,None,,,,,,,,,,,,,ED23,001,2024-01-26_17h32.04.562,rating,2023.2.3,59.99692109293908,2024-01-26 17h32.35.906989 +0800,
neg_78.jpg,0,224,224,168,732.4622900034719,,,,,,,,,,,,,,,,,,,,,,,732.4341747164272,,732.4342055070792,732.434212349448,732.4622900034719,733.4456108779978,733.4622780293303,734.4456188607564,734.4456188607564,734.762289034139,734.6791862030495,734.679194470913,734.762289034139,734.762289034139,734.762289034139,734.762289034139,734.762289034139,734.762289034139,0.07813997658740846,735.5132636438229,[-314.0],[19.0],[1],[0],[0],[0.7500320735962305],735.5141688319909,735.5173838893043,None,,,,,,,,,,,,,ED23,001,2024-01-26_17h32.04.562,rating,2023.2.3,59.99692109293908,2024-01-26 17h32.35.906989 +0800,
neg_86.jpg,0,225,225,177,735.5456266154415,,,,,,,,,,,,,,,,,,,,,,,735.5177185951015,,735.5177502410497,735.517757368516,735.5456266154415,736.5289643107844,736.5456294664273,737.5289762849261,737.5289762849261,737.8456624238297,737.7625211044269,737.7625288020918,737.8456624238297,737.8456624238297,737.8456624238297,737.8456624238297,737.8456624238297,737.8456624238297,0.07796635152044473,738.2632720542333,[-312.0],[-30.0],[1],[0],[0],[0.4166405801443034],738.2640737515958,738.2672742688792,None,,,,,,,,,,,,,ED23,001,2024-01-26_17h32.04.562,rating,2023.2.3,59.99692109293908,2024-01-26 17h32.35.906989 +0800,
neg_146.jpg,0,226,226,52,738.2956492807807,,,,,,,,,,,,,,,,,,,,,,,738.2675069093657,,738.2675377000178,738.2675445423865,738.2956492807807,739.2789886867158,739.2956666718001,740.2789884016183,740.2789884016183,740.5957130288389,740.5125309403284,740.5125386379932,740.5957130288389,740.5957130288389,740.5957130288389,740.5957130288389,740.5957130288389,740.5957130288389,0.07822721677075606,742.0967003254136,[-258.0],[-28.0],[1],[0],[0],[1.5000156804235303],742.0975821354932,742.1006988337776,None,,,,,,,,,,,,,ED23,001,2024-01-26_17h32.04.562,rating,2023.2.3,59.99692109293908,2024-01-26 17h32.35.906989 +0800,
neu_18.jpg,0,227,227,281,742.1290108388803,,,,,,,,,,,,,,,,,,,,,,,742.1009069557786,,742.1009346103474,742.1009408825175,742.1290108388803,743.1123456832374,743.1290071325984,744.1123485342232,744.1123485342232,744.4290221287865,744.3458973451034,744.3459056129668,744.4290221287865,744.4290221287865,744.4290221287865,744.4290221287865,744.4290221287865,744.4290221287865,0.07814140207847231,745.763382672505,[326.0],[24.0],[1],[0],[0],[1.333381229902443],745.7642736057405,745.7673977165887,None,,,,,,,,,,,,,ED23,001,2024-01-26_17h32.04.562,rating,2023.2.3,59.99692109293908,2024-01-26 17h32.35.906989 +0800,
neg_183.jpg,0,228,228,93,745.7956974624522,,,,,,,,,,,,,,,,,,,,,,,745.7676323527648,,745.7676622881208,745.7676691304896,745.7956974624522,746.7790314515132,746.7956934710692,747.7790511233161,747.7790511233161,748.0957133139364,748.0126315801481,748.0126404182065,748.0957133139364,748.0957133139364,748.0957133139364,748.0957133139364,748.0957133139364,748.0957133139364,0.07810547965345904,748.8466899193136,[-180.0],[-15.0],[1],[0],[0],[0.7500149676816363],748.84749076138,748.8505803752942,None,,,,,,,,,,,,,ED23,001,2024-01-26_17h32.04.562,rating,2023.2.3,59.99692109293908,2024-01-26 17h32.35.906989 +0800,
neg_9.jpg,0,229,229,181,748.8790782647065,,,,,,,,,,,,,,,,,,,,,,,748.850811020091,,748.8508406703459,748.8508475127146,748.8790782647065,749.8623914415675,749.8790719925364,750.8623954329469,750.8623954329469,751.1791018138556,751.0960138078972,751.0960223608581,751.1791018138556,751.1791018138556,751.1791018138556,751.1791018138556,751.1791018138556,751.1791018138556,0.07831303145940183,751.6801102077279,[-192.0],[-12.0],[1],[0],[0],[0.5000293651573884],751.6809885966268,751.684218764165,None,,,,,,,,,,,,,ED23,001,2024-01-26_17h32.04.562,rating,2023.2.3,59.99692109293908,2024-01-26 17h32.35.906989 +0800,
neu_72.jpg,0,230,230,354,751.7124138788295,,,,,,,,,,,,,,,,,,,,,,,751.6844499791605,,751.6844799145165,751.6844867568852,751.7124138788295,752.6957430212151,752.7124315549463,753.6957478678905,753.6957478678905,754.0124234581435,753.9292818536433,753.9292901215031,754.0124234581435,754.0124234581435,754.0124234581435,754.0124234581435,754.0124234581435,754.0124234581435,0.07799942295969231,754.6800568942836,[336.0],[67.0],[1],[0],[0],[0.6666318846328068],754.6809190325566,754.6840206206161,None,,,,,,,,,,,,,ED23,001,2024-01-26_17h32.04.562,rating,2023.2.3,59.99692109293908,2024-01-26 17h32.35.906989 +0800,
neu_158.jpg,0,231,231,257,754.7124540777386,,,,,,,,,,,,,,,,,,,,,,,754.6842555418898,,754.6842863325419,754.6842931749106,754.7124540777386,755.6957661142023,755.7124278486644,756.69577267147,756.69577267147,757.0124419895565,756.9293072274213,756.9293154952811,757.0124419895565,757.0124419895565,757.0124419895565,757.0124419895565,757.0124419895565,757.0124419895565,0.07820840026033693,758.0134543748118,[312.0],[93.0],[1],[0],[0],[1.0000382032158086],758.0143324786095,758.0174594404434,None,,,,,,,,,,,,,ED23,001,2024-01-26_17h32.04.562,rating,2023.2.3,59.99692109293908,2024-01-26 17h32.35.906989 +0800,
neu_159.jpg,0,232,232,258,758.0458107891591,,,,,,,,,,,,,,,,,,,,,,,758.0176920809299,,758.0177217311884,758.0177288586547,758.0458107891591,759.0291216852293,759.045785415381,760.029129097793,760.029129097793,760.3457978456809,760.2626847510455,760.2626921636092,760.3457978456809,760.3457978456809,760.3457978456809,760.3457978456809,760.3457978456809,760.3457978456809,0.07812857264070772,761.680313483057,[-145.0],[-9.0],[1],[0],[0],[1.3335058180091437],761.6811556644261,761.684232734,None,,,,,,,,,,,,,ED23,001,2024-01-26_17h32.04.562,rating,2023.2.3,59.99692109293908,2024-01-26 17h32.35.906989 +0800,
neu_8.jpg,0,233,233,362,761.7124820174049,,,,,,,,,,,,,,,,,,,,,,,761.6844608129086,,761.6844913184632,761.6844981608283,761.7124820174049,762.6958197127478,762.7125033998036,763.6958157213649,763.6958157213649,764.0124887457332,763.9294383727956,763.9294466406554,764.0124887457332,764.0124887457332,764.0124887457332,764.0124887457332,764.0124887457332,764.0124887457332,0.07805473209737102,765.1802022945867,[162.0],[-6.0],[1],[0],[0],[1.1667325244525273],765.1810863854571,765.1842107814064,None,,,,,,,,,,,,,ED23,001,2024-01-26_17h32.04.562,rating,2023.2.3,59.99692109293908,2024-01-26 17h32.35.906989 +0800,
neg_158.jpg,0,234,234,65,765.2124976978284,,,,,,,,,,,,,,,,,,,,,,,765.1844522599476,,765.1844833357009,765.1844904631671,765.2124976978284,766.1958339676767,766.2125031147025,767.195847367313,767.195847367313,767.5125181108906,767.4294232625671,767.4294312453294,767.5125181108906,767.5125181108906,767.5125181108906,767.5125181108906,767.5125181108906,767.5125181108906,0.07808609294443158,768.9302275258178,[-389.0],[155.0],[1],[0],[0],[1.416734377591638],768.9311176037572,768.9342536887507,None,,,,,,,,,,,,,ED23,001,2024-01-26_17h32.04.562,rating,2023.2.3,59.99692109293908,2024-01-26 17h32.35.906989 +0800,
neu_30.jpg,0,235,235,308,768.9625240694531,,,,,,,,,,,,,,,,,,,,,,,768.9344897504179,,768.9345205410737,768.9345276685362,768.9625240694531,769.9459116570561,769.9625292012297,770.9458928405456,770.9458928405456,771.2625652947154,771.1794416514294,771.1794510596828,771.2625652947154,771.2625652947154,771.2625652947154,771.2625652947154,771.2625652947154,771.2625652947154,0.07809835218722583,773.0135897966629,[297.0],[34.0],[1],[0],[0],[1.7500392010624637],773.0144830106892,773.0176088321296,None,,,,,,,,,,,,,ED23,001,2024-01-26_17h32.04.562,rating,2023.2.3,59.99692109293908,2024-01-26 17h32.35.906989 +0800,
neu_10.jpg,0,236,236,193,773.0458857700996,,,,,,,,,,,,,,,,,,,,,,,773.0178394769227,,773.0178702675785,773.0178771099436,773.0458857700996,774.0292260313308,774.0459148501595,775.0292297376127,775.0292297376127,775.3459024768799,775.2628022116824,775.2628101944447,775.3459024768799,775.3459024768799,775.3459024768799,775.3459024768799,775.3459024768799,775.3459024768799,0.07808694824052509,776.346923129995,[359.0],[86.0],[1],[0],[0],[1.000035352233681],776.3478248969786,776.351000040484,None,,,,,,,,,,,,,ED23,001,2024-01-26_17h32.04.562,rating,2023.2.3,59.99692109293908,2024-01-26 17h32.35.906989 +0800,
neu_136.jpg,0,237,237,233,776.3792467580006,,,,,,,,,,,,,,,,,,,,,,,776.351207022095,,776.3512343915627,776.3512406637328,776.3792467580006,777.3625813172603,777.379280969837,778.362588729824,778.362588729824,778.6793008127042,778.5961723227392,778.5961803055015,778.6793008127042,778.6793008127042,778.6793008127042,778.6793008127042,778.6793008127042,778.6793008127042,0.07812258557169116,780.0136565097437,[344.0],[16.0],[1],[0],[0],[1.3333230697826366],780.01454972377,780.017678966391,None,,,,,,,,,,,,,ED23,001,2024-01-26_17h32.04.562,rating,2023.2.3,59.99692109293908,2024-01-26 17h32.35.906989 +0800,
neu_42.jpg,0,238,238,321,780.0459655977193,,,,,,,,,,,,,,,,,,,,,,,780.017909896289,,780.0179406869411,780.0179475293062,780.0459655977193,781.0292887530322,781.0459519129854,782.0292804851688,782.0292804851688,782.3459515138475,782.2628119050369,782.2628196026981,782.3459515138475,782.3459515138475,782.3459515138475,782.3459515138475,782.3459515138475,782.3459515138475,0.0781012031766295,783.0970076617396,[326.0],[62.0],[1],[0],[0],[0.750010976298654],783.0979293856308,783.1010677514114,None,,,,,,,,,,,,,ED23,001,2024-01-26_17h32.04.562,rating,2023.2.3,59.99692109293908,2024-01-26 17h32.35.906989 +0800,
neg_53.jpg,0,239,239,141,783.1292870994566,,,,,,,,,,,,,,,,,,,,,,,783.101302672685,,783.1013334633371,783.1013403057059,783.1292870994566,784.1126285010814,784.1292942269229,785.1126342030566,785.1126342030566,785.4293357372862,785.3461975539667,785.346205536729,785.4293357372862,785.4293357372862,785.4293357372862,785.4293357372862,785.4293357372862,785.4293357372862,0.07805644268955803,786.1803399972287,[-230.0],[-26.0],[1],[0],[0],[0.7499887386038608],786.1811924421509,787.5464439932275,space,786.1959745213044,786.1959745213044,1.3472786479942442,None,,,,,,,,,ED23,001,2024-01-26_17h32.04.562,rating,2023.2.3,59.99692109293908,2024-01-26 17h32.35.906989 +0800,
neu_25.jpg,0,240,240,302,787.5626686714804,,,,,,,,,,,,,,,,,,,,,,,787.5467826904078,787.5626686714804,788.5461805620889,788.5461876895552,788.5793264145595,789.545998384061,789.5793309761375,790.5460032307401,790.5460032307401,790.8626893696401,790.7796093464476,790.7796170441088,790.8626893696401,790.8626893696401,790.8626893696401,790.8626893696401,790.8626893696401,790.8626893696401,0.06611023965888307,791.8637114482499,[114.0],[22.0],[1],[0],[0],[0.9999640775713488],791.8645698802411,791.8677458790426,None,,,,,788.5793264145595,,,,,,,,ED23,001,2024-01-26_17h32.04.562,rating,2023.2.3,59.99692109293908,2024-01-26 17h32.35.906989 +0800,
neg_154.jpg,0,241,241,61,791.8960239574099,,,,,,,,,,,,,,,,,,,,,,,791.8679779493305,,791.8680095952786,791.8680164376474,791.8960239574099,792.8793607974567,792.8960211064241,793.8793602272581,793.8793602272581,794.1960329665253,794.1128942130108,794.1129021957731,794.1960329665253,794.1960329665253,794.1960329665253,794.1960329665253,794.1960329665253,794.1960329665253,0.07807525919633918,794.613772031711,[-345.0],[89.0],[1],[0],[0],[0.4166933233864256],794.6146977469816,794.6178483720014,None,,,,,,,,,,,,,ED23,001,2024-01-26_17h32.04.562,rating,2023.2.3,59.99692109293908,2024-01-26 17h32.35.906989 +0800,
neg_60.jpg,0,242,242,149,794.6460363591996,,,,,,,,,,,,,,,,,,,,,,,794.6180764509099,,794.6181066713671,794.6181137988333,794.6460363591996,795.62937433964,795.6460369293982,796.6293777608244,796.6293777608244,796.9460599083486,796.8629160230576,796.8629240058199,796.9460599083486,796.9460599083486,796.9460599083486,796.9460599083486,796.9460599083486,796.9460599083486,0.07800626532844035,797.4471059352418,[-366.0],[23.0],[1],[0],[0],[0.5000302204571199],797.4479629417383,797.4510950353488,None,,,,,,,,,,,,,ED23,001,2024-01-26_17h32.04.562,rating,2023.2.3,59.99692109293908,2024-01-26 17h32.35.906989 +0800,
neu_115.jpg,0,243,243,210,797.4793879388471,,,,,,,,,,,,,,,,,,,,,,,797.4513231142573,,797.4513536198119,797.4513604621807,797.4793879388471,798.4627230683018,798.4793896494393,799.4627558546435,799.4627558546435,799.7794043605263,799.6963075165131,799.6963152141743,799.7794043605263,799.7794043605263,799.7794043605263,799.7794043605263,799.7794043605263,799.7794043605263,0.07810205846908502,800.7804498172245,[159.0],[13.0],[1],[0],[0],[1.000030505554605],800.7813065386235,800.7844326451614,None,,,,,,,,,,,,,ED23,001,2024-01-26_17h32.04.562,rating,2023.2.3,59.99692109293908,2024-01-26 17h32.35.906989 +0800,
neg_40.jpg,0,244,244,127,800.8127443651701,,,,,,,,,,,,,,,,,,,,,,,800.7846404820684,,800.7846684217348,800.7846746939049,800.8127443651701,801.796102587612,801.8127469310548,802.796087192286,802.796087192286,803.1127605017518,803.0296348627726,803.0296422753399,803.1127605017518,803.1127605017518,803.1127605017518,803.1127605017518,803.1127605017518,803.1127605017518,0.07814653385503334,803.7804643572545,[-294.0],[48.0],[1],[0],[0],[0.6666789259070356],803.7813538649989,803.784462580521,None,,,,,,,,,,,,,ED23,001,2024-01-26_17h32.04.562,rating,2023.2.3,59.99692109293908,2024-01-26 17h32.35.906989 +0800,
neg_110.jpg,0,245,245,13,803.8127606157923,,,,,,,,,,,,,,,,,,,,,,,803.7846903743284,,803.7847217351791,803.7847288626454,803.8127606157923,804.7961003068249,804.8127999594017,805.796126535899,805.796126535899,806.1127804586558,806.0296622322439,806.0296702150063,806.1127804586558,806.1127804586558,806.1127804586558,806.1127804586558,806.1127804586558,806.1127804586558,0.07811118162499042,806.9471814863809,[-296.0],[-6.0],[1],[0],[0],[0.8333467329684936],806.948128013848,806.9512729368998,None,,,,,,,,,,,,,ED23,001,2024-01-26_17h32.04.562,rating,2023.2.3,59.99692109293908,2024-01-26 17h32.35.906989 +0800,
neu_131.jpg,0,246,246,228,806.9794882935657,,,,,,,,,,,,,,,,,,,,,,,806.9516141999648,,806.951645275718,806.9516521180831,806.9794882935657,807.9627932025633,807.9795045441879,808.9627969088488,808.9627969088488,809.2795072811332,809.1963984629783,809.196406445737,809.2795072811332,809.2795072811332,809.2795072811332,809.2795072811332,809.2795072811332,809.2795072811332,0.07791674435793539,810.447222255485,[170.0],[19.0],[1],[0],[0],[1.1666603944941016],810.4480923765204,810.4512296019075,None,,,,,,,,,,,,,ED23,001,2024-01-26_17h32.04.562,rating,2023.2.3,59.99692109293908,2024-01-26 17h32.35.906989 +0800,
neg_190.jpg,0,247,247,101,810.4794925700462,,,,,,,,,,,,,,,,,,,,,,,810.4514613870979,,810.4514924628475,810.4514993052162,810.4794925700462,811.4628188614424,811.479510816358,812.4628242783165,812.4628242783165,812.779495021894,812.6964127179072,812.6964218410667,812.779495021894,812.779495021894,812.779495021894,812.779495021894,812.779495021894,812.779495021894,0.07805644268592005,813.4472105664408,[-331.0],[110.0],[1],[0],[0],[0.6667034443889861],813.4480769811944,813.4512817749546,None,,,,,,,,,,,,,ED23,001,2024-01-26_17h32.04.562,rating,2023.2.3,59.99692109293908,2024-01-26 17h32.35.906989 +0800,
neg_5.jpg,0,248,248,137,813.4795256414855,,,,,,,,,,,,,,,,,,,,,,,813.4515112793579,,813.4515426402086,813.4515491974762,813.4795256414855,814.4628362524581,814.4794991273138,815.462849937192,815.462849937192,815.7795192552785,815.6964352406994,815.6964435085629,815.7795192552785,815.7795192552785,815.7795192552785,815.7795192552785,815.7795192552785,815.7795192552785,0.07803192420396954,816.363964615839,[-205.0],[-31.0],[1],[0],[0],[0.583399048569845],816.3648763612746,816.3681233496372,None,,,,,,,,,,,,,ED23,001,2024-01-26_17h32.04.562,rating,2023.2.3,59.99692109293908,2024-01-26 17h32.35.906989 +0800,
neu_53.jpg,0,249,249,333,816.3961930208989,,,,,,,,,,,,,,,,,,,,,,,816.3683539944304,,816.3683850701836,816.368393052946,816.3961930208989,817.3795689194612,817.396184753039,818.379537843708,818.379537843708,818.7129444473921,818.613108322088,818.6131163048503,818.7129444473921,818.7129444473921,818.7129444473921,818.7129444473921,818.7129444473921,818.7129444473921,0.09461582673611701,819.7139274674864,[197.0],[-14.0],[1],[0],[0],[0.9999424100751639],819.7148241026971,819.7179539155168,None,,,,,,,,,,,,,ED23,001,2024-01-26_17h32.04.562,rating,2023.2.3,59.99692109293908,2024-01-26 17h32.35.906989 +0800,
neg_52.jpg,0,250,250,140,819.7462077604996,,,,,,,,,,,,,,,,,,,,,,,819.7181634630124,,819.7181908324837,819.7181971046539,819.7462077604996,820.7295517280127,820.7462100412868,821.7295494472219,821.7295494472219,822.0462512665526,821.9630859988629,821.9630939816252,822.0462512665526,822.0462512665526,822.0462512665526,822.0462512665526,822.0462512665526,822.0462512665526,0.0781160283004283,822.7973929440359,[-172.0],[-4.0],[1],[0],[0],[0.7500471838247904],822.7982667713568,822.801360946849,None,,,,,,,,,,,,,ED23,001,2024-01-26_17h32.04.562,rating,2023.2.3,59.99692109293908,2024-01-26 17h32.35.906989 +0800,
neg_34.jpg,0,251,251,120,822.82955406582,,,,,,,,,,,,,,,,,,,,,,,822.8015938724329,,822.8016240928864,822.8016309352552,822.82955406582,823.8129074415865,823.8295668952578,824.8129362365489,824.8129362365489,825.1295801808574,825.046433729678,825.0464417124404,825.1295801808574,825.1295801808574,825.1295801808574,825.1295801808574,825.1295801808574,825.1295801808574,0.07801111200387822,825.9640048717647,[-200.0],[-17.0],[1],[0],[0],[0.8333250654723088],825.964888107339,825.9679597600389,None,,,,,,,,,,,,,ED23,001,2024-01-26_17h32.04.562,rating,2023.2.3,59.99692109293908,2024-01-26 17h32.35.906989 +0800,
neg_172.jpg,0,252,252,81,825.996290011457,,,,,,,,,,,,,,,,,,,,,,,825.9681872687488,,825.9682180594009,825.9682249017696,825.996290011457,826.9795897886816,826.9962672035635,827.9796009075271,827.9796009075271,828.2963018715582,828.2131562756786,828.2131645435384,828.2963018715582,828.2963018715582,828.2963018715582,828.2963018715582,828.2963018715582,828.2963018715582,0.0781385510963446,829.2140703019013,[-316.0],[51.0],[1],[0],[0],[0.9166933233900636],829.2149498311937,829.2180625380952,None,,,,,,,,,,,,,ED23,001,2024-01-26_17h32.04.562,rating,2023.2.3,59.99692109293908,2024-01-26 17h32.35.906989 +0800,
neg_175.jpg,0,253,253,84,829.2462867328231,,,,,,,,,,,,,,,,,,,,,,,829.2182900468088,,829.2183205523634,829.2183276798296,829.2462867328231,830.2296101732336,830.2462798904544,831.2296480913519,831.2296480913519,831.5462903250645,831.4633060950091,831.4633140777714,831.5462903250645,831.5462903250645,831.5462903250645,831.5462903250645,831.5462903250645,831.5462903250645,0.07802280105170212,833.1307014737886,[-232.0],[63.0],[1],[0],[0],[1.5833810873555194],833.1316092278448,833.1347704015152,None,,,,,,,,,,,,,ED23,001,2024-01-26_17h32.04.562,rating,2023.2.3,59.99692109293908,2024-01-26 17h32.35.906989 +0800,
neu_76.jpg,0,254,254,358,833.1629649459846,,,,,,,,,,,,,,,,,,,,,,,833.135001046312,,833.1350318369641,833.1350386793329,833.1629649459846,834.1463357127668,834.1629769201263,835.1463103389888,835.1463103389888,835.4629847888482,835.3798791067766,835.3798873746364,835.4629847888482,835.4629847888482,835.4629847888482,835.4629847888482,835.4629847888482,835.4629847888482,0.07800740572201903,835.9640778570156,[221.0],[52.0],[1],[0],[0],[0.49998032819348737],835.964997300116,835.9681772902968,None,,,,,,,,,,,,,ED23,001,2024-01-26_17h32.04.562,rating,2023.2.3,59.99692109293908,2024-01-26 17h32.35.906989 +0800,
neg_95.jpg,0,255,255,187,835.996345320591,,,,,,,,,,,,,,,,,,,,,,,835.968407364895,,835.9684378704496,835.9684447128184,835.996345320591,836.979689288104,836.9963284997702,837.9796929943859,837.9796929943859,838.2963614571727,838.2131887769228,838.2131967596852,838.2963614571727,838.2963614571727,838.2963614571727,838.2963614571727,838.2963614571727,838.2963614571727,0.07798288724006852,839.63079954772,[-184.0],[26.0],[1],[0],[0],[1.3333601326048665],839.6317526324583,839.6348992660987,None,,,,,,,,,,,,,ED23,001,2024-01-26_17h32.04.562,rating,2023.2.3,59.99692109293908,2024-01-26 17h32.35.906989 +0800,
neg_50.jpg,0,256,256,138,839.663012842555,,,,,,,,,,,,,,,,,,,,,,,839.635128770502,,839.6351601313527,839.6351672588189,839.663012842555,840.6463522484864,840.6630350802461,841.6463590908552,841.6463590908552,841.9630432340691,841.8799033401574,841.8799113229197,841.9630432340691,841.9630432340691,841.9630432340691,841.9630432340691,841.9630432340691,841.9630432340691,0.0779375565580267,842.5474503914138,[-287.0],[62.0],[1],[0],[0],[0.5833337609838054],842.5483567199753,842.551475984148,None,,,,,,,,,,,,,ED23,001,2024-01-26_17h32.04.562,rating,2023.2.3,59.99692109293908,2024-01-26 17h32.35.906989 +0800,
neg_26.jpg,0,257,257,111,842.5796964725905,,,,,,,,,,,,,,,,,,,,,,,842.5517049183527,,842.5517348537087,842.5517416960738,842.5796964725905,843.5630464271726,843.5797038851542,844.5630584013143,844.5630584013143,844.8796424749071,844.79659637845,844.7966140545668,844.8796424749071,844.8796424749071,844.8796424749071,844.8796424749071,844.8796424749071,844.8796424749071,0.07796178993885405,845.5474817522609,[-277.0],[-9.0],[1],[0],[0],[0.6667941057567077],845.5483706898067,845.5515227403248,None,,,,,,,,,,,,,ED23,001,2024-01-26_17h32.04.562,rating,2023.2.3,59.99692109293908,2024-01-26 17h32.35.906989 +0800,
neu_50.jpg,0,258,258,330,845.5797235569607,,,,,,,,,,,,,,,,,,,,,,,845.5517556659088,,845.5517858863623,845.5517924436335,845.5797235569607,846.5630883366739,846.5797278334376,847.563089762165,847.563089762165,847.8964028534956,847.7965966635475,847.7966043612123,847.8964028534956,847.8964028534956,847.8964028534956,847.8964028534956,847.8964028534956,847.8964028534956,0.09466971037909389,848.5641785538555,[238.0],[18.0],[1],[0],[0],[0.6667023039954074],848.565103984025,848.5682346521444,None,,,,,,,,,,,,,ED23,001,2024-01-26_17h32.04.562,rating,2023.2.3,59.99692109293908,2024-01-26 17h32.35.906989 +0800,
neu_185.jpg,0,259,259,287,848.5964126608906,,,,,,,,,,,,,,,,,,,,,,,848.5684627310529,,848.5684929515064,848.5684997938752,848.5964126608906,849.5797415181751,849.5964143714791,850.5797523519232,850.5797523519232,850.9130968041009,850.8133251110903,850.8133330938526,850.9130968041009,850.9130968041009,850.9130968041009,850.9130968041009,850.9130968041009,850.9130968041009,0.09466258291286067,851.4141778981266,[199.0],[22.0],[1],[0],[0],[0.4999934427323751],851.4150671207735,851.4182756208156,None,,,,,,,,,,,,,ED23,001,2024-01-26_17h32.04.562,rating,2023.2.3,59.99692109293908,2024-01-26 17h32.35.906989 +0800,
neu_22.jpg,0,260,260,299,851.4464279706863,,,,,,,,,,,,,,,,,,,,,,,851.4185025593306,,851.4185333499827,851.4185401923514,851.4464279706863,852.4297659511267,852.4464362385461,853.4298189794736,853.4298189794736,853.7631135393913,853.6633030729663,853.663311055725,853.7631135393913,853.7631135393913,853.7631135393913,853.7631135393913,853.7631135393913,853.7631135393913,0.09465003857258125,854.4308915205384,[196.0],[52.0],[1],[0],[0],[0.6666954616266594],854.4317873004529,854.4350265911507,None,,,,,,,,,,,,,ED23,001,2024-01-26_17h32.04.562,rating,2023.2.3,59.99692109293908,2024-01-26 17h32.35.906989 +0800,
neg_81.jpg,0,261,261,172,854.4631130832331,,,,,,,,,,,,,,,,,,,,,,,854.4352361386464,,854.4352643634138,854.435270635584,854.4631130832331,855.4464941135684,855.46311621932,856.4464801437371,856.4464801437371,856.7797983668406,856.6800030106406,856.6800107083054,856.7797983668406,856.7797983668406,856.7797983668406,856.7797983668406,856.7797983668406,856.7797983668406,0.09458788706979249,857.5309830942224,[-215.0],[-15.0],[1],[0],[0],[0.7500625791508355],857.5319567060633,857.535100488718,None,,,,,,,,,,,,,ED23,001,2024-01-26_17h32.04.562,rating,2023.2.3,59.99692109293908,2024-01-26 17h32.35.906989 +0800,
neg_19.jpg,0,262,262,100,857.5631564752457,,,,,,,,,,,,,,,,,,,,,,,857.5353382609774,,857.5353662006437,857.535372757915,857.5631564752457,858.546477634869,858.5631385140314,859.5464819113458,859.5464819113458,859.879814674483,859.7800267308503,859.7800349987101,859.879814674483,859.879814674483,859.879814674483,859.879814674483,859.879814674483,859.879814674483,0.09451632731361315,860.7976104742975,[-198.0],[-13.0],[1],[0],[0],[0.9166431460289459],860.7985869371241,860.80170306521,None,,,,,,,,,,,,,ED23,001,2024-01-26_17h32.04.562,rating,2023.2.3,59.99692109293908,2024-01-26 17h32.35.906989 +0800,
neg_168.jpg,0,263,263,76,860.8298192075508,,,,,,,,,,,,,,,,,,,,,,,860.8019399821769,,860.8019676367421,860.8019736238148,860.8298192075508,861.8131634601614,861.829824909526,862.8131982421964,862.8131982421964,863.1465044911583,863.0467008670985,863.0467082796658,863.1465044911583,863.1465044911583,863.1465044911583,863.1465044911583,863.1465044911583,863.1465044911583,0.09458988275946467,863.8142964421404,[-234.0],[52.0],[1],[0],[0],[0.6667128526460147],863.8152198766202,863.8183670804592,None,,,,,,,,,,,,,ED23,001,2024-01-26_17h32.04.562,rating,2023.2.3,59.99692109293908,2024-01-26 17h32.35.906989 +0800,
neg_62.jpg,0,264,264,151,863.8465154389469,,,,,,,,,,,,,,,,,,,,,,,863.8186031421301,,863.8186313668939,863.818637639064,863.8465154389469,864.8298699551106,864.846516294243,865.8298833547433,865.8298833547433,866.1631981566661,866.0633951028049,866.0634042259608,866.1631981566661,866.1631981566661,866.1631981566661,866.1631981566661,866.1631981566661,866.1631981566661,0.09462095851267804,866.7478456521621,[-310.0],[45.0],[1],[0],[0],[0.5834261329400761],866.7487822011772,866.7519296901137,None,,,,,,,,,,,,,ED23,001,2024-01-26_17h32.04.562,rating,2023.2.3,59.99692109293908,2024-01-26 17h32.35.906989 +0800,
neu_19.jpg,0,265,265,292,866.779905563928,,,,,,,,,,,,,,,,,,,,,,,866.7521731643519,,866.7522050953976,866.7522119377663,866.779905563928,867.76320562625,867.7798784795577,868.7632318553242,868.7632318553242,869.0965520741211,868.9967644155859,868.9967721132471,869.0965520741211,869.0965520741211,869.0965520741211,869.0965520741211,869.0965520741211,869.0965520741211,0.09443621460013674,870.0977363738548,[273.0],[22.0],[1],[0],[0],[1.0000230929872487],870.0986116266668,870.101722622976,None,,,,,,,,,,,,,ED23,001,2024-01-26_17h32.04.562,rating,2023.2.3,59.99692109293908,2024-01-26 17h32.35.906989 +0800,
neu_41.jpg,0,266,266,320,870.129888942678,,,,,,,,,,,,,,,,,,,,,,,870.101931030078,,870.1019589697444,870.101964956817,870.129888942678,871.1132434588417,871.1299026274119,872.1132708283094,872.1132708283094,872.4465708051011,872.3467911293283,872.3467991120906,872.4465708051011,872.4465708051011,872.4465708051011,872.4465708051011,872.4465708051011,872.4465708051011,0.09466714449445135,872.9477456965778,[259.0],[63.0],[1],[0],[0],[0.49999486822343897],872.9487252954914,872.9518605251851,None,,,,,,,,,,,,,ED23,001,2024-01-26_17h32.04.562,rating,2023.2.3,59.99692109293908,2024-01-26 17h32.35.906989 +0800,
neu_149.jpg,0,267,267,247,872.9799128054347,,,,,,,,,,,,,,,,,,,,,,,872.9520963017585,,872.9521242414248,872.9521302284975,872.9799128054347,873.9632641855114,873.9799230689841,874.9632869934012,874.9632869934012,875.2965909615759,875.1967896183032,875.1967981712642,875.2965909615759,875.2965909615759,875.2965909615759,875.2965909615759,875.2965909615759,875.2965909615759,0.09451917829937884,876.1312072387682,[336.0],[56.0],[1],[0],[0],[0.833433688050718],876.1321383709128,876.1352907065248,None,,,,,,,,,,,,,ED23,001,2024-01-26_17h32.04.562,rating,2023.2.3,59.99692109293908,2024-01-26 17h32.35.906989 +0800,
neg_33.jpg,0,268,268,119,876.1632697164259,,,,,,,,,,,,,,,,,,,,,,,876.1354974030382,,876.1355242023074,876.1355304744775,876.1632697164259,877.1465977184143,877.1632796948779,878.1466555934367,878.1466555934367,878.47994673217,878.3801616395231,878.3801696222854,878.47994673217,878.47994673217,878.47994673217,878.47994673217,878.47994673217,878.47994673217,0.09451148063453729,879.89768294637,[-324.0],[48.0],[1],[0],[0],[1.4165835604144377],879.8986562731097,879.9018456715476,None,,,,,,,,,,,,,ED23,001,2024-01-26_17h32.04.562,rating,2023.2.3,59.99692109293908,2024-01-26 17h32.35.906989 +0800,
neu_70.jpg,0,269,269,352,879.9299563970144,,,,,,,,,,,,,,,,,,,,,,,879.9021096728848,,879.9021376125511,879.9021438847212,879.9299563970144,880.9132943774548,880.9299598181988,881.9133003645275,881.9133003645275,882.2466385445387,882.1468634303401,882.1468714131024,882.2466385445387,882.2466385445387,882.2466385445387,882.2466385445387,882.2466385445387,882.2466385445387,0.09456051760207629,883.6644845217106,[233.0],[60.0],[1],[0],[0],[1.4166539797770383],883.6654219260254,885.2137219113702,space,883.6799867600184,883.6799867600184,1.5203286731120897,None,,,,,,,,,ED23,001,2024-01-26_17h32.04.562,rating,2023.2.3,59.99692109293908,2024-01-26 17h32.35.906989 +0800,
neu_153.jpg,0,270,270,252,885.2300076007286,,,,,,,,,,,,,,,,,,,,,,,885.214066310522,885.2300076007286,886.2135745153773,886.2135822130385,886.2466761775595,887.2133592659065,887.2466835901232,888.2133444407755,888.2133444407755,888.5466803399995,888.4468895453774,888.4468975281397,888.5466803399995,888.5466803399995,888.5466803399995,888.5466803399995,888.5466803399995,888.5466803399995,0.08281331342368503,889.3810987587367,[256.0],[80.0],[1],[0],[0],[0.8332765987033781],889.3820130700642,889.3852432376025,None,,,,,886.2466761775595,,,,,,,,ED23,001,2024-01-26_17h32.04.562,rating,2023.2.3,59.99692109293908,2024-01-26 17h32.35.906989 +0800,
neu_23.jpg,0,271,271,300,889.4133525375782,,,,,,,,,,,,,,,,,,,,,,,889.3854778737823,,889.3855095197305,889.3855163620956,889.4133525375782,890.3966925137083,890.4133590948459,891.3966959348927,891.3966959348927,891.7300172940832,891.6302327716312,891.6302410394946,891.7300172940832,891.7300172940832,891.7300172940832,891.7300172940832,891.7300172940832,891.7300172940832,0.09456536427751416,892.1644956405562,[315.0],[88.0],[1],[0],[0],[0.4333017444041616],892.1654897794997,892.1686113244596,None,,,,,,,,,,,,,ED23,001,2024-01-26_17h32.04.562,rating,2023.2.3,59.99692109293908,2024-01-26 17h32.35.906989 +0800,
neg_11.jpg,0,272,272,12,892.1967585425537,,,,,,,,,,,,,,,,,,,,,,,892.1688394033681,,892.168867057937,892.1688733301071,892.1967585425537,893.1800680131328,893.1967132118716,894.180090535925,894.180090535925,894.5133993507752,894.4135971522064,894.4136054200662,894.5133993507752,894.5133993507752,894.5133993507752,894.5133993507752,894.5133993507752,894.5133993507752,0.09458760197230731,895.2644905657999,[-331.0],[-19.0],[1],[0],[0],[0.7499471142036782],895.2654105790989,895.2685868629978,None,,,,,,,,,,,,,ED23,001,2024-01-26_17h32.04.562,rating,2023.2.3,59.99692109293908,2024-01-26 17h32.35.906989 +0800,
neu_188.jpg,0,273,273,290,895.2967303748101,,,,,,,,,,,,,,,,,,,,,,,895.2688169375961,,895.268846872952,895.2688537153208,895.2967303748101,896.2800655042647,896.2967645866429,897.2800903078441,897.2800903078441,897.6134096713449,897.5136225830047,897.5136308508645,897.6134096713449,897.6134096713449,897.6134096713449,897.6134096713449,897.6134096713449,897.6134096713449,0.09462067341519287,899.7145891814198,[251.0],[62.0],[1],[0],[0],[2.0999561518292467],899.7155037778411,899.7186920358854,None,,,,,,,,,,,,,ED23,001,2024-01-26_17h32.04.562,rating,2023.2.3,59.99692109293908,2024-01-26 17h32.35.906989 +0800,
neu_187.jpg,0,274,274,289,899.7467540094858,,,,,,,,,,,,,,,,,,,,,,,899.7189246763719,,899.7189557521215,899.7189625944902,899.7467540094858,900.7301005428872,900.746760281656,901.7301013981796,901.7301013981796,902.0634495566428,901.9636482133737,901.9636564812336,902.0634495566428,902.0634495566428,902.0634495566428,902.0634495566428,902.0634495566428,902.0634495566428,0.09455082424756256,902.6647419657802,[201.0],[63.0],[1],[0],[0],[0.60012920670124],902.6656711022315,902.6688436798486,None,,,,,,,,,,,,,ED23,001,2024-01-26_17h32.04.562,rating,2023.2.3,59.99692109293908,2024-01-26 17h32.35.906989 +0800,
neg_48.jpg,0,275,275,135,902.6967793547537,,,,,,,,,,,,,,,,,,,,,,,902.6690734693493,,902.6691036898028,902.6691105321715,902.6967793547537,903.6801201861799,903.6967856269239,904.6801213265771,904.6801213265771,905.0134922929301,904.9136955112353,904.9137034939977,905.0134922929301,905.0134922929301,905.0134922929301,905.0134922929301,905.0134922929301,905.0134922929301,0.09444134637305979,907.1146384464646,[-277.0],[61.0],[1],[0],[0],[2.0999153827251575],907.1155564640703,907.1187316075757,None,,,,,,,,,,,,,ED23,001,2024-01-26_17h32.04.562,rating,2023.2.3,59.99692109293908,2024-01-26 17h32.35.906989 +0800,
neu_63.jpg,0,276,276,344,907.1468104019968,,,,,,,,,,,,,,,,,,,,,,,907.1189602566792,,907.1189901920388,907.1189973195014,907.1468104019968,908.1301555099035,908.14684261814,909.1301552248024,909.1301552248024,909.4634934048136,909.3636869297679,909.3636946274291,909.4634934048136,909.4634934048136,909.4634934048136,909.4634934048136,909.4634934048136,909.4634934048136,0.09455595602412359,910.664730846931,[223.0],[34.0],[1],[0],[0],[1.2000460149210994],910.665734679229,910.6688949976033,None,,,,,,,,,,,,,ED23,001,2024-01-26_17h32.04.562,rating,2023.2.3,59.99692109293908,2024-01-26 17h32.35.906989 +0800,
neu_170.jpg,0,277,277,271,910.6968272513241,,,,,,,,,,,,,,,,,,,,,,,910.6691250722015,,910.6691555777561,910.6691624201248,910.6968272513241,911.6801752102165,911.6968454976359,912.6801834780799,912.6801834780799,913.0135185220042,912.9137770494472,912.913785317307,913.0135185220042,913.0135185220042,913.0135185220042,913.0135185220042,913.0135185220042,913.0135185220042,0.09441882358078146,913.6147299631248,[253.0],[76.0],[1],[0],[0],[0.600027711589064],913.6156585293811,913.6188088693034,None,,,,,,,,,,,,,ED23,001,2024-01-26_17h32.04.562,rating,2023.2.3,59.99692109293908,2024-01-26 17h32.35.906989 +0800,
neg_43.jpg,0,278,278,130,913.6468768299765,,,,,,,,,,,,,,,,,,,,,,,913.6190369482119,,913.6190671686691,913.6190740110378,913.6468768299765,914.6301945684154,914.646881961753,915.6301931429207,915.6301931429207,915.963566104967,915.863777020937,915.8637850036994,915.963566104967,915.963566104967,915.963566104967,915.963566104967,915.963566104967,915.963566104967,0.09456336858784198,917.2648677512971,[-182.0],[18.0],[1],[0],[0],[1.300125329362345],917.2657900453833,917.2689335429368,None,,,,,,,,,,,,,ED23,001,2024-01-26_17h32.04.562,rating,2023.2.3,59.99692109293908,2024-01-26 17h32.35.906989 +0800,
neg_120.jpg,0,279,279,24,917.2968817621822,,,,,,,,,,,,,,,,,,,,,,,917.269162192044,,917.2691924125011,917.2691992548662,917.2968817621822,918.2802180320341,918.2968848982691,919.2802260147964,919.2802260147964,919.6135670457898,919.5138087524156,919.5138170202754,919.6135670457898,919.6135670457898,919.6135670457898,919.6135670457898,919.6135670457898,919.6135670457898,0.09442965732887387,920.2147924567453,[-321.0],[103.0],[1],[0],[0],[0.5999758236357593],920.2156990704079,920.218871648025,None,,,,,,,,,,,,,ED23,001,2024-01-26_17h32.04.562,rating,2023.2.3,59.99692109293908,2024-01-26 17h32.35.906989 +0800,
neg_150.jpg,0,280,280,57,920.2469002650851,,,,,,,,,,,,,,,,,,,,,,,920.2191020077207,,920.2191322281778,920.2191393556441,920.2469002650851,921.2302493643747,921.2469250686681,922.2302676106865,922.2302676106865,922.563590395368,922.4637842054235,922.4637921881822,922.563590395368,922.563590395368,922.563590395368,922.563590395368,922.563590395368,922.563590395368,0.09451461672142614,923.1648959190406,[-340.0],[118.0],[1],[0],[0],[0.600100411738822],923.1659160019608,923.1690366916246,None,,,,,,,,,,,,,ED23,001,2024-01-26_17h32.04.562,rating,2023.2.3,59.99692109293908,2024-01-26 17h32.35.906989 +0800,
neg_185.jpg,0,281,281,95,923.1969227593672,,,,,,,,,,,,,,,,,,,,,,,923.1692647705331,,923.1692952760877,923.169302403554,923.1969227593672,924.1802875390804,924.1969506990336,925.1802878241779,925.1802878241779,925.5136054770865,925.4138024232252,925.413810691085,925.5136054770865,925.5136054770865,925.5136054770865,925.5136054770865,925.5136054770865,925.5136054770865,0.09436551013277494,926.014906667262,[-347.0],[111.0],[1],[0],[0],[0.5001143245535786],926.0158358037133,926.0190559928033,None,,,,,,,,,,,,,ED23,001,2024-01-26_17h32.04.562,rating,2023.2.3,59.99692109293908,2024-01-26 17h32.35.906989 +0800,
neu_95.jpg,0,282,282,379,926.0470010759618,,,,,,,,,,,,,,,,,,,,,,,926.0192643999053,,926.019291769373,926.0192977564457,926.0470010759618,927.0302703476318,927.0469449115317,928.0302905896369,928.0302905896369,928.363623922969,928.2638493789691,928.2638573617314,928.363623922969,928.363623922969,928.363623922969,928.363623922969,928.363623922969,928.363623922969,0.09438689253511257,930.6648944935496,[332.0],[40.0],[1],[0],[0],[2.3000557652922],930.6658769434453,930.6691002686221,None,,,,,,,,,,,,,ED23,001,2024-01-26_17h32.04.562,rating,2023.2.3,59.99692109293908,2024-01-26 17h32.35.906989 +0800,
neu_33.jpg,0,283,283,311,930.6969658092621,,,,,,,,,,,,,,,,,,,,,,,930.6693320538125,,930.669362274266,930.6693694017322,930.6969658092621,931.6803131979559,931.6969786386999,932.6803211807182,932.6803211807182,933.0136730454633,932.9138939398854,932.9139022077488,933.0136730454633,933.0136730454633,933.0136730454633,933.0136730454633,933.0136730454633,933.0136730454633,0.09436693562747678,935.2148856840013,[-142.0],[19.0],[1],[0],[0],[2.2000186454497452],935.2158524534734,935.2189671560682,None,,,,,,,,,,,,,ED23,001,2024-01-26_17h32.04.562,rating,2023.2.3,59.99692109293908,2024-01-26 17h32.35.906989 +0800,
neg_166.jpg,0,284,284,74,935.2470060366777,,,,,,,,,,,,,,,,,,,,,,,935.2191946647781,,935.2192248852352,935.2192320127015,935.2470060366777,936.2303431618257,936.2470356869362,937.2303477234036,937.2303477234036,937.5636864736098,937.4638802836616,937.463888266424,937.5636864736098,937.5636864736098,937.5636864736098,937.5636864736098,937.5636864736098,937.5636864736098,0.09451490182254929,940.8650933213376,[-136.0],[11.0],[1],[0],[0],[3.3001857702729467],940.8660783371215,940.8691819208707,None,,,,,,,,,,,,,ED23,001,2024-01-26_17h32.04.562,rating,2023.2.3,59.99692109293908,2024-01-26 17h32.35.906989 +0800,
neg_152.jpg,0,285,285,59,940.8970525932873,,,,,,,,,,,,,,,,,,,,,,,940.8694099997792,,940.8694405053338,940.869447347699,940.8970525932873,941.8803828760629,941.8970736905849,942.880389148233,942.880389148233,943.2137276133417,943.1139604819091,943.1139681795703,943.2137276133417,943.2137276133417,943.2137276133417,943.2137276133417,943.2137276133417,943.2137276133417,0.09437776937920717,943.6151293863131,[-371.0],[160.0],[1],[0],[0],[0.4001550366410811],943.6161520351216,943.6192624612358,None,,,,,,,,,,,,,ED23,001,2024-01-26_17h32.04.562,rating,2023.2.3,59.99692109293908,2024-01-26 17h32.35.906989 +0800,
neu_26.jpg,0,286,286,303,943.6470652801745,,,,,,,,,,,,,,,,,,,,,,,943.6194911103394,,943.6195221860926,943.6195290284577,943.6470652801745,944.630404115911,944.6470738331354,945.6304075370954,945.6304075370954,945.963749138291,945.8639728836988,945.8639808664611,945.963749138291,945.963749138291,945.963749138291,945.963749138291,945.963749138291,945.963749138291,0.09430221824004548,948.4651281603892,[230.0],[54.0],[1],[0],[0],[2.5001260135977645],948.4661411158431,948.4692646564927,None,,,,,,,,,,,,,ED23,001,2024-01-26_17h32.04.562,rating,2023.2.3,59.99692109293908,2024-01-26 17h32.35.906989 +0800,
neu_86.jpg,0,287,287,369,948.4970957001988,,,,,,,,,,,,,,,,,,,,,,,948.4694944459934,,948.469524951548,948.4695317939168,948.4970957001988,949.4804596246158,949.4971016872714,950.4804331104442,950.4804331104442,950.8138035065986,950.7140084354996,950.714016418262,950.8138035065986,950.8138035065986,950.8138035065986,950.8138035065986,950.8138035065986,950.8138035065986,0.09433471948068473,951.5150227024042,[250.0],[62.0],[1],[0],[0],[0.6999835783171875],951.5159504133644,951.5190514312253,None,,,,,,,,,,,,,ED23,001,2024-01-26_17h32.04.562,rating,2023.2.3,59.99692109293908,2024-01-26 17h32.35.906989 +0800,
neu_59.jpg,0,288,288,339,951.5471168260101,,,,,,,,,,,,,,,,,,,,,,,951.5193587675549,,951.5193869923187,951.5193932644888,951.5471168260101,952.5304858822001,952.5471199620933,953.5305220897262,953.5305220897262,953.8637986884332,953.7639987706552,953.764007038515,953.8637986884332,953.8637986884332,953.8637986884332,953.8637986884332,953.8637986884332,953.8637986884332,0.094470426432963,954.4650836850033,[70.0],[15.0],[1],[0],[0],[0.6000231500111113],954.4660766835495,954.4691614507883,None,,,,,,,,,,,,,ED23,001,2024-01-26_17h32.04.562,rating,2023.2.3,59.99692109293908,2024-01-26 17h32.35.906989 +0800,
neg_163.jpg,0,289,289,71,954.4971664046625,,,,,,,,,,,,,,,,,,,,,,,954.4693698578903,,954.4693975124592,954.4694037846293,954.4971664046625,955.4804972576367,955.4971387500937,956.480481292112,956.480481292112,956.8138482670856,956.7140226904321,956.7140306731908,956.8138482670856,956.8138482670856,956.8138482670856,956.8138482670856,956.8138482670856,956.8138482670856,0.09450492336691241,958.2150701428163,[-361.0],[112.0],[1],[0],[0],[1.3999985174850735],958.2160531629142,958.2190754935491,None,,,,,,,,,,,,,ED23,001,2024-01-26_17h32.04.562,rating,2023.2.3,59.99692109293908,2024-01-26 17h32.35.906989 +0800,
neg_181.jpg,0,290,290,91,958.2471907805939,,,,,,,,,,,,,,,,,,,,,,,958.2193072787395,,958.2193383544927,958.2193451968578,958.2471907805939,959.2304985405808,959.2471682578016,960.2305096594264,960.2305096594264,960.5638737834142,960.4640365177129,960.4640450706738,960.5638737834142,960.5638737834142,960.5638737834142,960.5638737834142,960.5638737834142,960.5638737834142,0.09459301884635352,961.6653044653849,[-343.0],[98.0],[1],[0],[0],[1.1001605675519386],961.6663339565584,961.6694332638272,None,,,,,,,,,,,,,ED23,001,2024-01-26_17h32.04.562,rating,2023.2.3,59.99692109293908,2024-01-26 17h32.35.906989 +0800,
neu_114.jpg,0,291,291,209,961.6971844799136,,,,,,,,,,,,,,,,,,,,,,,961.6696627682268,,961.66969384398,961.6697006863487,961.6971844799136,962.6805278772317,962.6971916073799,963.6805740632099,963.6805740632099,964.0138854439483,963.9140792540002,963.914086951665,964.0138854439483,964.0138854439483,964.0138854439483,964.0138854439483,964.0138854439483,964.0138854439483,0.09424434321408626,965.1151194078611,[242.0],[60.0],[1],[0],[0],[1.1000054738942708],965.1160742031916,965.1191806379265,None,,,,,,,,,,,,,ED23,001,2024-01-26_17h32.04.562,rating,2023.2.3,59.99692109293908,2024-01-26 17h32.35.906989 +0800,
neu_152.jpg,0,292,292,251,965.1472098251852,,,,,,,,,,,,,,,,,,,,,,,965.1194118529183,,965.1194429286716,965.1194497710367,965.1472098251852,966.1305492311167,966.147234058566,967.1305546479907,967.1305546479907,967.4638908323122,967.3641234157785,967.3641325389344,967.4638908323122,967.4638908323122,967.4638908323122,967.4638908323122,967.4638908323122,967.4638908323122,0.09450235748226987,969.2651565562137,[295.0],[71.0],[1],[0],[0],[1.800030676611641],969.2661498398611,969.2693683183588,None,,,,,,,,,,,,,ED23,001,2024-01-26_17h32.04.562,rating,2023.2.3,59.99692109293908,2024-01-26 17h32.35.906989 +0800,
neu_144.jpg,0,293,293,242,969.297250109621,,,,,,,,,,,,,,,,,,,,,,,969.2695986780545,,969.2696297538077,969.2696365961729,969.297250109621,970.2805789669055,970.2972931595159,971.280583243386,971.280583243386,971.6139285508598,971.5141217907167,971.514129773479,971.6139285508598,971.6139285508598,971.6139285508598,971.6139285508598,971.6139285508598,971.6139285508598,0.0943529657961335,972.8152643520098,[247.0],[62.0],[1],[0],[0],[1.200087639321282],972.8162744564743,972.8195342742747,None,,,,,,,,,,,,,ED23,001,2024-01-26_17h32.04.562,rating,2023.2.3,59.99692109293908,2024-01-26 17h32.35.906989 +0800,
neu_110.jpg,0,294,294,205,972.8473028813769,,,,,,,,,,,,,,,,,,,,,,,972.8197649190679,,972.8197957097236,972.8198031222873,972.8473028813769,973.8306029437026,973.8472700950351,974.8306086456741,974.8306086456741,975.1639502468661,975.0642110550998,975.0642196080571,975.1639502468661,975.1639502468661,975.1639502468661,975.1639502468661,975.1639502468661,975.1639502468661,0.09423407966460218,975.8653034390318,[271.0],[73.0],[1],[0],[0],[0.7000140838717925],975.8663292239235,975.869468159899,None,,,,,,,,,,,,,ED23,001,2024-01-26_17h32.04.562,rating,2023.2.3,59.99692109293908,2024-01-26 17h32.35.906989 +0800,
neu_142.jpg,0,295,295,240,975.8972863741674,,,,,,,,,,,,,,,,,,,,,,,975.8696970941037,,975.8697275996583,975.8697341569259,975.8972863741674,976.8806232142142,976.8972906506478,977.8806311969765,977.8806311969765,978.2139670961969,978.1142048114398,978.114212509101,978.2139670961969,978.2139670961969,978.2139670961969,978.2139670961969,978.2139670961969,978.2139670961969,0.09429480567632709,979.0152656064438,[270.0],[76.0],[1],[0],[0],[0.8000269703334197],979.0162269590419,979.0193177133497,None,,,,,,,,,,,,,ED23,001,2024-01-26_17h32.04.562,rating,2023.2.3,59.99692109293908,2024-01-26 17h32.35.906989 +0800,
neu_109.jpg,0,296,296,203,979.0473058464031,,,,,,,,,,,,,,,,,,,,,,,979.0195469326518,,979.0195774382064,979.0195842805751,979.0473058464031,980.0306560860863,980.0473181056459,981.0306900128253,981.0306900128253,981.3639897045196,981.2641880761494,981.2641966291067,981.3639897045196,981.3639897045196,981.3639897045196,981.3639897045196,981.3639897045196,981.3639897045196,0.09446729034971213,981.9653049215431,[323.0],[115.0],[1],[0],[0],[0.6000245755021751],981.9663426805764,981.9694379964658,None,,,,,,,,,,,,,ED23,001,2024-01-26_17h32.04.562,rating,2023.2.3,59.99692109293908,2024-01-26 17h32.35.906989 +0800,
neg_192.jpg,0,297,297,103,981.9973309065736,,,,,,,,,,,,,,,,,,,,,,,981.9696444078781,,981.9696717773459,981.969678619711,981.9973309065736,982.9806723081983,982.997374526667,983.9806668913243,983.9806668913243,984.314010773307,984.2142165575042,984.2142242551654,984.314010773307,984.314010773307,984.314010773307,984.314010773307,984.314010773307,984.314010773307,0.09439344980273745,985.7153475437899,[241.0],[60.0],[1],[0],[0],[1.4000370058020053],985.7163585035505,985.719464653188,None,,,,,,,,,,,,,ED23,001,2024-01-26_17h32.04.562,rating,2023.2.3,59.99692109293908,2024-01-26 17h32.35.906989 +0800,
neu_80.jpg,0,298,298,363,985.7473430232658,,,,,,,,,,,,,,,,,,,,,,,985.7196947277862,,985.7197263737344,985.7197337862981,985.7473430232658,986.7306889864685,986.7473552825086,987.7306961139348,987.7306961139348,988.0640414214122,987.9642249679109,987.9642335208719,988.0640414214122,988.0640414214122,988.0640414214122,988.0640414214122,988.0640414214122,988.0640414214122,0.09436807602469344,989.2653780778546,[266.0],[37.0],[1],[0],[0],[1.2000431639316957],989.2663910333049,989.2695268332009,None,,,,,,,,,,,,,ED23,001,2024-01-26_17h32.04.562,rating,2023.2.3,59.99692109293908,2024-01-26 17h32.35.906989 +0800,
neu_174.jpg,0,299,299,275,989.2973769785149,,,,,,,,,,,,,,,,,,,,,,,989.269761469377,,989.2697919749316,989.2697988172968,989.2973769785149,990.2807175248436,990.297409194658,991.2807218013204,991.2807218013204,991.614088776294,991.5142831565445,991.5142911393068,991.614088776294,991.614088776294,991.614088776294,991.614088776294,991.614088776294,991.614088776294,0.0943529657961335,992.5155119316642,[254.0],[49.0],[1],[0],[0],[0.9001273820686038],992.5165573883587,993.9311663556236,space,992.5306563711838,992.5306563711838,1.3891630587459076,None,,,,,,,,,ED23,001,2024-01-26_17h32.04.562,rating,2023.2.3,59.99692109293908,2024-01-26 17h32.35.906989 +0800,
neu_48.jpg,0,300,300,327,993.9474069994012,,,,,,,,,,,,,,,,,,,,,,,993.9315056230025,993.9474069994012,994.9309901646684,994.9309972921346,994.9641063668805,995.9307523924053,995.9640841291857,996.9307652218431,996.9307652218431,997.2640985551789,997.1642915099346,997.164299492697,997.2640985551789,997.2640985551789,997.2640985551789,997.2640985551789,997.2640985551789,997.2640985551789,0.0827910757252539,997.9654962227305,[189.0],[52.0],[1],[0],[0],[0.7000719588941138],997.9665559343575,997.969672632642,None,,,,,994.9641063668805,,,,,,,,ED23,001,2024-01-26_17h32.04.562,rating,2023.2.3,59.99692109293908,2024-01-26 17h32.35.906989 +0800,
neu_105.jpg,0,301,301,199,997.9974352526751,,,,,,,,,,,,,,,,,,,,,,,997.9698935840843,,997.9699366339792,997.9699437614454,997.9974352526751,998.9807743735091,998.997458915861,999.9807840668636,999.9807840668636,1000.3141205362826,1000.2143191930136,1000.2143268906748,1000.3141205362826,1000.3141205362826,1000.3141205362826,1000.3141205362826,1000.3141205362826,1000.3141205362826,0.09423636045539752,1001.0154489248653,[200.0],[46.0],[1],[0],[0],[0.7000591294563492],1001.0164225367062,1001.0195914080414,None,,,,,,,,,,,,,ED23,001,2024-01-26_17h32.04.562,rating,2023.2.3,59.99692109293908,2024-01-26 17h32.35.906989 +0800,
neu_177.jpg,0,302,302,278,1001.0474854585464,,,,,,,,,,,,,,,,,,,,,,,1001.0198251889215,,1001.0198556944761,1001.0198625368412,1001.0474854585464,1002.0307974950101,1002.04747205891,1003.0308020565881,1003.0308020565881,1003.3641402365993,1003.2643525780604,1003.2643608459239,1003.3641402365993,1003.3641402365993,1003.3641402365993,1003.3641402365993,1003.3641402365993,1003.3641402365993,0.0943948752938013,1003.965507911771,[209.0],[32.0],[1],[0],[0],[0.5999259313721268],1003.9665117440691,1003.969664079681,None,,,,,,,,,,,,,ED23,001,2024-01-26_17h32.04.562,rating,2023.2.3,59.99692109293908,2024-01-26 17h32.35.906989 +0800,
neg_113.jpg,0,303,303,16,1003.9974820088519,,,,,,,,,,,,,,,,,,,,,,,1003.9698970052686,,1003.9699275108233,1003.9699343531884,1003.9974820088519,1004.9808185637976,1004.997484289639,1005.9808288273507,1005.9808288273507,1006.3141610202892,1006.2143981653335,1006.2144061480958,1006.3141610202892,1006.3141610202892,1006.3141610202892,1006.3141610202892,1006.3141610202892,1006.3141610202892,0.09428824840506422,1006.8155625651798,[226.0],[-4.0],[1],[0],[0],[0.5000638620913378],1006.8165769461284,1006.8197047632584,None,,,,,,,,,,,,,ED23,001,2024-01-26_17h32.04.562,rating,2023.2.3,59.99692109293908,2024-01-26 17h32.35.906989 +0800,
neg_137.jpg,0,304,304,42,1006.8474973186476,,,,,,,,,,,,,,,,,,,,,,,1006.8199336974631,,1006.819963632819,1006.8199704751842,1006.8474973186476,1007.8308295971165,1007.8475038759152,1008.8308623834582,1008.8308623834582,1009.1641783257746,1009.0643775527042,1009.064385820564,1009.1641783257746,1009.1641783257746,1009.1641783257746,1009.1641783257746,1009.1641783257746,1009.1641783257746,0.09426772130245809,1010.86558340589,[-148.0],[-4.0],[1],[0],[0],[1.7000494361018355],1010.8665786852271,1010.8698148398416,None,,,,,,,,,,,,,ED23,001,2024-01-26_17h32.04.562,rating,2023.2.3,59.99692109293908,2024-01-26 17h32.35.906989 +0800,
neg_122.jpg,0,305,305,26,1010.8975287080084,,,,,,,,,,,,,,,,,,,,,,,1010.8700489058192,,1010.8700796964749,1010.8700868239375,1010.8975287080084,1011.8808652629541,1011.8975748939865,1012.8808695394346,1012.8808695394346,1013.2142077194458,1013.1144075165703,1013.1144157844301,1013.2142077194458,1013.2142077194458,1013.2142077194458,1013.2142077194458,1013.2142077194458,1013.2142077194458,0.09418276190990582,1015.2155801842764,[-282.0],[130.0],[1],[0],[0],[2.0000433349923696],1015.2166128115332,1015.2197443349487,None,,,,,,,,,,,,,ED23,001,2024-01-26_17h32.04.562,rating,2023.2.3,59.99692109293908,2024-01-26 17h32.35.906989 +0800,
neg_47.jpg,0,306,306,134,1015.2475559919458,,,,,,,,,,,,,,,,,,,,,,,1015.2199738393483,,1015.2200040598054,1015.2200111872717,1015.2475559919458,1016.2308936872887,1016.2475913441795,1017.2309028104446,1017.2309028104446,1017.5642338629896,1017.4644356558038,1017.4644442087647,1017.5642338629896,1017.5642338629896,1017.5642338629896,1017.5642338629896,1017.5642338629896,1017.5642338629896,0.09428539741929853,1018.1655938405002,[-304.0],[139.0],[1],[0],[0],[0.5999897934707406],1018.1666515564411,1018.169685291019,None,,,,,,,,,,,,,ED23,001,2024-01-26_17h32.04.562,rating,2023.2.3,59.99692109293908,2024-01-26 17h32.35.906989 +0800,
neg_66.jpg,0,307,307,155,1018.1975998686266,,,,,,,,,,,,,,,,,,,,,,,1018.1699224930871,,1018.1699529986381,1018.1699598410069,1018.1975998686266,1019.1809147560798,1019.1975804819212,1020.1809184623617,1020.1809184623617,1020.5142885734185,1020.4144849493587,1020.414492932121,1020.5142885734185,1020.5142885734185,1020.5142885734185,1020.5142885734185,1020.5142885734185,1020.5142885734185,0.0943903137158486,1020.8156766046359,[-333.0],[163.0],[1],[0],[0],[0.30005063351563876],1020.816850925914,1020.8199610669308,None,,,,,,,,,,,,,ED23,001,2024-01-26_17h32.04.562,rating,2023.2.3,59.99692109293908,2024-01-26 17h32.35.906989 +0800,
neu_62.jpg,0,308,308,343,1020.8475951074815,,,,,,,,,,,,,,,,,,,,,,,1020.8201985540927,,1020.8202321957342,1020.8202390380993,1020.8475951074815,1021.8309476279519,1021.8475996690595,1022.8309396451896,1022.8309396451896,1023.1642732636228,1023.0644739160398,1023.0644818988021,1023.1642732636228,1023.1642732636228,1023.1642732636228,1023.1642732636228,1023.1642732636228,1023.1642732636228,0.0940975174162304,1023.8657556054659,[242.0],[16.0],[1],[0],[0],[0.7001355358916044],1023.8667910837121,1023.8698325159548,None,,,,,,,,,,,,,ED23,001,2024-01-26_17h32.04.562,rating,2023.2.3,59.99692109293908,2024-01-26 17h32.35.906989 +0800,
neu_172.jpg,0,309,309,273,1023.8976159481917,,,,,,,,,,,,,,,,,,,,,,,1023.8700694329218,,1023.8701002235739,1023.8701073510401,1023.8976159481917,1024.8809553541232,1024.8976279223334,1025.8809573498165,1025.8809573498165,1026.214298665911,1026.1144961822447,1026.114504165007,1026.214298665911,1026.214298665911,1026.214298665911,1026.214298665911,1026.214298665911,1026.214298665911,0.09425375147111481,1026.715646042061,[215.0],[73.0],[1],[0],[0],[0.5000296502585115],1026.7166447425825,1026.7197531730071,None,,,,,,,,,,,,,ED23,001,2024-01-26_17h32.04.562,rating,2023.2.3,59.99692109293908,2024-01-26 17h32.35.906989 +0800,
neg_132.jpg,0,310,310,37,1026.747636104663,,,,,,,,,,,,,,,,,,,,,,,1026.7199823923092,,1026.7200131829613,1026.72002002533,1026.747636104663,1027.7309720894136,1027.7476466533135,1028.7309783615838,1028.7309783615838,1029.0643202478768,1028.9645348701288,1028.9645425677936,1029.0643202478768,1029.0643202478768,1029.0643202478768,1029.0643202478768,1029.0643202478768,1029.0643202478768,0.09436265914700925,1029.4656957917741,[-356.0],[130.0],[1],[0],[0],[0.40004555875930237],1029.4666887903204,1029.4698046333087,None,,,,,,,,,,,,,ED23,001,2024-01-26_17h32.04.562,rating,2023.2.3,59.99692109293908,2024-01-26 17h32.35.906989 +0800,
neu_139.jpg,0,311,311,236,1029.4976755908265,,,,,,,,,,,,,,,,,,,,,,,1029.4700318569212,,1029.4700629326744,1029.4700697750395,1029.4976755908265,1030.4809919037707,1030.49769127125,1031.4810164222527,1031.4810164222527,1031.8143386367392,1031.7145341573832,1031.7145421401456,1031.8143386367392,1031.8143386367392,1031.8143386367392,1031.8143386367392,1031.8143386367392,1031.8143386367392,0.09436379954422591,1032.8157424624205,[263.0],[60.0],[1],[0],[0],[1.0000293651610264],1032.816736601364,1032.8198555804356,None,,,,,,,,,,,,,ED23,001,2024-01-26_17h32.04.562,rating,2023.2.3,59.99692109293908,2024-01-26 17h32.35.906989 +0800,
neg_36.jpg,0,312,312,122,1032.8476772158883,,,,,,,,,,,,,,,,,,,,,,,1032.820082804048,,1032.8201135947002,1032.820120437069,1032.8476772158883,1033.8310171920184,1033.8476832029573,1034.8310217535964,1034.8310217535964,1035.1643599336076,1035.0646113335843,1035.0646193163466,1035.1643599336076,1035.1643599336076,1035.1643599336076,1035.1643599336076,1035.1643599336076,1035.1643599336076,0.09429936725064181,1036.265768377887,[-278.0],[57.0],[1],[0],[0],[1.10000233781102],1036.2668414891505,1036.2699564768427,None,,,,,,,,,,,,,ED23,001,2024-01-26_17h32.04.562,rating,2023.2.3,59.99692109293908,2024-01-26 17h32.35.906989 +0800,
neu_104.jpg,0,313,313,198,1036.2977296455265,,,,,,,,,,,,,,,,,,,,,,,1036.270187406737,,1036.2702176271941,1036.2702244695593,1036.2977296455265,1037.2810704769527,1037.2977051270445,1038.2810659153747,1038.2810659153747,1038.614381002395,1038.5145893524805,1038.5145976203403,1038.614381002395,1038.614381002395,1038.614381002395,1038.614381002395,1038.614381002395,1038.614381002395,0.09421754394497839,1039.415809517619,[180.0],[35.0],[1],[0],[0],[0.8000400848686695],1039.4168142052094,1039.4199796553603,None,,,,,,,,,,,,,ED23,001,2024-01-26_17h32.04.562,rating,2023.2.3,59.99692109293908,2024-01-26 17h32.35.906989 +0800,
neg_131.jpg,0,314,314,36,1039.4477345777323,,,,,,,,,,,,,,,,,,,,,,,1039.4202103001571,,1039.4202413759103,1039.4202482182754,1039.4477345777323,1040.4310677114972,1040.4477476922712,1041.4310742687649,1041.4310742687649,1041.7644212868345,1041.6646205137604,1041.6646287816202,1041.7644212868345,1041.7644212868345,1041.7644212868345,1041.7644212868345,1041.7644212868345,1041.7644212868345,0.094233794567117,1042.5657759615115,[-352.0],[81.0],[1],[0],[0],[0.8000081538193626],1042.5667758024265,1042.569907896037,None,,,,,,,,,,,,,ED23,001,2024-01-26_17h32.04.562,rating,2023.2.3,59.99692109293908,2024-01-26 17h32.35.906989 +0800,
neu_35.jpg,0,315,315,313,1042.597743501321,,,,,,,,,,,,,,,,,,,,,,,1042.570137115339,,1042.5701679059912,1042.57017474836,1042.597743501321,1043.5810991578746,1043.5977483479965,1044.5810854731408,1044.5810854731408,1044.9310967915571,1044.814673912735,1044.8146824656924,1044.9310967915571,1044.9310967915571,1044.9310967915571,1044.9310967915571,1044.9310967915571,1044.9310967915571,0.11098362450502464,1045.732548969967,[208.0],[43.0],[1],[0],[0],[0.7999670996141504],1045.733641182842,1045.7368186071344,None,,,,,,,,,,,,,ED23,001,2024-01-26_17h32.04.562,rating,2023.2.3,59.99692109293908,2024-01-26 17h32.35.906989 +0800,
neg_57.jpg,0,316,316,145,1045.7644264186074,,,,,,,,,,,,,,,,,,,,,,,1045.7370498221262,,1045.7370803276808,1045.7370871700496,1045.7644264186074,1046.7477735222074,1046.7644443798217,1047.7477723818101,1047.7477723818101,1048.0810683672225,1047.9813060824654,1047.9813140652277,1048.0810683672225,1048.0810683672225,1048.0810683672225,1048.0810683672225,1048.0810683672225,1048.0810683672225,0.09405076124312473,1048.6825058915656,[-331.0],[99.0],[1],[0],[0],[0.6000707614803105],1048.6835447909925,1048.6867541463344,None,,,,,,,,,,,,,ED23,001,2024-01-26_17h32.04.562,rating,2023.2.3,59.99692109293908,2024-01-26 17h32.35.906989 +0800,
neu_99.jpg,0,317,317,383,1048.7145082134066,,,,,,,,,,,,,,,,,,,,,,,1048.6869830805354,,1048.68701358609,1048.6870207135562,1048.7145082134066,1049.6977880337272,1049.7144888267012,1050.6977991525728,1050.6977991525728,1051.0478064796098,1050.931395860027,1050.931403557688,1051.0478064796098,1051.0478064796098,1051.0478064796098,1051.0478064796098,1051.0478064796098,1051.0478064796098,0.11088412508252077,1052.0492259857147,[232.0],[41.0],[1],[0],[0],[0.9999928725374048],1052.050303088361,1052.0533878555962,None,,,,,,,,,,,,,ED23,001,2024-01-26_17h32.04.562,rating,2023.2.3,59.99692109293908,2024-01-26 17h32.35.906989 +0800,
neu_45.jpg,0,318,318,324,1052.081141922672,,,,,,,,,,,,,,,,,,,,,,,1052.0535951223046,,1052.053623061971,1052.053629334141,1052.081141922672,1053.064480473311,1053.0811444885603,1054.0644870305787,1054.0644870305787,1054.4144903662327,1054.2980418285315,1054.2980498112938,1054.4144903662327,1054.4144903662327,1054.4144903662327,1054.4144903662327,1054.4144903662327,1054.4144903662327,0.1109228984969377,1055.5159227587992,[232.0],[38.0],[1],[0],[0],[1.1000351241491444],1055.5169779088483,1055.5201450695913,None,,,,,,,,,,,,,ED23,001,2024-01-26_17h32.04.562,rating,2023.2.3,59.99692109293908,2024-01-26 17h32.35.906989 +0800,
neg_80.jpg,0,319,319,171,1055.547834989471,,,,,,,,,,,,,,,,,,,,,,,1055.520376284583,,1055.5204065050402,1055.5204133474053,1055.547834989471,1056.5311741103087,1056.5478478189088,1057.531196633101,1057.531196633101,1057.8811811522446,1057.7647149384266,1057.7647234913875,1057.8811811522446,1057.8811811522446,1057.8811811522446,1057.8811811522446,1057.8811811522446,1057.8811811522446,0.11082796065238654,1059.082640686198,[-322.0],[68.0],[1],[0],[0],[1.2000474404121633],1059.0837348947625,1059.0868689840627,None,,,,,,,,,,,,,ED23,001,2024-01-26_17h32.04.562,rating,2023.2.3,59.99692109293908,2024-01-26 17h32.35.906989 +0800,
neu_73.jpg,0,320,320,355,1059.1145298238825,,,,,,,,,,,,,,,,,,,,,,,1059.0870773911647,,1059.0871050457336,1059.0871113179037,1059.1145298238825,1060.0979054373438,1060.1145754396657,1061.0978703702112,1061.0978703702112,1061.4478762717536,1061.3314525376354,1061.3314608054952,1061.4478762717536,1061.4478762717536,1061.4478762717536,1061.4478762717536,1061.4478762717536,1061.4478762717536,0.11082596495907637,1062.1493272527496,[235.0],[55.0],[1],[0],[0],[0.7000500063004438],1062.1503881047738,1062.1534996712817,None,,,,,,,,,,,,,ED23,001,2024-01-26_17h32.04.562,rating,2023.2.3,59.99692109293908,2024-01-26 17h32.35.906989 +0800,
neg_170.jpg,0,321,321,79,1062.1812126841523,,,,,,,,,,,,,,,,,,,,,,,1062.1537277501902,,1062.1537582557448,1062.15376509811,1062.1812126841523,1063.1645500943978,1063.18121924142,1064.1645595026512,1064.1645595026512,1064.5145634085038,1064.3981388190896,1064.3981468018483,1064.5145634085038,1064.5145634085038,1064.5145634085038,1064.5145634085038,1064.5145634085038,1064.5145634085038,0.11085704070865177,1065.8160292716475,[-318.0],[63.0],[1],[0],[0],[1.3000503484181536],1065.8171112209693,1065.8203222869033,None,,,,,,,,,,,,,ED23,001,2024-01-26_17h32.04.562,rating,2023.2.3,59.99692109293908,2024-01-26 17h32.35.906989 +0800,
neu_180.jpg,0,322,322,282,1065.8479081457826,,,,,,,,,,,,,,,,,,,,,,,1065.8205389618652,,1065.820568041925,1065.8205743140952,1065.8479081457826,1066.8312626619427,1066.8479098563748,1067.8312626619427,1067.8312626619427,1068.1812813929228,1068.0647806821744,1068.0647886649367,1068.1812813929228,1068.1812813929228,1068.1812813929228,1068.1812813929228,1068.1812813929228,1068.1812813929228,0.11076923033033381,1069.182702894721,[240.0],[34.0],[1],[0],[0],[1.0000384883132938],1069.1837563341778,1069.1868946999584,None,,,,,,,,,,,,,ED23,001,2024-01-26_17h32.04.562,rating,2023.2.3,59.99692109293908,2024-01-26 17h32.35.906989 +0800,
neg_180.jpg,0,323,323,90,1069.2145906069145,,,,,,,,,,,,,,,,,,,,,,,1069.187122778867,,1069.1871541397177,1069.1871609820864,1069.2145906069145,1070.1979727776434,1070.2146005853665,1071.197938565807,1071.197938565807,1071.547947318335,1071.4314788237298,1071.431486806492,1071.547947318335,1071.547947318335,1071.547947318335,1071.547947318335,1071.547947318335,1071.547947318335,0.11087699761264957,1072.7493965887388,[-331.0],[93.0],[1],[0],[0],[1.1998319058438938],1072.7504269352085,1072.7535821218062,None,,,,,,,,,,,,,ED23,001,2024-01-26_17h32.04.562,rating,2023.2.3,59.99692109293908,2024-01-26 17h32.35.906989 +0800,
neu_58.jpg,0,324,324,338,1072.7812894327053,,,,,,,,,,,,,,,,,,,,,,,1072.7538124815055,,1072.7538429870601,1072.7538498294252,1072.7812894327053,1073.764625417456,1073.7812925687922,1074.7646559230107,1074.7646559230107,1075.1146441484361,1074.9981907640595,1074.9981987468218,1075.1146441484361,1075.1146441484361,1075.1146441484361,1075.1146441484361,1075.1146441484361,1075.1146441484361,0.11085789600838325,1075.9161128625692,[266.0],[60.0],[1],[0],[0],[0.7999725164881966],1075.9172022244547,1075.9203223439235,None,,,,,,,,,,,,,ED23,001,2024-01-26_17h32.04.562,rating,2023.2.3,59.99692109293908,2024-01-26 17h32.35.906989 +0800,
neg_82.jpg,0,325,325,173,1075.9479754860786,,,,,,,,,,,,,,,,,,,,,,,1075.9205527036193,,1075.9205832091739,1075.92059033664,1075.9479754860786,1076.9313131814215,1076.947978907263,1077.9313300022422,1077.9313300022422,1078.2813267806287,1078.1648922127588,1078.164900195521,1078.2813267806287,1078.2813267806287,1078.2813267806287,1078.2813267806287,1078.2813267806287,1078.2813267806287,0.11079802529275184,1079.0827806696307,[-211.0],[29.0],[1],[0],[0],[0.8000517739092174],1079.0837947654745,1079.0869165955355,None,,,,,,,,,,,,,ED23,001,2024-01-26_17h32.04.562,rating,2023.2.3,59.99692109293908,2024-01-26 17h32.35.906989 +0800,
neu_120.jpg,0,326,326,216,1079.114702593657,,,,,,,,,,,,,,,,,,,,,,,1079.0871452446427,,1079.0871763203922,1079.087183162761,1079.114702593657,1080.0980260340675,1080.1146692371167,1081.098010353644,1081.098010353644,1081.4480139743955,1081.3316481152997,1081.3316572384556,1081.4480139743955,1081.4480139743955,1081.4480139743955,1081.4480139743955,1081.4480139743955,1081.4480139743955,0.11089296314094099,1082.34951952327,[277.0],[53.0],[1],[0],[0],[0.9000658007644233],1082.350663909192,1082.3538259381621,None,,,,,,,,,,,,,ED23,001,2024-01-26_17h32.04.562,rating,2023.2.3,59.99692109293908,2024-01-26 17h32.35.906989 +0800,
neg_126.jpg,0,327,327,30,1082.381352211427,,,,,,,,,,,,,,,,,,,,,,,1082.3540543021682,,1082.3540845226216,1082.354091079893,1082.381352211427,1083.3646899067662,1083.381374449118,1084.364696749135,1084.364696749135,1084.7147049314644,1084.5982866142203,1084.5982945969827,1084.7147049314644,1084.7147049314644,1084.7147049314644,1084.7147049314644,1084.7147049314644,1084.7147049314644,0.11067628817545483,1085.3161370389334,[-365.0],[154.0],[1],[0],[0],[0.5999413266981719],1085.3171668152045,1085.320443453822,None,,,,,,,,,,,,,ED23,001,2024-01-26_17h32.04.562,rating,2023.2.3,59.99692109293908,2024-01-26 17h32.35.906989 +0800,
neg_100.jpg,0,328,328,2,1085.348046703717,,,,,,,,,,,,,,,,,,,,,,,1085.3206746688174,,1085.320704889271,1085.3207117316397,1085.348046703717,1086.331379837482,1086.3480963108796,1087.3313795523845,1087.3313795523845,1087.6814182402686,1087.5649292185608,1087.5649369162256,1087.6814182402686,1087.6814182402686,1087.6814182402686,1087.6814182402686,1087.6814182402686,1087.6814182402686,0.11076723464066163,1088.5830064677484,[-315.0],[98.0],[1],[0],[0],[0.9000190445876797],1088.5840963998326,1088.587276960212,None,,,,,,,,,,,,,ED23,001,2024-01-26_17h32.04.562,rating,2023.2.3,59.99692109293908,2024-01-26 17h32.35.906989 +0800,
neu_151.jpg,0,329,329,250,1088.6147436478586,,,,,,,,,,,,,,,,,,,,,,,1088.5875058944166,,1088.5875366850687,1088.5875432423363,1088.6147436478586,1089.5980693690599,1089.614762464369,1090.5980796326094,1090.5980796326094,1090.9480778364905,1090.8316210309295,1090.8316290136918,1090.9480778364905,1090.9480778364905,1090.9480778364905,1090.9480778364905,1090.9480778364905,1090.9480778364905,0.11060045193880796,1091.949577170215,[287.0],[97.0],[1],[0],[0],[1.000023663185857],1091.950646860294,1093.4484698471151,space,1091.964675993955,1091.964675993955,1.476273236250563,None,,,,,,,,,ED23,001,2024-01-26_17h32.04.562,rating,2023.2.3,59.99692109293908,2024-01-26 17h32.35.906989 +0800,
neg_162.jpg,0,330,330,70,1093.4647620937412,,,,,,,,,,,,,,,,,,,,,,,1093.448810254884,1093.4647620937412,1094.4482939412537,1094.4483007836225,1094.4814380831358,1095.4481097675362,1095.481470299279,1096.4481140440166,1096.4481140440166,1096.798105405529,1096.6816933604514,1096.6817013432137,1096.798105405529,1096.798105405529,1096.798105405529,1096.798105405529,1096.798105405529,1096.798105405529,0.09950868952000747,1097.2995862078405,[-332.0],[140.0],[1],[0],[0],[0.5000296502585115],1097.3006228264803,1097.3038224884676,None,,,,,1094.4814380831358,,,,,,,,ED23,001,2024-01-26_17h32.04.562,rating,2023.2.3,59.99692109293908,2024-01-26 17h32.35.906989 +0800,
neg_184.jpg,0,331,331,94,1097.331462801185,,,,,,,,,,,,,,,,,,,,,,,1097.3040514226723,,1097.3040836388154,1097.3040904811842,1097.331462801185,1098.3147950796538,1098.3314762008213,1099.3148007816253,1099.3148007816253,1099.6648063980701,1099.5483515881988,1099.548359570961,1099.6648063980701,1099.6648063980701,1099.6648063980701,1099.6648063980701,1099.6648063980701,1099.6648063980701,0.1107774981901457,1100.8830037878197,[-208.0],[-13.0],[1],[0],[0],[1.2167305572693294],1100.8841222297688,1100.8872469108155,None,,,,,,,,,,,,,ED23,001,2024-01-26_17h32.04.562,rating,2023.2.3,59.99692109293908,2024-01-26 17h32.35.906989 +0800,
neu_55.jpg,0,332,332,335,1100.9148627050508,,,,,,,,,,,,,,,,,,,,,,,1100.887474704623,,1100.8875046399826,1100.8875117674452,1100.9148627050508,1101.8981553548092,1101.914814523383,1102.8981587759936,1102.8981587759936,1103.2481672434205,1103.1317050209855,1103.131713288849,1103.2481672434205,1103.2481672434205,1103.2481672434205,1103.2481672434205,1103.2481672434205,1103.2481672434205,0.11071819767676061,1104.0995949318585,[236.0],[38.0],[1],[0],[0],[0.8499354821797169],1104.100678306675,1104.1038183830478,None,,,,,,,,,,,,,ED23,001,2024-01-26_17h32.04.562,rating,2023.2.3,59.99692109293908,2024-01-26 17h32.35.906989 +0800,
neu_24.jpg,0,333,333,301,1104.1315006052664,,,,,,,,,,,,,,,,,,,,,,,1104.1040467470539,,1104.1040772526085,1104.1040840949736,1104.1315006052664,1105.114851700242,1105.1315088731262,1106.114881065403,1106.114881065403,1106.4649017920729,1106.348421323326,1106.3484301613844,1106.4649017920729,1106.4649017920729,1106.4649017920729,1106.4649017920729,1106.4649017920729,1106.4649017920729,0.11088155919424025,1106.9996305121695,[208.0],[-10.0],[1],[0],[0],[0.5332427860084863],1107.0006785347523,1107.003851682568,None,,,,,,,,,,,,,ED23,001,2024-01-26_17h32.04.562,rating,2023.2.3,59.99692109293908,2024-01-26 17h32.35.906989 +0800,
neu_190.jpg,0,334,334,293,1107.0315250667281,,,,,,,,,,,,,,,,,,,,,,,1107.0040806167726,,1107.0041111223272,1107.0041182497898,1107.0315250667281,1108.0148690342412,1108.0315453087296,1109.0148909868349,1109.0148909868349,1109.3648521278901,1109.248398458416,1109.2484064411783,1109.3648521278901,1109.3648521278901,1109.3648521278901,1109.3648521278901,1109.3648521278901,1109.3648521278901,0.11080258687070454,1111.449840886451,[216.0],[-17.0],[1],[0],[0],[2.0834706083260244],1111.4508834921635,1111.454040104256,None,,,,,,,,,,,,,ED23,001,2024-01-26_17h32.04.562,rating,2023.2.3,59.99692109293908,2024-01-26 17h32.35.906989 +0800,
neu_147.jpg,0,335,335,245,1111.4815469908117,,,,,,,,,,,,,,,,,,,,,,,1111.4542681831645,,1111.454299258914,1111.4543061012828,1111.4815469908117,1112.464892668917,1112.4815586798559,1113.4648997963832,1113.4648997963832,1113.8149034171347,1113.6984423350968,1113.6984506029567,1113.8149034171347,1113.8149034171347,1113.8149034171347,1113.8149034171347,1113.8149034171347,1113.8149034171347,0.11066089284940972,1115.5498303948207,[236.0],[30.0],[1],[0],[0],[1.7334376224171137],1115.5508932425346,1115.554084636662,None,,,,,,,,,,,,,ED23,001,2024-01-26_17h32.04.562,rating,2023.2.3,59.99692109293908,2024-01-26 17h32.35.906989 +0800,
neg_124.jpg,0,336,336,28,1115.5816029271646,,,,,,,,,,,,,,,,,,,,,,,1115.554316136755,,1115.554346927407,1115.5543537697758,1115.5816029271646,1116.564920095405,1116.5815875318385,1117.5649400523089,1117.5649400523089,1117.914978169998,1117.7984788847407,1117.798486867503,1117.914978169998,1117.914978169998,1117.914978169998,1117.914978169998,1117.914978169998,1117.914978169998,0.11072218905610498,1118.733118882139,[-325.0],[119.0],[1],[0],[0],[0.8165410236979369],1118.7341748874878,1118.737403629535,None,,,,,,,,,,,,,ED23,001,2024-01-26_17h32.04.562,rating,2023.2.3,59.99692109293908,2024-01-26 17h32.35.906989 +0800,
neg_177.jpg,0,337,337,86,1118.7649729526947,,,,,,,,,,,,,,,,,,,,,,,1118.7376337041333,,1118.7376644947853,1118.737671337154,1118.7649729526947,1119.7482678832403,1119.764937600461,1120.7482770063962,1120.7482770063962,1121.0982866142203,1120.9818184047126,1120.981826387475,1121.0982866142203,1121.0982866142203,1121.0982866142203,1121.0982866142203,1121.0982866142203,1121.0982866142203,0.11067856896261219,1121.6831741627666,[-307.0],[103.0],[1],[0],[0],[0.5833063915124512],1121.6843114212224,1121.6874415191432,None,,,,,,,,,,,,,ED23,001,2024-01-26_17h32.04.562,rating,2023.2.3,59.99692109293908,2024-01-26 17h32.35.906989 +0800,
neu_88.jpg,0,338,338,371,1121.7149572437575,,,,,,,,,,,,,,,,,,,,,,,1121.687670453348,,1121.6877006738014,1121.6877078012676,1121.7149572437575,1122.6982937987068,1122.714957813956,1123.698300926173,1123.698300926173,1124.048308823405,1123.9318397586012,1123.9318477413635,1124.048308823405,1124.048308823405,1124.048308823405,1124.048308823405,1124.048308823405,1124.048308823405,0.11067030110643827,1124.516630088512,[277.0],[88.0],[1],[0],[0],[0.46681594430992845],1124.5176886597455,1124.5209151210056,None,,,,,,,,,,,,,ED23,001,2024-01-26_17h32.04.562,rating,2023.2.3,59.99692109293908,2024-01-26 17h32.35.906989 +0800,
neu_40.jpg,0,339,339,319,1124.548308823405,,,,,,,,,,,,,,,,,,,,,,,1124.5211440552102,,1124.5211739905662,1124.521180832935,1124.548308823405,1125.5316992619937,1125.548323363435,1126.5316795901872,1126.5316795901872,1126.881686632123,1126.7651919084437,1126.7652001763072,1126.881686632123,1126.881686632123,1126.881686632123,1126.881686632123,1126.881686632123,1126.881686632123,0.11056766559340758,1127.350006471739,[284.0],[96.0],[1],[0],[0],[0.46679940859394264],1127.3511269093779,1127.3543690510614,None,,,,,,,,,,,,,ED23,001,2024-01-26_17h32.04.562,rating,2023.2.3,59.99692109293908,2024-01-26 17h32.35.906989 +0800,
neg_31.jpg,0,340,340,117,1127.381670666602,,,,,,,,,,,,,,,,,,,,,,,1127.354598555461,,1127.3546282057196,1127.3546350480883,1127.381670666602,1128.3650006642802,1128.3816678156163,1129.3650069364503,1129.3650069364503,1129.7150119826965,1129.5985834018993,1129.5985913846616,1129.7150119826965,1129.7150119826965,1129.7150119826965,1129.7150119826965,1129.7150119826965,1129.7150119826965,0.110438230814907,1130.416689332009,[-306.0],[129.0],[1],[0],[0],[0.7001409527656506],1130.4177441969605,1130.4208914007995,None,,,,,,,,,,,,,ED23,001,2024-01-26_17h32.04.562,rating,2023.2.3,59.99692109293908,2024-01-26 17h32.35.906989 +0800,
neg_141.jpg,0,341,341,47,1130.4483663563096,,,,,,,,,,,,,,,,,,,,,,,1130.421118624412,,1130.4211488448655,1130.4211556872342,1130.4483663563096,1131.431690366915,1131.4483523864747,1132.4316917924098,1132.4316917924098,1132.7816994045443,1132.665230054643,1132.6652386076003,1132.7816994045443,1132.7816994045443,1132.7816994045443,1132.7816994045443,1132.7816994045443,1132.7816994045443,0.11060472841563751,1133.8332153024985,[-330.0],[161.0],[1],[0],[0],[1.0500345254440617],1133.8342758694216,1133.8374116693176,None,,,,,,,,,,,,,ED23,001,2024-01-26_17h32.04.562,rating,2023.2.3,59.99692109293908,2024-01-26 17h32.35.906989 +0800,
neg_14.jpg,0,342,342,45,1133.8650631008804,,,,,,,,,,,,,,,,,,,,,,,1133.837644024703,,1133.8376745302576,1133.8376816577238,1133.8650631008804,1134.8483785585322,1134.8650750750257,1135.848382835009,1135.848382835009,1136.198395293819,1136.0819450455292,1136.0819530282915,1136.198395293819,1136.198395293819,1136.198395293819,1136.198395293819,1136.198395293819,1136.198395293819,0.11077407700577169,1138.3000768625916,[-230.0],[-17.0],[1],[0],[0],[2.1001591420572367],1138.3011482632664,1138.30429176082,None,,,,,,,,,,,,,ED23,001,2024-01-26_17h32.04.562,rating,2023.2.3,59.99692109293908,2024-01-26 17h32.35.906989 +0800,
neg_59.jpg,0,343,343,147,1138.3317370660716,,,,,,,,,,,,,,,,,,,,,,,1138.3045229758154,,1138.3045537664675,1138.3045606088326,1138.3317370660716,1139.3150773273028,1139.3317393468624,1140.315079037895,1140.315079037895,1140.6650880755205,1140.5486281338763,1140.5486361166386,1140.6650880755205,1140.6650880755205,1140.6650880755205,1140.6650880755205,1140.6650880755205,1140.6650880755205,0.11058990328820073,1143.700012658379,[-301.0],[75.0],[1],[0],[0],[3.033355399969878],1143.7011604654854,1143.704329621918,None,,,,,,,,,,,,,ED23,001,2024-01-26_17h32.04.562,rating,2023.2.3,59.99692109293908,2024-01-26 17h32.35.906989 +0800,
neu_134.jpg,0,344,344,231,1143.7318045774318,,,,,,,,,,,,,,,,,,,,,,,1143.7045634028018,,1143.7045941934539,1143.7046010358226,1143.7318045774318,1144.7151140480073,1144.7317780632566,1145.7151223158671,1145.7151223158671,1146.0651384809626,1145.9486808201054,1145.9486888028641,1146.0651384809626,1146.0651384809626,1146.0651384809626,1146.0651384809626,1146.0651384809626,1146.0651384809626,0.11060016684132279,1147.2333709093346,[221.0],[-10.0],[1],[0],[0],[1.1666903298537363],1147.2345289799905,1147.2376499547554,None,,,,,,,,,,,,,ED23,001,2024-01-26_17h32.04.562,rating,2023.2.3,59.99692109293908,2024-01-26 17h32.35.906989 +0800,
neu_6.jpg,0,345,345,340,1147.2651365993097,,,,,,,,,,,,,,,,,,,,,,,1147.237883450538,,1147.237913670995,1147.2379205133602,1147.2651365993097,1148.2484808519202,1148.2651368844072,1149.248478286032,1149.248478286032,1149.598481051491,1149.4820504750041,1149.4820584577665,1149.598481051491,1149.598481051491,1149.598481051491,1149.598481051491,1149.598481051491,1149.598481051491,0.11062297473108629,1150.533393888285,[244.0],[-5.0],[1],[0],[0],[0.933378435936902],1150.5344612975769,1150.5375896849055,None,,,,,,,,,,,,,ED23,001,2024-01-26_17h32.04.562,rating,2023.2.3,59.99692109293908,2024-01-26 17h32.35.906989 +0800,
neu_127.jpg,0,346,346,223,1150.5651544464836,,,,,,,,,,,,,,,,,,,,,,,1150.537822895587,,1150.5378539713402,1150.5378610988064,1150.5651544464836,1151.548486439855,1151.5651498849056,1152.5484989841952,1152.5484989841952,1152.8985054559325,1152.7820361060312,1152.7820440887936,1152.8985054559325,1152.8985054559325,1152.8985054559325,1152.8985054559325,1152.8985054559325,1152.8985054559325,0.11070508313787286,1153.600041396321,[268.0],[48.0],[1],[0],[0],[0.7000226368290896],1153.601135034687,1153.6041234385866,None,,,,,,,,,,,,,ED23,001,2024-01-26_17h32.04.562,rating,2023.2.3,59.99692109293908,2024-01-26 17h32.35.906989 +0800,
neg_130.jpg,0,347,347,35,1153.6318946115807,,,,,,,,,,,,,,,,,,,,,,,1153.6043315605912,,1153.6043589300589,1153.604365202229,1153.6318946115807,1154.6151807040678,1154.631894041382,1155.6151841252522,1155.6151841252522,1155.9651925926828,1155.8487891005661,1155.8487979386246,1155.9651925926828,1155.9651925926828,1155.9651925926828,1155.9651925926828,1155.9651925926828,1155.9651925926828,0.11089096744763083,1156.6667787104325,[-314.0],[106.0],[1],[0],[0],[0.7000286239053821],1156.6679342152001,1156.671036658552,None,,,,,,,,,,,,,ED23,001,2024-01-26_17h32.04.562,rating,2023.2.3,59.99692109293908,2024-01-26 17h32.35.906989 +0800,
neg_3.jpg,0,348,348,115,1156.6985606510298,,,,,,,,,,,,,,,,,,,,,,,1156.671242784867,,1156.6712701543347,1156.671276711606,1156.6985606510298,1157.6818903636104,1157.6985349921506,1158.6818729725946,1158.6818729725946,1159.0318811549241,1158.915453429423,1158.9154614121853,1159.0318811549241,1159.0318811549241,1159.0318811549241,1159.0318811549241,1159.0318811549241,1159.0318811549241,0.11066716501954943,1159.9668014042818,[-282.0],[-19.0],[1],[0],[0],[0.9333590492315125],1159.96787594104,1159.9709743930125,None,,,,,,,,,,,,,ED23,001,2024-01-26_17h32.04.562,rating,2023.2.3,59.99692109293908,2024-01-26 17h32.35.906989 +0800,
neg_117.jpg,0,349,349,20,1159.9985522691295,,,,,,,,,,,,,,,,,,,,,,,1159.9711836554106,,1159.971211595077,1159.971217867247,1159.9985522691295,1160.9818928154582,1160.9985582562022,1161.9819027939102,1161.9819027939102,1162.3318913044368,1162.2154404859448,1162.215448468707,1162.3318913044368,1162.3318913044368,1162.3318913044368,1162.3318913044368,1162.3318913044368,1162.3318913044368,0.11074784793163417,1163.0334948132022,[-297.0],[85.0],[1],[0],[0],[0.7000129434782139],1163.0346183869242,1163.0377464891517,None,,,,,,,,,,,,,ED23,001,2024-01-26_17h32.04.562,rating,2023.2.3,59.99692109293908,2024-01-26 17h32.35.906989 +0800,
neu_65.jpg,0,350,350,346,1163.065306974253,,,,,,,,,,,,,,,,,,,,,,,1163.0379845465159,,1163.0380139116733,1163.038020754042,1163.065306974253,1164.0485614207955,1164.065291008732,1165.048590215758,1165.048590215758,1165.3985907004262,1165.2821501454873,1165.2821584133471,1165.3985907004262,1165.3985907004262,1165.3985907004262,1165.3985907004262,1165.3985907004262,1165.3985907004262,0.11062981709619635,1166.3335922028946,[294.0],[57.0],[1],[0],[0],[0.9334200603370846],1166.3347123554358,1166.3379185746908,None,,,,,,,,,,,,,ED23,001,2024-01-26_17h32.04.562,rating,2023.2.3,59.99692109293908,2024-01-26 17h32.35.906989 +0800,
neg_45.jpg,0,351,351,132,1166.3652777801526,,,,,,,,,,,,,,,,,,,,,,,1166.3381657552072,,1166.338193124675,1166.3381996819462,1166.3652777801526,1167.3486035013539,1167.3652686569967,1168.3486280198358,1168.3486280198358,1168.6986145346727,1168.5822141786393,1168.5822221614017,1168.6986145346727,1168.6986145346727,1168.6986145346727,1168.6986145346727,1168.6986145346727,1168.6986145346727,0.11047643403071561,1169.2837033628548,[-307.0],[-31.0],[1],[0],[0],[0.58351052213402],1169.284839195816,1169.2879607407795,None,,,,,,,,,,,,,ED23,001,2024-01-26_17h32.04.562,rating,2023.2.3,59.99692109293908,2024-01-26 17h32.35.906989 +0800,
neg_46.jpg,0,352,352,133,1169.3152843089138,,,,,,,,,,,,,,,,,,,,,,,1169.2881922408687,,1169.2882227464233,1169.2882298738896,1169.3152843089138,1170.2986388250738,1170.315288300293,1171.2986282764268,1171.2986282764268,1171.648627050503,1171.532207022663,1171.5322147203278,1171.648627050503,1171.648627050503,1171.648627050503,1171.648627050503,1171.648627050503,1171.648627050503,0.11045847281638999,1172.350722354413,[-311.0],[-41.0],[1],[0],[0],[0.70046967149392],1172.3518866972427,1172.3548742458424,None,,,,,,,,,,,,,ED23,001,2024-01-26_17h32.04.562,rating,2023.2.3,59.99692109293908,2024-01-26 17h32.35.906989 +0800,
neg_116.jpg,0,353,353,19,1172.3819708754654,,,,,,,,,,,,,,,,,,,,,,,1172.3550835082406,,1172.355111733008,1172.3551180051782,1172.3819708754654,1173.365315983372,1173.3819748668448,1174.365316553567,1174.365316553567,1174.7153364249443,1174.5988904531314,1174.5988987209912,1174.7153364249443,1174.7153364249443,1174.7153364249443,1174.7153364249443,1174.7153364249443,1174.7153364249443,0.1102819967600226,1177.167056681601,[-342.0],[114.0],[1],[0],[0],[2.4501368188357446],1177.1681859572946,1177.1712986641996,None,,,,,,,,,,,,,ED23,001,2024-01-26_17h32.04.562,rating,2023.2.3,59.99692109293908,2024-01-26 17h32.35.906989 +0800,
neg_142.jpg,0,354,354,48,1177.1986735500886,,,,,,,,,,,,,,,,,,,,,,,1177.1715290238953,,1177.1715600996486,1177.1715672271148,1177.1986735500886,1178.1820021222757,1178.1986726947925,1179.182014666616,1179.182014666616,1179.5320302615091,1179.4155902767689,1179.4155982595312,1179.5320302615091,1179.5320302615091,1179.5320302615091,1179.5320302615091,1179.5320302615091,1179.5320302615091,0.11052404550355277,1180.233755792493,[-286.0],[86.0],[1],[0],[0],[0.7001266978331842],1180.2349121525567,1180.237924219642,None,,,,,,,,,,,,,ED23,001,2024-01-26_17h32.04.562,rating,2023.2.3,59.99692109293908,2024-01-26 17h32.35.906989 +0800,
neu_94.jpg,0,355,355,378,1180.2653595464417,,,,,,,,,,,,,,,,,,,,,,,1180.2381343373363,,1180.2381617068077,1180.2381679789778,1180.2653595464417,1181.2486975268857,1181.2653638229222,1182.248705224547,1182.248705224547,1182.5987097005946,1182.4822688605582,1182.4822776986166,1182.5987097005946,1182.5987097005946,1182.5987097005946,1182.5987097005946,1182.5987097005946,1182.5987097005946,0.11060501351676066,1183.417026318597,[245.0],[66.0],[1],[0],[0],[0.8166912706801668],1183.4181430499502,1183.4212261065968,None,,,,,,,,,,,,,ED23,001,2024-01-26_17h32.04.562,rating,2023.2.3,59.99692109293908,2024-01-26 17h32.35.906989 +0800,
neu_123.jpg,0,356,356,219,1183.4487193084187,,,,,,,,,,,,,,,,,,,,,,,1183.421435368995,,1183.4214627384627,1183.4214690106328,1183.4487193084187,1184.4320820924422,1184.448741831211,1185.4320729692863,1185.4320729692863,1185.7820905598728,1185.6655895640233,1185.6655975467856,1185.7820905598728,1185.7820905598728,1185.7820905598728,1185.7820905598728,1185.7820905598728,1185.7820905598728,0.11068313054056489,1187.1836984591555,[249.0],[49.0],[1],[0],[0],[1.4000156234033057],1187.1848633721802,1187.1879849171437,None,,,,,,,,,,,,,ED23,001,2024-01-26_17h32.04.562,rating,2023.2.3,59.99692109293908,2024-01-26 17h32.35.906989 +0800,
neu_184.jpg,0,357,357,286,1187.2154019976315,,,,,,,,,,,,,,,,,,,,,,,1187.1881907583575,,1187.1882184129263,1187.1882243999953,1187.2154019976315,1188.1987442545487,1188.2154099803902,1189.1987485310292,1189.1987485310292,1189.5487552878676,1189.4323238560846,1189.4323329792405,1189.5487552878676,1189.5487552878676,1189.5487552878676,1189.5487552878676,1189.5487552878676,1189.5487552878676,0.11059161388038774,1190.4837910021724,[255.0],[41.0],[1],[0],[0],[0.9333892696849944],1190.48495363441,1190.4879788160306,None,,,,,,,,,,,,,ED23,001,2024-01-26_17h32.04.562,rating,2023.2.3,59.99692109293908,2024-01-26 17h32.35.906989 +0800,
neg_68.jpg,0,358,358,157,1190.5154295381562,,,,,,,,,,,,,,,,,,,,,,,1190.4882083204338,,1190.4882382557898,1190.4882450981586,1190.5154295381562,1191.4987683738964,1191.5154457887784,1192.498828814807,1192.498828814807,1192.8487825432985,1192.7323143337908,1192.7323226016506,1192.8487825432985,1192.8487825432985,1192.8487825432985,1192.8487825432985,1192.8487825432985,1192.8487825432985,0.11059703075807192,1193.6671048632688,[287.0],[49.0],[1],[0],[0],[0.8167223464297422],1193.6681985016348,1193.671286690058,None,,,,,,,,,,,,,ED23,001,2024-01-26_17h32.04.562,rating,2023.2.3,59.99692109293908,2024-01-26 17h32.35.906989 +0800,
neu_118.jpg,0,359,359,213,1193.6987781812877,,,,,,,,,,,,,,,,,,,,,,,1193.6714931014703,,1193.671520470938,1193.6715267431082,1193.6987781812877,1194.6821529394529,1194.6987901554294,1195.6821771728373,1195.6821771728373,1196.0321391691887,1195.9156752361614,1195.9156832189237,1196.0321391691887,1196.0321391691887,1196.0321391691887,1196.0321391691887,1196.0321391691887,1196.0321391691887,0.11070964471582556,1196.733939396012,[289.0],[127.0],[1],[0],[0],[0.7001400974695571],1196.735072377991,1198.2492269550512,space,1196.748734589708,1196.748734589708,1.4885758125747088,None,,,,,,,,,ED23,001,2024-01-26_17h32.04.562,rating,2023.2.3,59.99692109293908,2024-01-26 17h32.35.906989 +0800,
neu_90.jpg,0,360,360,374,1198.265479858068,,,,,,,,,,,,,,,,,,,,,,,1198.2495930216992,1198.265479858068,1199.249012845974,1199.2490199734402,1199.2821578431485,1200.2488415016942,1200.2821635451237,1201.248849769554,1201.248849769554,1201.5988582369846,1201.4824025718171,1201.4824242393133,1201.5988582369846,1201.5988582369846,1201.5988582369846,1201.5988582369846,1201.5988582369846,1201.5988582369846,0.09946421413405915,1202.1838133539077,[266.0],[59.0],[1],[0],[0],[0.5833585645632411],1202.184906422075,1202.188002593257,None,,,,,1199.2821578431485,,,,,,,,ED23,001,2024-01-26_17h32.04.562,rating,2023.2.3,59.99692109293908,2024-01-26 17h32.35.906989 +0800,
neg_88.jpg,0,361,361,179,1202.2155151817879,,,,,,,,,,,,,,,,,,,,,,,1202.1882363741406,,1202.1882680200888,1202.188274862454,1202.2155151817879,1203.198879106205,1203.2155191731672,1204.1988657065685,1204.1988657065685,1204.5488721783095,1204.4324088154772,1204.4324167982395,1204.5488721783095,1204.5488721783095,1204.5488721783095,1204.5488721783095,1204.5488721783095,1204.5488721783095,0.11066374383517541,1206.1838401531768,[-308.0],[-9.0],[1],[0],[0],[1.633347759325261],1206.184924098192,1206.1881160625144,None,,,,,,,,,,,,,ED23,001,2024-01-26_17h32.04.562,rating,2023.2.3,59.99692109293908,2024-01-26 17h32.35.906989 +0800,
neu_4.jpg,0,362,362,318,1206.2155374194826,,,,,,,,,,,,,,,,,,,,,,,1206.1883518390878,,1206.1883820595413,1206.188389472105,1206.2155374194826,1207.198875399923,1207.2155442618478,1208.1988828124868,1208.1988828124868,1208.548888714029,1208.4324367551435,1208.4324444528083,1208.548888714029,1208.548888714029,1208.548888714029,1208.548888714029,1208.548888714029,1208.548888714029,0.11056253382048453,1209.7172691085925,[289.0],[16.0],[1],[0],[0],[1.166747349583602],1209.7187402175532,1209.7220074479173,None,,,,,,,,,,,,,ED23,001,2024-01-26_17h32.04.562,rating,2023.2.3,59.99692109293908,2024-01-26 17h32.35.906989 +0800,
neg_92.jpg,0,363,363,184,1209.7488876876723,,,,,,,,,,,,,,,,,,,,,,,1209.7222825681001,,1209.7223133587522,1209.7223204862185,1209.7488876876723,1210.7322436293307,1210.748903083002,1211.7323248824414,1211.7323248824414,1212.0822806066226,1211.9657838872536,1211.9657918700123,1212.0822806066226,1212.0822806066226,1212.0822806066226,1212.0822806066226,1212.0822806066226,1212.0822806066226,0.11002540799017879,1212.667235723542,[-287.0],[13.0],[1],[0],[0],[0.5833226421345898],1212.6683390552625,1212.671491105777,None,,,,,,,,,,,,,ED23,001,2024-01-26_17h32.04.562,rating,2023.2.3,59.99692109293908,2024-01-26 17h32.35.906989 +0800,
neg_90.jpg,0,364,364,182,1212.698919020013,,,,,,,,,,,,,,,,,,,,,,,1212.6717291631376,,1212.6717613792844,1212.6717693620467,1212.698919020013,1213.6822840848272,1213.6989603593156,1214.6822604216377,1214.6822604216377,1215.0322651827864,1214.9158018199578,1214.9158098027165,1215.0322651827864,1215.0322651827864,1215.0322651827864,1215.0322651827864,1215.0322651827864,1215.0322651827864,0.11056053812717437,1216.3173321724116,[-282.0],[48.0],[1],[0],[0],[1.2833860480714065],1216.3184528951479,1216.3215727295192,None,,,,,,,,,,,,,ED23,001,2024-01-26_17h32.04.562,rating,2023.2.3,59.99692109293908,2024-01-26 17h32.35.906989 +0800,
neu_168.jpg,0,365,365,268,1216.3489607299434,,,,,,,,,,,,,,,,,,,,,,,1216.3218073656953,,1216.321838441445,1216.3218452838137,1216.3489607299434,1217.3322793236784,1217.348945904816,1218.332283600159,1218.332283600159,1218.6822233588155,1218.5658249984754,1218.5658329812377,1218.6822233588155,1218.6822233588155,1218.6822233588155,1218.6822233588155,1218.6822233588155,1218.6822233588155,0.11044222219425137,1219.3839243713137,[239.0],[57.0],[1],[0],[0],[0.7000882095162524],1219.385025137146,1219.388113040468,None,,,,,,,,,,,,,ED23,001,2024-01-26_17h32.04.562,rating,2023.2.3,59.99692109293908,2024-01-26 17h32.35.906989 +0800,
neu_28.jpg,0,366,366,305,1219.4156307607755,,,,,,,,,,,,,,,,,,,,,,,1219.3883414044776,,1219.3883696292414,1219.3883759014116,1219.4156307607755,1220.3989932596978,1220.415641024325,1221.398975013386,1221.398975013386,1221.7489786341375,1221.6325235391687,1221.632531521931,1221.7489786341375,1221.7489786341375,1221.7489786341375,1221.7489786341375,1221.7489786341375,1221.7489786341375,0.11067514778187615,1222.4508059453347,[255.0],[-8.0],[1],[0],[0],[0.7001321147072304],1222.4519109876437,1222.4550048780384,None,,,,,,,,,,,,,ED23,001,2024-01-26_17h32.04.562,rating,2023.2.3,59.99692109293908,2024-01-26 17h32.35.906989 +0800,
neg_25.jpg,0,367,367,110,1222.482317327327,,,,,,,,,,,,,,,,,,,,,,,1222.4552121447468,,1222.4552397993157,1222.4552460714822,1222.482317327327,1223.465664716021,1223.4823569560376,1224.4656553077675,1224.4656553077675,1224.8156669112814,1224.6992086802293,1224.699216948089,1224.8156669112814,1224.8156669112814,1224.8156669112814,1224.8156669112814,1224.8156669112814,1224.8156669112814,0.1104829912983405,1225.5173539539483,[-253.0],[-11.0],[1],[0],[0],[0.7000220666341193],1225.5184883614183,1225.52164155233,None,,,,,,,,,,,,,ED23,001,2024-01-26_17h32.04.562,rating,2023.2.3,59.99692109293908,2024-01-26 17h32.35.906989 +0800,
neg_1.jpg,0,368,368,0,1225.549006459767,,,,,,,,,,,,,,,,,,,,,,,1225.521849674331,,1225.5218773288998,1225.52188360107,1225.549006459767,1226.5323430147128,1226.5490386759102,1227.5323512825726,1227.5323512825726,1227.8822859094562,1227.7658795663538,1227.765887549116,1227.8822859094562,1227.8822859094562,1227.8822859094562,1227.8822859094562,1227.8822859094562,1227.8822859094562,0.1104710171566694,1229.9840635564706,[121.0],[51.0],[1],[0],[0],[2.100090148189338],1229.985225048311,1229.9883354744252,None,,,,,,,,,,,,,ED23,001,2024-01-26_17h32.04.562,rating,2023.2.3,59.99692109293908,2024-01-26 17h32.35.906989 +0800,
neg_135.jpg,0,369,369,40,1230.0157083646245,,,,,,,,,,,,,,,,,,,,,,,1229.988546732513,,1229.988597480069,1229.9886037522392,1230.0157083646245,1230.9990560384194,1231.0157132113,1231.9990774208145,1231.9990774208145,1232.349006630824,1232.232594300649,1232.2326022834113,1232.349006630824,1232.349006630824,1232.349006630824,1232.349006630824,1232.349006630824,1232.349006630824,0.1104647449865297,1232.817505512381,[-219.0],[-16.0],[1],[0],[0],[0.46683219493206707],1232.8187000756643,1232.821807935894,None,,,,,,,,,,,,,ED23,001,2024-01-26_17h32.04.562,rating,2023.2.3,59.99692109293908,2024-01-26 17h32.35.906989 +0800,
neg_28.jpg,0,370,370,113,1232.8490930157113,,,,,,,,,,,,,,,,,,,,,,,1232.8220351595064,,1232.8220659501585,1232.8220730776247,1232.8490930157113,1233.832418166714,1233.8490582336763,1234.832399635301,1234.832399635301,1235.1824100984213,1235.065974675259,1235.0659829431188,1235.1824100984213,1235.1824100984213,1235.1824100984213,1235.1824100984213,1235.1824100984213,1235.1824100984213,0.11039803190578823,1235.7674684210488,[-198.0],[-21.0],[1],[0],[0],[0.5833876446231443],1235.7686267768058,1235.771771129659,None,,,,,,,,,,,,,ED23,001,2024-01-26_17h32.04.562,rating,2023.2.3,59.99692109293908,2024-01-26 17h32.35.906989 +0800,
neu_69.jpg,0,371,371,350,1235.7990721750011,,,,,,,,,,,,,,,,,,,,,,,1235.7720009191598,,1235.7720308545158,1235.772037981982,1235.7990721750011,1236.7824138617234,1236.7990781620738,1237.7824398057,1237.7824398057,1238.1323521948889,1238.016006292697,1238.0160142754594,1238.1323521948889,1238.1323521948889,1238.1323521948889,1238.1323521948889,1238.1323521948889,1238.1323521948889,0.1103800706914626,1239.6508291523623,[262.0],[31.0],[1],[0],[0],[1.5168077049638669],1239.6519849422311,1239.655184319121,None,,,,,,,,,,,,,ED23,001,2024-01-26_17h32.04.562,rating,2023.2.3,59.99692109293908,2024-01-26 17h32.35.906989 +0800,
neu_38.jpg,0,372,372,316,1239.682476811502,,,,,,,,,,,,,,,,,,,,,,,1239.6553910156308,,1239.6554183850985,1239.6554246572687,1239.682476811502,1240.6657748781345,1240.6824765264046,1241.6657825757993,1241.6657825757993,1242.0324815726508,1241.8993524839807,1241.899360466743,1242.0324815726508,1242.0324815726508,1242.0324815726508,1242.0324815726508,1242.0324815726508,1242.0324815726508,0.12712134767207317,1243.5508610263914,[254.0],[13.0],[1],[0],[0],[1.5167247412573488],1243.552010258989,1243.5551794154217,None,,,,,,,,,,,,,ED23,001,2024-01-26_17h32.04.562,rating,2023.2.3,59.99692109293908,2024-01-26 17h32.35.906989 +0800,
neg_99.jpg,0,373,373,191,1243.5824787501751,,,,,,,,,,,,,,,,,,,,,,,1243.555389818217,,1243.555418898277,1243.555425170447,1243.5824787501751,1244.565800765091,1244.5824741885972,1245.5658084627557,1245.5658084627557,1245.932481230533,1245.799392625866,1245.7994003235308,1245.932481230533,1245.932481230533,1245.932481230533,1245.932481230533,1245.932481230533,1245.932481230533,0.12712248806928983,1247.2175727386402,[-266.0],[-6.0],[1],[0],[0],[1.2833914649454528],1247.2187208308478,1247.221899395534,None,,,,,,,,,,,,,ED23,001,2024-01-26_17h32.04.562,rating,2023.2.3,59.99692109293908,2024-01-26 17h32.35.906989 +0800,
neg_29.jpg,0,374,374,114,1247.2491556803925,,,,,,,,,,,,,,,,,,,,,,,1247.2221075175385,,1247.2221351721073,1247.2221414442774,1247.2491556803925,1248.2324925204393,1248.2491571058836,1249.2324996479056,1249.2324996479056,1249.599172415683,1249.4660692709858,1249.4660775388456,1249.599172415683,1249.599172415683,1249.599172415683,1249.599172415683,1249.599172415683,1249.599172415683,0.12709426330184215,1250.0675658107448,[-246.0],[-16.0],[1],[0],[0],[0.4666825181484455],1250.068687388777,1250.0718365883058,None,,,,,,,,,,,,,ED23,001,2024-01-26_17h32.04.562,rating,2023.2.3,59.99692109293908,2024-01-26 17h32.35.906989 +0800,
neu_21.jpg,0,375,375,298,1250.0991641478195,,,,,,,,,,,,,,,,,,,,,,,1250.0720655225105,,1250.07209659826,1250.0721034406288,1250.0991641478195,1251.0825143875027,1251.0991766921597,1252.082532348717,1252.082532348717,1252.4492139545528,1252.3161011165048,1252.3161090992671,1252.4492139545528,1252.4492139545528,1252.4492139545528,1252.4492139545528,1252.4492139545528,1252.4492139545528,0.1271746611164417,1253.0342648646165,[-258.0],[-4.0],[1],[0],[0],[0.5833825128502212],1253.035389578732,1253.0385094131034,None,,,,,,,,,,,,,ED23,001,2024-01-26_17h32.04.562,rating,2023.2.3,59.99692109293908,2024-01-26 17h32.35.906989 +0800,
neu_61.jpg,0,376,376,342,1253.0658971284302,,,,,,,,,,,,,,,,,,,,,,,1253.038742908886,,1253.0387731293395,1253.0387799717082,1253.0658971284302,1254.0491997566405,1254.065865482482,1255.0492063139081,1255.0492063139081,1255.4158748052087,1255.2827967491921,1255.2828044468533,1255.4158748052087,1255.4158748052087,1255.4158748052087,1255.4158748052087,1255.4158748052087,1255.4158748052087,0.1271575551982096,1256.0843897663271,[221.0],[33.0],[1],[0],[0],[0.666743928399228],1256.0855535389583,1256.0886930451325,None,,,,,,,,,,,,,ED23,001,2024-01-26_17h32.04.562,rating,2023.2.3,59.99692109293908,2024-01-26 17h32.35.906989 +0800,
neu_183.jpg,0,377,377,285,1256.1158834722064,,,,,,,,,,,,,,,,,,,,,,,1256.088950204101,,1256.0889781437672,1256.0889844159374,1256.1158834722064,1257.0992205973507,1257.1159114118727,1258.0992396989586,1258.0992396989586,1258.4658996372982,1258.33279506711,1258.3328033349699,1258.4658996372982,1258.4658996372982,1258.4658996372982,1258.4658996372982,1258.4658996372982,1258.4658996372982,0.1269802238457487,1258.9342810582184,[246.0],[64.0],[1],[0],[0],[0.46669021581328707],1258.9354930125173,1258.9386282422147,None,,,,,,,,,,,,,ED23,001,2024-01-26_17h32.04.562,rating,2023.2.3,59.99692109293908,2024-01-26 17h32.35.906989 +0800,
neg_85.jpg,0,378,378,176,1258.9659099008477,,,,,,,,,,,,,,,,,,,,,,,1258.9388620230948,,1258.9388925286494,1258.9388993710145,1258.9659099008477,1259.9492647021088,1259.965917313415,1260.949284944114,1260.949284944114,1261.3159314828172,1261.1827915603953,1261.1827998282588,1261.3159314828172,1261.3159314828172,1261.3159314828172,1261.3159314828172,1261.3159314828172,1261.3159314828172,0.12709454839932732,1262.834318634219,[-213.0],[-23.0],[1],[0],[0],[1.5166315140049846],1262.8354595989567,1262.8385976796399,None,,,,,,,,,,,,,ED23,001,2024-01-26_17h32.04.562,rating,2023.2.3,59.99692109293908,2024-01-26 17h32.35.906989 +0800,
neu_119.jpg,0,379,379,214,1262.8659657231601,,,,,,,,,,,,,,,,,,,,,,,1262.8388297499278,,1262.8388596852874,1262.83886681275,1262.8659657231601,1263.8492674960744,1263.8659317964248,1264.8492709172588,1264.8492709172588,1265.2159744756882,1265.082818587749,1265.0828262854102,1265.2159744756882,1265.2159744756882,1265.2159744756882,1265.2159744756882,1265.2159744756882,1265.2159744756882,0.12718606506314245,1266.7343693247549,[-202.0],[-18.0],[1],[0],[0],[1.5165596691476821],1266.735523118934,1266.7386626251082,None,,,,,,,,,,,,,ED23,001,2024-01-26_17h32.04.562,rating,2023.2.3,59.99692109293908,2024-01-26 17h32.35.906989 +0800,
neu_27.jpg,0,380,380,304,1266.7659491304203,,,,,,,,,,,,,,,,,,,,,,,1266.7388738831996,,1266.7389021079634,1266.7389083801336,1266.7659491304203,1267.7492948085255,1267.7659591088723,1268.749300510497,1268.749300510497,1269.1159980818575,1268.9828504617744,1268.9828587296342,1269.1159980818575,1269.1159980818575,1269.1159980818575,1269.1159980818575,1269.1159980818575,1269.1159980818575,0.12715413401747355,1270.4011602944283,[249.0],[-13.0],[1],[0],[0],[1.2834285277676827],1270.4023254925505,1270.4054413355389,None,,,,,,,,,,,,,ED23,001,2024-01-26_17h32.04.562,rating,2023.2.3,59.99692109293908,2024-01-26 17h32.35.906989 +0800,
neg_51.jpg,0,381,381,139,1270.4326716764208,,,,,,,,,,,,,,,,,,,,,,,1270.405650597937,,1270.4056776823072,1270.4056836693799,1270.4326716764208,1271.4159931211416,1271.432679374082,1272.415983427787,1272.415983427787,1272.782676722667,1272.649583556422,1272.6495912540868,1272.782676722667,1272.782676722667,1272.782676722667,1272.782676722667,1272.782676722667,1272.782676722667,0.12705634518351872,1273.3677798057815,[-185.0],[-6.0],[1],[0],[0],[0.5833485861112422],1273.3689512760739,1273.3720448813674,None,,,,,,,,,,,,,ED23,001,2024-01-26_17h32.04.562,rating,2023.2.3,59.99692109293908,2024-01-26 17h32.35.906989 +0800,
neu_173.jpg,0,382,382,274,1273.3993348078639,,,,,,,,,,,,,,,,,,,,,,,1273.3722541437655,,1273.3722812281358,1273.372287500306,1273.3993348078639,1274.3826736436004,1274.3993573306561,1275.382679630673,1275.382679630673,1275.7493538239414,1275.6163039926923,1275.6163131158482,1275.7493538239414,1275.7493538239414,1275.7493538239414,1275.7493538239414,1275.7493538239414,1275.7493538239414,0.12713075592910172,1277.6177816589206,[275.0],[-4.0],[1],[0],[0],[1.8666841717240459],1277.6189514186244,1277.622100333052,None,,,,,,,,,,,,,ED23,001,2024-01-26_17h32.04.562,rating,2023.2.3,59.99692109293908,2024-01-26 17h32.35.906989 +0800,
neg_70.jpg,0,383,383,160,1277.649365455969,,,,,,,,,,,,,,,,,,,,,,,1277.6223304076502,,1277.6223603430099,1277.622367470476,1277.649365455969,1278.6327174062408,1278.6493685920523,1279.6327125595653,1279.6327125595653,1279.999378484974,1279.866275055183,1279.8662833230428,1279.999378484974,1279.999378484974,1279.999378484974,1279.999378484974,1279.999378484974,1279.999378484974,0.1270757318889082,1280.9344675127268,[302.0],[-2.0],[1],[0],[0],[0.933273804737837],1280.9356498167672,1280.9387163376905,None,,,,,,,,,,,,,ED23,001,2024-01-26_17h32.04.562,rating,2023.2.3,59.99692109293908,2024-01-26 17h32.35.906989 +0800,
,,,,,,,,,,,,,,,,,,,,,,,,,,,,,,,,,,,,,,,,,,,,,,,,,,,,,,,,,,,,,,1280.9388061437621,1280.9660781090442,1280.9660781090442,1596.9519990831232,space,315.9777933821788,None,ED23,001,2024-01-26_17h32.04.562,rating,2023.2.3,59.99692109293908,2024-01-26 17h32.35.906989 +0800,
