stimulus_filename,trials.thisRepN,trials.thisTrialN,trials.thisN,trials.thisIndex,thisRow.t,notes,welcome.started,welcome_image.started,welcome_key_resp.started,welcome.stopped,welcome_key_resp.keys,welcome_key_resp.rt,welcome_key_resp.duration,instruction.started,instruction_image.started,instruction_key_resp.started,instruction.stopped,instruction_key_resp.keys,instruction_key_resp.rt,instruction_key_resp.duration,start.started,start_image.started,key_resp.started,start.stopped,key_resp.keys,key_resp.rt,key_resp.duration,block_info.started,block_text.started,block_info.stopped,img_presentation.started,ISI_text.started,stimulus_image.started,ISI_text.stopped,stimulus_image.stopped,text.started,text.stopped,img_presentation.stopped,evaluation.started,horizontal_polygon.started,vertical_polygon.started,ha_text.started,la_text.started,negative_text.started,positive_text.started,mouse.started,evaluation.stopped,mouse.x,mouse.y,mouse.leftButton,mouse.midButton,mouse.rightButton,mouse.time,rest.started,rest.stopped,key_resp_2.keys,rest_image.started,key_resp_2.started,key_resp_2.rt,key_resp_2.duration,block_text.stopped,end.started,end_image.started,key_resp_3.started,end.stopped,key_resp_3.keys,key_resp_3.rt,key_resp_3.duration,participant,session,date,expName,psychopyVersion,frameRate,expStart,
,,,,,,,0.01787174402124947,0.05122324769399711,0.05122324769399711,49.35200715713654,space,49.287082029954036,None,,,,,,,,,,,,,,,,,,,,,,,,,,,,,,,,,,,,,,,,,,,,,,,,,,,,,,,,ED27,001,2024-01-30_17h40.12.874,rating,2023.2.3,60.03320394045856,2024-01-30 17h40.24.843199 +0800,
,,,,,,,,,,,,,,49.35202796939848,49.38492616494477,49.38492616494477,52.53532838324827,space,3.1345047879585763,None,,,,,,,,,,,,,,,,,,,,,,,,,,,,,,,,,,,,,,,,,,,,,,,,,ED27,001,2024-01-30_17h40.12.874,rating,2023.2.3,60.03320394045856,2024-01-30 17h40.24.843199 +0800,
,,,,,,,,,,,,,,,,,,,,,52.53534919550657,52.56828930067422,52.56828930067422,56.13538945154869,return,3.5512939523578098,None,,,,,,,,,,,,,,,,,,,,,,,,,,,,,,,,,,,,,,,,,,ED27,001,2024-01-30_17h40.12.874,rating,2023.2.3,60.03320394045856,2024-01-30 17h40.24.843199 +0800,
neg_167.jpg,0,0,0,75,56.16832385472662,,,,,,,,,,,,,,,,,,,,,,,56.155721318711585,56.16832385472662,57.15172023305058,57.15172878603698,57.185024695314496,58.13508040374654,58.18504408207809,59.13504932790602,59.13504932790602,59.38504619181185,59.368574000982335,59.36858340926483,59.38504619181185,59.38504619181185,59.38504619181185,59.38504619181185,59.38504619181185,59.38504619181185,-0.00030619680546806194,61.58545599376157,[289.0],[-252.0],[1],[0],[0],[2.2001155793186626],61.58675348135148,61.590933894560294,None,,,,,,,,,,,,,ED27,001,2024-01-30_17h40.12.874,rating,2023.2.3,60.03320394045856,2024-01-30 17h40.24.843199 +0800,
neg_22.jpg,0,1,1,107,61.618374431371194,,,,,,,,,,,,,,,,,,,,,,,61.59131906391485,,61.59135327584954,61.59136068843509,61.618374431371194,62.601762826911,62.618380703555886,63.601722057690495,63.601722057690495,63.85172576398327,63.835262411234,63.835271249317884,63.85172576398327,63.85172576398327,63.85172576398327,63.85172576398327,63.85172576398327,63.85172576398327,0.010419529538921779,66.25207181769292,[-296.0],[-159.0],[1],[0],[0],[2.400062094660825],66.25246782082468,66.25560904654776,None,,,,,,,,,,,,,ED27,001,2024-01-30_17h40.12.874,rating,2023.2.3,60.03320394045856,2024-01-30 17h40.24.843199 +0800,
neu_124.jpg,0,2,2,220,66.28508547851743,,,,,,,,,,,,,,,,,,,,,,,66.25584282809723,,66.25587561453358,66.255882742018,66.28508547851743,67.26851435818025,67.28509488679993,68.26846361047865,68.26846361047865,68.51846560617196,68.5019811560669,68.50198999415079,68.51846560617196,68.51846560617196,68.51846560617196,68.51846560617196,68.51846560617196,68.51846560617196,0.012637603249459062,72.11888589978116,[206.0],[94.0],[1],[0],[0],[3.600132913361449],72.11928104761682,72.12242056274044,None,,,,,,,,,,,,,ED27,001,2024-01-30_17h40.12.874,rating,2023.2.3,60.03320394045856,2024-01-30 17h40.24.843199 +0800,
neg_73.jpg,0,3,3,163,72.15181146487521,,,,,,,,,,,,,,,,,,,,,,,72.12265120819575,,72.1226839946321,72.12269140721764,72.15181146487521,73.13515082330923,73.15181346057216,74.13516137198894,74.13516137198894,74.3851377087376,74.36875674972907,74.36876672821018,74.3851377087376,74.3851377087376,74.3851377087376,74.3851377087376,74.3851377087376,74.3851377087376,0.012501040611823555,78.50237174231006,[-286.0],[121.0],[1],[0],[0],[4.116928692066722],78.5027705964385,78.50592892813074,None,,,,,,,,,,,,,ED27,001,2024-01-30_17h40.12.874,rating,2023.2.3,60.03320394045856,2024-01-30 17h40.24.843199 +0800,
neg_188.jpg,0,4,4,98,78.53520122889313,,,,,,,,,,,,,,,,,,,,,,,78.50616185438048,,78.5061943557157,78.50620176830125,78.53520122889313,79.51854457872105,79.5352094967784,80.51855284660633,80.51855284660633,80.76855455720215,80.75211201671482,80.75212113989619,80.76855455720215,80.76855455720215,80.76855455720215,80.76855455720215,80.76855455720215,80.76855455720215,0.012404962097207317,83.26902696698744,[-368.0],[332.0],[1],[0],[0],[2.5001855997434177],83.26942696151309,83.27257959121198,None,,,,,,,,,,,,,ED27,001,2024-01-30_17h40.12.874,rating,2023.2.3,60.03320394045856,2024-01-30 17h40.24.843199 +0800,
neg_67.jpg,0,5,5,156,83.30191717974958,,,,,,,,,,,,,,,,,,,,,,,83.27281422806118,,83.27284558899919,83.27285328668586,83.30191717974958,84.28527763554666,84.30192174134208,85.28527421435138,85.28527421435138,85.53526680176583,85.51880430431629,85.5188134275013,85.53526680176583,85.53526680176583,85.53526680176583,85.53526680176583,85.53526680176583,85.53526680176583,0.012467683976865374,90.1524443856506,[-340.0],[-241.0],[1],[0],[0],[4.616883076156228],90.1528463758732,90.15601497114403,None,,,,,,,,,,,,,ED27,001,2024-01-30_17h40.12.874,rating,2023.2.3,60.03320394045856,2024-01-30 17h40.24.843199 +0800,
neu_18.jpg,0,6,6,281,90.18531863284443,,,,,,,,,,,,,,,,,,,,,,,90.1562501781882,,90.15628239442594,90.15629009210897,90.18531863284443,91.16868079923734,91.18532062854138,92.16866511876651,92.16866511876651,92.41866739956458,92.40225450941944,92.4022630624022,92.41866739956458,92.41866739956458,92.41866739956458,92.41866739956458,92.41866739956458,92.41866739956458,0.01243233164495905,97.03586009371793,[322.0],[-149.0],[1],[0],[0],[4.616899611923145],97.03626636043191,97.03940787125248,None,,,,,,,,,,,,,ED27,001,2024-01-30_17h40.12.874,rating,2023.2.3,60.03320394045856,2024-01-30 17h40.24.843199 +0800,
neg_54.jpg,0,7,7,142,97.06874346409677,,,,,,,,,,,,,,,,,,,,,,,97.03964136770082,,97.03967329884108,97.03968099652411,97.06874346409677,98.05205573808416,98.06873605151122,99.0520634357672,99.0520634357672,99.30206543146414,99.28564912012735,99.28565767311011,99.30206543146414,99.30206543146414,99.30206543146414,99.30206543146414,99.30206543146414,99.30206543146414,0.012438318732165499,102.50251657283297,[119.0],[-39.0],[1],[0],[0],[3.200149221051106],102.50292226934835,102.50607717984167,None,,,,,,,,,,,,,ED27,001,2024-01-30_17h40.12.874,rating,2023.2.3,60.03320394045856,2024-01-30 17h40.24.843199 +0800,
neg_158.jpg,0,8,8,65,102.53544812501423,,,,,,,,,,,,,,,,,,,,,,,102.50630982099392,,102.50634203723166,102.50634944981721,102.53544812501423,103.51877351357689,103.53543871673537,104.51878235166078,104.51878235166078,104.76878662815216,104.7523623340312,104.75237060191284,104.76878662815216,104.76878662815216,104.76878662815216,104.76878662815216,104.76878662815216,104.76878662815216,0.012493628026277293,108.81929028483864,[-399.0],[357.0],[1],[0],[0],[4.05019118769269],108.81969911744818,108.82288196768786,None,,,,,,,,,,,,,ED27,001,2024-01-30_17h40.12.874,rating,2023.2.3,60.03320394045856,2024-01-30 17h40.24.843199 +0800,
neg_4.jpg,0,9,9,126,108.85216054064222,,,,,,,,,,,,,,,,,,,,,,,108.82311432373899,,108.82314711017534,108.82315452276089,108.85216054064222,109.83549619278347,109.85216852342637,110.83550873716013,110.83550873716013,111.08551158815317,111.06906505627194,111.06907389435582,111.08551158815317,111.08551158815317,111.08551158815317,111.08551158815317,111.08551158815317,111.08551158815317,0.01241180448414525,118.35261042756974,[-325.0],[159.0],[1],[0],[0],[7.266801480691356],118.35302296647205,118.35619327233871,None,,,,,,,,,,,,,ED27,001,2024-01-30_17h40.12.874,rating,2023.2.3,60.03320394045856,2024-01-30 17h40.24.843199 +0800,
neg_155.jpg,0,10,10,62,118.38558217877653,,,,,,,,,,,,,,,,,,,,,,,118.35642876448401,,118.35646155092036,118.3564689635059,118.38558217877653,119.36894691106136,119.38559272745624,120.36893237099139,120.36893237099139,120.61893493688694,120.60250693646958,120.60251577455347,120.61893493688694,120.61893493688694,120.61893493688694,120.61893493688694,120.61893493688694,120.61893493688694,0.01252071247654385,126.10275782398458,[103.0],[53.0],[1],[0],[0],[5.483499869424122],126.10313957214748,126.10634180915076,None,,,,,,,,,,,,,ED27,001,2024-01-30_17h40.12.874,rating,2023.2.3,60.03320394045856,2024-01-30 17h40.24.843199 +0800,
neu_163.jpg,0,11,11,263,126.1357056268389,,,,,,,,,,,,,,,,,,,,,,,126.10655420823969,,126.10658300328214,126.10658927547047,126.1357056268389,127.11902018162073,127.13566229172284,128.1190045011499,128.1190045011499,128.36900735214658,128.35254143350176,128.35255055668677,128.36900735214658,128.36900735214658,128.36900735214658,128.36900735214658,128.36900735214658,128.36900735214658,0.012473956165194977,133.3028123920194,[292.0],[44.0],[1],[0],[0],[4.933519370224531],133.3032346243017,133.30642374673334,None,,,,,,,,,,,,,ED27,001,2024-01-30_17h40.12.874,rating,2023.2.3,60.03320394045856,2024-01-30 17h40.24.843199 +0800,
neg_23.jpg,0,12,12,108,133.33572541274043,,,,,,,,,,,,,,,,,,,,,,,133.30666408556863,,133.30669630180637,133.30670371439192,133.33572541274043,134.31906847746723,134.33573368062207,135.31911979536744,135.31911979536744,135.5690935662169,135.55263762605682,135.5526467492382,135.5690935662169,135.5690935662169,135.5690935662169,135.5690935662169,135.5690935662169,135.5690935662169,0.012462837286875583,138.26954214169018,[-349.0],[65.0],[1],[0],[0],[2.700128408792807],138.26992160905502,138.27318001065214,None,,,,,,,,,,,,,ED27,001,2024-01-30_17h40.12.874,rating,2023.2.3,60.03320394045856,2024-01-30 17h40.24.843199 +0800,
neg_26.jpg,0,13,13,111,138.30243891174177,,,,,,,,,,,,,,,,,,,,,,,138.27341265180075,,138.273444582941,138.27345199552656,138.30243891174177,139.2857782701758,139.3024451839301,140.28578653806107,140.28578653806107,140.53578967415524,140.51934456777235,140.51935340585624,140.53578967415524,140.53578967415524,140.53578967415524,140.53578967415524,140.53578967415524,140.53578967415524,0.01239127732696943,143.06963696576713,[-293.0],[29.0],[1],[0],[0],[2.5334986149864562],143.07002897750863,143.07331788474403,None,,,,,,,,,,,,,ED27,001,2024-01-30_17h40.12.874,rating,2023.2.3,60.03320394045856,2024-01-30 17h40.24.843199 +0800,
neu_170.jpg,0,14,14,271,143.10248612421128,,,,,,,,,,,,,,,,,,,,,,,143.07355622788236,,143.07358872922123,143.0735964269079,143.10248612421128,144.08584886079916,144.1024921112985,145.08585940947887,145.08585940947887,145.33587252405414,145.31942770277237,145.31943654085626,145.33587252405414,145.33587252405414,145.33587252405414,145.33587252405414,145.33587252405414,145.33587252405414,0.012332831938692834,147.8028466039541,[140.0],[-88.0],[1],[0],[0],[2.466698103631643],147.8032297776117,147.80643087421777,None,,,,,,,,,,,,,ED27,001,2024-01-30_17h40.12.874,rating,2023.2.3,60.03320394045856,2024-01-30 17h40.24.843199 +0800,
neg_14.jpg,0,15,15,45,147.83586254557304,,,,,,,,,,,,,,,,,,,,,,,147.80666465576724,,147.80669630180637,147.80670371439192,147.83586254557304,148.81920446990262,148.83587195385553,149.81921416328623,149.81921416328623,150.06921587388206,150.05274938504226,150.0527582231225,150.06921587388206,150.06921587388206,150.06921587388206,150.06921587388206,150.06921587388206,150.06921587388206,0.012566328387038084,156.21972015778738,[-127.0],[-274.0],[1],[0],[0],[6.150193810604833],156.22015778543937,156.22335089926128,None,,,,,,,,,,,,,ED27,001,2024-01-30_17h40.12.874,rating,2023.2.3,60.03320394045856,2024-01-30 17h40.24.843199 +0800,
neu_151.jpg,0,16,16,250,156.2526092301523,,,,,,,,,,,,,,,,,,,,,,,156.22358952750074,,156.22362145863735,156.2236288712229,156.2526092301523,157.23594801838772,157.25261550234063,158.23595885216855,158.23595885216855,158.48596027766325,158.4694952143218,158.46950376730456,158.48596027766325,158.48596027766325,158.48596027766325,158.48596027766325,158.48596027766325,158.48596027766325,0.012383009441691684,162.46976976509177,[270.0],[-73.0],[1],[0],[0],[3.983510418103833],162.47016833411908,162.47334747806963,None,,,,,,,,,,,,,ED27,001,2024-01-30_17h40.12.874,rating,2023.2.3,60.03320394045856,2024-01-30 17h40.24.843199 +0800,
neu_139.jpg,0,17,17,236,162.5027135765522,,,,,,,,,,,,,,,,,,,,,,,162.47355987715855,,162.47358838710352,162.47359522948682,162.5027135765522,163.48601102536486,163.50270987025579,164.48602014854987,164.48602014854987,164.73602100384596,164.71959585442528,164.71960440741168,164.73602100384596,164.73602100384596,164.73602100384596,164.73602100384596,164.73602100384596,164.73602100384596,0.012478802855184767,168.6697447903789,[356.0],[-253.0],[1],[0],[0],[3.933391075475811],168.67014507000567,168.67331195467705,None,,,,,,,,,,,,,ED27,001,2024-01-30_17h40.12.874,rating,2023.2.3,60.03320394045856,2024-01-30 17h40.24.843199 +0800,
neg_2.jpg,0,18,18,104,168.7027484727223,,,,,,,,,,,,,,,,,,,,,,,168.67354687662373,,168.67357909286147,168.67358650544702,168.7027484727223,169.6860695847936,169.70273535814704,170.68609980533438,170.68609980533438,170.93608868645606,170.91968720029035,170.91969860426616,170.93608868645606,170.93608868645606,170.93608868645606,170.93608868645606,170.93608868645606,170.93608868645606,0.012579728059790796,175.71990461712994,[-212.0],[-212.0],[1],[0],[0],[4.783452999075962],175.72029320767615,175.72344954367145,None,,,,,,,,,,,,,ED27,001,2024-01-30_17h40.12.874,rating,2023.2.3,60.03320394045856,2024-01-30 17h40.24.843199 +0800,
neu_156.jpg,0,19,19,255,175.75279682558903,,,,,,,,,,,,,,,,,,,,,,,175.72366222785786,,175.72369159310256,175.7236984354895,175.75279682558903,176.7361330479289,176.75282619083373,177.73614445190833,177.73614445190833,177.98615984727803,177.96968024386297,177.96968879684573,177.98615984727803,177.98615984727803,177.98615984727803,177.98615984727803,177.98615984727803,177.98615984727803,0.012514440288214246,182.2531959648186,[-37.0],[-92.0],[1],[0],[0],[4.266716235957574],182.25358769145896,182.25677510329115,None,,,,,,,,,,,,,ED27,001,2024-01-30_17h40.12.874,rating,2023.2.3,60.03320394045856,2024-01-30 17h40.24.843199 +0800,
neu_94.jpg,0,20,20,378,182.28619651106783,,,,,,,,,,,,,,,,,,,,,,,182.25700888484062,,182.25704081597723,182.2570485136639,182.28619651106783,183.2695338738049,183.28623785048694,184.26955953275683,184.26955953275683,184.5195678006421,184.5030773634462,184.5030862015301,184.5195678006421,184.5195678006421,184.5195678006421,184.5195678006421,184.5195678006421,184.5195678006421,0.012574881369801005,188.93672502842674,[89.0],[-42.0],[1],[0],[0],[4.416837631302769],188.93717548555287,188.94034978281343,None,,,,,,,,,,,,,ED27,001,2024-01-30_17h40.12.874,rating,2023.2.3,60.03320394045856,2024-01-30 17h40.24.843199 +0800,
neg_61.jpg,0,21,21,150,188.96958844183973,,,,,,,,,,,,,,,,,,,,,,,188.9405855600562,,188.94061777629395,188.94062547397698,188.96958844183973,189.9529537443268,189.96959300343224,190.95294519134404,190.95294519134404,191.20296201220845,191.18647243031228,191.18648183859477,191.20296201220845,191.20296201220845,191.20296201220845,191.20296201220845,191.20296201220845,191.20296201220845,0.012392702821671264,194.15339975390452,[49.0],[66.0],[1],[0],[0],[2.950126983294467],194.15382968386984,194.1570139596115,None,,,,,,,,,,,,,ED27,001,2024-01-30_17h40.12.874,rating,2023.2.3,60.03320394045856,2024-01-30 17h40.24.843199 +0800,
neg_136.jpg,0,22,22,41,194.1863310209883,,,,,,,,,,,,,,,,,,,,,,,194.15724717095873,,194.1572802424962,194.15728794017923,194.1863310209883,195.16964643106985,195.18631362992164,196.169654413854,196.169654413854,196.41965754994817,196.4031887803103,196.40319733329306,196.41965754994817,196.41965754994817,196.41965754994817,196.41965754994817,196.41965754994817,196.41965754994817,0.012423493561072974,201.1701727246509,[-100.0],[45.0],[1],[0],[0],[4.750168493774254],201.17057186387683,201.17376241180682,None,,,,,,,,,,,,,ED27,001,2024-01-30_17h40.12.874,rating,2023.2.3,60.03320394045856,2024-01-30 17h40.24.843199 +0800,
neu_90.jpg,0,23,23,374,201.20304925263918,,,,,,,,,,,,,,,,,,,,,,,201.17399733374987,,201.17402983508873,201.17403724767428,201.20304925263918,202.18643935877844,202.20305210363586,203.18639830445682,203.18639830445682,203.43632874019022,203.42001249876193,203.42002276234052,203.43632874019022,203.43632874019022,203.43632874019022,203.43632874019022,203.43632874019022,203.43632874019022,0.012346231615083525,207.52011376608425,[-45.0],[-23.0],[1],[0],[0],[4.083478258886316],207.52054084505653,207.52378470658368,None,,,,,,,,,,,,,ED27,001,2024-01-30_17h40.12.874,rating,2023.2.3,60.03320394045856,2024-01-30 17h40.24.843199 +0800,
neu_35.jpg,0,24,24,313,207.55309777656657,,,,,,,,,,,,,,,,,,,,,,,207.52399568017427,,207.52402476031784,207.52403160270478,207.55309777656657,208.53643970089615,208.55310775504768,209.53644967937726,209.53644967937726,209.78638809789845,209.7699854713319,209.76999402431466,209.78638809789845,209.78638809789845,209.78638809789845,209.78638809789845,209.78638809789845,209.78638809789845,0.012431476348865544,212.98682755018672,[81.0],[117.0],[1],[0],[0],[3.200102179642272],212.98723125100514,212.99048452081115,None,,,,,,,,,,,,,ED27,001,2024-01-30_17h40.12.874,rating,2023.2.3,60.03320394045856,2024-01-30 17h40.24.843199 +0800,
neu_23.jpg,0,25,25,300,213.01982809643596,,,,,,,,,,,,,,,,,,,,,,,212.99072086825254,,212.99076135237556,212.9907681947625,213.01982809643596,214.00315947208946,214.0198235348471,215.00316517407555,215.00316517407555,215.26983807491706,215.23674572664459,215.23675427962735,215.26983807491706,215.26983807491706,215.26983807491706,215.26983807491706,215.26983807491706,215.26983807491706,0.02912319375172956,218.05350803467445,[339.0],[-279.0],[1],[0],[0],[2.783337818895234],218.05395735140337,218.05714818443084,None,,,,,,,,,,,,,ED27,001,2024-01-30_17h40.12.874,rating,2023.2.3,60.03320394045856,2024-01-30 17h40.24.843199 +0800,
neg_20.jpg,0,26,26,105,218.0865547670328,,,,,,,,,,,,,,,,,,,,,,,218.05738082557946,,218.0574124716186,218.05742815208941,218.0865547670328,219.0698755940066,219.08653766106727,220.06987930029936,220.06987930029936,220.3365533415381,220.30342735152954,220.30343618961342,220.3365533415381,220.3365533415381,220.3365533415381,220.3365533415381,220.3365533415381,220.3365533415381,0.029188766624429263,224.67044185852865,[-366.0],[104.0],[1],[0],[0],[4.333544401957624],224.67089972824397,224.67408229338616,None,,,,,,,,,,,,,ED27,001,2024-01-30_17h40.12.874,rating,2023.2.3,60.03320394045856,2024-01-30 17h40.24.843199 +0800,
neg_189.jpg,0,27,27,99,224.7032710600106,,,,,,,,,,,,,,,,,,,,,,,224.67431892592867,,224.67435826965084,224.67436511203778,224.7032710600106,225.68660614195687,225.7032810384917,226.68661127374435,226.68661127374435,226.953279612997,226.92017529054647,226.92018384352923,226.953279612997,226.953279612997,226.953279612997,226.953279612997,226.953279612997,226.953279612997,0.028968099653866375,231.20360690716188,[-376.0],[152.0],[1],[0],[0],[4.250015395373339],231.2040140291756,231.20721141948889,None,,,,,,,,,,,,,ED27,001,2024-01-30_17h40.12.874,rating,2023.2.3,60.03320394045856,2024-01-30 17h40.24.843199 +0800,
neu_33.jpg,0,28,28,311,231.23668300476493,,,,,,,,,,,,,,,,,,,,,,,231.20744491593723,,231.20747656197636,231.2074839745619,231.23668300476493,232.21999927014622,232.23671465080406,233.22002321849868,233.22002321849868,233.48667758787633,233.45358980119636,233.45359835417912,233.48667758787633,233.48667758787633,233.48667758787633,233.48667758787633,233.48667758787633,233.48667758787633,0.029246926915220683,241.0537831556394,[-48.0],[-201.0],[1],[0],[0],[7.566771716308722],241.05424701244192,241.05735944312255,None,,,,,,,,,,,,,ED27,001,2024-01-30_17h40.12.874,rating,2023.2.3,60.03320394045856,2024-01-30 17h40.24.843199 +0800,
neu_115.jpg,0,29,29,210,241.08678712308392,,,,,,,,,,,,,,,,,,,,,,,241.05759693096115,,241.05762943230002,241.05763684488556,241.08678712308392,242.07010452886243,242.0868267519072,243.0700982566741,243.0700982566741,243.3367711575156,243.3036366145243,243.30364516750706,243.3367711575156,243.3367711575156,243.3367711575156,243.3367711575156,243.3367711575156,243.3367711575156,0.02919161762110889,247.43713927792487,[-66.0],[-188.0],[1],[0],[0],[4.100004618609091],247.437553527423,254.98733673780225,space,247.47016776392047,247.47016776392047,7.513251422358735,None,,,,,,,,,ED27,001,2024-01-30_17h40.12.874,rating,2023.2.3,60.03320394045856,2024-01-30 17h40.24.843199 +0800,
neu_134.jpg,0,30,30,231,255.00354806263567,,,,,,,,,,,,,,,,,,,,,,,254.98798077745596,255.00354806263567,255.98708442478892,255.98709297777168,256.02022466976996,256.9869216330044,257.020241490638,257.9869184969102,257.9869184969102,258.2535845553648,258.22044316998654,258.2204520080704,258.2535845553648,258.2535845553648,258.2535845553648,258.2535845553648,258.2535845553648,258.2535845553648,0.015826440576347522,264.32074856851614,[179.0],[193.0],[1],[0],[0],[6.066838714683399],264.32120729352755,264.3244463083611,None,,,,,256.02022466976996,,,,,,,,ED27,001,2024-01-30_17h40.12.874,rating,2023.2.3,60.03320394045856,2024-01-30 17h40.24.843199 +0800,
neu_146.jpg,0,31,31,244,264.3536407769752,,,,,,,,,,,,,,,,,,,,,,,264.32469177898747,,264.32472199952826,264.3247288419152,264.3536407769752,265.336980990709,265.3536447683691,266.3369878330959,266.3369878330959,266.60366044883995,266.57053959061886,266.57054842870275,266.60366044883995,266.60366044883995,266.60366044883995,266.60366044883995,266.60366044883995,266.60366044883995,0.028987486413825536,269.73741257425354,[271.0],[260.0],[1],[0],[0],[3.133429107743723],269.73782796415253,269.7410304862533,None,,,,,,,,,,,,,ED27,001,2024-01-30_17h40.12.874,rating,2023.2.3,60.03320394045856,2024-01-30 17h40.24.843199 +0800,
neg_70.jpg,0,32,32,160,269.77039002745005,,,,,,,,,,,,,,,,,,,,,,,269.7412665485972,,269.74129505854216,269.7413019009291,269.77039002745005,270.75371113952133,270.77037548737644,271.75370258653857,271.75370258653857,272.0203675045923,271.9872939728848,271.9873028109687,272.0203675045923,272.0203675045923,272.0203675045923,272.0203675045923,272.0203675045923,272.0203675045923,0.02912376395033789,276.3541205993497,[-152.0],[-67.0],[1],[0],[0],[4.333424089993059],276.35457162667444,276.3577824166641,None,,,,,,,,,,,,,ED27,001,2024-01-30_17h40.12.874,rating,2023.2.3,60.03320394045856,2024-01-30 17h40.24.843199 +0800,
neg_152.jpg,0,33,33,59,276.38708579326703,,,,,,,,,,,,,,,,,,,,,,,276.35802133000107,,276.35805098034325,276.3580578227302,276.38708579326703,277.37043455998355,277.3870937760512,278.37043427488607,278.37043427488607,278.6371054651281,278.60399315989343,278.6040019979773,278.6371054651281,278.6371054651281,278.6371054651281,278.6371054651281,278.6371054651281,278.6371054651281,0.029100670897605596,282.1708455593471,[-336.0],[229.0],[1],[0],[0],[3.5334122298518196],282.1712680767305,282.17447801142043,None,,,,,,,,,,,,,ED27,001,2024-01-30_17h40.12.874,rating,2023.2.3,60.03320394045856,2024-01-30 17h40.24.843199 +0800,
neg_157.jpg,0,34,34,64,282.2038090426722,,,,,,,,,,,,,,,,,,,,,,,282.1747177800571,,282.1747468602007,282.1747537025876,282.2038090426722,283.1871512520993,283.20381645525777,284.18720428059896,284.18720428059896,284.45382728903496,284.42069673743754,284.4207055755178,284.45382728903496,284.45382728903496,284.45382728903496,284.45382728903496,284.45382728903496,284.45382728903496,0.02912804044535733,286.68768182217536,[-235.0],[79.0],[1],[0],[0],[2.2334967333299574],286.6881533766609,286.6913960977872,None,,,,,,,,,,,,,ED27,001,2024-01-30_17h40.12.874,rating,2023.2.3,60.03320394045856,2024-01-30 17h40.24.843199 +0800,
neg_74.jpg,0,35,35,164,286.7205195766401,,,,,,,,,,,,,,,,,,,,,,,286.6916099223745,,286.69163928761554,286.6916461300025,286.7205195766401,287.70387147945075,287.7205560693692,288.7038982787999,288.7038982787999,288.9705423845953,288.93744119823896,288.9374497512217,288.9705423845953,288.9705423845953,288.9705423845953,288.9705423845953,288.9705423845953,288.9705423845953,0.02894899798775441,292.3376692207785,[-210.0],[-33.0],[1],[0],[0],[3.3667787297563336],292.338137924271,292.34132961259456,None,,,,,,,,,,,,,ED27,001,2024-01-30_17h40.12.874,rating,2023.2.3,60.03320394045856,2024-01-30 17h40.24.843199 +0800,
neg_8.jpg,0,36,36,170,292.37057539911257,,,,,,,,,,,,,,,,,,,,,,,292.3415622537468,,292.3415916189879,292.34159817627733,292.37057539911257,293.353914187348,293.3705870881895,294.35392331052935,294.35392331052935,294.62061645343056,294.58745568129234,294.5874642342751,294.62061645343056,294.62061645343056,294.62061645343056,294.62061645343056,294.62061645343056,294.62061645343056,0.02907358644733904,298.12101188636734,[-183.0],[-145.0],[1],[0],[0],[3.5000635771793895],298.1214737474729,298.1246500404268,None,,,,,,,,,,,,,ED27,001,2024-01-30_17h40.12.874,rating,2023.2.3,60.03320394045856,2024-01-30 17h40.24.843199 +0800,
neu_152.jpg,0,37,37,251,298.15395940412054,,,,,,,,,,,,,,,,,,,,,,,298.1248861027707,,298.12491860410955,298.1249260166951,298.15395940412054,299.1373004731504,299.15396539120775,300.13732812779926,300.13732812779926,300.40397964618023,300.37085194557585,300.37086078365974,300.40397964618023,300.40397964618023,300.40397964618023,300.40397964618023,300.40397964618023,300.40397964618023,0.029107798382028705,303.87106748075894,[68.0],[-81.0],[1],[0],[0],[3.466733170866064],303.8715438819381,303.8746822566645,None,,,,,,,,,,,,,ED27,001,2024-01-30_17h40.12.874,rating,2023.2.3,60.03320394045856,2024-01-30 17h40.24.843199 +0800,
neu_8.jpg,0,38,38,362,303.9040141432124,,,,,,,,,,,,,,,,,,,,,,,303.87491518291426,,303.8749471140545,303.87495452664007,303.9040141432124,304.88735863343754,304.9040680270082,305.88736433542726,305.88736433542726,306.1540637505168,306.12092150984245,306.1209300628252,306.1540637505168,306.1540637505168,306.1540637505168,306.1540637505168,306.1540637505168,306.1540637505168,0.029163677874748828,308.4545323399725,[181.0],[-37.0],[1],[0],[0],[2.300125329718867],308.4549850778967,308.4581995741755,None,,,,,,,,,,,,,ED27,001,2024-01-30_17h40.12.874,rating,2023.2.3,60.03320394045856,2024-01-30 17h40.24.843199 +0800,
neu_27.jpg,0,39,39,304,308.48739176199524,,,,,,,,,,,,,,,,,,,,,,,308.4584327855264,,308.458464716663,308.45847212924855,308.48739176199524,309.47075022209174,309.48739717888384,310.4707573495798,310.4707573495798,310.7374114338563,310.70427774616473,310.7042865842486,310.7374114338563,310.7374114338563,310.7374114338563,310.7374114338563,310.7374114338563,310.7374114338563,0.028992333103815326,312.8378964450385,[182.0],[-196.0],[1],[0],[0],[2.1001406110481184],312.8383640081338,312.8415671004368,None,,,,,,,,,,,,,ED27,001,2024-01-30_17h40.12.874,rating,2023.2.3,60.03320394045856,2024-01-30 17h40.24.843199 +0800,
neg_124.jpg,0,40,40,28,312.8707647051451,,,,,,,,,,,,,,,,,,,,,,,312.8418031627807,,312.8418350939173,312.84184250650287,312.8707647051451,313.8541094804714,313.87077211773067,314.85413456922106,314.85413456922106,315.1207840919087,315.087664659186,315.08767349726986,315.1207840919087,315.1207840919087,315.1207840919087,315.1207840919087,315.1207840919087,315.1207840919087,0.02899432880076347,318.7213141488028,[-179.0],[123.0],[1],[0],[0],[3.6001585723133758],318.7217503509564,318.7248998445648,None,,,,,,,,,,,,,ED27,001,2024-01-30_17h40.12.874,rating,2023.2.3,60.03320394045856,2024-01-30 17h40.24.843199 +0800,
neu_40.jpg,0,41,41,319,318.75416387744554,,,,,,,,,,,,,,,,,,,,,,,318.7251125287512,,318.7251413237973,318.7251481661842,318.75416387744554,319.7374961083915,319.7541621668461,320.7375049464754,320.7375049464754,321.0042020807705,320.9710338960431,320.9710424490295,321.0042020807705,321.0042020807705,321.0042020807705,321.0042020807705,321.0042020807705,321.0042020807705,0.029115210967574967,323.7378978135166,[202.0],[-135.0],[1],[0],[0],[2.7333054316004564],323.73833686666694,323.7414934877597,None,,,,,,,,,,,,,ED27,001,2024-01-30_17h40.12.874,rating,2023.2.3,60.03320394045856,2024-01-30 17h40.24.843199 +0800,
neg_128.jpg,0,42,42,32,323.7708900918842,,,,,,,,,,,,,,,,,,,,,,,323.74170474645143,,323.7417343967936,323.74174123918056,323.7708900918842,324.7542129145477,324.7708952236717,325.75422175263157,325.75422175263157,326.0209262995122,325.98778035254145,325.98778890552785,326.0209262995122,326.0209262995122,326.0209262995122,326.0209262995122,326.0209262995122,326.0209262995122,0.029238659029942937,328.42128005090854,[-109.0],[-88.0],[1],[0],[0],[2.4000102065620013],328.42174333751245,328.4248802867405,None,,,,,,,,,,,,,ED27,001,2024-01-30_17h40.12.874,rating,2023.2.3,60.03320394045856,2024-01-30 17h40.24.843199 +0800,
neg_140.jpg,0,43,43,46,328.45424923621977,,,,,,,,,,,,,,,,,,,,,,,328.42509126033474,,328.4251203404783,328.42512718286525,328.45424923621977,329.43759059035074,329.45425778920253,330.4375749098799,330.4375749098799,330.70426406139086,330.6711283780023,330.6711369309851,330.70426406139086,330.70426406139086,330.70426406139086,330.70426406139086,330.70426406139086,330.70426406139086,0.02919218781971722,336.0715402896858,[-65.0],[-55.0],[1],[0],[0],[5.366906739407568],336.07202952033913,336.07516361857415,None,,,,,,,,,,,,,ED27,001,2024-01-30_17h40.12.874,rating,2023.2.3,60.03320394045856,2024-01-30 17h40.24.843199 +0800,
neu_75.jpg,0,44,44,357,336.10434696831,,,,,,,,,,,,,,,,,,,,,,,336.07537801336,,336.0754073786011,336.075414220988,336.10434696831,337.08766266349267,337.10433185803777,338.0876697909771,338.0876697909771,338.3543392706233,338.32125148394334,338.32126032202723,338.3543392706233,338.3543392706233,338.3543392706233,338.3543392706233,338.3543392706233,338.3543392706233,0.02897864833357744,341.7214817872773,[229.0],[-231.0],[1],[0],[0],[3.3667696065749624],341.72196788183646,341.72509399728733,None,,,,,,,,,,,,,ED27,001,2024-01-30_17h40.12.874,rating,2023.2.3,60.03320394045856,2024-01-30 17h40.24.843199 +0800,
neu_29.jpg,0,45,45,306,341.7543737106389,,,,,,,,,,,,,,,,,,,,,,,341.72533519142235,,341.7253642715659,341.72537111395286,341.7543737106389,342.7377364472268,342.7543794126286,343.73773929822346,343.73773929822346,344.00439993978944,343.9712568438117,343.9712653967981,344.00439993978944,344.00439993978944,344.00439993978944,344.00439993978944,344.00439993978944,344.00439993978944,0.029080713935400127,345.9715924058619,[250.0],[84.0],[1],[0],[0],[1.9668121434115164],345.9720916149963,345.97534402950623,None,,,,,,,,,,,,,ED27,001,2024-01-30_17h40.12.874,rating,2023.2.3,60.03320394045856,2024-01-30 17h40.24.843199 +0800,
neg_62.jpg,0,46,46,151,346.00442844973077,,,,,,,,,,,,,,,,,,,,,,,345.9755789514493,,345.97560774649537,345.9756145888823,346.00442844973077,346.98776894856564,347.0044837590249,347.9877623912762,347.9877623912762,348.2544344368216,348.2212987534331,348.22130730641584,348.2544344368216,348.2544344368216,348.2544344368216,348.2544344368216,348.2544344368216,348.2544344368216,0.028872876435343642,354.72166909761654,[119.0],[82.0],[1],[0],[0],[6.466796748041816],354.72214150740183,354.7253736798484,None,,,,,,,,,,,,,ED27,001,2024-01-30_17h40.12.874,rating,2023.2.3,60.03320394045856,2024-01-30 17h40.24.843199 +0800,
neg_174.jpg,0,47,47,83,354.75449687360015,,,,,,,,,,,,,,,,,,,,,,,354.72558607893734,,354.7256154441784,354.72562228656534,354.75449687360015,355.73785989528915,355.75450400108457,356.73784564031666,356.73784564031666,357.00454248951064,356.9713916958535,356.9714002488363,357.00454248951064,357.00454248951064,357.00454248951064,357.00454248951064,357.00454248951064,357.00454248951064,0.02897266124637099,361.43832015983935,[-139.0],[61.0],[1],[0],[0],[4.433383092691656],361.4388145222838,361.441978270861,None,,,,,,,,,,,,,ED27,001,2024-01-30_17h40.12.874,rating,2023.2.3,60.03320394045856,2024-01-30 17h40.24.843199 +0800,
neg_29.jpg,0,48,48,114,361.47125826931006,,,,,,,,,,,,,,,,,,,,,,,361.44221062691213,,361.44224312824736,361.442250825934,361.47125826931006,362.4545782409841,362.4712331805604,363.4545930661552,363.4545930661552,363.721274805077,363.68810833094904,363.6881168839318,363.721274805077,363.721274805077,363.721274805077,363.721274805077,363.721274805077,363.721274805077,0.029075867241772357,366.48835625343054,[-182.0],[-98.0],[1],[0],[0],[2.7667025511836982],366.4888514711711,366.4919502170742,None,,,,,,,,,,,,,ED27,001,2024-01-30_17h40.12.874,rating,2023.2.3,60.03320394045856,2024-01-30 17h40.24.843199 +0800,
neg_27.jpg,0,49,49,112,366.5212883758104,,,,,,,,,,,,,,,,,,,,,,,366.4921825731253,,366.49221393406333,366.4922213466525,366.5212883758104,367.50461604517113,367.52129493309985,368.5046245981539,368.5046245981539,368.77129578839595,368.73817664077797,368.7381849086596,368.77129578839595,368.77129578839595,368.77129578839595,368.77129578839595,368.77129578839595,368.77129578839595,0.02912632984589436,372.6385229795851,[-289.0],[192.0],[1],[0],[0],[3.866829477457941],372.6390204781237,372.64215571675595,None,,,,,,,,,,,,,ED27,001,2024-01-30_17h40.12.874,rating,2023.2.3,60.03320394045856,2024-01-30 17h40.24.843199 +0800,
neu_125.jpg,0,50,50,221,372.67133678569735,,,,,,,,,,,,,,,,,,,,,,,372.6423689711446,,372.6423977661907,372.6424043234765,372.67133678569735,373.6546881183094,373.6713644403462,374.65471862395134,374.65471862395134,374.92134733437706,374.88825213511154,374.8882606880943,374.92134733437706,374.92134733437706,374.92134733437706,374.92134733437706,374.92134733437706,374.92134733437706,0.028995469201618107,380.4218228802565,[53.0],[-204.0],[1],[0],[0],[5.500091802023235],380.4223334933704,380.42548327207624,None,,,,,,,,,,,,,ED27,001,2024-01-30_17h40.12.874,rating,2023.2.3,60.03320394045856,2024-01-30 17h40.24.843199 +0800,
neg_69.jpg,0,51,51,158,380.4547401774689,,,,,,,,,,,,,,,,,,,,,,,380.42569624136377,,380.42572475130873,380.42573130859455,380.4547401774689,381.4380815315999,381.4547487304517,382.43809407597655,382.43809407597655,382.7047644109225,382.6716558119806,382.6716640798659,382.7047644109225,382.7047644109225,382.7047644109225,382.7047644109225,382.7047644109225,382.7047644109225,0.029084705325658433,386.7385697929167,[157.0],[117.0],[1],[0],[0],[4.033425059329602],386.7390835421211,386.7422259082414,None,,,,,,,,,,,,,ED27,001,2024-01-30_17h40.12.874,rating,2023.2.3,60.03320394045856,2024-01-30 17h40.24.843199 +0800,
neg_147.jpg,0,52,52,53,386.77146741826436,,,,,,,,,,,,,,,,,,,,,,,386.74245142190557,,386.74248050204915,386.7424873444361,386.77146741826436,387.75481333398784,387.771503625896,388.75481333398784,388.75481333398784,389.0214879454252,388.9883750699919,388.98838362297465,389.0214879454252,389.0214879454252,389.0214879454252,389.0214879454252,389.0214879454252,389.0214879454252,0.029054199687379878,394.62206817982224,[-125.0],[-52.0],[1],[0],[0],[5.60020903491386],394.62253260682337,394.62570519348446,None,,,,,,,,,,,,,ED27,001,2024-01-30_17h40.12.874,rating,2023.2.3,60.03320394045856,2024-01-30 17h40.24.843199 +0800,
neg_127.jpg,0,53,53,31,394.6549027981964,,,,,,,,,,,,,,,,,,,,,,,394.62591987337146,,394.6259483833164,394.62595494060224,394.6549027981964,395.6382170678771,395.65488455183004,396.638225905961,396.638225905961,396.90491591276805,396.8717839356723,396.87179305885365,396.90491591276805,396.90491591276805,396.90491591276805,396.90491591276805,396.90491591276805,396.90491591276805,0.029019132456596708,401.2387072108504,[-24.0],[-47.0],[1],[0],[0],[4.333400996936689],401.2392106964762,401.24222932943667,None,,,,,,,,,,,,,ED27,001,2024-01-30_17h40.12.874,rating,2023.2.3,60.03320394045856,2024-01-30 17h40.24.843199 +0800,
neu_108.jpg,0,54,54,202,401.271603980902,,,,,,,,,,,,,,,,,,,,,,,401.2424405881284,,401.24246995336944,401.2424770808575,401.271603980902,402.2549521774199,402.2716076871948,403.2549821128596,403.2549821128596,403.52163391634167,403.48850450514146,403.4885130581242,403.52163391634167,403.52163391634167,403.52163391634167,403.52163391634167,403.52163391634167,403.52163391634167,0.029209578882728238,410.1221266252105,[158.0],[-48.0],[1],[0],[0],[6.600104403416481],410.12263723832075,410.12580953988436,None,,,,,,,,,,,,,ED27,001,2024-01-30_17h40.12.874,rating,2023.2.3,60.03320394045856,2024-01-30 17h40.24.843199 +0800,
neu_103.jpg,0,55,55,197,410.1550222548649,,,,,,,,,,,,,,,,,,,,,,,410.1260213687747,,410.1260501638171,410.12605700620406,410.1550222548649,411.13836902588446,411.1550293823493,412.13836845568585,412.13836845568585,412.4050442075204,412.37192933639017,412.37193788937657,412.4050442075204,412.4050442075204,412.4050442075204,412.4050442075204,412.4050442075204,412.4050442075204,0.0290390894151642,418.3055219771777,[361.0],[-323.0],[1],[0],[0],[5.9000888940063305],418.3060314498907,418.30920147065626,None,,,,,,,,,,,,,ED27,001,2024-01-30_17h40.12.874,rating,2023.2.3,60.03320394045856,2024-01-30 17h40.24.843199 +0800,
neg_106.jpg,0,56,56,8,418.3384546697598,,,,,,,,,,,,,,,,,,,,,,,418.3094335416099,,418.3094654727465,418.30947288533207,418.3384546697598,419.32177578182745,419.3384384190904,420.3217814838172,420.3217814838172,420.58845352935896,420.55541449468365,420.5554247582659,420.58845352935896,420.58845352935896,420.58845352935896,420.58845352935896,420.58845352935896,420.58845352935896,0.029035383122391067,424.48901454805673,[-256.0],[55.0],[1],[0],[0],[3.900164445363771],424.48952886745974,424.4927456445366,None,,,,,,,,,,,,,ED27,001,2024-01-30_17h40.12.874,rating,2023.2.3,60.03320394045856,2024-01-30 17h40.24.843199 +0800,
neg_116.jpg,0,57,57,19,424.521826358472,,,,,,,,,,,,,,,,,,,,,,,424.4929799962847,,424.49300936152576,424.4930159188152,424.521826358472,425.505167712603,425.52183320085896,426.505172559293,426.505172559293,426.77184460483477,426.7387072108504,426.73871576383317,426.77184460483477,426.77184460483477,426.77184460483477,426.77184460483477,426.77184460483477,426.77184460483477,0.028881429418106563,429.63903701389063,[-286.0],[91.0],[1],[0],[0],[2.866794980425766],429.6395239637495,429.64266804046565,None,,,,,,,,,,,,,ED27,001,2024-01-30_17h40.12.874,rating,2023.2.3,60.03320394045856,2024-01-30 17h40.24.843199 +0800,
neu_69.jpg,0,58,58,350,429.67189472531754,,,,,,,,,,,,,,,,,,,,,,,429.642901536914,,429.64293318295313,429.6429405955387,429.67189472531754,430.6552149820891,430.67188275114313,431.65527713377014,431.65527713377014,431.9218955806173,431.88886082243334,431.8888705158133,431.9218955806173,431.9218955806173,431.9218955806173,431.9218955806173,431.9218955806173,431.9218955806173,0.029010009271587478,436.2558188797411,[68.0],[86.0],[1],[0],[0],[4.333523874796811],436.25633776073664,436.2593763506593,None,,,,,,,,,,,,,ED27,001,2024-01-30_17h40.12.874,rating,2023.2.3,60.03320394045856,2024-01-30 17h40.24.843199 +0800,
neu_88.jpg,0,59,59,371,436.28862042657784,,,,,,,,,,,,,,,,,,,,,,,436.25961098750486,,436.25964063784704,436.2596471951365,436.28862042657784,437.2719466704366,437.2886087375009,438.27195379792465,438.27195379792465,438.5386241328706,438.5054858835865,438.5054944365693,438.5386241328706,438.5386241328706,438.5386241328706,438.5386241328706,438.5386241328706,438.5386241328706,0.029029966233792948,442.4724417171201,[200.0],[128.0],[1],[0],[0],[3.9334153089293977],442.4729588875198,450.8893104242634,space,442.4887080661465,442.4887080661465,8.397403542301618,None,,,,,,,,,ED27,001,2024-01-30_17h40.12.874,rating,2023.2.3,60.03320394045856,2024-01-30 17h40.24.843199 +0800,
neu_7.jpg,0,60,60,351,450.90544904873605,,,,,,,,,,,,,,,,,,,,,,,450.88968618533545,450.90544904873605,451.88899852546456,451.88900707845096,451.9220826058554,452.88876217802317,452.92209172903677,453.8887684502115,453.8887684502115,454.15546472920687,454.12232362892973,454.1223321819125,454.15546472920687,454.15546472920687,454.15546472920687,454.15546472920687,454.15546472920687,454.15546472920687,0.0159860962703533,461.25603070863144,[78.0],[69.0],[1],[0],[0],[7.100180810070015],461.256503688619,461.2596834027645,None,,,,,451.9220826058554,,,,,,,,ED27,001,2024-01-30_17h40.12.874,rating,2023.2.3,60.03320394045856,2024-01-30 17h40.24.843199 +0800,
neg_60.jpg,0,61,61,149,461.28884223394925,,,,,,,,,,,,,,,,,,,,,,,461.2598992230487,,461.25992858828977,461.2599354306767,461.28884223394925,462.2721830178816,462.28888813496087,463.27218957516743,463.27218957516743,463.53886162071285,463.50574960057565,463.505758723757,463.53886162071285,463.53886162071285,463.53886162071285,463.53886162071285,463.53886162071285,463.53886162071285,0.028983209926082054,468.7393737733619,[-85.0],[-47.0],[1],[0],[0],[5.200100754143932],468.7398989265457,468.74309489136067,None,,,,,,,,,,,,,ED27,001,2024-01-30_17h40.12.874,rating,2023.2.3,60.03320394045856,2024-01-30 17h40.24.843199 +0800,
neg_190.jpg,0,62,62,101,468.7722733944065,,,,,,,,,,,,,,,,,,,,,,,468.7433278176104,,468.743359748747,468.7433674464337,468.7722733944065,469.75559251078084,469.7723295589967,470.75559308097945,470.75559308097945,471.0222728242079,470.9891411322096,470.9891496851924,471.0222728242079,471.0222728242079,471.0222728242079,471.0222728242079,471.0222728242079,471.0222728242079,0.02895869137137197,476.95612832668485,[-215.0],[253.0],[1],[0],[0],[5.933448380463233],476.956659752057,476.9598565721717,None,,,,,,,,,,,,,ED27,001,2024-01-30_17h40.12.874,rating,2023.2.3,60.03320394045856,2024-01-30 17h40.24.843199 +0800,
neg_184.jpg,0,63,63,94,476.98898689340785,,,,,,,,,,,,,,,,,,,,,,,476.96009206431336,,476.9601245656522,476.96013197823777,476.98898689340785,477.97233280913133,477.988994876192,478.97234991509686,478.97234991509686,479.2390099864642,479.20590651931343,479.2059150722962,479.2390099864642,479.2390099864642,479.2390099864642,479.2390099864642,479.2390099864642,479.2390099864642,0.028931036726135062,483.97282203978466,[-305.0],[-326.0],[1],[0],[0],[4.733420326680061],483.97330328765383,483.97645192596246,None,,,,,,,,,,,,,ED27,001,2024-01-30_17h40.12.874,rating,2023.2.3,60.03320394045856,2024-01-30 17h40.24.843199 +0800,
neu_160.jpg,0,64,64,260,484.0057213757318,,,,,,,,,,,,,,,,,,,,,,,483.97669312009384,,483.9767222002374,483.97672875752687,484.0057213757318,484.98906472555973,485.00575473236677,485.98909066960914,485.98909066960914,486.2557416177915,486.2226073599013,486.22261591288407,486.2557416177915,486.2557416177915,486.2557416177915,486.2557416177915,486.2557416177915,486.2557416177915,0.029065318565699272,490.95634471716403,[254.0],[175.0],[1],[0],[0],[4.700211942930764],490.9568256799357,490.9599888583143,None,,,,,,,,,,,,,ED27,001,2024-01-30_17h40.12.874,rating,2023.2.3,60.03320394045856,2024-01-30 17h40.24.843199 +0800,
neg_12.jpg,0,65,65,23,490.9891223156483,,,,,,,,,,,,,,,,,,,,,,,490.9601989766088,,490.96022777165126,490.9602343289407,490.9891223156483,491.97246481017646,491.9891302984324,492.9724716525634,492.9724716525634,493.23914141731075,493.2060447925469,493.20605363062714,493.23914141731075,493.23914141731075,493.23914141731075,493.23914141731075,493.23914141731075,493.23914141731075,0.028958976468857145,496.2063082244349,[-80.0],[-95.0],[1],[0],[0],[2.966728039074951],496.20684449649707,496.21011629776694,None,,,,,,,,,,,,,ED27,001,2024-01-30_17h40.12.874,rating,2023.2.3,60.03320394045856,2024-01-30 17h40.24.843199 +0800,
neg_65.jpg,0,66,66,154,496.23916793155877,,,,,,,,,,,,,,,,,,,,,,,496.2103298372531,,496.2103592024978,496.2103657597836,496.23916793155877,497.22254064662775,497.2391744888446,498.2225526208058,498.2225526208058,498.489224096149,498.45605534122296,498.456064464408,498.489224096149,498.489224096149,498.489224096149,498.489224096149,498.489224096149,498.489224096149,0.028918492345837876,504.35636661280296,[-240.0],[-113.0],[1],[0],[0],[5.866710876085563],504.35690573585816,504.36005636986374,None,,,,,,,,,,,,,ED27,001,2024-01-30_17h40.12.874,rating,2023.2.3,60.03320394045856,2024-01-30 17h40.24.843199 +0800,
neg_66.jpg,0,67,67,155,504.3892933182942,,,,,,,,,,,,,,,,,,,,,,,504.3602904365107,,504.3603220825498,504.3603294951354,504.3892933182942,505.37258991181443,505.3892955990923,506.372600175393,506.372600175393,506.6392713656387,506.60615136271736,506.60616020080124,506.6392713656387,506.6392713656387,506.6392713656387,506.6392713656387,506.6392713656387,506.6392713656387,0.0289948989993718,510.5398757194489,[-385.0],[297.0],[1],[0],[0],[3.9001863980192866],510.540368656395,510.543416369499,None,,,,,,,,,,,,,ED27,001,2024-01-30_17h40.12.874,rating,2023.2.3,60.03320394045856,2024-01-30 17h40.24.843199 +0800,
neu_129.jpg,0,68,68,225,510.5726407735565,,,,,,,,,,,,,,,,,,,,,,,510.5436273430896,,510.5436561381357,510.5436626954215,510.5726407735565,511.55598098729024,511.5726507520376,512.555992391266,512.555992391266,512.822659875219,512.7895840627134,512.7895929007973,512.822659875219,512.822659875219,512.822659875219,512.822659875219,512.822659875219,512.822659875219,0.02905676558293635,519.0898724693143,[51.0],[-47.0],[1],[0],[0],[6.26674959259617],519.0904278430426,519.0936041359964,None,,,,,,,,,,,,,ED27,001,2024-01-30_17h40.12.874,rating,2023.2.3,60.03320394045856,2024-01-30 17h40.24.843199 +0800,
neg_107.jpg,0,69,69,9,519.1227219128596,,,,,,,,,,,,,,,,,,,,,,,519.0938510321175,,519.0938846738536,519.0938932268364,519.1227219128596,520.1060658328861,520.1227313211384,521.1060940577299,521.1060940577299,521.3727501377034,521.3396155947121,521.339624432796,521.3727501377034,521.3727501377034,521.3727501377034,521.3727501377034,521.3727501377034,521.3727501377034,0.028910509565321263,527.539986052936,[-179.0],[-58.0],[1],[0],[0],[6.166812827650574],527.5405334438765,527.5438200703175,None,,,,,,,,,,,,,ED27,001,2024-01-30_17h40.12.874,rating,2023.2.3,60.03320394045856,2024-01-30 17h40.24.843199 +0800,
neu_10.jpg,0,70,70,193,527.5728044206371,,,,,,,,,,,,,,,,,,,,,,,527.5440538518669,,527.5440854979024,527.5440931955891,527.5728044206371,528.5561446343709,528.5728218117038,529.5561509065592,529.5561509065592,529.8228500365512,529.7898047296876,529.789813852869,529.8228500365512,529.8228500365512,529.8228500365512,529.8228500365512,529.8228500365512,529.8228500365512,0.028810154555685585,536.3234051251748,[49.0],[160.0],[1],[0],[0],[6.500119456668472],536.3239536565161,536.3271262431772,None,,,,,,,,,,,,,ED27,001,2024-01-30_17h40.12.874,rating,2023.2.3,60.03320394045856,2024-01-30 17h40.24.843199 +0800,
neu_46.jpg,0,71,71,325,536.3562451604375,,,,,,,,,,,,,,,,,,,,,,,536.3273588843258,,536.3273911005635,536.3273985131491,536.3562451604375,537.3395711191988,537.3562622664031,538.3395711191988,538.3395711191988,538.6062408839462,538.5731325701054,538.5731416932867,538.6062408839462,538.6062408839462,538.6062408839462,538.6062408839462,538.6062408839462,538.6062408839462,0.028896539690322243,542.940044441304,[50.0],[121.0],[1],[0],[0],[4.333394724748359],542.9405647477943,542.9437544404245,None,,,,,,,,,,,,,ED27,001,2024-01-30_17h40.12.874,rating,2023.2.3,60.03320394045856,2024-01-30 17h40.24.843199 +0800,
neg_93.jpg,0,72,72,185,542.9729514749342,,,,,,,,,,,,,,,,,,,,,,,542.9439916431656,,542.9440238594034,542.9440312719889,542.9729514749342,543.9562882674727,543.972955181227,544.9563005267519,544.9563005267519,545.2229728573911,545.1898642584529,545.1898730965331,545.2229728573911,545.2229728573911,545.2229728573911,545.2229728573911,545.2229728573911,545.2229728573911,0.028994613901886623,551.6568571549142,[-60.0],[-112.0],[1],[0],[0],[6.433450661257666],551.657408822346,551.6606016510668,None,,,,,,,,,,,,,ED27,001,2024-01-30_17h40.12.874,rating,2023.2.3,60.03320394045856,2024-01-30 17h40.24.843199 +0800,
neu_118.jpg,0,73,73,213,551.6896983305705,,,,,,,,,,,,,,,,,,,,,,,551.6608337220205,,551.6608665084568,551.6608736359412,551.6896983305705,552.6730402549038,552.689707738853,553.6730853006156,553.6730853006156,553.9397202832297,553.906581463747,553.9065903018309,553.9397202832297,553.9397202832297,553.9397202832297,553.9397202832297,553.9397202832297,553.9397202832297,0.028899675784487044,557.8737263182156,[37.0],[96.0],[1],[0],[0],[3.933556718253385],557.8742796962433,557.8774155050778,None,,,,,,,,,,,,,ED27,001,2024-01-30_17h40.12.874,rating,2023.2.3,60.03320394045856,2024-01-30 17h40.24.843199 +0800,
neg_187.jpg,0,74,74,97,557.9064283653424,,,,,,,,,,,,,,,,,,,,,,,557.8776267637695,,557.8776558439131,557.8776624011989,557.9064283653424,558.8897976592198,558.906430931238,559.8897514731107,559.8897514731107,560.1564397693219,560.1233069369264,560.1233157750103,560.1564397693219,560.1564397693219,560.1564397693219,560.1564397693219,560.1564397693219,560.1564397693219,0.028828971124312375,565.0903035396805,[-356.0],[363.0],[1],[0],[0],[4.933408181444975],565.0908058849091,565.0939459702349,None,,,,,,,,,,,,,ED27,001,2024-01-30_17h40.12.874,rating,2023.2.3,60.03320394045856,2024-01-30 17h40.24.843199 +0800,
neu_6.jpg,0,75,75,340,565.1231726550868,,,,,,,,,,,,,,,,,,,,,,,565.0941911557602,,565.0942250825938,565.094233350479,565.1231726550868,566.1065376724728,566.1231675232957,567.106541663863,567.106541663863,567.3731783570765,567.3400423885869,567.3400515117683,567.3731783570765,567.3731783570765,567.3731783570765,567.3731783570765,567.3731783570765,567.3731783570765,0.02901257516714395,582.3404774503433,[-235.0],[203.0],[1],[0],[0],[14.966834381168155],582.3410405217546,582.344211682921,None,,,,,,,,,,,,,ED27,001,2024-01-30_17h40.12.874,rating,2023.2.3,60.03320394045856,2024-01-30 17h40.24.843199 +0800,
neg_50.jpg,0,76,76,138,582.3733405786625,,,,,,,,,,,,,,,,,,,,,,,582.3444440389685,,582.344477110506,582.344484237994,582.3733405786625,583.356663686427,583.3733727949002,584.3566728096084,584.3566728096084,584.6233702290046,584.5902790211294,584.5902875741122,584.6233702290046,584.6233702290046,584.6233702290046,584.6233702290046,584.6233702290046,584.6233702290046,0.02893930460777483,590.5238762235058,[-343.0],[-28.0],[1],[0],[0],[5.900061524462217],590.5244355886243,590.5276190090626,None,,,,,,,,,,,,,ED27,001,2024-01-30_17h40.12.874,rating,2023.2.3,60.03320394045856,2024-01-30 17h40.24.843199 +0800,
neg_102.jpg,0,77,77,4,590.5567345051313,,,,,,,,,,,,,,,,,,,,,,,590.5278522204135,,590.5278841515501,590.5278918492368,590.5567345051313,591.5400750039626,591.5567584534838,592.5401043692073,592.5401043692073,592.8067920952199,592.7736367399666,592.7736455780505,592.8067920952199,592.8067920952199,592.8067920952199,592.8067920952199,592.8067920952199,592.8067920952199,0.028956125475815497,597.6739639771149,[-370.0],[-131.0],[1],[0],[0],[4.86672342046586],597.6745199210382,597.6776922226018,None,,,,,,,,,,,,,ED27,001,2024-01-30_17h40.12.874,rating,2023.2.3,60.03320394045856,2024-01-30 17h40.24.843199 +0800,
neu_98.jpg,0,78,78,382,597.7068000209838,,,,,,,,,,,,,,,,,,,,,,,597.6779268594473,,597.6779656329745,597.6779724753578,597.7068000209838,598.6901408049162,598.7068074335693,599.6901487877003,599.6901487877003,599.9568191226463,599.9237481568343,599.9237569949146,599.9568191226463,599.9568191226463,599.9568191226463,599.9568191226463,599.9568191226463,599.9568191226463,0.028899675784487044,605.824163774807,[-17.0],[-83.0],[1],[0],[0],[5.866866825486795],605.8246766687153,605.8278743441297,None,,,,,,,,,,,,,ED27,001,2024-01-30_17h40.12.874,rating,2023.2.3,60.03320394045856,2024-01-30 17h40.24.843199 +0800,
neu_9.jpg,0,79,79,373,605.856878366314,,,,,,,,,,,,,,,,,,,,,,,605.828109836275,,605.8281503203943,605.8281571627813,605.856878366314,606.8402205757411,606.8568843534013,607.840226562832,607.840226562832,608.1069003189696,608.0737614994869,608.0737703375707,608.1069003189696,608.1069003189696,608.1069003189696,608.1069003189696,608.1069003189696,608.1069003189696,0.028796469785447698,614.5408658698325,[-30.0],[-63.0],[1],[0],[0],[6.433485443390964],614.541430081641,614.544603808703,None,,,,,,,,,,,,,ED27,001,2024-01-30_17h40.12.874,rating,2023.2.3,60.03320394045856,2024-01-30 17h40.24.843199 +0800,
neg_104.jpg,0,80,80,6,614.5736303537415,,,,,,,,,,,,,,,,,,,,,,,614.5448367349491,,614.5448757935737,614.5448823508632,614.5736303537415,615.5569711376738,615.5736346302328,616.5569748439666,616.5569748439666,616.823664280575,616.7905417117618,616.790550549842,616.823664280575,616.823664280575,616.823664280575,616.823664280575,616.823664280575,616.823664280575,0.02883467311039567,622.9909304163484,[-28.0],[-331.0],[1],[0],[0],[6.166835920706944],622.9914453059537,622.9947091244358,None,,,,,,,,,,,,,ED27,001,2024-01-30_17h40.12.874,rating,2023.2.3,60.03320394045856,2024-01-30 17h40.24.843199 +0800,
neg_142.jpg,0,81,81,48,623.0237182784113,,,,,,,,,,,,,,,,,,,,,,,622.9949491781736,,622.994977973216,622.9949845305055,623.0237182784113,624.0070616282392,624.0237120062229,625.0070793044033,625.0070793044033,625.2738420115711,625.240586586413,625.2405954244969,625.2738420115711,625.2738420115711,625.2738420115711,625.2738420115711,625.2738420115711,625.2738420115711,0.028910509565321263,629.8743070657911,[-101.0],[-64.0],[1],[0],[0],[4.600008039804379],629.8748758391921,629.8780649616201,None,,,,,,,,,,,,,ED27,001,2024-01-30_17h40.12.874,rating,2023.2.3,60.03320394045856,2024-01-30 17h40.24.843199 +0800,
neu_4.jpg,0,82,82,318,629.9071066169308,,,,,,,,,,,,,,,,,,,,,,,629.8782998835668,,629.8783320998045,629.8783395123901,629.9071066169308,630.890470779017,630.9071114636208,631.8904878849862,631.8904878849862,632.1570521629365,632.1239894650062,632.12399830309,632.1570521629365,632.1570521629365,632.1570521629365,632.1570521629365,632.1570521629365,632.1570521629365,0.028781359516869998,638.2913873167236,[35.0],[-61.0],[1],[0],[0],[6.133814847293252],638.2919686345012,638.2952010920453,None,,,,,,,,,,,,,ED27,001,2024-01-30_17h40.12.874,rating,2023.2.3,60.03320394045856,2024-01-30 17h40.24.843199 +0800,
neu_157.jpg,0,83,83,256,638.3238513058132,,,,,,,,,,,,,,,,,,,,,,,638.295438864985,,638.2954713663239,638.2954790640069,638.3238513058132,639.3072220251888,639.3238572929004,640.3072029235227,640.3072029235227,640.573846174022,640.5407538257496,640.5407626638334,640.573846174022,640.573846174022,640.573846174022,640.573846174022,640.573846174022,640.573846174022,0.028420993810868822,644.5744021179489,[34.0],[-175.0],[1],[0],[0],[4.000096648713225],644.574981440026,644.5781774048446,None,,,,,,,,,,,,,ED27,001,2024-01-30_17h40.12.874,rating,2023.2.3,60.03320394045856,2024-01-30 17h40.24.843199 +0800,
neg_31.jpg,0,84,84,117,644.6072501359922,,,,,,,,,,,,,,,,,,,,,,,644.5784143224846,,644.5784468238235,644.5784545215065,644.6072501359922,645.5905872136318,645.6072552677833,646.5906211404654,646.5906211404654,646.8739318749176,646.8241295628759,646.8241384009561,646.8739318749176,646.8739318749176,646.8739318749176,646.8739318749176,646.8739318749176,646.8739318749176,0.04553380309880595,653.0412852511217,[-45.0],[-245.0],[1],[0],[0],[6.1668624349549646],653.0418705602897,653.0450149221069,None,,,,,,,,,,,,,ED27,001,2024-01-30_17h40.12.874,rating,2023.2.3,60.03320394045856,2024-01-30 17h40.24.843199 +0800,
neg_7.jpg,0,85,85,159,653.0739910045413,,,,,,,,,,,,,,,,,,,,,,,653.0452541205414,,653.0452823453888,653.0452889026747,653.0739910045413,654.0573349245678,654.0739978469283,655.0573383457631,655.0573383457631,655.3406778752578,655.2908744228152,655.2908832608991,655.3406778752578,655.3406778752578,655.3406778752578,655.3406778752578,655.3406778752578,655.3406778752578,0.045443711678672116,657.7578299712513,[-283.0],[-260.0],[1],[0],[0],[2.416671703424072],657.7584038764398,657.761581594892,None,,,,,,,,,,,,,ED27,001,2024-01-30_17h40.12.874,rating,2023.2.3,60.03320394045856,2024-01-30 17h40.24.843199 +0800,
neg_15.jpg,0,86,86,56,657.790698231358,,,,,,,,,,,,,,,,,,,,,,,657.7618182274346,,657.7618473075781,657.7618538648676,657.790698231358,658.77404956397,658.7907016525496,659.7740589722525,659.7740589722525,660.0573910891617,660.0076107297755,660.0076195678594,660.0573910891617,660.0573910891617,660.0573910891617,660.0573910891617,660.0573910891617,660.0573910891617,0.04559224848708254,663.6911856943952,[-248.0],[-182.0],[1],[0],[0],[3.6333241911452205],663.691767867469,663.6949815084517,None,,,,,,,,,,,,,ED27,001,2024-01-30_17h40.12.874,rating,2023.2.3,60.03320394045856,2024-01-30 17h40.24.843199 +0800,
neg_130.jpg,0,87,87,35,663.7241106892907,,,,,,,,,,,,,,,,,,,,,,,663.6952178558931,,663.6952469360367,663.6952537784236,663.7241106892907,664.7074323715606,664.7240984300151,665.7074452010347,665.7074452010347,665.9907784583411,665.9409758612019,665.9409846992821,665.9907784583411,665.9907784583411,665.9907784583411,665.9907784583411,665.9907784583411,665.9907784583411,0.04557713821850484,676.4580530330604,[-270.0],[271.0],[1],[0],[0],[10.466803875529877],676.4586406230228,676.4618377282386,None,,,,,,,,,,,,,ED27,001,2024-01-30_17h40.12.874,rating,2023.2.3,60.03320394045856,2024-01-30 17h40.24.843199 +0800,
neu_132.jpg,0,88,88,229,676.4908865110338,,,,,,,,,,,,,,,,,,,,,,,676.4620735054814,,676.4621057217191,676.4621131343047,676.4908865110338,677.4742215929764,677.4908859408351,678.4742301459592,678.4742301459592,678.7575919132105,678.7077884607716,678.7077972988554,678.7575919132105,678.7575919132105,678.7575919132105,678.7575919132105,678.7575919132105,678.7575919132105,0.045531237206887454,682.8915393317511,[361.0],[270.0],[1],[0],[0],[4.133473298155877],682.8921220750235,682.8953325799121,None,,,,,,,,,,,,,ED27,001,2024-01-30_17h40.12.874,rating,2023.2.3,60.03320394045856,2024-01-30 17h40.24.843199 +0800,
neg_92.jpg,0,89,89,184,682.9242753057115,,,,,,,,,,,,,,,,,,,,,,,682.8955677869562,,682.8956002882915,682.8956074157795,682.9242753057115,683.907614379048,683.924301534862,684.9076215065361,684.9076215065361,685.1909607509297,685.141153592198,685.1411621451807,685.1909607509297,685.1909607509297,685.1909607509297,685.1909607509297,685.1909607509297,685.1909607509297,0.045407218945911154,689.0415435512223,[-67.0],[-303.0],[1],[0],[0],[3.850105258716212],689.042127719993,699.7249158101331,space,689.0576727674161,689.0576727674161,10.666488954677334,None,,,,,,,,,ED27,001,2024-01-30_17h40.12.874,rating,2023.2.3,60.03320394045856,2024-01-30 17h40.24.843199 +0800,
neu_59.jpg,0,90,90,339,699.7411328369562,,,,,,,,,,,,,,,,,,,,,,,699.7253032602821,699.7411328369562,700.7246469613528,700.7246555143356,700.7577732364625,701.7244482470378,701.7577835000411,702.7244576553203,702.7244576553203,703.0077968997139,702.957989455881,702.9579982939649,703.0077968997139,703.0077968997139,703.0077968997139,703.0077968997139,703.0077968997139,703.0077968997139,0.03268921765265986,707.9583441195973,[120.0],[28.0],[1],[0],[0],[4.950088209767273],707.9589046251131,707.9621707243932,None,,,,,700.7577732364625,,,,,,,,ED27,001,2024-01-30_17h40.12.874,rating,2023.2.3,60.03320394045856,2024-01-30 17h40.24.843199 +0800,
neu_91.jpg,0,91,91,375,707.9911761720723,,,,,,,,,,,,,,,,,,,,,,,707.9624070718346,,707.9624412837693,707.9624486963548,707.9911761720723,708.9745309258797,708.991181874062,709.9745426149566,709.9745426149566,710.2578755871618,710.2080707092246,710.2080798324096,710.2578755871618,710.2578755871618,710.2578755871618,710.2578755871618,710.2578755871618,710.2578755871618,0.04548077460276545,714.0585257849634,[162.0],[62.0],[1],[0],[0],[3.800166954239103],714.0591185067169,714.0623751977182,None,,,,,,,,,,,,,ED27,001,2024-01-30_17h40.12.874,rating,2023.2.3,60.03320394045856,2024-01-30 17h40.24.843199 +0800,
neu_3.jpg,0,92,92,307,714.0912341042822,,,,,,,,,,,,,,,,,,,,,,,714.0625875968071,,714.0626169620482,714.0626238044351,714.0912341042822,715.0745774541065,715.0912415168677,716.0746099554453,716.0746099554453,716.3579235408906,716.3081212288489,716.3081297818317,716.3579235408906,716.3579235408906,716.3579235408906,716.3579235408906,716.3579235408906,716.3579235408906,0.04535390535238548,722.5751539251942,[21.0],[-64.0],[1],[0],[0],[6.216745145040477],722.5756893419566,722.5790021975481,None,,,,,,,,,,,,,ED27,001,2024-01-30_17h40.12.874,rating,2023.2.3,60.03320394045856,2024-01-30 17h40.24.843199 +0800,
neu_106.jpg,0,93,93,200,722.6079805607806,,,,,,,,,,,,,,,,,,,,,,,722.5792354088953,,722.5792673400356,722.5792747526211,722.6079805607806,723.5913179235176,723.6079879733661,724.5913495695568,724.5913495695568,724.8747064901181,724.8248876423095,724.8248964803897,724.8747064901181,724.8747064901181,724.8747064901181,724.8747064901181,724.8747064901181,724.8747064901181,0.045485906393878395,728.3253124404873,[147.0],[159.0],[1],[0],[0],[3.450140382970858],728.3258766522958,728.3291225095127,None,,,,,,,,,,,,,ED27,001,2024-01-30_17h40.12.874,rating,2023.2.3,60.03320394045856,2024-01-30 17h40.24.843199 +0800,
neu_30.jpg,0,94,94,308,728.3580364402733,,,,,,,,,,,,,,,,,,,,,,,728.3293597122538,,728.3293919284915,728.3293990559796,728.3580364402733,729.3413894834812,729.3580683714099,730.3413834963903,730.3413834963903,730.6247241662859,730.5749181479478,730.5749272711328,730.6247241662859,730.6247241662859,730.6247241662859,730.6247241662859,730.6247241662859,730.6247241662859,0.04537870900094276,736.0752936239223,[-68.0],[125.0],[1],[0],[0],[5.450097618049767],736.0758621122222,736.0791592873429,None,,,,,,,,,,,,,ED27,001,2024-01-30_17h40.12.874,rating,2023.2.3,60.03320394045856,2024-01-30 17h40.24.843199 +0800,
neu_141.jpg,0,95,95,239,736.1081459184607,,,,,,,,,,,,,,,,,,,,,,,736.0793924986938,,736.0794241447293,736.0794315573148,736.1081459184607,737.0914516351586,737.1081407866695,738.0914593328453,738.0914593328453,738.3747945858486,738.325007954274,738.3250167923579,738.3747945858486,738.3747945858486,738.3747945858486,738.3747945858486,738.3747945858486,738.3747945858486,0.04543972028477583,742.4254564727271,[108.0],[139.0],[1],[0],[0],[4.050146997273259],742.426012986849,742.4292286235286,None,,,,,,,,,,,,,ED27,001,2024-01-30_17h40.12.874,rating,2023.2.3,60.03320394045856,2024-01-30 17h40.24.843199 +0800,
neu_112.jpg,0,96,96,207,742.4581699238333,,,,,,,,,,,,,,,,,,,,,,,742.4294612646772,,742.4294940511172,742.4295011786016,742.4581699238333,743.441512133264,743.4581793321158,744.441548340892,744.441548340892,744.7248565094487,744.6750510613128,744.6750598993931,744.7248565094487,744.7248565094487,744.7248565094487,744.7248565094487,744.7248565094487,744.7248565094487,0.04540807424564264,749.275542914882,[209.0],[-176.0],[1],[0],[0],[4.550152699266619],749.2761019948994,749.279318201774,None,,,,,,,,,,,,,ED27,001,2024-01-30_17h40.12.874,rating,2023.2.3,60.03320394045856,2024-01-30 17h40.24.843199 +0800,
neg_141.jpg,0,97,97,47,749.3082549404899,,,,,,,,,,,,,,,,,,,,,,,749.279554549219,,749.2795867654568,749.2795941780423,749.3082549404899,750.2915751972614,750.3082418259146,751.2915940138228,751.2915940138228,751.5749232797389,751.5251186869027,751.525127524983,751.5749232797389,751.5749232797389,751.5749232797389,751.5749232797389,751.5749232797389,751.5749232797389,0.0453829854959622,754.7756076324549,[-248.0],[28.0],[1],[0],[0],[3.200182292584941],754.7761538829982,754.7793706600751,None,,,,,,,,,,,,,ED27,001,2024-01-30_17h40.12.874,rating,2023.2.3,60.03320394045856,2024-01-30 17h40.24.843199 +0800,
neu_189.jpg,0,98,98,291,754.8082860163304,,,,,,,,,,,,,,,,,,,,,,,754.7796064373179,,754.7796389386567,754.7796466363397,754.8082860163304,755.7916250896633,755.808294284212,756.7916895221388,756.7916895221388,757.075002252288,757.0252036465354,757.0252127697204,757.075002252288,757.075002252288,757.075002252288,757.075002252288,757.075002252288,757.075002252288,0.045412065635900944,760.5756109396098,[38.0],[-19.0],[1],[0],[0],[3.5001240182573383],760.5761848447983,760.5793942092896,None,,,,,,,,,,,,,ED27,001,2024-01-30_17h40.12.874,rating,2023.2.3,60.03320394045856,2024-01-30 17h40.24.843199 +0800,
neu_171.jpg,0,99,99,272,760.6083414966815,,,,,,,,,,,,,,,,,,,,,,,760.5796362587207,,760.5796696153557,760.579677883241,760.6083414966815,761.5916839912097,761.6083489092671,762.5917105054577,762.5917105054577,762.8750215250075,762.8252252000566,762.825234323238,762.8750215250075,762.8750215250075,762.8750215250075,762.8750215250075,762.8750215250075,762.8750215250075,0.04540436795286951,767.8257589062232,[222.0],[-37.0],[1],[0],[0],[4.95021935551631],767.8263761465278,767.8295664093566,None,,,,,,,,,,,,,ED27,001,2024-01-30_17h40.12.874,rating,2023.2.3,60.03320394045856,2024-01-30 17h40.24.843199 +0800,
neu_92.jpg,0,100,100,376,767.8584233202237,,,,,,,,,,,,,,,,,,,,,,,767.8297819445397,,767.8298121650805,767.8298187223663,767.8584233202237,768.8417512746819,768.8584181884326,769.8417578319677,769.8417578319677,770.1251278671043,770.0753400951326,770.0753489332164,770.1251278671043,770.1251278671043,770.1251278671043,770.1251278671043,770.1251278671043,770.1251278671043,0.04536217323402525,775.5757386641599,[69.0],[-62.0],[1],[0],[0],[5.450022921995696],775.5763014504737,775.5794609225595,None,,,,,,,,,,,,,ED27,001,2024-01-30_17h40.12.874,rating,2023.2.3,60.03320394045856,2024-01-30 17h40.24.843199 +0800,
neg_6.jpg,0,101,101,148,775.6085037182675,,,,,,,,,,,,,,,,,,,,,,,775.5797029719906,,775.5797317670367,775.5797386094237,775.6085037182675,776.5918433618026,776.6084925993891,777.591842791604,777.591842791604,777.8751828912973,777.8253703156734,777.8253794388547,777.8751828912973,777.8751828912973,777.8751828912973,777.8751828912973,777.8751828912973,777.8751828912973,0.04550215706331073,782.1758829815008,[-27.0],[-172.0],[1],[0],[0],[4.300160682050773],782.1764437721176,782.1796348902426,None,,,,,,,,,,,,,ED27,001,2024-01-30_17h40.12.874,rating,2023.2.3,60.03320394045856,2024-01-30 17h40.24.843199 +0800,
neu_153.jpg,0,102,102,252,782.2085465402051,,,,,,,,,,,,,,,,,,,,,,,782.1798692419907,,782.1799011731273,782.1799085857128,782.2085465402051,783.191889890033,783.2085528123935,784.1918973026186,784.1918973026186,784.4752510870858,784.4255186244081,784.4255291730879,784.4752510870858,784.4752510870858,784.4752510870858,784.4752510870858,784.4752510870858,784.4752510870858,0.0453980957645399,787.3759247200614,[317.0],[-306.0],[1],[0],[0],[2.900140211910184],787.3765368285785,787.3797045685496,None,,,,,,,,,,,,,ED27,001,2024-01-30_17h40.12.874,rating,2023.2.3,60.03320394045856,2024-01-30 17h40.24.843199 +0800,
neg_137.jpg,0,103,103,42,787.4086204949999,,,,,,,,,,,,,,,,,,,,,,,787.3799366394996,,787.3799682855388,787.3799756981243,787.4086204949999,788.3919461686637,788.4086013933374,789.3919467388623,789.3919467388623,789.6752851279598,789.6254745480328,789.6254836712142,789.6752851279598,789.6752851279598,789.6752851279598,789.6752851279598,789.6752851279598,789.6752851279598,0.04536473912958172,794.0758814989858,[23.0],[-21.0],[1],[0],[0],[4.400102578783844],794.0764696591468,794.079752579295,None,,,,,,,,,,,,,ED27,001,2024-01-30_17h40.12.874,rating,2023.2.3,60.03320394045856,2024-01-30 17h40.24.843199 +0800,
neu_123.jpg,0,104,104,219,794.1086896031084,,,,,,,,,,,,,,,,,,,,,,,794.0799889267364,,794.0800217131764,794.0800291257619,794.1086896031084,795.0919995963013,795.1087129812622,796.0920095747788,796.0920095747788,796.3753451128832,796.3255673193926,796.3255761574765,796.3753451128832,796.3753451128832,796.3753451128832,796.3753451128832,796.3753451128832,796.3753451128832,0.04539438947176677,799.4259662305412,[105.0],[115.0],[1],[0],[0],[3.050043506176735],799.4265920238322,799.4297725932774,None,,,,,,,,,,,,,ED27,001,2024-01-30_17h40.12.874,rating,2023.2.3,60.03320394045856,2024-01-30 17h40.24.843199 +0800,
neu_117.jpg,0,105,105,212,799.458734420743,,,,,,,,,,,,,,,,,,,,,,,799.4300069450219,,799.4300394463608,799.4300468589463,799.458734420743,800.4420486904237,800.4587141786797,801.4420774854698,801.4420774854698,801.725395917605,801.6755907545667,801.6755993075494,801.725395917605,801.725395917605,801.725395917605,801.725395917605,801.725395917605,801.725395917605,0.045402942450891715,807.5261441896182,[74.0],[-115.0],[1],[0],[0],[5.8001629628452065],807.5267611448216,807.5299075023358,None,,,,,,,,,,,,,ED27,001,2024-01-30_17h40.12.874,rating,2023.2.3,60.03320394045856,2024-01-30 17h40.24.843199 +0800,
neu_47.jpg,0,106,106,326,807.5587835148654,,,,,,,,,,,,,,,,,,,,,,,807.5301404285856,,807.5301732150219,807.5301806276075,807.5587835148654,808.5421240137002,808.5587914976495,809.5421328517805,809.5421328517805,809.8254715259791,809.7757014301751,809.7757099831579,809.8254715259791,809.8254715259791,809.8254715259791,809.8254715259791,809.8254715259791,809.8254715259791,0.04534820335902623,815.0260903058224,[64.0],[112.0],[1],[0],[0],[5.200092486258654],815.0267126779181,815.0297578251266,None,,,,,,,,,,,,,ED27,001,2024-01-30_17h40.12.874,rating,2023.2.3,60.03320394045856,2024-01-30 17h40.24.843199 +0800,
neu_31.jpg,0,107,107,309,815.058853079132,,,,,,,,,,,,,,,,,,,,,,,815.0299913215749,,815.0300238229102,815.0300312354957,815.058853079132,816.0421981395557,816.0588636278117,817.0422049819426,817.0422049819426,817.325543085939,817.2757413440959,817.2757507523784,817.325543085939,817.325543085939,817.325543085939,817.325543085939,817.325543085939,817.325543085939,0.045566304437670624,821.1261439615373,[93.0],[-65.0],[1],[0],[0],[3.8000677396303217],821.1267748866157,821.1299169676386,None,,,,,,,,,,,,,ED27,001,2024-01-30_17h40.12.874,rating,2023.2.3,60.03320394045856,2024-01-30 17h40.24.843199 +0800,
neg_162.jpg,0,108,108,70,821.1589398063843,,,,,,,,,,,,,,,,,,,,,,,821.130129651825,,821.1301593021672,821.1301661445541,821.1589398063843,822.1422546462672,822.1589668908309,823.1422657651456,823.1422657651456,823.4256300982925,823.3758822402451,823.3758910783254,823.4256300982925,823.4256300982925,823.4256300982925,823.4256300982925,823.4256300982925,823.4256300982925,0.04552154382690787,826.6762262412376,[-303.0],[365.0],[1],[0],[0],[3.2500604410852247],826.6768642938041,826.6801024533379,None,,,,,,,,,,,,,ED27,001,2024-01-30_17h40.12.874,rating,2023.2.3,60.03320394045856,2024-01-30 17h40.24.843199 +0800,
neu_93.jpg,0,109,109,377,826.7089610748044,,,,,,,,,,,,,,,,,,,,,,,826.6803388007829,,826.680371017017,826.6803784296062,826.7089610748044,827.6923069905242,827.7089750446758,828.6923574531284,828.6923574531284,828.9756684726781,828.925900942766,828.925910065951,828.9756684726781,828.9756684726781,828.9756684726781,828.9756684726781,828.9756684726781,828.9756684726781,0.04534535236598458,833.3762839453666,[65.0],[-26.0],[1],[0],[0],[4.400027882726135],833.3769299807173,833.3801544554772,None,,,,,,,,,,,,,ED27,001,2024-01-30_17h40.12.874,rating,2023.2.3,60.03320394045856,2024-01-30 17h40.24.843199 +0800,
neg_48.jpg,0,110,110,135,833.4090698117325,,,,,,,,,,,,,,,,,,,,,,,833.3803908029222,,833.3804241595572,833.3804318572402,833.4090698117325,834.3923906387026,834.4090350295992,835.3923783794271,835.3923783794271,835.675716198326,835.6259116054862,835.6259212988698,835.675716198326,835.675716198326,835.675716198326,835.675716198326,835.675716198326,835.675716198326,0.0453387950801698,841.376470115305,[-313.0],[-124.0],[1],[0],[0],[5.7002056707387965],841.3771141549587,841.380411900278,None,,,,,,,,,,,,,ED27,001,2024-01-30_17h40.12.874,rating,2023.2.3,60.03320394045856,2024-01-30 17h40.24.843199 +0800,
neu_140.jpg,0,111,111,238,841.4091276869221,,,,,,,,,,,,,,,,,,,,,,,841.3806516689147,,841.3806836000549,841.3806910126405,841.4091276869221,842.3924718920462,842.4091120064513,843.3924559264779,843.3924559264779,843.6758045791539,843.6260062585025,843.6260153816875,843.6758045791539,843.6758045791539,843.6758045791539,843.6758045791539,843.6758045791539,843.6758045791539,0.04517087150452426,847.4764085908464,[280.0],[196.0],[1],[0],[0],[3.800059186643921],847.4770429371165,847.480224076764,None,,,,,,,,,,,,,ED27,001,2024-01-30_17h40.12.874,rating,2023.2.3,60.03320394045856,2024-01-30 17h40.24.843199 +0800,
neu_168.jpg,0,112,112,268,847.5091685131629,,,,,,,,,,,,,,,,,,,,,,,847.4804555775154,,847.480487508652,847.4804952063387,847.5091685131629,848.4925035951055,848.5091679429643,849.4925121480883,849.4925121480883,849.7758471159905,849.726045944346,849.726055067531,849.7758471159905,849.7758471159905,849.7758471159905,849.7758471159905,849.7758471159905,849.7758471159905,0.04540892954173614,852.6265975547612,[261.0],[-151.0],[1],[0],[0],[2.8501879375580756],852.6272338967283,852.6303893774239,None,,,,,,,,,,,,,ED27,001,2024-01-30_17h40.12.874,rating,2023.2.3,60.03320394045856,2024-01-30 17h40.24.843199 +0800,
neu_135.jpg,0,113,113,232,852.6592485690853,,,,,,,,,,,,,,,,,,,,,,,852.6306223036736,,852.6306536646116,852.6306610771971,852.6592485690853,853.64255229009,853.6592308929212,854.6425651195641,854.6425651195641,854.9259000874699,854.8761519443215,854.8761607824053,854.9259000874699,854.9259000874699,854.9259000874699,854.9259000874699,854.9259000874699,854.9259000874699,0.0452946046643774,859.1265425305646,[321.0],[257.0],[1],[0],[0],[4.200059414724819],859.1271748811414,859.1303143962687,None,,,,,,,,,,,,,ED27,001,2024-01-30_17h40.12.874,rating,2023.2.3,60.03320394045856,2024-01-30 17h40.24.843199 +0800,
neg_35.jpg,0,114,114,121,859.1592728025389,,,,,,,,,,,,,,,,,,,,,,,859.1305473225184,,859.1305798238536,859.1305872364392,859.1592728025389,860.1426483686046,860.159279930027,861.1426503643015,861.1426503643015,861.4259608136526,861.3761573612101,861.3761667694926,861.4259608136526,861.4259608136526,861.4259608136526,861.4259608136526,861.4259608136526,861.4259608136526,0.04542888650394161,865.7767257924934,[-88.0],[-138.0],[1],[0],[0],[4.350171686888643],865.7773629897601,865.7805025048838,None,,,,,,,,,,,,,ED27,001,2024-01-30_17h40.12.874,rating,2023.2.3,60.03320394045856,2024-01-30 17h40.24.843199 +0800,
neu_190.jpg,0,115,115,293,865.8093371779942,,,,,,,,,,,,,,,,,,,,,,,865.7808380669339,,865.7808708533703,865.780878551057,865.8093371779942,866.7926999145857,866.8093448756808,867.7926870851079,867.7926870851079,868.0760633924328,868.0262368469375,868.0262456850214,868.0760633924328,868.0760633924328,868.0760633924328,868.0760633924328,868.0760633924328,868.0760633924328,0.0452410059660906,871.2267036687736,[35.0],[-107.0],[1],[0],[0],[3.150081196319661],871.2273365895489,871.2304923553456,None,,,,,,,,,,,,,ED27,001,2024-01-30_17h40.12.874,rating,2023.2.3,60.03320394045856,2024-01-30 17h40.24.843199 +0800,
neg_11.jpg,0,116,116,12,871.2593880397362,,,,,,,,,,,,,,,,,,,,,,,871.2307247113931,,871.2307569276309,871.2307643402164,871.2593880397362,872.2427316746616,872.259393741726,873.2427388021497,873.2427388021497,873.5260771912472,873.4762700325118,873.4762785854982,873.5260771912472,873.5260771912472,873.5260771912472,873.5260771912472,873.5260771912472,873.5260771912472,0.04536787522374652,876.3266968834068,[-136.0],[-216.0],[1],[0],[0],[2.800061182340869],876.3273451995519,876.3304222779007,None,,,,,,,,,,,,,ED27,001,2024-01-30_17h40.12.874,rating,2023.2.3,60.03320394045856,2024-01-30 17h40.24.843199 +0800,
neg_99.jpg,0,117,117,191,876.3594493931378,,,,,,,,,,,,,,,,,,,,,,,876.3306571998437,,876.3306888458828,876.3306965435695,876.3594493931378,877.342775351899,877.359457661023,878.3427876111746,878.3427876111746,878.626123149279,878.5763191266378,878.5763276796206,878.626123149279,878.626123149279,878.626123149279,878.626123149279,878.626123149279,878.626123149279,0.04548220010110526,884.3767914223863,[-249.0],[95.0],[1],[0],[0],[5.750110618584586],884.3774485766116,884.3806334225519,None,,,,,,,,,,,,,ED27,001,2024-01-30_17h40.12.874,rating,2023.2.3,60.03320394045856,2024-01-30 17h40.24.843199 +0800,
neg_78.jpg,0,118,118,168,884.4095094350814,,,,,,,,,,,,,,,,,,,,,,,884.3808689146972,,884.3809011309313,884.3809085435205,884.4095094350814,885.392856206101,885.4095407960194,886.3928616229932,886.3928616229932,886.6761983014912,886.6264088189237,886.6264267801889,886.6761983014912,886.6761983014912,886.6761983014912,886.6761983014912,886.6761983014912,886.6761983014912,0.0453444970662531,889.1269473717839,[-19.0],[-105.0],[1],[0],[0],[2.4501449445597245],889.1275905561379,889.1307551600148,None,,,,,,,,,,,,,ED27,001,2024-01-30_17h40.12.874,rating,2023.2.3,60.03320394045856,2024-01-30 17h40.24.843199 +0800,
neg_154.jpg,0,119,119,61,889.1595556211942,,,,,,,,,,,,,,,,,,,,,,,889.1309875160659,,889.1310194472026,889.1310268597881,889.1595556211942,890.1429354637476,890.1595869821322,891.1429106600954,891.1429106600954,891.4262461981998,891.3764393245656,891.376448447747,891.4262461981998,891.4262461981998,891.4262461981998,891.4262461981998,891.4262461981998,891.4262461981998,0.04527578809938859,897.4269218838926,[-137.0],[158.0],[1],[0],[0],[6.0001052016959875],897.4275759020275,918.1436245491168,space,897.4429664255476,897.4429664255476,20.690885484673345,None,,,,,,,,,ED27,001,2024-01-30_17h40.12.874,rating,2023.2.3,60.03320394045856,2024-01-30 17h40.24.843199 +0800,
neg_55.jpg,0,120,120,143,918.159832737856,,,,,,,,,,,,,,,,,,,,,,,918.1440265393394,918.159832737856,919.1434050225398,919.1434135755226,919.1765039281017,920.1431968999423,920.176536429437,921.1431906277539,921.1431906277539,921.426521889367,921.3767267048097,921.3767355428936,921.426521889367,921.426521889367,921.426521889367,921.426521889367,921.426521889367,921.426521889367,0.03269691533932928,925.8272819074773,[-51.0],[54.0],[1],[0],[0],[4.400186112918163],925.8278683570425,925.8311564089781,None,,,,,919.1765039281017,,,,,,,,ED27,001,2024-01-30_17h40.12.874,rating,2023.2.3,60.03320394045856,2024-01-30 17h40.24.843199 +0800,
neu_26.jpg,0,121,121,303,925.8599029863617,,,,,,,,,,,,,,,,,,,,,,,925.8313910458237,,925.8314244024623,925.8314321001453,925.8599029863617,926.8432682888451,926.8599084032503,927.8432856799118,927.8432856799118,928.1266742465123,928.0768496967103,928.0768582496967,928.1266742465123,928.1266742465123,928.1266742465123,928.1266742465123,928.1266742465123,928.1266742465123,0.0453003066504607,931.2772230059309,[273.0],[232.0],[1],[0],[0],[3.1499754244287033],931.2779157975892,931.2812825369765,None,,,,,,,,,,,,,ED27,001,2024-01-30_17h40.12.874,rating,2023.2.3,60.03320394045856,2024-01-30 17h40.24.843199 +0800,
neg_177.jpg,0,122,122,86,931.3099515673057,,,,,,,,,,,,,,,,,,,,,,,931.2815265821046,,931.2815585132412,931.2815662109278,931.3099515673057,932.2932966277294,932.3099615457868,933.2933054658133,933.2933054658133,933.5766441400083,933.5268372663777,933.5268463895591,933.5766441400083,933.5766441400083,933.5766441400083,933.5766441400083,933.5766441400083,933.5766441400083,0.04513238307845313,936.0272771748241,[85.0],[204.0],[1],[0],[0],[2.450062550818984],936.0280409562474,936.0312086962185,None,,,,,,,,,,,,,ED27,001,2024-01-30_17h40.12.874,rating,2023.2.3,60.03320394045856,2024-01-30 17h40.24.843199 +0800,
neg_150.jpg,0,123,123,57,936.0600077318959,,,,,,,,,,,,,,,,,,,,,,,936.0314376310744,,936.0314695622146,936.0314769748002,936.0600077318959,937.0433419585424,937.0600242676664,938.0433513668249,938.0433513668249,938.326716840369,938.2769361958854,938.2769447488681,938.326716840369,938.326716840369,938.326716840369,938.326716840369,938.326716840369,938.326716840369,0.045303157647140324,941.6274836438461,[-292.0],[317.0],[1],[0],[0],[3.3001720860265777],941.6282451444713,941.6314083228535,None,,,,,,,,,,,,,ED27,001,2024-01-30_17h40.12.874,rating,2023.2.3,60.03320394045856,2024-01-30 17h40.24.843199 +0800,
neg_83.jpg,0,124,124,174,941.6600528346316,,,,,,,,,,,,,,,,,,,,,,,941.6316375428069,,941.6316689037485,941.631676316334,941.6600528346316,942.6433947589612,942.6600599621161,943.6434016013482,943.6434016013482,943.9267411308429,943.8769704648366,943.8769810135163,943.9267411308429,943.9267411308429,943.9267411308429,943.9267411308429,943.9267411308429,943.9267411308429,0.04511955360430875,946.6773988552704,[-315.0],[-288.0],[1],[0],[0],[2.750036207628],946.6780645624822,946.6812391448402,None,,,,,,,,,,,,,ED27,001,2024-01-30_17h40.12.874,rating,2023.2.3,60.03320394045856,2024-01-30 17h40.24.843199 +0800,
neu_131.jpg,0,125,125,228,946.7101074596831,,,,,,,,,,,,,,,,,,,,,,,946.6814746369819,,946.6815074234219,946.6815151211049,946.7101074596831,947.6934679154801,947.7101202891608,948.6934590773963,948.6934590773963,948.9767883433087,948.9269840355737,948.9269931587551,948.9767883433087,948.9767883433087,948.9767883433087,948.9767883433087,948.9767883433087,948.9767883433087,0.045327391100727255,953.7275498439376,[30.0],[-130.0],[1],[0],[0],[4.750165642777574],953.7281474123811,953.7313094503625,None,,,,,,,,,,,,,ED27,001,2024-01-30_17h40.12.874,rating,2023.2.3,60.03320394045856,2024-01-30 17h40.24.843199 +0800,
neg_134.jpg,0,126,126,39,953.7601649357348,,,,,,,,,,,,,,,,,,,,,,,953.731541236215,,953.7315711716583,953.7315780140452,953.7601649357348,954.7435174087441,954.7601740589162,955.743524251131,955.743524251131,956.0268868736784,955.9770657450754,955.9770748682568,956.0268868736784,956.0268868736784,956.0268868736784,956.0268868736784,956.0268868736784,956.0268868736784,0.04536445402845857,961.1775194523361,[-80.0],[96.0],[1],[0],[0],[5.150044988695299],961.178190291339,961.1813372190481,None,,,,,,,,,,,,,ED27,001,2024-01-30_17h40.12.874,rating,2023.2.3,60.03320394045856,2024-01-30 17h40.24.843199 +0800,
neu_63.jpg,0,127,127,344,961.2102371799338,,,,,,,,,,,,,,,,,,,,,,,961.1815692900018,,961.1816026466367,961.1816103443198,961.2102371799338,962.1935802446606,962.2102434521221,963.19359649533,963.19359649533,963.4769263314447,963.4271211684063,963.4271300064902,963.4769263314447,963.4769263314447,963.4769263314447,963.4769263314447,963.4769263314447,963.4769263314447,0.04537186661400483,968.8277332199032,[-125.0],[-110.0],[1],[0],[0],[5.350209605116106],968.8283963612193,968.8315601097966,None,,,,,,,,,,,,,ED27,001,2024-01-30_17h40.12.874,rating,2023.2.3,60.03320394045856,2024-01-30 17h40.24.843199 +0800,
neg_87.jpg,0,128,128,178,968.8603092530757,,,,,,,,,,,,,,,,,,,,,,,968.8317921807502,,968.8318241118868,968.8318315244724,968.8603092530757,969.8436508923041,969.8603155252604,970.8436776916533,970.8436776916533,971.1269978343844,971.0772086369179,971.0772174750018,971.1269978343844,971.1269978343844,971.1269978343844,971.1269978343844,971.1269978343844,971.1269978343844,0.045219053310574964,973.7776740332556,[-275.0],[-301.0],[1],[0],[0],[2.6500561075736186],973.778354280541,973.781634064595,None,,,,,,,,,,,,,ED27,001,2024-01-30_17h40.12.874,rating,2023.2.3,60.03320394045856,2024-01-30 17h40.24.843199 +0800,
neg_59.jpg,0,129,129,147,973.8103578340197,,,,,,,,,,,,,,,,,,,,,,,973.7818937901939,,973.7819265766302,973.7819339892158,973.8103578340197,974.793755637842,974.8103643913091,975.7937334000853,975.7937334000853,976.0770444196351,976.0272384013006,976.0272472393845,976.0770444196351,976.0770444196351,976.0770444196351,976.0770444196351,976.0770444196351,976.0770444196351,0.04516602481453447,979.0278111660919,[-386.0],[123.0],[1],[0],[0],[2.9501452296608477],979.0284945494677,979.0316816762024,None,,,,,,,,,,,,,ED27,001,2024-01-30_17h40.12.874,rating,2023.2.3,60.03320394045856,2024-01-30 17h40.24.843199 +0800,
neg_144.jpg,0,130,130,50,979.0604040201324,,,,,,,,,,,,,,,,,,,,,,,979.0319180236474,,979.0319499547841,979.0319576524707,979.0604040201324,980.0437479401553,980.0604128582127,981.0437519315492,981.0437519315492,981.3270900355456,981.2772877235038,981.2772965615877,981.3270900355456,981.3270900355456,981.3270900355456,981.3270900355456,981.3270900355456,981.3270900355456,0.045187692368926946,984.5277849369413,[-357.0],[193.0],[1],[0],[0],[3.2000890650670044],984.5283902030715,984.5315975718659,None,,,,,,,,,,,,,ED27,001,2024-01-30_17h40.12.874,rating,2023.2.3,60.03320394045856,2024-01-30 17h40.24.843199 +0800,
neg_176.jpg,0,131,131,85,984.5604576188271,,,,,,,,,,,,,,,,,,,,,,,984.5318330640112,,984.5318644249492,984.5318718375347,984.5604576188271,985.5438126577319,985.5604855585734,986.5438066706447,986.5438066706447,986.8271607402094,986.7773558622721,986.7773649854535,986.8271607402094,986.8271607402094,986.8271607402094,986.8271607402094,986.8271607402094,986.8271607402094,0.04534535236598458,992.8278073457586,[-387.0],[-91.0],[1],[0],[0],[6.000066143071308],992.8284448281265,992.8316436439382,None,,,,,,,,,,,,,ED27,001,2024-01-30_17h40.12.874,rating,2023.2.3,60.03320394045856,2024-01-30 17h40.24.843199 +0800,
neu_19.jpg,0,132,132,292,992.8605570044965,,,,,,,,,,,,,,,,,,,,,,,992.831875429787,,992.8319073609273,992.8319150586103,992.8605570044965,993.8438798271636,993.8605695488695,994.8439066265091,994.8439066265091,995.1272544238891,995.0774740645029,995.0774829025868,995.1272544238891,995.1272544238891,995.1272544238891,995.1272544238891,995.1272544238891,995.1272544238891,0.04539438947176677,1001.5779136878518,[292.0],[295.0],[1],[0],[0],[6.4500805120842415],1001.578554591415,1001.5818808466793,None,,,,,,,,,,,,,ED27,001,2024-01-30_17h40.12.874,rating,2023.2.3,60.03320394045856,2024-01-30 17h40.24.843199 +0800,
neu_57.jpg,0,133,133,337,1001.6106405386345,,,,,,,,,,,,,,,,,,,,,,,1001.5821114921309,,1001.5821439934698,1001.5821514060553,1001.6106405386345,1002.5939810374657,1002.6106279942578,1003.5939810374657,1003.5939810374657,1003.8773071672877,1003.8275042850437,1003.8275134082287,1003.8773071672877,1003.8773071672877,1003.8773071672877,1003.8773071672877,1003.8773071672877,1003.8773071672877,0.04521335132085369,1008.4781003709722,[96.0],[93.0],[1],[0],[0],[4.60014631303784],1008.4787233132665,1008.4819152866912,None,,,,,,,,,,,,,ED27,001,2024-01-30_17h40.12.874,rating,2023.2.3,60.03320394045856,2024-01-30 17h40.24.843199 +0800,
neg_131.jpg,0,134,134,36,1008.5106843869289,,,,,,,,,,,,,,,,,,,,,,,1008.4821299665746,,1008.4821584765195,1008.4821653189065,1008.5106843869289,1009.4940208943699,1009.5107086203825,1010.4940303026524,1010.4940303026524,1010.7773704023457,1010.7275663797045,1010.7275752177884,1010.7773704023457,1010.7773704023457,1010.7773704023457,1010.7773704023457,1010.7773704023457,1010.7773704023457,0.04526010763220256,1014.6281670272219,[-193.0],[182.0],[1],[0],[0],[3.850188507753046],1014.6287817016346,1014.6319688283656,None,,,,,,,,,,,,,ED27,001,2024-01-30_17h40.12.874,rating,2023.2.3,60.03320394045856,2024-01-30 17h40.24.843199 +0800,
neu_186.jpg,0,135,135,288,1014.6607430603945,,,,,,,,,,,,,,,,,,,,,,,1014.6322014695179,,1014.6322336857556,1014.6322413834387,1014.6607430603945,1015.6440644575632,1015.6607758468308,1016.6440884059193,1016.6440884059193,1016.9274273652154,1016.8776239127728,1016.8776333210553,1016.9274273652154,1016.9274273652154,1016.9274273652154,1016.9274273652154,1016.9274273652154,1016.9274273652154,0.04524129106721375,1021.3780806420909,[228.0],[113.0],[1],[0],[0],[4.450062265717861],1021.378730953933,1021.3819611306826,None,,,,,,,,,,,,,ED27,001,2024-01-30_17h40.12.874,rating,2023.2.3,60.03320394045856,2024-01-30 17h40.24.843199 +0800,
neg_183.jpg,0,136,136,93,1021.4108248839366,,,,,,,,,,,,,,,,,,,,,,,1021.3822020397165,,1021.3822345410517,1021.3822419536373,1021.4108248839366,1022.3941482768023,1022.4108305859263,1023.3941462811053,1023.3941462811053,1023.6775106142522,1023.6277405184483,1023.627749071431,1023.6775106142522,1023.6775106142522,1023.6775106142522,1023.6775106142522,1023.6775106142522,1023.6775106142522,0.04532425500656245,1027.1281730143128,[-196.0],[-345.0],[1],[0],[0],[3.4500599849234277],1027.1288392917231,1027.1320312651478,None,,,,,,,,,,,,,ED27,001,2024-01-30_17h40.12.874,rating,2023.2.3,60.03320394045856,2024-01-30 17h40.24.843199 +0800,
neg_76.jpg,0,137,137,166,1027.1608613766657,,,,,,,,,,,,,,,,,,,,,,,1027.1322704635822,,1027.13230267982,1027.1323103775067,1027.1608613766657,1028.144205011591,1028.160869644551,1029.144209002985,1029.144209002985,1029.427547962281,1029.3777904108501,1029.377799248934,1029.427547962281,1029.427547962281,1029.427547962281,1029.427547962281,1029.427547962281,1029.427547962281,0.04529545996047091,1034.528245087451,[-218.0],[226.0],[1],[0],[0],[5.100059927903203],1034.5288711658395,1034.5320400462078,None,,,,,,,,,,,,,ED27,001,2024-01-30_17h40.12.874,rating,2023.2.3,60.03320394045856,2024-01-30 17h40.24.843199 +0800,
neg_186.jpg,0,138,138,96,1034.5609291733163,,,,,,,,,,,,,,,,,,,,,,,1034.5322484539065,,1034.532277248949,1034.5322838062384,1034.5609291733163,1035.5442733784403,1035.5609576832612,1036.5442813612244,1036.5442813612244,1036.8276160440291,1036.7778493694168,1036.7778584926018,1036.8276160440291,1036.8276160440291,1036.8276160440291,1036.8276160440291,1036.8276160440291,1036.8276160440291,0.04538754708482884,1039.1284313144133,[-174.0],[362.0],[1],[0],[0],[2.300149848269939],1039.1291389312428,1039.1323622656055,None,,,,,,,,,,,,,ED27,001,2024-01-30_17h40.12.874,rating,2023.2.3,60.03320394045856,2024-01-30 17h40.24.843199 +0800,
neg_85.jpg,0,139,139,176,1039.1609742760484,,,,,,,,,,,,,,,,,,,,,,,1039.1325971875522,,1039.1326296888874,1039.132637386574,1039.1609742760484,1040.1443164854754,1040.1609836843309,1041.1443270341551,1041.1443270341551,1041.4276853802148,1041.377873089692,1041.3778822128734,1041.4276853802148,1041.4276853802148,1041.4276853802148,1041.4276853802148,1041.4276853802148,1041.4276853802148,0.045114992008166155,1045.7783748077018,[-334.0],[-52.0],[1],[0],[0],[4.3500154523899255],1045.779100100699,1045.7823736125647,None,,,,,,,,,,,,,ED27,001,2024-01-30_17h40.12.874,rating,2023.2.3,60.03320394045856,2024-01-30 17h40.24.843199 +0800,
neu_45.jpg,0,140,140,324,1045.8110355154095,,,,,,,,,,,,,,,,,,,,,,,1045.782609960006,,1045.7826418911463,1045.7826495888294,1045.8110355154095,1046.7943800056346,1046.8110412173992,1047.7943885586174,1047.7943885586174,1048.0776488304655,1048.0279220697776,1048.027931192959,1048.0776488304655,1048.0776488304655,1048.0776488304655,1048.0776488304655,1048.0776488304655,1048.0776488304655,0.045058827417960856,1054.1784574295198,[-43.0],[-42.0],[1],[0],[0],[6.10020076703222],1054.1791268430243,1054.1823145399576,None,,,,,,,,,,,,,ED27,001,2024-01-30_17h40.12.874,rating,2023.2.3,60.03320394045856,2024-01-30 17h40.24.843199 +0800,
neu_127.jpg,0,141,141,223,1054.211129826308,,,,,,,,,,,,,,,,,,,,,,,1054.182528649646,,1054.1825577297896,1054.1825642870754,1054.211129826308,1055.1944574956651,1055.2111249796144,1056.1944651933482,1056.1944651933482,1056.477728316193,1056.4280537287013,1056.4280625667852,1056.477728316193,1056.477728316193,1056.477728316193,1056.477728316193,1056.477728316193,1056.477728316193,0.04522076390639995,1061.3285055543092,[208.0],[-72.0],[1],[0],[0],[4.85014146634785],1061.3291373346874,1061.3324040041662,None,,,,,,,,,,,,,ED27,001,2024-01-30_17h40.12.874,rating,2023.2.3,60.03320394045856,2024-01-30 17h40.24.843199 +0800,
neu_169.jpg,0,142,142,269,1061.3611967676588,,,,,,,,,,,,,,,,,,,,,,,1061.3326443430014,,1061.3326774145353,1061.3326856824206,1061.3611967676588,1062.3445532320584,1062.3612058908402,1063.3445455343754,1063.3445455343754,1063.6446098528104,1063.5783262267541,1063.5783376307336,1063.6446098528104,1063.6446098528104,1063.6446098528104,1063.6446098528104,1063.6446098528104,1063.6446098528104,0.06202937208581716,1065.5951878634296,[24.0],[-85.0],[1],[0],[0],[1.9498715341906063],1065.5958401709686,1065.5990050599466,None,,,,,,,,,,,,,ED27,001,2024-01-30_17h40.12.874,rating,2023.2.3,60.03320394045856,2024-01-30 17h40.24.843199 +0800,
neu_147.jpg,0,143,143,245,1065.6278950423475,,,,,,,,,,,,,,,,,,,,,,,1065.599238556395,,1065.5992704875316,1065.5992779001172,1065.6278950423475,1066.6112349709838,1066.6278956125498,1067.611261770333,1067.611261770333,1067.9112471162189,1067.844773328834,1067.8447824520154,1067.9112471162189,1067.9112471162189,1067.9112471162189,1067.9112471162189,1067.9112471162189,1067.9112471162189,0.062026806190260686,1071.2619408201972,[247.0],[-63.0],[1],[0],[0],[3.3500413964393374],1071.262599685022,1071.2658922985538,None,,,,,,,,,,,,,ED27,001,2024-01-30_17h40.12.874,rating,2023.2.3,60.03320394045856,2024-01-30 17h40.24.843199 +0800,
neg_118.jpg,0,144,144,21,1071.2946260464596,,,,,,,,,,,,,,,,,,,,,,,1071.266135203281,,1071.2661642834246,1071.266170840714,1071.2946260464596,1072.2780121612013,1072.2946169232746,1073.2779713919808,1073.2779713919808,1073.5779650057557,1073.5115040478413,1073.5115128859252,1073.5779650057557,1073.5779650057557,1073.5779650057557,1073.5779650057557,1073.5779650057557,1073.5779650057557,0.061850044530729065,1080.1786989087523,[-316.0],[265.0],[1],[0],[0],[6.600114952096192],1080.1794812216394,1080.1827356318427,None,,,,,,,,,,,,,ED27,001,2024-01-30_17h40.12.874,rating,2023.2.3,60.03320394045856,2024-01-30 17h40.24.843199 +0800,
neg_72.jpg,0,145,145,162,1080.2113761522305,,,,,,,,,,,,,,,,,,,,,,,1080.1829500266285,,1080.1829953574415,1080.1830021998285,1080.2113761522305,1081.1947023960893,1081.2113929730986,1082.1947098086748,1082.1947098086748,1082.4947171072236,1082.4283425344438,1082.4283530831235,1082.4947171072236,1082.4947171072236,1082.4947171072236,1082.4947171072236,1082.4947171072236,1082.4947171072236,0.06177477827804978,1096.4954888714274,[-258.0],[-23.0],[1],[0],[0],[14.000122022564028],1096.4961665528172,1096.499356815646,None,,,,,,,,,,,,,ED27,001,2024-01-30_17h40.12.874,rating,2023.2.3,60.03320394045856,2024-01-30 17h40.24.843199 +0800,
neu_54.jpg,0,146,146,334,1096.5281812251742,,,,,,,,,,,,,,,,,,,,,,,1096.4995931630874,,1096.4996262346249,1096.4996336472104,1096.5281812251742,1097.5115225793052,1097.5282114457186,1098.511538544877,1098.511538544877,1098.8115418520283,1098.7450743368317,1098.7450834600131,1098.8115418520283,1098.8115418520283,1098.8115418520283,1098.8115418520283,1098.8115418520283,1098.8115418520283,0.06197605848865351,1103.3622767243687,[213.0],[-227.0],[1],[0],[0],[4.55000758364622],1103.3629278915068,1103.366150940772,None,,,,,,,,,,,,,ED27,001,2024-01-30_17h40.12.874,rating,2023.2.3,60.03320394045856,2024-01-30 17h40.24.843199 +0800,
neu_61.jpg,0,147,147,342,1103.3949140539225,,,,,,,,,,,,,,,,,,,,,,,1103.3663875733146,,1103.3664200746498,1103.3664274872353,1103.3949140539225,1104.3782799266046,1104.39491918571,1105.3782636759352,1105.3782636759352,1105.6782658426928,1105.611817429155,1105.61182655234,1105.6782658426928,1105.6782658426928,1105.6782658426928,1105.6782658426928,1105.6782658426928,1105.6782658426928,0.06189509024625295,1109.9290381770988,[246.0],[-87.0],[1],[0],[0],[4.2501208821631735],1109.929768031685,1109.932973119685,None,,,,,,,,,,,,,ED27,001,2024-01-30_17h40.12.874,rating,2023.2.3,60.03320394045856,2024-01-30 17h40.24.843199 +0800,
neu_2.jpg,0,148,148,296,1109.961667523865,,,,,,,,,,,,,,,,,,,,,,,1109.9332137436177,,1109.9332428237612,1109.9332496661482,1109.961667523865,1110.945005171703,1110.9616595410807,1111.944994337926,1111.944994337926,1112.2449962195824,1112.1785714692996,1112.1785803073835,1112.2449962195824,1112.2449962195824,1112.2449962195824,1112.2449962195824,1112.2449962195824,1112.2449962195824,0.06180129252970801,1116.8789898242321,[-379.0],[54.0],[1],[0],[0],[4.633362964668777],1116.8796817605908,1116.8830128625486,None,,,,,,,,,,,,,ED27,001,2024-01-30_17h40.12.874,rating,2023.2.3,60.03320394045856,2024-01-30 17h40.24.843199 +0800,
neg_81.jpg,0,149,149,172,1116.9117089773245,,,,,,,,,,,,,,,,,,,,,,,1116.883227542432,,1116.8832571927742,1116.8832640351611,1116.9117089773245,1117.8950825476932,1117.9117209515025,1118.8951167596279,1118.8951167596279,1119.1951003949216,1119.1285938210967,1119.128602944278,1119.1951003949216,1119.1951003949216,1119.1951003949216,1119.1951003949216,1119.1951003949216,1119.1951003949216,0.06189394984903629,1127.545825459838,[-197.0],[43.0],[1],[0],[0],[8.350085016656521],1127.5464914521472,1153.162619870065,space,1127.5618092753139,1127.5618092753139,25.59844483953202,None,,,,,,,,,ED27,001,2024-01-30_17h40.12.874,rating,2023.2.3,60.03320394045856,2024-01-30 17h40.24.843199 +0800,
neg_44.jpg,0,150,150,131,1153.178692066369,,,,,,,,,,,,,,,,,,,,,,,1153.1630133073013,1153.178692066369,1154.1622557980663,1154.1622746146313,1154.1953957579499,1155.162064781438,1155.1954333910762,1156.1620770407135,1156.1620770407135,1156.4620806329658,1156.3956302237348,1156.3956393469161,1156.4620806329658,1156.4620806329658,1156.4620806329658,1156.4620806329658,1156.4620806329658,1156.4620806329658,0.0492740227637114,1160.6628157333835,[-235.0],[-76.0],[1],[0],[0],[4.200034040874016],1160.6634908488777,1160.666680541508,None,,,,,1154.1953957579499,,,,,,,,ED27,001,2024-01-30_17h40.12.874,rating,2023.2.3,60.03320394045856,2024-01-30 17h40.24.843199 +0800,
neg_3.jpg,0,151,151,115,1160.6954550586343,,,,,,,,,,,,,,,,,,,,,,,1160.6668977872869,,1160.6669280078277,1160.6669345651171,1160.6954550586343,1161.6787969829638,1161.695460760624,1162.6788046806505,1162.6788046806505,1162.9788088431014,1162.9123427533996,1162.9123524467796,1162.9788088431014,1162.9788088431014,1162.9788088431014,1162.9788088431014,1162.9788088431014,1162.9788088431014,0.06193585946675739,1168.0462599513958,[-340.0],[-195.0],[1],[0],[0],[5.06677513750401],1168.0469963632713,1168.050198030076,None,,,,,,,,,,,,,ED27,001,2024-01-30_17h40.12.874,rating,2023.2.3,60.03320394045856,2024-01-30 17h40.24.843199 +0800,
neu_104.jpg,0,152,152,198,1168.0788587925235,,,,,,,,,,,,,,,,,,,,,,,1168.0504129950605,,1168.0504426454027,1168.050449202692,1168.0788587925235,1169.0622024274526,1169.0788636392135,1170.0622118357314,1170.0622118357314,1170.362209155799,1170.2957456319928,1170.2957550402753,1170.362209155799,1170.362209155799,1170.362209155799,1170.362209155799,1170.362209155799,1170.362209155799,0.061815547498554224,1173.8297089590815,[122.0],[-162.0],[1],[0],[0],[3.4668520573359274],1173.8303772321851,1173.8335549506373,None,,,,,,,,,,,,,ED27,001,2024-01-30_17h40.12.874,rating,2023.2.3,60.03320394045856,2024-01-30 17h40.24.843199 +0800,
neg_181.jpg,0,153,153,91,1173.862275869069,,,,,,,,,,,,,,,,,,,,,,,1173.833784740793,,1173.833825224916,1173.8338320673029,1173.862275869069,1174.8456061043216,1174.862257052504,1175.8456274867822,1175.8456274867822,1176.1456022839884,1176.0791322028963,1176.0791410409802,1176.1456022839884,1176.1456022839884,1176.1456022839884,1176.1456022839884,1176.1456022839884,1176.1456022839884,0.06183179816798656,1180.012996258356,[-234.0],[339.0],[1],[0],[0],[3.8667345393405412],1180.01368192253,1180.016871044958,None,,,,,,,,,,,,,ED27,001,2024-01-30_17h40.12.874,rating,2023.2.3,60.03320394045856,2024-01-30 17h40.24.843199 +0800,
neg_148.jpg,0,154,154,54,1180.0456418557915,,,,,,,,,,,,,,,,,,,,,,,1180.0171076775005,,1180.0171398937382,1180.0171473063237,1180.0456418557915,1181.0289795036297,1181.045668084942,1182.0289874864138,1182.0289874864138,1182.3290104654297,1182.2625480820243,1182.2625569201045,1182.3290104654297,1182.3290104654297,1182.3290104654297,1182.3290104654297,1182.3290104654297,1182.3290104654297,0.06192074919454171,1184.9964285592105,[-415.0],[310.0],[1],[0],[0],[2.6667384166939883],1184.9971732389713,1185.000451597527,None,,,,,,,,,,,,,ED27,001,2024-01-30_17h40.12.874,rating,2023.2.3,60.03320394045856,2024-01-30 17h40.24.843199 +0800,
neu_178.jpg,0,155,155,279,1185.0290690248585,,,,,,,,,,,,,,,,,,,,,,,1185.000692791662,,1185.0007247227986,1185.0007321353842,1185.0290690248585,1186.0123596312878,1186.0290522039904,1187.0123673289709,1187.0123673289709,1187.3123751977182,1187.2459108186122,1187.245919656696,1187.3123751977182,1187.3123751977182,1187.3123751977182,1187.3123751977182,1187.3123751977182,1187.3123751977182,0.06170236301841214,1193.3798129063398,[182.0],[-219.0],[1],[0],[0],[6.066719828209898],1193.3805766877595,1193.3838835562638,None,,,,,,,,,,,,,ED27,001,2024-01-30_17h40.12.874,rating,2023.2.3,60.03320394045856,2024-01-30 17h40.24.843199 +0800,
neu_166.jpg,0,156,156,266,1193.4124345554228,,,,,,,,,,,,,,,,,,,,,,,1193.384123895099,,1193.3841566815354,1193.384164094121,1193.4124345554228,1194.3957739138568,1194.4124664865594,1195.395777049951,1195.395777049951,1195.6957849186947,1195.6294035035316,1195.629412626713,1195.6957849186947,1195.6957849186947,1195.6957849186947,1195.6957849186947,1195.6957849186947,1195.6957849186947,0.06167755936621688,1199.0965437964078,[295.0],[-107.0],[1],[0],[0],[3.4000541118766705],1199.0973010205416,1199.1004208638078,None,,,,,,,,,,,,,ED27,001,2024-01-30_17h40.12.874,rating,2023.2.3,60.03320394045856,2024-01-30 17h40.24.843199 +0800,
neu_114.jpg,0,157,157,209,1199.1291514756194,,,,,,,,,,,,,,,,,,,,,,,1199.1006546453536,,1199.1006871466925,1199.1006948443755,1199.1291514756194,1200.1124939701476,1200.1291574627066,1201.1125013827332,1201.1125013827332,1201.41250725578,1201.3460343236948,1201.3460428766775,1201.41250725578,1201.41250725578,1201.41250725578,1201.41250725578,1201.41250725578,1201.41250725578,0.061873137587099336,1205.4133981915584,[199.0],[-44.0],[1],[0],[0],[4.000215535183088],1205.4140858514256,1205.4172838119412,None,,,,,,,,,,,,,ED27,001,2024-01-30_17h40.12.874,rating,2023.2.3,60.03320394045856,2024-01-30 17h40.24.843199 +0800,
neg_80.jpg,0,158,158,171,1205.4459391574965,,,,,,,,,,,,,,,,,,,,,,,1205.4175144573928,,1205.4175475289303,1205.4175552266133,1205.4459391574965,1206.4292414530028,1206.4459072263599,1207.4292274831314,1207.4292274831314,1207.7292336412793,1207.662820580077,1207.662829988356,1207.7292336412793,1207.7292336412793,1207.7292336412793,1207.7292336412793,1207.7292336412793,1207.7292336412793,0.06173429415503051,1211.3967218695216,[-144.0],[-114.0],[1],[0],[0],[3.666807695859461],1211.3973975552144,1211.400541346833,None,,,,,,,,,,,,,ED27,001,2024-01-30_17h40.12.874,rating,2023.2.3,60.03320394045856,2024-01-30 17h40.24.843199 +0800,
neu_44.jpg,0,159,159,323,1211.4292696778502,,,,,,,,,,,,,,,,,,,,,,,1211.4007694263928,,1211.4008278717774,1211.4008347141644,1211.4292696778502,1212.4126087511868,1212.4293195702521,1213.4126150233715,1213.4126150233715,1213.712659384848,1213.6461699169922,1213.6461790401736,1213.712659384848,1213.712659384848,1213.712659384848,1213.712659384848,1213.712659384848,1213.712659384848,0.06188311607184005,1216.8467678845736,[17.0],[58.0],[1],[0],[0],[3.1333675262612815],1216.847522827913,1216.8507741020221,None,,,,,,,,,,,,,ED27,001,2024-01-30_17h40.12.874,rating,2023.2.3,60.03320394045856,2024-01-30 17h40.24.843199 +0800,
neg_100.jpg,0,160,160,2,1216.8792903190515,,,,,,,,,,,,,,,,,,,,,,,1216.8510104494671,,1216.8510452315968,1216.8510526441823,1216.8792903190515,1217.862689263271,1217.8793279521778,1218.8626681659116,1218.8626681659116,1219.1626728985611,1219.0962444419856,1219.0962532800695,1219.1626728985611,1219.1626728985611,1219.1626728985611,1219.1626728985611,1219.1626728985611,1219.1626728985611,0.0616767040664854,1224.1634737429122,[-134.0],[-162.0],[1],[0],[0],[5.000104061298771],1224.1642235544605,1224.1674332040493,None,,,,,,,,,,,,,ED27,001,2024-01-30_17h40.12.874,rating,2023.2.3,60.03320394045856,2024-01-30 17h40.24.843199 +0800,
neu_180.jpg,0,161,161,282,1224.1960583290675,,,,,,,,,,,,,,,,,,,,,,,1224.1676678408985,,1224.1677000571362,1224.1677074697218,1224.1960583290675,1225.1793956918045,1225.196110787365,1226.1794039596898,1226.1794039596898,1226.4794337810927,1226.4129391814458,1226.4129483046272,1226.4794337810927,1226.4794337810927,1226.4794337810927,1226.4794337810927,1226.4794337810927,1226.4794337810927,0.06181583259967738,1232.547018886129,[44.0],[-85.0],[1],[0],[0],[6.066802221954276],1232.5476988483133,1232.5508677286816,None,,,,,,,,,,,,,ED27,001,2024-01-30_17h40.12.874,rating,2023.2.3,60.03320394045856,2024-01-30 17h40.24.843199 +0800,
neu_185.jpg,0,162,162,287,1232.579494849393,,,,,,,,,,,,,,,,,,,,,,,1232.5511035059244,,1232.5511354370647,1232.551142564549,1232.579494849393,1233.5628099743772,1233.5794674798453,1234.562811684973,1234.562811684973,1234.8628221196122,1234.796354604412,1234.796363442496,1234.8628221196122,1234.8628221196122,1234.8628221196122,1234.8628221196122,1234.8628221196122,1234.8628221196122,0.061775063375534955,1239.1969734982958,[152.0],[86.0],[1],[0],[0],[4.333387027065328],1239.1977315777294,1239.2010509906067,None,,,,,,,,,,,,,ED27,001,2024-01-30_17h40.12.874,rating,2023.2.3,60.03320394045856,2024-01-30 17h40.24.843199 +0800,
neu_128.jpg,0,163,163,224,1239.229530429806,,,,,,,,,,,,,,,,,,,,,,,1239.2012896188462,,1239.2013224052826,1239.2013301029656,1239.229530429806,1240.2128752051285,1240.2295321404017,1241.2128814773168,1241.2128814773168,1241.512887065266,1241.446433519941,1241.4464443537217,1241.512887065266,1241.512887065266,1241.512887065266,1241.512887065266,1241.512887065266,1241.512887065266,0.061616548086021794,1244.7137823915727,[246.0],[210.0],[1],[0],[0],[3.200144089259993],1244.7145376200133,1244.7177036493886,None,,,,,,,,,,,,,ED27,001,2024-01-30_17h40.12.874,rating,2023.2.3,60.03320394045856,2024-01-30 17h40.24.843199 +0800,
neu_82.jpg,0,164,164,365,1244.7462480912582,,,,,,,,,,,,,,,,,,,,,,,1244.7179391415302,,1244.717971642869,1244.7179790554546,1244.7462480912582,1245.72959058579,1245.7462546485476,1246.7295979983755,1246.7295979983755,1247.0296030161262,1246.963133505229,1246.9631420582118,1247.0296030161262,1247.0296030161262,1247.0296030161262,1247.0296030161262,1247.0296030161262,1247.0296030161262,0.061681835857598344,1252.3637669391828,[334.0],[316.0],[1],[0],[0],[5.333444902251358],1252.3645213123236,1252.367671661228,None,,,,,,,,,,,,,ED27,001,2024-01-30_17h40.12.874,rating,2023.2.3,60.03320394045856,2024-01-30 17h40.24.843199 +0800,
neg_115.jpg,0,165,165,18,1252.3963233004943,,,,,,,,,,,,,,,,,,,,,,,1252.367904872579,,1252.3679373739142,1252.3679450716008,1252.3963233004943,1253.379683186089,1253.3963059094276,1254.379680335096,1254.379680335096,1254.6796739488673,1254.6132184078451,1254.613227245929,1254.6796739488673,1254.6796739488673,1254.6796739488673,1254.6796739488673,1254.6796739488673,1254.6796739488673,0.06180015212885337,1258.4137990413838,[-258.0],[185.0],[1],[0],[0],[3.733377561758971],1258.4145656738,1258.4177451028481,None,,,,,,,,,,,,,ED27,001,2024-01-30_17h40.12.874,rating,2023.2.3,60.03320394045856,2024-01-30 17h40.24.843199 +0800,
neg_94.jpg,0,166,166,186,1258.4463790659465,,,,,,,,,,,,,,,,,,,,,,,1258.4179820204881,,1258.4180142367259,1258.4180219344125,1258.4463790659465,1259.4297195647778,1259.4464064354943,1260.4297460790294,1260.4297460790294,1260.729727433525,1260.6632619140219,1260.663271892503,1260.729727433525,1260.729727433525,1260.729727433525,1260.729727433525,1260.729727433525,1260.729727433525,0.06176109350781189,1266.5972180566023,[27.0],[-41.0],[1],[0],[0],[5.866742237027211],1266.5979901059109,1266.6012459416088,None,,,,,,,,,,,,,ED27,001,2024-01-30_17h40.12.874,rating,2023.2.3,60.03320394045856,2024-01-30 17h40.24.843199 +0800,
neu_87.jpg,0,167,167,370,1266.629814046737,,,,,,,,,,,,,,,,,,,,,,,1266.6014848549494,,1266.601516786086,1266.6015244837727,1266.629814046737,1267.6131471329827,1267.629793234475,1268.613138865101,1268.613138865101,1268.913143882848,1268.8466760825504,1268.8466852057354,1268.913143882848,1268.913143882848,1268.913143882848,1268.913143882848,1268.913143882848,1268.913143882848,0.061676989167608554,1271.8472899016633,[329.0],[128.0],[1],[0],[0],[2.933389935074956],1271.8480562489822,1271.8513451562176,None,,,,,,,,,,,,,ED27,001,2024-01-30_17h40.12.874,rating,2023.2.3,60.03320394045856,2024-01-30 17h40.24.843199 +0800,
neu_51.jpg,0,168,168,331,1271.879890453387,,,,,,,,,,,,,,,,,,,,,,,1271.8515852099554,,1271.8516174261895,1271.8516251238761,1271.879890453387,1272.8631830555132,1272.879854245759,1273.8632346585146,1273.8632346585146,1274.1798612592065,1274.0967633229848,1274.096772161065,1274.1798612592065,1274.1798612592065,1274.1798612592065,1274.1798612592065,1274.1798612592065,1274.1798612592065,0.07829201481945347,1280.1806985962867,[300.0],[-160.0],[1],[0],[0],[6.000112329180411],1280.1814863260624,1280.184790058469,None,,,,,,,,,,,,,ED27,001,2024-01-30_17h40.12.874,rating,2023.2.3,60.03320394045856,2024-01-30 17h40.24.843199 +0800,
neu_52.jpg,0,169,169,332,1280.2132754847553,,,,,,,,,,,,,,,,,,,,,,,1280.1850326780987,,1280.1850651794375,1280.185072592023,1280.2132754847553,1281.1966145580918,1281.2132945864178,1282.1965977372238,1282.1965977372238,1282.4966058910686,1282.4302002424483,1282.4302093656333,1282.4966058910686,1282.4966058910686,1282.4966058910686,1282.4966058910686,1282.4966058910686,1282.4966058910686,0.061591744433826534,1285.0974435702665,[148.0],[-229.0],[1],[0],[0],[2.60007731897349],1285.0982238874567,1285.1014178565783,None,,,,,,,,,,,,,ED27,001,2024-01-30_17h40.12.874,rating,2023.2.3,60.03320394045856,2024-01-30 17h40.24.843199 +0800,
neg_91.jpg,0,170,170,183,1285.1299637239463,,,,,,,,,,,,,,,,,,,,,,,1285.1016579103125,,1285.1016898414528,1285.1016975391358,1285.1299637239463,1286.1133042227812,1286.1299682855388,1287.1133122055653,1287.1133122055653,1287.4133189339118,1287.3468477124188,1287.3468565505027,1287.4133189339118,1287.4133189339118,1287.4133189339118,1287.4133189339118,1287.4133189339118,1287.4133189339118,0.06168212095508352,1293.614173490998,[-90.0],[-260.0],[1],[0],[0],[6.200106171036168],1293.6149472509023,1293.6181432157173,None,,,,,,,,,,,,,ED27,001,2024-01-30_17h40.12.874,rating,2023.2.3,60.03320394045856,2024-01-30 17h40.24.843199 +0800,
neu_49.jpg,0,171,171,328,1293.6467121761416,,,,,,,,,,,,,,,,,,,,,,,1293.61837899296,,1293.6184112091978,1293.6184186217833,1293.6467121761416,1294.6301037077756,1294.6467190185285,1295.6300603726595,1295.6300603726595,1295.930067386107,1295.863780053758,1295.863790887539,1295.930067386107,1295.930067386107,1295.930067386107,1295.930067386107,1295.930067386107,1295.930067386107,0.06171234149951488,1299.5308993633153,[265.0],[-296.0],[1],[0],[0],[3.60008416135679],1299.531672553021,1299.534844854581,None,,,,,,,,,,,,,ED27,001,2024-01-30_17h40.12.874,rating,2023.2.3,60.03320394045856,2024-01-30 17h40.24.843199 +0800,
neu_177.jpg,0,172,172,278,1299.5634337719675,,,,,,,,,,,,,,,,,,,,,,,1299.5350820573221,,1299.5351134182638,1299.5351211159468,1299.5634337719675,1300.5468036360435,1300.5634374782603,1301.5467799727921,1301.5467799727921,1301.8467875564347,1301.780341423695,1301.78035054688,1301.8467875564347,1301.8467875564347,1301.8467875564347,1301.8467875564347,1301.8467875564347,1301.8467875564347,0.06174712363281287,1312.1143294403955,[290.0],[148.0],[1],[0],[0],[10.266757575380325],1312.1151103277844,1312.1182963141218,None,,,,,,,,,,,,,ED27,001,2024-01-30_17h40.12.874,rating,2023.2.3,60.03320394045856,2024-01-30 17h40.24.843199 +0800,
neu_116.jpg,0,173,173,211,1312.1468875123028,,,,,,,,,,,,,,,,,,,,,,,1312.1185340870616,,1312.1185663032993,1312.1185740009823,1312.1468875123028,1313.1302240197438,1313.146909464962,1314.1302322876254,1314.1302322876254,1314.43025099015,1314.363767509385,1314.3637760623678,1314.43025099015,1314.43025099015,1314.43025099015,1314.43025099015,1314.43025099015,1314.43025099015,0.06173486435363884,1317.0311759097822,[19.0],[169.0],[1],[0],[0],[2.600157146815036],1317.0319576524707,1317.0351176947552,None,,,,,,,,,,,,,ED27,001,2024-01-30_17h40.12.874,rating,2023.2.3,60.03320394045856,2024-01-30 17h40.24.843199 +0800,
neg_145.jpg,0,174,174,51,1317.063598559449,,,,,,,,,,,,,,,,,,,,,,,1317.0353540421966,,1317.0353854031382,1317.0353928157238,1317.063598559449,1318.0469564493505,1318.0636079677315,1319.046985244393,1319.046985244393,1319.3470079383114,1319.28048882011,1319.2804973730927,1319.3470079383114,1319.3470079383114,1319.3470079383114,1319.3470079383114,1319.3470079383114,1319.3470079383114,0.06167242757874192,1323.2144957103956,[-73.0],[23.0],[1],[0],[0],[3.8667162929777987],1323.2152803040772,1323.2184642947177,None,,,,,,,,,,,,,ED27,001,2024-01-30_17h40.12.874,rating,2023.2.3,60.03320394045856,2024-01-30 17h40.24.843199 +0800,
neu_12.jpg,0,175,175,215,1323.2470152938768,,,,,,,,,,,,,,,,,,,,,,,1323.2187032080546,,1323.2187357093899,1323.2187431219754,1323.2470152938768,1324.2303309890558,1324.2470007538031,1325.2303395420386,1325.2303395420386,1325.5303459852876,1325.4639203797087,1325.46392950289,1325.5303459852876,1325.5303459852876,1325.5303459852876,1325.5303459852876,1325.5303459852876,1325.5303459852876,0.06166415969346417,1330.5978874701068,[84.0],[-143.0],[1],[0],[0],[5.066788252079277],1330.5986754849837,1330.6018617564187,None,,,,,,,,,,,,,ED27,001,2024-01-30_17h40.12.874,rating,2023.2.3,60.03320394045856,2024-01-30 17h40.24.843199 +0800,
neu_102.jpg,0,176,176,196,1330.6304535247982,,,,,,,,,,,,,,,,,,,,,,,1330.6020978187626,,1330.602130605199,1330.6021380177845,1330.6304535247982,1331.6137732113712,1331.630395364511,1332.6137432759315,1332.6137432759315,1332.9137502893755,1332.8473272496922,1332.8473363728735,1332.9137502893755,1332.9137502893755,1332.9137502893755,1332.9137502893755,1332.9137502893755,1332.9137502893755,0.06166815108372248,1337.4479511043064,[140.0],[69.0],[1],[0],[0],[4.533424774232117],1337.4487371234827,1337.4519251055171,None,,,,,,,,,,,,,ED27,001,2024-01-30_17h40.12.874,rating,2023.2.3,60.03320394045856,2024-01-30 17h40.24.843199 +0800,
neu_173.jpg,0,177,177,274,1337.4804743940804,,,,,,,,,,,,,,,,,,,,,,,1337.4521603125613,,1337.4521919586005,1337.4521996562835,1337.4804743940804,1338.4638351349713,1338.4805060401159,1339.463843687954,1339.463843687954,1339.7638287487462,1339.6973435573818,1339.6973526805632,1339.7638287487462,1339.7638287487462,1339.7638287487462,1339.7638287487462,1339.7638287487462,1339.7638287487462,0.06168782294844277,1343.4980981015797,[297.0],[102.0],[1],[0],[0],[3.7335075671107916],1343.498886401554,1343.5020860726654,None,,,,,,,,,,,,,ED27,001,2024-01-30_17h40.12.874,rating,2023.2.3,60.03320394045856,2024-01-30 17h40.24.843199 +0800,
neu_83.jpg,0,178,178,366,1343.530519610853,,,,,,,,,,,,,,,,,,,,,,,1343.5023241307026,,1343.50235720224,1343.5023646148256,1343.530519610853,1344.5138538374958,1344.53054013801,1345.513864101078,1345.513864101078,1345.8138776718115,1345.7474215605907,1345.747430683772,1345.8138776718115,1345.8138776718115,1345.8138776718115,1345.8138776718115,1345.8138776718115,1345.8138776718115,0.06157036197328125,1348.214737189628,[317.0],[-336.0],[1],[0],[0],[2.400096591693],1348.2155217833097,1348.2188161074337,None,,,,,,,,,,,,,ED27,001,2024-01-30_17h40.12.874,rating,2023.2.3,60.03320394045856,2024-01-30 17h40.24.843199 +0800,
neg_97.jpg,0,179,179,189,1348.2472539221126,,,,,,,,,,,,,,,,,,,,,,,1348.2190524548787,,1348.219085241315,1348.219092938998,1348.2472539221126,1349.2305741788841,1349.247265040991,1350.2305833020691,1350.2305833020691,1350.5305994386981,1350.4641766841123,1350.4641855221962,1350.5305994386981,1350.5305994386981,1350.5305994386981,1350.5305994386981,1350.5305994386981,1350.5305994386981,0.06156836627633311,1354.8648865247196,[-84.0],[-225.0],[1],[0],[0],[4.333484245977161],1354.865995561573,1372.5145067152334,space,1354.8806351331477,1354.8806351331477,17.618395813824463,None,,,,,,,,,ED27,001,2024-01-30_17h40.12.874,rating,2023.2.3,60.03320394045856,2024-01-30 17h40.24.843199 +0800,
neu_110.jpg,0,180,180,205,1372.5308058506962,,,,,,,,,,,,,,,,,,,,,,,1372.5148639448416,1372.5308058506962,1373.5143216856923,1373.514330238675,1373.5474659220636,1374.514139222043,1374.54749386181,1375.5141457793325,1375.5141457793325,1375.8141659073517,1375.7477123620265,1375.7477212001104,1375.8141659073517,1375.8141659073517,1375.8141659073517,1375.8141659073517,1375.8141659073517,1375.8141659073517,0.0495015321248502,1378.3483345060413,[314.0],[215.0],[1],[0],[0],[2.533393983489077],1378.3491276527093,1378.352322192026,None,,,,,1373.5474659220636,,,,,,,,ED27,001,2024-01-30_17h40.12.874,rating,2023.2.3,60.03320394045856,2024-01-30 17h40.24.843199 +0800,
neu_184.jpg,0,181,181,286,1378.3808463918394,,,,,,,,,,,,,,,,,,,,,,,1378.352561675565,,1378.3525941769003,1378.3526015894859,1378.3808463918394,1379.3641857502735,1379.3808495279336,1380.3641905969635,1380.3641905969635,1380.6642018869024,1380.5977300952109,1380.5977386481973,1380.6642018869024,1380.6642018869024,1380.6642018869024,1380.6642018869024,1380.6642018869024,1380.6642018869024,0.061659598100959556,1385.2650894585058,[355.0],[188.0],[1],[0],[0],[4.6000793146668],1385.2658891624596,1385.2691187690107,None,,,,,,,,,,,,,ED27,001,2024-01-30_17h40.12.874,rating,2023.2.3,60.03320394045856,2024-01-30 17h40.24.843199 +0800,
neg_51.jpg,0,182,182,139,1385.2976021996,,,,,,,,,,,,,,,,,,,,,,,1385.2693545462535,,1385.2693870475923,1385.2693944601779,1385.2976021996,1386.2809529620135,1386.2975930764187,1387.2809632255921,1387.2809632255921,1387.580934031408,1387.514461954619,1387.514470792703,1387.580934031408,1387.580934031408,1387.580934031408,1387.580934031408,1387.580934031408,1387.580934031408,0.061597161322424654,1390.781762929546,[-320.0],[124.0],[1],[0],[0],[3.2000557084320462],1390.782570616284,1390.785796231441,None,,,,,,,,,,,,,ED27,001,2024-01-30_17h40.12.874,rating,2023.2.3,60.03320394045856,2024-01-30 17h40.24.843199 +0800,
neg_173.jpg,0,183,183,82,1390.814297053097,,,,,,,,,,,,,,,,,,,,,,,1390.7860314384852,,1390.786063654723,1390.7860710673085,1390.814297053097,1391.797637551932,1391.8143001891913,1392.7976449645175,1392.7976449645175,1393.0976434249787,1393.0311799011724,1393.0311887392563,1393.0976434249787,1393.0976434249787,1393.0976434249787,1393.0976434249787,1393.0976434249787,1393.0976434249787,0.061631658354599494,1398.8985576248706,[22.0],[343.0],[1],[0],[0],[5.800097675069992],1398.8993450695489,1398.9025236432972,None,,,,,,,,,,,,,ED27,001,2024-01-30_17h40.12.874,rating,2023.2.3,60.03320394045856,2024-01-30 17h40.24.843199 +0800,
neu_85.jpg,0,184,184,368,1398.9310432815182,,,,,,,,,,,,,,,,,,,,,,,1398.9027551440486,,1398.9027876453874,1398.902795057973,1398.9310432815182,1399.9144006012175,1399.9310438517168,1400.914388341942,1400.914388341942,1401.214394785191,1401.1479229934994,1401.1479321166807,1401.214394785191,1401.214394785191,1401.214394785191,1401.214394785191,1401.214394785191,1401.214394785191,0.06165902789871325,1405.7487321627523,[265.0],[37.0],[1],[0],[0],[4.533529975924466],1405.7495298710091,1405.7527075894614,None,,,,,,,,,,,,,ED27,001,2024-01-30_17h40.12.874,rating,2023.2.3,60.03320394045856,2024-01-30 17h40.24.843199 +0800,
neu_150.jpg,0,185,185,249,1405.78109893293,,,,,,,,,,,,,,,,,,,,,,,1405.752940515711,,1405.7529721617502,1405.7529795743358,1405.78109893293,1406.764445133751,1406.7811054902195,1407.7644505506432,1407.7644505506432,1408.064485218736,1407.9979880531937,1407.9979968912776,1408.064485218736,1408.064485218736,1408.064485218736,1408.064485218736,1408.064485218736,1408.064485218736,0.06157634906412568,1411.332103794448,[367.0],[146.0],[1],[0],[0],[3.2668071826810774],1411.332917468273,1411.3361102969939,None,,,,,,,,,,,,,ED27,001,2024-01-30_17h40.12.874,rating,2023.2.3,60.03320394045856,2024-01-30 17h40.24.843199 +0800,
neg_90.jpg,0,186,186,182,1411.364491376884,,,,,,,,,,,,,,,,,,,,,,,1411.3363503507317,,1411.336383137168,1411.3363905497536,1411.364491376884,1412.3478324459138,1412.3644959384728,1413.3478629515557,1413.3478629515557,1413.6478465868458,1413.5814067262945,1413.581415849476,1413.6478465868458,1413.6478465868458,1413.6478465868458,1413.6478465868458,1413.6478465868458,1413.6478465868458,0.061513056982221315,1416.7153929183587,[301.0],[-74.0],[1],[0],[0],[3.0667571762387524],1416.7162060219853,1416.7194133907797,None,,,,,,,,,,,,,ED27,001,2024-01-30_17h40.12.874,rating,2023.2.3,60.03320394045856,2024-01-30 17h40.24.843199 +0800,
neu_64.jpg,0,187,187,345,1416.747875153811,,,,,,,,,,,,,,,,,,,,,,,1416.7196514488205,,1416.7196836650583,1416.7196913627413,1416.747875153811,1417.7312153675448,1417.7478785750063,1418.7312524304725,1418.7312524304725,1419.0312300786754,1418.9647582869875,1418.9647671250677,1419.0312300786754,1419.0312300786754,1419.0312300786754,1419.0312300786754,1419.0312300786754,1419.0312300786754,0.06159801661851816,1421.965432547182,[96.0],[32.0],[1],[0],[0],[2.9334133132324496],1421.9662533484952,1421.9693366990286,None,,,,,,,,,,,,,ED27,001,2024-01-30_17h40.12.874,rating,2023.2.3,60.03320394045856,2024-01-30 17h40.24.843199 +0800,
neg_172.jpg,0,188,188,81,1421.9979236207182,,,,,,,,,,,,,,,,,,,,,,,1421.969580173958,,1421.9696146709903,1421.969623223973,1421.9979236207182,1422.981240171197,1422.9979022382577,1423.981283506313,1423.981283506313,1424.2812990727434,1424.2148429615227,1424.2148515145054,1424.2812990727434,1424.2812990727434,1424.2812990727434,1424.2812990727434,1424.2812990727434,1424.2812990727434,0.061745413036987884,1429.7488755677768,[-46.0],[353.0],[1],[0],[0],[5.4667374473574455],1429.7496992200831,1429.7528832107237,None,,,,,,,,,,,,,ED27,001,2024-01-30_17h40.12.874,rating,2023.2.3,60.03320394045856,2024-01-30 17h40.24.843199 +0800,
neu_86.jpg,0,189,189,369,1429.7813218806987,,,,,,,,,,,,,,,,,,,,,,,1429.7531198432625,,1429.7531520595003,1429.753159757187,1429.7813218806987,1430.764669792119,1430.7813535267378,1431.764679200398,1431.764679200398,1432.0647107323966,1431.9982389407087,1431.9982477787926,1432.0647107323966,1432.0647107323966,1432.0647107323966,1432.0647107323966,1432.0647107323966,1432.0647107323966,0.061611701392394025,1437.1989096086509,[19.0],[-144.0],[1],[0],[0],[5.133391759714868],1437.1997207165805,1437.2029791181776,None,,,,,,,,,,,,,ED27,001,2024-01-30_17h40.12.874,rating,2023.2.3,60.03320394045856,2024-01-30 17h40.24.843199 +0800,
neg_34.jpg,0,190,190,120,1437.231402677884,,,,,,,,,,,,,,,,,,,,,,,1437.2032168911173,,1437.203248822254,1437.203255664641,1437.231402677884,1438.2147437469139,1438.231409520271,1439.2147483085064,1439.2147483085064,1439.5147547517518,1439.4483140359043,1439.4483228739846,1439.5147547517518,1439.5147547517518,1439.5147547517518,1439.5147547517518,1439.5147547517518,1439.5147547517518,0.06155924309496186,1445.849032999693,[-262.0],[-44.0],[1],[0],[0],[6.333465429412172],1445.849846388417,1445.853149835726,None,,,,,,,,,,,,,ED27,001,2024-01-30_17h40.12.874,rating,2023.2.3,60.03320394045856,2024-01-30 17h40.24.843199 +0800,
neu_167.jpg,0,191,191,267,1445.8814798828134,,,,,,,,,,,,,,,,,,,,,,,1445.853387893767,,1445.8534203951021,1445.8534280927888,1445.8814798828134,1446.8648240879374,1446.881489291096,1447.8648420492027,1447.8648420492027,1448.164829105688,1448.0984134785904,1448.0984226017717,1448.164829105688,1448.164829105688,1448.164829105688,1448.164829105688,1448.164829105688,1448.164829105688,0.0614608837859123,1453.2325350928913,[49.0],[-124.0],[1],[0],[0],[5.066848122962256],1453.233348196518,1453.2365453017337,None,,,,,,,,,,,,,ED27,001,2024-01-30_17h40.12.874,rating,2023.2.3,60.03320394045856,2024-01-30 17h40.24.843199 +0800,
neg_169.jpg,0,192,192,77,1453.2649101309507,,,,,,,,,,,,,,,,,,,,,,,1453.2367827895723,,1453.2368155760087,1453.2368235587928,1453.2649101309507,1454.2482298175273,1454.2649092756546,1455.2482454979945,1455.2482454979945,1455.5482416776613,1455.4818026724097,1455.4818112253924,1455.5482416776613,1455.5482416776613,1455.5482416776613,1455.5482416776613,1455.5482416776613,1455.5482416776613,0.06147456855978817,1461.8158254712398,[47.0],[316.0],[1],[0],[0],[6.266744175700296],1461.8166505490444,1461.8198485095563,None,,,,,,,,,,,,,ED27,001,2024-01-30_17h40.12.874,rating,2023.2.3,60.03320394045856,2024-01-30 17h40.24.843199 +0800,
neu_133.jpg,0,193,193,230,1461.848363871286,,,,,,,,,,,,,,,,,,,,,,,1461.8200868526983,,1461.8201196391346,1461.8201270517202,1461.848363871286,1462.83163651645,1462.8483322252468,1463.8316493459242,1463.8316493459242,1464.1316537934763,1464.0652330345874,1464.0652421577688,1464.1316537934763,1464.1316537934763,1464.1316537934763,1464.1316537934763,1464.1316537934763,1464.1316537934763,0.06158718284132192,1467.4659015357756,[198.0],[49.0],[1],[0],[0],[3.333397575741401],1467.4667169201966,1467.4700103890245,None,,,,,,,,,,,,,ED27,001,2024-01-30_17h40.12.874,rating,2023.2.3,60.03320394045856,2024-01-30 17h40.24.843199 +0800,
neg_135.jpg,0,194,194,40,1467.498381775531,,,,,,,,,,,,,,,,,,,,,,,1467.470247021567,,1467.4702792378048,1467.4702866503903,1467.498381775531,1468.481698611111,1468.4983606781716,1469.4817026025012,1469.4817026025012,1469.7817281474127,1469.715243811348,1469.715253504728,1469.7817281474127,1469.7817281474127,1469.7817281474127,1469.7817281474127,1469.7817281474127,1469.7817281474127,0.061502793403633405,1474.4493113137723,[-30.0],[186.0],[1],[0],[0],[4.666747824976483],1474.4501358213784,1474.4533480368627,None,,,,,,,,,,,,,ED27,001,2024-01-30_17h40.12.874,rating,2023.2.3,60.03320394045856,2024-01-30 17h40.24.843199 +0800,
neu_162.jpg,0,195,195,262,1474.481759622391,,,,,,,,,,,,,,,,,,,,,,,1474.4535906564925,,1474.4536242982285,1474.453631710814,1474.481759622391,1475.4650935639365,1475.481758767095,1476.4651052530135,1476.4651052530135,1476.7651105558652,1476.6986587211359,1476.6986678443172,1476.7651105558652,1476.7651105558652,1476.7651105558652,1476.7651105558652,1476.7651105558652,1476.7651105558652,0.06153928613275639,1483.0327148766046,[-47.0],[26.0],[1],[0],[0],[6.26675158828948],1483.0335322567225,1483.0367778288419,None,,,,,,,,,,,,,ED27,001,2024-01-30_17h40.12.874,rating,2023.2.3,60.03320394045856,2024-01-30 17h40.24.843199 +0800,
neu_16.jpg,0,196,196,259,1483.065181431586,,,,,,,,,,,,,,,,,,,,,,,1483.0370147464855,,1483.0370472478207,1483.0370549455074,1483.065181431586,1484.0484842972946,1484.065202243848,1485.048517083731,1485.048517083731,1485.348532079959,1485.282097351199,1485.2821064743803,1485.348532079959,1485.348532079959,1485.348532079959,1485.348532079959,1485.348532079959,1485.348532079959,0.061536150042229565,1491.3495265068377,[-82.0],[-160.0],[1],[0],[0],[6.000129150052089],1491.350373822399,1491.3535666511198,None,,,,,,,,,,,,,ED27,001,2024-01-30_17h40.12.874,rating,2023.2.3,60.03320394045856,2024-01-30 17h40.24.843199 +0800,
neg_38.jpg,0,197,197,124,1491.381912378678,,,,,,,,,,,,,,,,,,,,,,,1491.3538029985612,,1491.353835214799,1491.3538426273844,1491.381912378678,1492.3652543030075,1492.3819197912635,1493.3652628559903,1493.3652628559903,1493.665284694609,1493.5987975075477,1493.5988060605305,1493.665284694609,1493.665284694609,1493.665284694609,1493.665284694609,1493.665284694609,1493.665284694609,0.06151533778029261,1498.4662040262883,[-65.0],[-252.0],[1],[0],[0],[4.800059756842529],1498.4670305295913,1498.470227349706,None,,,,,,,,,,,,,ED27,001,2024-01-30_17h40.12.874,rating,2023.2.3,60.03320394045856,2024-01-30 17h40.24.843199 +0800,
neg_10.jpg,0,198,198,1,1498.4986483435168,,,,,,,,,,,,,,,,,,,,,,,1498.4704636971474,,1498.4704953431865,1498.4705030408732,1498.4986483435168,1499.4819899827453,1499.4986805597546,1500.4820182075928,1500.4820182075928,1500.7820371952148,1500.7155323319894,1500.7155411700733,1500.7820371952148,1500.7820371952148,1500.7820371952148,1500.7820371952148,1500.7820371952148,1500.7820371952148,0.06159459542686818,1504.2495968693802,[-30.0],[-276.0],[1],[0],[0],[3.466717490391602],1504.2504239428818,1504.2536173418011,None,,,,,,,,,,,,,ED27,001,2024-01-30_17h40.12.874,rating,2023.2.3,60.03320394045856,2024-01-30 17h40.24.843199 +0800,
neg_17.jpg,0,199,199,78,1504.282037480316,,,,,,,,,,,,,,,,,,,,,,,1504.2538551147409,,1504.2538876160797,1504.2538953137628,1504.282037480316,1505.265378834447,1505.282042327006,1506.2653836811369,1506.2653836811369,1506.5653165687254,1506.498964233706,1506.4989730717862,1506.5653165687254,1506.5653165687254,1506.5653165687254,1506.5653165687254,1506.5653165687254,1506.5653165687254,0.06148027054950944,1511.6330205602317,[-262.0],[123.0],[1],[0],[0],[5.066865228927782],1511.633844212538,1511.6370262074815,None,,,,,,,,,,,,,ED27,001,2024-01-30_17h40.12.874,rating,2023.2.3,60.03320394045856,2024-01-30 17h40.24.843199 +0800,
neu_81.jpg,0,200,200,364,1511.6654406440066,,,,,,,,,,,,,,,,,,,,,,,1511.6372645506199,,1511.6372970519587,1511.6373041794432,1511.6654406440066,1512.6487797173431,1512.6654452055955,1513.6487845640331,1513.6487845640331,1513.9654684697125,1513.8823474404344,1513.8823557083197,1513.9654684697125,1513.9654684697125,1513.9654684697125,1513.9654684697125,1513.9654684697125,1513.9654684697125,0.07822302075146581,1518.9663990343106,[250.0],[321.0],[1],[0],[0],[5.000081253343524],1518.967234660795,1518.9704463060807,None,,,,,,,,,,,,,ED27,001,2024-01-30_17h40.12.874,rating,2023.2.3,60.03320394045856,2024-01-30 17h40.24.843199 +0800,
neg_32.jpg,0,201,201,118,1518.998871861484,,,,,,,,,,,,,,,,,,,,,,,1518.970684649219,,1518.9707177207565,1518.970725133342,1518.998871861484,1519.9821812844748,1519.9988721465816,1520.9821904076598,1520.9821904076598,1521.2988706070464,1521.215776947316,1521.2157860704974,1521.2988706070464,1521.2988706070464,1521.2988706070464,1521.2988706070464,1521.2988706070464,1521.2988706070464,0.07820334889402147,1524.499775626733,[-260.0],[229.0],[1],[0],[0],[3.200060270020913],1524.500608972423,1524.503896739261,None,,,,,,,,,,,,,ED27,001,2024-01-30_17h40.12.874,rating,2023.2.3,60.03320394045856,2024-01-30 17h40.24.843199 +0800,
neu_62.jpg,0,202,202,343,1524.5322267863485,,,,,,,,,,,,,,,,,,,,,,,1524.504130805908,,1524.504163307247,1524.5041707198325,1524.5322267863485,1525.5155789742566,1525.5322336287354,1526.5155772636608,1526.5155772636608,1526.8322959514735,1526.7491084940266,1526.7491170470093,1526.8322959514735,1526.8322959514735,1526.8322959514735,1526.8322959514735,1526.8322959514735,1526.8322959514735,0.07818766842319747,1530.2332102083856,[178.0],[80.0],[1],[0],[0],[3.4000176191439095],1530.2340729193165,1530.2376574746813,None,,,,,,,,,,,,,ED27,001,2024-01-30_17h40.12.874,rating,2023.2.3,60.03320394045856,2024-01-30 17h40.24.843199 +0800,
neg_43.jpg,0,203,203,130,1530.2656134712925,,,,,,,,,,,,,,,,,,,,,,,1530.2378969582169,,1530.2379294595557,1530.2379368721413,1530.2656134712925,1531.248955110521,1531.2656194583797,1532.2489653741031,1532.2489653741031,1532.5656364503084,1532.4825000256606,1532.482509433943,1532.5656364503084,1532.5656364503084,1532.5656364503084,1532.5656364503084,1532.5656364503084,1532.5656364503084,0.07775773845423828,1540.6333287527377,[-158.0],[73.0],[1],[0],[0],[8.066789962675102],1540.6341883275745,1540.6374364655894,None,,,,,,,,,,,,,ED27,001,2024-01-30_17h40.12.874,rating,2023.2.3,60.03320394045856,2024-01-30 17h40.24.843199 +0800,
neg_182.jpg,0,204,204,92,1540.6657268838535,,,,,,,,,,,,,,,,,,,,,,,1540.637685927606,,1540.6377198544396,1540.6377284074224,1540.6657268838535,1541.6490511320153,1541.6657189010693,1542.6490631061934,1542.6490631061934,1542.9657341823986,1542.8826767302962,1542.8826858534812,1542.9657341823986,1542.9657341823986,1542.9657341823986,1542.9657341823986,1542.9657341823986,1542.9657341823986,0.0780642203608295,1546.56666280832,[-225.0],[-335.0],[1],[0],[0],[3.600063063997368],1546.5675018559996,1546.570695254919,None,,,,,,,,,,,,,ED27,001,2024-01-30_17h40.12.874,rating,2023.2.3,60.03320394045856,2024-01-30 17h40.24.843199 +0800,
neg_185.jpg,0,205,205,95,1546.5991017086599,,,,,,,,,,,,,,,,,,,,,,,1546.5709298917645,,1546.5709615378037,1546.5709689503892,1546.5991017086599,1547.5824450584842,1547.5991353503923,1548.582451045575,1548.582451045575,1548.899150346624,1548.8160469935137,1548.816056116695,1548.899150346624,1548.899150346624,1548.899150346624,1548.899150346624,1548.899150346624,1548.899150346624,0.07824012672062963,1553.5000898063263,[-179.0],[44.0],[1],[0],[0],[4.600070476586552],1553.5009311348003,1553.5040977343706,None,,,,,,,,,,,,,ED27,001,2024-01-30_17h40.12.874,rating,2023.2.3,60.03320394045856,2024-01-30 17h40.24.843199 +0800,
neu_126.jpg,0,206,206,222,1553.5325039030104,,,,,,,,,,,,,,,,,,,,,,,1553.504333511617,,1553.5043651576561,1553.5043728553392,1553.5325039030104,1554.5158355637614,1554.532518728185,1555.5158483932355,1555.5158483932355,1555.8325211800402,1555.7493841851938,1555.7493927381765,1555.8325211800402,1555.8325211800402,1555.8325211800402,1555.8325211800402,1555.8325211800402,1555.8325211800402,0.07820591478957795,1559.3667482241144,[131.0],[110.0],[1],[0],[0],[3.5333372487002634],1559.3675961098743,1559.3708040488673,None,,,,,,,,,,,,,ED27,001,2024-01-30_17h40.12.874,rating,2023.2.3,60.03320394045856,2024-01-30 17h40.24.843199 +0800,
neg_40.jpg,0,207,207,127,1559.3992786413764,,,,,,,,,,,,,,,,,,,,,,,1559.3710386857165,,1559.371070331752,1559.3710777443412,1559.3992786413764,1560.382563545816,1560.3992307446679,1561.3825618352203,1561.3825618352203,1561.6992428899066,1561.6161070354574,1561.6161158735413,1561.6992428899066,1561.6992428899066,1561.6992428899066,1561.6992428899066,1561.6992428899066,1561.6992428899066,0.07822273565398064,1565.1168069546038,[-217.0],[92.0],[1],[0],[0],[3.416658303747681],1565.1176611125484,1565.1208929998975,None,,,,,,,,,,,,,ED27,001,2024-01-30_17h40.12.874,rating,2023.2.3,60.03320394045856,2024-01-30 17h40.24.843199 +0800,
neg_114.jpg,0,208,208,17,1565.1492775009792,,,,,,,,,,,,,,,,,,,,,,,1565.1211284920428,,1565.121160993378,1565.1211684059635,1565.1492775009792,1566.1326188551102,1566.1492843433662,1567.1326313994869,1567.1326313994869,1567.4493192965565,1567.3662071053623,1567.3662162285473,1567.4493192965565,1567.4493192965565,1567.4493192965565,1567.4493192965565,1567.4493192965565,1567.4493192965565,0.0782127571728779,1570.283529975928,[-285.0],[62.0],[1],[0],[0],[2.8333049184220727],1570.2843767212871,1570.287638829177,None,,,,,,,,,,,,,ED27,001,2024-01-30_17h40.12.874,rating,2023.2.3,60.03320394045856,2024-01-30 17h40.24.843199 +0800,
neg_82.jpg,0,209,209,173,1570.3159919693207,,,,,,,,,,,,,,,,,,,,,,,1570.2878794531098,,1570.28791138425,1570.2879187968356,1570.3159919693207,1571.2993313277548,1571.315999952105,1572.2993404509361,1572.2993404509361,1572.6160143781344,1572.5328939190586,1572.5329027571388,1572.6160143781344,1572.6160143781344,1572.6160143781344,1572.6160143781344,1572.6160143781344,1572.6160143781344,0.07816714125874569,1575.683654792465,[-351.0],[-144.0],[1],[0],[0],[3.0667278109940526],1575.684515507699,1599.8334568764294,space,1575.6993925671159,1575.6993925671159,24.13270153394842,None,,,,,,,,,ED27,001,2024-01-30_17h40.12.874,rating,2023.2.3,60.03320394045856,2024-01-30 17h40.24.843199 +0800,
neg_120.jpg,0,210,210,24,1599.849602343289,,,,,,,,,,,,,,,,,,,,,,,1599.8338240845187,1599.849602343289,1600.8332305074655,1600.8332390604482,1600.8662829418172,1601.8329565268978,1601.86628664811,1602.832989313334,1602.832989313334,1603.1496276030994,1603.0664980208385,1603.0665071440235,1603.1496276030994,1603.1496276030994,1603.1496276030994,1603.1496276030994,1603.1496276030994,1603.1496276030994,0.06600936038375949,1607.40059551573,[-171.0],[214.0],[1],[0],[0],[4.250044760610763],1607.401382390206,1607.404659323267,None,,,,,1600.8662829418172,,,,,,,,ED27,001,2024-01-30_17h40.12.874,rating,2023.2.3,60.03320394045856,2024-01-30 17h40.24.843199 +0800,
neg_170.jpg,0,211,211,79,1607.4330110379124,,,,,,,,,,,,,,,,,,,,,,,1607.4048936750114,,1607.4049264614478,1607.4049338740333,1607.4330110379124,1608.4163506814439,1608.4330167398984,1609.4163355711753,1609.4163355711753,1609.7330340169246,1609.6498938859877,1609.649903009169,1609.7330340169246,1609.7330340169246,1609.7330340169246,1609.7330340169246,1609.7330340169246,1609.7330340169246,0.07815716278128093,1613.1507027131192,[-340.0],[314.0],[1],[0],[0],[3.4167287233140087],1613.1515671346497,1613.1547990219951,None,,,,,,,,,,,,,ED27,001,2024-01-30_17h40.12.874,rating,2023.2.3,60.03320394045856,2024-01-30 17h40.24.843199 +0800,
neu_172.jpg,0,212,212,273,1613.1830885849595,,,,,,,,,,,,,,,,,,,,,,,1613.1550387906318,,1613.155071291967,1613.1550787045526,1613.1830885849595,1614.1664268029963,1614.183164706512,1615.1664125480274,1615.1664125480274,1615.4831089980798,1615.3999848327112,1615.3999939558926,1615.4831089980798,1615.4831089980798,1615.4831089980798,1615.4831089980798,1615.4831089980798,1615.4831089980798,0.07809187500970438,1619.8174818990374,[-15.0],[264.0],[1],[0],[0],[4.333498500949645],1619.818288160277,1619.822046056106,None,,,,,,,,,,,,,ED27,001,2024-01-30_17h40.12.874,rating,2023.2.3,60.03320394045856,2024-01-30 17h40.24.843199 +0800,
neg_1.jpg,0,213,213,0,1619.8497990619107,,,,,,,,,,,,,,,,,,,,,,,1619.8222824035474,,1619.822315475085,1619.8223228876705,1619.8497990619107,1620.8331566667075,1620.8498019129038,1621.833144692533,1621.833144692533,1622.1498166240344,1622.066691318265,1622.0667001563488,1622.1498166240344,1622.1498166240344,1622.1498166240344,1622.1498166240344,1622.1498166240344,1622.1498166240344,0.0775530370483466,1626.31766151169,[-88.0],[277.0],[1],[0],[0],[4.166890374701325],1626.3185302097081,1626.321859030868,None,,,,,,,,,,,,,ED27,001,2024-01-30_17h40.12.874,rating,2023.2.3,60.03320394045856,2024-01-30 17h40.24.843199 +0800,
neg_123.jpg,0,214,214,27,1626.349836695037,,,,,,,,,,,,,,,,,,,,,,,1626.3220948081107,,1626.3221278796482,1626.3221355773312,1626.349836695037,1627.333196580632,1627.349867200679,1628.3332051336147,1628.3332051336147,1628.6498824820083,1628.5667432063674,1628.5667520444476,1628.6498824820083,1628.6498824820083,1628.6498824820083,1628.6498824820083,1628.6498824820083,1628.6498824820083,0.07780620536141214,1631.5675072728882,[-230.0],[121.0],[1],[0],[0],[2.9166916603862774],1631.568367703021,1631.571610994346,None,,,,,,,,,,,,,ED27,001,2024-01-30_17h40.12.874,rating,2023.2.3,60.03320394045856,2024-01-30 17h40.24.843199 +0800,
neg_109.jpg,0,215,215,11,1631.5999373351406,,,,,,,,,,,,,,,,,,,,,,,1631.5719548242814,,1631.5719873256203,1631.5719953084044,1631.5999373351406,1632.5832906634496,1632.5999758235666,1633.5832570217135,1633.5832570217135,1633.8999397869957,1633.816813340829,1633.8168227491115,1633.8999397869957,1633.8999397869957,1633.8999397869957,1633.8999397869957,1633.8999397869957,1633.8999397869957,0.07800720047089271,1637.317702566008,[-158.0],[-164.0],[1],[0],[0],[3.41685302667247],1637.3185629961445,1637.3217632374544,None,,,,,,,,,,,,,ED27,001,2024-01-30_17h40.12.874,rating,2023.2.3,60.03320394045856,2024-01-30 17h40.24.843199 +0800,
neg_37.jpg,0,216,216,123,1637.349967555685,,,,,,,,,,,,,,,,,,,,,,,1637.3219978743,,1637.3220298054366,1637.3220375031233,1637.349967555685,1638.3333040631223,1638.3499667003853,1639.3333109055093,1639.3333109055093,1639.6500099214609,1639.566868365022,1639.5668780584056,1639.6500099214609,1639.6500099214609,1639.6500099214609,1639.6500099214609,1639.6500099214609,1639.6500099214609,0.07803171902196482,1642.9844435485975,[-62.0],[-226.0],[1],[0],[0],[3.333549248647614],1642.9852680562035,1642.9884794163918,None,,,,,,,,,,,,,ED27,001,2024-01-30_17h40.12.874,rating,2023.2.3,60.03320394045856,2024-01-30 17h40.24.843199 +0800,
neu_32.jpg,0,217,217,310,1643.0166814538243,,,,,,,,,,,,,,,,,,,,,,,1642.9887140532373,,1642.988746269475,1642.9887536820606,1643.0166814538243,1644.0000347821333,1644.0167079680723,1645.0000270844466,1645.0000270844466,1645.3167021520458,1645.2335671528963,1645.2335762760777,1645.3167021520458,1645.3167021520458,1645.3167021520458,1645.3167021520458,1645.3167021520458,1645.3167021520458,0.07800976636644918,1650.1510473983544,[36.0],[-248.0],[1],[0],[0],[4.833407839323627],1650.1519169516723,1650.1551120611912,None,,,,,,,,,,,,,ED27,001,2024-01-30_17h40.12.874,rating,2023.2.3,60.03320394045856,2024-01-30 17h40.24.843199 +0800,
neu_159.jpg,0,218,218,258,1650.183415879128,,,,,,,,,,,,,,,,,,,,,,,1650.1553509745281,,1650.1553834758633,1650.155390888449,1650.183415879128,1651.16677690512,1651.1834204407205,1652.1668282230203,1652.1668282230203,1652.4834385730428,1652.4002995824994,1652.4003081354858,1652.4834385730428,1652.4834385730428,1652.4834385730428,1652.4834385730428,1652.4834385730428,1652.4834385730428,0.07810641507967375,1656.7345222360454,[61.0],[142.0],[1],[0],[0],[4.250199284513656],1656.7353527307387,1656.738569222718,None,,,,,,,,,,,,,ED27,001,2024-01-30_17h40.12.874,rating,2023.2.3,60.03320394045856,2024-01-30 17h40.24.843199 +0800,
neu_55.jpg,0,219,219,335,1656.7668117442736,,,,,,,,,,,,,,,,,,,,,,,1656.7388055701595,,1656.7388377863972,1656.7388451989827,1656.7668117442736,1657.7501519580073,1657.766818016462,1658.7501579450945,1658.7501579450945,1659.0668355785856,1658.9837630162147,1658.9837721393997,1659.0668355785856,1659.0668355785856,1659.0668355785856,1659.0668355785856,1659.0668355785856,1659.0668355785856,0.0780539567786036,1662.3178682087892,[35.0],[139.0],[1],[0],[0],[3.250098929507658],1662.3187383323057,1662.3219648027625,None,,,,,,,,,,,,,ED27,001,2024-01-30_17h40.12.874,rating,2023.2.3,60.03320394045856,2024-01-30 17h40.24.843199 +0800,
neu_37.jpg,0,220,220,315,1662.3502403958555,,,,,,,,,,,,,,,,,,,,,,,1662.3222011502075,,1662.3222333664453,1662.3222407790308,1662.3502403958555,1663.3335392701701,1663.3502227196914,1664.3335466827557,1664.3335466827557,1664.6502739235511,1664.5674300109386,1664.5674425553116,1664.6502739235511,1664.6502739235511,1664.6502739235511,1664.6502739235511,1664.6502739235511,1664.6502739235511,0.07814803959990968,1668.9845775453396,[166.0],[-80.0],[1],[0],[0],[4.333226516071591],1668.9854185887125,1668.9886610247377,None,,,,,,,,,,,,,ED27,001,2024-01-30_17h40.12.874,rating,2023.2.3,60.03320394045856,2024-01-30 17h40.24.843199 +0800,
neu_142.jpg,0,221,221,240,1669.0169274946493,,,,,,,,,,,,,,,,,,,,,,,1668.9889022188727,,1668.9889344351104,1668.988942132797,1669.0169274946493,1670.0002665679858,1670.016934051935,1671.000257729902,1671.000257729902,1671.3169447716755,1671.2338357165754,1671.2338445546593,1671.3169447716755,1671.3169447716755,1671.3169447716755,1671.3169447716755,1671.3169447716755,1671.3169447716755,0.07806707135387114,1675.4847015636005,[279.0],[-218.0],[1],[0],[0],[4.166812257451966],1675.4855850867898,1675.4887565330537,None,,,,,,,,,,,,,ED27,001,2024-01-30_17h40.12.874,rating,2023.2.3,60.03320394045856,2024-01-30 17h40.24.843199 +0800,
neg_49.jpg,0,222,222,136,1675.5169867953337,,,,,,,,,,,,,,,,,,,,,,,1675.4889726384354,,1675.4890014334815,1675.4890082758684,1675.5169867953337,1676.5003264388688,1676.5169924973234,1677.5003566594096,1677.5003566594096,1677.8170114849454,1677.7338724944057,1677.733881617587,1677.8170114849454,1677.8170114849454,1677.8170114849454,1677.8170114849454,1677.8170114849454,1677.8170114849454,0.07806051406805636,1681.9846850278336,[328.0],[-210.0],[1],[0],[0],[4.166731004108442],1681.9855041185474,1681.9886875389893,None,,,,,,,,,,,,,ED27,001,2024-01-30_17h40.12.874,rating,2023.2.3,60.03320394045856,2024-01-30 17h40.24.843199 +0800,
neu_38.jpg,0,223,223,316,1682.0170506576105,,,,,,,,,,,,,,,,,,,,,,,1681.9889372861035,,1681.9889666513482,1681.988973493735,1682.0170506576105,1683.0003934372398,1683.0170828738483,1684.0003957180343,1684.0003957180343,1684.3171078485611,1684.2339568838397,1684.2339660070247,1684.3171078485611,1684.3171078485611,1684.3171078485611,1684.3171078485611,1684.3171078485611,1684.3171078485611,0.07819308531543356,1688.3181923668635,[247.0],[-348.0],[1],[0],[0],[4.000148821913172],1688.3190222913545,1688.3221980141134,None,,,,,,,,,,,,,ED27,001,2024-01-30_17h40.12.874,rating,2023.2.3,60.03320394045856,2024-01-30 17h40.24.843199 +0800,
neu_107.jpg,0,224,224,201,1688.3504488035505,,,,,,,,,,,,,,,,,,,,,,,1688.322408987704,,1688.3224377827464,1688.3224446251334,1688.3504488035505,1689.3337836003957,1689.35045051415,1690.3337950043751,1690.3337950043751,1690.6504717825665,1690.5673285155317,1690.5673379238142,1690.6504717825665,1690.6504717825665,1690.6504717825665,1690.6504717825665,1690.6504717825665,1690.6504717825665,0.0780856028177368,1692.7348096162896,[176.0],[-315.0],[1],[0],[0],[2.083397575741401],1692.7356917139841,1692.738938996703,None,,,,,,,,,,,,,ED27,001,2024-01-30_17h40.12.874,rating,2023.2.3,60.03320394045856,2024-01-30 17h40.24.843199 +0800,
neg_25.jpg,0,225,225,110,1692.7671852245512,,,,,,,,,,,,,,,,,,,,,,,1692.7391667911616,,1692.7392061348837,1692.7392126921732,1692.7671852245512,1693.7504649971997,1693.7671618463974,1694.7505014899289,1694.7505014899289,1695.0671796936222,1694.9840600898424,1694.9840692130238,1695.0671796936222,1695.0671796936222,1695.0671796936222,1695.0671796936222,1695.0671796936222,1695.0671796936222,0.07802658723448985,1697.9849464640247,[-47.0],[-303.0],[1],[0],[0],[2.916795436587563],1697.9857886477985,1697.9889749192334,None,,,,,,,,,,,,,ED27,001,2024-01-30_17h40.12.874,rating,2023.2.3,60.03320394045856,2024-01-30 17h40.24.843199 +0800,
neu_121.jpg,0,226,226,217,1698.0172080325065,,,,,,,,,,,,,,,,,,,,,,,1697.9894379207362,,1697.9894678561795,1697.9894746985665,1698.0172080325065,1699.000542259153,1699.0172140195937,1700.0005513823344,1700.0005513823344,1700.3172427005993,1700.2341213862237,1700.2341299392065,1700.3172427005993,1700.3172427005993,1700.3172427005993,1700.3172427005993,1700.3172427005993,1700.3172427005993,0.07782815801692777,1704.8182744755031,[17.0],[-218.0],[1],[0],[0],[4.500048181809689],1704.8191645559818,1704.8224260936695,None,,,,,,,,,,,,,ED27,001,2024-01-30_17h40.12.874,rating,2023.2.3,60.03320394045856,2024-01-30 17h40.24.843199 +0800,
neu_105.jpg,0,227,227,199,1704.8505981956623,,,,,,,,,,,,,,,,,,,,,,,1704.8226610156162,,1704.8226943722511,1704.8227017848367,1704.8505981956623,1705.8339406901905,1705.8506030423523,1706.8339566557624,1706.8339566557624,1707.1506263064693,1707.0674858904276,1707.067494443414,1707.1506263064693,1707.1506263064693,1707.1506263064693,1707.1506263064693,1707.1506263064693,1707.1506263064693,0.07798467761313077,1711.8183682732233,[23.0],[-122.0],[1],[0],[0],[4.666746969676751],1711.8192592089981,1711.822455173813,None,,,,,,,,,,,,,ED27,001,2024-01-30_17h40.12.874,rating,2023.2.3,60.03320394045856,2024-01-30 17h40.24.843199 +0800,
neu_111.jpg,0,228,228,206,1711.8506671897303,,,,,,,,,,,,,,,,,,,,,,,1711.8226909510595,,1711.8227231672972,1711.8227305798828,1711.8506671897303,1712.834017096844,1712.8506717513192,1713.8340265051265,1713.8340265051265,1714.1506853220562,1714.0675651480742,1714.0675742712592,1714.1506853220562,1714.1506853220562,1714.1506853220562,1714.1506853220562,1714.1506853220562,1714.1506853220562,0.0780174640531186,1722.8184703388251,[35.0],[186.0],[1],[0],[0],[8.66679572168141],1722.81935642791,1722.8225395632508,None,,,,,,,,,,,,,ED27,001,2024-01-30_17h40.12.874,rating,2023.2.3,60.03320394045856,2024-01-30 17h40.24.843199 +0800,
neg_9.jpg,0,229,229,181,1722.8507738169246,,,,,,,,,,,,,,,,,,,,,,,1722.8227556686325,,1722.8227850338772,1722.822791876264,1722.8507738169246,1723.8341094690659,1723.8507749573218,1724.8341265750314,1724.8341265750314,1725.150790238651,1725.067700855412,1725.067709693496,1725.150790238651,1725.150790238651,1725.150790238651,1725.150790238651,1725.150790238651,1725.150790238651,0.0780562375766749,1730.3185763958172,[-58.0],[83.0],[1],[0],[0],[5.166815108445007],1730.3194661911984,1730.3225826132693,None,,,,,,,,,,,,,ED27,001,2024-01-30_17h40.12.874,rating,2023.2.3,60.03320394045856,2024-01-30 17h40.24.843199 +0800,
neu_60.jpg,0,230,230,341,1730.350880444119,,,,,,,,,,,,,,,,,,,,,,,1730.3228206713065,,1730.32285459814,1730.3228620107257,1730.350880444119,1731.334194143601,1731.3508465172818,1732.3341904373083,1732.3341904373083,1732.650860943315,1732.5677228080713,1732.567731361054,1732.650860943315,1732.650860943315,1732.650860943315,1732.650860943315,1732.650860943315,1732.650860943315,0.07807476904054056,1736.068582382908,[69.0],[53.0],[1],[0],[0],[3.416727582916792],1736.0694793057737,1736.0726732748917,None,,,,,,,,,,,,,ED27,001,2024-01-30_17h40.12.874,rating,2023.2.3,60.03320394045856,2024-01-30 17h40.24.843199 +0800,
neg_179.jpg,0,231,231,88,1736.1008924182934,,,,,,,,,,,,,,,,,,,,,,,1736.0729121882287,,1736.072944974665,1736.0729523872506,1736.1008924182934,1737.084261141972,1737.1008946990878,1738.084244321104,1738.084244321104,1738.4009153973093,1738.3178188865859,1738.3178277246661,1738.4009153973093,1738.4009153973093,1738.4009153973093,1738.4009153973093,1738.4009153973093,1738.4009153973093,0.07802288094171672,1741.9019810990467,[-380.0],[84.0],[1],[0],[0],[3.5000667132699164],1741.9028760262154,1741.9061598016633,None,,,,,,,,,,,,,ED27,001,2024-01-30_17h40.12.874,rating,2023.2.3,60.03320394045856,2024-01-30 17h40.24.843199 +0800,
neg_138.jpg,0,232,232,43,1741.9342857175434,,,,,,,,,,,,,,,,,,,,,,,1741.9064007106972,,1741.906432926935,1741.906440624618,1741.9342857175434,1742.9176239355802,1742.9343350397503,1743.9176322034655,1743.9176322034655,1744.2343038498693,1744.1511717017129,1744.1511808248943,1744.2343038498693,1744.2343038498693,1744.2343038498693,1744.2343038498693,1744.2343038498693,1744.2343038498693,0.07792737262570881,1749.9853960658547,[-290.0],[276.0],[1],[0],[0],[5.750078687447967],1749.9862889973301,1749.989470136974,None,,,,,,,,,,,,,ED27,001,2024-01-30_17h40.12.874,rating,2023.2.3,60.03320394045856,2024-01-30 17h40.24.843199 +0800,
neu_78.jpg,0,233,233,360,1750.0177266284045,,,,,,,,,,,,,,,,,,,,,,,1749.9896859572546,,1749.9897492493328,1749.9897666403995,1750.0177266284045,1751.0010551530577,1751.0176966929612,1752.0010408980852,1752.0010408980852,1752.3177367779426,1752.2345955066048,1752.2346046297862,1752.3177367779426,1752.3177367779426,1752.3177367779426,1752.3177367779426,1752.3177367779426,1752.3177367779426,0.07804454849974718,1757.235502693049,[111.0],[-301.0],[1],[0],[0],[4.916755522663152],1757.2364101645944,1757.2395650750914,None,,,,,,,,,,,,,ED27,001,2024-01-30_17h40.12.874,rating,2023.2.3,60.03320394045856,2024-01-30 17h40.24.843199 +0800,
neg_53.jpg,0,234,234,141,1757.2677611254367,,,,,,,,,,,,,,,,,,,,,,,1757.239781180473,,1757.2398108308153,1757.2398176732022,1757.2677611254367,1758.251104760362,1758.2677862141863,1759.251135551105,1759.251135551105,1759.567781538557,1759.4846613645786,1759.4846707728611,1759.567781538557,1759.567781538557,1759.567781538557,1759.567781538557,1759.567781538557,1759.567781538557,0.07802288094171672,1763.2355032632477,[-60.0],[-285.0],[1],[0],[0],[3.666708766351803],1763.236437249041,1763.2396161078905,None,,,,,,,,,,,,,ED27,001,2024-01-30_17h40.12.874,rating,2023.2.3,60.03320394045856,2024-01-30 17h40.24.843199 +0800,
neg_63.jpg,0,235,235,152,1763.2678215665183,,,,,,,,,,,,,,,,,,,,,,,1763.2398273665822,,1763.2398567318269,1763.2398638593113,1763.2678215665183,1764.2511523719695,1764.2678429489788,1765.2511683375415,1765.2511683375415,1765.5678374180497,1765.4847035592975,1765.4847121122802,1765.5678374180497,1765.5678374180497,1765.5678374180497,1765.5678374180497,1765.5678374180497,1765.5678374180497,0.0780325743216963,1768.9855939248737,[-326.0],[36.0],[1],[0],[0],[3.4167703478342446],1768.986424419567,1768.9897133268023,None,,,,,,,,,,,,,ED27,001,2024-01-30_17h40.12.874,rating,2023.2.3,60.03320394045856,2024-01-30 17h40.24.843199 +0800,
neg_119.jpg,0,236,236,22,1769.0179053857573,,,,,,,,,,,,,,,,,,,,,,,1768.9899300023826,,1768.9899593676273,1768.9899662100142,1769.0179053857573,1770.0012096769606,1770.0178848585965,1771.0012210809364,1771.0012210809364,1771.3178921571416,1771.2347967868154,1771.234806195098,1771.3178921571416,1771.3178921571416,1771.3178921571416,1771.3178921571416,1771.3178921571416,1771.3178921571416,0.07798467761313077,1773.4855970609678,[-340.0],[135.0],[1],[0],[0],[2.166739557091205],1773.486460627195,1773.4897292923706,None,,,,,,,,,,,,,ED27,001,2024-01-30_17h40.12.874,rating,2023.2.3,60.03320394045856,2024-01-30 17h40.24.843199 +0800,
neu_187.jpg,0,237,237,289,1773.5179122281443,,,,,,,,,,,,,,,,,,,,,,,1773.4899684908087,,1773.4899981411509,1773.4900049835378,1773.5179122281443,1774.501254437575,1774.5179236321237,1775.5012664117494,1775.5012664117494,1775.8179354922577,1775.7347984974112,1775.7348076205963,1775.8179354922577,1775.8179354922577,1775.8179354922577,1775.8179354922577,1775.8179354922577,1775.8179354922577,0.07799123490258353,1779.9856868672941,[60.0],[-151.0],[1],[0],[0],[4.1667615097503585],1779.986589777247,1779.9897586576153,None,,,,,,,,,,,,,ED27,001,2024-01-30_17h40.12.874,rating,2023.2.3,60.03320394045856,2024-01-30 17h40.24.843199 +0800,
neu_101.jpg,0,238,238,195,1780.0179732394245,,,,,,,,,,,,,,,,,,,,,,,1779.989974762997,,1779.9900046984403,1779.9900115408273,1780.0179732394245,1781.0013165892524,1781.0179817924109,1782.0013237167404,1782.0013237167404,1782.3180178859984,1782.2348606490923,1782.2348694871762,1782.3180178859984,1782.3180178859984,1782.3180178859984,1782.3180178859984,1782.3180178859984,1782.3180178859984,0.07806935215194244,1786.3191748195604,[45.0],[-145.0],[1],[0],[0],[4.000147681512317],1786.3200386708886,1786.3231904452914,None,,,,,,,,,,,,,ED27,001,2024-01-30_17h40.12.874,rating,2023.2.3,60.03320394045856,2024-01-30 17h40.24.843199 +0800,
neg_75.jpg,0,239,239,165,1786.3513628323853,,,,,,,,,,,,,,,,,,,,,,,1786.3234310692278,,1786.3234598642703,1786.3234667066572,1786.3513628323853,1787.3347352623532,1787.3513944784208,1788.334757785211,1788.334757785211,1788.651387236896,1788.5682513824468,1788.5682605056318,1788.651387236896,1788.651387236896,1788.651387236896,1788.651387236896,1788.651387236896,1788.651387236896,0.07801974484755192,1796.2358547908698,[-203.0],[62.0],[1],[0],[0],[7.583411260515277],1796.2368044571303,1822.952135223808,space,1796.2514605644756,1796.2514605644756,26.68852799733577,None,,,,,,,,,ED27,001,2024-01-30_17h40.12.874,rating,2023.2.3,60.03320394045856,2024-01-30 17h40.24.843199 +0800,
neg_77.jpg,0,240,240,167,1822.9683838966703,,,,,,,,,,,,,,,,,,,,,,,1822.9525007213015,1822.9683838966703,1823.9519176929316,1823.9519265310118,1823.9850596485085,1824.9517303825924,1824.985086732955,1825.9517383653765,1825.9517383653765,1826.2684311091398,1826.1853633934588,1826.18537337194,1826.2684311091398,1826.2684311091398,1826.2684311091398,1826.2684311091398,1826.2684311091398,1826.2684311091398,0.06613138295142562,1830.186183909671,[183.0],[161.0],[1],[0],[0],[3.9167107620487513],1830.1870876749235,1830.1903409447295,None,,,,,1823.9850596485085,,,,,,,,ED27,001,2024-01-30_17h40.12.874,rating,2023.2.3,60.03320394045856,2024-01-30 17h40.24.843199 +0800,
neu_143.jpg,0,241,241,241,1830.2184540311355,,,,,,,,,,,,,,,,,,,,,,,1830.190575296474,,1830.1906083680115,1830.1906160656981,1830.2184540311355,1831.201791108775,1831.2184571672296,1832.2017982362631,1832.2017982362631,1832.5184978224097,1832.4353320325208,1832.4353408706047,1832.5184978224097,1832.5184978224097,1832.5184978224097,1832.5184978224097,1832.5184978224097,1832.5184978224097,0.07794048720097635,1838.2697217543428,[241.0],[286.0],[1],[0],[0],[5.750195293119759],1838.2705645083115,1838.2737895532737,None,,,,,,,,,,,,,ED27,001,2024-01-30_17h40.12.874,rating,2023.2.3,60.03320394045856,2024-01-30 17h40.24.843199 +0800,
neu_70.jpg,0,242,242,352,1838.301858734365,,,,,,,,,,,,,,,,,,,,,,,1838.2740261858162,,1838.2740586871514,1838.274066099737,1838.301858734365,1839.2851966673006,1839.3018647214521,1840.2852089265798,1840.2852089265798,1840.6018819984783,1840.518798317229,1840.518807155313,1840.6018819984783,1840.6018819984783,1840.6018819984783,1840.6018819984783,1840.6018819984783,1840.6018819984783,0.07787748022019514,1843.186327599793,[327.0],[176.0],[1],[0],[0],[2.5834543105338525],1843.1872025699995,1843.1904090834978,None,,,,,,,,,,,,,ED27,001,2024-01-30_17h40.12.874,rating,2023.2.3,60.03320394045856,2024-01-30 17h40.24.843199 +0800,
neg_28.jpg,0,243,243,113,1843.218571492107,,,,,,,,,,,,,,,,,,,,,,,1843.1906479968347,,1843.190680783271,1843.1906881958566,1843.218571492107,1844.201917122733,1844.218578334494,1845.2019342286985,1845.2019342286985,1845.5185956115201,1845.4355119302709,1845.435521908752,1845.5185956115201,1845.5185956115201,1845.5185956115201,1845.5185956115201,1845.5185956115201,1845.5185956115201,0.07797184813898639,1849.7697719318458,[-183.0],[-300.0],[1],[0],[0],[4.250153668603161],1849.7710121144446,1849.7742459974907,None,,,,,,,,,,,,,ED27,001,2024-01-30_17h40.12.874,rating,2023.2.3,60.03320394045856,2024-01-30 17h40.24.843199 +0800,
neg_18.jpg,0,244,244,89,1849.8019915907062,,,,,,,,,,,,,,,,,,,,,,,1849.7744817747334,,1849.7745145611698,1849.7745219737553,1849.8019915907062,1850.7853078560875,1850.801973629441,1851.7853192600633,1851.7853192600633,1852.1019883405752,1852.018873868583,1852.0188827066668,1852.1019883405752,1852.1019883405752,1852.1019883405752,1852.1019883405752,1852.1019883405752,1852.1019883405752,0.07752481220450136,1856.6031139131956,[-366.0],[-81.0],[1],[0],[0],[4.500078117249359],1856.6040350695148,1856.6071680273526,None,,,,,,,,,,,,,ED27,001,2024-01-30_17h40.12.874,rating,2023.2.3,60.03320394045856,2024-01-30 17h40.24.843199 +0800,
neu_149.jpg,0,245,245,247,1856.635365218095,,,,,,,,,,,,,,,,,,,,,,,1856.607404374794,,1856.6074388718262,1856.6074462844153,1856.635365218095,1857.6187048616302,1857.635372060482,1858.618715695411,1858.618715695411,1858.9353899077068,1858.8522685933312,1858.8522777165126,1858.9353899077068,1858.9353899077068,1858.9353899077068,1858.9353899077068,1858.9353899077068,1858.9353899077068,0.07804454849974718,1862.6032091364104,[246.0],[127.0],[1],[0],[0],[3.666685958396556],1862.6041339990225,1862.607243863804,None,,,,,,,,,,,,,ED27,001,2024-01-30_17h40.12.874,rating,2023.2.3,60.03320394045856,2024-01-30 17h40.24.843199 +0800,
neu_154.jpg,0,246,246,253,1862.635420242288,,,,,,,,,,,,,,,,,,,,,,,1862.6074813516461,,1862.6075132827827,1862.6075209804694,1862.635420242288,1863.6188006550437,1863.6354404843514,1864.6187690090046,1864.6187690090046,1864.9354443617012,1864.8523053711615,1864.8523144943429,1864.9354443617012,1864.9354443617012,1864.9354443617012,1864.9354443617012,1864.9354443617012,1864.9354443617012,0.07798296701730578,1870.9365656578339,[245.0],[243.0],[1],[0],[0],[6.0000949381174],1870.9374423386362,1870.9406522733261,None,,,,,,,,,,,,,ED27,001,2024-01-30_17h40.12.874,rating,2023.2.3,60.03320394045856,2024-01-30 17h40.24.843199 +0800,
neu_50.jpg,0,247,247,330,1870.9688360643959,,,,,,,,,,,,,,,,,,,,,,,1870.9408877654714,,1870.940919696608,1870.9409271091936,1870.9688360643959,1871.9521774185268,1871.9688400557898,1872.9521891076038,1872.9521891076038,1873.2688561924188,1873.185773081368,1873.1857816343509,1873.2688561924188,1873.2688561924188,1873.2688561924188,1873.2688561924188,1873.2688561924188,1873.2688561924188,0.07799009450536687,1878.5200305170438,[131.0],[52.0],[1],[0],[0],[5.250061581482441],1878.5209582306488,1878.5242528398776,None,,,,,,,,,,,,,ED27,001,2024-01-30_17h40.12.874,rating,2023.2.3,60.03320394045856,2024-01-30 17h40.24.843199 +0800,
neu_42.jpg,0,248,248,321,1878.5522421931237,,,,,,,,,,,,,,,,,,,,,,,1878.524492038312,,1878.5245248247484,1878.524532237334,1878.5522421931237,1879.5355798409619,1879.552244473918,1880.535589819443,1880.535589819443,1880.852255478756,1880.7691410067673,1880.7691498448512,1880.852255478756,1880.852255478756,1880.852255478756,1880.852255478756,1880.852255478756,1880.852255478756,0.07778339740252704,1884.0200715713654,[84.0],[140.0],[1],[0],[0],[3.166751531269256],1884.021001850866,1884.024226610727,None,,,,,,,,,,,,,ED27,001,2024-01-30_17h40.12.874,rating,2023.2.3,60.03320394045856,2024-01-30 17h40.24.843199 +0800,
neg_191.jpg,0,249,249,102,1884.0522912302258,,,,,,,,,,,,,,,,,,,,,,,1884.0244609624751,,1884.0244931787129,1884.024500876396,1884.0522912302258,1885.0356494052248,1885.0522949365186,1886.0356374310504,1886.0356374310504,1886.3523093625518,1886.269180065392,1886.2691891885734,1886.3523093625518,1886.3523093625518,1886.3523093625518,1886.3523093625518,1886.3523093625518,1886.3523093625518,0.07787377392742201,1889.3534201100047,[-178.0],[101.0],[1],[0],[0],[3.000069279165473],1889.3543104755809,1889.3575087211939,None,,,,,,,,,,,,,ED27,001,2024-01-30_17h40.12.874,rating,2023.2.3,60.03320394045856,2024-01-30 17h40.24.843199 +0800,
neu_99.jpg,0,250,250,383,1889.3856765466953,,,,,,,,,,,,,,,,,,,,,,,1889.3577422176422,,1889.3577747189775,1889.357782131563,1889.3856765466953,1890.369048121367,1890.3856805380856,1891.3690335812935,1891.3690335812935,1891.6856972449132,1891.6025896153114,1891.6025987384928,1891.6856972449132,1891.6856972449132,1891.6856972449132,1891.6856972449132,1891.6856972449132,1891.6856972449132,0.07797441403454286,1895.0201750624656,[60.0],[200.0],[1],[0],[0],[3.3333952949469676],1895.0210868105023,1895.0242092196604,None,,,,,,,,,,,,,ED27,001,2024-01-30_17h40.12.874,rating,2023.2.3,60.03320394045856,2024-01-30 17h40.24.843199 +0800,
neu_28.jpg,0,251,251,305,1895.0523952915246,,,,,,,,,,,,,,,,,,,,,,,1895.0244404353143,,1895.024472366451,1895.0244797790365,1895.0523952915246,1896.0357375009553,1896.0524012786154,1897.0357434880425,1897.0357434880425,1897.3524148493489,1897.2693203343188,1897.2693288873015,1897.3524148493489,1897.3524148493489,1897.3524148493489,1897.3524148493489,1897.3524148493489,1897.3524148493489,0.07799522629284183,1903.2702155465886,[326.0],[-129.0],[1],[0],[0],[5.916771773332584],1903.2711891612053,1903.2743617478664,None,,,,,,,,,,,,,ED27,001,2024-01-30_17h40.12.874,rating,2023.2.3,60.03320394045856,2024-01-30 17h40.24.843199 +0800,
neg_103.jpg,0,252,252,5,1903.3024731236765,,,,,,,,,,,,,,,,,,,,,,,1903.2745949592136,,1903.2746266052527,1903.2746340178383,1903.3024731236765,1904.2858136225077,1904.3024793958648,1905.2858213201944,1905.2858213201944,1905.6024216917358,1905.519356827048,1905.519365950233,1905.6024216917358,1905.6024216917358,1905.6024216917358,1905.6024216917358,1905.6024216917358,1905.6024216917358,0.07784811497913324,1910.0203076337093,[-311.0],[-225.0],[1],[0],[0],[4.416822521030554],1910.0211968588883,1910.024496029706,None,,,,,,,,,,,,,ED27,001,2024-01-30_17h40.12.874,rating,2023.2.3,60.03320394045856,2024-01-30 17h40.24.843199 +0800,
neg_143.jpg,0,253,253,49,1910.052538411448,,,,,,,,,,,,,,,,,,,,,,,1910.024735228144,,1910.0247677294792,1910.0247759973645,1910.052538411448,1911.0359156881095,1911.0525443985389,1912.0358968715482,1912.0358968715482,1912.3524838434132,1912.2694648797406,1912.269474002922,1912.3524838434132,1912.3524838434132,1912.3524838434132,1912.3524838434132,1912.3524838434132,1912.3524838434132,0.07776999772977433,1917.6037288727057,[-345.0],[164.0],[1],[0],[0],[5.2501556642964715],1917.6046679902902,1917.6078918948515,None,,,,,,,,,,,,,ED27,001,2024-01-30_17h40.12.874,rating,2023.2.3,60.03320394045856,2024-01-30 17h40.24.843199 +0800,
neu_119.jpg,0,254,254,214,1917.6359462507717,,,,,,,,,,,,,,,,,,,,,,,1917.6081302379898,,1917.60816216913,1917.6081695817156,1917.6359462507717,1918.6192844688085,1918.6359465358728,1919.619291881394,1919.619291881394,1919.9358908274407,1919.8528738594614,1919.852883267744,1919.9358908274407,1919.9358908274407,1919.9358908274407,1919.9358908274407,1919.9358908274407,1919.9358908274407,0.07778197190782521,1923.770495229146,[67.0],[-42.0],[1],[0],[0],[3.8335224493021087],1923.7713761864434,1923.7745242545498,None,,,,,,,,,,,,,ED27,001,2024-01-30_17h40.12.874,rating,2023.2.3,60.03320394045856,2024-01-30 17h40.24.843199 +0800,
neg_122.jpg,0,255,255,26,1923.802688088661,,,,,,,,,,,,,,,,,,,,,,,1923.774764593385,,1923.7747968096228,1923.7748042222083,1923.802688088661,1924.7860103411294,1924.8026746889846,1925.7860180388125,1925.7860180388125,1926.1193551734723,1926.0195737877293,1926.0195826258132,1926.1193551734723,1926.1193551734723,1926.1193551734723,1926.1193551734723,1926.1193551734723,1926.1193551734723,0.09461224764527287,1930.7872291412714,[-321.0],[61.0],[1],[0],[0],[4.666761794847844],1930.7881782373333,1930.7913531047889,None,,,,,,,,,,,,,ED27,001,2024-01-30_17h40.12.874,rating,2023.2.3,60.03320394045856,2024-01-30 17h40.24.843199 +0800,
neu_20.jpg,0,256,256,297,1930.819404609716,,,,,,,,,,,,,,,,,,,,,,,1930.7915914479308,,1930.7916242343672,1930.7916319320502,1930.819404609716,1931.8027761843878,1931.81940375442,1932.8027488148437,1932.8027488148437,1933.1193497565837,1933.03628802799,1933.0362977213736,1933.1193497565837,1933.1193497565837,1933.1193497565837,1933.1193497565837,1933.1193497565837,1933.1193497565837,0.07777940601226874,1936.953892291709,[113.0],[265.0],[1],[0],[0],[3.833456876425771],1936.9547929208675,1936.9580336462968,None,,,,,,,,,,,,,ED27,001,2024-01-30_17h40.12.874,rating,2023.2.3,60.03320394045856,2024-01-30 17h40.24.843199 +0800,
neu_72.jpg,0,257,257,354,1936.9861242098486,,,,,,,,,,,,,,,,,,,,,,,1936.9582486112813,,1936.9582776914249,1936.9582842487107,1936.9861242098486,1937.9694738318613,1937.9861316224342,1938.969496354719,1938.969496354719,1939.2860761990996,1939.2030090536173,1939.2030178917012,1939.2860761990996,1939.2860761990996,1939.2860761990996,1939.2860761990996,1939.2860761990996,1939.2860761990996,0.0778848928057414,1941.8706364103928,[334.0],[150.0],[1],[0],[0],[2.5834525999343896],1941.8715418862412,1941.8747384212584,None,,,,,,,,,,,,,ED27,001,2024-01-30_17h40.12.874,rating,2023.2.3,60.03320394045856,2024-01-30 17h40.24.843199 +0800,
neg_56.jpg,0,258,258,144,1941.9028626265426,,,,,,,,,,,,,,,,,,,,,,,1941.8749516756434,,1941.874981040888,1941.874987598174,1941.9028626265426,1942.8861543733692,1942.9028192914266,1943.8861874449067,1943.8861874449067,1944.219524864664,1944.1197201007672,1944.1197289388474,1944.219524864664,1944.219524864664,1944.219524864664,1944.219524864664,1944.219524864664,1944.219524864664,0.09459685227193404,1947.0540642636988,[-163.0],[-84.0],[1],[0],[0],[2.833444617150235],1947.0550085130708,1947.0582187328582,None,,,,,,,,,,,,,ED27,001,2024-01-30_17h40.12.874,rating,2023.2.3,60.03320394045856,2024-01-30 17h40.24.843199 +0800,
neu_22.jpg,0,259,259,299,1947.0862212006796,,,,,,,,,,,,,,,,,,,,,,,1947.0584559355993,,1947.0584878667396,1947.0584952793251,1947.0862212006796,1948.0695628399117,1948.0862417278404,1949.0695728183928,1949.0695728183928,1949.4029421692867,1949.3031325586999,1949.3031413967838,1949.4029421692867,1949.4029421692867,1949.4029421692867,1949.4029421692867,1949.4029421692867,1949.4029421692867,0.09450904164623353,1952.6540417978613,[230.0],[153.0],[1],[0],[0],[3.2500133996727527],1952.6549461333125,1952.6582219259726,None,,,,,,,,,,,,,ED27,001,2024-01-30_17h40.12.874,rating,2023.2.3,60.03320394045856,2024-01-30 17h40.24.843199 +0800,
neu_74.jpg,0,260,260,356,1952.6862734308997,,,,,,,,,,,,,,,,,,,,,,,1952.658458273414,,1952.6584907747529,1952.6584984724395,1952.6862734308997,1953.6696136446335,1953.6862722905025,1954.6696233380135,1954.6696233380135,1955.0029618981716,1954.9031577044698,1954.9031671127523,1955.0029618981716,1955.0029618981716,1955.0029618981716,1955.0029618981716,1955.0029618981716,1955.0029618981716,0.0945392621870269,1962.004190676791,[182.0],[-157.0],[1],[0],[0],[7.0001103334871],1962.0051662871047,1962.0084879807764,None,,,,,,,,,,,,,ED27,001,2024-01-30_17h40.12.874,rating,2023.2.3,60.03320394045856,2024-01-30 17h40.24.843199 +0800,
neu_65.jpg,0,261,261,346,1962.036361868748,,,,,,,,,,,,,,,,,,,,,,,1962.008722047427,,1962.0087545487622,1962.0087619613478,1962.036361868748,1963.0197057887744,1963.0363712770304,1964.0197114907642,1964.0197114907642,1964.3530497658212,1964.2532737969668,1964.2532826350507,1964.3530497658212,1964.3530497658212,1964.3530497658212,1964.3530497658212,1964.3530497658212,1964.3530497658212,0.09435081145056756,1967.9377211658975,[15.0],[-7.0],[1],[0],[0],[3.5835010668415634],1967.9387024782009,1967.9418790562522,None,,,,,,,,,,,,,ED27,001,2024-01-30_17h40.12.874,rating,2023.2.3,60.03320394045856,2024-01-30 17h40.24.843199 +0800,
neg_16.jpg,0,262,262,67,1967.9697694799906,,,,,,,,,,,,,,,,,,,,,,,1967.942090314944,,1967.9421193950875,1967.942125952377,1967.9697694799906,1968.9530923026578,1968.9697928581445,1969.9531245188955,1969.9531245188955,1970.286438560499,1970.1866477664735,1970.1866566045574,1970.286438560499,1970.286438560499,1970.286438560499,1970.286438560499,1970.286438560499,1970.286438560499,0.09441552902353578,1974.4543205110822,[-354.0],[-105.0],[1],[0],[0],[4.1667161789373495],1974.4552773048308,1974.4585328554313,None,,,,,,,,,,,,,ED27,001,2024-01-30_17h40.12.874,rating,2023.2.3,60.03320394045856,2024-01-30 17h40.24.843199 +0800,
neg_113.jpg,0,263,263,16,1974.4864785884602,,,,,,,,,,,,,,,,,,,,,,,1974.4587820323504,,1974.4588113975915,1974.458817954881,1974.4864785884602,1975.4698205127934,1975.4864877116452,1976.4698464568428,1976.4698464568428,1976.8031861573945,1976.7033813934977,1976.703390516679,1976.8031861573945,1976.8031861573945,1976.8031861573945,1976.8031861573945,1976.8031861573945,1976.8031861573945,0.0944320647904533,1981.0543396697649,[-377.0],[-217.0],[1],[0],[0],[4.250041054321628],1981.055256549589,1981.0584912879312,None,,,,,,,,,,,,,ED27,001,2024-01-30_17h40.12.874,rating,2023.2.3,60.03320394045856,2024-01-30 17h40.24.843199 +0800,
neg_89.jpg,0,264,264,180,1981.0865730133992,,,,,,,,,,,,,,,,,,,,,,,1981.0587059678146,,1981.0587353330593,1981.0587421754462,1981.0865730133992,1982.0698830065921,1982.0865456438514,1983.0698887085782,1983.0698887085782,1983.403234681322,1983.3034233601356,1983.3034321982195,1983.403234681322,1983.403234681322,1983.403234681322,1983.403234681322,1983.403234681322,1983.403234681322,0.09455522775533609,1987.904470302332,[-105.0],[-332.0],[1],[0],[0],[4.5001171758704],1987.90539117355,1987.908551786033,None,,,,,,,,,,,,,ED27,001,2024-01-30_17h40.12.874,rating,2023.2.3,60.03320394045856,2024-01-30 17h40.24.843199 +0800,
neu_39.jpg,0,265,265,317,1987.9366486217732,,,,,,,,,,,,,,,,,,,,,,,1987.9087681765159,,1987.9087981119592,1987.908804669245,1987.9366486217732,1988.9199469258856,1988.9366249585182,1989.919956334168,1989.919956334168,1990.2532951794237,1990.1535115128863,1990.1535203509702,1990.2532951794237,1990.2532951794237,1990.2532951794237,1990.2532951794237,1990.2532951794237,1990.2532951794237,0.09456435093670734,1994.0045285196393,[50.0],[-273.0],[1],[0],[0],[3.7500915169221116],1994.0054873090849,1994.0086992394681,None,,,,,,,,,,,,,ED27,001,2024-01-30_17h40.12.874,rating,2023.2.3,60.03320394045856,2024-01-30 17h40.24.843199 +0800,
neg_117.jpg,0,266,266,20,1994.0366649294629,,,,,,,,,,,,,,,,,,,,,,,1994.0089150597523,,1994.0089447100945,1994.0089515524814,1994.0366649294629,1995.0200279511519,1995.0366697761528,1996.0200302319463,1996.0200302319463,1996.3533499755395,1996.2535449265415,1996.2535540497229,1996.3533499755395,1996.3533499755395,1996.3533499755395,1996.3533499755395,1996.3533499755395,1996.3533499755395,0.09445914924071985,2001.0211674936472,[-315.0],[-92.0],[1],[0],[0],[4.666647184873],2001.0221579291283,2001.0253513280513,None,,,,,,,,,,,,,ED27,001,2024-01-30_17h40.12.874,rating,2023.2.3,60.03320394045856,2024-01-30 17h40.24.843199 +0800,
neu_14.jpg,0,267,267,237,2001.053396275689,,,,,,,,,,,,,,,,,,,,,,,2001.0255665781333,,2001.0255953731794,2001.0256022155663,2001.053396275689,2002.03673762982,2002.0534036882746,2003.036744757308,2003.036744757308,2003.3700841727623,2003.2702782684646,2003.270286821451,2003.3700841727623,2003.3700841727623,2003.3700841727623,2003.3700841727623,2003.3700841727623,2003.3700841727623,0.09454211318006855,2007.454556288325,[267.0],[145.0],[1],[0],[0],[4.083373057190329],2007.4554777297417,2007.458710757488,None,,,,,,,,,,,,,ED27,001,2024-01-30_17h40.12.874,rating,2023.2.3,60.03320394045856,2024-01-30 17h40.24.843199 +0800,
neu_96.jpg,0,268,268,380,2007.4867899170604,,,,,,,,,,,,,,,,,,,,,,,2007.4589493857238,,2007.458981316864,2007.4589890145471,2007.4867899170604,2008.4701472367597,2008.4867961892487,2009.470139824174,2009.470139824174,2009.803491784005,2009.703712393959,2009.7037212320392,2009.803491784005,2009.803491784005,2009.803491784005,2009.803491784005,2009.803491784005,2009.803491784005,0.09456349563697586,2014.9880765708695,[-19.0],[72.0],[1],[0],[0],[5.183426712905202],2014.9890476195906,2014.9922259082414,None,,,,,,,,,,,,,ED27,001,2024-01-30_17h40.12.874,rating,2023.2.3,60.03320394045856,2024-01-30 17h40.24.843199 +0800,
neg_47.jpg,0,269,269,134,2015.0201992959192,,,,,,,,,,,,,,,,,,,,,,,2014.9924414434245,,2014.9924919060286,2014.9924987484155,2015.0201992959192,2016.0035626027093,2016.0202141210902,2017.0035859808631,2017.0035859808631,2017.336909430749,2017.2371323214975,2017.2371414446789,2017.336909430749,2017.336909430749,2017.336909430749,2017.336909430749,2017.336909430749,2017.336909430749,0.09447340421320405,2019.8047673189358,[-370.0],[319.0],[1],[0],[0],[2.4666866996558383],2019.8056861944606,2035.5375863708796,space,2019.8202385256045,2019.8202385256045,15.711192548184044,None,,,,,,,,,ED27,001,2024-01-30_17h40.12.874,rating,2023.2.3,60.03320394045856,2024-01-30 17h40.24.843199 +0800,
neg_153.jpg,0,270,270,60,2035.5537472331089,,,,,,,,,,,,,,,,,,,,,,,2035.5379826591125,2035.5537472331089,2036.5372624979063,2036.537271050889,2036.5704646094673,2037.5370697706785,2037.5704050236818,2038.537082029954,2038.537082029954,2038.8704205901122,2038.7707042070433,2038.7707130451236,2038.8704205901122,2038.8704205901122,2038.8704205901122,2038.8704205901122,2038.8704205901122,2038.8704205901122,0.08266344466028386,2041.5217451051285,[-214.0],[369.0],[1],[0],[0],[2.6501362205162877],2041.5226739591308,2041.5260466856053,None,,,,,2036.5704646094673,,,,,,,,ED27,001,2024-01-30_17h40.12.874,rating,2023.2.3,60.03320394045856,2024-01-30 17h40.24.843199 +0800,
neu_182.jpg,0,271,271,284,2041.553781159946,,,,,,,,,,,,,,,,,,,,,,,2041.5262887350364,,2041.5263223767724,2041.526329789358,2041.553781159946,2042.5371421859381,2042.553786006636,2043.5371473177293,2043.5371473177293,2043.870470482514,2043.7707301510927,2043.7707401295738,2043.870470482514,2043.870470482514,2043.870470482514,2043.870470482514,2043.870470482514,2043.870470482514,0.09420484053043765,2049.2551828228716,[143.0],[-341.0],[1],[0],[0],[5.383482136239763],2049.2561165235675,2049.2593375771357,None,,,,,,,,,,,,,ED27,001,2024-01-30_17h40.12.874,rating,2023.2.3,60.03320394045856,2024-01-30 17h40.24.843199 +0800,
neu_1.jpg,0,272,272,192,2049.287206903511,,,,,,,,,,,,,,,,,,,,,,,2049.2595821924624,,2049.2596144087,2049.2596218212857,2049.287206903511,2050.270528870882,2050.28719207834,2051.270594443755,2051.270594443755,2051.603881686009,2051.5041102787472,2051.504119972131,2051.603881686009,2051.603881686009,2051.603881686009,2051.603881686009,2051.603881686009,2051.603881686009,0.09432173130699084,2054.471772873814,[-39.0],[-152.0],[1],[0],[0],[2.8667610535921995],2054.472696596029,2054.475898547931,None,,,,,,,,,,,,,ED27,001,2024-01-30_17h40.12.874,rating,2023.2.3,60.03320394045856,2024-01-30 17h40.24.843199 +0800,
neg_79.jpg,0,273,273,169,2054.5039021561497,,,,,,,,,,,,,,,,,,,,,,,2054.476137746369,,2054.476169107307,2054.476176804994,2054.5039021561497,2055.487264892741,2055.5039095687353,2056.487249782469,2056.487249782469,2056.8205909085227,2056.7208269138464,2056.7208363221253,2056.8205909085227,2056.8205909085227,2056.8205909085227,2056.8205909085227,2056.8205909085227,2056.8205909085227,0.09447482970790588,2060.721834740394,[-97.0],[-356.0],[1],[0],[0],[3.900063520159165],2060.722771292083,2060.725961269811,None,,,,,,,,,,,,,ED27,001,2024-01-30_17h40.12.874,rating,2023.2.3,60.03320394045856,2024-01-30 17h40.24.843199 +0800,
neg_13.jpg,0,274,274,34,2060.753960601538,,,,,,,,,,,,,,,,,,,,,,,2060.726175949694,,2060.7262056000363,2060.7262124424233,2060.753960601538,2061.7373025258676,2061.75399595387,2062.7373090831534,2062.7373090831534,2063.0706516347054,2062.9708511472963,2062.97086084068,2063.0706516347054,2063.0706516347054,2063.0706516347054,2063.0706516347054,2063.0706516347054,2063.0706516347054,0.09450362475399743,2067.17190014221,[-262.0],[-74.0],[1],[0],[0],[4.10008416135679],2067.172842395885,2067.176095665691,None,,,,,,,,,,,,,ED27,001,2024-01-30_17h40.12.874,rating,2023.2.3,60.03320394045856,2024-01-30 17h40.24.843199 +0800,
neu_138.jpg,0,275,275,235,2067.204016024869,,,,,,,,,,,,,,,,,,,,,,,2067.1763334386305,,2067.176365369767,2067.176372497255,2067.204016024869,2068.187362795892,2068.2040268586497,2069.187377335962,2069.187377335962,2069.5207099090294,2069.4209690074094,2069.4209792709917,2069.5207099090294,2069.5207099090294,2069.5207099090294,2069.5207099090294,2069.5207099090294,2069.5207099090294,0.09439984855271177,2072.3220403541163,[148.0],[196.0],[1],[0],[0],[2.8001404399874446],2072.322948966059,2072.3261506328636,None,,,,,,,,,,,,,ED27,001,2024-01-30_17h40.12.874,rating,2023.2.3,60.03320394045856,2024-01-30 17h40.24.843199 +0800,
neg_132.jpg,0,276,276,37,2072.3540681410486,,,,,,,,,,,,,,,,,,,,,,,2072.326363602151,,2072.3263926822947,2072.3263995246816,2072.3540681410486,2073.337475923352,2073.354087527812,2074.337455396191,2074.337455396191,2074.670785973565,2074.57097493748,2074.5709840606614,2074.670785973565,2074.670785973565,2074.670785973565,2074.670785973565,2074.670785973565,2074.670785973565,0.09444631976657547,2077.0719705047522,[-203.0],[159.0],[1],[0],[0],[2.400020470140589],2077.072913613727,2077.0761506328636,None,,,,,,,,,,,,,ED27,001,2024-01-30_17h40.12.874,rating,2023.2.3,60.03320394045856,2024-01-30 17h40.24.843199 +0800,
neu_192.jpg,0,277,277,295,2077.104115752656,,,,,,,,,,,,,,,,,,,,,,,2077.076386125009,,2077.076418911445,2077.0764263240308,2077.104115752656,2078.0874568216896,2078.1041468284966,2079.0874616683795,2079.0874616683795,2079.4208030795307,2079.320998315634,2079.321007153718,2079.4208030795307,2079.4208030795307,2079.4208030795307,2079.4208030795307,2079.4208030795307,2079.4208030795307,0.09443634128183476,2083.7221055848713,[104.0],[73.0],[1],[0],[0],[4.300100240965548],2083.7231188283113,2083.7263142229276,None,,,,,,,,,,,,,ED27,001,2024-01-30_17h40.12.874,rating,2023.2.3,60.03320394045856,2024-01-30 17h40.24.843199 +0800,
neg_112.jpg,0,278,278,15,2083.7541772771183,,,,,,,,,,,,,,,,,,,,,,,2083.7265514256687,,2083.726581076011,2083.726588203499,2083.7541772771183,2084.737519486549,2084.7541852599024,2085.737502665681,2085.737502665681,2086.0708665996863,2085.971104885808,2085.9711154344877,2086.0708665996863,2086.0708665996863,2086.0708665996863,2086.0708665996863,2086.0708665996863,2086.0708665996863,0.09433855217139353,2088.9720899044005,[-179.0],[81.0],[1],[0],[0],[2.9000384314058465],2088.9730826206796,2088.976278585498,None,,,,,,,,,,,,,ED27,001,2024-01-30_17h40.12.874,rating,2023.2.3,60.03320394045856,2024-01-30 17h40.24.843199 +0800,
neu_97.jpg,0,279,279,381,2089.0042285950185,,,,,,,,,,,,,,,,,,,,,,,2088.976495831277,,2088.976526051818,2088.976532894205,2089.0042285950185,2089.9875679534525,2090.0042779172254,2090.9875767915364,2090.9875767915364,2091.320915921893,2091.2211120132924,2091.2211208513763,2091.320915921893,2091.320915921893,2091.320915921893,2091.320915921893,2091.320915921893,2091.320915921893,0.09444574956796714,2095.8223052115063,[-73.0],[-66.0],[1],[0],[0],[4.500189876231161],2095.823253167171,2095.8264622465613,None,,,,,,,,,,,,,ED27,001,2024-01-30_17h40.12.874,rating,2023.2.3,60.03320394045856,2024-01-30 17h40.24.843199 +0800,
neg_21.jpg,0,280,280,106,2095.85429479511,,,,,,,,,,,,,,,,,,,,,,,2095.8267005896996,,2095.8267330910385,2095.826740503624,2095.85429479511,2096.8376321578507,2096.854297931204,2097.837637289638,2097.837637289638,2098.170981551786,2098.071218697507,2098.0712278206884,2098.170981551786,2098.170981551786,2098.170981551786,2098.170981551786,2098.170981551786,2098.170981551786,0.09430205944590853,2105.272299338456,[-274.0],[312.0],[1],[0],[0],[7.10010383322151],2105.2732897739406,2105.2765142487006,None,,,,,,,,,,,,,ED27,001,2024-01-30_17h40.12.874,rating,2023.2.3,60.03320394045856,2024-01-30 17h40.24.843199 +0800,
neg_41.jpg,0,281,281,128,2105.3043832899784,,,,,,,,,,,,,,,,,,,,,,,2105.2767503110445,,2105.276782527282,2105.2767899398677,2105.3043832899784,2106.2877237888133,2106.30438756647,2107.287749162664,2107.287749162664,2107.621070331752,2107.5212658529563,2107.5212749761376,2107.621070331752,2107.621070331752,2107.621070331752,2107.621070331752,2107.621070331752,2107.621070331752,0.09434054786834167,2110.922345467545,[-338.0],[84.0],[1],[0],[0],[3.3000896922858374],2110.9233173715656,2110.9264848264393,None,,,,,,,,,,,,,ED27,001,2024-01-30_17h40.12.874,rating,2023.2.3,60.03320394045856,2024-01-30 17h40.24.843199 +0800,
neu_165.jpg,0,282,282,265,2110.954434265761,,,,,,,,,,,,,,,,,,,,,,,2110.9267180377865,,2110.9267582368084,2110.926765649394,2110.954434265761,2111.937815818914,2111.954463060807,2112.9377833175786,2112.9377833175786,2113.2711298605172,2113.17133079861,2113.1713399217915,2113.2711298605172,2113.2711298605172,2113.2711298605172,2113.2711298605172,2113.2711298605172,2113.2711298605172,0.09442750320158666,2116.8724128650574,[-192.0],[-80.0],[1],[0],[0],[3.6000587875059864],2116.873414419417,2116.876690782279,None,,,,,,,,,,,,,ED27,001,2024-01-30_17h40.12.874,rating,2023.2.3,60.03320394045856,2024-01-30 17h40.24.843199 +0800,
neu_174.jpg,0,283,283,275,2116.9044945357855,,,,,,,,,,,,,,,,,,,,,,,2116.876925704226,,2116.876958490662,2116.8769673287425,2116.9044945357855,2117.887832468721,2117.9045076503608,2118.8878404515053,2118.8878404515053,2119.221184713653,2119.121375388164,2119.1213845113452,2119.221184713653,2119.221184713653,2119.221184713653,2119.221184713653,2119.221184713653,2119.221184713653,0.09428124718397157,2123.52248807429,[119.0],[148.0],[1],[0],[0],[4.3000933985786105],2123.5235215597895,2123.5268620700263,None,,,,,,,,,,,,,ED27,001,2024-01-30_17h40.12.874,rating,2023.2.3,60.03320394045856,2024-01-30 17h40.24.843199 +0800,
neu_158.jpg,0,284,284,257,2123.5545634728296,,,,,,,,,,,,,,,,,,,,,,,2123.527096991973,,2123.527129493312,2123.5271369058974,2123.5545634728296,2124.537893422985,2124.5545614771363,2125.537902546166,2125.537902546166,2125.87124367222,2125.771456299386,2125.771465422571,2125.87124367222,2125.87124367222,2125.87124367222,2125.87124367222,2125.87124367222,2125.87124367222,0.09417005840077763,2130.6726003464537,[299.0],[66.0],[1],[0],[0],[4.800116776736104],2130.6736338319533,2130.6767830404606,None,,,,,,,,,,,,,ED27,001,2024-01-30_17h40.12.874,rating,2023.2.3,60.03320394045856,2024-01-30 17h40.24.843199 +0800,
neu_176.jpg,0,285,285,277,2130.7046238568946,,,,,,,,,,,,,,,,,,,,,,,2130.6770219537975,,2130.6770541700353,2130.677061582621,2130.7046238568946,2131.6879945762703,2131.7046440989543,2132.687984597789,2132.687984597789,2133.021309758271,2132.9215055645727,2132.9215141175555,2133.021309758271,2133.021309758271,2133.021309758271,2133.021309758271,2133.021309758271,2133.021309758271,0.09430890182920848,2137.222615627783,[178.0],[-261.0],[1],[0],[0],[4.2000665422128804],2137.2236228841357,2137.2268325337245,None,,,,,,,,,,,,,ED27,001,2024-01-30_17h40.12.874,rating,2023.2.3,60.03320394045856,2024-01-30 17h40.24.843199 +0800,
neg_180.jpg,0,286,286,90,2137.2546830435385,,,,,,,,,,,,,,,,,,,,,,,2137.2270705917654,,2137.227102522902,2137.2271099354875,2137.2546830435385,2138.238057469207,2138.2546901710266,2139.238040648339,2139.238040648339,2139.5714088588393,2139.4715904101686,2139.4715989631513,2139.5714088588393,2139.5714088588393,2139.5714088588393,2139.5714088588393,2139.5714088588393,2139.5714088588393,0.09436307072610362,2143.4726772092654,[-300.0],[157.0],[1],[0],[0],[3.900025601931702],2143.4736833252173,2143.4768827112275,None,,,,,,,,,,,,,ED27,001,2024-01-30_17h40.12.874,rating,2023.2.3,60.03320394045856,2024-01-30 17h40.24.843199 +0800,
neg_108.jpg,0,287,287,10,2143.5047434846238,,,,,,,,,,,,,,,,,,,,,,,2143.4771159225784,,2143.477149849412,2143.4771572619975,2143.5047434846238,2144.488110782804,2144.5047486164112,2145.4881181953897,2145.4881181953897,2145.821430811495,2145.7216257625005,2145.7216343154832,2145.821430811495,2145.821430811495,2145.821430811495,2145.821430811495,2145.821430811495,2145.821430811495,0.09433655647808337,2150.122797749311,[-370.0],[-42.0],[1],[0],[0],[4.300105087659176],2150.1238223967302,2150.1270166509494,None,,,,,,,,,,,,,ED27,001,2024-01-30_17h40.12.874,rating,2023.2.3,60.03320394045856,2024-01-30 17h40.24.843199 +0800,
neu_144.jpg,0,288,288,242,2150.1548583226795,,,,,,,,,,,,,,,,,,,,,,,2150.127249577199,,2150.1272812232382,2150.127288635824,2150.1548583226795,2151.138147503614,2151.1548141322673,2152.1381532056002,2152.1381532056002,2152.471498323044,2152.3717408856573,2152.3717497237376,2152.471498323044,2152.471498323044,2152.471498323044,2152.471498323044,2152.471498323044,2152.471498323044,0.09430006374896038,2155.872809723489,[355.0],[-70.0],[1],[0],[0],[3.400034440015588],2155.873847770581,2155.8770363228105,None,,,,,,,,,,,,,ED27,001,2024-01-30_17h40.12.874,rating,2023.2.3,60.03320394045856,2024-01-30 17h40.24.843199 +0800,
neg_24.jpg,0,289,289,109,2155.904868871359,,,,,,,,,,,,,,,,,,,,,,,2155.8772715298546,,2155.8773048864896,2155.877312299075,2155.904868871359,2156.88822077417,2156.904862884272,2157.8882244804627,2157.8882244804627,2158.221549355847,2158.121741170755,2158.1217500088387,2158.221549355847,2158.221549355847,2158.221549355847,2158.221549355847,2158.221549355847,2158.221549355847,0.09429806805201224,2164.122884419543,[-29.0],[-218.0],[1],[0],[0],[5.900082621818001],2164.1239013692757,2164.1270799430276,None,,,,,,,,,,,,,ED27,001,2024-01-30_17h40.12.874,rating,2023.2.3,60.03320394045856,2024-01-30 17h40.24.843199 +0800,
neg_192.jpg,0,290,290,103,2164.154969226365,,,,,,,,,,,,,,,,,,,,,,,2164.1273177159674,,2164.127351642801,2164.1273590553865,2164.154969226365,2165.1382795046557,2165.154942712117,2166.1382854917465,2166.1382854917465,2166.471625192302,2166.3718244197953,2166.371832972778,2166.471625192302,2166.471625192302,2166.471625192302,2166.471625192302,2166.471625192302,2166.471625192302,0.09432657799698063,2172.773032899335,[54.0],[-230.0],[1],[0],[0],[6.300144146280218],2172.7740521298656,2172.7772441032903,None,,,,,,,,,,,,,ED27,001,2024-01-30_17h40.12.874,rating,2023.2.3,60.03320394045856,2024-01-30 17h40.24.843199 +0800,
neu_41.jpg,0,291,291,320,2172.8050182064508,,,,,,,,,,,,,,,,,,,,,,,2172.777597056407,,2172.777630413042,2172.777638110725,2172.8050182064508,2173.7883604158815,2173.80502476374,2174.78836583277,2174.78836583277,2175.121706958824,2175.021903050223,2175.0219121734044,2175.121706958824,2175.121706958824,2175.121706958824,2175.121706958824,2175.121706958824,2175.121706958824,0.09413214017331484,2178.7232003667523,[301.0],[-195.0],[1],[0],[0],[3.6002275663777255],2178.7242318565586,2178.727444927339,None,,,,,,,,,,,,,ED27,001,2024-01-30_17h40.12.874,rating,2023.2.3,60.03320394045856,2024-01-30 17h40.24.843199 +0800,
neg_96.jpg,0,292,292,188,2178.755116394703,,,,,,,,,,,,,,,,,,,,,,,2178.7276795641847,,2178.727712635722,2178.727720333409,2178.755116394703,2179.738416409411,2179.7551212413928,2180.7384241070977,2180.7384241070977,2181.071763522552,2180.9720083659595,2180.972017489141,2181.071763522552,2181.071763522552,2181.071763522552,2181.071763522552,2181.071763522552,2181.071763522552,0.09412871898166486,2184.0731128982407,[23.0],[-268.0],[1],[0],[0],[3.000051888098824],2184.074175748985,2184.077370003204,None,,,,,,,,,,,,,ED27,001,2024-01-30_17h40.12.874,rating,2023.2.3,60.03320394045856,2024-01-30 17h40.24.843199 +0800,
neg_98.jpg,0,293,293,190,2184.1051512338527,,,,,,,,,,,,,,,,,,,,,,,2184.0776094867433,,2184.077641702981,2184.0776491155666,2184.1051512338527,2185.0884669290353,2185.105132702389,2186.088490877388,2186.088490877388,2186.421815752772,2186.322030945834,2186.3220406392174,2186.421815752772,2186.421815752772,2186.421815752772,2186.421815752772,2186.421815752772,2186.421815752772,0.09424389915875508,2191.023170032171,[-320.0],[-309.0],[1],[0],[0],[4.600059642805718],2191.0241995262804,2191.0274428176053,None,,,,,,,,,,,,,ED27,001,2024-01-30_17h40.12.874,rating,2023.2.3,60.03320394045856,2024-01-30 17h40.24.843199 +0800,
neg_68.jpg,0,294,294,157,2191.0551924022147,,,,,,,,,,,,,,,,,,,,,,,2191.027678594848,,2191.0277116663856,2191.0277193640686,2191.0551924022147,2192.038529194753,2192.055218061163,2193.03854088383,2193.03854088383,2193.3718797290894,2193.2720795267815,2193.272088649963,2193.3718797290894,2193.3718797290894,2193.3718797290894,2193.3718797290894,2193.3718797290894,2193.3718797290894,0.0942225166982098,2196.3732647422075,[-323.0],[93.0],[1],[0],[0],[3.0000929424204514],2196.374294236317,2196.377570028977,None,,,,,,,,,,,,,ED27,001,2024-01-30_17h40.12.874,rating,2023.2.3,60.03320394045856,2024-01-30 17h40.24.843199 +0800,
neg_133.jpg,0,295,295,38,2196.4052412112396,,,,,,,,,,,,,,,,,,,,,,,2196.377805236025,,2196.37783773736,2196.3778454350468,2196.4052412112396,2197.388610505117,2197.405247483428,2198.3886022372317,2198.3886022372317,2198.7219866984015,2198.6221659689327,2198.622174521919,2198.7219866984015,2198.7219866984015,2198.7219866984015,2198.7219866984015,2198.7219866984015,2198.7219866984015,0.09420227463851916,2202.9232877212235,[-338.0],[-114.0],[1],[0],[0],[4.2000120882185],2202.9243146494373,2202.9275057675623,None,,,,,,,,,,,,,ED27,001,2024-01-30_17h40.12.874,rating,2023.2.3,60.03320394045856,2024-01-30 17h40.24.843199 +0800,
neu_5.jpg,0,296,296,329,2202.955301823382,,,,,,,,,,,,,,,,,,,,,,,2202.927741829906,,2202.9277777524367,2202.927785165022,2202.955301823382,2203.938641752018,2203.9553417373063,2204.938646313607,2204.938646313607,2205.271995422445,2205.172186667154,2205.172195505238,2205.271995422445,2205.271995422445,2205.271995422445,2205.271995422445,2205.271995422445,2205.271995422445,0.09427326439981698,2209.6733664086714,[108.0],[99.0],[1],[0],[0],[4.400085757915804],2209.674428689217,2209.677611539457,None,,,,,,,,,,,,,ED27,001,2024-01-30_17h40.12.874,rating,2023.2.3,60.03320394045856,2024-01-30 17h40.24.843199 +0800,
neu_73.jpg,0,297,297,355,2209.7053696770527,,,,,,,,,,,,,,,,,,,,,,,2209.677847886902,,2209.677880673338,2209.6778883710213,2209.7053696770527,2210.688707324891,2210.7053765194396,2211.688714167278,2211.688714167278,2212.0220578592234,2211.9223132513107,2211.922322374492,2212.0220578592234,2212.0220578592234,2212.0220578592234,2212.0220578592234,2212.0220578592234,2212.0220578592234,0.09423163987958105,2214.523529257476,[289.0],[-45.0],[1],[0],[0],[2.5001676384745224],2214.5245869764294,2214.527772962767,None,,,,,,,,,,,,,ED27,001,2024-01-30_17h40.12.874,rating,2023.2.3,60.03320394045856,2024-01-30 17h40.24.843199 +0800,
neu_71.jpg,0,298,298,353,2214.555413924485,,,,,,,,,,,,,,,,,,,,,,,2214.52800788471,,2214.528040386049,2214.5280477986344,2214.555413924485,2215.5387843587596,2215.555418771175,2216.5387960478365,2216.5387960478365,2216.8721297613047,2216.7723153040242,2216.772324142108,2216.8721297613047,2216.8721297613047,2216.8721297613047,2216.8721297613047,2216.8721297613047,2216.8721297613047,0.09414325905163423,2219.573447890092,[334.0],[-179.0],[1],[0],[0],[2.700025772988738],2219.5744776693027,2219.5776573834482,None,,,,,,,,,,,,,ED27,001,2024-01-30_17h40.12.874,rating,2023.2.3,60.03320394045856,2024-01-30 17h40.24.843199 +0800,
neg_84.jpg,0,299,299,175,2219.6054608518534,,,,,,,,,,,,,,,,,,,,,,,2219.5778937308933,,2219.5779265173296,2219.5779342150126,2219.6054608518534,2220.5887759768375,2220.605441750191,2221.588807052678,2221.588807052678,2221.922148178728,2221.8223590952985,2221.8223679333823,2221.922148178728,2221.922148178728,2221.922148178728,2221.922148178728,2221.922148178728,2221.922148178728,0.0942746898981568,2224.523532963769,[-55.0],[-262.0],[1],[0],[0],[2.600049664324615],2224.524563028077,2237.1727753975138,space,2224.5389434442513,2224.5389434442513,12.622425124332949,None,,,,,,,,,ED27,001,2024-01-30_17h40.12.874,rating,2023.2.3,60.03320394045856,2024-01-30 17h40.24.843199 +0800,
neu_11.jpg,0,300,300,204,2237.1889567869075,,,,,,,,,,,,,,,,,,,,,,,2237.173156290377,2237.1889567869075,2238.172599776255,2238.172608329238,2238.205652210603,2239.1723109705126,2239.205641091725,2240.172316387401,2240.172316387401,2240.5056560879566,2240.405848758164,2240.4058578813456,2240.5056560879566,2240.5056560879566,2240.5056560879566,2240.5056560879566,2240.5056560879566,2240.5056560879566,0.08271020097163273,2244.00715371536,[296.0],[-231.0],[1],[0],[0],[3.5001764765584085],2244.008190051856,2244.0113902931625,None,,,,,2238.205652210603,,,,,,,,ED27,001,2024-01-30_17h40.12.874,rating,2023.2.3,60.03320394045856,2024-01-30 17h40.24.843199 +0800,
neu_100.jpg,0,301,301,194,2244.039044939658,,,,,,,,,,,,,,,,,,,,,,,2244.0116283512034,,2244.011662278037,2244.01166997572,2244.039044939658,2245.0223637709314,2245.039065181718,2246.0223766004056,2246.0223766004056,2246.3557131648668,2246.255963425163,2246.2559725483443,2246.3557131648668,2246.3557131648668,2246.3557131648668,2246.3557131648668,2246.3557131648668,2246.3557131648668,0.09410591102277976,2248.9572618820894,[167.0],[-106.0],[1],[0],[0],[2.6002135965063644],2248.9582585897624,2248.9614579757726,None,,,,,,,,,,,,,ED27,001,2024-01-30_17h40.12.874,rating,2023.2.3,60.03320394045856,2024-01-30 17h40.24.843199 +0800,
neu_181.jpg,0,302,302,283,2248.9890715679467,,,,,,,,,,,,,,,,,,,,,,,2248.9616857702313,,2248.9617154205735,2248.9617222629604,2248.9890715679467,2249.9724126369765,2249.989079550731,2250.9724146326735,2250.9724146326735,2251.3057549034274,2251.2059726623847,2251.205981785566,2251.3057549034274,2251.3057549034274,2251.3057549034274,2251.3057549034274,2251.3057549034274,2251.3057549034274,0.09409621764280018,2254.8071347847545,[213.0],[183.0],[1],[0],[0],[3.500048466907174],2254.8081343434205,2254.81135967348,None,,,,,,,,,,,,,ED27,001,2024-01-30_17h40.12.874,rating,2023.2.3,60.03320394045856,2024-01-30 17h40.24.843199 +0800,
neu_15.jpg,0,303,303,248,2254.839139193533,,,,,,,,,,,,,,,,,,,,,,,2254.811596591124,,2254.811628237163,2254.811635934846,2254.839139193533,2255.8224939473403,2255.8391505975123,2256.8225087725114,2256.8225087725114,2257.155816256829,2257.056026033002,2257.0560351561835,2257.155816256829,2257.155816256829,2257.155816256829,2257.155816256829,2257.155816256829,2257.155816256829,0.09424076306459028,2259.8572213409498,[-57.0],[179.0],[1],[0],[0],[2.7000822226837045],2259.8582705069202,2259.8614724588224,None,,,,,,,,,,,,,ED27,001,2024-01-30_17h40.12.874,rating,2023.2.3,60.03320394045856,2024-01-30 17h40.24.843199 +0800,
neu_120.jpg,0,304,304,216,2259.889174146727,,,,,,,,,,,,,,,,,,,,,,,2259.861709376466,,2259.8617413076026,2259.861748720188,2259.889174146727,2260.872538308813,2260.889182414612,2261.8725226283423,2261.8725226283423,2262.2058985365293,2262.10608835574,2262.106097193824,2262.2058985365293,2262.2058985365293,2262.2058985365293,2262.2058985365293,2262.2058985365293,2262.2058985365293,0.09421082762128208,2265.807511971325,[-17.0],[37.0],[1],[0],[0],[3.6002016223283135],2265.808515806486,2265.811724600775,None,,,,,,,,,,,,,ED27,001,2024-01-30_17h40.12.874,rating,2023.2.3,60.03320394045856,2024-01-30 17h40.24.843199 +0800,
neg_178.jpg,0,305,305,87,2265.839280032662,,,,,,,,,,,,,,,,,,,,,,,2265.8119615184187,,2265.811994019754,2265.8120014323395,2265.839280032662,2266.8225991490363,2266.8392369826433,2267.8225803324713,2267.8225803324713,2268.1559402750863,2268.0561186903215,2268.0561275284053,2268.1559402750863,2268.1559402750863,2268.1559402750863,2268.1559402750863,2268.1559402750863,2268.1559402750863,0.09399956892957562,2271.4573171913835,[-155.0],[92.0],[1],[0],[0],[3.3000449316714366],2271.4583657871553,2271.4616042317903,None,,,,,,,,,,,,,ED27,001,2024-01-30_17h40.12.874,rating,2023.2.3,60.03320394045856,2024-01-30 17h40.24.843199 +0800,
neu_145.jpg,0,306,306,243,2271.489327587249,,,,,,,,,,,,,,,,,,,,,,,2271.4618206222694,,2271.461870514675,2271.461877357062,2271.489327587249,2272.4726233254696,2272.4892888137256,2273.4726330188496,2273.4726330188496,2273.8059909657677,2273.706186201871,2273.7061953250522,2273.8059909657677,2273.8059909657677,2273.8059909657677,2273.8059909657677,2273.8059909657677,2273.8059909657677,0.09417576038686093,2277.207393598037,[282.0],[71.0],[1],[0],[0],[3.4000749241349695],2277.208458729576,2277.2116837745343,None,,,,,,,,,,,,,ED27,001,2024-01-30_17h40.12.874,rating,2023.2.3,60.03320394045856,2024-01-30 17h40.24.843199 +0800,
neg_30.jpg,0,307,307,116,2277.2393378508314,,,,,,,,,,,,,,,,,,,,,,,2277.2119172709827,,2277.2119486319207,2277.2119557594087,2277.2393378508314,2278.2226786347637,2278.23934811441,2279.2226863324468,2279.2226863324468,2279.5560419985704,2279.4562409409664,2279.456249493949,2279.5560419985704,2279.5560419985704,2279.5560419985704,2279.5560419985704,2279.5560419985704,2279.5560419985704,0.09414696534440736,2283.2576189976608,[-348.0],[354.0],[1],[0],[0],[3.700152642242756],2283.2586336665954,2283.261837329097,None,,,,,,,,,,,,,ED27,001,2024-01-30_17h40.12.874,rating,2023.2.3,60.03320394045856,2024-01-30 17h40.24.843199 +0800,
neg_175.jpg,0,308,308,84,2283.2893973225764,,,,,,,,,,,,,,,,,,,,,,,2283.2620722510437,,2283.2621053225776,2283.262113020264,2283.2893973225764,2284.272765476053,2284.289442938487,2285.272766901551,2285.272766901551,2285.6060142298847,2285.5062864428364,2285.5062952809203,2285.6060142298847,2285.6060142298847,2285.6060142298847,2285.6060142298847,2285.6060142298847,2285.6060142298847,0.09396393149654614,2287.807440126264,[-372.0],[257.0],[1],[0],[0],[2.20010417533922],2287.808449663411,2287.811518188777,None,,,,,,,,,,,,,ED27,001,2024-01-30_17h40.12.874,rating,2023.2.3,60.03320394045856,2024-01-30 17h40.24.843199 +0800,
neu_68.jpg,0,309,309,349,2287.8394391181537,,,,,,,,,,,,,,,,,,,,,,,2287.8117573872114,,2287.8117901736478,2287.8117975862333,2287.8394391181537,2288.8228007143443,2288.8394439648437,2289.82278788487,2289.82278788487,2290.156053174469,2290.05633194471,2290.0563413529926,2290.156053174469,2290.156053174469,2290.156053174469,2290.156053174469,2290.156053174469,2290.156053174469,0.0943165995158779,2294.5575501746534,[352.0],[106.0],[1],[0],[0],[4.400152186084597],2294.558598485324,2294.561770786888,None,,,,,,,,,,,,,ED27,001,2024-01-30_17h40.12.874,rating,2023.2.3,60.03320394045856,2024-01-30 17h40.24.843199 +0800,
neg_166.jpg,0,310,310,74,2294.5895066867233,,,,,,,,,,,,,,,,,,,,,,,2294.5620114108206,,2294.562043341961,2294.5620507545464,2294.5895066867233,2295.5728440494604,2295.58953377117,2296.572846615356,2296.572846615356,2296.9061917328,2296.806386968903,2296.8063960920845,2296.9061917328,2296.9061917328,2296.9061917328,2296.9061917328,2296.9061917328,2296.9061917328,0.09420370013685897,2303.407709887364,[-227.0],[-184.0],[1],[0],[0],[6.500154523902893],2303.4087784400945,2303.411974404913,None,,,,,,,,,,,,,ED27,001,2024-01-30_17h40.12.874,rating,2023.2.3,60.03320394045856,2024-01-30 17h40.24.843199 +0800,
neu_155.jpg,0,311,311,254,2303.4396433063775,,,,,,,,,,,,,,,,,,,,,,,2303.4122141735497,,2303.4122472450836,2303.4122549427702,2303.4396433063775,2304.42292707042,2304.4396022520596,2305.4229344830055,2305.4229344830055,2305.7562009130015,2305.656519597167,2305.656528435251,2305.7562009130015,2305.7562009130015,2305.7562009130015,2305.7562009130015,2305.7562009130015,2305.7562009130015,0.09400755171736819,2310.257754704995,[92.0],[-99.0],[1],[0],[0],[4.500177046760655],2310.258851767674,2310.2620842252218,None,,,,,,,,,,,,,ED27,001,2024-01-30_17h40.12.874,rating,2023.2.3,60.03320394045856,2024-01-30 17h40.24.843199 +0800,
neu_179.jpg,0,312,312,280,2310.2896490653875,,,,,,,,,,,,,,,,,,,,,,,2310.2623237087573,,2310.262355924995,2310.262363622678,2310.2896490653875,2311.273013512575,2311.2896579034714,2312.2730386013245,2312.2730386013245,2312.6230440752333,2312.506533338961,2312.50654274724,2312.6230440752333,2312.6230440752333,2312.6230440752333,2312.6230440752333,2312.6230440752333,2312.6230440752333,0.11074545522933477,2317.1244607343942,[14.0],[-181.0],[1],[0],[0],[4.500036492729123],2317.1255252957344,2317.1287352304244,None,,,,,,,,,,,,,ED27,001,2024-01-30_17h40.12.874,rating,2023.2.3,60.03320394045856,2024-01-30 17h40.24.843199 +0800,
neu_67.jpg,0,313,313,348,2317.156379043139,,,,,,,,,,,,,,,,,,,,,,,2317.1289732884616,,2317.1290057898004,2317.129013487487,2317.156379043139,2318.139723248263,2318.156432071635,2319.139732371448,2319.139732371448,2319.489754381124,2319.37328869056,2319.3732992392397,2319.489754381124,2319.489754381124,2319.489754381124,2319.489754381124,2319.489754381124,2319.489754381124,0.11080361551648821,2321.9911741763754,[311.0],[-261.0],[1],[0],[0],[2.5000439053146692],2321.9921991088922,2321.9954261495513,None,,,,,,,,,,,,,ED27,001,2024-01-30_17h40.12.874,rating,2023.2.3,60.03320394045856,2024-01-30 17h40.24.843199 +0800,
neg_45.jpg,0,314,314,132,2322.0231113016853,,,,,,,,,,,,,,,,,,,,,,,2321.995663922491,,2321.9956967089274,2321.995704121513,2322.0231113016853,2323.006462349196,2323.0231007530056,2324.0064526558162,2324.0064526558162,2324.3564535681326,2324.2399781841923,2324.239986737175,2324.3564535681326,2324.3564535681326,2324.3564535681326,2324.3564535681326,2324.3564535681326,2324.3564535681326,0.11081188340176595,2328.0579002767736,[-328.0],[119.0],[1],[0],[0],[3.7000628359164693],2328.058964267915,2328.0621884575776,None,,,,,,,,,,,,,ED27,001,2024-01-30_17h40.12.874,rating,2023.2.3,60.03320394045856,2024-01-30 17h40.24.843199 +0800,
neg_110.jpg,0,315,315,13,2328.089818300421,,,,,,,,,,,,,,,,,,,,,,,2328.062427085817,,2328.062459302055,2328.062466999738,2328.089818300421,2329.073159654552,2329.089846525265,2330.0731653565417,2330.0731653565417,2330.423179668531,2330.3067484750027,2330.306757883285,2330.423179668531,2330.423179668531,2330.423179668531,2330.423179668531,2330.423179668531,2330.423179668531,0.11077681617098278,2332.224588230867,[-345.0],[276.0],[1],[0],[0],[1.8000546250550542],2332.2256068911956,2332.2288199619798,None,,,,,,,,,,,,,ED27,001,2024-01-30_17h40.12.874,rating,2023.2.3,60.03320394045856,2024-01-30 17h40.24.843199 +0800,
neu_161.jpg,0,316,316,261,2332.2565909290497,,,,,,,,,,,,,,,,,,,,,,,2332.2290540286267,,2332.2290865299656,2332.2290942276486,2332.2565909290497,2333.239887237465,2333.256531913463,2334.239871271897,2334.239871271897,2334.5898807371996,2334.473422459221,2334.473431297305,2334.5898807371996,2334.5898807371996,2334.5898807371996,2334.5898807371996,2334.5898807371996,2334.5898807371996,0.11084980162559077,2339.191306291461,[385.0],[169.0],[1],[0],[0],[4.600069621286821],2339.1923337898734,2339.1956058762407,None,,,,,,,,,,,,,ED27,001,2024-01-30_17h40.12.874,rating,2023.2.3,60.03320394045856,2024-01-30 17h40.24.843199 +0800,
neu_122.jpg,0,317,317,218,2339.2232576717433,,,,,,,,,,,,,,,,,,,,,,,2339.195846500177,,2339.195886699199,2339.195893541586,2339.2232576717433,2340.2066184126343,2340.2232647992278,2341.2066058682612,2341.2066058682612,2341.5566119123687,2341.4401824294364,2341.4401915526178,2341.5566119123687,2341.5566119123687,2341.5566119123687,2341.5566119123687,2341.5566119123687,2341.5566119123687,0.11077938206290128,2345.8580826263824,[317.0],[77.0],[1],[0],[0],[4.300072871421435],2345.8591816847547,2345.862474583384,None,,,,,,,,,,,,,ED27,001,2024-01-30_17h40.12.874,rating,2023.2.3,60.03320394045856,2024-01-30 17h40.24.843199 +0800,
neg_95.jpg,0,318,318,187,2345.8899852546565,,,,,,,,,,,,,,,,,,,,,,,2345.862832383191,,2345.8628645994286,2345.862872012014,2345.8899852546565,2346.873371369402,2346.8899901013465,2347.87333601707,2347.87333601707,2348.223342916477,2348.106898893471,2348.106907731555,2348.223342916477,2348.223342916477,2348.223342916477,2348.223342916477,2348.223342916477,2348.223342916477,0.11053562203596812,2351.124813687511,[-49.0],[-164.0],[1],[0],[0],[2.9000991575885564],2351.1258380498293,2351.129063094788,None,,,,,,,,,,,,,ED27,001,2024-01-30_17h40.12.874,rating,2023.2.3,60.03320394045856,2024-01-30 17h40.24.843199 +0800,
neu_191.jpg,0,319,319,294,2351.156736842946,,,,,,,,,,,,,,,,,,,,,,,2351.1293079952156,,2351.1293422071503,2351.129350760133,2351.156736842946,2352.140045125543,2352.156741689636,2353.1400502573306,2353.1400502573306,2353.4900793944944,2353.3736191208227,2353.3736279589066,2353.4900793944944,2353.4900793944944,2353.4900793944944,2353.4900793944944,2353.4900793944944,2353.4900793944944,0.11079278173929197,2356.291523879361,[77.0],[-290.0],[1],[0],[0],[2.800058046246704],2356.292563637049,2356.2958211833466,None,,,,,,,,,,,,,ED27,001,2024-01-30_17h40.12.874,rating,2023.2.3,60.03320394045856,2024-01-30 17h40.24.843199 +0800,
neg_149.jpg,0,320,320,55,2356.323422231144,,,,,,,,,,,,,,,,,,,,,,,2356.2960563903907,,2356.2960888917296,2356.296096304315,2356.323422231144,2357.3067581683863,2357.3234245119384,2358.3067955164115,2358.3067955164115,2358.6567756164695,2358.5403347295614,2358.540343852743,2358.6567756164695,2358.6567756164695,2358.6567756164695,2358.6567756164695,2358.6567756164695,2358.6567756164695,0.11074260423629312,2360.558252944793,[-432.0],[378.0],[1],[0],[0],[1.9000227509350225],2360.5592784475084,2360.5625063434636,None,,,,,,,,,,,,,ED27,001,2024-01-30_17h40.12.874,rating,2023.2.3,60.03320394045856,2024-01-30 17h40.24.843199 +0800,
neu_43.jpg,0,321,321,322,2360.590171253538,,,,,,,,,,,,,,,,,,,,,,,2360.5627421207064,,2360.5627757624425,2360.5627834601255,2360.590171253538,2361.57346556626,2361.5901638409523,2362.573473263943,2362.573473263943,2362.9235029713054,2362.807051820815,2362.807060658899,2362.9235029713054,2362.9235029713054,2362.9235029713054,2362.9235029713054,2362.9235029713054,2362.9235029713054,0.11078280325818923,2368.124951105445,[209.0],[-107.0],[1],[0],[0],[5.20005456803483],2368.1259860164428,2368.129188253446,None,,,,,,,,,,,,,ED27,001,2024-01-30_17h40.12.874,rating,2023.2.3,60.03320394045856,2024-01-30 17h40.24.843199 +0800,
neg_139.jpg,0,322,322,44,2368.1568751161794,,,,,,,,,,,,,,,,,,,,,,,2368.129401792936,,2368.1294328687727,2368.129439426062,2368.1568751161794,2369.1402096279235,2369.1568662780955,2370.1402227424987,2370.1402227424987,2370.4902515945614,2370.3737625258436,2370.3737713639275,2370.4902515945614,2370.4902515945614,2370.4902515945614,2370.4902515945614,2370.4902515945614,2370.4902515945614,0.11089313674528967,2375.7918269400725,[-333.0],[382.0],[1],[0],[0],[5.300059471745044],2375.7929439597137,2375.796169859972,None,,,,,,,,,,,,,ED27,001,2024-01-30_17h40.12.874,rating,2023.2.3,60.03320394045856,2024-01-30 17h40.24.843199 +0800,
neu_77.jpg,0,323,323,359,2375.8236007033993,,,,,,,,,,,,,,,,,,,,,,,2375.7964082031103,,2375.7964435554422,2375.7964515382264,2375.8236007033993,2376.806963439987,2376.8236323494384,2377.806975984364,2377.806975984364,2378.156994572848,2378.040487827966,2378.0404966660462,2378.156994572848,2378.156994572848,2378.156994572848,2378.156994572848,2378.156994572848,2378.156994572848,0.11060689689475112,2382.958422521944,[275.0],[217.0],[1],[0],[0],[4.800031531998684],2382.959460283935,2382.9626833332004,None,,,,,,,,,,,,,ED27,001,2024-01-30_17h40.12.874,rating,2023.2.3,60.03320394045856,2024-01-30 17h40.24.843199 +0800,
neu_95.jpg,0,324,324,379,2382.990339690292,,,,,,,,,,,,,,,,,,,,,,,2382.962927948527,,2382.962959594566,2382.9629670071517,2382.990339690292,2383.9736784785273,2383.990340545588,2384.973708699068,2384.973708699068,2385.3236936458197,2385.2072199724716,2385.207229095653,2385.3236936458197,2385.3236936458197,2385.3236936458197,2385.3236936458197,2385.3236936458197,2385.3236936458197,0.11079050094485865,2389.2251769612267,[338.0],[-343.0],[1],[0],[0],[3.9000387165069696],2389.2262227060055,2389.2294297896988,None,,,,,,,,,,,,,ED27,001,2024-01-30_17h40.12.874,rating,2023.2.3,60.03320394045856,2024-01-30 17h40.24.843199 +0800,
neg_151.jpg,0,325,325,58,2389.257083010696,,,,,,,,,,,,,,,,,,,,,,,2389.229664141447,,2389.229696642782,2389.2297040553676,2389.257083010696,2390.240416382043,2390.2571177928294,2391.2404138161473,2391.2404138161473,2391.5904375364225,2391.4739393445234,2391.4739481826073,2391.5904375364225,2391.5904375364225,2391.5904375364225,2391.5904375364225,2391.5904375364225,2391.5904375364225,0.11079534763484844,2394.4419306592536,[-129.0],[361.0],[1],[0],[0],[2.850059642805718],2394.4430154626534,2394.4460931112008,None,,,,,,,,,,,,,ED27,001,2024-01-30_17h40.12.874,rating,2023.2.3,60.03320394045856,2024-01-30 17h40.24.843199 +0800,
neg_126.jpg,0,326,326,30,2394.473778548432,,,,,,,,,,,,,,,,,,,,,,,2394.4463271778477,,2394.4463556877927,2394.4463625301796,2394.473778548432,2395.4571196174657,2395.473789097112,2396.457130451243,2396.457130451243,2396.8071350698556,2396.6906673835983,2396.6906765067797,2396.8071350698556,2396.8071350698556,2396.8071350698556,2396.8071350698556,2396.8071350698556,2396.8071350698556,0.11083383605728159,2399.3086364035516,[-51.0],[312.0],[1],[0],[0],[2.500052458297432],2399.3096938374038,2399.312936843631,None,,,,,,,,,,,,,ED27,001,2024-01-30_17h40.12.874,rating,2023.2.3,60.03320394045856,2024-01-30 17h40.24.843199 +0800,
neu_113.jpg,0,327,327,208,2399.340517649369,,,,,,,,,,,,,,,,,,,,,,,2399.313172620874,,2399.3132056924114,2399.3132136751956,2399.340517649369,2400.3238410422346,2400.340501968898,2401.323838191238,2401.323838191238,2401.673847086342,2401.557374553391,2401.557383391475,2401.673847086342,2401.673847086342,2401.673847086342,2401.673847086342,2401.673847086342,2401.673847086342,0.11069641812719055,2405.8753434022874,[71.0],[-360.0],[1],[0],[0],[4.200049721341202],2405.876435048074,2405.8796424168686,None,,,,,,,,,,,,,ED27,001,2024-01-30_17h40.12.874,rating,2023.2.3,60.03320394045856,2024-01-30 17h40.24.843199 +0800,
neg_111.jpg,0,328,328,14,2405.9072223673065,,,,,,,,,,,,,,,,,,,,,,,2405.8798801898083,,2405.879912691147,2405.87992038883,2405.9072223673065,2406.890561440643,2406.9072537282445,2407.8905645767372,2407.8905645767372,2408.240575182437,2408.124166511763,2408.124175064746,2408.240575182437,2408.240575182437,2408.240575182437,2408.240575182437,2408.240575182437,2408.240575182437,0.11071580488714972,2412.4921127237612,[-153.0],[130.0],[1],[0],[0],[4.2500826788418635],2412.4932266073047,2412.496472464525,None,,,,,,,,,,,,,ED27,001,2024-01-30_17h40.12.874,rating,2023.2.3,60.03320394045856,2024-01-30 17h40.24.843199 +0800,
neu_148.jpg,0,329,329,246,2412.523948068567,,,,,,,,,,,,,,,,,,,,,,,2412.496684008318,,2412.4967145139562,2412.4967210712457,2412.523948068567,2413.5072882823006,2413.523954055654,2414.5072962650847,2414.5072962650847,2414.8573045899866,2414.7408488779074,2414.7408577159877,2414.8573045899866,2414.8573045899866,2414.8573045899866,2414.8573045899866,2414.8573045899866,2414.8573045899866,0.11064652572167688,2418.1421081051485,[388.0],[80.0],[1],[0],[0],[3.283369179836882],2418.143142445948,2436.7746904675296,space,2418.1572528729484,2418.1572528729484,18.612962103441532,None,,,,,,,,,ED27,001,2024-01-30_17h40.12.874,rating,2023.2.3,60.03320394045856,2024-01-30 17h40.24.843199 +0800,
neg_36.jpg,0,330,330,122,2436.7908422065775,,,,,,,,,,,,,,,,,,,,,,,2436.7751198273,2436.7908422065775,2437.7744181975577,2437.774427035638,2437.807533923984,2438.774199811378,2438.80753078789,2439.77420522827,2439.77420522827,2440.124211557475,2440.0077393096253,2440.007748147709,2440.124211557475,2440.124211557475,2440.124211557475,2440.124211557475,2440.124211557475,2440.124211557475,0.0993349200070952,2443.6924960114593,[104.0],[184.0],[1],[0],[0],[3.566786256382329],2443.693548028423,2443.696808425717,None,,,,,2437.807533923984,,,,,,,,ED27,001,2024-01-30_17h40.12.874,rating,2023.2.3,60.03320394045856,2024-01-30 17h40.24.843199 +0800,
neg_129.jpg,0,331,331,33,2443.7242446860328,,,,,,,,,,,,,,,,,,,,,,,2443.6970253863947,,2443.6970558920366,2443.6970627344235,2443.7242446860328,2444.707593167648,2444.72425067312,2445.7075965888434,2445.7075965888434,2446.057639410781,2445.94116773313,2445.9411771414125,2446.057639410781,2446.057639410781,2446.057639410781,2446.057639410781,2446.057639410781,2446.057639410781,0.11063854293752229,2448.675819689426,[-310.0],[82.0],[1],[0],[0],[2.616684076740057],2448.676939560057,2448.680166600716,None,,,,,,,,,,,,,ED27,001,2024-01-30_17h40.12.874,rating,2023.2.3,60.03320394045856,2024-01-30 17h40.24.843199 +0800,
neu_66.jpg,0,332,332,347,2448.707625383886,,,,,,,,,,,,,,,,,,,,,,,2448.6804020928575,,2448.6804343090953,2448.680441721681,2448.707625383886,2449.6909881204774,2449.707630515677,2450.6909752910033,2450.6909752910033,2451.040982190407,2450.9245281889234,2450.924537597206,2451.040982190407,2451.040982190407,2451.040982190407,2451.040982190407,2451.040982190407,2451.040982190407,0.11060347570310114,2453.1424545009795,[20.0],[31.0],[1],[0],[0],[2.1000394007460272],2453.1435070881416,2453.146709610246,None,,,,,,,,,,,,,ED27,001,2024-01-30_17h40.12.874,rating,2023.2.3,60.03320394045856,2024-01-30 17h40.24.843199 +0800,
neu_53.jpg,0,333,333,333,2453.1743528527622,,,,,,,,,,,,,,,,,,,,,,,2453.146943961994,,2453.1469847312146,2453.1469915736016,2453.1743528527622,2454.1576808072205,2454.174362546142,2455.1576896453043,2455.1576896453043,2455.5076891321223,2455.3912548025,2455.3912642107825,2455.5076891321223,2455.5076891321223,2455.5076891321223,2455.5076891321223,2455.5076891321223,2455.5076891321223,0.11075942510433379,2459.359213615895,[128.0],[-81.0],[1],[0],[0],[3.8500627788962447],2459.3602696242524,2459.363547697707,None,,,,,,,,,,,,,ED27,001,2024-01-30_17h40.12.874,rating,2023.2.3,60.03320394045856,2024-01-30 17h40.24.843199 +0800,
neu_136.jpg,0,334,334,233,2459.391060934875,,,,,,,,,,,,,,,,,,,,,,,2459.3637814792564,,2459.363813410393,2459.3638208229786,2459.391060934875,2460.3744002933126,2460.391064926269,2461.3744088462954,2461.3744088462954,2461.7244154606014,2461.607940646856,2461.60794948494,2461.7244154606014,2461.7244154606014,2461.7244154606014,2461.7244154606014,2461.7244154606014,2461.7244154606014,0.11065678930026479,2464.6426352540293,[299.0],[-294.0],[1],[0],[0],[2.916719029934029],2464.6436986749723,2464.646904333171,None,,,,,,,,,,,,,ED27,001,2024-01-30_17h40.12.874,rating,2023.2.3,60.03320394045856,2024-01-30 17h40.24.843199 +0800,
neg_58.jpg,0,335,335,146,2464.674458909758,,,,,,,,,,,,,,,,,,,,,,,2464.647142391208,,2464.647174037247,2464.647181734934,2464.674458909758,2465.657812238067,2465.6744646117477,2466.657801404286,2466.657801404286,2467.007823699063,2466.8913428982305,2466.8913517363144,2467.007823699063,2467.007823699063,2467.007823699063,2467.007823699063,2467.007823699063,2467.007823699063,0.11070953270245809,2474.242930103879,[-323.0],[144.0],[1],[0],[0],[7.233514694598853],2474.2440531106076,2474.2473001082253,None,,,,,,,,,,,,,ED27,001,2024-01-30_17h40.12.874,rating,2023.2.3,60.03320394045856,2024-01-30 17h40.24.843199 +0800,
neg_42.jpg,0,336,336,129,2474.2745339479334,,,,,,,,,,,,,,,,,,,,,,,2474.2475401619595,,2474.247569527204,2474.247576369591,2474.2745339479334,2475.257907233201,2475.2745387946234,2476.2579414451357,2476.2579414451357,2476.6078910395518,2476.491432476476,2476.491441599661,2476.6078910395518,2476.6078910395518,2476.6078910395518,2476.6078910395518,2476.6078910395518,2476.6078910395518,0.1104093229805585,2479.642745017318,[-183.0],[-78.0],[1],[0],[0],[3.0333563503627374],2479.64380245117,2479.6469681954477,None,,,,,,,,,,,,,ED27,001,2024-01-30_17h40.12.874,rating,2023.2.3,60.03320394045856,2024-01-30 17h40.24.843199 +0800,
neu_183.jpg,0,337,337,285,2479.6745852088134,,,,,,,,,,,,,,,,,,,,,,,2479.6472068236835,,2479.647236188928,2479.647243031315,2479.6745852088134,2480.6579428136138,2480.6746256929364,2481.6579345457285,2481.6579345457285,2482.0079847802517,2481.891487158551,2481.891495996635,2482.0079847802517,2482.0079847802517,2482.0079847802517,2482.0079847802517,2482.0079847802517,2482.0079847802517,0.1108053261123132,2483.7594886798433,[46.0],[-72.0],[1],[0],[0],[1.7499598009781039],2483.760655591883,2483.764021190873,None,,,,,,,,,,,,,ED27,001,2024-01-30_17h40.12.874,rating,2023.2.3,60.03320394045856,2024-01-30 17h40.24.843199 +0800,
neu_24.jpg,0,338,338,301,2483.7913203183525,,,,,,,,,,,,,,,,,,,,,,,2483.764257253217,,2483.7642963118415,2483.7643031542284,2483.7913203183525,2484.774657395992,2484.791338279618,2485.7746628128843,2485.7746628128843,2486.1246708526887,2486.008177792577,2486.008186915762,2486.1246708526887,2486.1246708526887,2486.1246708526887,2486.1246708526887,2486.1246708526887,2486.1246708526887,0.11044553060855833,2490.79292457295,[276.0],[-138.0],[1],[0],[0],[4.666694226281834],2490.793988849189,2490.797191941492,None,,,,,,,,,,,,,ED27,001,2024-01-30_17h40.12.874,rating,2023.2.3,60.03320394045856,2024-01-30 17h40.24.843199 +0800,
neg_156.jpg,0,339,339,63,2490.8246937746844,,,,,,,,,,,,,,,,,,,,,,,2490.79742714854,,2490.7974599349764,2490.797467347562,2490.8246937746844,2491.8080299970243,2491.824697195876,2492.8080565112723,2492.8080565112723,2493.1580782358506,2493.041592588328,2493.0416017115094,2493.1580782358506,2493.1580782358506,2493.1580782358506,2493.1580782358506,2493.1580782358506,2493.1580782358506,0.1106787419594184,2497.1263024768305,[-94.0],[350.0],[1],[0],[0],[3.966720626489405],2497.127373310359,2497.1306702003785,None,,,,,,,,,,,,,ED27,001,2024-01-30_17h40.12.874,rating,2023.2.3,60.03320394045856,2024-01-30 17h40.24.843199 +0800,
neg_101.jpg,0,340,340,3,2497.1580850782375,,,,,,,,,,,,,,,,,,,,,,,2497.130907118022,,2497.1309407597582,2497.1309484574413,2497.1580850782375,2498.14142586217,2498.158092775924,2499.141431849257,2499.141431849257,2499.491437893368,2499.374995580958,2499.375004704143,2499.491437893368,2499.491437893368,2499.491437893368,2499.491437893368,2499.491437893368,2499.491437893368,0.11055187270176248,2504.9763797958003,[-286.0],[-71.0],[1],[0],[0],[5.483429449861433],2504.9774503442313,2504.980763199819,None,,,,,,,,,,,,,ED27,001,2024-01-30_17h40.12.874,rating,2023.2.3,60.03320394045856,2024-01-30 17h40.24.843199 +0800,
neg_146.jpg,0,341,341,52,2505.0081618270087,,,,,,,,,,,,,,,,,,,,,,,2504.980996126069,,2504.9810289125053,2504.981036610192,2505.0081618270087,2505.9914969089514,2506.0081646780054,2506.9915157255164,2506.9915157255164,2507.3415123613413,2507.225047526077,2507.225056649262,2507.3415123613413,2507.3415123613413,2507.3415123613413,2507.3415123613413,2507.3415123613413,2507.3415123613413,0.11054132402568939,2514.343124598723,[-337.0],[-158.0],[1],[0],[0],[7.000109763288492],2514.344189730262,2514.34741163913,None,,,,,,,,,,,,,ED27,001,2024-01-30_17h40.12.874,rating,2023.2.3,60.03320394045856,2024-01-30 17h40.24.843199 +0800,
neg_39.jpg,0,342,342,125,2514.374928582587,,,,,,,,,,,,,,,,,,,,,,,2514.347648841871,,2514.347681343206,2514.3476887557918,2514.374928582587,2515.3582548264494,2515.374924020998,2516.358281910896,2516.358281910896,2516.708266002348,2516.591842506503,2516.591851629688,2516.708266002348,2516.708266002348,2516.708266002348,2516.708266002348,2516.708266002348,2516.708266002348,0.11064196412917227,2520.559822987456,[-358.0],[136.0],[1],[0],[0],[3.850044247432379],2520.560929743515,2520.5640977685835,None,,,,,,,,,,,,,ED27,001,2024-01-30_17h40.12.874,rating,2023.2.3,60.03320394045856,2024-01-30 17h40.24.843199 +0800,
neu_79.jpg,0,343,343,361,2520.5916446474876,,,,,,,,,,,,,,,,,,,,,,,2520.564331550133,,2520.564362911071,2520.5643706087576,2520.5916446474876,2521.574975452939,2521.5916526302717,2522.5749976906955,2522.5749976906955,2522.925042223229,2522.8085722561736,2522.8085810942575,2522.925042223229,2522.925042223229,2522.925042223229,2522.925042223229,2522.925042223229,2522.925042223229,0.11073690224657184,2526.5432447396306,[245.0],[-39.0],[1],[0],[0],[3.6166658303736767],2526.544323270846,2526.547515529368,None,,,,,,,,,,,,,ED27,001,2024-01-30_17h40.12.874,rating,2023.2.3,60.03320394045856,2024-01-30 17h40.24.843199 +0800,
neu_25.jpg,0,344,344,302,2526.575028766536,,,,,,,,,,,,,,,,,,,,,,,2526.547727928457,,2526.5477572937016,2526.547764136085,2526.575028766536,2527.558366414374,2527.5750324728288,2528.5583766779528,2528.5583766779528,2528.9083830071613,2528.791910189113,2528.7919193122943,2528.9083830071613,2528.9083830071613,2528.9083830071613,2528.9083830071613,2528.9083830071613,2528.9083830071613,0.11068102275385172,2534.3933870612746,[381.0],[218.0],[1],[0],[0],[5.483493882333278],2534.3944407888375,2534.397655000019,None,,,,,,,,,,,,,ED27,001,2024-01-30_17h40.12.874,rating,2023.2.3,60.03320394045856,2024-01-30 17h40.24.843199 +0800,
neg_19.jpg,0,345,345,100,2534.4251015239133,,,,,,,,,,,,,,,,,,,,,,,2534.3978608418183,,2534.3978896368644,2534.3978961941502,2534.4251015239133,2535.4084414525496,2535.425105515307,2536.4084693922923,2536.4084693922923,2536.75845604964,2536.6419883633826,2536.641997771665,2536.75845604964,2536.75845604964,2536.75845604964,2536.75845604964,2536.75845604964,2536.75845604964,0.11062229226808995,2539.4433521651044,[-47.0],[-221.0],[1],[0],[0],[2.683367412220832],2539.444431836713,2539.4475873174088,None,,,,,,,,,,,,,ED27,001,2024-01-30_17h40.12.874,rating,2023.2.3,60.03320394045856,2024-01-30 17h40.24.843199 +0800,
neu_48.jpg,0,346,346,327,2539.4751461704873,,,,,,,,,,,,,,,,,,,,,,,2539.447830507237,,2539.4478604426804,2539.4478672850673,2539.4751461704873,2540.4585140388663,2540.475182093018,2541.458495222305,2541.458495222305,2541.8085052578062,2541.6920723536787,2541.6920809066614,2541.8085052578062,2541.8085052578062,2541.8085052578062,2541.8085052578062,2541.8085052578062,2541.8085052578062,0.11070411581022199,2545.6600950293505,[-30.0],[-194.0],[1],[0],[0],[3.8500331285576976],2545.6612465460203,2545.6644008863186,None,,,,,,,,,,,,,ED27,001,2024-01-30_17h40.12.874,rating,2023.2.3,60.03320394045856,2024-01-30 17h40.24.843199 +0800,
neg_168.jpg,0,347,347,76,2545.6918933112247,,,,,,,,,,,,,,,,,,,,,,,2545.6646169917003,,2545.6646463569414,2545.664652914231,2545.6918933112247,2546.675217274289,2546.6918813370503,2547.6752229762787,2547.6752229762787,2548.0252313011842,2547.908758198035,2547.9087676063173,2548.0252313011842,2548.0252313011842,2548.0252313011842,2548.0252313011842,2548.0252313011842,2548.0252313011842,0.11064053863083245,2553.743549054783,[-336.0],[-88.0],[1],[0],[0],[5.716795607644599],2553.7446942992647,2553.7478449332702,None,,,,,,,,,,,,,ED27,001,2024-01-30_17h40.12.874,rating,2023.2.3,60.03320394045856,2024-01-30 17h40.24.843199 +0800,
neu_80.jpg,0,348,348,363,2553.7752826190845,,,,,,,,,,,,,,,,,,,,,,,2553.7480533409653,,2553.7480824211125,2553.748089263496,2553.7752826190845,2554.758624258313,2554.775291172067,2555.758625398714,2555.758625398714,2556.108639995804,2555.9921680330553,2555.9921768711356,2556.108639995804,2556.108639995804,2556.108639995804,2556.108639995804,2556.108639995804,2556.108639995804,0.1106140243828122,2561.710263694182,[177.0],[-274.0],[1],[0],[0],[5.600106969315675],2561.7113564803694,2561.7145544408813,None,,,,,,,,,,,,,ED27,001,2024-01-30_17h40.12.874,rating,2023.2.3,60.03320394045856,2024-01-30 17h40.24.843199 +0800,
neu_21.jpg,0,349,349,298,2561.7420608356624,,,,,,,,,,,,,,,,,,,,,,,2561.714795349915,,2561.714827281052,2561.7148346936374,2561.7420608356624,2562.725366267263,2562.742034606512,2563.72537225435,2563.72537225435,2564.07538286005,2563.958951381421,2563.9589602195047,2564.07538286005,2564.07538286005,2564.07538286005,2564.07538286005,2564.07538286005,2564.07538286005,0.11061174358837889,2566.760290094393,[171.0],[-229.0],[1],[0],[0],[2.683373684409162],2566.761894634088,2566.7651213896424,None,,,,,,,,,,,,,ED27,001,2024-01-30_17h40.12.874,rating,2023.2.3,60.03320394045856,2024-01-30 17h40.24.843199 +0800,
neg_121.jpg,0,350,350,25,2566.7920721255978,,,,,,,,,,,,,,,,,,,,,,,2566.7653614433802,,2566.765393659618,2566.7654010722035,2566.7920721255978,2567.7754154754257,2567.7921054822364,2568.7754342919907,2568.7754342919907,2569.1254685609456,2569.008955258774,2569.008964096858,2569.1254685609456,2569.1254685609456,2569.1254685609456,2569.1254685609456,2569.1254685609456,2569.1254685609456,0.11013163612005883,2577.6437973193824,[-261.0],[86.0],[1],[0],[0],[8.516747311798099],2577.644952542345,2577.6481986846666,None,,,,,,,,,,,,,ED27,001,2024-01-30_17h40.12.874,rating,2023.2.3,60.03320394045856,2024-01-30 17h40.24.843199 +0800,
neg_105.jpg,0,351,351,7,2577.6755089310245,,,,,,,,,,,,,,,,,,,,,,,2577.6484384533032,,2577.6484681036454,2577.6484749460324,2577.6755089310245,2578.6588879182855,2578.6755109267215,2579.658881360996,2579.658881360996,2580.0088894008004,2579.8924177231493,2579.8924268463343,2580.0088894008004,2580.0088894008004,2580.0088894008004,2580.0088894008004,2580.0088894008004,2580.0088894008004,0.11047660644908319,2582.6939018368394,[-382.0],[-244.0],[1],[0],[0],[2.683457788745727],2582.6949957634242,2582.6982470375333,None,,,,,,,,,,,,,ED27,001,2024-01-30_17h40.12.874,rating,2023.2.3,60.03320394045856,2024-01-30 17h40.24.843199 +0800,
neg_163.jpg,0,352,352,71,2582.7255572838912,,,,,,,,,,,,,,,,,,,,,,,2582.698460862117,,2582.6984905124627,2582.6984970697486,2582.7255572838912,2583.708896357228,2583.7255655517765,2584.7089049102105,2584.7089049102105,2585.0589146606108,2584.942444693559,2584.942453531643,2585.0589146606108,2585.0589146606108,2585.0589146606108,2585.0589146606108,2585.0589146606108,2585.0589146606108,0.11048088294046465,2588.7938602693393,[-353.0],[298.0],[1],[0],[0],[3.7334043611081142],2588.7949750081825,2588.798170402799,None,,,,,,,,,,,,,ED27,001,2024-01-30_17h40.12.874,rating,2023.2.3,60.03320394045856,2024-01-30 17h40.24.843199 +0800,
neg_159.jpg,0,353,353,66,2588.825614075704,,,,,,,,,,,,,,,,,,,,,,,2588.7984033290486,,2588.7984358303875,2588.798443242973,2588.825614075704,2589.80898793117,2589.8256194925925,2590.8089619871207,2590.8089619871207,2591.158968031228,2591.042508612856,2591.0425177360376,2591.158968031228,2591.158968031228,2591.158968031228,2591.158968031228,2591.158968031228,2591.158968031228,0.11062001147001865,2593.377282933834,[-413.0],[385.0],[1],[0],[0],[2.216663321498345],2593.3784549776647,2593.381632981218,None,,,,,,,,,,,,,ED27,001,2024-01-30_17h40.12.874,rating,2023.2.3,60.03320394045856,2024-01-30 17h40.24.843199 +0800,
neu_130.jpg,0,354,354,227,2593.4089914093856,,,,,,,,,,,,,,,,,,,,,,,2593.3818470909027,,2593.381875885949,2593.3818824432346,2593.4089914093856,2594.392333903914,2594.4090164981353,2595.3923390357013,2595.3923390357013,2595.742369313266,2595.6258736872587,2595.6258828104437,2595.742369313266,2595.742369313266,2595.742369313266,2595.742369313266,2595.742369313266,2595.742369313266,0.11055187270176248,2601.4606807946766,[-224.0],[51.0],[1],[0],[0],[5.71671749039524],2601.4618414345314,2601.4650727516782,None,,,,,,,,,,,,,ED27,001,2024-01-30_17h40.12.874,rating,2023.2.3,60.03320394045856,2024-01-30 17h40.24.843199 +0800,
neu_109.jpg,0,355,355,203,2601.4924009593014,,,,,,,,,,,,,,,,,,,,,,,2601.4653059630255,,2601.4653376090646,2601.46534502165,2601.4924009593014,2602.475741173035,2602.492406661291,2603.4757483005233,2603.4757483005233,2603.8257620423174,2603.7093003431473,2603.7093094663287,2603.8257620423174,2603.8257620423174,2603.8257620423174,2603.8257620423174,2603.8257620423174,2603.8257620423174,0.11047945744212484,2606.7440764887615,[77.0],[236.0],[1],[0],[0],[2.916710191846505],2606.7452385541146,2606.748425965947,None,,,,,,,,,,,,,ED27,001,2024-01-30_17h40.12.874,rating,2023.2.3,60.03320394045856,2024-01-30 17h40.24.843199 +0800,
neu_34.jpg,0,356,356,312,2606.775790666299,,,,,,,,,,,,,,,,,,,,,,,2606.748662313388,,2606.748695670023,2606.74870336771,2606.775790666299,2607.7591394330193,2607.7757980788847,2608.7591630962706,2608.7591630962706,2609.1091719913748,2608.9926720888798,2608.9926814971623,2609.1091719913748,2609.1091719913748,2609.1091719913748,2609.1091719913748,2609.1091719913748,2609.1091719913748,0.11053590713709127,2615.644178497343,[78.0],[-163.0],[1],[0],[0],[6.5333965493846335],2615.6453448391876,2615.6484957582907,None,,,,,,,,,,,,,ED27,001,2024-01-30_17h40.12.874,rating,2023.2.3,60.03320394045856,2024-01-30 17h40.24.843199 +0800,
neu_164.jpg,0,357,357,264,2615.675861599044,,,,,,,,,,,,,,,,,,,,,,,2615.6487101530765,,2615.64873923322,2615.648746075607,2615.675861599044,2616.659210935959,2616.6758681563297,2617.659229752524,2617.659229752524,2618.0092397880253,2617.89283168755,2617.8928408107313,2618.0092397880253,2618.0092397880253,2618.0092397880253,2618.0092397880253,2618.0092397880253,2618.0092397880253,0.11055700449287542,2620.9275462516853,[34.0],[-195.0],[1],[0],[0],[2.916706770654855],2620.9287237124045,2620.931873206013,None,,,,,,,,,,,,,ED27,001,2024-01-30_17h40.12.874,rating,2023.2.3,60.03320394045856,2024-01-30 17h40.24.843199 +0800,
neg_86.jpg,0,358,358,177,2620.9592484550485,,,,,,,,,,,,,,,,,,,,,,,2620.932086745499,,2620.9321161107437,2620.9321226680295,2620.9592484550485,2621.942612902232,2621.95925672293,2622.9425992174583,2622.9425992174583,2623.2926078274613,2623.176170646846,2623.17617948493,2623.2926078274613,2623.2926078274613,2623.2926078274613,2623.2926078274613,2623.2926078274613,2623.2926078274613,0.11054788131150417,2627.610955858625,[-379.0],[-285.0],[1],[0],[0],[4.316729806691001],2627.6120475044117,2627.615197568215,None,,,,,,,,,,,,,ED27,001,2024-01-30_17h40.12.874,rating,2023.2.3,60.03320394045856,2024-01-30 17h40.24.843199 +0800,
neu_175.jpg,0,359,359,276,2627.6426583470857,,,,,,,,,,,,,,,,,,,,,,,2627.6154059759137,,2627.615435341155,2627.6154421835417,2627.6426583470857,2628.6260025522097,2628.6426512195976,2629.6260002714153,2629.6260002714153,2629.9760014688327,2629.8595349229727,2629.8595434759554,2629.9760014688327,2629.9760014688327,2629.9760014688327,2629.9760014688327,2629.9760014688327,2629.9760014688327,0.11062172206584364,2632.7776748885553,[121.0],[-258.0],[1],[0],[0],[2.8000657439333736],2632.7788332476157,2643.7098474489867,space,2632.7926132443536,2632.7926132443536,10.90576550912374,None,,,,,,,,,ED27,001,2024-01-30_17h40.12.874,rating,2023.2.3,60.03320394045856,2024-01-30 17h40.24.843199 +0800,
neg_52.jpg,0,360,360,140,2643.726131474181,,,,,,,,,,,,,,,,,,,,,,,2643.7101995468074,2643.726131474181,2644.709665840641,2644.7096741085224,2644.7428676671007,2645.7094822365943,2645.742834595563,2646.7095098912396,2646.7095098912396,2647.059526769128,2646.9430519553825,2646.9430607934664,2647.059526769128,2647.059526769128,2647.059526769128,2647.059526769128,2647.059526769128,2647.059526769128,0.09954874459435814,2650.0944982078654,[106.0],[-129.0],[1],[0],[0],[3.033329265912471],2650.095677664285,2650.0988633655215,None,,,,,2644.7428676671007,,,,,,,,ED27,001,2024-01-30_17h40.12.874,rating,2023.2.3,60.03320394045856,2024-01-30 17h40.24.843199 +0800,
neu_188.jpg,0,361,361,290,2650.1261921433434,,,,,,,,,,,,,,,,,,,,,,,2650.099103704353,,2650.0991376311904,2650.099144758675,2650.1261921433434,2651.109534067673,2651.1262406102505,2652.109540054764,2652.109540054764,2652.4595669111295,2652.34307926791,2652.343088105994,2652.4595669111295,2652.4595669111295,2652.4595669111295,2652.4595669111295,2652.4595669111295,2652.4595669111295,0.11048658493018593,2655.144599589228,[36.0],[-155.0],[1],[0],[0],[2.6833970625630172],2655.1457550972955,2655.1488190610653,None,,,,,,,,,,,,,ED27,001,2024-01-30_17h40.12.874,rating,2023.2.3,60.03320394045856,2024-01-30 17h40.24.843199 +0800,
neu_84.jpg,0,362,362,367,2655.1762952353056,,,,,,,,,,,,,,,,,,,,,,,2655.1490565489075,,2655.1490887651453,2655.1490964628283,2655.1762952353056,2656.1595804248427,2656.1762749932423,2657.1595901182263,2657.1595901182263,2657.509595592135,2657.393190627754,2657.393200891336,2657.509595592135,2657.509595592135,2657.509595592135,2657.509595592135,2657.509595592135,2657.509595592135,0.11056071078564855,2659.9612626826492,[322.0],[-235.0],[1],[0],[0],[2.4499761656879855],2659.9623745704994,2659.965674596613,None,,,,,,,,,,,,,ED27,001,2024-01-30_17h40.12.874,rating,2023.2.3,60.03320394045856,2024-01-30 17h40.24.843199 +0800,
neu_137.jpg,0,363,363,234,2659.9929799962847,,,,,,,,,,,,,,,,,,,,,,,2659.965908948361,,2659.965941164599,2659.9659485771845,2659.9929799962847,2660.9762942659654,2660.9929591840228,2661.9763033891504,2661.9763033891504,2662.3429786278066,2662.209851725478,2662.209860563562,2662.3429786278066,2662.3429786278066,2662.3429786278066,2662.3429786278066,2662.3429786278066,2662.3429786278066,0.12709676389567903,2664.5614985169123,[378.0],[-348.0],[1],[0],[0],[2.216844644750381],2664.562617532247,2664.565778714932,None,,,,,,,,,,,,,ED27,001,2024-01-30_17h40.12.874,rating,2023.2.3,60.03320394045856,2024-01-30 17h40.24.843199 +0800,
neu_89.jpg,0,364,364,372,2664.5929951635735,,,,,,,,,,,,,,,,,,,,,,,2664.565991114021,,2664.566021334562,2664.56602846205,2664.5929951635735,2665.576335947506,2665.593001435762,2666.576353908771,2666.576353908771,2666.9262795548348,2666.809916500075,2666.8099259083574,2666.9262795548348,2666.9262795548348,2666.9262795548348,2666.9262795548348,2666.9262795548348,2666.9262795548348,0.11031352956342744,2668.7947594729994,[341.0],[-303.0],[1],[0],[0],[1.8667727426691272],2668.7959232489484,2668.7991400260253,None,,,,,,,,,,,,,ED27,001,2024-01-30_17h40.12.874,rating,2023.2.3,60.03320394045856,2024-01-30 17h40.24.843199 +0800,
neg_164.jpg,0,365,365,72,2668.826370729639,,,,,,,,,,,,,,,,,,,,,,,2668.7993720969753,,2668.799404598314,2668.7994120108997,2668.826370729639,2669.809710088073,2669.826377572026,2670.8097194963557,2670.8097194963557,2671.159652840106,2671.0432527224148,2671.043261845596,2671.159652840106,2671.159652840106,2671.159652840106,2671.159652840106,2671.159652840106,2671.159652840106,0.11030611698151915,2678.3948387876662,[-379.0],[-150.0],[1],[0],[0],[7.23351640519104],2678.396029077863,2678.3992717989895,None,,,,,,,,,,,,,ED27,001,2024-01-30_17h40.12.874,rating,2023.2.3,60.03320394045856,2024-01-30 17h40.24.843199 +0800,
neu_36.jpg,0,366,366,314,2678.4264603078846,,,,,,,,,,,,,,,,,,,,,,,2678.3995092868317,,2678.399541788167,2678.3995494858536,2678.4264603078846,2679.40979909612,2679.4264640141773,2680.40983102726,2680.40983102726,2680.7599106270245,2680.6433460069566,2680.643354845037,2680.7599106270245,2680.7599106270245,2680.7599106270245,2680.7599106270245,2680.7599106270245,2680.7599106270245,0.1104338415316306,2684.494963148045,[-307.0],[-56.0],[1],[0],[0],[3.7333521879118052],2684.496092712059,2684.4992587414345,None,,,,,,,,,,,,,ED27,001,2024-01-30_17h40.12.874,rating,2023.2.3,60.03320394045856,2024-01-30 17h40.24.843199 +0800,
neu_56.jpg,0,367,367,336,2684.5265487457327,,,,,,,,,,,,,,,,,,,,,,,2684.499500220667,,2684.4995330071033,2684.499540419689,2684.5265487457327,2685.509859024027,2685.5265416182483,2686.5098852531737,2686.5098852531737,2686.8765399646727,2686.7434655206453,2686.7434746438266,2686.8765399646727,2686.8765399646727,2686.8765399646727,2686.8765399646727,2686.8765399646727,2686.8765399646727,0.12706597315263934,2691.6616086223185,[-157.0],[-83.0],[1],[0],[0],[4.783415080848499],2691.6629249264734,2691.6661146191036,None,,,,,,,,,,,,,ED27,001,2024-01-30_17h40.12.874,rating,2023.2.3,60.03320394045856,2024-01-30 17h40.24.843199 +0800,
neg_64.jpg,0,368,368,153,2691.6932677756668,,,,,,,,,,,,,,,,,,,,,,,2691.666352677141,,2691.6663848933786,2691.666392305964,2691.6932677756668,2692.676593734428,2692.693258937583,2693.6765977258183,2693.6765977258183,2694.0433026148203,2693.9101725763976,2693.9101816995826,2694.0433026148203,2694.0433026148203,2694.0433026148203,2694.0433026148203,2694.0433026148203,2694.0433026148203,0.12697331582967308,2697.8950506165565,[-376.0],[-58.0],[1],[0],[0],[3.8500952802351094],2697.8962662806043,2697.8995403626686,None,,,,,,,,,,,,,ED27,001,2024-01-30_17h40.12.874,rating,2023.2.3,60.03320394045856,2024-01-30 17h40.24.843199 +0800,
neg_125.jpg,0,369,369,29,2697.9266444821296,,,,,,,,,,,,,,,,,,,,,,,2697.899782982302,,2697.8998149134386,2697.899822326024,2697.9266444821296,2698.909984125665,2698.926651609614,2699.909992963745,2699.909992963745,2700.276666206708,2700.143528185501,2700.143537023585,2700.276666206708,2700.276666206708,2700.276666206708,2700.276666206708,2700.276666206708,2700.276666206708,0.12690774295697338,2701.7950519850347,[-375.0],[-105.0],[1],[0],[0],[1.5166920025076251],2701.796169574871,2701.7993763734667,None,,,,,,,,,,,,,ED27,001,2024-01-30_17h40.12.874,rating,2023.2.3,60.03320394045856,2024-01-30 17h40.24.843199 +0800,
neu_17.jpg,0,370,370,270,2701.8266860496296,,,,,,,,,,,,,,,,,,,,,,,2701.799606733821,,2701.799638664961,2701.7996460775466,2701.8266860496296,2702.8100302547537,2702.826685479431,2703.8100308249523,2703.8100308249523,2704.176704067915,2704.0435891397647,2704.0435979778485,2704.176704067915,2704.176704067915,2704.176704067915,2704.176704067915,2704.176704067915,2704.176704067915,0.1271207122481428,2708.7284339373255,[233.0],[59.0],[1],[0],[0],[4.550062607839209],2708.7295820328036,2708.732793392992,None,,,,,,,,,,,,,ED27,001,2024-01-30_17h40.12.874,rating,2023.2.3,60.03320394045856,2024-01-30 17h40.24.843199 +0800,
neg_160.jpg,0,371,371,68,2708.760080261196,,,,,,,,,,,,,,,,,,,,,,,2708.7330297404333,,2708.733062241772,2708.733069939455,2708.760080261196,2709.743416768637,2709.7600622999307,2710.743431878909,2710.743431878909,2711.1101054069695,2710.9769927596135,2710.9770018827985,2711.1101054069695,2711.1101054069695,2711.1101054069695,2711.1101054069695,2711.1101054069695,2711.1101054069695,0.12712099734562798,2713.561835789562,[-205.0],[347.0],[1],[0],[0],[2.449994412050728],2713.5630423304247,2713.5662582522054,None,,,,,,,,,,,,,ED27,001,2024-01-30_17h40.12.874,rating,2023.2.3,60.03320394045856,2024-01-30 17h40.24.843199 +0800,
neg_165.jpg,0,372,372,73,2713.5934744157457,,,,,,,,,,,,,,,,,,,,,,,2713.5664951698454,,2713.5665239648915,2713.566531092376,2713.5934744157457,2714.576802370204,2714.593466147864,2715.576802085103,2715.576802085103,2715.9435044082093,2715.8103401578555,2715.8103487108383,2715.9435044082093,2715.9435044082093,2715.9435044082093,2715.9435044082093,2715.9435044082093,2715.9435044082093,0.12706967944541248,2717.928500194437,[-370.0],[357.0],[1],[0],[0],[1.9833079974960128],2717.9296434432254,2717.932869913682,None,,,,,,,,,,,,,ED27,001,2024-01-30_17h40.12.874,rating,2023.2.3,60.03320394045856,2024-01-30 17h40.24.843199 +0800,
neu_76.jpg,0,373,373,358,2717.960164764674,,,,,,,,,,,,,,,,,,,,,,,2717.933086304165,,2717.9331156694097,2717.9331225117967,2717.960164764674,2718.9435083995995,2718.9601727474583,2719.943537764844,2719.943537764844,2720.310210722706,2720.1770681399103,2720.177076692893,2720.310210722706,2720.310210722706,2720.310210722706,2720.310210722706,2720.310210722706,2720.310210722706,0.12715264338476118,2725.5619218895954,[365.0],[-165.0],[1],[0],[0],[5.250048752004659],2725.5630936483285,2725.5663312376637,None,,,,,,,,,,,,,ED27,001,2024-01-30_17h40.12.874,rating,2023.2.3,60.03320394045856,2024-01-30 17h40.24.843199 +0800,
neg_171.jpg,0,374,374,80,2725.5935707793615,,,,,,,,,,,,,,,,,,,,,,,2725.5665470579443,,2725.5665769933876,2725.5665835506734,2725.5935707793615,2726.576914414287,2726.5935821833373,2727.5769238225694,2727.5769238225694,2727.9436190181877,2727.8104553380326,2727.810464461214,2727.9436190181877,2727.9436190181877,2727.9436190181877,2727.9436190181877,2727.9436190181877,2727.9436190181877,0.127101895683154,2732.262006678171,[-367.0],[282.0],[1],[0],[0],[4.316727525896567],2732.2631370974814,2732.266424864323,None,,,,,,,,,,,,,ED27,001,2024-01-30_17h40.12.874,rating,2023.2.3,60.03320394045856,2024-01-30 17h40.24.843199 +0800,
neg_33.jpg,0,375,375,119,2732.2936729590037,,,,,,,,,,,,,,,,,,,,,,,2732.266638688907,,2732.26666862435,2732.266675466737,2732.2936729590037,2733.2769989177614,2733.2936606997246,2734.276981811796,2734.276981811796,2734.6436527739606,2734.510551530584,2734.510560653769,2734.6436527739606,2734.6436527739606,2734.6436527739606,2734.6436527739606,2734.6436527739606,2734.6436527739606,0.12704173969905241,2737.6787388226767,[-129.0],[-72.0],[1],[0],[0],[3.0333723159310466],2737.679955056923,2737.6831327753753,None,,,,,,,,,,,,,ED27,001,2024-01-30_17h40.12.874,rating,2023.2.3,60.03320394045856,2024-01-30 17h40.24.843199 +0800,
neg_5.jpg,0,376,376,137,2737.710353785609,,,,,,,,,,,,,,,,,,,,,,,2737.6833485956595,,2737.683377390702,2737.683384233089,2737.710353785609,2738.693692858942,2738.7103862869444,2739.6937011268274,2739.6937011268274,2740.0603772207833,2739.9272583012425,2739.927267139323,2740.0603772207833,2740.0603772207833,2740.0603772207833,2740.0603772207833,2740.0603772207833,2740.0603772207833,0.12705742016623844,2744.7288325063564,[-243.0],[-304.0],[1],[0],[0],[4.666653742158815],2744.7300427535156,2744.733227314351,None,,,,,,,,,,,,,ED27,001,2024-01-30_17h40.12.874,rating,2023.2.3,60.03320394045856,2024-01-30 17h40.24.843199 +0800,
neu_13.jpg,0,377,377,226,2744.760447184188,,,,,,,,,,,,,,,,,,,,,,,2744.733461380998,,2744.733493597236,2744.7335010098213,2744.760447184188,2745.7437617389696,2745.7604922298997,2746.743770006855,2746.743770006855,2747.110441254117,2746.9773086498026,2746.977317202789,2747.110441254117,2747.110441254117,2747.110441254117,2747.110441254117,2747.110441254117,2747.110441254117,0.12700239597688778,2752.9455850639824,[358.0],[-89.0],[1],[0],[0],[5.833413826410833],2752.946775069082,2752.9499892802596,None,,,,,,,,,,,,,ED27,001,2024-01-30_17h40.12.874,rating,2023.2.3,60.03320394045856,2024-01-30 17h40.24.843199 +0800,
neg_57.jpg,0,378,378,145,2752.9771769338586,,,,,,,,,,,,,,,,,,,,,,,2752.9502196406174,,2752.9502527121513,2752.950260124737,2752.9771769338586,2753.960504033017,2753.977171231869,2754.960512015801,2754.960512015801,2755.3271895352555,2755.194046382261,2755.1940555054425,2755.3271895352555,2755.3271895352555,2755.3271895352555,2755.3271895352555,2755.3271895352555,2755.3271895352555,0.12700524696992943,2759.995685590049,[-342.0],[-73.0],[1],[0],[0],[4.666734140202607],2759.9968379620186,2760.0000347821333,None,,,,,,,,,,,,,ED27,001,2024-01-30_17h40.12.874,rating,2023.2.3,60.03320394045856,2024-01-30 17h40.24.843199 +0800,
neg_88.jpg,0,379,379,179,2760.027226142025,,,,,,,,,,,,,,,,,,,,,,,2760.000249176919,,2760.0002788272614,2760.000285384547,2760.027226142025,2761.0105954359024,2761.0272392565967,2762.01060541438,2762.01060541438,2762.377252428192,2762.244116402686,2762.244125240766,2762.377252428192,2762.377252428192,2762.377252428192,2762.377252428192,2762.377252428192,2762.377252428192,0.12703119101934135,2765.295662953151,[-358.0],[-301.0],[1],[0],[0],[2.9167196001289994],2765.296848681759,2765.3000589015464,None,,,,,,,,,,,,,ED27,001,2024-01-30_17h40.12.874,rating,2023.2.3,60.03320394045856,2024-01-30 17h40.24.843199 +0800,
neg_71.jpg,0,380,380,161,2765.3273035750353,,,,,,,,,,,,,,,,,,,,,,,2765.300272155935,,2765.3003009509775,2765.3003077933645,2765.3273035750353,2766.310622976507,2766.3272867541673,2767.3106378016782,2767.3106378016782,2767.6773024916547,2767.5441664661485,2767.544175874431,2767.6773024916547,2767.6773024916547,2767.6773024916547,2767.6773024916547,2767.6773024916547,2767.6773024916547,0.12705799036848475,2771.995787655651,[-358.0],[223.0],[1],[0],[0],[4.316789677577617],2771.9969505763,2772.0001736255654,None,,,,,,,,,,,,,ED27,001,2024-01-30_17h40.12.874,rating,2023.2.3,60.03320394045856,2024-01-30 17h40.24.843199 +0800,
neg_46.jpg,0,381,381,133,2772.027342747697,,,,,,,,,,,,,,,,,,,,,,,2772.00040797731,,2772.000440763746,2772.000448461433,2772.027342747697,2773.010687523023,2773.027351870882,2774.0106886634203,2774.0106886634203,2774.377368463669,2774.2442937345404,2774.24430428322,2774.377368463669,2774.377368463669,2774.377368463669,2774.377368463669,2774.377368463669,2774.377368463669,0.12698471980911563,2782.3125593719597,[-328.0],[209.0],[1],[0],[0],[7.93345807384685],2782.3137183012186,2782.3169370739924,None,,,,,,,,,,,,,ED27,001,2024-01-30_17h40.12.874,rating,2023.2.3,60.03320394045856,2024-01-30 17h40.24.843199 +0800,
neu_58.jpg,0,382,382,338,2782.3441099024167,,,,,,,,,,,,,,,,,,,,,,,2782.3171739916324,,2782.31720620787,2782.3172133353546,2782.3441099024167,2783.3274717837085,2783.344116174605,2784.3274549628404,2784.3274549628404,2784.694129631298,2784.561007575663,2784.5610166988445,2784.694129631298,2784.694129631298,2784.694129631298,2784.694129631298,2784.694129631298,2784.694129631298,0.126980158220249,2787.6125700917,[278.0],[130.0],[1],[0],[0],[2.9167298637112253],2787.6137626626914,2787.616946938433,None,,,,,,,,,,,,,ED27,001,2024-01-30_17h40.12.874,rating,2023.2.3,60.03320394045856,2024-01-30 17h40.24.843199 +0800,
neg_161.jpg,0,383,383,69,2787.6441579701823,,,,,,,,,,,,,,,,,,,,,,,2787.6171849964703,,2787.6172166425094,2787.617224340196,2787.6441579701823,2788.6274998945155,2788.644188475824,2789.627485354442,2789.627485354442,2789.9942287318663,2789.861105535834,2789.861114373918,2789.9942287318663,2789.9942287318663,2789.9942287318663,2789.9942287318663,2789.9942287318663,2789.9942287318663,0.1270679688495875,2792.562571631239,[-332.0],[343.0],[1],[0],[0],[2.566628026186663],2792.5637388283794,2792.56693735909,None,,,,,,,,,,,,,ED27,001,2024-01-30_17h40.12.874,rating,2023.2.3,60.03320394045856,2024-01-30 17h40.24.843199 +0800,
,,,,,,,,,,,,,,,,,,,,,,,,,,,,,,,,,,,,,,,,,,,,,,,,,,,,,,,,,,,,,,2792.5670385693957,2792.594206836231,2792.594206836231,3010.8134340570687,space,218.21347134807365,None,ED27,001,2024-01-30_17h40.12.874,rating,2023.2.3,60.03320394045856,2024-01-30 17h40.24.843199 +0800,
