stimulus_filename,trials.thisRepN,trials.thisTrialN,trials.thisN,trials.thisIndex,thisRow.t,notes,welcome.started,welcome_image.started,welcome_key_resp.started,welcome.stopped,welcome_key_resp.keys,welcome_key_resp.rt,welcome_key_resp.duration,instruction.started,instruction_image.started,instruction_key_resp.started,instruction.stopped,instruction_key_resp.keys,instruction_key_resp.rt,instruction_key_resp.duration,start.started,start_image.started,key_resp.started,start.stopped,key_resp.keys,key_resp.rt,key_resp.duration,block_info.started,block_text.started,block_info.stopped,img_presentation.started,ISI_text.started,stimulus_image.started,ISI_text.stopped,text.started,stimulus_image.stopped,img_presentation.stopped,evaluation.started,horizontal_polygon.started,vertical_polygon.started,ha_text.started,la_text.started,negative_text.started,positive_text.started,mouse.started,evaluation.stopped,mouse.x,mouse.y,mouse.leftButton,mouse.midButton,mouse.rightButton,mouse.time,rest.started,rest.stopped,key_resp_2.keys,rest_image.started,key_resp_2.started,key_resp_2.rt,key_resp_2.duration,block_text.stopped,text.stopped,end.started,end_image.started,key_resp_3.started,end.stopped,key_resp_3.keys,key_resp_3.rt,key_resp_3.duration,participant,session,date,expName,psychopyVersion,frameRate,expStart,
,,,,,,,0.02106639745522898,0.042568144126448715,0.042568144126448715,12.42784450249735,space,12.383215078193189,None,,,,,,,,,,,,,,,,,,,,,,,,,,,,,,,,,,,,,,,,,,,,,,,,,,,,,,,,ED28,001,2024-02-02_14h00.22.905,rating,2023.2.3,85.10300836343751,2024-02-02 14h00.35.241320 +0800,
,,,,,,,,,,,,,,12.427864744667772,12.439127944487382,12.439127944487382,14.109624752924333,space,1.6616991620026056,None,,,,,,,,,,,,,,,,,,,,,,,,,,,,,,,,,,,,,,,,,,,,,,,,,ED28,001,2024-02-02_14h00.22.905,rating,2023.2.3,85.10300836343751,2024-02-02 14h00.35.241320 +0800,
,,,,,,,,,,,,,,,,,,,,,14.109643284488811,14.121029647937348,14.121029647937348,17.414681389662064,return,3.2869860805142253,None,,,,,,,,,,,,,,,,,,,,,,,,,,,,,,,,,,,,,,,,,,ED28,001,2024-02-02_14h00.22.905,rating,2023.2.3,85.10300836343751,2024-02-02 14h00.35.241320 +0800,
neu_186.jpg,0,0,0,288,17.45159341519343,,,,,,,,,,,,,,,,,,,,,,,17.435118284125338,17.45159341519343,18.416104898918775,18.41611459235253,18.439559017188458,19.42753060630423,19.4392129045832,20.425215871344108,20.43697742769905,20.672246758330402,20.672255026259222,20.68598805597901,20.68598805597901,20.68598805597901,20.68598805597901,20.68598805597901,20.68598805597901,0.007579623718015682,26.473111412621165,[246.0],[-227.0],[1],[0],[0],[5.800483189162492],26.47445566380202,26.478414576187333,None,,,,,,,,,,,,,,ED28,001,2024-02-02_14h00.22.905,rating,2023.2.3,85.10300836343751,2024-02-02 14h00.35.241320 +0800,
neg_55.jpg,0,1,1,143,26.50796272817695,,,,,,,,,,,,,,,,,,,,,,,26.478809441062253,,26.47884279787843,26.478849640302315,26.50796272817695,27.495955414766286,27.507635147136284,28.481875702239336,28.505417061412686,28.728907444528545,28.72891457205344,28.740629942047462,28.740629942047462,28.740629942047462,28.740629942047462,28.740629942047462,28.740629942047462,8.602922457612294e-05,37.10348367754045,[-220.0],[64.0],[1],[0],[0],[8.374220712073907],37.10388738054621,37.10699184525629,None,,,,,,,,,,,,,,ED28,001,2024-02-02_14h00.22.905,rating,2023.2.3,85.10300836343751,2024-02-02 14h00.35.241320 +0800,
neu_182.jpg,0,2,2,284,37.12866322701814,,,,,,,,,,,,,,,,,,,,,,,37.10723247049418,,37.10726440180531,37.10727152933009,37.12866322701814,38.12839295127708,38.14007895586883,39.11431723016403,39.13783920246988,39.361350683059186,39.36135809568498,39.37309028663765,39.37309028663765,39.37309028663765,39.37309028663765,39.37309028663765,39.37309028663765,0.00410737872732625,48.87681641406243,[-34.0],[-289.0],[1],[0],[0],[9.515115056782179],48.87718619005,48.880268701983596,None,,,,,,,,,,,,,,ED28,001,2024-02-02_14h00.22.905,rating,2023.2.3,85.10300836343751,2024-02-02 14h00.35.241320 +0800,
neu_46.jpg,0,3,3,325,48.90199596354012,,,,,,,,,,,,,,,,,,,,,,,48.88051189313046,,48.88054325423957,48.880550096663455,48.90199596354012,49.90170316482056,49.91340627547197,50.8876499666859,50.9111511266193,51.13469083220696,51.13470736806448,51.14835315688049,51.14835315688049,51.14835315688049,51.14835315688049,51.14835315688049,51.14835315688049,0.00417808377358142,59.65244250296996,[1.0],[-279.0],[1],[0],[0],[8.517366499321952],59.652851052692654,59.655999422955574,None,,,,,,,,,,,,,,ED28,001,2024-02-02_14h00.22.905,rating,2023.2.3,85.10300836343751,2024-02-02 14h00.35.241320 +0800,
neg_43.jpg,0,4,4,130,59.68731691170615,,,,,,,,,,,,,,,,,,,,,,,59.65624033329436,,59.656272549706614,59.656279392130386,59.68731691170615,60.675283654105215,60.687005296321104,61.66120992869901,61.68473019039891,61.90826590457266,61.90827331719845,61.92192908454922,61.92192908454922,61.92192908454922,61.92192908454922,61.92192908454922,61.92192908454922,0.0020150225415136447,72.29607681076902,[-347.0],[67.0],[1],[0],[0],[10.387438279198932],72.29649134761246,72.29961405878612,None,,,,,,,,,,,,,,ED28,001,2024-02-02_14h00.22.905,rating,2023.2.3,85.10300836343751,2024-02-02 14h00.35.241320 +0800,
neg_92.jpg,0,5,5,184,72.31914376189047,,,,,,,,,,,,,,,,,,,,,,,72.29985354361997,,72.29988576003211,72.29989288755701,72.31914376189047,73.31895873134613,73.33062991068641,74.30487274659731,74.32839500400416,74.55191019090648,74.5519187439362,74.565613855224,74.565613855224,74.565613855224,74.565613855224,74.565613855224,74.565613855224,0.002047809155669711,77.5416733546607,[-368.0],[-324.0],[1],[0],[0],[2.989381128424043],77.54207563216153,77.5451495910653,None,,,,,,,,,,,,,,ED28,001,2024-02-02_14h00.22.905,rating,2023.2.3,85.10300836343751,2024-02-02 14h00.35.241320 +0800,
neu_172.jpg,0,6,6,273,77.56481927875711,,,,,,,,,,,,,,,,,,,,,,,77.54539221201014,,77.54542357311936,77.54543041554325,77.56481927875711,78.56459804038684,78.57628547048364,79.55052231927368,79.5740616827402,79.797553776462,79.7975614741888,79.81124461123477,79.81124461123477,79.81124461123477,79.81124461123477,79.81124461123477,79.81124461123477,0.002151585917090415,91.71430143556893,[53.0],[48.0],[1],[0],[0],[11.916374176806471],91.71471027039263,91.71783583257616,None,,,,,,,,,,,,,,ED28,001,2024-02-02_14h00.22.905,rating,2023.2.3,85.10300836343751,2024-02-02 14h00.35.241320 +0800,
neu_149.jpg,0,7,7,247,91.73746674653296,,,,,,,,,,,,,,,,,,,,,,,91.71807702801595,,91.71810867422619,91.71811551664996,91.73746674653296,92.73726432482806,92.74894747840995,93.723188033513,93.74672967778736,93.97022177150916,93.97022918413495,93.98391032547408,93.98391032547408,93.98391032547408,93.98391032547408,93.98391032547408,93.98391032547408,0.0021347649584413375,111.34435638308332,[149.0],[-282.0],[1],[0],[0],[17.373738891396215],111.3447834643705,111.34791159246288,None,,,,,,,,,,,,,,ED28,001,2024-02-02_14h00.22.905,rating,2023.2.3,85.10300836343751,2024-02-02 14h00.35.241320 +0800,
neg_183.jpg,0,8,8,93,111.37935081933745,,,,,,,,,,,,,,,,,,,,,,,111.34815221770077,,111.34818471921392,111.34819184673881,111.37935081933745,112.36728591552628,112.37897249032005,113.35320962421122,113.37676438313122,113.60024336220738,113.60025134503519,113.6139316310713,113.6139316310713,113.6139316310713,113.6139316310713,113.6139316310713,113.6139316310713,0.002081451072854179,124.12922145476193,[-2.0],[-369.0],[1],[0],[0],[10.528590070103405],124.12966678251269,124.13279462550418,None,,,,,,,,,,,,,,ED28,001,2024-02-02_14h00.22.905,rating,2023.2.3,85.10300836343751,2024-02-02 14h00.35.241320 +0800,
neu_133.jpg,0,9,9,230,124.15229952482218,,,,,,,,,,,,,,,,,,,,,,,124.13303724644891,,124.13306889265914,124.13307602018392,124.15229952482218,125.15208455867355,125.16376942286149,126.13801140346948,126.16153508638126,126.38504200535476,126.38504941798055,126.3987351209355,126.3987351209355,126.3987351209355,126.3987351209355,126.3987351209355,126.3987351209355,0.0019944952700825525,136.09074508008337,[183.0],[-60.0],[1],[0],[0],[9.705313341671626],136.09121093510555,136.0944257338998,None,,,,,,,,,,,,,,ED28,001,2024-02-02_14h00.22.905,rating,2023.2.3,85.10300836343751,2024-02-02 14h00.35.241320 +0800,
neg_140.jpg,0,10,10,46,136.12561806331462,,,,,,,,,,,,,,,,,,,,,,,136.0946700654506,,136.0947008563578,136.09470769878158,136.12561806331462,137.1136201582367,137.12526482318458,138.0995045229846,138.1230287760984,138.34653626527393,138.34654367789972,138.36023223186464,138.36023223186464,138.36023223186464,138.36023223186464,138.36023223186464,138.36023223186464,0.001856221288562665,147.39358534170344,[-139.0],[-336.0],[1],[0],[0],[9.04663282898025],147.3939736492556,147.39709607532825,None,,,,,,,,,,,,,,ED28,001,2024-02-02_14h00.22.905,rating,2023.2.3,85.10300836343751,2024-02-02 14h00.35.241320 +0800,
neu_121.jpg,0,11,11,217,147.41661922110973,,,,,,,,,,,,,,,,,,,,,,,147.3973355601621,,147.39736720637234,147.39737433389712,147.41661922110973,148.41646327086676,148.4281144931374,149.40237443510796,149.42587473973833,149.64938308421677,149.64939078194357,149.66307648489862,149.66307648489862,149.66307648489862,149.66307648489862,149.66307648489862,149.66307648489862,0.0020369753178783867,162.7658613799059,[107.0],[-169.0],[1],[0],[0],[13.116048648493006],162.7663201074032,162.76959990922376,None,,,,,,,,,,,,,,ED28,001,2024-02-02_14h00.22.905,rating,2023.2.3,85.10300836343751,2024-02-02 14h00.35.241320 +0800,
neg_20.jpg,0,12,12,105,162.7889685302673,,,,,,,,,,,,,,,,,,,,,,,162.76981829658428,,162.76984680668352,162.76985307890538,162.7889685302673,163.78877551689516,163.80045382376022,164.77469780007516,164.79825084838922,165.02172555095046,165.02173296357626,165.03541381981438,165.03541381981438,165.03541381981438,165.03541381981438,165.03541381981438,165.03541381981438,0.0019009821444342379,173.85714045414875,[-373.0],[-238.0],[1],[0],[0],[8.83499580473881],173.85756126321405,173.86062467338115,None,,,,,,,,,,,,,,ED28,001,2024-02-02_14h00.22.905,rating,2023.2.3,85.10300836343751,2024-02-02 14h00.35.241320 +0800,
neg_166.jpg,0,13,13,74,173.88009165426706,,,,,,,,,,,,,,,,,,,,,,,173.86086301781108,,173.86089181301134,173.8608983703342,173.88009165426706,174.8799203085705,174.891619142707,175.86585371068918,175.88935401531955,176.11288801888736,176.1129048398459,176.12655233926785,176.12655233926785,176.12655233926785,176.12655233926785,176.12655233926785,176.12655233926785,0.002027566985134399,180.1024111276057,[-368.0],[-233.0],[1],[0],[0],[3.98907692566479],180.10284220030678,180.10609577283606,None,,,,,,,,,,,,,,ED28,001,2024-02-02_14h00.22.905,rating,2023.2.3,85.10300836343751,2024-02-02 14h00.35.241320 +0800,
neg_22.jpg,0,14,14,107,180.1254723767073,,,,,,,,,,,,,,,,,,,,,,,180.10633240666004,,180.1063654783752,180.10637203569797,180.1254723767073,181.125288771668,181.1370172563078,182.11121248035295,182.13473559306271,182.3582724476404,182.3582804304682,182.37193904882895,182.37193904882895,182.37193904882895,182.37193904882895,182.37193904882895,182.37193904882895,0.0019294922436756679,184.65418190412674,[-376.0],[-366.0],[1],[0],[0],[2.2954741072703655],184.65463407430127,184.65775136855598,None,,,,,,,,,,,,,,ED28,001,2024-02-02_14h00.22.905,rating,2023.2.3,85.10300836343751,2024-02-02 14h00.35.241320 +0800,
neg_27.jpg,0,15,15,112,184.68903664089441,,,,,,,,,,,,,,,,,,,,,,,184.6579897129859,,184.65802078899412,184.65802791651902,184.68903664089441,185.67700708960638,185.68868910278422,186.66293108339232,186.6864547663041,186.9099616852775,186.9099690979034,186.9236528051514,186.9236528051514,186.9236528051514,186.9236528051514,186.9236528051514,186.9236528051514,0.001963134160860136,192.6403060388095,[-366.0],[-369.0],[1],[0],[0],[5.729882775024862],192.64074766024737,192.64385896738122,None,,,,,,,,,,,,,,ED28,001,2024-02-02_14h00.22.905,rating,2023.2.3,85.10300836343751,2024-02-02 14h00.35.241320 +0800,
neg_182.jpg,0,16,16,92,192.67512371244834,,,,,,,,,,,,,,,,,,,,,,,192.64409759691216,,192.6441298133243,192.6441369408492,192.67512371244834,193.66310185888688,193.6747793104489,194.64902186125892,194.67254411866588,194.89605075253826,194.89605788006315,194.90974500852303,194.90974500852303,194.90974500852303,194.90974500852303,194.90974500852303,194.90974500852303,0.0019414664852774877,198.9796232618462,[-379.0],[-348.0],[1],[0],[0],[4.0831354494857806],198.98004749212328,198.98318901996254,None,,,,,,,,,,,,,,ED28,001,2024-02-02_14h00.22.905,rating,2023.2.3,85.10300836343751,2024-02-02 14h00.35.241320 +0800,
neg_160.jpg,0,17,17,68,199.01459945163674,,,,,,,,,,,,,,,,,,,,,,,198.98342793459437,,198.9834592957036,198.9834664232285,199.01459945163674,200.00256533873267,200.014231386255,200.98850301736638,201.01204380633772,201.2355273470298,201.2355350447565,201.24920905857084,201.24920905857084,201.24920905857084,201.24920905857084,201.24920905857084,201.24920905857084,0.002089433900664517,205.62489975136327,[-388.0],[372.0],[1],[0],[0],[4.388927076582831],205.62531799451972,205.6284375695825,None,,,,,,,,,,,,,,ED28,001,2024-02-02_14h00.22.905,rating,2023.2.3,85.10300836343751,2024-02-02 14h00.35.241320 +0800,
neu_42.jpg,0,18,18,321,205.64803655222795,,,,,,,,,,,,,,,,,,,,,,,205.62867676931523,,205.62870813042446,205.62871497284846,205.64803655222795,206.64787432976323,206.65952754774094,207.63376838794488,207.65729178575566,207.88081495548568,207.8808232234146,207.89449381601685,207.89449381601685,207.89449381601685,207.89449381601685,207.89449381601685,207.89449381601685,0.002129348039488832,212.7641898327854,[66.0],[-242.0],[1],[0],[0],[4.882903320257583],212.76463601583896,212.76769457928935,None,,,,,,,,,,,,,,ED28,001,2024-02-02_14h00.22.905,rating,2023.2.3,85.10300836343751,2024-02-02 14h00.35.241320 +0800,
neg_191.jpg,0,19,19,102,212.78729783844983,,,,,,,,,,,,,,,,,,,,,,,212.7679334939212,,212.7679642848284,212.76797112725217,212.78729783844983,213.78715300714543,213.79880565492113,214.7730279635607,214.7965519315735,215.0200634121627,215.0200708247885,215.03375253632976,215.03375253632976,215.03375253632976,215.03375253632976,215.03375253632976,215.03375253632976,0.0021202248078679986,223.0556879216108,[-395.0],[361.0],[1],[0],[0],[8.035134991043378],223.05614094708835,223.05928789184622,None,,,,,,,,,,,,,,ED28,001,2024-02-02_14h00.22.905,rating,2023.2.3,85.10300836343751,2024-02-02 14h00.35.241320 +0800,
neg_135.jpg,0,20,20,40,223.09053781166176,,,,,,,,,,,,,,,,,,,,,,,223.05953051279107,,223.0595624441023,223.0595695716272,223.09053781166176,224.0784703419415,224.09014893390759,225.06437979557677,225.0879046188927,225.311412108068,225.3114195206938,225.32511947869853,225.32511947869853,225.32511947869853,225.32511947869853,225.32511947869853,225.32511947869853,0.001870761439022317,230.61822439671914,[-392.0],[356.0],[1],[0],[0],[5.306329327569529],230.61867172017674,230.62176934246304,None,,,,,,,,,,,,,,ED28,001,2024-02-02_14h00.22.905,rating,2023.2.3,85.10300836343751,2024-02-02 14h00.35.241320 +0800,
neg_152.jpg,0,21,21,59,230.64146269353728,,,,,,,,,,,,,,,,,,,,,,,230.62200683158994,,230.62203790759804,230.62204475002204,230.64146269353728,231.64115706527286,231.65281113855372,232.62705511486865,232.65058307429535,232.87408600185472,232.87409341448074,232.89963817832995,232.89963817832995,232.89963817832995,232.89963817832995,232.89963817832995,232.89963817832995,0.0020706172351765417,233.4645880333419,[-388.0],[361.0],[1],[0],[0],[0.5900236320212571],233.46501825074006,233.4681557871652,None,,,,,,,,,,,,,,ED28,001,2024-02-02_14h00.22.905,rating,2023.2.3,85.10300836343751,2024-02-02 14h00.35.241320 +0800,
neg_5.jpg,0,22,22,137,233.48764472082757,,,,,,,,,,,,,,,,,,,,,,,233.46839470179725,,233.46842663310827,233.46843347553227,233.48764472082757,234.4874240526592,234.49910920194816,235.47335032725323,235.49687515056894,235.72038178444132,235.7203891970671,235.74591143793828,235.74591143793828,235.74591143793828,235.74591143793828,235.74591143793828,235.74591143793828,0.001975963705490358,240.33326281835434,[-369.0],[-350.0],[1],[0],[0],[4.612395221821316],240.33368448272267,240.33680833430026,None,,,,,,,,,,,,,,ED28,001,2024-02-02_14h00.22.905,rating,2023.2.3,85.10300836343751,2024-02-02 14h00.35.241320 +0800,
neu_153.jpg,0,23,23,252,240.36821705536863,,,,,,,,,,,,,,,,,,,,,,,240.3370509552451,,240.33708231635433,240.3370891587781,240.36821705536863,241.35617096822284,241.36785469200686,242.3421109276644,242.3656155088097,242.58917887777966,242.58919598383932,242.61465920880482,242.61465920880482,242.61465920880482,242.61465920880482,242.61465920880482,242.61465920880482,0.0021282076356783364,246.73156544108406,[372.0],[-360.0],[1],[0],[0],[4.1418383140953665],246.7320150453495,246.73511779945375,None,,,,,,,,,,,,,,ED28,001,2024-02-02_14h00.22.905,rating,2023.2.3,85.10300836343751,2024-02-02 14h00.35.241320 +0800,
neu_148.jpg,0,24,24,246,246.7546437962451,,,,,,,,,,,,,,,,,,,,,,,246.73536013529747,,246.7353920666087,246.7353994792345,246.7546437962451,247.75446161671084,247.76613222584888,248.7404129801921,248.76389617876293,248.98741478687703,248.9874224846037,249.01295242320157,249.01295242320157,249.01295242320157,249.01295242320157,249.01295242320157,249.01295242320157,0.002044673044792944,250.11889880311742,[367.0],[-343.0],[1],[0],[0],[1.1309554389999903],250.11935382430192,250.12256577208632,None,,,,,,,,,,,,,,ED28,001,2024-02-02_14h00.22.905,rating,2023.2.3,85.10300836343751,2024-02-02 14h00.35.241320 +0800,
neu_173.jpg,0,25,25,274,250.1538040027608,,,,,,,,,,,,,,,,,,,,,,,250.12280896323296,,250.12284003924128,250.12284716676618,250.1538040027608,251.1417755918767,251.15348069823517,252.12769930056174,252.15122070266557,252.3747435872947,252.37475099992048,252.4003487925545,252.4003487925545,252.4003487925545,252.4003487925545,252.4003487925545,252.4003487925545,0.0019252157287610316,254.18854897564643,[210.0],[-247.0],[1],[0],[0],[1.813239177780133],254.18903963445496,254.19227524562166,None,,,,,,,,,,,,,,ED28,001,2024-02-02_14h00.22.905,rating,2023.2.3,85.10300836343751,2024-02-02 14h00.35.241320 +0800,
neg_53.jpg,0,26,26,141,254.2233005058547,,,,,,,,,,,,,,,,,,,,,,,254.19251444535462,,254.1925458064636,254.1925529339885,254.2233005058547,255.2112849245152,255.22295239754249,256.19719437815047,256.22072946510207,256.44422498003587,256.44423267776256,256.4697777267129,256.4697777267129,256.4697777267129,256.4697777267129,256.4697777267129,256.4697777267129,0.0017008412473842327,259.0105749660231,[-345.0],[-354.0],[1],[0],[0],[2.565836233998425],259.01103112761143,259.0141361625235,None,,,,,,,,,,,,,,ED28,001,2024-02-02_14h00.22.905,rating,2023.2.3,85.10300836343751,2024-02-02 14h00.35.241320 +0800,
neg_128.jpg,0,27,27,32,259.045534619956,,,,,,,,,,,,,,,,,,,,,,,259.01438534079125,,259.01441698700137,259.01442382942514,259.045534619956,260.0335030729609,260.0451862265429,261.0194276369489,261.0429601579915,261.26646422595513,261.2664719236818,261.29202752136894,261.29202752136894,261.29202752136894,261.29202752136894,261.29202752136894,261.29202752136894,0.0020689066291197378,266.4440020310594,[-362.0],[-202.0],[1],[0],[0],[5.177000959934958],266.44447301789955,266.4475569553381,None,,,,,,,,,,,,,,ED28,001,2024-02-02_14h00.22.905,rating,2023.2.3,85.10300836343751,2024-02-02 14h00.35.241320 +0800,
neg_70.jpg,0,28,28,160,266.47884279787854,,,,,,,,,,,,,,,,,,,,,,,266.447795584869,,266.44782637577623,266.4478332182,266.47884279787854,267.46680070214666,267.47849041305153,268.4527241257306,268.4762480937434,268.6997601445348,268.6997675571606,268.72528979803155,268.72528979803155,268.72528979803155,268.72528979803155,268.72528979803155,268.72528979803155,0.0019554364339455788,274.55945852479044,[1.0],[-336.0],[1],[0],[0],[5.859163530793239],274.55991782248975,274.56302741901777,None,,,,,,,,,,,,,,ED28,001,2024-02-02_14h00.22.905,rating,2023.2.3,85.10300836343751,2024-02-02 14h00.35.241320 +0800,
neu_130.jpg,0,29,29,227,274.58245904738055,,,,,,,,,,,,,,,,,,,,,,,274.5632663336496,,274.56329826496085,274.56330539248574,274.58245904738055,275.5822683148165,275.5939514683985,276.5681914532995,276.5917148511103,276.8152266168006,276.8152340294264,276.84076738923613,276.84076738923613,276.84076738923613,276.84076738923613,276.84076738923613,276.84076738923613,0.0019494493130878254,280.4872204905505,[-9.0],[-343.0],[1],[0],[0],[3.6714219611583303],280.4876800733507,284.29591259259723,space,280.52209803539745,280.52209803539745,3.7621838622005725,None,,,,,,,,,,ED28,001,2024-02-02_14h00.22.905,rating,2023.2.3,85.10300836343751,2024-02-02 14h00.35.241320 +0800,
neg_83.jpg,0,30,30,174,284.3072932540258,,,,,,,,,,,,,,,,,,,,,,,284.2965309766505,284.3072932540258,285.2955242850451,285.2955322678729,285.32083070446447,286.3088347950936,286.32048487696034,287.3064849927114,287.3182468341672,287.5535170201015,287.5535247178284,287.57904724380046,287.57904724380046,287.57904724380046,287.57904724380046,287.57904724380046,287.57904724380046,0.0071890353578965005,290.5669760677674,[-363.0],[-355.0],[1],[0],[0],[3.012907662345924],290.56740628516536,290.57052700063196,None,,,,,285.32083070446447,,,,,,,,,ED28,001,2024-02-02_14h00.22.905,rating,2023.2.3,85.10300836343751,2024-02-02 14h00.35.241320 +0800,
neu_113.jpg,0,31,31,208,290.58992840828955,,,,,,,,,,,,,,,,,,,,,,,290.5707696215768,,290.57080126778715,290.5708081102109,290.58992840828955,291.58973282900865,291.6014524755176,292.5756679417334,292.5991805057065,292.8227470107872,292.8227541383121,292.8482199291866,292.8482199291866,292.8482199291866,292.8482199291866,292.8482199291866,292.8482199291866,0.0019662702718505898,298.7058142641158,[48.0],[-348.0],[1],[0],[0],[5.882521284927407],298.7063231693878,298.7094424593495,None,,,,,,,,,,,,,,ED28,001,2024-02-02_14h00.22.905,rating,2023.2.3,85.10300836343751,2024-02-02 14h00.35.241320 +0800,
neg_108.jpg,0,32,32,10,298.7407570970902,,,,,,,,,,,,,,,,,,,,,,,298.7096810888804,,298.70971244998964,298.7097192924134,298.7407570970902,299.7287187076713,299.74040699307125,300.7146481183761,300.73817009068193,300.96167843516037,300.96168556268526,300.98720210153647,300.98720210153647,300.98720210153647,300.98720210153647,300.98720210153647,300.98720210153647,0.00198736774518693,305.2687544422297,[-240.0],[186.0],[1],[0],[0],[4.306522626042579],305.2691820937189,305.2723341702947,None,,,,,,,,,,,,,,ED28,001,2024-02-02_14h00.22.905,rating,2023.2.3,85.10300836343751,2024-02-02 14h00.35.241320 +0800,
neg_68.jpg,0,33,33,157,305.29185959688425,,,,,,,,,,,,,,,,,,,,,,,305.27257308492676,,305.272604446036,305.27261128845976,305.29185959688425,306.29166743881524,306.30336798355756,307.27759086239917,307.301113404907,307.52462288978927,307.5246305875162,307.5501750662645,307.5501750662645,307.5501750662645,307.5501750662645,307.5501750662645,307.5501750662645,0.0020409667317835556,313.26676358199734,[-312.0],[324.0],[1],[0],[0],[5.741554239466041],313.2672320029285,313.2703484418803,None,,,,,,,,,,,,,,ED28,001,2024-02-02_14h00.22.905,rating,2023.2.3,85.10300836343751,2024-02-02 14h00.35.241320 +0800,
neu_154.jpg,0,34,34,253,313.3015715622023,,,,,,,,,,,,,,,,,,,,,,,313.2705865012092,,313.27061786231843,313.2706247047422,313.3015715622023,314.2895166369258,314.3012006458107,315.27544205621666,315.29896573912856,315.5224780750209,315.5224857727476,315.5479951840739,315.5479951840739,315.5479951840739,315.5479951840739,315.5479951840739,315.5479951840739,0.0018835909838799125,320.5118780201103,[250.0],[13.0],[1],[0],[0],[4.988793820378987],320.51235784508117,320.5155720736734,None,,,,,,,,,,,,,,ED28,001,2024-02-02_14h00.22.905,rating,2023.2.3,85.10300836343751,2024-02-02 14h00.35.241320 +0800,
neu_175.jpg,0,35,35,276,320.5466631922359,,,,,,,,,,,,,,,,,,,,,,,320.51581041810346,,320.5158426345156,320.51584947693937,320.5466631922359,321.53464247907846,321.54631394351964,322.5205584900366,322.5440975684021,322.7675856707101,322.7675930833359,322.79314183859924,322.79314183859924,322.79314183859924,322.79314183859924,322.79314183859924,322.79314183859924,0.0017644187689711543,329.09777338975664,[212.0],[-356.0],[1],[0],[0],[6.329609249132545],329.0982534998284,329.10137963221405,None,,,,,,,,,,,,,,ED28,001,2024-02-02_14h00.22.905,rating,2023.2.3,85.10300836343751,2024-02-02 14h00.35.241320 +0800,
neu_66.jpg,0,36,36,347,329.1325816550625,,,,,,,,,,,,,,,,,,,,,,,329.1016225382598,,329.1016536142681,329.1016604566919,329.1325816550625,330.1205583759963,330.13224010407316,331.1065445217987,331.1300069079971,331.3535420519688,331.3535494645946,331.3790460463763,331.3790460463763,331.3790460463763,331.3790460463763,331.3790460463763,331.3790460463763,0.0019103904771782254,334.7196815764032,[194.0],[-357.0],[1],[0],[0],[3.36551486815938],334.72015740996017,334.7232980824963,None,,,,,,,,,,,,,,ED28,001,2024-02-02_14h00.22.905,rating,2023.2.3,85.10300836343751,2024-02-02 14h00.35.241320 +0800,
neu_24.jpg,0,37,37,301,334.7546321071045,,,,,,,,,,,,,,,,,,,,,,,334.7235426991481,,334.7235749155602,334.7235820430849,334.7546321071045,335.74257775203,335.75426261621783,336.72850231601797,336.75202656913166,336.97553377320605,336.97554118583184,337.001063426703,337.001063426703,337.001063426703,337.001063426703,337.001063426703,337.001063426703,0.0019799551193955267,340.48283278627196,[-45.0],[-343.0],[1],[0],[0],[3.5066940287592843],340.48334796376594,340.48646554312154,None,,,,,,,,,,,,,,ED28,001,2024-02-02_14h00.22.905,rating,2023.2.3,85.10300836343751,2024-02-02 14h00.35.241320 +0800,
neu_9.jpg,0,38,38,373,340.5059407919364,,,,,,,,,,,,,,,,,,,,,,,340.4867081640664,,340.48673981027673,340.4867466527005,340.5059407919364,341.5057372298277,341.51742523012626,342.4916609385125,342.5151851916264,342.73869125529677,342.73869866792256,342.7642286065204,342.7642286065204,342.7642286065204,342.7642286065204,342.7642286065204,342.7642286065204,0.0019725424936041236,346.97530854342176,[2.0],[-346.0],[1],[0],[0],[4.236003180586749],346.97581317217896,346.97891792199016,None,,,,,,,,,,,,,,ED28,001,2024-02-02_14h00.22.905,rating,2023.2.3,85.10300836343751,2024-02-02 14h00.35.241320 +0800,
neu_161.jpg,0,39,39,261,346.9983324442933,,,,,,,,,,,,,,,,,,,,,,,346.979157406824,,346.97918876793324,346.979195610357,346.9983324442933,347.99814000112315,348.0097952148078,348.98403491460795,349.0075574571158,349.2310680824021,349.231075209927,349.2566159823625,349.2566159823625,349.2566159823625,349.2566159823625,349.2566159823625,349.2566159823625,0.0019006970433110837,351.53871087024504,[216.0],[-341.0],[1],[0],[0],[2.307007012628901],351.53919326112486,351.5423615884572,None,,,,,,,,,,,,,,ED28,001,2024-02-02_14h00.22.905,rating,2023.2.3,85.10300836343751,2024-02-02 14h00.35.241320 +0800,
neg_156.jpg,0,40,40,63,351.5617812425785,,,,,,,,,,,,,,,,,,,,,,,351.5426027838971,,351.5426344301072,351.5426412725312,351.5617812425785,352.5616623554645,352.57327565930314,353.5475139335981,353.5710373314091,353.79454596098844,353.79455422891715,353.8200767548892,353.8200767548892,353.8200767548892,353.8200767548892,353.8200767548892,353.8200767548892,0.001933768758590304,355.46730875211574,[-402.0],[346.0],[1],[0],[0],[1.6721050631369963],355.46775978188634,355.47087736124195,None,,,,,,,,,,,,,,ED28,001,2024-02-02_14h00.22.905,rating,2023.2.3,85.10300836343751,2024-02-02 14h00.35.241320 +0800,
neg_7.jpg,0,41,41,159,355.50198102424815,,,,,,,,,,,,,,,,,,,,,,,355.47109489329955,,355.4711239736007,355.47112996072156,355.50198102424815,356.489989106291,356.5016357669458,357.47589913012825,357.49939572844573,357.7229767736774,357.7229941648379,357.7484337264211,357.7484337264211,357.7484337264211,357.7484337264211,357.7484337264211,357.7484337264211,0.001911530880988721,360.2187129457802,[-350.0],[-341.0],[1],[0],[0],[2.4950664698710625],360.2191856432262,360.22217008041844,None,,,,,,,,,,,,,,ED28,001,2024-02-02_14h00.22.905,rating,2023.2.3,85.10300836343751,2024-02-02 14h00.35.241320 +0800,
neu_92.jpg,0,42,42,376,360.24182864917157,,,,,,,,,,,,,,,,,,,,,,,360.2224135566662,,360.2224440624725,360.2224511899972,360.24182864917157,361.2416088363061,361.2532959813018,362.2275356811019,362.2510767551744,362.47456884889607,362.47457597642097,362.500174909459,362.500174909459,362.500174909459,362.500174909459,362.500174909459,362.500174909459,0.0021470243011663115,364.476577670491,[-168.0],[-323.0],[1],[0],[0],[2.0013362683528158],364.47707289091545,364.4801650962829,None,,,,,,,,,,,,,,ED28,001,2024-02-02_14h00.22.905,rating,2023.2.3,85.10300836343751,2024-02-02 14h00.35.241320 +0800,
neg_76.jpg,0,43,43,166,364.5113217880735,,,,,,,,,,,,,,,,,,,,,,,364.48041455965154,,364.4804436399527,364.48044991217466,364.5113217880735,365.4993250233997,365.5109773860743,366.4852250687022,366.50873848797823,366.73224569205263,366.73225338977954,366.75777449024645,366.75777449024645,366.75777449024645,366.75777449024645,366.75777449024645,366.75777449024645,0.001824289977321314,371.36868775710764,[-248.0],[-245.0],[1],[0],[0],[4.63574670373373],371.3691410676861,371.3721468874526,None,,,,,,,,,,,,,,ED28,001,2024-02-02_14h00.22.905,rating,2023.2.3,85.10300836343751,2024-02-02 14h00.35.241320 +0800,
neu_43.jpg,0,44,44,322,371.3917444445933,,,,,,,,,,,,,,,,,,,,,,,371.37238722758957,,371.3724185886988,371.37242543112256,371.3917444445933,372.3915876390472,372.40324998025676,373.37748141212796,373.4010267627152,373.6245140097201,373.6245219925479,373.6500391016011,373.6500391016011,373.6500391016011,373.6500391016011,373.6500391016011,373.6500391016011,0.0021176588988964795,378.684447940416,[221.0],[-228.0],[1],[0],[0],[5.059216616598178],378.684966824223,378.68794727000113,None,,,,,,,,,,,,,,ED28,001,2024-02-02_14h00.22.905,rating,2023.2.3,85.10300836343751,2024-02-02 14h00.35.241320 +0800,
neu_163.jpg,0,45,45,263,378.71926932036763,,,,,,,,,,,,,,,,,,,,,,,378.6881787720072,,378.6882064268036,378.68821269902537,378.71926932036763,379.7072394839786,379.71894487543796,380.6931631926634,380.71668573517127,380.9401937945488,380.9402014922755,380.96572344804554,380.96572344804554,380.96572344804554,380.96572344804554,380.96572344804554,380.96572344804554,0.002008750319646424,384.4709551938131,[236.0],[-345.0],[1],[0],[0],[3.530097969254257],384.4714558311564,384.47460619712615,None,,,,,,,,,,,,,,ED28,001,2024-02-02_14h00.22.905,rating,2023.2.3,85.10300836343751,2024-02-02 14h00.35.241320 +0800,
neu_23.jpg,0,46,46,300,384.5059502002691,,,,,,,,,,,,,,,,,,,,,,,384.4748262950925,,384.474855090293,384.47486136251473,384.5059502002691,385.49389613029575,385.5056055131688,386.479844357666,386.50335777694204,386.72687581485434,386.726883512581,386.7524339784502,386.7524339784502,386.7524339784502,386.7524339784502,386.7524339784502,386.7524339784502,0.0020426773378403595,389.3402477926768,[366.0],[-370.0],[1],[0],[0],[2.6126888758440145],389.3407723785035,389.3438406353873,None,,,,,,,,,,,,,,ED28,001,2024-02-02_14h00.22.905,rating,2023.2.3,85.10300836343751,2024-02-02 14h00.35.241320 +0800,
neu_164.jpg,0,47,47,264,389.36341852055966,,,,,,,,,,,,,,,,,,,,,,,389.34405674194,,389.3440852520391,389.3440915242611,389.36341852055966,390.36320013319914,390.37488756329594,391.34912355678307,391.37264752479587,391.5961564394763,391.5961638521021,391.621694360902,391.621694360902,391.621694360902,391.621694360902,391.621694360902,391.621694360902,0.002092855112550751,396.5147820588227,[182.0],[-72.0],[1],[0],[0],[4.91794479817554],396.5154001577748,396.518501201273,None,,,,,,,,,,,,,,ED28,001,2024-02-02_14h00.22.905,rating,2023.2.3,85.10300836343751,2024-02-02 14h00.35.241320 +0800,
neu_123.jpg,0,48,48,219,396.5498534723447,,,,,,,,,,,,,,,,,,,,,,,396.518738405299,,396.51876976640824,396.5187768939329,396.5498534723447,397.5377874281296,397.54942354004766,398.5236678014637,398.54719034397135,398.77069811824776,398.7707055308738,398.7962266313407,398.7962266313407,398.7962266313407,398.7962266313407,398.7962266313407,398.7962266313407,0.0019488791112962645,401.83107680649255,[240.0],[-358.0],[1],[0],[0],[3.05966279965196],401.8315919839863,401.8346511176387,None,,,,,,,,,,,,,,ED28,001,2024-02-02_14h00.22.905,rating,2023.2.3,85.10300836343751,2024-02-02 14h00.35.241320 +0800,
neu_151.jpg,0,49,49,250,401.86605527709094,,,,,,,,,,,,,,,,,,,,,,,401.8348683645952,,401.8348963044923,401.8349025767143,401.86605527709094,402.85395844196864,402.8656478677724,403.8398855718656,403.86340868457523,404.0869187396597,404.0869264373864,404.11237113078755,404.11237113078755,404.11237113078755,404.11237113078755,404.11237113078755,404.11237113078755,0.002044673044792944,409.7937602226525,[271.0],[-69.0],[1],[0],[0],[5.706107918138514],409.7942229415637,409.7973485037471,None,,,,,,,,,,,,,,ED28,001,2024-02-02_14h00.22.905,rating,2023.2.3,85.10300836343751,2024-02-02 14h00.35.241320 +0800,
neu_35.jpg,0,50,50,313,409.8285664922514,,,,,,,,,,,,,,,,,,,,,,,409.7975874183792,,409.7976190645893,409.7976261921142,409.8285664922514,410.81657115308235,410.82821154151543,411.8024535221234,411.8259760646313,412.0494644520402,412.04947157956485,412.07493765554045,412.07493765554045,412.07493765554045,412.07493765554045,412.07493765554045,412.07493765554045,0.0018664849244487414,419.2382189855023,[2.0],[169.0],[1],[0],[0],[7.187987326690745],419.238743571329,419.2418531678568,None,,,,,,,,,,,,,,ED28,001,2024-02-02_14h00.22.905,rating,2023.2.3,85.10300836343751,2024-02-02 14h00.35.241320 +0800,
neu_162.jpg,0,51,51,262,419.2730825604008,,,,,,,,,,,,,,,,,,,,,,,419.24209721430657,,419.2421282903149,419.24213513273867,419.2730825604008,420.2610564303245,420.2727381584016,421.2470172021385,421.2704972645986,421.4940201492275,421.4940278469544,421.5194531534878,421.5194531534878,421.5194531534878,421.5194531534878,421.5194531534878,421.5194531534878,0.001913241487045525,433.09337285593347,[-219.0],[-221.0],[1],[0],[0],[11.59859690397434],433.09388432711467,433.0968969893049,None,,,,,,,,,,,,,,ED28,001,2024-02-02_14h00.22.905,rating,2023.2.3,85.10300836343751,2024-02-02 14h00.35.241320 +0800,
neu_142.jpg,0,52,52,240,433.1281868232593,,,,,,,,,,,,,,,,,,,,,,,433.0971450271686,,433.09717724358075,433.09718408600475,433.1281868232593,434.11614985934534,434.1278398553511,435.1020752786362,435.1255983913461,435.3491058805216,435.3491132931474,435.38639823077733,435.38639823077733,435.38639823077733,435.38639823077733,435.38639823077733,435.38639823077733,0.0019505897171256947,438.809390599479,[233.0],[-230.0],[1],[0],[0],[3.459562273041911],438.80986985424784,438.81302563713643,None,,,,,,,,,,,,,,ED28,001,2024-02-02_14h00.22.905,rating,2023.2.3,85.10300836343751,2024-02-02 14h00.35.241320 +0800,
neu_8.jpg,0,53,53,362,438.83244614656064,,,,,,,,,,,,,,,,,,,,,,,438.8132751005053,,438.8133070318163,438.8133138742403,438.83244614656064,439.8322876304087,439.8439488312142,440.8181868204083,440.84170964801706,441.06522312431343,441.06523110714124,441.10251148315524,441.10251148315524,441.10251148315524,441.10251148315524,441.10251148315524,441.10251148315524,0.0019389005763059686,450.2416421931223,[209.0],[-78.0],[1],[0],[0],[9.175502754218087],450.24213028602185,450.2451272676576,None,,,,,,,,,,,,,,ED28,001,2024-02-02_14h00.22.905,rating,2023.2.3,85.10300836343751,2024-02-02 14h00.35.241320 +0800,
neu_190.jpg,0,54,54,293,450.2765456821596,,,,,,,,,,,,,,,,,,,,,,,450.24537730122825,,450.2454103729435,450.2454175004682,450.2765456821596,451.2645195520836,451.2761696339503,452.25041018905335,452.27393358686413,452.4974436419484,452.4974510545742,452.53473342629513,452.53473342629513,452.53473342629513,452.53473342629513,452.53473342629513,452.53473342629513,0.0020555068824705813,463.3322358845785,[227.0],[-59.0],[1],[0],[0],[10.834001657577119],463.3327590449003,463.33582416567333,None,,,,,,,,,,,,,,ED28,001,2024-02-02_14h00.22.905,rating,2023.2.3,85.10300836343751,2024-02-02 14h00.35.241320 +0800,
neg_165.jpg,0,55,55,73,463.3552811680245,,,,,,,,,,,,,,,,,,,,,,,463.33604711464955,,463.3360759098498,463.3360821820718,463.3552811680245,464.35513149000326,464.3667710231334,465.3410101527313,465.36454324397596,465.58804246522254,465.58805044805035,465.62533453037736,465.62533453037736,465.62533453037736,465.62533453037736,465.62533453037736,465.62533453037736,0.001988508149224799,467.56649111097863,[-416.0],[-368.0],[1],[0],[0],[1.9776452311584762],467.56698148468627,467.56996791758525,None,,,,,,,,,,,,,,ED28,001,2024-02-02_14h00.22.905,rating,2023.2.3,85.10300836343751,2024-02-02 14h00.35.241320 +0800,
neg_14.jpg,0,56,56,45,467.60129795077955,,,,,,,,,,,,,,,,,,,,,,,467.57021567034803,,467.57024703145703,467.57025387388103,467.60129795077955,468.589242455301,468.600924468479,469.575167589491,469.59869298300873,469.8222016125883,469.8222090252141,469.8595207623373,469.8595207623373,469.8595207623373,469.8595207623373,469.8595207623373,469.8595207623373,0.001975393503471423,475.4702971807217,[-334.0],[-346.0],[1],[0],[0],[5.647298140656858],475.4708109327107,475.47387462797883,None,,,,,,,,,,,,,,ED28,001,2024-02-02_14h00.22.905,rating,2023.2.3,85.10300836343751,2024-02-02 14h00.35.241320 +0800,
neu_84.jpg,0,57,57,367,475.50503303037544,,,,,,,,,,,,,,,,,,,,,,,475.47408987922836,,475.4741183893275,475.47412466154947,475.50503303037544,476.4929989174716,476.5047279723133,477.4789286132773,477.5024491600782,477.725979742434,477.7259874401609,477.76325099521614,477.76325099521614,477.76325099521614,477.76325099521614,477.76325099521614,477.76325099521614,0.0018841611858988472,482.66824935731097,[248.0],[-349.0],[1],[0],[0],[4.941474753309194],482.66876852621886,482.6719368535512,None,,,,,,,,,,,,,,ED28,001,2024-02-02_14h00.22.905,rating,2023.2.3,85.10300836343751,2024-02-02 14h00.35.241320 +0800,
neu_71.jpg,0,58,58,353,482.70315769306535,,,,,,,,,,,,,,,,,,,,,,,482.6721780489911,,482.67220655909045,482.6722128313122,482.70315769306535,483.69110647410184,483.7027460072318,484.67699026864784,484.7005139515595,484.924024006644,484.9240322745727,484.9613157866977,484.9613157866977,484.9613157866977,484.9613157866977,484.9613157866977,484.9613157866977,0.0018408258349609241,490.1134046218863,[-1.0],[83.0],[1],[0],[0],[5.188532154687664],490.11393662033856,490.11713317266936,None,,,,,,,,,,,,,,ED28,001,2024-02-02_14h00.22.905,rating,2023.2.3,85.10300836343751,2024-02-02 14h00.35.241320 +0800,
neu_7.jpg,0,59,59,351,490.1481584329024,,,,,,,,,,,,,,,,,,,,,,,490.1173723724023,,490.1174048739156,490.11741171633935,490.1481584329024,491.1361237497965,491.1478106096913,492.1220491690874,492.14557171159527,492.3690809113766,492.3690886091033,492.4063726914303,492.4063726914303,492.4063726914303,492.4063726914303,492.4063726914303,492.4063726914303,0.0016974200357253721,499.7813962478999,[221.0],[82.0],[1],[0],[0],[7.411498807280168],499.78191769761565,502.58056626188977,space,499.8043850813492,499.8043850813492,2.7707719594050104,None,,,,,,,,,,ED28,001,2024-02-02_14h00.22.905,rating,2023.2.3,85.10300836343751,2024-02-02 14h00.35.241320 +0800,
neg_100.jpg,0,60,60,2,502.5917909730754,,,,,,,,,,,,,,,,,,,,,,,502.5809454462101,502.5917909730754,503.58003853995206,503.58004623767897,503.60336692868395,504.6030977933467,504.61477952142377,505.58901836592077,505.6125426190347,505.83603072134247,505.8360389892714,505.87336384104015,505.87336384104015,505.87336384104015,505.87336384104015,505.87336384104015,505.87336384104015,0.0052640334549778345,508.83767404346463,[-349.0],[-363.0],[1],[0],[0],[3.0008216610610816],508.8381729702021,508.8412788604171,None,,,,,503.60336692868395,,,,,,,,,ED28,001,2024-02-02_14h00.22.905,rating,2023.2.3,85.10300836343751,2024-02-02 14h00.35.241320 +0800,
neg_157.jpg,0,61,61,64,508.87254873730194,,,,,,,,,,,,,,,,,,,,,,,508.84152974929066,,508.8415619657028,508.8415693783286,508.87254873730194,509.86048383349066,509.87219321636394,510.84643263106295,510.86995260766184,511.0934695051701,511.0934774879979,511.13077525517247,511.13077525517247,511.13077525517247,511.13077525517247,511.13077525517247,511.13077525517247,0.00192892204177042,513.3894835937208,[-394.0],[341.0],[1],[0],[0],[2.295181878752828],513.3900372598487,513.3931750813749,None,,,,,,,,,,,,,,ED28,001,2024-02-02_14h00.22.905,rating,2023.2.3,85.10300836343751,2024-02-02 14h00.35.241320 +0800,
neu_51.jpg,0,62,62,331,513.4242550809986,,,,,,,,,,,,,,,,,,,,,,,513.3934194129256,,513.3934513442368,513.3934584717617,513.4242550809986,514.4122383592551,514.4239075428884,515.3981586467282,515.4216940187807,515.6451789849777,515.6451866827044,515.6824719054355,515.6824719054355,515.6824719054355,515.6824719054355,515.6824719054355,515.6824719054355,0.001749308416265194,520.6227463835651,[215.0],[64.0],[1],[0],[0],[4.976742316314585],520.6232689736848,520.6263760043039,None,,,,,,,,,,,,,,ED28,001,2024-02-02_14h00.22.905,rating,2023.2.3,85.10300836343751,2024-02-02 14h00.35.241320 +0800,
neg_105.jpg,0,63,63,7,520.6576019756358,,,,,,,,,,,,,,,,,,,,,,,520.6266194805517,,520.6266519820649,520.6266588244887,520.6576019756358,521.6455838283873,521.6572578587375,522.6314984138405,522.6550534578616,522.8785298710288,522.8785375687555,522.9158190851736,522.9158190851736,522.9158190851736,522.9158190851736,522.9158190851736,522.9158190851736,0.0018998417403963686,524.7511381944382,[-387.0],[-364.0],[1],[0],[0],[1.8717815305305976],524.7516855883443,524.7547301818458,None,,,,,,,,,,,,,,ED28,001,2024-02-02_14h00.22.905,rating,2023.2.3,85.10300836343751,2024-02-02 14h00.35.241320 +0800,
neg_89.jpg,0,64,64,180,524.7740822670319,,,,,,,,,,,,,,,,,,,,,,,524.7549465734994,,524.7549747984976,524.7549810707196,524.7740822670319,525.7738781347209,525.7855644244139,526.7598007030019,526.7833255263179,527.0068313048873,527.006839002614,527.0441210892341,527.0441210892341,527.0441210892341,527.0441210892341,527.0441210892341,527.0441210892341,0.0018784591659368743,532.5136735861627,[-396.0],[328.0],[1],[0],[0],[5.505956472491107],532.5141973166865,532.5173756225536,None,,,,,,,,,,,,,,ED28,001,2024-02-02_14h00.22.905,rating,2023.2.3,85.10300836343751,2024-02-02 14h00.35.241320 +0800,
neu_110.jpg,0,65,65,205,532.5366838021866,,,,,,,,,,,,,,,,,,,,,,,532.5176122563776,,532.5176433323859,532.5176501748097,532.5366838021866,533.5365116011869,533.5481830656281,534.522399672248,534.545948158946,534.7694530822125,534.7694604948383,534.8067642491337,534.8067642491337,534.8067642491337,534.8067642491337,534.8067642491337,534.8067642491337,0.0018311324010937824,542.3228115861623,[233.0],[-247.0],[1],[0],[0],[7.552468418650278],542.3233373123928,542.3264429175069,None,,,,,,,,,,,,,,ED28,001,2024-02-02_14h00.22.905,rating,2023.2.3,85.10300836343751,2024-02-02 14h00.35.241320 +0800,
neg_61.jpg,0,66,66,150,542.3458138193582,,,,,,,,,,,,,,,,,,,,,,,542.3266604495643,,542.3266898149666,542.3266963722895,542.3458138193582,543.3456299292179,543.3573093764869,544.331551071994,544.3550838781375,544.5785833844852,544.5785910822119,544.615873168832,544.615873168832,544.615873168832,544.615873168832,544.615873168832,544.615873168832,0.001915807396017044,549.344486104035,[-364.0],[-217.0],[1],[0],[0],[4.764993817584809],549.3450391999609,549.3481319755304,None,,,,,,,,,,,,,,ED28,001,2024-02-02_14h00.22.905,rating,2023.2.3,85.10300836343751,2024-02-02 14h00.35.241320 +0800,
neg_38.jpg,0,67,67,124,549.3793037776736,,,,,,,,,,,,,,,,,,,,,,,549.3483728858691,,549.3484045320795,549.3484113745033,549.3793037776736,550.3672679541637,550.3789499673417,551.3531928032526,551.3767162010633,551.6002265412487,551.6002342389756,551.6375265892314,551.6375265892314,551.6375265892314,551.6375265892314,551.6375265892314,551.6375265892314,0.0018436768448282237,553.8609006511422,[-343.0],[-323.0],[1],[0],[0],[2.2597546591916853],553.8614346453016,553.8645898579882,None,,,,,,,,,,,,,,ED28,001,2024-02-02_14h00.22.905,rating,2023.2.3,85.10300836343751,2024-02-02 14h00.35.241320 +0800,
neg_146.jpg,0,68,68,52,553.8957320096283,,,,,,,,,,,,,,,,,,,,,,,553.8648284875192,,553.8648595635275,553.8648666910522,553.8957320096283,554.8837249813187,554.8953839013163,555.8696364306609,555.8931498499371,556.1166590497185,556.1166664623443,556.153950544671,556.153950544671,556.153950544671,556.153950544671,556.153950544671,556.153950544671,0.0018211538665582339,558.8007164017745,[-362.0],[87.0],[1],[0],[0],[2.683154152111001],558.801245264116,558.8043756730165,None,,,,,,,,,,,,,,ED28,001,2024-02-02_14h00.22.905,rating,2023.2.3,85.10300836343751,2024-02-02 14h00.35.241320 +0800,
neg_104.jpg,0,69,69,6,558.8237645362306,,,,,,,,,,,,,,,,,,,,,,,558.8046125919413,,558.8046442381517,558.8046513656764,558.8237645362306,559.8235452935671,559.8352338640677,560.8094766999789,560.8330183442531,561.0565090124701,561.0565167101968,561.0937996521197,561.0937996521197,561.0937996521197,561.0937996521197,561.0937996521197,561.0937996521197,0.0018870121957661468,562.3292255031961,[-391.0],[-354.0],[1],[0],[0],[1.2717713809349789],562.3297785991219,562.3329586155951,None,,,,,,,,,,,,,,ED28,001,2024-02-02_14h00.22.905,rating,2023.2.3,85.10300836343751,2024-02-02 14h00.35.241320 +0800,
neg_97.jpg,0,70,70,189,562.3640654147121,,,,,,,,,,,,,,,,,,,,,,,562.3332115001758,,562.333240010275,562.3332462824969,562.3640654147121,563.3520566757966,563.3636979195326,564.3379153814551,564.361437923963,564.5849733530356,564.5849810507625,564.6222619969785,564.6222619969785,564.6222619969785,564.6222619969785,564.6222619969785,564.6222619969785,0.0017561508400376624,565.3637158808949,[-392.0],[-363.0],[1],[0],[0],[0.7778190857438858],565.3642584280842,565.3674090791551,None,,,,,,,,,,,,,,ED28,001,2024-02-02_14h00.22.905,rating,2023.2.3,85.10300836343751,2024-02-02 14h00.35.241320 +0800,
neu_170.jpg,0,71,71,271,565.3985398267555,,,,,,,,,,,,,,,,,,,,,,,565.3676474235851,,565.3676790697953,565.367685912219,565.3985398267555,566.3864954502158,566.3981877270294,567.3724194440017,567.3959414163076,567.61945090119,567.6194583138158,567.6567423961426,567.6567423961426,567.6567423961426,567.6567423961426,567.6567423961426,567.6567423961426,0.0017929288683262712,574.2907046527625,[12.0],[166.0],[1],[0],[0],[6.670321186225465],574.291246914851,574.2944389055656,None,,,,,,,,,,,,,,ED28,001,2024-02-02_14h00.22.905,rating,2023.2.3,85.10300836343751,2024-02-02 14h00.35.241320 +0800,
neu_4.jpg,0,72,72,318,574.3255482705915,,,,,,,,,,,,,,,,,,,,,,,574.2946818116116,,574.2947140280237,574.2947211555486,574.3255482705915,575.3135090258697,575.3251824860179,576.2994327345548,576.3229555621635,576.546463906642,576.5464713192678,576.5838041538643,576.5838041538643,576.5838041538643,576.5838041538643,576.5838041538643,576.5838041538643,0.0017712611927436228,582.9001735979944,[2.0],[-260.0],[1],[0],[0],[6.352734931058194],582.9007212770016,582.9039152634232,None,,,,,,,,,,,,,,ED28,001,2024-02-02_14h00.22.905,rating,2023.2.3,85.10300836343751,2024-02-02 14h00.35.241320 +0800,
neu_102.jpg,0,73,73,196,582.9350049564807,,,,,,,,,,,,,,,,,,,,,,,582.9041564588631,,582.9041878199723,582.9041946623961,582.9350049564807,583.922959439537,583.9346488653407,584.9088834333229,584.9324074013357,585.1559174564202,585.1559251541469,585.1932505761179,585.1932505761179,585.1932505761179,585.1932505761179,585.1932505761179,585.1932505761179,0.0017515892241135589,588.5457272056767,[217.0],[170.0],[1],[0],[0],[3.3888520950220027],588.5462691826638,588.5493596774254,None,,,,,,,,,,,,,,ED28,001,2024-02-02_14h00.22.905,rating,2023.2.3,85.10300836343751,2024-02-02 14h00.35.241320 +0800,
neu_156.jpg,0,74,74,255,588.5805306242657,,,,,,,,,,,,,,,,,,,,,,,588.5495980218552,,588.5496290978635,588.5496362253882,588.5805306242657,589.5685030686845,589.5801862222663,590.5544404622171,590.5779487496752,590.8015086974333,590.801525518392,590.8387457380966,590.8387457380966,590.8387457380966,590.8387457380966,590.8387457380966,590.8387457380966,0.0019103904771782254,594.7559176274808,[79.0],[-330.0],[1],[0],[0],[3.9534375909649953],594.756458464064,594.7595235848371,None,,,,,,,,,,,,,,ED28,001,2024-02-02_14h00.22.905,rating,2023.2.3,85.10300836343751,2024-02-02 14h00.35.241320 +0800,
neg_177.jpg,0,75,75,86,594.7906685874871,,,,,,,,,,,,,,,,,,,,,,,594.7597627845701,,594.7597938605782,594.7598007030019,594.7906685874871,595.7786242109473,595.7902805650358,596.764522545644,596.7880453732528,597.0115545730341,597.011562270761,597.0488546210165,597.0488546210165,597.0488546210165,597.0488546210165,597.0488546210165,597.0488546210165,0.0017818099295254797,599.7662801932643,[-387.0],[342.0],[1],[0],[0],[2.7537183584227023],599.7668449783309,599.769948872839,None,,,,,,,,,,,,,,ED28,001,2024-02-02_14h00.22.905,rating,2023.2.3,85.10300836343751,2024-02-02 14h00.35.241320 +0800,
neu_15.jpg,0,76,76,248,599.8010436977142,,,,,,,,,,,,,,,,,,,,,,,599.7701863619659,,599.7702177230751,599.7702248506,599.8010436977142,600.7890560562721,600.8007030020278,601.7749455528378,601.7984632486289,602.0219832822479,602.0219912650757,602.0592696453828,602.0592696453828,602.0592696453828,602.0592696453828,602.0592696453828,602.0592696453828,0.0017875119492600788,605.0237320917374,[2.0],[372.0],[1],[0],[0],[3.000734990359433],605.024302008622,605.0274004862113,None,,,,,,,,,,,,,,ED28,001,2024-02-02_14h00.22.905,rating,2023.2.3,85.10300836343751,2024-02-02 14h00.35.241320 +0800,
neg_117.jpg,0,77,77,20,605.0584576777555,,,,,,,,,,,,,,,,,,,,,,,605.027640826348,,605.0276721874573,605.0276793149822,605.0584576777555,606.0464315476793,606.0581568962082,607.0323427119206,607.0558749478621,607.2794132279448,607.2794220660755,607.3166722213844,607.3166722213844,607.3166722213844,607.3166722213844,607.3166722213844,607.3166722213844,0.0017638485669522197,612.1863950376462,[-380.0],[180.0],[1],[0],[0],[4.905997641074464],612.1869544057938,612.190017245759,None,,,,,,,,,,,,,,ED28,001,2024-02-02_14h00.22.905,rating,2023.2.3,85.10300836343751,2024-02-02 14h00.35.241320 +0800,
neu_138.jpg,0,78,78,235,612.2212563317366,,,,,,,,,,,,,,,,,,,,,,,612.190257015694,,612.1902886619041,612.190295789429,612.2212563317366,613.2092088190859,613.220887981254,614.1951339532759,614.2186787336611,614.4421656955651,614.4421739634938,614.4794757220823,614.4794757220823,614.4794757220823,614.4794757220823,614.4794757220823,614.4794757220823,0.0018998417406237422,617.4791301796793,[7.0],[358.0],[1],[0],[0],[3.0359694816493175],617.4796838458071,617.4828091228896,None,,,,,,,,,,,,,,ED28,001,2024-02-02_14h00.22.905,rating,2023.2.3,85.10300836343751,2024-02-02 14h00.35.241320 +0800,
neg_112.jpg,0,79,79,15,617.5139390151869,,,,,,,,,,,,,,,,,,,,,,,617.4830480375215,,617.4830793986307,617.4830859559536,617.5139390151869,618.5019106043028,618.5135926174808,619.487828896069,619.5113525789807,619.7348828762356,619.7348908590634,619.7721558396238,619.7721558396238,619.7721558396238,619.7721558396238,619.7721558396238,619.7721558396238,0.0018260005833781179,623.4070489509852,[-172.0],[-355.0],[1],[0],[0],[3.671085256885817],623.4077041130665,623.4108852699435,None,,,,,,,,,,,,,,ED28,001,2024-02-02_14h00.22.905,rating,2023.2.3,85.10300836343751,2024-02-02 14h00.35.241320 +0800,
neg_145.jpg,0,80,80,51,623.4417525842266,,,,,,,,,,,,,,,,,,,,,,,623.4111298865953,,623.4111618179065,623.4111689454314,623.4417525842266,624.4297370028871,624.4414090375303,625.4156481671284,625.4391875305948,625.6626799094176,625.6626876071446,625.6999696937644,625.6999696937644,625.6999696937644,625.6999696937644,625.6999696937644,625.6999696937644,0.0015411846916322247,631.7342043358728,[-257.0],[-337.0],[1],[0],[0],[6.070479531316778],631.7347634189196,631.7378787174675,None,,,,,,,,,,,,,,ED28,001,2024-02-02_14h00.22.905,rating,2023.2.3,85.10300836343751,2024-02-02 14h00.35.241320 +0800,
neg_9.jpg,0,81,81,181,631.7570922435709,,,,,,,,,,,,,,,,,,,,,,,631.7381184874023,,631.7381495634106,631.7381566909353,631.7570922435709,632.7568906771689,632.7685989196382,633.7428226537827,633.7663457664926,633.9898538258699,633.9898612384957,634.027172120316,634.027172120316,634.027172120316,634.027172120316,634.027172120316,634.027172120316,0.0017253599328341807,637.8030624978439,[-254.0],[-322.0],[1],[0],[0],[3.81218744021794],637.8036272829106,637.8067745127694,None,,,,,,,,,,,,,,ED28,001,2024-02-02_14h00.22.905,rating,2023.2.3,85.10300836343751,2024-02-02 14h00.35.241320 +0800,
neg_118.jpg,0,82,82,21,637.8260367911428,,,,,,,,,,,,,,,,,,,,,,,637.8070242612391,,637.8070556223483,637.8070624647721,637.8260367911428,638.8258577477193,638.837542326806,639.8117803160003,639.835304569114,640.0588120582895,640.0588200411173,640.0961064042522,640.0961064042522,640.0961064042522,640.0961064042522,640.0961064042522,640.0961064042522,0.0017778185156203108,646.0597306536881,[-237.0],[371.0],[1],[0],[0],[5.9998640068263285],646.0603108342084,646.0633269176105,None,,,,,,,,,,,,,,ED28,001,2024-02-02_14h00.22.905,rating,2023.2.3,85.10300836343751,2024-02-02 14h00.35.241320 +0800,
neg_23.jpg,0,83,83,108,646.094493873037,,,,,,,,,,,,,,,,,,,,,,,646.0635706789594,,646.0636020400686,646.0636088824924,646.094493873037,647.0824845639195,647.0941836831569,648.0683860347269,648.0919088623359,648.3154497083274,648.3154576911552,648.3527069911609,648.3527069911609,648.3527069911609,648.3527069911609,648.3527069911609,648.3527069911609,0.0018704763381265366,663.454989538219,[-253.0],[-221.0],[1],[0],[0],[15.138492939046273],663.4555588849016,663.4587463140006,None,,,,,,,,,,,,,,ED28,001,2024-02-02_14h00.22.905,rating,2023.2.3,85.10300836343751,2024-02-02 14h00.35.241320 +0800,
neu_179.jpg,0,84,84,280,663.4898197563014,,,,,,,,,,,,,,,,,,,,,,,663.4589869392385,,663.4590188705495,663.4590259980744,663.4898197563014,664.4777879242054,664.4894736436961,665.4637119179913,665.4872569834774,665.7107425198765,665.7107502176034,665.7480345850313,665.7480345850313,665.7480345850313,665.7480345850313,665.7480345850313,665.7480345850313,0.001745317002360025,668.1832366888484,[194.0],[-226.0],[1],[0],[0],[2.4714187680274335],668.1838336903272,668.1870490593235,None,,,,,,,,,,,,,,ED28,001,2024-02-02_14h00.22.905,rating,2023.2.3,85.10300836343751,2024-02-02 14h00.35.241320 +0800,
neg_69.jpg,0,85,85,158,668.2179776703199,,,,,,,,,,,,,,,,,,,,,,,668.1872922504704,,668.1873233264785,668.1873304540034,668.2179776703199,669.2059273066595,669.2176144516552,670.1918530110513,670.2154029232545,670.4388856086434,670.4388935914712,670.4762013371806,670.4762013371806,670.4762013371806,670.4762013371806,670.4762013371806,670.4762013371806,0.0015839498403238395,675.5929647338623,[-234.0],[-245.0],[1],[0],[0],[5.152955827307551],675.593567722462,675.5968053293359,None,,,,,,,,,,,,,,ED28,001,2024-02-02_14h00.22.905,rating,2023.2.3,85.10300836343751,2024-02-02 14h00.35.241320 +0800,
neu_108.jpg,0,86,86,202,675.6277664418456,,,,,,,,,,,,,,,,,,,,,,,675.5970490906845,,675.5970804517938,675.5970875793187,675.6277664418456,676.6157428776783,676.627387257525,677.6016263871231,677.6251497849339,677.8486572741094,677.8486646867352,677.885958177395,677.885958177395,677.885958177395,677.885958177395,677.885958177395,677.885958177395,0.001598204889887711,680.8856169115065,[250.0],[-240.0],[1],[0],[0],[3.035810395295357],680.8862130576824,680.8892912931012,None,,,,,,,,,,,,,,ED28,001,2024-02-02_14h00.22.905,rating,2023.2.3,85.10300836343751,2024-02-02 14h00.35.241320 +0800,
neu_70.jpg,0,87,87,352,680.920404934642,,,,,,,,,,,,,,,,,,,,,,,680.8895313481371,,680.8895644198521,680.8895712622761,680.920404934642,681.9083956255245,681.9200884725401,682.8943227554212,682.9178455830302,683.1413539275084,683.1413613401344,683.1786471330672,683.1786471330672,683.1786471330672,683.1786471330672,683.1786471330672,683.1786471330672,0.0018108902306721575,686.6488279925838,[221.0],[-338.0],[1],[0],[0],[3.5063610307997806],686.649412164518,686.6525474201353,None,,,,,,,,,,,,,,ED28,001,2024-02-02_14h00.22.905,rating,2023.2.3,85.10300836343751,2024-02-02 14h00.35.241320 +0800,
neu_86.jpg,0,88,88,369,686.683587220519,,,,,,,,,,,,,,,,,,,,,,,686.6527846241613,,686.6528165554726,686.6528236829972,686.683587220519,687.671591311148,687.6832522268526,688.657479952411,688.6810030651206,688.9045111244982,688.9045188222249,688.9418100320768,688.9418100320768,688.9418100320768,688.9418100320768,688.9418100320768,688.9418100320768,0.0017162367012133473,692.411928169375,[354.0],[-352.0],[1],[0],[0],[3.506301444692326],692.4124695761602,692.415629350463,None,,,,,,,,,,,,,,ED28,001,2024-02-02_14h00.22.905,rating,2023.2.3,85.10300836343751,2024-02-02 14h00.35.241320 +0800,
neg_121.jpg,0,89,89,25,692.434896190452,,,,,,,,,,,,,,,,,,,,,,,692.4158771032255,,692.4159104600417,692.4159181577686,692.434896190452,693.4347128705137,693.4464139854581,694.4206964504071,694.4441596919085,694.6677065250208,694.6677142227477,694.7049732161872,694.7049732161872,694.7049732161872,694.7049732161872,694.7049732161872,694.7049732161872,0.0018177326546719996,699.3394289826256,[-249.0],[362.0],[1],[0],[0],[4.670614840247936],699.340000610116,702.5620657733691,space,699.3625295756642,699.3625295756642,3.182574969444204,None,,,,,,,,,,ED28,001,2024-02-02_14h00.22.905,rating,2023.2.3,85.10300836343751,2024-02-02 14h00.35.241320 +0800,
neg_77.jpg,0,90,90,167,702.5733571981871,,,,,,,,,,,,,,,,,,,,,,,702.5624492342045,702.5733571981871,703.5615942163272,703.561602199155,703.5849277368768,704.5846854010331,704.5963411849195,705.5705823102246,705.594121673691,705.8176137674129,705.8176214651396,705.8550153113488,705.8550153113488,705.8550153113488,705.8550153113488,705.8550153113488,705.8550153113488,0.005335878905043501,710.2308037937819,[-300.0],[173.0],[1],[0],[0],[4.412039358762058],710.2313814083932,710.2344987026479,None,,,,,703.5849277368768,,,,,,,,,ED28,001,2024-02-02_14h00.22.905,rating,2023.2.3,85.10300836343751,2024-02-02 14h00.35.241320 +0800,
neu_112.jpg,0,91,91,207,710.2654857593479,,,,,,,,,,,,,,,,,,,,,,,710.2347396129867,,710.2347709740959,710.2347783867217,710.2654857593479,711.2535100921475,711.2651373659348,712.2393819124518,712.2629016039496,712.4864113739329,712.4864187865587,712.5354889439261,712.5354889439261,712.5354889439261,712.5354889439261,712.5354889439261,712.5354889439261,0.001661212209455698,715.5469383146938,[247.0],[-247.0],[1],[0],[0],[3.059331797399409],715.54748285759,715.550628947045,None,,,,,,,,,,,,,,ED28,001,2024-02-02_14h00.22.905,rating,2023.2.3,85.10300836343751,2024-02-02 14h00.35.241320 +0800,
neg_95.jpg,0,92,92,187,715.5698695577428,,,,,,,,,,,,,,,,,,,,,,,715.5508690020808,,715.5509006482912,715.550907490715,715.5698695577428,716.5696965014401,716.5813594128515,717.5555971169447,717.5791199445534,717.8026299996379,717.8026376973646,717.8516935996822,717.8516935996822,717.8516935996822,717.8516935996822,717.8516935996822,717.8516935996822,0.0017510190220946242,719.7340965676976,[-364.0],[-363.0],[1],[0],[0],[1.9302001494500018],719.7346442467046,719.7377889106547,None,,,,,,,,,,,,,,ED28,001,2024-02-02_14h00.22.905,rating,2023.2.3,85.10300836343751,2024-02-02 14h00.35.241320 +0800,
neg_31.jpg,0,93,93,117,719.7688540850268,,,,,,,,,,,,,,,,,,,,,,,719.7380309613975,,719.7380620374058,719.7380688798296,719.7688540850268,720.7567857600036,720.7684709092925,721.7427071878806,721.7662311558934,721.9897389301698,721.9897463427958,722.0387774413268,722.0387774413268,722.0387774413268,722.0387774413268,722.0387774413268,722.0387774413268,0.0016991306415548024,726.2264266382401,[-250.0],[169.0],[1],[0],[0],[4.235464054609338],726.226978308661,726.2301078622586,None,,,,,,,,,,,,,,ED28,001,2024-02-02_14h00.22.905,rating,2023.2.3,85.10300836343751,2024-02-02 14h00.35.241320 +0800,
neg_162.jpg,0,94,94,70,726.2611975553159,,,,,,,,,,,,,,,,,,,,,,,726.2303482023954,,726.2303801337066,726.2303866910295,726.2611975553159,727.2491685742298,727.2608414641761,728.235081734178,728.2586068425949,728.4821163274771,728.4821251656081,728.5311859146425,728.5311859146425,728.5311859146425,728.5311859146425,728.5311859146425,728.5311859146425,0.0017598571530470508,729.7550506353618,[-377.0],[348.0],[1],[0],[0],[1.2717229137663253],729.7556222628523,729.7587472548337,None,,,,,,,,,,,,,,ED28,001,2024-02-02_14h00.22.905,rating,2023.2.3,85.10300836343751,2024-02-02 14h00.35.241320 +0800,
neu_120.jpg,0,95,95,216,729.789651632246,,,,,,,,,,,,,,,,,,,,,,,729.7589861694657,,729.7590178156759,729.7590249432008,729.789651632246,730.7776266425738,730.789334314841,731.7635492108548,731.7870677619487,732.0105860849617,732.0105943528906,732.059615757988,732.059615757988,732.059615757988,732.059615757988,732.059615757988,732.059615757988,0.0016013410008781648,740.9049082701811,[0.0],[-50.0],[1],[0],[0],[8.893124761049876],740.9055178161036,740.9086333997523,None,,,,,,,,,,,,,,ED28,001,2024-02-02_14h00.22.905,rating,2023.2.3,85.10300836343751,2024-02-02 14h00.35.241320 +0800,
neu_13.jpg,0,96,96,226,740.9277616806589,,,,,,,,,,,,,,,,,,,,,,,740.9088708888792,,740.9089016797866,740.9089088073113,740.9277616806589,741.927564390772,741.9392455486468,742.9134900951638,742.9370183396916,743.160522977857,743.1605309606848,743.2095720377508,743.2095720377508,743.2095720377508,743.2095720377508,743.2095720377508,743.2095720377508,0.001643250846882438,747.7735562557002,[228.0],[-257.0],[1],[0],[0],[4.611825019836033],747.7741492657651,747.7772679855248,None,,,,,,,,,,,,,,ED28,001,2024-02-02_14h00.22.905,rating,2023.2.3,85.10300836343751,2024-02-02 14h00.35.241320 +0800,
neu_147.jpg,0,97,97,245,747.8083522616635,,,,,,,,,,,,,,,,,,,,,,,747.7775111766716,,747.7775436781849,747.7775505206087,747.8083522616635,748.7963751689579,748.8079916089075,749.7822341597175,749.8057567022254,750.0292647616027,750.0292727444305,750.0783543058376,750.0783543058376,750.0783543058376,750.0783543058376,750.0783543058376,750.0783543058376,0.0017438914971990016,751.1609244000549,[188.0],[-243.0],[1],[0],[0],[1.1304185938304272],751.161507716686,751.1646609336658,None,,,,,,,,,,,,,,ED28,001,2024-02-02_14h00.22.905,rating,2023.2.3,85.10300836343751,2024-02-02 14h00.35.241320 +0800,
neg_94.jpg,0,98,98,186,751.1956633858194,,,,,,,,,,,,,,,,,,,,,,,751.1649035546106,,751.1649346306187,751.1649417581436,751.1956633858194,752.1836281325116,752.1953332388698,753.1695934659413,753.19308179633,753.4166420291892,753.4166497269159,753.46564433252,753.46564433252,753.46564433252,753.46564433252,753.46564433252,753.46564433252,0.0017310619525687798,756.8064301107702,[-354.0],[75.0],[1],[0],[0],[3.388566423827342],756.8070539117423,756.8102419110432,None,,,,,,,,,,,,,,ED28,001,2024-02-02_14h00.22.905,rating,2023.2.3,85.10300836343751,2024-02-02 14h00.35.241320 +0800,
neu_37.jpg,0,99,99,315,756.8412061596639,,,,,,,,,,,,,,,,,,,,,,,756.8104808256753,,756.8105124718854,756.8105195994103,756.8412061596639,757.8291520896905,757.8408469324131,758.8150994617579,758.8386231446696,759.062132629552,759.0621400421778,759.1111836851526,759.1111836851526,759.1111836851526,759.1111836851526,759.1111836851526,759.1111836851526,0.0016415402410530078,763.910451203682,[206.0],[195.0],[1],[0],[0],[4.84704730880344],763.9110775705631,763.9143051989022,None,,,,,,,,,,,,,,ED28,001,2024-02-02_14h00.22.905,rating,2023.2.3,85.10300836343751,2024-02-02 14h00.35.241320 +0800,
neg_50.jpg,0,100,100,138,763.9451924702546,,,,,,,,,,,,,,,,,,,,,,,763.9145267223735,,763.9145555175737,763.9145620748966,763.9451924702546,764.9331506596238,764.9448326728018,765.919072942804,765.9425966257156,766.166104399992,766.166112097719,766.2152426964965,766.2152426964965,766.2152426964965,766.2152426964965,766.2152426964965,766.2152426964965,0.0015702649927789025,773.6491321953431,[-356.0],[-226.0],[1],[0],[0],[7.481769359569171],773.6497602728302,773.6529177663249,None,,,,,,,,,,,,,,ED28,001,2024-02-02_14h00.22.905,rating,2023.2.3,85.10300836343751,2024-02-02 14h00.35.241320 +0800,
neu_21.jpg,0,101,101,298,773.6837397495501,,,,,,,,,,,,,,,,,,,,,,,773.6531649488857,,773.6531963099949,773.6532034375196,773.6837397495501,774.6717372828564,774.683391356137,775.6576401791688,775.6811319307694,775.9047223843338,775.9047397754944,775.9537685932175,775.9537685932175,775.9537685932175,775.9537685932175,775.9537685932175,775.9537685932175,0.0015574354481486807,781.6939637562512,[5.0],[-234.0],[1],[0],[0],[5.787974098004497],781.6946089397977,781.6977364976883,None,,,,,,,,,,,,,,ED28,001,2024-02-02_14h00.22.905,rating,2023.2.3,85.10300836343751,2024-02-02 14h00.35.241320 +0800,
neg_133.jpg,0,102,102,38,781.7286391644943,,,,,,,,,,,,,,,,,,,,,,,781.697979688835,,781.6980121903482,781.698019032772,781.7286391644943,782.7166073323983,782.7282896306772,783.7025301857802,783.7260672684388,783.9495616429685,783.9495690555943,783.9986132687711,783.9986132687711,783.9986132687711,783.9986132687711,783.9986132687711,783.9986132687711,0.0015708351947978372,789.0331914575759,[-229.0],[336.0],[1],[0],[0],[5.082332034888395],789.0337990077915,789.036850443717,None,,,,,,,,,,,,,,ED28,001,2024-02-02_14h00.22.905,rating,2023.2.3,85.10300836343751,2024-02-02 14h00.35.241320 +0800,
neg_120.jpg,0,103,103,24,789.0678440577396,,,,,,,,,,,,,,,,,,,,,,,789.0370936348636,,789.0371255661748,789.0371326936997,789.0678440577396,790.0558604077114,790.0674965196297,791.0417393555406,791.0652576215334,791.2887699574258,791.2887773700515,791.3378215832286,791.3378215832286,791.3378215832286,791.3378215832286,791.3378215832286,791.3378215832286,0.001665203623360867,793.3613401343225,[-306.0],[382.0],[1],[0],[0],[2.071272112076713],793.3619687820114,793.3650353282894,None,,,,,,,,,,,,,,ED28,001,2024-02-02_14h00.22.905,rating,2023.2.3,85.10300836343751,2024-02-02 14h00.35.241320 +0800,
neu_27.jpg,0,104,104,304,793.3961655056878,,,,,,,,,,,,,,,,,,,,,,,793.3652531454479,,793.3652813704462,793.3652876426681,793.3961655056878,794.3841003167756,794.3957968701043,795.3699832560187,795.3935049432234,795.6170198450247,795.6170278278526,795.6660660539085,795.6660660539085,795.6660660539085,795.6660660539085,795.6660660539085,795.6660660539085,0.0017609975570849201,799.853784815464,[349.0],[-363.0],[1],[0],[0],[4.2354509399635845],799.8544265777987,799.857526765994,None,,,,,,,,,,,,,,ED28,001,2024-02-02_14h00.22.905,rating,2023.2.3,85.10300836343751,2024-02-02 14h00.35.241320 +0800,
neg_78.jpg,0,105,105,168,799.8884625045152,,,,,,,,,,,,,,,,,,,,,,,799.8578731637001,,799.8579065205163,799.85791336294,799.8884625045152,800.8764537655995,800.8881198131219,801.8623566619121,801.8858923190655,802.1093895446054,802.1093972423321,802.158440600206,802.158440600206,802.158440600206,802.158440600206,802.158440600206,802.158440600206,0.0015046917644667701,804.4172136566797,[-161.0],[-352.0],[1],[0],[0],[2.3064576230162857],804.4178559892164,804.4209356501399,None,,,,,,,,,,,,,,ED28,001,2024-02-02_14h00.22.905,rating,2023.2.3,85.10300836343751,2024-02-02 14h00.35.241320 +0800,
neg_114.jpg,0,106,106,17,804.4519666123929,,,,,,,,,,,,,,,,,,,,,,,804.4211839731047,,804.421212483204,804.4212190405267,804.4519666123929,805.4399139679244,805.4515965513044,806.4258368213063,806.4493599340162,806.6728677082926,806.6728754060193,806.7219213298022,806.7219213298022,806.7219213298022,806.7219213298022,806.7219213298022,806.7219213298022,0.0016771778650763736,809.9686502948371,[-241.0],[358.0],[1],[0],[0],[3.2944286419301534],809.9692971889897,809.9723623097627,None,,,,,,,,,,,,,,ED28,001,2024-02-02_14h00.22.905,rating,2023.2.3,85.10300836343751,2024-02-02 14h00.35.241320 +0800,
neu_88.jpg,0,107,107,371,810.0034217821149,,,,,,,,,,,,,,,,,,,,,,,809.9726023647986,,809.9726342961098,809.9726411385336,810.0034217821149,810.9913890947159,811.0030540018342,811.9772857188066,812.0008125378292,812.2243223078126,812.2243302906404,812.2733819164432,812.2733819164432,812.2733819164432,812.2733819164432,812.2733819164432,812.2733819164432,0.0017105346812513744,813.5442039110724,[397.0],[-357.0],[1],[0],[0],[1.318446975064262],813.5448425372961,813.5479327469566,None,,,,,,,,,,,,,,ED28,001,2024-02-02_14h00.22.905,rating,2023.2.3,85.10300836343751,2024-02-02 14h00.35.241320 +0800,
neg_181.jpg,0,108,108,91,813.5789001316882,,,,,,,,,,,,,,,,,,,,,,,813.5481759381034,,813.5482070141115,813.5482138565353,813.5789001316882,814.5668697250969,814.5785759718594,815.5527954294889,815.5763199677037,815.7998271717781,815.7998345844039,815.8488830740957,815.8488830740957,815.8488830740957,815.8488830740957,815.8488830740957,815.8488830740957,0.0016421104430719424,818.342911206151,[-442.0],[402.0],[1],[0],[0],[2.541681052387503],818.3435529684857,818.346571047595,None,,,,,,,,,,,,,,ED28,001,2024-02-02_14h00.22.905,rating,2023.2.3,85.10300836343751,2024-02-02 14h00.35.241320 +0800,
neg_52.jpg,0,109,109,140,818.3776099926756,,,,,,,,,,,,,,,,,,,,,,,818.3468105324289,,818.3468436041442,818.3468504465679,818.3776099926756,819.3655824370946,819.3772692969894,820.3515081414864,820.3750312541963,820.5985395986747,820.5985467261994,820.6475892287704,820.6475892287704,820.6475892287704,820.6475892287704,820.6475892287704,820.6475892287704,0.0017176622059196234,824.3178419907576,[-397.0],[-373.0],[1],[0],[0],[3.7179113843392315],824.3184509664782,824.3215668352279,None,,,,,,,,,,,,,,ED28,001,2024-02-02_14h00.22.905,rating,2023.2.3,85.10300836343751,2024-02-02 14h00.35.241320 +0800,
neg_34.jpg,0,110,110,120,824.3524874633965,,,,,,,,,,,,,,,,,,,,,,,824.3218063200618,,824.321837681171,824.3218448086957,824.3524874633965,825.3404453676649,825.3521342232666,826.3263496894822,826.3498947549685,826.5734042398508,826.5734119375777,826.622477533329,826.622477533329,826.622477533329,826.622477533329,826.622477533329,826.622477533329,0.0015885114564753167,828.9282506288614,[-367.0],[-337.0],[1],[0],[0],[2.353447968641376],828.9288886848833,828.9320541612058,None,,,,,,,,,,,,,,ED28,001,2024-02-02_14h00.22.905,rating,2023.2.3,85.10300836343751,2024-02-02 14h00.35.241320 +0800,
neg_18.jpg,0,111,111,89,828.9630189800284,,,,,,,,,,,,,,,,,,,,,,,828.9322691273542,,828.9322979225547,828.9323041947764,828.9630189800284,829.9509549315201,829.9626600378785,830.9368977419715,830.9604747387691,831.1839300544627,831.1839380372905,831.2329796845586,831.2329796845586,831.2329796845586,831.2329796845586,831.2329796845586,831.2329796845586,0.0016549399874747905,834.8090667247511,[-406.0],[78.0],[1],[0],[0],[3.62372142896038],834.8096922363293,834.8128753889134,None,,,,,,,,,,,,,,ED28,001,2024-02-02_14h00.22.905,rating,2023.2.3,85.10300836343751,2024-02-02 14h00.35.241320 +0800,
neg_111.jpg,0,112,112,14,834.8319440837124,,,,,,,,,,,,,,,,,,,,,,,834.8131416732406,,834.8131704684408,834.8131767406626,834.8319440837124,835.8317869930654,835.8434299474075,836.8176927403879,836.8411947556242,837.0647498566655,837.0647669627249,837.1137812402976,837.1137812402976,837.1137812402976,837.1137812402976,837.1137812402976,837.1137812402976,0.0016307064031479968,839.2314532538433,[-402.0],[333.0],[1],[0],[0],[2.165259075548647],839.2320801909264,839.2350620622096,None,,,,,,,,,,,,,,ED28,001,2024-02-02_14h00.22.905,rating,2023.2.3,85.10300836343751,2024-02-02 14h00.35.241320 +0800,
neu_141.jpg,0,113,113,239,839.2661186835519,,,,,,,,,,,,,,,,,,,,,,,839.2352775985601,,839.2353066788614,839.2353132361841,839.2661186835519,840.2540862812539,840.2658107744796,841.2400162621607,841.2635342430526,841.4870810761649,841.4870890589928,841.5360959239397,841.5360959239397,841.5360959239397,841.5360959239397,841.5360959239397,841.5360959239397,0.0017969202820040664,845.4414925721212,[220.0],[-340.0],[1],[0],[0],[3.952959476600199],845.4421177985982,845.4452148506825,None,,,,,,,,,,,,,,ED28,001,2024-02-02_14h00.22.905,rating,2023.2.3,85.10300836343751,2024-02-02 14h00.35.241320 +0800,
neu_89.jpg,0,114,114,372,845.4762224346541,,,,,,,,,,,,,,,,,,,,,,,845.445434663548,,845.4454628885462,845.4454691607682,845.4762224346541,846.4641948790729,846.4758671988172,847.4501188728589,847.4736072032476,847.6971403515124,847.6971480492391,847.7462290404442,847.7462290404442,847.7462290404442,847.7462290404442,847.7462290404442,847.7462290404442,0.0016991306415548024,849.5817631158573,[419.0],[-364.0],[1],[0],[0],[1.883112299285358],849.5824159971307,849.5854936623475,None,,,,,,,,,,,,,,ED28,001,2024-02-02_14h00.22.905,rating,2023.2.3,85.10300836343751,2024-02-02 14h00.35.241320 +0800,
neg_130.jpg,0,115,115,35,849.6162931225942,,,,,,,,,,,,,,,,,,,,,,,849.5857308663733,,849.5857625125836,849.5857696401083,849.6162931225942,850.6042490311554,850.6159301890305,851.5901747355474,851.6136984184593,851.8372067629375,851.8372144606644,851.886270933184,851.886270933184,851.886270933184,851.886270933184,851.886270933184,851.886270933184,0.0014662031305761047,855.3682877604147,[-276.0],[199.0],[1],[0],[0],[3.52962641221211],855.3689335141632,855.3719558697876,None,,,,,,,,,,,,,,ED28,001,2024-02-02_14h00.22.905,rating,2023.2.3,85.10300836343751,2024-02-02 14h00.35.241320 +0800,
neg_25.jpg,0,116,116,110,855.3911183628131,,,,,,,,,,,,,,,,,,,,,,,855.3721956397223,,855.3722270008316,855.3722338432553,855.3911183628131,856.3909607019641,856.4026375833243,857.376853334641,857.4003784430577,857.6238853620312,857.623893344859,857.6729389835407,857.6729389835407,857.6729389835407,857.6729389835407,857.6729389835407,857.6729389835407,0.0016803139760668273,863.9777167915076,[-388.0],[-324.0],[1],[0],[0],[6.352359167949999],863.9783787960127,863.981395164516,None,,,,,,,,,,,,,,ED28,001,2024-02-02_14h00.22.905,rating,2023.2.3,85.10300836343751,2024-02-02 14h00.35.241320 +0800,
neu_155.jpg,0,117,117,254,864.0124341095968,,,,,,,,,,,,,,,,,,,,,,,863.9816372152588,,863.9816697167721,863.981676844297,864.0124341095968,865.0003826055322,865.0120868565875,865.9863083099242,866.0098057635446,866.2333369161024,866.2333448989302,866.2823874015012,866.2823874015012,866.2823874015012,866.2823874015012,866.2823874015012,866.2823874015012,0.0016888670058960997,871.1757624812226,[217.0],[-348.0],[1],[0],[0],[4.940934486927972],871.1763543508835,871.1794140547377,None,,,,,,,,,,,,,,ED28,001,2024-02-02_14h00.22.905,rating,2023.2.3,85.10300836343751,2024-02-02 14h00.35.241320 +0800,
neu_60.jpg,0,118,118,341,871.2104789440086,,,,,,,,,,,,,,,,,,,,,,,871.1796506885617,,871.1796791986608,871.1796854708828,871.2104789440086,872.1984921578694,872.2101291250906,873.1843705354966,873.2078939333073,873.4314034181898,873.4314116861185,873.4804482015686,873.4804482015686,873.4804482015686,873.4804482015686,873.4804482015686,873.4804482015686,0.0017478829113315442,878.656296783291,[219.0],[-83.0],[1],[0],[0],[5.2233689300928745],878.6569251458791,878.6599831391272,None,,,,,,,,,,,,,,ED28,001,2024-02-02_14h00.22.905,rating,2023.2.3,85.10300836343751,2024-02-02 14h00.35.241320 +0800,
neg_107.jpg,0,119,119,9,878.6908390493707,,,,,,,,,,,,,,,,,,,,,,,878.660226615375,,878.6602588317871,878.6602656742111,878.6908390493707,879.6788134894964,879.6904735498979,880.6647143901018,880.6882403538216,880.9117452770881,880.911752974815,880.9608197109703,880.9608197109703,880.9608197109703,880.9608197109703,880.9608197109703,880.9608197109703,0.0015092533803908736,887.4068938560451,[-244.0],[-326.0],[1],[0],[0],[6.493592782839414],887.4075122400984,891.6407373966117,space,887.4296460556704,887.4296460556704,4.200887576410651,None,,,,,,,,,,ED28,001,2024-02-02_14h00.22.905,rating,2023.2.3,85.10300836343751,2024-02-02 14h00.35.241320 +0800,
neu_83.jpg,0,120,120,366,891.6519635333023,,,,,,,,,,,,,,,,,,,,,,,891.6411103087103,891.6519635333023,892.640207108765,892.6402150915928,892.6635893815846,893.6632675025637,893.6749532220547,894.6491926367537,894.6727154643625,894.8962246641438,894.8962320767696,894.9452782856536,894.9452782856536,894.9452782856536,894.9452782856536,894.9452782856536,894.9452782856536,0.005288837241323563,897.063076028737,[403.0],[-363.0],[1],[0],[0],[2.1653340571097033],897.063744020363,897.0668593189107,None,,,,,892.6635893815846,,,,,,,,,ED28,001,2024-02-02_14h00.22.905,rating,2023.2.3,85.10300836343751,2024-02-02 14h00.35.241320 +0800,
neg_41.jpg,0,121,121,128,897.097677310722,,,,,,,,,,,,,,,,,,,,,,,897.0671013696535,,897.0671333009648,897.0671407135906,897.097677310722,898.085609841002,898.0972958455939,899.0715335496868,899.0950592283057,899.3185655770772,899.318573559905,899.3676186283849,899.3676186283849,899.3676186283849,899.3676186283849,899.3676186283849,899.3676186283849,0.0014545139897563786,907.224939836563,[-270.0],[176.0],[1],[0],[0],[7.904629726511075],907.2255861605136,907.2287664620876,None,,,,,,,,,,,,,,ED28,001,2024-02-02_14h00.22.905,rating,2023.2.3,85.10300836343751,2024-02-02 14h00.35.241320 +0800,
neg_137.jpg,0,122,122,42,907.2596203766241,,,,,,,,,,,,,,,,,,,,,,,907.2290062320226,,907.2290373080307,907.2290441504547,907.2596203766241,908.2475908253359,908.2592648556861,909.2335102575059,909.2570322298118,909.4805425699972,909.480550552825,909.5295941958,909.5295941958,909.5295941958,909.5295941958,909.5295941958,909.5295941958,0.0015277849447556946,912.6352109989682,[-149.0],[-363.0],[1],[0],[0],[3.1531191901763123],912.6358809863011,912.6391376949414,None,,,,,,,,,,,,,,ED28,001,2024-02-02_14h00.22.905,rating,2023.2.3,85.10300836343751,2024-02-02 14h00.35.241320 +0800,
neu_22.jpg,0,123,123,299,912.6699357296832,,,,,,,,,,,,,,,,,,,,,,,912.6393763244723,,912.6394088259854,912.6394159535103,912.6699357296832,913.6578967700623,913.6696018764208,914.6438219042523,914.6673424510532,914.8908525061374,914.8908602038643,914.9399323569385,914.9399323569385,914.9399323569385,914.9399323569385,914.9399323569385,914.9399323569385,0.0014656329283297964,918.3748775847612,[396.0],[380.0],[1],[0],[0],[3.4823210299900893],918.3754882710878,918.3786095567564,None,,,,,,,,,,,,,,ED28,001,2024-02-02_14h00.22.905,rating,2023.2.3,85.10300836343751,2024-02-02 14h00.35.241320 +0800,
neg_80.jpg,0,124,124,171,918.4095826435077,,,,,,,,,,,,,,,,,,,,,,,918.378855313812,,918.3788866749212,918.3788938024461,918.4095826435077,919.3975405477759,919.4092131526211,920.383453422623,920.4069802416459,920.6304845947104,920.6304922924371,920.6795359354121,920.6795359354121,920.6795359354121,920.6795359354121,920.6795359354121,920.6795359354121,0.0016198725654703594,923.2677312147669,[-241.0],[-226.0],[1],[0],[0],[2.635641501467262],923.2684066190186,923.2715259089803,None,,,,,,,,,,,,,,ED28,001,2024-02-02_14h00.22.905,rating,2023.2.3,85.10300836343751,2024-02-02 14h00.35.241320 +0800,
neu_81.jpg,0,125,125,364,923.3023903722535,,,,,,,,,,,,,,,,,,,,,,,923.2717645385112,,923.2717958996204,923.2718030271453,923.3023903722535,924.2903320257651,924.3020257280837,925.2762565897531,925.299779702463,925.5232886171432,925.523296599971,925.5723399578449,925.5723399578449,925.5723399578449,925.5723399578449,925.5723399578449,925.5723399578449,0.0015146702992296923,929.1014041508993,[380.0],[83.0],[1],[0],[0],[3.5764984409252065],929.102045913234,929.1051016256743,None,,,,,,,,,,,,,,ED28,001,2024-02-02_14h00.22.905,rating,2023.2.3,85.10300836343751,2024-02-02 14h00.35.241320 +0800,
neu_158.jpg,0,126,126,257,929.1360943843943,,,,,,,,,,,,,,,,,,,,,,,929.1053174471258,,929.1053684802037,929.1053750375263,929.1360943843943,930.1240594161873,930.1357465611832,931.1099842652761,931.1335059524811,931.3570165777674,931.3570248456961,931.4060664929641,931.4060664929641,931.4060664929641,931.4060664929641,931.4060664929641,931.4060664929641,0.0016706205424270593,936.6757785894285,[244.0],[-359.0],[1],[0],[0],[5.317112987519067],936.6764545638823,936.6795439182399,None,,,,,,,,,,,,,,ED28,001,2024-02-02_14h00.22.905,rating,2023.2.3,85.10300836343751,2024-02-02 14h00.35.241320 +0800,
neu_91.jpg,0,127,127,375,936.7105255580209,,,,,,,,,,,,,,,,,,,,,,,936.6797950922144,,936.6798236023137,936.6798298745355,936.7105255580209,937.698496576935,937.7101808709208,938.684418575014,938.7079419728248,938.9314488917983,938.9314568746258,938.9805204746704,938.9805204746704,938.9805204746704,938.9805204746704,938.9805204746704,938.9805204746704,0.001647527361910761,942.9331118858888,[226.0],[188.0],[1],[0],[0],[4.000009978534763],942.9337302699421,942.936844428086,None,,,,,,,,,,,,,,ED28,001,2024-02-02_14h00.22.905,rating,2023.2.3,85.10300836343751,2024-02-02 14h00.35.241320 +0800,
neg_155.jpg,0,128,128,62,942.9676675517151,,,,,,,,,,,,,,,,,,,,,,,942.9370850533239,,942.9371169846349,942.9371241121598,942.9676675517151,943.9556499746686,943.967322294413,944.941560283607,944.9650930897506,945.1885968726131,945.18860457034,945.237717777957,945.237717777957,945.237717777957,945.237717777957,945.237717777957,945.237717777957,0.0015015556534763164,948.5314467820508,[-379.0],[326.0],[1],[0],[0],[3.3411632519646446],948.5321267479185,948.5352779691914,None,,,,,,,,,,,,,,ED28,001,2024-02-02_14h00.22.905,rating,2023.2.3,85.10300836343751,2024-02-02 14h00.35.241320 +0800,
neu_106.jpg,0,129,129,200,948.5661983122591,,,,,,,,,,,,,,,,,,,,,,,948.5355194497322,,948.5355510959425,948.5355579383663,948.5661983122591,949.554132838246,949.5658202683428,950.5400571171328,950.5635796596407,950.787091425331,950.7870991230577,950.8362359940572,950.8362359940572,950.8362359940572,950.8362359940572,950.8362359940572,950.8362359940572,0.001562567266091719,953.2948437489754,[257.0],[-356.0],[1],[0],[0],[2.5060956017755416],953.2954721115634,953.2986256136442,None,,,,,,,,,,,,,,ED28,001,2024-02-02_14h00.22.905,rating,2023.2.3,85.10300836343751,2024-02-02 14h00.35.241320 +0800,
neg_186.jpg,0,130,130,96,953.3295958493857,,,,,,,,,,,,,,,,,,,,,,,953.2988648133771,,953.2988956042843,953.2989024467081,953.3295958493857,954.3176173311754,954.3292451751645,955.3034828792577,955.3270045664626,955.5505146215469,955.5505223192738,955.5995209162918,955.5995209162918,955.5995209162918,955.5995209162918,955.5995209162918,955.5995209162918,0.001641825342176162,957.1996559401218,[-421.0],[386.0],[1],[0],[0],[1.6474318530224537],957.2003122426072,957.2034426515077,None,,,,,,,,,,,,,,ED28,001,2024-02-02_14h00.22.905,rating,2023.2.3,85.10300836343751,2024-02-02 14h00.35.241320 +0800,
neg_187.jpg,0,131,131,97,957.2344231508848,,,,,,,,,,,,,,,,,,,,,,,957.2036835618464,,957.2037154931577,957.2037223355815,957.2344231508848,958.2223933144958,958.2340753276737,959.2083164529786,959.2318532505362,959.4553504760759,959.4553590291057,959.504418922837,959.504418922837,959.504418922837,959.504418922837,959.504418922837,959.504418922837,0.0016583611995883984,960.2106756636938,[-410.0],[361.0],[1],[0],[0],[0.7536202836811299],960.2113656080962,960.2144632303823,None,,,,,,,,,,,,,,ED28,001,2024-02-02_14h00.22.905,rating,2023.2.3,85.10300836343751,2024-02-02 14h00.35.241320 +0800,
neu_6.jpg,0,132,132,340,960.2453781565312,,,,,,,,,,,,,,,,,,,,,,,960.2147027152164,,960.2147343614265,960.2147412038503,960.2453781565312,961.2333531668589,961.2450331843299,962.2192708884231,962.2427948564359,962.4663080476312,962.4663163155601,962.5152835514689,962.5152835514689,962.5152835514689,962.5152835514689,962.5152835514689,962.5152835514689,0.0015956389811435656,968.3615157565339,[49.0],[20.0],[1],[0],[0],[5.893460039817228],968.362181467352,968.3652425967111,None,,,,,,,,,,,,,,ED28,001,2024-02-02_14h00.22.905,rating,2023.2.3,85.10300836343751,2024-02-02 14h00.35.241320 +0800,
neu_119.jpg,0,133,133,214,968.3961535314461,,,,,,,,,,,,,,,,,,,,,,,968.3654835070502,,968.3655123022504,968.3655182893713,968.3961535314461,969.3840943296548,969.3957740620249,970.3700237403596,970.3935391553428,970.6170571932548,970.6170648909815,970.6778709456144,970.6778709456144,970.6778709456144,970.6778709456144,970.6778709456144,970.6778709456144,0.001567699084034757,974.7127439288456,[3.0],[-225.0],[1],[0],[0],[4.093895446053466],974.7133745722415,974.7165580099265,None,,,,,,,,,,,,,,ED28,001,2024-02-02_14h00.22.905,rating,2023.2.3,85.10300836343751,2024-02-02 14h00.35.241320 +0800,
neg_116.jpg,0,134,134,19,974.7473663083042,,,,,,,,,,,,,,,,,,,,,,,974.7168251495568,,974.7168562255649,974.7168630679889,974.7473663083042,975.7353270635824,975.7470090767602,976.7212570444892,976.744781012502,976.9682913526872,976.9682996206161,977.0291182196925,977.0291182196925,977.0291182196925,977.0291182196925,977.0291182196925,977.0291182196925,0.0014585054036615475,983.67497488973,[-212.0],[77.0],[1],[0],[0],[6.704372508395409],983.6756671149403,983.6788847647447,None,,,,,,,,,,,,,,ED28,001,2024-02-02_14h00.22.905,rating,2023.2.3,85.10300836343751,2024-02-02 14h00.35.241320 +0800,
neu_160.jpg,0,135,135,260,983.7096862206984,,,,,,,,,,,,,,,,,,,,,,,983.6791262452855,,983.6791576063947,983.6791644488185,983.7096862206984,984.697631010321,984.7093184404177,985.6835550041069,985.7071040610069,985.9305904527089,985.9305992908398,985.9914287237539,985.9914287237539,985.9914287237539,985.9914287237539,985.9914287237539,985.9914287237539,0.0014567947976047435,990.2261677665388,[246.0],[-329.0],[1],[0],[0],[4.293822802320392],990.226827490236,990.2299655968632,None,,,,,,,,,,,,,,ED28,001,2024-02-02_14h00.22.905,rating,2023.2.3,85.10300836343751,2024-02-02 14h00.35.241320 +0800,
neu_105.jpg,0,136,136,199,990.260839183368,,,,,,,,,,,,,,,,,,,,,,,990.2302079327069,,990.2302392938161,990.2302461362401,990.260839183368,991.2488127681909,991.2604993429848,992.2347361917748,992.2582695681203,992.481771640377,992.4817796232048,992.5426161836438,992.5426161836438,992.5426161836438,992.5426161836438,992.5426161836438,992.5426161836438,0.0015548695391771616,996.1893629389806,[17.0],[-362.0],[1],[0],[0],[3.705822817145645],996.1900297902027,996.1931191445601,None,,,,,,,,,,,,,,ED28,001,2024-02-02_14h00.22.905,rating,2023.2.3,85.10300836343751,2024-02-02 14h00.35.241320 +0800,
neg_72.jpg,0,137,137,162,996.2239505361181,,,,,,,,,,,,,,,,,,,,,,,996.193357203889,,996.1933894203012,996.1933962627252,996.2239505361181,997.2119127169012,997.223642056844,998.1978404170002,998.2213621042049,998.4448941120656,998.4449018097926,998.5056884775579,998.5056884775579,998.5056884775579,998.5056884775579,998.5056884775579,998.5056884775579,0.0015263594400494185,1006.6219737598749,[-209.0],[188.0],[1],[0],[0],[8.175292919887397],1006.6226423217029,1006.6257738710071,None,,,,,,,,,,,,,,ED28,001,2024-02-02_14h00.22.905,rating,2023.2.3,85.10300836343751,2024-02-02 14h00.35.241320 +0800,
neg_99.jpg,0,138,138,191,1006.6564410443932,,,,,,,,,,,,,,,,,,,,,,,1006.6260173472549,,1006.6260501338691,1006.626057261394,1006.6564410443932,1007.6444043655804,1007.6561223014835,1008.6303354868912,1008.6538537528841,1008.8774065731175,1008.8774142708442,1008.9381943812866,1008.9381943812866,1008.9381943812866,1008.9381943812866,1008.9381943812866,1008.9381943812866,0.0013786771257855435,1019.1125498891099,[-384.0],[-229.0],[1],[0],[0],[10.233323801456663],1019.1132780370453,1019.1164278328133,None,,,,,,,,,,,,,,ED28,001,2024-02-02_14h00.22.905,rating,2023.2.3,85.10300836343751,2024-02-02 14h00.35.241320 +0800,
neg_158.jpg,0,139,139,65,1019.1471976425569,,,,,,,,,,,,,,,,,,,,,,,1019.11667387497,,1019.1167058062813,1019.116712933806,1019.1471976425569,1020.1351689465716,1020.1468503895478,1021.1210923701558,1021.1446189040773,1021.3681238273439,1021.3681315250708,1021.4289515496521,1021.4289515496521,1021.4289515496521,1021.4289515496521,1021.4289515496521,1021.4289515496521,0.0014396887381735723,1023.0762491201069,[-404.0],[381.0],[1],[0],[0],[1.7062747022191616],1023.0769347879946,1023.0801196511845,None,,,,,,,,,,,,,,ED28,001,2024-02-02_14h00.22.905,rating,2023.2.3,85.10300836343751,2024-02-02 14h00.35.241320 +0800,
neu_145.jpg,0,140,140,243,1023.1108415639615,,,,,,,,,,,,,,,,,,,,,,,1023.0803408895549,,1023.0803696847552,1023.0803759569772,1023.1108415639615,1024.098828548531,1024.1104931705481,1025.0847345809543,1025.1082571234622,1025.3317688891525,1025.3317768719803,1025.392581501108,1025.392581501108,1025.392581501108,1025.392581501108,1025.392581501108,1025.392581501108,0.0014225826785150275,1027.392939587955,[437.0],[-362.0],[1],[0],[0],[2.0592707857867936],1027.3936888333637,1027.3968762624627,None,,,,,,,,,,,,,,ED28,001,2024-02-02_14h00.22.905,rating,2023.2.3,85.10300836343751,2024-02-02 14h00.35.241320 +0800,
neg_113.jpg,0,141,141,16,1027.4273230527815,,,,,,,,,,,,,,,,,,,,,,,1027.3971185983066,,1027.3971508147188,1027.3971576571425,1027.4273230527815,1028.4153291391176,1028.4269795060852,1029.4012126485625,1029.4247177999098,1029.6482617820122,1029.648269194638,1029.709067551544,1029.709067551544,1029.709067551544,1029.709067551544,1029.709067551544,1029.709067551544,0.0011329200699492503,1033.4146163866358,[-151.0],[-344.0],[1],[0],[0],[3.764460678728483],1033.4153034800281,1033.4183708816092,None,,,,,,,,,,,,,,ED28,001,2024-02-02_14h00.22.905,rating,2023.2.3,85.10300836343751,2024-02-02 14h00.35.241320 +0800,
neg_59.jpg,0,142,142,147,1033.4492370554883,,,,,,,,,,,,,,,,,,,,,,,1033.4186120770491,,1033.4186434381584,1033.4186508507842,1033.4492370554883,1034.4372297420775,1034.448892083287,1035.423130357582,1035.4466640190287,1035.6701632402753,1035.670170652901,1035.73097841814,1035.73097841814,1035.73097841814,1035.73097841814,1035.73097841814,1035.73097841814,0.0015411846916322247,1037.554643169023,[-255.0],[-344.0],[1],[0],[0],[1.8826273424967894],1037.5553208540828,1037.5584238932877,None,,,,,,,,,,,,,,ED28,001,2024-02-02_14h00.22.905,rating,2023.2.3,85.10300836343751,2024-02-02 14h00.35.241320 +0800,
neu_64.jpg,0,143,143,345,1037.5892974797928,,,,,,,,,,,,,,,,,,,,,,,1037.5586636632227,,1037.5586950243319,1037.5587018667557,1037.5892974797928,1038.577297293907,1038.5889542181974,1039.5631970541085,1039.586729575151,1039.8102262304888,1039.8102342133166,1039.8710399828483,1039.8710399828483,1039.8710399828483,1039.8710399828483,1039.8710399828483,1039.8710399828483,0.0015525887313287967,1044.341108797675,[13.0],[193.0],[1],[0],[0],[4.528977237251638],1044.3417976016733,1044.3450600123335,None,,,,,,,,,,,,,,ED28,001,2024-02-02_14h00.22.905,rating,2023.2.3,85.10300836343751,2024-02-02 14h00.35.241320 +0800,
neg_119.jpg,0,144,144,22,1044.375712645569,,,,,,,,,,,,,,,,,,,,,,,1044.3453034885813,,1044.3453325688824,1044.3453388411044,1044.375712645569,1045.3636830942808,1045.375360545843,1046.3496068029658,1046.3731416048163,1046.596641966467,1046.5966505194967,1046.6574825183197,1046.6574825183197,1046.6574825183197,1046.6574825183197,1046.6574825183197,1046.6574825183197,0.0013324907647529471,1049.4810283820889,[-240.0],[197.0],[1],[0],[0],[2.8825078851807575],1049.4817149052794,1049.4848339101402,None,,,,,,,,,,,,,,ED28,001,2024-02-02_14h00.22.905,rating,2023.2.3,85.10300836343751,2024-02-02 14h00.35.241320 +0800,
neg_179.jpg,0,145,145,88,1049.515505360041,,,,,,,,,,,,,,,,,,,,,,,1049.4850719694691,,1049.4851033305783,1049.485110173002,1049.515505360041,1050.5035008976404,1050.5151777790004,1051.489442567688,1051.5129260513597,1051.7364942670467,1051.7365019647734,1051.7972472928948,1051.7972472928948,1051.7972472928948,1051.7972472928948,1051.7972472928948,1051.7972472928948,0.0014220124764960929,1053.1504666105398,[-245.0],[-340.0],[1],[0],[0],[1.4120715751744228],1053.1511505678213,1053.1542618749552,None,,,,,,,,,,,,,,ED28,001,2024-02-02_14h00.22.905,rating,2023.2.3,85.10300836343751,2024-02-02 14h00.35.241320 +0800,
neg_45.jpg,0,146,146,132,1053.1851126533807,,,,,,,,,,,,,,,,,,,,,,,1053.154502500193,,1053.1545344315043,1053.1545415590292,1053.1851126533807,1054.17310533997,1054.1847642599676,1055.1590062405755,1055.1825624250005,1055.4060499571065,1055.4060590803383,1055.4668488842144,1055.4668488842144,1055.4668488842144,1055.4668488842144,1055.4668488842144,1055.4668488842144,0.001548882418546782,1057.5846680098725,[-260.0],[-228.0],[1],[0],[0],[2.1766762299043876],1057.5853773411425,1057.5885915697347,None,,,,,,,,,,,,,,ED28,001,2024-02-02_14h00.22.905,rating,2023.2.3,85.10300836343751,2024-02-02 14h00.35.241320 +0800,
neg_66.jpg,0,147,147,155,1057.619208565346,,,,,,,,,,,,,,,,,,,,,,,1057.5888313396695,,1057.588859564668,1057.5888658368897,1057.619208565346,1058.6071895627947,1058.6188664441547,1059.5931075694598,1059.6166309672706,1059.840139026648,1059.840146439274,1059.9009701701682,1059.9009701701682,1059.9009701701682,1059.9009701701682,1059.9009701701682,1059.9009701701682,0.0013014147566536849,1061.3130408900397,[-380.0],[362.0],[1],[0],[0],[1.4709258284108273],1061.3136983329289,1061.3168293120314,None,,,,,,,,,,,,,,ED28,001,2024-02-02_14h00.22.905,rating,2023.2.3,85.10300836343751,2024-02-02 14h00.35.241320 +0800,
neg_32.jpg,0,148,148,118,1061.3476250659653,,,,,,,,,,,,,,,,,,,,,,,1061.3170727882791,,1061.3171035791863,1061.31711042161,1061.3476250659653,1062.3356091995247,1062.3472820894708,1063.321518368059,1063.3450540252127,1063.5685332893897,1063.5685418424196,1063.6293652882127,1063.6293652882127,1063.6293652882127,1063.6293652882127,1063.6293652882127,1063.6293652882127,0.001453943787737444,1064.3945794888652,[-264.0],[-251.0],[1],[0],[0],[0.8240570498489888],1064.3953019347807,1064.39855835832,None,,,,,,,,,,,,,,ED28,001,2024-02-02_14h00.22.905,rating,2023.2.3,85.10300836343751,2024-02-02 14h00.35.241320 +0800,
neu_152.jpg,0,149,149,251,1064.4291511203471,,,,,,,,,,,,,,,,,,,,,,,1064.3987904305282,,1064.3988217916374,1064.3988286340611,1064.4291511203471,1065.417155210976,1065.4287973100152,1066.4030569668846,1066.426565824545,1066.6500744541243,1066.650082436952,1066.7108944787055,1066.7108944787055,1066.7108944787055,1066.7108944787055,1066.7108944787055,1066.7108944787055,0.001275185465146933,1068.6522517704059,[390.0],[-347.0],[1],[0],[0],[2.00016079695979],1068.652956254959,1072.8155405129935,space,1068.6750695432597,1068.6750695432597,4.122486799111357,None,,,,,,,,,,ED28,001,2024-02-02_14h00.22.905,rating,2023.2.3,85.10300836343751,2024-02-02 14h00.35.241320 +0800,
neu_95.jpg,0,150,150,379,1072.826816257257,,,,,,,,,,,,,,,,,,,,,,,1072.815914565496,1072.826816257257,1073.8150595476188,1073.8150672453455,1073.8384224335707,1074.8381598555563,1074.8498022396964,1075.8240396586884,1075.8476012600322,1076.0710733966846,1076.0710816646135,1076.131892280862,1076.131892280862,1076.131892280862,1076.131892280862,1076.131892280862,1076.131892280862,0.005333312996299355,1079.5434526699564,[375.0],[215.0],[1],[0],[0],[3.470397536271321],1079.5441833838008,1079.5473537068403,None,,,,,1073.8384224335707,,,,,,,,,ED28,001,2024-02-02_14h00.22.905,rating,2023.2.3,85.10300836343751,2024-02-02 14h00.35.241320 +0800,
neu_90.jpg,0,151,151,374,1079.5780185994186,,,,,,,,,,,,,,,,,,,,,,,1079.5475977532901,,1079.5476305399043,1079.5476376674292,1079.5780185994186,1080.566008434998,1080.5777092648414,1081.5518970762607,1081.575441286444,1081.7989912556675,1081.7989989533942,1081.859757966363,1081.859757966363,1081.859757966363,1081.859757966363,1081.859757966363,1081.859757966363,0.0013820983376717777,1085.682920084196,[0.0],[-69.0],[1],[0],[0],[3.8819419597100477],1085.6836476619294,1085.6867903301725,None,,,,,,,,,,,,,,ED28,001,2024-02-02_14h00.22.905,rating,2023.2.3,85.10300836343751,2024-02-02 14h00.35.241320 +0800,
neg_142.jpg,0,152,152,48,1085.7175510166844,,,,,,,,,,,,,,,,,,,,,,,1085.6870309554104,,1085.6870640271256,1085.6870708695494,1085.7175510166844,1086.7055114868615,1086.7172086103922,1087.6914437485761,1087.7149631549732,1087.9384757759665,1087.9384837587943,1087.999290383629,1087.999290383629,1087.999290383629,1087.999290383629,1087.999290383629,1087.999290383629,0.0014334165164200385,1091.352076062664,[-193.0],[-332.0],[1],[0],[0],[3.411591465102674],1091.3528156146392,1091.3560210051007,None,,,,,,,,,,,,,,ED28,001,2024-02-02_14h00.22.905,rating,2023.2.3,85.10300836343751,2024-02-02 14h00.35.241320 +0800,
neu_2.jpg,0,153,153,296,1091.3866140522287,,,,,,,,,,,,,,,,,,,,,,,1091.3562408179662,,1091.3562696131664,1091.3562758853882,1091.3866140522287,1092.3745819350318,1092.3862796287642,1093.3605401409368,1093.3840281862244,1093.607608946355,1093.607616358981,1093.6683531340725,1093.6683531340725,1093.6683531340725,1093.6683531340725,1093.6683531340725,1093.6683531340725,0.0013615710661269986,1100.020323424268,[-14.0],[193.0],[1],[0],[0],[6.410697103288385],1100.021030189629,1100.0242010828706,None,,,,,,,,,,,,,,ED28,001,2024-02-02_14h00.22.905,rating,2023.2.3,85.10300836343751,2024-02-02 14h00.35.241320 +0800,
neg_167.jpg,0,154,154,75,1100.0549050342847,,,,,,,,,,,,,,,,,,,,,,,1100.0244439889163,,1100.0244759202276,1100.0244827626514,1100.0549050342847,1101.0429111206208,1101.0545255648635,1102.028739320473,1102.0522638586879,1102.2757978622558,1102.2758055599825,1102.3366138954232,1102.3366138954232,1102.3366138954232,1102.3366138954232,1102.3366138954232,1102.3366138954232,0.0013438948044495191,1107.1007412910913,[-127.0],[-339.0],[1],[0],[0],[4.822892697394764],1107.1014728602386,1107.1046126774718,None,,,,,,,,,,,,,,ED28,001,2024-02-02_14h00.22.905,rating,2023.2.3,85.10300836343751,2024-02-02 14h00.35.241320 +0800,
neg_110.jpg,0,155,155,13,1107.135317199088,,,,,,,,,,,,,,,,,,,,,,,1107.1048313499332,,1107.1048595749314,1107.1048664173552,1107.135317199088,1108.1233030432534,1108.1349753629977,1109.1092464239068,1109.1327373202046,1109.3562633409445,1109.3562718939743,1109.4170594170425,1109.4170594170425,1109.4170594170425,1109.4170594170425,1109.4170594170425,1109.4170594170425,0.001427144294439131,1112.3582194188557,[-267.0],[198.0],[1],[0],[0],[2.999878546977243],1112.358961251639,1112.3621603698787,None,,,,,,,,,,,,,,ED28,001,2024-02-02_14h00.22.905,rating,2023.2.3,85.10300836343751,2024-02-02 14h00.35.241320 +0800,
neg_106.jpg,0,156,156,8,1112.392733459937,,,,,,,,,,,,,,,,,,,,,,,1112.3623978590056,,1112.3624295052157,1112.3624363476395,1112.392733459937,1113.3807013427402,1113.392422984956,1114.3666304683438,1114.3901490194378,1114.6137140990138,1114.6137232222457,1114.6745298470803,1114.6745298470803,1114.6745298470803,1114.6745298470803,1114.6745298470803,1114.6745298470803,0.0013099677864829573,1117.1450950227354,[-255.0],[-260.0],[1],[0],[0],[2.5292643339512324],1117.1457972264805,1117.1490074636588,None,,,,,,,,,,,,,,ED28,001,2024-02-02_14h00.22.905,rating,2023.2.3,85.10300836343751,2024-02-02 14h00.35.241320 +0800,
neg_90.jpg,0,157,157,182,1117.179718257497,,,,,,,,,,,,,,,,,,,,,,,1117.1492483739978,,1117.149279735107,1117.1492868626317,1117.179718257497,1118.1676616216146,1118.1793342264596,1119.1535750666637,1119.1770987495754,1119.4006182129926,1119.4006261958205,1119.4614730198953,1119.4614730198953,1119.4614730198953,1119.4614730198953,1119.4614730198953,1119.4614730198953,0.001361000864108064,1124.1079252659065,[-122.0],[-357.0],[1],[0],[0],[4.705200441678471],1124.1086679539926,1124.111873629555,None,,,,,,,,,,,,,,ED28,001,2024-02-02_14h00.22.905,rating,2023.2.3,85.10300836343751,2024-02-02 14h00.35.241320 +0800,
neu_132.jpg,0,158,158,229,1124.142515999155,,,,,,,,,,,,,,,,,,,,,,,1124.112115395197,,1124.1121447605992,1124.112151317922,1124.142515999155,1125.1304838819578,1125.1421693163477,1126.1164101565519,1126.1399335543626,1126.363444179649,1126.3634521624767,1126.4242539405946,1126.4242539405946,1126.4242539405946,1126.4242539405946,1126.4242539405946,1126.4242539405946,0.001321942028198464,1131.4236272886126,[258.0],[-232.0],[1],[0],[0],[5.058039434599095],1131.424316377712,1131.4274832795395,None,,,,,,,,,,,,,,ED28,001,2024-02-02_14h00.22.905,rating,2023.2.3,85.10300836343751,2024-02-02 14h00.35.241320 +0800,
neg_189.jpg,0,159,159,99,1131.4582003455994,,,,,,,,,,,,,,,,,,,,,,,1131.4277278961913,,1131.4277603977043,1131.4277672401283,1131.4582003455994,1132.4461630965845,1132.457853662792,1133.4320905115824,1133.4556139093932,1133.6791248197806,1133.6791336579113,1133.7399551079977,1133.7399551079977,1133.7399551079977,1133.7399551079977,1133.7399551079977,1133.7399551079977,0.0013872301553874422,1135.975378393165,[-423.0],[354.0],[1],[0],[0],[2.294091652556517],1135.976085158526,1135.9792075845987,None,,,,,,,,,,,,,,ED28,001,2024-02-02_14h00.22.905,rating,2023.2.3,85.10300836343751,2024-02-02 14h00.35.241320 +0800,
neg_46.jpg,0,160,160,133,1136.0099183784369,,,,,,,,,,,,,,,,,,,,,,,1135.9794256868581,,1135.9794544820584,1135.9794610393812,1136.0099183784369,1136.99787770821,1137.0095731211345,1137.9838128209346,1138.0073185424837,1138.2308462738297,1138.2308542566575,1138.2916617367953,1138.2916617367953,1138.2916617367953,1138.2916617367953,1138.2916617367953,1138.2916617367953,0.0014151700527236244,1142.7029250506553,[-41.0],[-352.0],[1],[0],[0],[4.469926834532316],1142.703637232935,1142.7067710630474,None,,,,,,,,,,,,,,ED28,001,2024-02-02_14h00.22.905,rating,2023.2.3,85.10300836343751,2024-02-02 14h00.35.241320 +0800,
neu_72.jpg,0,161,161,354,1142.7375209157215,,,,,,,,,,,,,,,,,,,,,,,1142.7070171052042,,1142.7070490365154,1142.7070561640403,1142.7375209157215,1143.7254896538275,1143.7371730925104,1144.7114136476134,1144.7349361901213,1144.9584499515186,1144.9584579343464,1145.0192830907456,1145.0192830907456,1145.0192830907456,1145.0192830907456,1145.0192830907456,1145.0192830907456,0.0014228677796381817,1151.0771825407573,[215.0],[249.0],[1],[0],[0],[6.11653959240266],1151.077943190206,1151.0810291233515,None,,,,,,,,,,,,,,ED28,001,2024-02-02_14h00.22.905,rating,2023.2.3,85.10300836343751,2024-02-02 14h00.35.241320 +0800,
neg_138.jpg,0,162,162,43,1151.1117524616332,,,,,,,,,,,,,,,,,,,,,,,1151.0812486511159,,1151.0812771612152,1151.081283433437,1151.1117524616332,1152.0997117914064,1152.1113929492813,1153.0856343596874,1153.109157472397,1153.3326706635926,1153.3326783613193,1153.3934941093858,1153.3934941093858,1153.3934941093858,1153.3934941093858,1153.3934941093858,1153.3934941093858,0.001415740254742559,1156.3345605980735,[-266.0],[367.0],[1],[0],[0],[2.999616254063767],1156.33531782631,1156.338426852636,None,,,,,,,,,,,,,,ED28,001,2024-02-02_14h00.22.905,rating,2023.2.3,85.10300836343751,2024-02-02 14h00.35.241320 +0800,
neu_134.jpg,0,163,163,231,1156.3691538972307,,,,,,,,,,,,,,,,,,,,,,,1156.3386734649948,,1156.338705111205,1156.3387122387298,1156.3691538972307,1157.3571214949327,1157.3688060740196,1158.3430446334157,1158.3665688865294,1158.5900812224218,1158.5900889201487,1158.6508887025595,1158.6508887025595,1158.6508887025595,1158.6508887025595,1158.6508887025595,1158.6508887025595,0.0013983490941882337,1161.4156515883403,[260.0],[-351.0],[1],[0],[0],[2.8233722372644934],1161.416373178953,1161.4195010219444,None,,,,,,,,,,,,,,ED28,001,2024-02-02_14h00.22.905,rating,2023.2.3,85.10300836343751,2024-02-02 14h00.35.241320 +0800,
neu_124.jpg,0,164,164,220,1161.4501513743721,,,,,,,,,,,,,,,,,,,,,,,1161.4197419322834,,1161.4197732933926,1161.4197801358164,1161.4501513743721,1162.4381075680344,1162.4498272145433,1163.4240369787392,1163.4475549596311,1163.6710978013296,1163.6711057841574,1163.7318935923267,1163.7318935923267,1163.7318935923267,1163.7318935923267,1163.7318935923267,1163.7318935923267,0.0013470309154399729,1166.0849264539224,[227.0],[221.0],[1],[0],[0],[2.411632804746432],1166.085647474333,1166.0886857956127,None,,,,,,,,,,,,,,ED28,001,2024-02-02_14h00.22.905,rating,2023.2.3,85.10300836343751,2024-02-02 14h00.35.241320 +0800,
neg_161.jpg,0,165,165,69,1166.119472711416,,,,,,,,,,,,,,,,,,,,,,,1166.0889252804466,,1166.088957496859,1166.0889646243836,1166.119472711416,1167.1074414495217,1167.1191354369414,1168.0933437756323,1168.1168896964216,1168.3404003217079,1168.3404085896368,1168.4012619710343,1168.4012619710343,1168.4012619710343,1168.4012619710343,1168.4012619710343,1168.4012619710343,0.0014659180294529506,1169.2840578082175,[-405.0],[372.0],[1],[0],[0],[0.9413954952331096],1169.2848101897375,1169.2878091670802,None,,,,,,,,,,,,,,ED28,001,2024-02-02_14h00.22.905,rating,2023.2.3,85.10300836343751,2024-02-02 14h00.35.241320 +0800,
neg_184.jpg,0,166,166,94,1169.3067795020368,,,,,,,,,,,,,,,,,,,,,,,1169.2880272693396,,1169.288055779439,1169.2880623367619,1169.3067795020368,1170.3065827823518,1170.3182938758312,1171.2925073463398,1171.3160293186456,1171.5395413694368,1171.5395496373658,1171.6003964614404,1171.6003964614404,1171.6003964614404,1171.6003964614404,1171.6003964614404,1171.6003964614404,0.0015078278754572239,1172.7772802448676,[-355.0],[-351.0],[1],[0],[0],[1.2354714672353566],1172.77804773674,1172.7811522014501,None,,,,,,,,,,,,,,ED28,001,2024-02-02_14h00.22.905,rating,2023.2.3,85.10300836343751,2024-02-02 14h00.35.241320 +0800,
neg_144.jpg,0,167,167,50,1172.8117971369588,,,,,,,,,,,,,,,,,,,,,,,1172.781393111789,,1172.781424757999,1172.781431885524,1172.8117971369588,1173.7997596028429,1173.8114715516251,1174.7856861625378,1174.8092098454495,1175.0327056454844,1175.032713913413,1175.0935618778917,1175.0935618778917,1175.0935618778917,1175.0935618778917,1175.0935618778917,1175.0935618778917,0.001304550867416765,1181.7983497784337,[-237.0],[-243.0],[1],[0],[0],[6.76339924773265],1181.7990904708129,1181.802192369614,None,,,,,,,,,,,,,,ED28,001,2024-02-02_14h00.22.905,rating,2023.2.3,85.10300836343751,2024-02-02 14h00.35.241320 +0800,
neg_98.jpg,0,168,168,190,1181.8329607538526,,,,,,,,,,,,,,,,,,,,,,,1181.8024104718734,,1181.8024389819727,1181.8024455392956,1181.8329607538526,1182.820906398778,1182.83255220413,1183.80679190393,1183.830314161337,1184.0538264972292,1184.053834480057,1184.114635973074,1184.114635973074,1184.114635973074,1184.114635973074,1184.114635973074,1184.114635973074,0.0014100382347805862,1187.7026496430963,[-398.0],[-351.0],[1],[0],[0],[3.6465409124200505],1187.7033792165366,1187.7064488989256,None,,,,,,,,,,,,,,ED28,001,2024-02-02_14h00.22.905,rating,2023.2.3,85.10300836343751,2024-02-02 14h00.35.241320 +0800,
neu_56.jpg,0,169,169,336,1187.7372315382138,,,,,,,,,,,,,,,,,,,,,,,1187.7066689968922,,1187.7066975069913,1187.7067040643142,1187.7372315382138,1188.725159791979,1188.7368514985906,1189.7110877771786,1189.7346108898885,1189.9581206598718,1189.9581283575988,1190.0189327016255,1190.0189327016255,1190.0189327016255,1190.0189327016255,1190.0189327016255,1190.0189327016255,0.0014448205561166105,1192.8308002585295,[381.0],[-354.0],[1],[0],[0],[2.8703816846559675],1192.8315383849997,1192.8347355075325,None,,,,,,,,,,,,,,ED28,001,2024-02-02_14h00.22.905,rating,2023.2.3,85.10300836343751,2024-02-02 14h00.35.241320 +0800,
neu_98.jpg,0,170,170,382,1192.8652284842121,,,,,,,,,,,,,,,,,,,,,,,1192.8349564608018,,1192.8349855411032,1192.834991813325,1192.8652284842121,1193.853194656409,1193.8648806610008,1194.839121501205,1194.8626611497723,1195.086155524302,1195.086163792231,1195.1469815360044,1195.1469815360044,1195.1469815360044,1195.1469815360044,1195.1469815360044,1195.1469815360044,0.0011927912785267836,1201.028541460384,[-24.0],[218.0],[1],[0],[0],[5.940060937486123],1201.0293103777617,1201.0325380061006,None,,,,,,,,,,,,,,ED28,001,2024-02-02_14h00.22.905,rating,2023.2.3,85.10300836343751,2024-02-02 14h00.35.241320 +0800,
neu_188.jpg,0,171,171,290,1201.0630258509623,,,,,,,,,,,,,,,,,,,,,,,1201.0327666570968,,1201.0327971629029,1201.0328042904277,1201.0630258509623,1202.0510248097735,1202.0626805936602,1203.036927420985,1203.060442265766,1203.2839985072112,1203.284006204938,1203.344764077503,1203.344764077503,1203.344764077503,1203.344764077503,1203.344764077503,1203.344764077503,0.0012238672866260458,1208.8734285589655,[366.0],[207.0],[1],[0],[0],[5.587084240786226],1208.8742120164936,1208.8773672291804,None,,,,,,,,,,,,,,ED28,001,2024-02-02_14h00.22.905,rating,2023.2.3,85.10300836343751,2024-02-02 14h00.35.241320 +0800,
neu_122.jpg,0,172,172,218,1208.9080078881743,,,,,,,,,,,,,,,,,,,,,,,1208.8775953099746,,1208.8776246753769,1208.8776309475986,1208.9080078881743,1209.895943554565,1209.9076301293587,1210.88187011426,1210.9054009246966,1211.128904707559,1211.1289126903869,1211.1896403422465,1211.1896403422465,1211.1896403422465,1211.1896403422465,1211.1896403422465,1211.1896403422465,0.0013036955647294235,1214.8012398471974,[9.0],[365.0],[1],[0],[0],[3.66997393321617],1214.8019742673546,1214.8050884254985,None,,,,,,,,,,,,,,ED28,001,2024-02-02_14h00.22.905,rating,2023.2.3,85.10300836343751,2024-02-02 14h00.35.241320 +0800,
neu_17.jpg,0,173,173,270,1214.8357929471144,,,,,,,,,,,,,,,,,,,,,,,1214.805331331544,,1214.8053638330575,1214.8053706754813,1214.8357929471144,1215.8237673872404,1215.8354727786996,1216.809705350975,1216.833211927827,1217.0567579056365,1217.0567658884643,1217.129294440616,1217.129294440616,1217.129294440616,1217.129294440616,1217.129294440616,1217.129294440616,0.001416880658325681,1222.810808976918,[97.0],[247.0],[1],[0],[0],[5.751651376225254],1222.8115793198003,1222.8146826441066,None,,,,,,,,,,,,,,ED28,001,2024-02-02_14h00.22.905,rating,2023.2.3,85.10300836343751,2024-02-02 14h00.35.241320 +0800,
neu_183.jpg,0,174,174,285,1222.8454045568833,,,,,,,,,,,,,,,,,,,,,,,1222.8149018867698,,1222.81493068197,1222.814936954192,1222.8454045568833,1223.8333935371597,1223.845061295288,1224.819302420593,1224.8428243928988,1225.0663381542959,1225.066346992427,1225.1271011586791,1225.1271011586791,1225.1271011586791,1225.1271011586791,1225.1271011586791,1225.1271011586791,0.0014314208096948278,1228.1859867730245,[228.0],[-78.0],[1],[0],[0],[3.1172261155929846],1228.1868817050408,1228.1900126841433,None,,,,,,,,,,,,,,ED28,001,2024-02-02_14h00.22.905,rating,2023.2.3,85.10300836343751,2024-02-02 14h00.35.241320 +0800,
neu_73.jpg,0,175,175,355,1228.2204358110794,,,,,,,,,,,,,,,,,,,,,,,1228.190255019987,,1228.1902869512983,1228.190293793722,1228.2204358110794,1229.2084036938822,1229.2201256211993,1230.1943556275655,1230.2178545066913,1230.4413944973799,1230.4414113183384,1230.5139629636706,1230.5139629636706,1230.5139629636706,1230.5139629636706,1230.5139629636706,1230.5139629636706,0.00113890719057963,1232.7023232024594,[371.0],[-346.0],[1],[0],[0],[2.258529580225968],1232.7030667458484,1232.7062025716677,None,,,,,,,,,,,,,,ED28,001,2024-02-02_14h00.22.905,rating,2023.2.3,85.10300836343751,2024-02-02 14h00.35.241320 +0800,
neu_87.jpg,0,176,176,370,1232.736868034448,,,,,,,,,,,,,,,,,,,,,,,1232.7064457628148,,1232.706477409025,1232.7064845365499,1232.736868034448,1233.724845610685,1233.7365301897717,1234.7107621918449,1234.7342853045548,1234.957799636154,1234.9578073338807,1235.030347860274,1235.030347860274,1235.030347860274,1235.030347860274,1235.030347860274,1235.030347860274,0.0013438948049042665,1235.87797877081,[431.0],[-347.0],[1],[0],[0],[0.9177489337935185],1235.8787154717752,1235.8817985539108,None,,,,,,,,,,,,,,ED28,001,2024-02-02_14h00.22.905,rating,2023.2.3,85.10300836343751,2024-02-02 14h00.35.241320 +0800,
neg_168.jpg,0,177,177,76,1235.9125042159308,,,,,,,,,,,,,,,,,,,,,,,1235.8820118094532,,1235.8820403195527,1235.8820465917743,1235.9125042159308,1236.9004743795417,1236.9121409972663,1237.8863787013593,1237.909905520382,1238.1334110138505,1238.1334187115772,1238.2059985819078,1238.2059985819078,1238.2059985819078,1238.2059985819078,1238.2059985819078,1238.2059985819078,0.001392932175349415,1243.711190983738,[-242.0],[264.0],[1],[0],[0],[5.5753109952906925],1243.7119821389929,1243.7149831120428,None,,,,,,,,,,,,,,ED28,001,2024-02-02_14h00.22.905,rating,2023.2.3,85.10300836343751,2024-02-02 14h00.35.241320 +0800,
neg_81.jpg,0,178,178,172,1243.7456825018412,,,,,,,,,,,,,,,,,,,,,,,1243.7152223117755,,1243.7152542430867,1243.7152613706116,1243.7456825018412,1244.7336452528261,1244.745325840499,1245.7195683913092,1245.7431111759875,1245.9665995633964,1245.966607261123,1246.039169170091,1246.039169170091,1246.039169170091,1246.039169170091,1246.039169170091,1246.039169170091,0.0013672730856342241,1255.2845048465742,[-273.0],[337.0],[1],[0],[0],[9.31545170403433],1255.2852503856702,1255.2882790135163,None,,,,,,,,,,,,,,ED28,001,2024-02-02_14h00.22.905,rating,2023.2.3,85.10300836343751,2024-02-02 14h00.35.241320 +0800,
neu_16.jpg,0,179,179,259,1255.3190585166935,,,,,,,,,,,,,,,,,,,,,,,1255.2885179281484,,1255.2885495743585,1255.2885564167823,1255.3190585166935,1256.307005872225,1256.3186927321199,1257.29292958091,1257.3164524085187,1257.539963889108,1257.5399715868352,1257.6125400531255,1257.6125400531255,1257.6125400531255,1257.6125400531255,1257.6125400531255,1257.6125400531255,0.0014365526271831186,1261.9888223304783,[-235.0],[173.0],[1],[0],[0],[4.446385760459634],1261.9897600276436,1268.0807739579632,space,1262.0113319091588,1262.0113319091588,6.063921638281499,None,,,,,,,,,,ED28,001,2024-02-02_14h00.22.905,rating,2023.2.3,85.10300836343751,2024-02-02 14h00.35.241320 +0800,
neg_79.jpg,0,180,180,169,1268.0920143497033,,,,,,,,,,,,,,,,,,,,,,,1268.0811562783942,1268.0920143497033,1269.0802396787026,1269.0802488019344,1269.1035692078385,1270.1032838217448,1270.1149792346691,1271.089225206691,1271.1127488896027,1271.3362606552932,1271.336268638121,1271.4088339683008,1271.4088339683008,1271.4088339683008,1271.4088339683008,1271.4088339683008,1271.4088339683008,0.005281994817323721,1277.4081394622822,[-372.0],[-324.0],[1],[0],[0],[6.069124161197124],1277.4089140816795,1277.412125744363,None,,,,,1269.1035692078385,,,,,,,,,ED28,001,2024-02-02_14h00.22.905,rating,2023.2.3,85.10300836343751,2024-02-02 14h00.35.241320 +0800,
neg_24.jpg,0,181,181,109,1277.4425035402414,,,,,,,,,,,,,,,,,,,,,,,1277.4123481231372,,1277.4123774885397,1277.4123837607613,1277.4425035402414,1278.4305007884468,1278.4421554319292,1279.4163974125372,1279.4399202401464,1279.6634642222489,1279.6634730603796,1279.736011305965,1279.736011305965,1279.736011305965,1279.736011305965,1279.736011305965,1279.736011305965,0.0011123927984044713,1282.2773160250422,[-401.0],[-326.0],[1],[0],[0],[2.611348330975943],1282.2780912146413,1282.2812353083896,None,,,,,,,,,,,,,,ED28,001,2024-02-02_14h00.22.905,rating,2023.2.3,85.10300836343751,2024-02-02 14h00.35.241320 +0800,
neg_35.jpg,0,182,182,121,1282.3117984199134,,,,,,,,,,,,,,,,,,,,,,,1282.281481065445,,1282.2815132818573,1282.281520124281,1282.3117984199134,1283.2997640219082,1283.3114366267532,1284.2856777520583,1284.3092002945664,1284.5327097794489,1284.5327171920744,1284.605286228567,1284.605286228567,1284.605286228567,1284.605286228567,1284.605286228567,1284.605286228567,0.0012181652668914467,1286.7937471080068,[-192.0],[-336.0],[1],[0],[0],[2.2585116188633947],1286.7945391185644,1286.7976783655959,None,,,,,,,,,,,,,,ED28,001,2024-02-02_14h00.22.905,rating,2023.2.3,85.10300836343751,2024-02-02 14h00.35.241320 +0800,
neu_80.jpg,0,183,183,363,1286.8282186690403,,,,,,,,,,,,,,,,,,,,,,,1286.7979189908338,,1286.7979514923468,1286.7979586198717,1286.8282186690403,1287.8162392955269,1287.8278708458292,1288.8021199539617,1288.825633658339,1289.0491445687262,1289.049152551554,1289.121750953449,1289.121750953449,1289.121750953449,1289.121750953449,1289.121750953449,1289.121750953449,0.001215599357692554,1290.2517647038699,[237.0],[-326.0],[1],[0],[0],[1.200035694644157],1290.2525236427127,1290.2557036591857,None,,,,,,,,,,,,,,ED28,001,2024-02-02_14h00.22.905,rating,2023.2.3,85.10300836343751,2024-02-02 14h00.35.241320 +0800,
neg_74.jpg,0,184,184,164,1290.2861065439515,,,,,,,,,,,,,,,,,,,,,,,1290.2559431440195,,1290.2559747902296,1290.2559819177545,1290.2861065439515,1291.2740787032694,1291.2857644227602,1292.2600058331664,1292.2835280905733,1292.5070390009605,1292.5070469837883,1292.579614309675,1292.579614309675,1292.579614309675,1292.579614309675,1292.579614309675,1292.579614309675,0.0010867337091440277,1295.3327487812644,[-112.0],[-325.0],[1],[0],[0],[2.823101961523207],1295.3334826312198,1295.336618171938,None,,,,,,,,,,,,,,ED28,001,2024-02-02_14h00.22.905,rating,2023.2.3,85.10300836343751,2024-02-02 14h00.35.241320 +0800,
neg_143.jpg,0,185,185,49,1295.367098889275,,,,,,,,,,,,,,,,,,,,,,,1295.3368376997023,,1295.3368664949026,1295.3368727671245,1295.367098889275,1296.3550758953097,1296.366749355458,1297.3409936168737,1297.3645167295836,1297.588030490981,1297.5880384738089,1297.6606294630778,1297.6606294630778,1297.6606294630778,1297.6606294630778,1297.6606294630778,1297.6606294630778,0.0011870892585648107,1303.1658124565756,[-222.0],[-199.0],[1],[0],[0],[5.575203512215921],1303.1665793782458,1303.1696926810869,None,,,,,,,,,,,,,,ED28,001,2024-02-02_14h00.22.905,rating,2023.2.3,85.10300836343751,2024-02-02 14h00.35.241320 +0800,
neu_139.jpg,0,186,186,236,1303.200288864326,,,,,,,,,,,,,,,,,,,,,,,1303.1699392934456,,1303.169972365161,1303.1699794926853,1303.200288864326,1304.1882590279365,1304.1999667002042,1305.1741824515207,1305.1977058493317,1305.421216189517,1305.4212241723449,1305.4937883621205,1305.4937883621205,1305.4937883621205,1305.4937883621205,1305.4937883621205,1305.4937883621205,0.0012660622337534733,1310.2932876677569,[382.0],[-330.0],[1],[0],[0],[4.869446838501062],1310.2940505980137,1310.297166751864,None,,,,,,,,,,,,,,ED28,001,2024-02-02_14h00.22.905,rating,2023.2.3,85.10300836343751,2024-02-02 14h00.35.241320 +0800,
neu_32.jpg,0,187,187,310,1310.327782321971,,,,,,,,,,,,,,,,,,,,,,,1310.2974153599298,,1310.2974467210393,1310.297453563463,1310.327782321971,1311.315782136085,1311.3274407709814,1312.3016796154784,1312.3252024430872,1312.5487173448887,1312.5487253277165,1312.6213174573895,1312.6213174573895,1312.6213174573895,1312.6213174573895,1312.6213174573895,1312.6213174573895,0.001293146827720193,1316.8562848660695,[17.0],[-330.0],[1],[0],[0],[4.304955996087301],1316.857048366528,1316.8602112769418,None,,,,,,,,,,,,,,ED28,001,2024-02-02_14h00.22.905,rating,2023.2.3,85.10300836343751,2024-02-02 14h00.35.241320 +0800,
neg_39.jpg,0,188,188,125,1316.8907293425086,,,,,,,,,,,,,,,,,,,,,,,1316.8604510468767,,1316.8604832632886,1316.8604903908135,1316.8907293425086,1317.8787411308645,1317.8903818043987,1318.8646331933392,1318.8881454722114,1319.1116321490144,1319.1116401318423,1319.1842282701014,1319.1842282701014,1319.1842282701014,1319.1842282701014,1319.1842282701014,1319.1842282701014,0.0011719789058588503,1324.7599951418792,[-239.0],[342.0],[1],[0],[0],[5.645665367271704],1324.7607885779416,1324.7637912615974,None,,,,,,,,,,,,,,ED28,001,2024-02-02_14h00.22.905,rating,2023.2.3,85.10300836343751,2024-02-02 14h00.35.241320 +0800,
neu_36.jpg,0,189,189,314,1324.794489225891,,,,,,,,,,,,,,,,,,,,,,,1324.764009648958,,1324.7640606820355,1324.7640672393586,1324.794489225891,1325.7824819124803,1325.7941433983865,1326.76838110248,1326.7919064959974,1327.0153943132045,1327.0154022960323,1327.088009250957,1327.088009250957,1327.088009250957,1327.088009250957,1327.088009250957,1327.088009250957,0.001357009450202895,1330.1232625589123,[-212.0],[-230.0],[1],[0],[0],[3.1052225084949896],1330.1240380336126,1330.1271966675113,None,,,,,,,,,,,,,,ED28,001,2024-02-02_14h00.22.905,rating,2023.2.3,85.10300836343751,2024-02-02 14h00.35.241320 +0800,
neu_191.jpg,0,190,190,294,1330.1577529366114,,,,,,,,,,,,,,,,,,,,,,,1330.1274370076485,,1330.1274683687575,1330.1274752111813,1330.1577529366114,1331.1457011474458,1331.1573840159267,1332.1316468089071,1332.1551605132845,1332.3786788362977,1332.3786865340244,1332.4512792338992,1332.4512792338992,1332.4512792338992,1332.4512792338992,1332.4512792338992,1332.4512792338992,0.0012327054173510987,1337.6036209536683,[-8.0],[-259.0],[1],[0],[0],[5.222286686724146],1337.604420661953,1337.6075476496417,None,,,,,,,,,,,,,,ED28,001,2024-02-02_14h00.22.905,rating,2023.2.3,85.10300836343751,2024-02-02 14h00.35.241320 +0800,
neg_60.jpg,0,191,191,149,1337.6380956508128,,,,,,,,,,,,,,,,,,,,,,,1337.6077908407883,,1337.6078230572007,1337.6078301847256,1337.6380956508128,1338.6260669548278,1338.6377583763383,1339.6119898082097,1339.6355126358185,1339.859023261105,1339.8590309588317,1339.9316011357282,1339.9316011357282,1339.9316011357282,1339.9316011357282,1339.9316011357282,1339.9316011357282,0.0012230119832565833,1342.472918399249,[-144.0],[-313.0],[1],[0],[0],[2.6111761299762293],1342.4736810444047,1342.4768661926955,None,,,,,,,,,,,,,,ED28,001,2024-02-02_14h00.22.905,rating,2023.2.3,85.10300836343751,2024-02-02 14h00.35.241320 +0800,
neu_167.jpg,0,192,192,267,1342.5074327254315,,,,,,,,,,,,,,,,,,,,,,,1342.4771085285397,,1342.477138464144,1342.4771447363655,1342.5074327254315,1343.495344158238,1343.5070327287385,1344.481269292428,1344.5047932604407,1344.7283181407765,1344.7283261236043,1344.8008769136336,1344.8008769136336,1344.8008769136336,1344.8008769136336,1344.8008769136336,1344.8008769136336,0.001202484711939178,1347.9774188609704,[-3.0],[-344.0],[1],[0],[0],[3.246328968342368],1347.9781675361774,1347.981400581435,None,,,,,,,,,,,,,,ED28,001,2024-02-02_14h00.22.905,rating,2023.2.3,85.10300836343751,2024-02-02 14h00.35.241320 +0800,
neu_33.jpg,0,193,193,311,1348.011757564941,,,,,,,,,,,,,,,,,,,,,,,1347.9816186836943,,1347.9816474788945,1347.9816534660154,1348.011757564941,1348.9997508217325,1349.0114296987995,1349.9856733900133,1350.009236131761,1350.2327051323023,1350.2327134002312,1350.3053340400038,1350.3053340400038,1350.3053340400038,1350.3053340400038,1350.3053340400038,1350.3053340400038,0.0010804614871631202,1358.351008359446,[-3.0],[-131.0],[1],[0],[0],[8.115481582618486],1358.3517889659643,1358.3547879433072,None,,,,,,,,,,,,,,ED28,001,2024-02-02_14h00.22.905,rating,2023.2.3,85.10300836343751,2024-02-02 14h00.35.241320 +0800,
neu_101.jpg,0,194,194,195,1358.3854916096202,,,,,,,,,,,,,,,,,,,,,,,1358.355034555666,,1358.3550664869772,1358.355073329401,1358.3854916096202,1359.3734284164152,1359.385119267724,1360.3593569718169,1360.3828806547285,1360.6063898545099,1360.6063978373377,1360.6789674440324,1360.6789674440324,1360.6789674440324,1360.6789674440324,1360.6789674440324,1360.6789674440324,0.001345890511856851,1364.490576699437,[-216.0],[202.0],[1],[0],[0],[3.881429918327285],1364.4913501784304,1364.4944942721786,None,,,,,,,,,,,,,,ED28,001,2024-02-02_14h00.22.905,rating,2023.2.3,85.10300836343751,2024-02-02 14h00.35.241320 +0800,
neu_26.jpg,0,195,195,303,1364.5250533922886,,,,,,,,,,,,,,,,,,,,,,,1364.4947351825172,,1364.4947679691313,1364.4947750966562,1364.5250533922886,1365.5130061647387,1365.524645697869,1366.498884827467,1366.5224085103787,1366.745918565463,1366.7459265482908,1366.8184984357936,1366.8184984357936,1366.8184984357936,1366.8184984357936,1366.8184984357936,1366.8184984357936,0.0011734044110198738,1368.2308499801425,[406.0],[-350.0],[1],[0],[0],[1.482045052228841],1368.2316762028195,1368.2347544382383,None,,,,,,,,,,,,,,ED28,001,2024-02-02_14h00.22.905,rating,2023.2.3,85.10300836343751,2024-02-02 14h00.35.241320 +0800,
neu_169.jpg,0,196,196,269,1368.265173858862,,,,,,,,,,,,,,,,,,,,,,,1368.2349739660026,,1368.2350024761022,1368.235008463223,1368.265173858862,1369.2531371800487,1369.2648183379238,1370.239055471815,1370.2625785845248,1370.4860892098113,1370.486096907538,1370.5586670844345,1370.5586670844345,1370.5586670844345,1370.5586670844345,1370.5586670844345,1370.5586670844345,0.0011103970914518868,1373.2412561663782,[375.0],[281.0],[1],[0],[0],[2.752296559771821],1373.2420812486512,1373.2452142234606,None,,,,,,,,,,,,,,ED28,001,2024-02-02_14h00.22.905,rating,2023.2.3,85.10300836343751,2024-02-02 14h00.35.241320 +0800,
neg_172.jpg,0,197,197,81,1373.2755863173193,,,,,,,,,,,,,,,,,,,,,,,1373.2454574146072,,1373.2454893459185,1373.2454961883423,1373.2755863173193,1374.2635493534053,1374.2752345026938,1375.2494927340585,1375.272997315204,1375.496564390487,1375.4965869134653,1375.5691054870822,1375.5691054870822,1375.5691054870822,1375.5691054870822,1375.5691054870822,1375.5691054870822,0.001112107697281317,1376.8401740940703,[-429.0],[378.0],[1],[0],[0],[1.3407752295133832],1376.8409886276063,1376.8440089875235,None,,,,,,,,,,,,,,ED28,001,2024-02-02_14h00.22.905,rating,2023.2.3,85.10300836343751,2024-02-02 14h00.35.241320 +0800,
neg_147.jpg,0,198,198,53,1376.8746570591434,,,,,,,,,,,,,,,,,,,,,,,1376.8442444809439,,1376.844276127154,1376.8442832546789,1376.8746570591434,1377.8626166740173,1377.874268751591,1378.8485058854822,1378.8720327045048,1379.0955416191855,1379.095550172215,1379.168117783203,1379.168117783203,1379.168117783203,1379.168117783203,1379.168117783203,1379.168117783203,0.0012883001113550563,1382.9091411646205,[-155.0],[-364.0],[1],[0],[0],[3.8107305741450546],1382.909941158006,1382.9130319378683,None,,,,,,,,,,,,,,ED28,001,2024-02-02_14h00.22.905,rating,2023.2.3,85.10300836343751,2024-02-02 14h00.35.241320 +0800,
neg_51.jpg,0,199,199,139,1382.9435750923226,,,,,,,,,,,,,,,,,,,,,,,1382.9132517507337,,1382.9132802608333,1382.9132865330548,1382.9435750923226,1383.9315612215892,1383.9432232776976,1384.9174641179015,1384.9410069025803,1385.164498140999,1385.1645061238269,1385.237092266379,1385.237092266379,1385.237092266379,1385.237092266379,1385.237092266379,1385.237092266379,0.0012406882451614365,1387.6373110528807,[-269.0],[-358.0],[1],[0],[0],[2.4697492166137636],1387.638168066465,1387.6412759523869,None,,,,,,,,,,,,,,ED28,001,2024-02-02_14h00.22.905,rating,2023.2.3,85.10300836343751,2024-02-02 14h00.35.241320 +0800,
neu_185.jpg,0,200,200,287,1387.671714189676,,,,,,,,,,,,,,,,,,,,,,,1387.6415188584328,,1387.641551645047,1387.6415584874708,1387.671714189676,1388.6596815022767,1388.6713692174749,1389.645606351366,1389.6691291789748,1389.892640089362,1389.8926477870887,1389.9652513208016,1389.9652513208016,1389.9652513208016,1389.9652513208016,1389.9652513208016,1389.9652513208016,0.0011101119903287326,1392.2242835340776,[198.0],[-336.0],[1],[0],[0],[2.3287733330216724],1392.2250749744335,1392.2282108002528,None,,,,,,,,,,,,,,ED28,001,2024-02-02_14h00.22.905,rating,2023.2.3,85.10300836343751,2024-02-02 14h00.35.241320 +0800,
neg_103.jpg,0,201,201,5,1392.2587163213761,,,,,,,,,,,,,,,,,,,,,,,1392.2284542765005,,1392.22848563761,1392.2284924800338,1392.2587163213761,1393.246680212765,1393.2583921615474,1394.232608483066,1394.2561321659778,1394.479646212476,1394.4796541953037,1394.5522443292698,1394.5522443292698,1394.5522443292698,1394.5522443292698,1394.5522443292698,1394.5522443292698,0.0011836680469059502,1397.728809369787,[-421.0],[-351.0],[1],[0],[0],[3.2460649648228355],1397.7296116439807,1397.7327591589406,None,,,,,,,,,,,,,,ED28,001,2024-02-02_14h00.22.905,rating,2023.2.3,85.10300836343751,2024-02-02 14h00.35.241320 +0800,
neg_1.jpg,0,202,202,0,1397.7631184232546,,,,,,,,,,,,,,,,,,,,,,,1397.7329994990773,,1397.7330308601868,1397.7330379877117,1397.7631184232546,1398.7510900123707,1398.7627740212552,1399.7370122955504,1399.7605356933614,1399.9840497398595,1399.9840580077885,1400.0566221975641,1400.0566221975641,1400.0566221975641,1400.0566221975641,1400.0566221975641,1400.0566221975641,0.0010416877521493006,1404.0799186549848,[-243.0],[-207.0],[1],[0],[0],[4.092949766060428],1404.0807232099864,1404.0838724355522,None,,,,,,,,,,,,,,ED28,001,2024-02-02_14h00.22.905,rating,2023.2.3,85.10300836343751,2024-02-02 14h00.35.241320 +0800,
neg_62.jpg,0,203,203,151,1404.114355718798,,,,,,,,,,,,,,,,,,,,,,,1404.084117052204,,1404.084149553717,1404.0841563961408,1404.114355718798,1405.1024376419982,1405.114011316799,1406.088248165589,1406.1117712782989,1406.335280763181,1406.3352890311098,1406.4078586378046,1406.4078586378046,1406.4078586378046,1406.4078586378046,1406.4078586378046,1406.4078586378046,0.0011543026444087445,1407.326244202115,[-224.0],[-231.0],[1],[0],[0],[0.9880300348195306],1407.3270268043398,1407.3302110973282,None,,,,,,,,,,,,,,ED28,001,2024-02-02_14h00.22.905,rating,2023.2.3,85.10300836343751,2024-02-02 14h00.35.241320 +0800,
neg_178.jpg,0,204,204,87,1407.3605407111386,,,,,,,,,,,,,,,,,,,,,,,1407.3304297697896,,1407.3304585649898,1407.3304645521107,1407.3605407111386,1408.3485219936883,1408.3602362232787,1409.3344342983337,1409.3579571259424,1409.581469746936,1409.5814780148644,1409.6540442003475,1409.6540442003475,1409.6540442003475,1409.6540442003475,1409.6540442003475,1409.6540442003475,0.001033990025462117,1412.0542957734633,[-257.0],[353.0],[1],[0],[0],[2.4698618315055683],1412.055139957503,1412.0582863320587,None,,,,,,,,,,,,,,ED28,001,2024-02-02_14h00.22.905,rating,2023.2.3,85.10300836343751,2024-02-02 14h00.35.241320 +0800,
neu_10.jpg,0,205,205,193,1412.0886843701078,,,,,,,,,,,,,,,,,,,,,,,1412.0585298083065,,1412.058561169416,1412.0585680118397,1412.0886843701078,1413.0766525380118,1413.0883502317442,1414.0625782424036,1414.0860996445076,1414.3096114101977,1414.3096193930255,1414.382187574215,1414.382187574215,1414.382187574215,1414.382187574215,1414.382187574215,1414.382187574215,0.0010724786593527824,1417.4883329546242,[180.0],[-348.0],[1],[0],[0],[3.1756894953682604],1417.4892350141654,1417.492390511953,None,,,,,,,,,,,,,,ED28,001,2024-02-02_14h00.22.905,rating,2023.2.3,85.10300836343751,2024-02-02 14h00.35.241320 +0800,
neg_8.jpg,0,206,206,170,1417.522548209865,,,,,,,,,,,,,,,,,,,,,,,1417.492635128605,,1417.4926670599161,1417.4926741874406,1417.522548209865,1418.510511531052,1418.5221715914536,1419.4964104359506,1419.5199335486604,1419.743445314351,1419.7434527269766,1419.8160371589229,1419.8160371589229,1419.8160371589229,1419.8160371589229,1419.8160371589229,1419.8160371589229,0.0007996370095497696,1423.980500802702,[-244.0],[-348.0],[1],[0],[0],[4.234068200148613],1423.9813515440642,1423.9845261436185,None,,,,,,,,,,,,,,ED28,001,2024-02-02_14h00.22.905,rating,2023.2.3,85.10300836343751,2024-02-02 14h00.35.241320 +0800,
neu_187.jpg,0,207,207,289,1424.014903369295,,,,,,,,,,,,,,,,,,,,,,,1423.984768194361,,1423.9848001256723,1423.9848072531972,1424.014903369295,1425.002860988462,1425.014540720832,1425.988789258763,1426.0122818656669,1426.2358152990323,1426.235822996759,1426.3084165519372,1426.3084165519372,1426.3084165519372,1426.3084165519372,1426.3084165519372,1426.3084165519372,0.0010368410353294166,1431.1785872618589,[53.0],[-332.0],[1],[0],[0],[4.9396763362469756],1431.1793995145872,1431.182545889143,None,,,,,,,,,,,,,,ED28,001,2024-02-02_14h00.22.905,rating,2023.2.3,85.10300836343751,2024-02-02 14h00.35.241320 +0800,
neu_181.jpg,0,208,208,283,1431.2129559014338,,,,,,,,,,,,,,,,,,,,,,,1431.182785659078,,1431.1828173052882,1431.182824432813,1431.2129559014338,1432.2009263501454,1432.2126109292326,1433.1868494886285,1433.2103871414888,1433.4338832266249,1433.4338912094527,1433.5064921772564,1433.5064921772564,1433.5064921772564,1433.5064921772564,1433.5064921772564,1433.5064921772564,0.0010881592138503038,1440.9877517762502,[26.0],[-341.0],[1],[0],[0],[7.550811696781238],1440.9886526953874,1440.9918178866092,None,,,,,,,,,,,,,,ED28,001,2024-02-02_14h00.22.905,rating,2023.2.3,85.10300836343751,2024-02-02 14h00.35.241320 +0800,
neg_63.jpg,0,209,209,152,1441.0220856335045,,,,,,,,,,,,,,,,,,,,,,,1440.99205936715,,1440.9920912984612,1440.9920984259857,1441.0220856335045,1442.0100566524184,1442.0217734479174,1442.9959803611032,1443.019501193005,1443.2430360518756,1443.2430434645016,1443.3156119307923,1443.3156119307923,1443.3156119307923,1443.3156119307923,1443.3156119307923,1443.3156119307923,0.0009658508884058392,1446.8451898758358,[-278.0],[-343.0],[1],[0],[0],[3.5990670355113252],1446.8459824565953,1464.5103245048008,space,1446.8676056562895,1446.8676056562895,17.631430844905026,None,,,,,,,,,,ED28,001,2024-02-02_14h00.22.905,rating,2023.2.3,85.10300836343751,2024-02-02 14h00.35.241320 +0800,
neu_54.jpg,0,210,210,334,1464.5334313700614,,,,,,,,,,,,,,,,,,,,,,,1464.5106934254854,1464.5334313700614,1465.521418639732,1465.5214263374587,1465.5449317739067,1466.5328791294382,1466.54456513403,1467.5188022679213,1467.542323955126,1467.7658328698067,1467.7658414228363,1467.8384489479631,1467.8384489479631,1467.8384489479631,1467.8384489479631,1467.8384489479631,1467.8384489479631,0.00531449633081138,1471.2972636862019,[232.0],[-354.0],[1],[0],[0],[3.5283674062279715],1471.2981295379168,1471.3014657897338,None,,,,,,,,,,,,,,ED28,001,2024-02-02_14h00.22.905,rating,2023.2.3,85.10300836343751,2024-02-02 14h00.35.241320 +0800,
neg_102.jpg,0,211,211,4,1471.331589560628,,,,,,,,,,,,,,,,,,,,,,,1471.3017198147186,,1471.3017545970397,1471.3017622947664,1471.331589560628,1472.3195582987337,1472.33130303413,1473.305482007419,1473.3290056903306,1473.5525462512214,1473.5525542340492,1473.6250169278715,1473.6250169278715,1473.6250169278715,1473.6250169278715,1473.6250169278715,1473.6250169278715,0.0008133218570947065,1475.249171140139,[-415.0],[-347.0],[1],[0],[0],[1.6934859269877052],1475.250031004733,1475.2531910641364,None,,,,,,,,,,,,,,ED28,001,2024-02-02_14h00.22.905,rating,2023.2.3,85.10300836343751,2024-02-02 14h00.35.241320 +0800,
neg_91.jpg,0,212,212,183,1475.283484470121,,,,,,,,,,,,,,,,,,,,,,,1475.2534328297784,,1475.2534653312914,1475.2534724588163,1475.283484470121,1476.2714540635302,1476.2831209663555,1477.2573620916605,1477.2808840639664,1477.5043966849598,1477.5044049528883,1477.588740107352,1477.588740107352,1477.588740107352,1477.588740107352,1477.588740107352,1477.588740107352,0.0009535915455671784,1481.7532935579434,[-266.0],[-346.0],[1],[0],[0],[4.2457718810023835],1481.754089845016,1481.757244772602,None,,,,,,,,,,,,,,ED28,001,2024-02-02_14h00.22.905,rating,2023.2.3,85.10300836343751,2024-02-02 14h00.35.241320 +0800,
neu_30.jpg,0,213,213,308,1481.787604036916,,,,,,,,,,,,,,,,,,,,,,,1481.7574873935469,,1481.757519039757,1481.7575258821807,1481.787604036916,1482.7755716346178,1482.7872610604218,1483.7614959135049,1483.7850201666188,1484.0085293664001,1484.008537634329,1484.092895311771,1484.092895311771,1484.092895311771,1484.092895311771,1484.092895311771,1484.092895311771,0.0010325645203010936,1489.3159172739556,[2.0],[285.0],[1],[0],[0],[5.304253792342024],1489.3167483433494,1489.3199072623488,None,,,,,,,,,,,,,,ED28,001,2024-02-02_14h00.22.905,rating,2023.2.3,85.10300836343751,2024-02-02 14h00.35.241320 +0800,
neu_165.jpg,0,214,214,265,1489.350304730196,,,,,,,,,,,,,,,,,,,,,,,1489.3201467471831,,1489.3201783933932,1489.320185235817,1489.350304730196,1490.3383019784014,1490.349926401179,1491.3241703774938,1491.3476937753044,1491.5712041154898,1491.5712120983176,1491.6555392699534,1491.6555392699534,1491.6555392699534,1491.6555392699534,1491.6555392699534,1491.6555392699534,0.0010479599741302081,1495.514248634865,[-9.0],[360.0],[1],[0],[0],[3.939880468557476],1495.515072861835,1495.5183016305782,None,,,,,,,,,,,,,,ED28,001,2024-02-02_14h00.22.905,rating,2023.2.3,85.10300836343751,2024-02-02 14h00.35.241320 +0800,
neg_141.jpg,0,215,215,47,1495.5486372315095,,,,,,,,,,,,,,,,,,,,,,,1495.5185479578358,,1495.5185801742482,1495.5185873017726,1495.5486372315095,1496.5365974165857,1496.5482412262309,1497.522515993453,1497.5460291276281,1497.7695386125101,1497.769546880439,1497.8538729116708,1497.8538729116708,1497.8538729116708,1497.8538729116708,1497.8538729116708,1497.8538729116708,0.0009806761399886454,1501.0186937869935,[-138.0],[-334.0],[1],[0],[0],[3.2459369544772017],1501.019572468253,1501.0228337385092,None,,,,,,,,,,,,,,ED28,001,2024-02-02_14h00.22.905,rating,2023.2.3,85.10300836343751,2024-02-02 14h00.35.241320 +0800,
neg_96.jpg,0,216,216,188,1501.0529942874314,,,,,,,,,,,,,,,,,,,,,,,1501.02307521905,,1501.0231065801595,1501.0231137076844,1501.0529942874314,1502.0409844081119,1502.052730569013,1503.0269260781592,1503.0504320848095,1503.2740387891304,1503.2740467719582,1503.3582784347614,1503.3582784347614,1503.3582784347614,1503.3582784347614,1503.3582784347614,1503.3582784347614,0.0009541617478134867,1508.2638846321724,[-131.0],[-351.0],[1],[0],[0],[4.986662975559284],1508.2647501987867,1508.2678726248591,None,,,,,,,,,,,,,,ED28,001,2024-02-02_14h00.22.905,rating,2023.2.3,85.10300836343751,2024-02-02 14h00.35.241320 +0800,
neu_18.jpg,0,217,217,281,1508.2981526310973,,,,,,,,,,,,,,,,,,,,,,,1508.268115245804,,1508.2681474622163,1508.2681543046401,1508.2981526310973,1509.2861085396585,1509.2977811445035,1510.272021129405,1510.2955476633265,1510.519056007805,1510.5190642757339,1510.6033908771674,1510.6033908771674,1510.6033908771674,1510.6033908771674,1510.6033908771674,1510.6033908771674,0.000933064274249773,1514.5916321718223,[138.0],[-351.0],[1],[0],[0],[4.0693080513378845],1514.592444994753,1514.5956657806678,None,,,,,,,,,,,,,,ED28,001,2024-02-02_14h00.22.905,rating,2023.2.3,85.10300836343751,2024-02-02 14h00.35.241320 +0800,
neg_159.jpg,0,218,218,66,1514.6258343124177,,,,,,,,,,,,,,,,,,,,,,,1514.5959078314108,,1514.595940618025,1514.5959474604488,1514.6258343124177,1515.6138093227455,1515.625493616731,1516.599735597339,1516.623255859039,1516.8467827350823,1516.846791288112,1516.9311059153038,1516.9311059153038,1516.9311059153038,1516.9311059153038,1516.9311059153038,1516.9311059153038,0.000865780439653463,1518.9903359316486,[-421.0],[373.0],[1],[0],[0],[2.140251156868544],1518.9912014982629,1518.9943709659992,None,,,,,,,,,,,,,,ED28,001,2024-02-02_14h00.22.905,rating,2023.2.3,85.10300836343751,2024-02-02 14h00.35.241320 +0800,
neg_190.jpg,0,219,219,101,1519.0247231027884,,,,,,,,,,,,,,,,,,,,,,,1518.99461244654,,1518.994644662952,1518.9946517904768,1519.0247231027884,1520.012665326502,1520.0243105616519,1520.9985511167547,1521.0220770804744,1521.245587705761,1521.24559597369,1521.3299211496183,1521.3299211496183,1521.3299211496183,1521.3299211496183,1521.3299211496183,1521.3299211496183,0.0009667061913205544,1522.236654636355,[-427.0],[387.0],[1],[0],[0],[0.9878065156412958],1522.2375324623117,1522.2406891005035,None,,,,,,,,,,,,,,ED28,001,2024-02-02_14h00.22.905,rating,2023.2.3,85.10300836343751,2024-02-02 14h00.35.241320 +0800,
neg_3.jpg,0,220,220,115,1522.2708804403328,,,,,,,,,,,,,,,,,,,,,,,1522.2409314363472,,1522.2409630825573,1522.2409702100822,1522.2708804403328,1523.2588486082368,1523.2704952688914,1524.2447389601057,1524.268264068522,1524.4917761193137,1524.4917849574445,1524.5761315159475,1524.5761315159475,1524.5761315159475,1524.5761315159475,1524.5761315159475,1524.5761315159475,0.0008367001387341588,1527.5410196180842,[-402.0],[-346.0],[1],[0],[0],[3.045900119428552],1527.5419077076767,1527.5450982728867,None,,,,,,,,,,,,,,ED28,001,2024-02-02_14h00.22.905,rating,2023.2.3,85.10300836343751,2024-02-02 14h00.35.241320 +0800,
neg_4.jpg,0,221,221,126,1527.5753184079163,,,,,,,,,,,,,,,,,,,,,,,1527.5453403236297,,1527.5453722549405,1527.5453793824654,1527.5753184079163,1528.5632700399624,1528.5749694443011,1529.5491957443546,1529.5727185719634,1529.7962739581053,1529.796281940933,1529.8805626411072,1529.8805626411072,1529.8805626411072,1529.8805626411072,1529.8805626411072,1529.8805626411072,0.0009239410424015659,1537.6207669273726,[-437.0],[366.0],[1],[0],[0],[7.821201193204615],1537.621609400806,1537.6246873511236,None,,,,,,,,,,,,,,ED28,001,2024-02-02_14h00.22.905,rating,2023.2.3,85.10300836343751,2024-02-02 14h00.35.241320 +0800,
neg_134.jpg,0,222,222,39,1537.6549456896864,,,,,,,,,,,,,,,,,,,,,,,1537.6249356740886,,1537.6249673202988,1537.6249744478237,1537.6549456896864,1538.642920414913,1538.654643197533,1539.6288404172851,1539.652363529995,1539.8758752956855,1539.875883563614,1539.9602087395428,1539.9602087395428,1539.9602087395428,1539.9602087395428,1539.9602087395428,1539.9602087395428,0.0009304983655056276,1542.3488746636162,[-278.0],[362.0],[1],[0],[0],[2.469688205001148],1542.349707728717,1542.3528569542832,None,,,,,,,,,,,,,,ED28,001,2024-02-02_14h00.22.905,rating,2023.2.3,85.10300836343751,2024-02-02 14h00.35.241320 +0800,
neg_154.jpg,0,223,223,61,1542.3830890635545,,,,,,,,,,,,,,,,,,,,,,,1542.353096154016,,1542.353127800226,1542.353134927751,1542.3830890635545,1543.3710828905478,1543.3827691802403,1544.356996905799,1544.3805049081561,1544.6040622900055,1544.604070557934,1544.6884042868924,1544.6884042868924,1544.6884042868924,1544.6884042868924,1544.6884042868924,1544.6884042868924,0.0009575829594723473,1546.3241655307766,[-362.0],[375.0],[1],[0],[0],[1.7167595763285135],1546.325016842341,1546.3281458257366,None,,,,,,,,,,,,,,ED28,001,2024-02-02_14h00.22.905,rating,2023.2.3,85.10300836343751,2024-02-02 14h00.35.241320 +0800,
neu_111.jpg,0,224,224,206,1546.3584971072228,,,,,,,,,,,,,,,,,,,,,,,1546.3283861658733,,1546.3284178120834,1546.3284249396083,1546.3584971072228,1547.34646042841,1547.3581581221424,1548.3323849923977,1548.3559072498047,1548.579420726101,1548.5794287089288,1548.6637544550595,1548.6637544550595,1548.6637544550595,1548.6637544550595,1548.6637544550595,1548.6637544550595,0.00102486679361391,1553.6869069364784,[212.0],[277.0],[1],[0],[0],[5.104121448461228],1553.6877488397104,1553.6908832400245,None,,,,,,,,,,,,,,ED28,001,2024-02-02_14h00.22.905,rating,2023.2.3,85.10300836343751,2024-02-02 14h00.35.241320 +0800,
neu_45.jpg,0,225,225,324,1553.721219411158,,,,,,,,,,,,,,,,,,,,,,,1553.6911227248584,,1553.6911552263714,1553.6911623538963,1553.721219411158,1554.7092029745158,1554.720872728351,1555.6951124281509,1555.7186363961637,1555.9421450257432,1555.9421532936722,1556.0264590827333,1556.0264590827333,1556.0264590827333,1556.0264590827333,1556.0264590827333,1556.0264590827333,0.0010114670467373799,1564.5075524678482,[365.0],[198.0],[1],[0],[0],[8.56204182488591],1564.508401213504,1564.5115319075053,None,,,,,,,,,,,,,,ED28,001,2024-02-02_14h00.22.905,rating,2023.2.3,85.10300836343751,2024-02-02 14h00.35.241320 +0800,
neg_124.jpg,0,226,226,28,1564.5418541086901,,,,,,,,,,,,,,,,,,,,,,,1564.5117745284501,,1564.5118061746603,1564.5118133021851,1564.5418541086901,1565.5298456548753,1565.5414948814391,1566.5157334408354,1566.5392574088482,1566.7627703149424,1566.762778012669,1566.847135975212,1566.847135975212,1566.847135975212,1566.847135975212,1566.847135975212,1566.847135975212,0.0009858079574769363,1568.7416822498117,[-414.0],[354.0],[1],[0],[0],[1.9754528045241386],1568.7425557992533,1568.7456782253262,None,,,,,,,,,,,,,,ED28,001,2024-02-02_14h00.22.905,rating,2023.2.3,85.10300836343751,2024-02-02 14h00.35.241320 +0800,
neu_78.jpg,0,227,227,360,1568.775998145703,,,,,,,,,,,,,,,,,,,,,,,1568.745918850564,,1568.7459507818753,1568.7459581945009,1568.775998145703,1569.7639888365857,1569.775651747997,1570.749891732898,1570.773413990305,1570.9969240453893,1570.9969323133178,1571.0813301899998,1571.0813301899998,1571.0813301899998,1571.0813301899998,1571.0813301899998,1571.0813301899998,0.0009969268967324751,1575.1987929394168,[219.0],[-263.0],[1],[0],[0],[4.198422023025159],1575.1996516636068,1575.2028636113914,None,,,,,,,,,,,,,,ED28,001,2024-02-02_14h00.22.905,rating,2023.2.3,85.10300836343751,2024-02-02 14h00.35.241320 +0800,
neg_85.jpg,0,228,228,176,1575.233086882532,,,,,,,,,,,,,,,,,,,,,,,1575.203105662134,,1575.2031378785464,1575.203145291172,1575.233086882532,1576.2210556206378,1576.2327362083106,1577.2069798995249,1577.2305127056684,1577.454015063026,1577.4540230458538,1577.538351072792,1577.538351072792,1577.538351072792,1577.538351072792,1577.538351072792,1577.538351072792,0.0008997074578473985,1580.33862898924,[-273.0],[-327.0],[1],[0],[0],[2.8814578582241666],1580.3395458740329,1580.342829097065,None,,,,,,,,,,,,,,ED28,001,2024-02-02_14h00.22.905,rating,2023.2.3,85.10300836343751,2024-02-02 14h00.35.241320 +0800,
neu_1.jpg,0,229,229,192,1580.3728964179627,,,,,,,,,,,,,,,,,,,,,,,1580.3430694372018,,1580.3431007983113,1580.3431079258362,1580.3728964179627,1581.3608551775337,1581.3725363354088,1582.3468042602071,1582.3702988628174,1582.593848261839,1582.5938573850708,1582.6781483488803,1582.6781483488803,1582.6781483488803,1582.6781483488803,1582.6781483488803,1582.6781483488803,0.0007925094841993996,1584.7374288281007,[-8.0],[-272.0],[1],[0],[0],[2.1382200973962426],1584.7382801396652,1584.741435922554,None,,,,,,,,,,,,,,ED28,001,2024-02-02_14h00.22.905,rating,2023.2.3,85.10300836343751,2024-02-02 14h00.35.241320 +0800,
neu_174.jpg,0,230,230,275,1584.7717005333384,,,,,,,,,,,,,,,,,,,,,,,1584.741676832893,,1584.7417087642038,1584.7417158917287,1584.7717005333384,1585.7596689863435,1585.7713527101273,1586.7455944056342,1586.769126926677,1586.9926421135792,1586.9926506666088,1587.0769806892545,1587.0769806892545,1587.0769806892545,1587.0769806892545,1587.0769806892545,1587.0769806892545,0.0009575829594723473,1591.6884838300693,[200.0],[370.0],[1],[0],[0],[4.692320719229883],1591.6894009999633,1591.6926095265358,None,,,,,,,,,,,,,,ED28,001,2024-02-02_14h00.22.905,rating,2023.2.3,85.10300836343751,2024-02-02 14h00.35.241320 +0800,
neu_146.jpg,0,231,231,244,1591.7227709307608,,,,,,,,,,,,,,,,,,,,,,,1591.6928535729853,,1591.6928855042966,1591.6928923467203,1591.7227709307608,1592.7107465112904,1592.7224299499735,1593.6966679391676,1593.7201913369781,1593.9437019622646,1593.9437099450925,1594.0280200106686,1594.0280200106686,1594.0280200106686,1594.0280200106686,1594.0280200106686,1594.0280200106686,0.0008392660474783042,1597.9809005142938,[273.0],[-343.0],[1],[0],[0],[4.03362110477201],1597.9817797657552,1597.9849569312187,None,,,,,,,,,,,,,,ED28,001,2024-02-02_14h00.22.905,rating,2023.2.3,85.10300836343751,2024-02-02 14h00.35.241320 +0800,
neg_57.jpg,0,232,232,145,1598.015181627864,,,,,,,,,,,,,,,,,,,,,,,1597.985200692567,,1597.9852337642824,1597.9852408918073,1598.015181627864,1599.0031734591503,1599.0148546170253,1599.9890951721281,1600.0126294037768,1600.2361277697205,1600.23613632275,1600.3204672006987,1600.3204672006987,1600.3204672006987,1600.3204672006987,1600.3204672006987,1600.3204672006987,0.0009170986181743501,1604.3557153768365,[-108.0],[-338.0],[1],[0],[0],[4.116022134100604],1604.3566573505163,1604.359787759417,None,,,,,,,,,,,,,,ED28,001,2024-02-02_14h00.22.905,rating,2023.2.3,85.10300836343751,2024-02-02 14h00.35.241320 +0800,
neu_29.jpg,0,233,233,306,1604.3900469532823,,,,,,,,,,,,,,,,,,,,,,,1604.3600298101596,,1604.3600614563697,1604.3600685838946,1604.3900469532823,1605.3780285209332,1605.3896133146723,1606.3638532995737,1606.3874570958642,1606.6108856120645,1606.6108933097917,1606.6952532680411,1606.6952532680411,1606.6952532680411,1606.6952532680411,1606.6952532680411,1606.6952532680411,0.0008461084712507727,1609.6601727312873,[-14.0],[-320.0],[1],[0],[0],[3.0457259227223403],1609.6610286044674,1609.6641909446794,None,,,,,,,,,,,,,,ED28,001,2024-02-02_14h00.22.905,rating,2023.2.3,85.10300836343751,2024-02-02 14h00.35.241320 +0800,
neu_68.jpg,0,234,234,349,1609.694439304707,,,,,,,,,,,,,,,,,,,,,,,1609.6644347060283,,1609.6644663522384,1609.6644734797633,1609.694439304707,1610.6823835241275,1610.6940700989217,1611.668326334579,1611.6918323412292,1611.9154299223187,1611.9154376200454,1611.9996821123932,1611.9996821123932,1611.9996821123932,1611.9996821123932,1611.9996821123932,1611.9996821123932,0.0009855228568085295,1614.882257566509,[254.0],[-322.0],[1],[0],[0],[2.9635324469163606],1614.8831180013053,1614.8862424230847,None,,,,,,,,,,,,,,ED28,001,2024-02-02_14h00.22.905,rating,2023.2.3,85.10300836343751,2024-02-02 14h00.35.241320 +0800,
neu_178.jpg,0,235,235,279,1614.916543526796,,,,,,,,,,,,,,,,,,,,,,,1614.8864821930197,,1614.886513269028,1614.8865206816536,1614.916543526796,1615.9045786934335,1615.916193707878,1616.890435688486,1616.9139585160947,1617.1374691413812,1617.137476268906,1617.221801444835,1617.221801444835,1617.221801444835,1617.221801444835,1617.221801444835,1617.221801444835,0.0009769698272066307,1620.5160584559671,[238.0],[-237.0],[1],[0],[0],[3.3749805062193445],1620.5169320054088,1620.5200758140559,None,,,,,,,,,,,,,,ED28,001,2024-02-02_14h00.22.905,rating,2023.2.3,85.10300836343751,2024-02-02 14h00.35.241320 +0800,
neg_115.jpg,0,236,236,18,1620.5503247442857,,,,,,,,,,,,,,,,,,,,,,,1620.5203133031828,,1620.5203446642922,1620.520351506716,1620.5503247442857,1621.538319711683,1621.5499789167816,1622.5242169059757,1622.5477499972203,1622.771249503568,1622.7712580565976,1622.8555880792433,1622.8555880792433,1622.8555880792433,1622.8555880792433,1622.8555880792433,1622.8555880792433,0.0009273622545151738,1626.2323131184376,[-248.0],[340.0],[1],[0],[0],[3.457400352213881],1626.2331741234357,1626.2363199277897,None,,,,,,,,,,,,,,ED28,001,2024-02-02_14h00.22.905,rating,2023.2.3,85.10300836343751,2024-02-02 14h00.35.241320 +0800,
neg_56.jpg,0,237,237,144,1626.2664399923706,,,,,,,,,,,,,,,,,,,,,,,1626.2365605530276,,1626.2365924843389,1626.2365996118633,1626.2664399923706,1627.2544483595148,1627.277986867678,1628.2403287328484,1628.2638515604576,1628.48736389635,1628.4873718791778,1628.5717130207618,1628.5717130207618,1628.5717130207618,1628.5717130207618,1628.5717130207618,1628.5717130207618,0.0007942200904835772,1629.6430164939475,[-240.0],[-344.0],[1],[0],[0],[1.1520543379683659],1629.643877213845,1629.6469580151725,None,,,,,,,,,,,,,,ED28,001,2024-02-02_14h00.22.905,rating,2023.2.3,85.10300836343751,2024-02-02 14h00.35.241320 +0800,
neu_136.jpg,0,238,238,233,1629.677287058781,,,,,,,,,,,,,,,,,,,,,,,1629.6471940787947,,1629.6472265803077,1629.6472337078326,1629.677287058781,1630.6652931451172,1630.6769389504689,1631.6511766545623,1631.6747000523728,1631.8982072564472,1631.8982149541744,1631.9825464023247,1631.9825464023247,1631.9825464023247,1631.9825464023247,1631.9825464023247,1631.9825464023247,0.001002628916012327,1634.9475505405658,[19.0],[-270.0],[1],[0],[0],[3.0456557878778767],1634.9485019225785,1634.9516343271857,None,,,,,,,,,,,,,,ED28,001,2024-02-02_14h00.22.905,rating,2023.2.3,85.10300836343751,2024-02-02 14h00.35.241320 +0800,
neu_85.jpg,0,239,239,368,1634.9817404218184,,,,,,,,,,,,,,,,,,,,,,,1634.9518755226259,,1634.951907168836,1634.9519142963609,1634.9817404218184,1635.9697085897224,1635.9813957347183,1636.955635149417,1636.979157121723,1637.2026922656946,1637.2026999634213,1637.287000905766,1637.287000905766,1637.287000905766,1637.287000905766,1637.287000905766,1637.287000905766,0.0008073347357822058,1641.0752860489533,[277.0],[-355.0],[1],[0],[0],[3.8689362226232333],1641.0761667259203,1644.4384724973052,space,1641.097762555919,1641.097762555919,3.332214502003808,None,,,,,,,,,,ED28,001,2024-02-02_14h00.22.905,rating,2023.2.3,85.10300836343751,2024-02-02 14h00.35.241320 +0800,
neu_180.jpg,0,240,240,282,1644.4615705244346,,,,,,,,,,,,,,,,,,,,,,,1644.4388479753125,1644.4615705244346,1645.4495463900653,1645.4495546579942,1645.473044128787,1646.4610724530003,1646.4726925992627,1647.446933439467,1647.4704556968736,1647.6939657519579,1647.693974304988,1647.7783029021284,1647.7783029021284,1647.7783029021284,1647.7783029021284,1647.7783029021284,1647.7783029021284,0.005294254160162382,1651.1551154673275,[-14.0],[-342.0],[1],[0],[0],[3.457368420902185],1651.1560734066634,1651.1591932668266,None,,,,,,,,,,,,,,ED28,001,2024-02-02_14h00.22.905,rating,2023.2.3,85.10300836343751,2024-02-02 14h00.35.241320 +0800,
neu_168.jpg,0,241,241,268,1651.1891707809114,,,,,,,,,,,,,,,,,,,,,,,1651.1594629723659,,1651.159492622869,1651.159498895091,1651.1891707809114,1652.177120417251,1652.188806706944,1653.1630458365416,1653.1865680939486,1653.41007729373,1653.410084706356,1653.4944304095561,1653.4944304095561,1653.4944304095561,1653.4944304095561,1653.4944304095561,1653.4944304095561,0.0006074789403101022,1659.5056229043294,[393.0],[67.0],[1],[0],[0],[6.091829604259601],1659.5065129896288,1659.5096767553455,None,,,,,,,,,,,,,,ED28,001,2024-02-02_14h00.22.905,rating,2023.2.3,85.10300836343751,2024-02-02 14h00.35.241320 +0800,
neu_115.jpg,0,242,242,210,1659.5398415807822,,,,,,,,,,,,,,,,,,,,,,,1659.5099242230071,,1659.5099558692173,1659.5099632818433,1659.5398415807822,1660.5278416799974,1660.539502880803,1661.513747142219,1661.537264267808,1661.7608068244053,1661.760824785768,1661.8451146091734,1661.8451146091734,1661.8451146091734,1661.8451146091734,1661.8451146091734,1661.8451146091734,0.000882601398643601,1669.6675856421998,[214.0],[-230.0],[1],[0],[0],[7.903049126607129],1669.6684882719428,1669.6716372124079,None,,,,,,,,,,,,,,ED28,001,2024-02-02_14h00.22.905,rating,2023.2.3,85.10300836343751,2024-02-02 14h00.35.241320 +0800,
neu_49.jpg,0,243,243,328,1669.7018268416314,,,,,,,,,,,,,,,,,,,,,,,1669.6718821141608,,1669.671914045472,1669.6719211729965,1669.7018268416314,1670.6897947244343,1670.7014744568041,1671.6757178629173,1671.6992597922927,1671.9227496052063,1671.9227578731352,1672.0070881808815,1672.0070881808815,1672.0070881808815,1672.0070881808815,1672.0070881808815,1672.0070881808815,0.0008577976122978725,1673.3255072160487,[254.0],[-332.0],[1],[0],[0],[1.3989463807711218],1673.3263670806427,1673.3296163766572,None,,,,,,,,,,,,,,ED28,001,2024-02-02_14h00.22.905,rating,2023.2.3,85.10300836343751,2024-02-02 14h00.35.241320 +0800,
neu_67.jpg,0,244,244,348,1673.35966516599,,,,,,,,,,,,,,,,,,,,,,,1673.3298672655305,,1673.3299011925487,1673.3299091753765,1673.35966516599,1674.347635329601,1674.359346993282,1675.3335633148008,1675.3570818658945,1675.5805950570898,1675.5806033250187,1675.6649296413516,1675.6649296413516,1675.6649296413516,1675.6649296413516,1675.6649296413516,1675.6649296413516,0.0007158173179959704,1681.840879148825,[399.0],[-333.0],[1],[0],[0],[6.256500231359496],1681.8418214076064,1681.8449917306457,None,,,,,,,,,,,,,,ED28,001,2024-02-02_14h00.22.905,rating,2023.2.3,85.10300836343751,2024-02-02 14h00.35.241320 +0800,
neu_79.jpg,0,245,245,361,1681.875025694727,,,,,,,,,,,,,,,,,,,,,,,1681.8452423344183,,1681.8452759763354,1681.8452839591632,1681.875025694727,1682.862995288136,1682.8747135091398,1683.8489318263655,1683.8724461009447,1684.0959986360767,1684.0960066189045,1684.1802864637752,1684.1802864637752,1684.1802864637752,1684.1802864637752,1684.1802864637752,1684.1802864637752,0.0007440423160005594,1688.8742510753295,[205.0],[211.0],[1],[0],[0],[4.7744443452925225],1688.875149428558,1688.8782727099333,None,,,,,,,,,,,,,,ED28,001,2024-02-02_14h00.22.905,rating,2023.2.3,85.10300836343751,2024-02-02 14h00.35.241320 +0800,
neu_99.jpg,0,246,246,383,1688.9084321184514,,,,,,,,,,,,,,,,,,,,,,,1688.8784922376976,,1688.8785210328979,1688.8785270200187,1688.9084321184514,1689.8963994310525,1689.908135043217,1690.8823228546362,1690.9058453971443,1691.1293756943992,1691.129383677227,1691.2137025809338,1691.2137025809338,1691.2137025809338,1691.2137025809338,1691.2137025809338,1691.2137025809338,0.0008774695802458155,1694.0139967481382,[-4.0],[-238.0],[1],[0],[0],[2.880791577204036],1694.0148848377303,1694.0180471779422,None,,,,,,,,,,,,,,ED28,001,2024-02-02_14h00.22.905,rating,2023.2.3,85.10300836343751,2024-02-02 14h00.35.241320 +0800,
neg_131.jpg,0,247,247,36,1694.0482325306502,,,,,,,,,,,,,,,,,,,,,,,1694.0182880882808,,1694.0183205897943,1694.0183277173187,1694.0482325306502,1695.0361941412316,1695.0478790054194,1696.022097892847,1696.0456230012637,1696.2691552942256,1696.2691641323563,1696.3535175332831,1696.3535175332831,1696.3535175332831,1696.3535175332831,1696.3535175332831,1696.3535175332831,0.0008592231170041487,1699.2362058873923,[-259.0],[337.0],[1],[0],[0],[2.963249341630217],1699.2371036704185,1699.240232653814,None,,,,,,,,,,,,,,ED28,001,2024-02-02_14h00.22.905,rating,2023.2.3,85.10300836343751,2024-02-02 14h00.35.241320 +0800,
neg_71.jpg,0,248,248,161,1699.2703527183953,,,,,,,,,,,,,,,,,,,,,,,1699.2404729939508,,1699.2405043550602,1699.240511197484,1699.2703527183953,1700.2583391327626,1700.2700060355878,1701.24424345458,1701.2677976432983,1701.4912789031823,1701.4912868860101,1701.575637150826,1701.575637150826,1701.575637150826,1701.575637150826,1701.575637150826,1701.575637150826,0.0007970711003508768,1702.2353930644622,[-413.0],[370.0],[1],[0],[0],[0.7402034309620831],1702.2363681098573,1702.2394711490624,None,,,,,,,,,,,,,,ED28,001,2024-02-02_14h00.22.905,rating,2023.2.3,85.10300836343751,2024-02-02 14h00.35.241320 +0800,
neg_171.jpg,0,249,249,80,1702.2695453123838,,,,,,,,,,,,,,,,,,,,,,,1702.2396878258169,,1702.239716335916,1702.239722893239,1702.2695453123838,1703.2575231737214,1703.2691980593745,1704.2434391846796,1704.2669691398132,1704.4904737779789,1704.4904820459074,1704.5747493463346,1704.5747493463346,1704.5747493463346,1704.5747493463346,1704.5747493463346,1704.5747493463346,0.0007805352429386403,1706.387621028935,[-379.0],[374.0],[1],[0],[0],[1.8931735133191978],1706.3885755470587,1706.3917301895435,None,,,,,,,,,,,,,,ED28,001,2024-02-02_14h00.22.905,rating,2023.2.3,85.10300836343751,2024-02-02 14h00.35.241320 +0800,
neg_127.jpg,0,250,250,31,1706.4213695738508,,,,,,,,,,,,,,,,,,,,,,,1706.3919725253877,,1706.3920073077088,1706.3920150054355,1706.4213695738508,1707.409368532662,1707.4210260271548,1708.4091159331824,1708.4208372902976,1708.6443450645738,1708.6443527623005,1708.7383961757691,1708.7383961757691,1708.7383961757691,1708.7383961757691,1708.7383961757691,1708.7383961757691,0.0023594245408276038,1714.5026627007219,[-231.0],[-212.0],[1],[0],[0],[5.854337341188057],1714.5035547817279,1714.5068277411247,None,,,,,,,,,,,,,,ED28,001,2024-02-02_14h00.22.905,rating,2023.2.3,85.10300836343751,2024-02-02 14h00.35.241320 +0800,
neu_166.jpg,0,251,251,266,1714.5368525819745,,,,,,,,,,,,,,,,,,,,,,,1714.5072015085261,,1714.5072337249385,1714.5072408524634,1714.5368525819745,1715.5248079203334,1715.5365170181058,1716.5107302035135,1716.5342536013245,1716.7577647968128,1716.7577724945395,1716.8422085747543,1716.8422085747543,1716.8422085747543,1716.8422085747543,1716.8422085747543,1716.8422085747543,0.0005530246503440139,1721.6183720790332,[146.0],[-343.0],[1],[0],[0],[4.856682867055497],1721.6193049294816,1721.6225750378685,None,,,,,,,,,,,,,,ED28,001,2024-02-02_14h00.22.905,rating,2023.2.3,85.10300836343751,2024-02-02 14h00.35.241320 +0800,
neg_17.jpg,0,252,252,78,1721.6525964575062,,,,,,,,,,,,,,,,,,,,,,,1721.6228179439145,,1721.6228538666396,1721.6228615643663,1721.6525964575062,1722.6405401067245,1722.6522292474274,1723.6264660962174,1723.6499914897354,1723.8735032554255,1723.8735109531526,1723.969603102355,1723.969603102355,1723.969603102355,1723.969603102355,1723.969603102355,1723.969603102355,0.0006719117645843653,1726.2759543827005,[-277.0],[-353.0],[1],[0],[0],[2.3984542964576576],1726.276887233149,1726.2800324673012,None,,,,,,,,,,,,,,ED28,001,2024-02-02_14h00.22.905,rating,2023.2.3,85.10300836343751,2024-02-02 14h00.35.241320 +0800,
neu_76.jpg,0,253,253,358,1726.3101468298623,,,,,,,,,,,,,,,,,,,,,,,1726.2802702415288,,1726.280303028143,1726.2803101556678,1726.3101468298623,1727.2981181338773,1727.3097955854391,1728.2840686420554,1728.307561819161,1728.5310824229819,1728.5310906909108,1728.627185691123,1728.627185691123,1728.627185691123,1728.627185691123,1728.627185691123,1728.627185691123,0.000802202918293915,1733.6506018909608,[361.0],[-353.0],[1],[0],[0],[5.115442808883472],1733.6515056611079,1733.6546580227846,None,,,,,,,,,,,,,,ED28,001,2024-02-02_14h00.22.905,rating,2023.2.3,85.10300836343751,2024-02-02 14h00.35.241320 +0800,
neg_58.jpg,0,254,254,146,1733.6846358219705,,,,,,,,,,,,,,,,,,,,,,,1733.6549009288306,,1733.6549325750407,1733.6549397025656,1733.6846358219705,1734.6726022792682,1734.6843264873933,1735.6585319750743,1735.682050526168,1735.9055916572606,1735.9055999251896,1736.0016675557067,1736.0016675557067,1736.0016675557067,1736.0016675557067,1736.0016675557067,1736.0016675557067,0.0006816051982241333,1738.143254125625,[-315.0],[382.0],[1],[0],[0],[2.2336790372937685],1738.144164453095,1738.1473011342173,None,,,,,,,,,,,,,,ED28,001,2024-02-02_14h00.22.905,rating,2023.2.3,85.10300836343751,2024-02-02 14h00.35.241320 +0800,
neu_62.jpg,0,255,255,343,1738.1775594727796,,,,,,,,,,,,,,,,,,,,,,,1738.147542329657,,1738.147573975867,1738.1475808182913,1738.1775594727796,1739.165525359876,1739.177201100832,1740.151438804925,1740.174965338847,1740.3984753939312,1740.3984836618597,1740.4945683984365,1740.4945683984365,1740.4945683984365,1740.4945683984365,1740.4945683984365,1740.4945683984365,0.0009245112446478743,1743.3066731593667,[0.0],[-318.0],[1],[0],[0],[2.9041561737622033],1743.3076017333,1743.3106950790711,None,,,,,,,,,,,,,,ED28,001,2024-02-02_14h00.22.905,rating,2023.2.3,85.10300836343751,2024-02-02 14h00.35.241320 +0800,
neg_54.jpg,0,256,256,142,1743.3409009590514,,,,,,,,,,,,,,,,,,,,,,,1743.3109425467328,,1743.3109721972364,1743.310978469458,1743.3409009590514,1744.3288825267018,1744.3405160727111,1745.314758053319,1745.3382805958267,1745.561792646618,1745.5618006294458,1745.6579138761217,1745.6579138761217,1745.6579138761217,1745.6579138761217,1745.6579138761217,1745.6579138761217,0.0008426872591371648,1747.8347965191451,[-161.0],[-342.0],[1],[0],[0],[2.268939472774491],1747.8357037105038,1747.838844668141,None,,,,,,,,,,,,,,ED28,001,2024-02-02_14h00.22.905,rating,2023.2.3,85.10300836343751,2024-02-02 14h00.35.241320 +0800,
neg_84.jpg,0,257,257,175,1747.8691477675593,,,,,,,,,,,,,,,,,,,,,,,1747.839087289086,,1747.839119790599,1747.8391269181238,1747.8691477675593,1748.8570603407697,1748.8687118481416,1749.8429524032445,1749.8664795073682,1750.0899881369478,1750.0899964048763,1750.1861107919563,1750.1861107919563,1750.1861107919563,1750.1861107919563,1750.1861107919563,1750.1861107919563,0.0008905842259991914,1751.2575759174051,[-267.0],[-330.0],[1],[0],[0],[1.163484606970087],1751.258482538562,1751.261640602259,None,,,,,,,,,,,,,,ED28,001,2024-02-02_14h00.22.905,rating,2023.2.3,85.10300836343751,2024-02-02 14h00.35.241320 +0800,
neu_135.jpg,0,258,258,232,1751.291670289825,,,,,,,,,,,,,,,,,,,,,,,1751.2618795168905,,1751.2619111631006,1751.2619182906255,1751.291670289825,1752.2796356067192,1752.2913464150975,1753.2655627366162,1753.2890852791238,1753.5125967597132,1753.51260445744,1753.6086986023492,1753.6086986023492,1753.6086986023492,1753.6086986023492,1753.6086986023492,1753.6086986023492,0.0007075493886077311,1757.1617566098525,[372.0],[266.0],[1],[0],[0],[3.6450216092298433],1757.1626697883326,1757.165834979554,None,,,,,,,,,,,,,,ED28,001,2024-02-02_14h00.22.905,rating,2023.2.3,85.10300836343751,2024-02-02 14h00.35.241320 +0800,
neu_53.jpg,0,259,259,333,1757.1959878307493,,,,,,,,,,,,,,,,,,,,,,,1757.1660810217109,,1757.166111812618,1757.1661189401425,1757.1959878307493,1758.1839349011798,1758.19564057774,1759.1698603204704,1759.1933825778774,1759.4168934882646,1759.4169020412946,1759.51299219479,1759.51299219479,1759.51299219479,1759.51299219479,1759.51299219479,1759.51299219479,0.0008053390292843687,1770.3583420122827,[26.0],[-336.0],[1],[0],[0],[10.937313134118085],1770.3593318829294,1770.362530145866,None,,,,,,,,,,,,,,ED28,001,2024-02-02_14h00.22.905,rating,2023.2.3,85.10300836343751,2024-02-02 14h00.35.241320 +0800,
neg_73.jpg,0,260,260,163,1770.3924437973287,,,,,,,,,,,,,,,,,,,,,,,1770.3627818900427,,1770.362816102162,1770.3628240849898,1770.3924437973287,1771.3804085440206,1771.3920626173012,1772.366354490583,1772.3898268553162,1772.6133608588839,1772.6133791053471,1772.7094433146526,1772.7094433146526,1772.7094433146526,1772.7094433146526,1772.7094433146526,1772.7094433146526,0.0005766880331066204,1775.2510536619939,[-238.0],[-338.0],[1],[0],[0],[2.6335502856854873],1775.2519676957768,1775.2551254743726,None,,,,,,,,,,,,,,ED28,001,2024-02-02_14h00.22.905,rating,2023.2.3,85.10300836343751,2024-02-02 14h00.35.241320 +0800,
neg_129.jpg,0,261,261,33,1775.2852233010758,,,,,,,,,,,,,,,,,,,,,,,1775.2553655294082,,1775.2553974607195,1775.2554043031432,1775.2852233010758,1776.273222259887,1776.2848783288746,1777.2591163180687,1777.282640286082,1777.5061517666709,1777.5061597494987,1777.6022493327923,1777.6022493327923,1777.6022493327923,1777.6022493327923,1777.6022493327923,1777.6022493327923,0.0007765438290334714,1784.4603976189505,[-242.0],[326.0],[1],[0],[0],[6.949986158346746],1784.4613421585395,1784.4645241707194,None,,,,,,,,,,,,,,ED28,001,2024-02-02_14h00.22.905,rating,2023.2.3,85.10300836343751,2024-02-02 14h00.35.241320 +0800,
neg_19.jpg,0,262,262,100,1784.494515084551,,,,,,,,,,,,,,,,,,,,,,,1784.4647676469672,,1784.4647995782784,1784.4648064207022,1784.494515084551,1785.4824838226568,1785.4941723931574,1786.4684078164428,1786.4919751198067,1786.7154398438329,1786.715448396863,1786.8115396907624,1786.8115396907624,1786.8115396907624,1786.8115396907624,1786.8115396907624,1786.8115396907624,0.0006636438361056207,1791.9877492103415,[3.0],[-252.0],[1],[0],[0],[5.26812379883404],1791.988677214073,1791.9918931532711,None,,,,,,,,,,,,,,ED28,001,2024-02-02_14h00.22.905,rating,2023.2.3,85.10300836343751,2024-02-02 14h00.35.241320 +0800,
neg_37.jpg,0,263,263,123,1792.021902598667,,,,,,,,,,,,,,,,,,,,,,,1791.992134633812,,1791.9921668502243,1791.9921742628499,1792.021902598667,1793.0098493839964,1793.0215331077802,1793.9957896285391,1794.019298201098,1794.2428299238582,1794.242837906686,1794.3389297707872,1794.3389297707872,1794.3389297707872,1794.3389297707872,1794.3389297707872,1794.3389297707872,0.0006844562085461803,1796.598292701215,[-244.0],[-355.0],[1],[0],[0],[2.3512506952902186],1796.599234104693,1796.6024454822755,None,,,,,,,,,,,,,,ED28,001,2024-02-02_14h00.22.905,rating,2023.2.3,85.10300836343751,2024-02-02 14h00.35.241320 +0800,
neg_139.jpg,0,264,264,44,1796.6324708933266,,,,,,,,,,,,,,,,,,,,,,,1796.6027588082666,,1796.6027907395778,1796.6027978671023,1796.6324708933266,1797.6203997172938,1797.6320783092597,1798.6063234259786,1798.6298476790926,1798.853356878874,1798.8533654319035,1798.9495627833726,1798.9495627833726,1798.9495627833726,1798.9495627833726,1798.9495627833726,1798.9495627833726,0.0005886622748221271,1800.7383579722364,[-419.0],[340.0],[1],[0],[0],[1.880727429480885],1800.7392854057657,1800.7424346313314,None,,,,,,,,,,,,,,ED28,001,2024-02-02_14h00.22.905,rating,2023.2.3,85.10300836343751,2024-02-02 14h00.35.241320 +0800,
neg_10.jpg,0,265,265,1,1800.772502807532,,,,,,,,,,,,,,,,,,,,,,,1800.7426761118722,,1800.7427077580828,1800.7427160260113,1800.772502807532,1801.760459571396,1801.7721504227047,1802.7463881267981,1802.7699229286486,1802.993423005198,1802.993431273127,1803.0895205713196,1803.0895205713196,1803.0895205713196,1803.0895205713196,1803.0895205713196,1803.0895205713196,0.0007377700940196519,1804.2197609770296,[-263.0],[-361.0],[1],[0],[0],[1.2220318064369167],1804.220686129751,1804.2238296532973,None,,,,,,,,,,,,,,ED28,001,2024-02-02_14h00.22.905,rating,2023.2.3,85.10300836343751,2024-02-02 14h00.35.241320 +0800,
neg_30.jpg,0,266,266,116,1804.2539491476764,,,,,,,,,,,,,,,,,,,,,,,1804.2240699934341,,1804.224101354543,1804.2241081969669,1804.2539491476764,1805.2419124688636,1805.2535642613361,1806.227804816439,1806.2513299248558,1806.4748396948394,1806.4748476776672,1806.5709623498478,1806.5709623498478,1806.5709623498478,1806.5709623498478,1806.5709623498478,1806.5709623498478,0.0007602930727443891,1808.5481927590617,[-392.0],[86.0],[1],[0],[0],[2.0690183887286366],1808.5491278903182,1808.5522511716936,None,,,,,,,,,,,,,,ED28,001,2024-02-02_14h00.22.905,rating,2023.2.3,85.10300836343751,2024-02-02 14h00.35.241320 +0800,
neg_67.jpg,0,267,267,156,1808.5821779378016,,,,,,,,,,,,,,,,,,,,,,,1808.5524937926384,,1808.552526294152,1808.5525331365757,1808.5821779378016,1809.5701515226247,1809.581815289339,1810.5560538487352,1810.579577816748,1810.8030867314283,1810.803094714256,1810.8992470197682,1810.8992470197682,1810.8992470197682,1810.8992470197682,1810.8992470197682,1810.8992470197682,0.0005821049521728128,1812.4999180334644,[-417.0],[194.0],[1],[0],[0],[1.6925262770455447],1812.5008979255767,1812.5040634018992,None,,,,,,,,,,,,,,ED28,001,2024-02-02_14h00.22.905,rating,2023.2.3,85.10300836343751,2024-02-02 14h00.35.241320 +0800,
neu_116.jpg,0,268,268,211,1812.534066289972,,,,,,,,,,,,,,,,,,,,,,,1812.5043085887528,,1812.504340520064,1812.50434793269,1812.534066289972,1813.5220127902007,1813.5337016458025,1814.5079333627746,1814.5314576158885,1814.754968241175,1814.7549762240028,1814.851066092397,1814.851066092397,1814.851066092397,1814.851066092397,1814.851066092397,1814.851066092397,0.0006493887863143755,1816.0754408587927,[-6.0],[209.0],[1],[0],[0],[1.3161154191452624],1816.0763888195934,1816.0795394706643,None,,,,,,,,,,,,,,ED28,001,2024-02-02_14h00.22.905,rating,2023.2.3,85.10300836343751,2024-02-02 14h00.35.241320 +0800,
neu_118.jpg,0,269,269,213,1816.109592536512,,,,,,,,,,,,,,,,,,,,,,,1816.079779810801,,1816.0798111719105,1816.0798180143343,1816.109592536512,1817.097519649873,1817.109205939566,1818.0834444989619,1818.106968181874,1818.3304773816553,1818.330485079382,1818.4266214192385,1818.4266214192385,1818.4266214192385,1818.4266214192385,1818.4266214192385,1818.4266214192385,0.0006878774202050408,1821.6269661633587,[2.0],[-82.0],[1],[0],[0],[3.292076843840732],1821.627906141332,1829.1065165819014,space,1821.6492636269008,1821.6492636269008,7.433905749603582,None,,,,,,,,,,ED28,001,2024-02-02_14h00.22.905,rating,2023.2.3,85.10300836343751,2024-02-02 14h00.35.241320 +0800,
neu_129.jpg,0,270,270,225,1829.1295778310027,,,,,,,,,,,,,,,,,,,,,,,1829.1069066000596,1829.1295778310027,1830.117583062036,1830.1175907597626,1830.1410810858583,1831.1290660747209,1831.1407261351223,1832.1149695412355,1832.1384920837431,1832.3620115471604,1832.3620206703922,1832.458102270858,1832.458102270858,1832.458102270858,1832.458102270858,1832.458102270858,1832.458102270858,0.005297675371821242,1834.3411176358059,[222.0],[-326.0],[1],[0],[0],[1.9745022778147359],1834.3420872642819,1834.3451991416177,None,,,,,,,,,,,,,,ED28,001,2024-02-02_14h00.22.905,rating,2023.2.3,85.10300836343751,2024-02-02 14h00.35.241320 +0800,
neu_109.jpg,0,271,271,203,1834.3752325354972,,,,,,,,,,,,,,,,,,,,,,,1834.3454397668556,,1834.3454691322581,1834.3454754044797,1834.3752325354972,1835.3632257922886,1835.3748830016802,1836.34912555249,1836.372648950301,1836.5961601457893,1836.5961681286171,1836.6922545757998,1836.6922545757998,1836.6922545757998,1836.6922545757998,1836.6922545757998,1836.6922545757998,0.0007132514087970776,1842.0566977493272,[-9.0],[192.0],[1],[0],[0],[5.456086321738439],1842.057647135633,1842.060797786704,None,,,,,,,,,,,,,,ED28,001,2024-02-02_14h00.22.905,rating,2023.2.3,85.10300836343751,2024-02-02 14h00.35.241320 +0800,
neg_163.jpg,0,272,272,71,1842.090807517201,,,,,,,,,,,,,,,,,,,,,,,1842.0610580839102,,1842.0610900152215,1842.0610968576452,1842.090807517201,1843.0787993484873,1843.0904588386866,1844.0647002490928,1844.0882230767015,1844.311733416887,1844.3117413997147,1844.4078703269452,1844.4078703269452,1844.4078703269452,1844.4078703269452,1844.4078703269452,1844.4078703269452,0.0006662097448497661,1845.2559029447798,[-373.0],[338.0],[1],[0],[0],[0.9396617960965159],1845.2568976621433,1845.2600351985684,None,,,,,,,,,,,,,,ED28,001,2024-02-02_14h00.22.905,rating,2023.2.3,85.10300836343751,2024-02-02 14h00.35.241320 +0800,
neu_128.jpg,0,273,273,224,1845.289953696748,,,,,,,,,,,,,,,,,,,,,,,1845.2602766791092,,1845.2603094657234,1845.2603163081476,1845.289953696748,1846.2779227199549,1846.2896010268196,1847.2638404415188,1847.2873632691276,1847.510878741131,1847.5108875792616,1847.6070042471492,1847.6070042471492,1847.6070042471492,1847.6070042471492,1847.6070042471492,1847.6070042471492,0.0005932238905188569,1850.6191073544937,[65.0],[-340.0],[1],[0],[0],[3.103684388639522],1850.6200516089816,1850.6232926370672,None,,,,,,,,,,,,,,ED28,001,2024-02-02_14h00.22.905,rating,2023.2.3,85.10300836343751,2024-02-02 14h00.35.241320 +0800,
neg_86.jpg,0,274,274,177,1850.6532539003952,,,,,,,,,,,,,,,,,,,,,,,1850.6235355431131,,1850.6235674744244,1850.6235746019493,1850.6532539003952,1851.6412086685527,1851.652867303449,1852.6271064330472,1852.6506067376777,1852.8741387455384,1852.8741467283662,1852.970262826052,1852.970262826052,1852.970262826052,1852.970262826052,1852.970262826052,1852.970262826052,0.0005935089920967584,1854.5709820218162,[-295.0],[-350.0],[1],[0],[0],[1.6923677608938306],1854.5719219997895,1854.5752040824182,None,,,,,,,,,,,,,,ED28,001,2024-02-02_14h00.22.905,rating,2023.2.3,85.10300836343751,2024-02-02 14h00.35.241320 +0800,
neu_126.jpg,0,275,275,222,1854.605092644993,,,,,,,,,,,,,,,,,,,,,,,1854.575444707656,,1854.575477209169,1854.575484336694,1854.605092644993,1855.593058532089,1855.6047436813778,1856.5789853768852,1856.6025384251989,1856.826026242406,1856.8260339401327,1856.9221166810025,1856.9221166810025,1856.9221166810025,1856.9221166810025,1856.9221166810025,1856.9221166810025,0.0005704158111257129,1859.840186068312,[127.0],[-335.0],[1],[0],[0],[3.009627005222228],1859.8411331738098,1859.844264438013,None,,,,,,,,,,,,,,ED28,001,2024-02-02_14h00.22.905,rating,2023.2.3,85.10300836343751,2024-02-02 14h00.35.241320 +0800,
neg_42.jpg,0,276,276,129,1859.87427701952,,,,,,,,,,,,,,,,,,,,,,,1859.844507344059,,1859.8445395604713,1859.8445466879962,1859.87427701952,1860.8622323578793,1860.873917792269,1861.8481586324733,1861.8717131062922,1862.0951923704692,1862.095200068196,1862.1912913620954,1862.1912913620954,1862.1912913620954,1862.1912913620954,1862.1912913620954,1862.1912913620954,0.0006739074719916971,1864.8271757696089,[-159.0],[-304.0],[1],[0],[0],[2.72741579613421],1864.8282055543946,1864.8313556352632,None,,,,,,,,,,,,,,ED28,001,2024-02-02_14h00.22.905,rating,2023.2.3,85.10300836343751,2024-02-02 14h00.35.241320 +0800,
neu_82.jpg,0,277,277,365,1864.8611598079447,,,,,,,,,,,,,,,,,,,,,,,1864.8315988264103,,1864.8316310428222,1864.831638170347,1864.8611598079447,1865.8491296864545,1865.8608493329634,1866.8350599524624,1866.858577363152,1867.0821370258095,1867.0821447235362,1867.1781858396607,1867.1781858396607,1867.1781858396607,1867.1781858396607,1867.1781858396607,1867.1781858396607,0.0005270804604151635,1869.2494151865885,[295.0],[-334.0],[1],[0],[0],[2.1626121979320487],1869.2503876660749,1869.2535420234585,None,,,,,,,,,,,,,,ED28,001,2024-02-02_14h00.22.905,rating,2023.2.3,85.10300836343751,2024-02-02 14h00.35.241320 +0800,
neu_125.jpg,0,278,278,221,1869.283533507492,,,,,,,,,,,,,,,,,,,,,,,1869.2537826486964,,1869.2538140098059,1869.2538211373308,1869.283533507492,1870.2714700291858,1870.2831486211517,1871.2573957335776,1871.2809194164893,1871.5044300417758,1871.5044380246036,1871.6005296036042,1871.6005296036042,1871.6005296036042,1871.6005296036042,1871.6005296036042,1871.6005296036042,0.000637699645722023,1873.389667483861,[51.0],[-322.0],[1],[0],[0],[1.8806895110487858],1873.3906165850658,1873.393804584367,None,,,,,,,,,,,,,,ED28,001,2024-02-02_14h00.22.905,rating,2023.2.3,85.10300836343751,2024-02-02 14h00.35.241320 +0800,
neg_2.jpg,0,279,279,104,1873.4235685578078,,,,,,,,,,,,,,,,,,,,,,,1873.3940457798067,,1873.394077711118,1873.3940845535417,1873.4235685578078,1874.4115364406111,1874.4232540914131,1875.3974752596487,1875.4209832620058,1875.6445366524408,1875.6445446352686,1875.7405903130093,1875.7405903130093,1875.7405903130093,1875.7405903130093,1875.7405903130093,1875.7405903130093,0.00048146430162887555,1876.7768853799926,[-285.0],[-326.0],[1],[0],[0],[1.1276228934957544],1876.7778641317004,1876.7810182039834,None,,,,,,,,,,,,,,ED28,001,2024-02-02_14h00.22.905,rating,2023.2.3,85.10300836343751,2024-02-02 14h00.35.241320 +0800,
neu_176.jpg,0,280,280,277,1876.8108728395405,,,,,,,,,,,,,,,,,,,,,,,1876.7812588292213,,1876.7812910456337,1876.7812981731581,1876.8108728395405,1877.7988615347158,1877.8105435478938,1878.7847855285017,1878.8083077859087,1879.031817840993,1879.0318258238208,1879.127916547518,1879.127916547518,1879.127916547518,1879.127916547518,1879.127916547518,1879.127916547518,0.0005487481357704382,1881.199174689646,[182.0],[-76.0],[1],[0],[0],[2.1627171150971662],1881.2001594284752,1881.203310649748,None,,,,,,,,,,,,,,ED28,001,2024-02-02_14h00.22.905,rating,2023.2.3,85.10300836343751,2024-02-02 14h00.35.241320 +0800,
neu_104.jpg,0,281,281,198,1881.2332308585333,,,,,,,,,,,,,,,,,,,,,,,1881.2035561217026,,1881.2035900487208,1881.2035977464475,1881.2332308585333,1882.2212030178512,1882.232885886332,1883.2071272967378,1883.23065097965,1883.454166166552,1883.45417414938,1883.550272000602,1883.550272000602,1883.550272000602,1883.550272000602,1883.550272000602,1883.550272000602,0.0005997812131681712,1885.0570184879439,[213.0],[187.0],[1],[0],[0],[1.5981681120811118],1885.0580585363655,1885.0611943621848,None,,,,,,,,,,,,,,ED28,001,2024-02-02_14h00.22.905,rating,2023.2.3,85.10300836343751,2024-02-02 14h00.35.241320 +0800,
neu_41.jpg,0,282,282,320,1885.0910216280463,,,,,,,,,,,,,,,,,,,,,,,1885.0614369831296,,1885.0614689144409,1885.0614757568646,1885.0910216280463,1886.0790077573129,1886.090673519734,1887.0649371680179,1887.0884434597688,1887.311958931772,1887.3119669146,1887.4080901398106,1887.4080901398106,1887.4080901398106,1887.4080901398106,1887.4080901398106,1887.4080901398106,0.00051225520837761,1889.1970452703313,[160.0],[-337.0],[1],[0],[0],[1.880390440107476],1889.1980391323918,1889.2011601329596,None,,,,,,,,,,,,,,ED28,001,2024-02-02_14h00.22.905,rating,2023.2.3,85.10300836343751,2024-02-02 14h00.35.241320 +0800,
neu_189.jpg,0,283,283,291,1889.231147625579,,,,,,,,,,,,,,,,,,,,,,,1889.2013976220865,,1889.2014267023878,1889.2014332597105,1889.231147625579,1890.219078160152,1890.2307410715634,1891.2049790607575,1891.2285018883663,1891.4520125136528,1891.4520207815817,1891.54814913861,1891.54814913861,1891.54814913861,1891.54814913861,1891.54814913861,1891.54814913861,0.0006091895461395325,1893.619532154973,[68.0],[-332.0],[1],[0],[0],[2.162824883272151],1893.6204929453183,1893.6236350433596,None,,,,,,,,,,,,,,ED28,001,2024-02-02_14h00.22.905,rating,2023.2.3,85.10300836343751,2024-02-02 14h00.35.241320 +0800,
neu_50.jpg,0,284,284,330,1893.653428382203,,,,,,,,,,,,,,,,,,,,,,,1893.6238731026883,,1893.6239041786966,1893.6239110211204,1893.653428382203,1894.6414433066698,1894.6530811291937,1895.6273299522254,1895.6508436566028,1895.874352571283,1895.8743605541108,1895.9705094384108,1895.9705094384108,1895.9705094384108,1895.9705094384108,1895.9705094384108,1895.9705094384108,0.00047063046349649085,1901.5233094295158,[198.0],[197.0],[1],[0],[0],[5.644106720144009],1901.5243298059686,1901.5274297090627,None,,,,,,,,,,,,,,ED28,001,2024-02-02_14h00.22.905,rating,2023.2.3,85.10300836343751,2024-02-02 14h00.35.241320 +0800,
neu_74.jpg,0,285,285,356,1901.5571862698785,,,,,,,,,,,,,,,,,,,,,,,1901.5276480964235,,1901.5276771767249,1901.5276834489464,1901.5571862698785,1902.5451527271762,1902.556841867879,1903.5310792868713,1903.554603825086,1903.7781138801702,1903.778121862998,1903.8742134419986,1903.8742134419986,1903.8742134419986,1903.8742134419986,1903.8742134419986,1903.8742134419986,0.0004603668280651618,1905.6632766257953,[291.0],[-342.0],[1],[0],[0],[1.88033513051505],1905.664270772957,1905.6674359641788,None,,,,,,,,,,,,,,ED28,001,2024-02-02_14h00.22.905,rating,2023.2.3,85.10300836343751,2024-02-02 14h00.35.241320 +0800,
neu_93.jpg,0,286,286,377,1905.6972529664044,,,,,,,,,,,,,,,,,,,,,,,1905.6676714575988,,1905.6677028187078,1905.6677099462327,1905.6972529664044,1906.6852208492073,1906.69692424496,1907.6711434174886,1907.6946685259054,1907.9181785809897,1907.9181868489186,1908.0142678791822,1908.0142678791822,1908.0142678791822,1908.0142678791822,1908.0142678791822,1908.0142678791822,0.0004982852601642662,1909.3328200565124,[249.0],[-250.0],[1],[0],[0],[1.4098814293479336],1909.3337842680703,1909.3368054832904,None,,,,,,,,,,,,,,ED28,001,2024-02-02_14h00.22.905,rating,2023.2.3,85.10300836343751,2024-02-02 14h00.35.241320 +0800,
neg_36.jpg,0,287,287,122,1909.366853987522,,,,,,,,,,,,,,,,,,,,,,,1909.3370458234272,,1909.3370774696373,1909.337084312061,1909.366853987522,1910.3548224405272,1910.366508160018,1911.3407467194143,1911.3642712576288,1911.5877804574102,1911.5877881551369,1911.6838788788345,1911.6838788788345,1911.6838788788345,1911.6838788788345,1911.6838788788345,1911.6838788788345,0.0007249405493894301,1915.166579663347,[-61.0],[-298.0],[1],[0],[0],[3.574002951935654],1915.167562976671,1915.1705767792655,None,,,,,,,,,,,,,,ED28,001,2024-02-02_14h00.22.905,rating,2023.2.3,85.10300836343751,2024-02-02 14h00.35.241320 +0800,
neu_159.jpg,0,288,288,258,1915.2005813779442,,,,,,,,,,,,,,,,,,,,,,,1915.1708194002103,,1915.1708510464205,1915.1708578888442,1915.2005813779442,1916.1885495458482,1916.200232414329,1917.1745037603396,1917.1979969374452,1917.421562872324,1917.421570855152,1917.5176883783429,1917.5176883783429,1917.5176883783429,1917.5176883783429,1917.5176883783429,1917.5176883783429,0.0007337786796597356,1926.739901509011,[-103.0],[214.0],[1],[0],[0],[9.313509310970403],1926.740917323848,1926.744031767093,None,,,,,,,,,,,,,,ED28,001,2024-02-02_14h00.22.905,rating,2023.2.3,85.10300836343751,2024-02-02 14h00.35.241320 +0800,
neu_48.jpg,0,289,289,327,1926.7739861879973,,,,,,,,,,,,,,,,,,,,,,,1926.744276668846,,1926.744308029955,1926.7443151574798,1926.7739861879973,1927.7619198586813,1927.773597025142,1928.7478358696394,1928.7713398805827,1928.9948832924829,1928.994891845513,1929.0909044515383,1929.0909044515383,1929.0909044515383,1929.0909044515383,1929.0909044515383,1929.0909044515383,0.0006000663142913254,1932.1031697813473,[-5.0],[119.0],[1],[0],[0],[3.1033818964860984],1932.1041399800256,1932.107233040696,None,,,,,,,,,,,,,,ED28,001,2024-02-02_14h00.22.905,rating,2023.2.3,85.10300836343751,2024-02-02 14h00.35.241320 +0800,
neu_55.jpg,0,290,290,335,1932.1373060636133,,,,,,,,,,,,,,,,,,,,,,,1932.107471955328,,1932.107503316437,1932.107510729063,1932.1373060636133,1933.1251832843009,1933.1368610209638,1934.1111004356626,1934.1346261142817,1934.3581313226491,1934.3581387352747,1934.454250556446,1934.454250556446,1934.454250556446,1934.454250556446,1934.454250556446,1934.454250556446,0.0006488185840680671,1937.9369025886886,[7.0],[-114.0],[1],[0],[0],[3.573868384267371],1937.937912986607,1937.9409418995538,None,,,,,,,,,,,,,,ED28,001,2024-02-02_14h00.22.905,rating,2023.2.3,85.10300836343751,2024-02-02 14h00.35.241320 +0800,
neu_34.jpg,0,291,291,312,1937.970934809092,,,,,,,,,,,,,,,,,,,,,,,1937.9411619975203,,1937.9411910778213,1937.9411973500432,1937.970934809092,1938.9589015514912,1938.9705892666889,1939.944827255883,1939.9683503685928,1940.191860423677,1940.191868406505,1940.2878821529343,1940.2878821529343,1940.2878821529343,1940.2878821529343,1940.2878821529343,1940.2878821529343,0.0006921539347786165,1941.9829523861385,[-11.0],[-196.0],[1],[0],[0],[1.7861294945814734],1941.9840420421328,1941.987133392197,None,,,,,,,,,,,,,,ED28,001,2024-02-02_14h00.22.905,rating,2023.2.3,85.10300836343751,2024-02-02 14h00.35.241320 +0800,
neu_69.jpg,0,292,292,350,1942.0168808297808,,,,,,,,,,,,,,,,,,,,,,,1941.987377438647,,1941.9874096550593,1941.9874167825838,1942.0168808297808,1943.004876652481,1943.0165603762648,1943.990802641974,1944.0142989551905,1944.2378854173407,1944.2378934001686,1944.3457174552227,1944.3457174552227,1944.3457174552227,1944.3457174552227,1944.3457174552227,1944.3457174552227,0.0004980001590411121,1948.0166096987364,[4.0],[277.0],[1],[0],[0],[3.77383137815832],1948.0176027054945,1948.0206601285404,None,,,,,,,,,,,,,,ED28,001,2024-02-02_14h00.22.905,rating,2023.2.3,85.10300836343751,2024-02-02 14h00.35.241320 +0800,
neu_52.jpg,0,293,293,332,1948.0505806224269,,,,,,,,,,,,,,,,,,,,,,,1948.0209070260003,,1948.0209383871097,1948.0209455146341,1948.0505806224269,1949.0385596241686,1949.0502347949227,1950.0244482654311,1950.047972233444,1950.271509088022,1950.2715167857486,1950.379367355195,1950.379367355195,1950.379367355195,1950.379367355195,1950.379367355195,1950.379367355195,0.0005929387898504501,1952.732945329889,[11.0],[-213.0],[1],[0],[0],[2.456497152268639],1952.73392778791,1952.7369732367147,None,,,,,,,,,,,,,,ED28,001,2024-02-02_14h00.22.905,rating,2023.2.3,85.10300836343751,2024-02-02 14h00.35.241320 +0800,
neg_176.jpg,0,294,294,85,1952.766960444233,,,,,,,,,,,,,,,,,,,,,,,1952.7372147172555,,1952.7372463634656,1952.7372534909905,1952.766960444233,1953.754930607844,1953.7666149018296,1954.740852320822,1954.7643765739358,1954.9878903353328,1954.9878983181607,1955.0957483174052,1955.0957483174052,1955.0957483174052,1955.0957483174052,1955.0957483174052,1955.0957483174052,0.000666494845518173,1957.0729573440449,[-273.0],[349.0],[1],[0],[0],[2.0800797370457076],1957.0739446487828,1957.077069925865,None,,,,,,,,,,,,,,ED28,001,2024-02-02_14h00.22.905,rating,2023.2.3,85.10300836343751,2024-02-02 14h00.35.241320 +0800,
neu_5.jpg,0,295,295,329,1957.1069761647018,,,,,,,,,,,,,,,,,,,,,,,1957.0773079851942,,1957.0773396314044,1957.0773467589293,1957.1069761647018,1958.0949434773024,1958.1066243500768,1959.0808637647756,1959.1043868774855,1959.327898643176,1959.3279066260038,1959.4357586209549,1959.4357586209549,1959.4357586209549,1959.4357586209549,1959.4357586209549,1959.4357586209549,0.0005809645476801961,1962.636120186034,[8.0],[-275.0],[1],[0],[0],[3.3032217267482338],1962.6371080609738,1962.6401937090186,None,,,,,,,,,,,,,,ED28,001,2024-02-02_14h00.22.905,rating,2023.2.3,85.10300836343751,2024-02-02 14h00.35.241320 +0800,
neg_13.jpg,0,296,296,34,1962.6702365112305,,,,,,,,,,,,,,,,,,,,,,,1962.6404106708737,,1962.6404403213774,1962.6404465935989,1962.6702365112305,1963.6581430973201,1963.6698499142844,1964.6440773547415,1964.6675976164415,1964.8911073864251,1964.8911156543536,1964.9989824745567,1964.9989824745567,1964.9989824745567,1964.9989824745567,1964.9989824745567,1964.9989824745567,0.000689302924911317,1966.5057409361407,[-129.0],[-322.0],[1],[0],[0],[1.6095841260330417],1966.5067279557775,1966.5097434689778,None,,,,,,,,,,,,,,ED28,001,2024-02-02_14h00.22.905,rating,2023.2.3,85.10300836343751,2024-02-02 14h00.35.241320 +0800,
neg_88.jpg,0,297,297,179,1966.539732102001,,,,,,,,,,,,,,,,,,,,,,,1966.5099835240135,,1966.5100154553247,1966.5100225828496,1966.539732102001,1967.527703406016,1967.539389695709,1968.5136242636909,1968.5371470912996,1968.7606599973942,1968.760667980222,1968.8685447789599,1968.8685447789599,1968.8685447789599,1968.8685447789599,1968.8685447789599,1968.8685447789599,0.0006673501488876354,1969.9990232439986,[-217.0],[-324.0],[1],[0],[0],[1.2332593686328437],1970.000034782321,1970.003178020766,None,,,,,,,,,,,,,,ED28,001,2024-02-02_14h00.22.905,rating,2023.2.3,85.10300836343751,2024-02-02 14h00.35.241320 +0800,
neg_126.jpg,0,298,298,30,1970.0329106330983,,,,,,,,,,,,,,,,,,,,,,,1970.003418075802,,1970.003450577315,1970.00345770484,1970.0329106330983,1971.0208939113545,1971.032567656604,1972.0068062159999,1972.0303298989115,1972.2538390986929,1972.2538470815207,1972.3617002168762,1972.3617002168762,1972.3617002168762,1972.3617002168762,1972.3617002168762,1972.3617002168762,0.0004104741542505508,1973.021778864836,[-410.0],[344.0],[1],[0],[0],[0.7627985399408317],1973.0227989561881,1973.0258837489296,None,,,,,,,,,,,,,,ED28,001,2024-02-02_14h00.22.905,rating,2023.2.3,85.10300836343751,2024-02-02 14h00.35.241320 +0800,
neu_140.jpg,0,299,299,238,1973.0556274802002,,,,,,,,,,,,,,,,,,,,,,,1973.0260992852805,,1973.0261280804807,1973.0261343527022,1973.0556274802002,1974.0436002097204,1974.05528564411,1975.0295210673953,1975.053047031115,1975.2765562308964,1975.2765644988253,1975.3844478548858,1975.3844478548858,1975.3844478548858,1975.3844478548858,1975.3844478548858,1975.3844478548858,0.00045124359621695476,1979.5493257504072,[387.0],[-246.0],[1],[0],[0],[4.2675584435655765],1979.5503304463055,1984.064809442773,space,1979.5715773126894,1979.5715773126894,4.476318228587843,None,,,,,,,,,,ED28,001,2024-02-02_14h00.22.905,rating,2023.2.3,85.10300836343751,2024-02-02 14h00.35.241320 +0800,
neg_136.jpg,0,300,300,41,1984.076217188796,,,,,,,,,,,,,,,,,,,,,,,1984.065205448052,1984.076217188796,1985.0643569874974,1985.0643652554263,1985.0876876570373,1986.087416811094,1986.0991068070998,1987.073344226092,1987.0968670537009,1987.320377678987,1987.320385376714,1987.4282356610593,1987.4282356610593,1987.4282356610593,1987.4282356610593,1987.4282356610593,1987.4282356610593,0.005345002136891708,1989.9700450088935,[-158.0],[-322.0],[1],[0],[0],[2.644584834508805],1989.9710747936797,1989.9741735563698,None,,,,,1985.0876876570373,,,,,,,,,ED28,001,2024-02-02_14h00.22.905,rating,2023.2.3,85.10300836343751,2024-02-02 14h00.35.241320 +0800,
neu_44.jpg,0,301,301,323,1990.0040518553087,,,,,,,,,,,,,,,,,,,,,,,1989.9744153220117,,1989.9744475384236,1989.9744543808474,1990.0040518553087,1990.9919878068008,1991.0036681093725,1991.9779100899805,1992.001409254207,1992.2249426875728,1992.2249515257035,1992.3328029504532,1992.3328029504532,1992.3328029504532,1992.3328029504532,1992.3328029504532,1992.3328029504532,0.0005182423296901106,1994.3336941761563,[9.0],[300.0],[1],[0],[0],[2.1035067707207418],1994.3347327990732,1994.3377825243924,None,,,,,,,,,,,,,,ED28,001,2024-02-02_14h00.22.905,rating,2023.2.3,85.10300836343751,2024-02-02 14h00.35.241320 +0800,
neu_100.jpg,0,302,302,194,1994.3675484935407,,,,,,,,,,,,,,,,,,,,,,,1994.3380228645292,,1994.3380550809416,1994.3380619233653,1994.3675484935407,1995.3555386142211,1995.367216065783,1996.3414871266923,1996.3649663338492,1996.588534834637,1996.5885525108988,1996.6963503366615,1996.6963503366615,1996.6963503366615,1996.6963503366615,1996.6963503366615,1996.6963503366615,0.0005119701077092031,1999.767472200515,[210.0],[199.0],[1],[0],[0],[3.173747672506579],1999.768521657269,1999.771678865663,None,,,,,,,,,,,,,,ED28,001,2024-02-02_14h00.22.905,rating,2023.2.3,85.10300836343751,2024-02-02 14h00.35.241320 +0800,
neu_65.jpg,0,303,303,346,1999.8013863891074,,,,,,,,,,,,,,,,,,,,,,,1999.7719243376177,,1999.771956268929,1999.7719633964539,1999.8013863891074,2000.7893534166074,2000.8010374254923,2001.7752776954944,2001.7988016635072,2002.0223139993996,2002.0223216971262,2002.1301996362681,2002.1301996362681,2002.1301996362681,2002.1301996362681,2002.1301996362681,2002.1301996362681,0.0003799683481702232,2004.9895527592216,[13.0],[-15.0],[1],[0],[0],[2.962040798522594],2004.9905959437542,2004.9937294887654,None,,,,,,,,,,,,,,ED28,001,2024-02-02_14h00.22.905,rating,2023.2.3,85.10300836343751,2024-02-02 14h00.35.241320 +0800,
neu_47.jpg,0,304,304,326,2005.0235219723058,,,,,,,,,,,,,,,,,,,,,,,2004.993982088245,,2004.9940117387482,2004.9940182960709,2005.0235219723058,2006.011481016978,2006.023168447075,2006.9974044405621,2007.0209466550382,2007.2444387487603,2007.24444730179,2007.3522992967414,2007.3522992967414,2007.3522992967414,2007.3522992967414,2007.3522992967414,2007.3522992967414,0.0004503882933022396,2010.4234984229638,[210.0],[351.0],[1],[0],[0],[3.173754514930806],2010.4245034039632,2010.4276514891253,None,,,,,,,,,,,,,,ED28,001,2024-02-02_14h00.22.905,rating,2023.2.3,85.10300836343751,2024-02-02 14h00.35.241320 +0800,
neu_38.jpg,0,305,305,316,2010.457344187318,,,,,,,,,,,,,,,,,,,,,,,2010.4278923994639,,2010.4279240456744,2010.4279311731989,2010.457344187318,2011.445313210525,2011.4570111893586,2012.431274837642,2012.4547623127278,2012.6783208349812,2012.6783288178085,2012.786145460237,2012.786145460237,2012.786145460237,2012.786145460237,2012.786145460237,2012.786145460237,0.0004190271843071969,2018.715286459499,[207.0],[-59.0],[1],[0],[0],[6.031719481150503],2018.7162914404985,2018.7193508592518,None,,,,,,,,,,,,,,ED28,001,2024-02-02_14h00.22.905,rating,2023.2.3,85.10300836343751,2024-02-02 14h00.35.241320 +0800,
neu_114.jpg,0,306,306,209,2018.7492542470782,,,,,,,,,,,,,,,,,,,,,,,2018.7195914844897,,2018.7196228455987,2018.7196302582247,2018.7492542470782,2019.7372055940236,2019.7488893178074,2020.7231304431125,2020.74670173789,2020.9701624705026,2020.9701704533304,2021.0780213078779,2021.0780213078779,2021.0780213078779,2021.0780213078779,2021.0780213078779,2021.0780213078779,0.0005618627815238142,2023.7257285684595,[11.0],[-79.0],[1],[0],[0],[2.7502441177252877],2023.7267349749636,2023.729876217702,None,,,,,,,,,,,,,,ED28,001,2024-02-02_14h00.22.905,rating,2023.2.3,85.10300836343751,2024-02-02 14h00.35.241320 +0800,
neu_11.jpg,0,307,307,204,2023.7596581525054,,,,,,,,,,,,,,,,,,,,,,,2023.7301196939497,,2023.730151910362,2023.7301593229877,2023.7596581525054,2024.7476337330354,2024.7593063378804,2025.7335477482866,2025.7570714311983,2025.9805846223935,2025.9805926052213,2026.0884699741614,2026.0884699741614,2026.0884699741614,2026.0884699741614,2026.0884699741614,2026.0884699741614,0.00045466480833056266,2029.5829739397736,[31.0],[-272.0],[1],[0],[0],[3.5970000533138773],2029.583987188702,2029.5871369844695,None,,,,,,,,,,,,,,ED28,001,2024-02-02_14h00.22.905,rating,2023.2.3,85.10300836343751,2024-02-02 14h00.35.241320 +0800,
neu_131.jpg,0,308,308,228,2029.616900387709,,,,,,,,,,,,,,,,,,,,,,,2029.5873790352125,,2029.5874106814226,2029.5874178089475,2029.616900387709,2030.60487055132,2030.6165568410124,2031.5907979663175,2031.6143698312972,2031.8378319894146,2031.8378399722424,2031.9456862651741,2031.9456862651741,2031.9456862651741,2031.9456862651741,2031.9456862651741,2031.9456862651741,0.0004444011724444863,2033.3231733793218,[20.0],[-323.0],[1],[0],[0],[1.4800194096756059],2033.3242259721874,2033.3273632235114,None,,,,,,,,,,,,,,ED28,001,2024-02-02_14h00.22.905,rating,2023.2.3,85.10300836343751,2024-02-02 14h00.35.241320 +0800,
neu_192.jpg,0,309,309,295,2033.3570770191777,,,,,,,,,,,,,,,,,,,,,,,2033.327583321478,,2033.3276121166782,2033.3276183888997,2033.3570770191777,2034.3450631484443,2034.3567337575828,2035.33096975107,2035.3544920084764,2035.5780020635611,2035.578010046389,2035.685864037047,2035.685864037047,2035.685864037047,2035.685864037047,2035.685864037047,2035.685864037047,0.0004124698612031352,2042.5677401384278,[24.0],[181.0],[1],[0],[0],[6.984339402468322],2042.5687733444256,2042.5720166533192,None,,,,,,,,,,,,,,ED28,001,2024-02-02_14h00.22.905,rating,2023.2.3,85.10300836343751,2024-02-02 14h00.35.241320 +0800,
neu_58.jpg,0,310,310,338,2042.601674569191,,,,,,,,,,,,,,,,,,,,,,,2042.5722661166878,,2042.572298903302,2042.572306030827,2042.601674569191,2043.5896224949242,2043.6013056485062,2044.5755444930032,2044.5990713120264,2044.8225773756967,2044.8225847883223,2044.930440489587,2044.930440489587,2044.930440489587,2044.930440489587,2044.930440489587,2044.930440489587,0.00029985496894369135,2048.6367342935723,[154.0],[-356.0],[1],[0],[0],[3.8087539689622645],2048.637808839214,2048.6409298397816,None,,,,,,,,,,,,,,ED28,001,2024-02-02_14h00.22.905,rating,2023.2.3,85.10300836343751,2024-02-02 14h00.35.241320 +0800,
neg_64.jpg,0,311,311,153,2048.670609993531,,,,,,,,,,,,,,,,,,,,,,,2048.641189281685,,2048.6412186470875,2048.641224919309,2048.670609993531,2049.6585889952726,2049.670265306431,2050.644503295625,2050.6680258381325,2050.891539314429,2050.891547582358,2050.999398151804,2050.999398151804,2050.999398151804,2050.999398151804,2050.999398151804,2050.999398151804,0.0003431903201089881,2055.023237726616,[-299.0],[331.0],[1],[0],[0],[4.126265812770271],2055.02426123918,2055.0273973501003,None,,,,,,,,,,,,,,ED28,001,2024-02-02_14h00.22.905,rating,2023.2.3,85.10300836343751,2024-02-02 14h00.35.241320 +0800,
neu_14.jpg,0,312,312,237,2055.0571293922303,,,,,,,,,,,,,,,,,,,,,,,2055.027639115742,,2055.0276707619523,2055.027677889477,2055.0571293922303,2056.0451126704866,2056.056785845534,2057.0309978905375,2057.05454751764,2057.278058428027,2057.278066695956,2057.3859201164123,2057.3859201164123,2057.3859201164123,2057.3859201164123,2057.3859201164123,2057.3859201164123,0.0004101890531273966,2059.1868509141336,[185.0],[-364.0],[1],[0],[0],[1.9033014409860698],2059.187972216338,2059.1911214419038,None,,,,,,,,,,,,,,ED28,001,2024-02-02_14h00.22.905,rating,2023.2.3,85.10300836343751,2024-02-02 14h00.35.241320 +0800,
neg_192.jpg,0,313,313,103,2059.2207129292447,,,,,,,,,,,,,,,,,,,,,,,2059.1913398292645,,2059.1913691946665,2059.1913754668885,2059.2207129292447,2060.20869022038,2060.220370237851,2061.1946515623963,2061.21813276526,2061.441655364788,2061.441663917818,2061.5495059342347,2061.5495059342347,2061.5495059342347,2061.5495059342347,2061.5495059342347,2061.5495059342347,0.0003092633019150526,2071.1836267070066,[-325.0],[339.0],[1],[0],[0],[9.736478301390889],2071.1846567768935,2071.1877894666018,None,,,,,,,,,,,,,,ED28,001,2024-02-02_14h00.22.905,rating,2023.2.3,85.10300836343751,2024-02-02 14h00.35.241320 +0800,
neg_21.jpg,0,314,314,106,2071.217493853935,,,,,,,,,,,,,,,,,,,,,,,2071.1880409256773,,2071.1880725718875,2071.1880796994124,2071.217493853935,2072.205480553404,2072.2171577198646,2073.1913874411302,2073.214910838941,2073.438432583166,2073.438440565994,2073.546289995036,2073.546289995036,2073.546289995036,2073.546289995036,2073.546289995036,2073.546289995036,0.0003819640551228076,2080.9575447558664,[-114.0],[190.0],[1],[0],[0],[7.513320346032742],2080.9585793873694,2080.9615621139556,None,,,,,,,,,,,,,,ED28,001,2024-02-02_14h00.22.905,rating,2023.2.3,85.10300836343751,2024-02-02 14h00.35.241320 +0800,
neg_48.jpg,0,315,315,135,2080.991350320981,,,,,,,,,,,,,,,,,,,,,,,2080.961811007122,,2080.9618435086354,2080.96185063616,2080.991350320981,2081.9793304631266,2081.99098539171,2082.96523649555,2082.988758752957,2083.212267382536,2083.212275365364,2083.3201259348107,2083.3201259348107,2083.3201259348107,2083.3201259348107,2083.3201259348107,2083.3201259348107,0.00044525647535920143,2085.1210575878345,[-182.0],[-348.0],[1],[0],[0],[1.9034511190070589],2085.122090508731,2085.1252437257112,None,,,,,,,,,,,,,,ED28,001,2024-02-02_14h00.22.905,rating,2023.2.3,85.10300836343751,2024-02-02 14h00.35.241320 +0800,
neg_170.jpg,0,316,316,79,2085.154934143096,,,,,,,,,,,,,,,,,,,,,,,2085.125482070141,,2085.125513716351,2085.125520843876,2085.154934143096,2086.142947642058,2086.154581473168,2087.1288200325644,2087.1523431452742,2087.3758509195504,2087.3758589023782,2087.483722301369,2087.483722301369,2087.483722301369,2087.483722301369,2087.483722301369,2087.483722301369,0.0003591559757296636,2090.978323201319,[-394.0],[212.0],[1],[0],[0],[3.5966419664673595],2090.9793700921646,2090.9825503937386,None,,,,,,,,,,,,,,ED28,001,2024-02-02_14h00.22.905,rating,2023.2.3,85.10300836343751,2024-02-02 14h00.35.241320 +0800,
neg_28.jpg,0,317,317,113,2091.0122111606206,,,,,,,,,,,,,,,,,,,,,,,2090.9827910189765,,2090.9828226651866,2090.9828295076104,2091.0122111606206,2092.0001719158986,2092.011831120997,2092.9860702505953,2093.009594218608,2093.2331065545004,2093.233113967126,2093.3409770810163,2093.3409770810163,2093.3409770810163,2093.3409770810163,2093.3409770810163,2093.3409770810163,0.00030612719092459884,2096.0945776927288,[-160.0],[-333.0],[1],[0],[0],[2.8558258534712877],2096.095629715392,2096.0987980427244,None,,,,,,,,,,,,,,ED28,001,2024-02-02_14h00.22.905,rating,2023.2.3,85.10300836343751,2024-02-02 14h00.35.241320 +0800,
neg_150.jpg,0,318,318,57,2096.128476485868,,,,,,,,,,,,,,,,,,,,,,,2096.099047791194,,2096.0990811480106,2096.0990888457372,2096.128476485868,2097.1164648959425,2097.1281018631635,2098.1023444139732,2098.1258672415825,2098.3493784370708,2098.3493861347974,2098.457237844648,2098.457237844648,2098.457237844648,2098.457237844648,2098.457237844648,2098.457237844648,0.0003181014326401055,2099.3054882796405,[-409.0],[361.0],[1],[0],[0],[0.9504155204422204],2099.3066010288153,2099.3097790495817,None,,,,,,,,,,,,,,ED28,001,2024-02-02_14h00.22.905,rating,2023.2.3,85.10300836343751,2024-02-02 14h00.35.241320 +0800,
neg_47.jpg,0,319,319,134,2099.339352005358,,,,,,,,,,,,,,,,,,,,,,,2099.3100202450214,,2099.3100521763326,2099.3100590187564,2099.339352005358,2100.3273204583625,2100.3390084586613,2101.3132441670473,2101.3367678499594,2101.560279330549,2101.5602875984773,2101.668140733833,2101.668140733833,2101.668140733833,2101.668140733833,2101.668140733833,2101.668140733833,0.00024910699221436516,2102.19882544093,[-424.0],[369.0],[1],[0],[0],[0.6327049612423252],2102.1998557959178,2102.2029796474953,None,,,,,,,,,,,,,,ED28,001,2024-02-02_14h00.22.905,rating,2023.2.3,85.10300836343751,2024-02-02 14h00.35.241320 +0800,
neu_25.jpg,0,320,320,302,2102.232759871693,,,,,,,,,,,,,,,,,,,,,,,2102.20319632425,,2102.203224834349,2102.203231106571,2102.232759871693,2103.2207126441435,2103.2323447646477,2104.2065847495487,2104.2301084324604,2104.45361991305,2104.4536278958776,2104.561483597142,2104.561483597142,2104.561483597142,2104.561483597142,2104.561483597142,2104.561483597142,0.0004181718809377344,2107.950363917162,[7.0],[-242.0],[1],[0],[0],[3.4910282994096633],2107.951403395382,2107.954660104022,None,,,,,,,,,,,,,,ED28,001,2024-02-02_14h00.22.905,rating,2023.2.3,85.10300836343751,2024-02-02 14h00.35.241320 +0800,
neu_20.jpg,0,321,321,297,2107.9840945007154,,,,,,,,,,,,,,,,,,,,,,,2107.95490072926,,2107.954932090369,2107.9549392178938,2107.9840945007154,2108.9720843362948,2108.9837438264944,2109.9579809603856,2109.9815046432973,2110.205015268584,2110.2050232514116,2110.3128775271707,2110.3128775271707,2110.3128775271707,2110.3128775271707,2110.3128775271707,2110.3128775271707,0.00010513099095987855,2113.8076041566583,[6.0],[229.0],[1],[0],[0],[3.5967842318623298],2113.808672144977,2113.8118507359454,None,,,,,,,,,,,,,,ED28,001,2024-02-02_14h00.22.905,rating,2023.2.3,85.10300836343751,2024-02-02 14h00.35.241320 +0800,
neg_65.jpg,0,322,322,154,2113.841353841978,,,,,,,,,,,,,,,,,,,,,,,2113.8120885101735,,2113.8121201563836,2113.8121272839085,2113.841353841978,2114.8293448179616,2114.8409889127074,2115.8152317486183,2115.838753720924,2116.0622657717154,2116.0622743247454,2116.1701411449485,2116.1701411449485,2116.1701411449485,2116.1701411449485,2116.1701411449485,2116.1701411449485,0.00016842341119627235,2123.1579391075597,[-128.0],[-317.0],[1],[0],[0],[7.089948222808744],2123.1589760198704,2123.162133513365,None,,,,,,,,,,,,,,ED28,001,2024-02-02_14h00.22.905,rating,2023.2.3,85.10300836343751,2024-02-02 14h00.35.241320 +0800,
neg_101.jpg,0,323,323,3,2123.19182963277,,,,,,,,,,,,,,,,,,,,,,,2123.162380410825,,2123.162412057035,2123.16241918456,2123.19182963277,2124.179761307747,2124.1914242191583,2125.1656613530495,2125.189187316769,2125.4126950910454,2125.4127033589743,2125.5205530731178,2125.5205530731178,2125.5205530731178,2125.5205530731178,2125.5205530731178,2125.5205530731178,0.0003052718880098837,2126.898227498618,[-279.0],[-332.0],[1],[0],[0],[1.479764244287253],2126.8992991932496,2126.902429887251,None,,,,,,,,,,,,,,ED28,001,2024-02-02_14h00.22.905,rating,2023.2.3,85.10300836343751,2024-02-02 14h00.35.241320 +0800,
neg_180.jpg,0,324,324,90,2126.932004553633,,,,,,,,,,,,,,,,,,,,,,,2126.90266794658,,2126.902699307689,2126.902706435214,2126.932004553633,2127.9199673046182,2127.9315917273957,2128.9058331378014,2128.9293556803095,2129.152864880091,2129.1528728629187,2129.260727423779,2129.260727423779,2129.260727423779,2129.260727423779,2129.260727423779,2129.260727423779,0.00018752517780740163,2130.4266542058526,[-437.0],[359.0],[1],[0],[0],[1.267925938744611],2130.4277087944247,2130.430879972767,None,,,,,,,,,,,,,,ED28,001,2024-02-02_14h00.22.905,rating,2023.2.3,85.10300836343751,2024-02-02 14h00.35.241320 +0800,
neg_12.jpg,0,325,325,23,2130.4604269843526,,,,,,,,,,,,,,,,,,,,,,,2130.431120883106,,2130.4311542399223,2130.4311613674467,2130.4604269843526,2131.4483749100864,2131.4600985480092,2132.4342997591752,2132.457819735774,2132.6813563052506,2132.6813651433813,2132.7892282572716,2132.7892282572716,2132.7892282572716,2132.7892282572716,2132.7892282572716,2132.7892282572716,0.00022515850923809921,2142.6350955330663,[-115.0],[-96.0],[1],[0],[0],[9.947894942564744],2142.6361811976467,2142.639341542151,None,,,,,,,,,,,,,,ED28,001,2024-02-02_14h00.22.905,rating,2023.2.3,85.10300836343751,2024-02-02 14h00.35.241320 +0800,
neu_39.jpg,0,326,326,317,2142.6689070853013,,,,,,,,,,,,,,,,,,,,,,,2142.639584163096,,2142.639616379508,2142.639623507033,2142.6689070853013,2143.6568649895694,2143.6685432964346,2144.6428003873953,2144.666308959954,2144.889872899126,2144.8898805968533,2144.9976544741326,2144.9976544741326,2144.9976544741326,2144.9976544741326,2144.9976544741326,2144.9976544741326,0.000278757495834725,2147.3279128982253,[-2.0],[-229.0],[1],[0],[0],[2.4322062625851686],2147.328952946647,2147.3321118656468,None,,,,,,,,,,,,,,ED28,001,2024-02-02_14h00.22.905,rating,2023.2.3,85.10300836343751,2024-02-02 14h00.35.241320 +0800,
neg_26.jpg,0,327,327,111,2147.3617586625796,,,,,,,,,,,,,,,,,,,,,,,2147.3323533461876,,2147.3323847072966,2147.3323918348215,2147.3617586625796,2148.349714856242,2148.361400290632,2149.335637709624,2149.3591619627377,2149.582675153933,2149.582683421862,2149.7022918413504,2149.7022918413504,2149.7022918413504,2149.7022918413504,2149.7022918413504,2149.7022918413504,0.0003152504227728059,2155.4198824870728,[-269.0],[-192.0],[1],[0],[0],[5.8313117297107055],2155.4209653006433,2155.4241008413615,None,,,,,,,,,,,,,,ED28,001,2024-02-02_14h00.22.905,rating,2023.2.3,85.10300836343751,2024-02-02 14h00.35.241320 +0800,
neg_174.jpg,0,328,328,83,2155.4537102900645,,,,,,,,,,,,,,,,,,,,,,,2155.42432150953,,2155.424351445134,2155.424357717356,2155.4537102900645,2156.441655649889,2156.4533593307424,2157.427581924483,2157.4511061775966,2157.674616802883,2157.674624785711,2157.7824368665233,2157.7824368665233,2157.7824368665233,2157.7824368665233,2157.7824368665233,2157.7824368665233,0.0002887360305976472,2158.7366573448144,[-251.0],[231.0],[1],[0],[0],[1.0560283321960924],2158.73770993768,2158.7408300829443,None,,,,,,,,,,,,,,ED28,001,2024-02-02_14h00.22.905,rating,2023.2.3,85.10300836343751,2024-02-02 14h00.35.241320 +0800,
neu_103.jpg,0,329,329,197,2158.7704803010893,,,,,,,,,,,,,,,,,,,,,,,2158.7410701379804,,2158.7411023543923,2158.741109481917,2158.7704803010893,2159.7584202439953,2159.7700991210622,2160.744337965559,2160.767860508067,2160.9913731290603,2160.9913813969893,2161.0992342472437,2161.0992342472437,2161.0992342472437,2161.0992342472437,2161.0992342472437,2161.0992342472437,0.0002930125451712229,2166.6051103212544,[305.0],[-355.0],[1],[0],[0],[5.607775445334937],2166.6061663353316,2175.0958552302773,space,2166.6271663042558,2166.6271663042558,8.44823692120599,None,,,,,,,,,,ED28,001,2024-02-02_14h00.22.905,rating,2023.2.3,85.10300836343751,2024-02-02 14h00.35.241320 +0800,
neu_59.jpg,0,330,330,339,2175.1072567040787,,,,,,,,,,,,,,,,,,,,,,,2175.09623783581,2175.1072567040787,2176.095395932578,2176.0954164598497,2176.1187439932783,2177.118483696072,2177.1301426160694,2178.1043902986976,2178.1279042881756,2178.351413202856,2178.3514211856836,2178.471058970574,2178.471058970574,2178.471058970574,2178.471058970574,2178.471058970574,2178.471058970574,0.005351274358872615,2181.5422709263416,[9.0],[-104.0],[1],[0],[0],[3.1849353205634543],2181.5433694204667,2181.54649213164,None,,,,,2176.1187439932783,,,,,,,,,ED28,001,2024-02-02_14h00.22.905,rating,2023.2.3,85.10300836343751,2024-02-02 14h00.35.241320 +0800,
neg_82.jpg,0,331,331,173,2181.576110988676,,,,,,,,,,,,,,,,,,,,,,,2181.546747867231,,2181.546781794249,2181.546789777077,2181.576110988676,2182.56405321239,2182.5757742844035,2183.5499766359735,2183.5734988933805,2183.797009518667,2183.7970177865955,2183.9048147570556,2183.9048147570556,2183.9048147570556,2183.9048147570556,2183.9048147570556,2183.9048147570556,0.00024939209333751933,2188.5639015386614,[-275.0],[-320.0],[1],[0],[0],[4.760936545357254],2188.564984922434,2188.5681900277946,None,,,,,,,,,,,,,,ED28,001,2024-02-02_14h00.22.905,rating,2023.2.3,85.10300836343751,2024-02-02 14h00.35.241320 +0800,
neg_125.jpg,0,332,332,29,2188.597744737107,,,,,,,,,,,,,,,,,,,,,,,2188.568407844953,,2188.568437210355,2188.568443767678,2188.597744737107,2189.5856952287495,2189.597379807836,2190.5716192225354,2190.595146896861,2190.8186518201273,2190.818659802955,2190.9382782009784,2190.9382782009784,2190.9382782009784,2190.9382782009784,2190.9382782009784,2190.9382782009784,0.00023656254870729754,2194.0095671340137,[-238.0],[-195.0],[1],[0],[0],[3.184890844808251],2194.0106624920277,2194.0138675973885,None,,,,,,,,,,,,,,ED28,001,2024-02-02_14h00.22.905,rating,2023.2.3,85.10300836343751,2024-02-02 14h00.35.241320 +0800,
neu_40.jpg,0,333,333,319,2194.043337916807,,,,,,,,,,,,,,,,,,,,,,,2194.0140868400517,,2194.014115635252,2194.014121907474,2194.043337916807,2195.0313288927905,2195.042976693849,2196.0172149681443,2196.040739506359,2196.2642492763425,2196.2642572591703,2196.3838716657797,2196.3838716657797,2196.3838716657797,2196.3838716657797,2196.3838716657797,2196.3838716657797,0.00015673427105866722,2201.901527257508,[221.0],[-261.0],[1],[0],[0],[5.631232129513137],2201.9031141296337,2201.9062647807045,None,,,,,,,,,,,,,,ED28,001,2024-02-02_14h00.22.905,rating,2023.2.3,85.10300836343751,2024-02-02 14h00.35.241320 +0800,
neg_93.jpg,0,334,334,185,2201.9353185675727,,,,,,,,,,,,,,,,,,,,,,,2201.906509112255,,2201.9065407584653,2201.90654788599,2201.9353185675727,2202.9232864503756,2202.9349750208767,2203.9092130100707,2203.932762637173,2204.156406404623,2204.1564149576525,2204.2758708481097,2204.2758708481097,2204.2758708481097,2204.2758708481097,2204.2758708481097,2204.2758708481097,-0.00011183086417076993,2207.8764859820117,[-119.0],[-223.0],[1],[0],[0],[3.7139707184178405],2207.8775551107346,2207.8807020554927,None,,,,,,2204.2758708481097,,,,,,,,ED28,001,2024-02-02_14h00.22.905,rating,2023.2.3,85.10300836343751,2024-02-02 14h00.35.241320 +0800,
neu_97.jpg,0,335,335,381,2207.91018064284,,,,,,,,,,,,,,,,,,,,,,,2207.880923293863,,2207.880953229467,2207.880959501689,2207.91018064284,2208.8981636359954,2208.9098502107895,2209.88413324594,2209.9076007639565,2210.131189506915,2210.131197204642,2210.250732638276,2210.250732638276,2210.250732638276,2210.250732638276,2210.250732638276,2210.250732638276,0.0002579451233941654,2216.497681986378,[210.0],[-239.0],[1],[0],[0],[6.360376207866011],2216.498829232773,2216.5020115300545,None,,,,,,,,,,,,,,ED28,001,2024-02-02_14h00.22.905,rating,2023.2.3,85.10300836343751,2024-02-02 14h00.35.241320 +0800,
neg_153.jpg,0,336,336,60,2216.53139489367,,,,,,,,,,,,,,,,,,,,,,,2216.5022521552924,,2216.5022849419065,2216.502292354532,2216.53139489367,2217.5193704742,2217.5310536277816,2218.505292472279,2218.5288155849885,2218.7523267804772,2218.752334763305,2218.8719753992054,2218.8719753992054,2218.8719753992054,2218.8719753992054,2218.8719753992054,2218.8719753992054,6.350624607875943e-05,2221.096369267367,[-377.0],[363.0],[1],[0],[0],[2.3378874415579958],2221.0974335493734,2221.100705938568,None,,,,,,,,,,,,,,ED28,001,2024-02-02_14h00.22.905,rating,2023.2.3,85.10300836343751,2024-02-02 14h00.35.241320 +0800,
neg_173.jpg,0,337,337,82,2221.13016856026,,,,,,,,,,,,,,,,,,,,,,,2221.100947134008,,2221.10097935042,2221.100986192844,2221.13016856026,2222.118130741043,2222.129813039322,2223.10602221678,2223.117863886514,2223.3531326469433,2223.35314034467,2223.47081634963,2223.47081634963,2223.47081634963,2223.47081634963,2223.47081634963,2223.47081634963,0.002175249299398274,2224.4249119536858,[-447.0],[390.0],[1],[0],[0],[1.0656895495376375],2224.4259927715493,2224.4291417120144,None,,,,,,,,,,,,,,ED28,001,2024-02-02_14h00.22.905,rating,2023.2.3,85.10300836343751,2024-02-02 14h00.35.241320 +0800,
neu_107.jpg,0,338,338,201,2224.458694710721,,,,,,,,,,,,,,,,,,,,,,,2224.4294792715896,,2224.429508636992,2224.4295149092136,2224.458694710721,2225.4466748528666,2225.458333772864,2226.432573757765,2226.456097725778,2226.679606640458,2226.679614623286,2226.7992290298953,2226.7992290298953,2226.7992290298953,2226.7992290298953,2226.7992290298953,2226.7992290298953,0.00012024134366583894,2234.292859731167,[204.0],[-230.0],[1],[0],[0],[7.60712712567738],2234.2939394086266,2234.297102604141,None,,,,,,,,,,,,,,ED28,001,2024-02-02_14h00.22.905,rating,2023.2.3,85.10300836343751,2024-02-02 14h00.35.241320 +0800,
neg_75.jpg,0,339,339,165,2234.3266159738096,,,,,,,,,,,,,,,,,,,,,,,2234.2973449399847,,2234.297377726599,2234.2973845690226,2234.3266159738096,2235.3146166432266,2235.3262920990815,2236.300492169844,2236.324034669421,2236.5475447245053,2236.5475524222325,2236.6671682543465,2236.6671682543465,2236.6671682543465,2236.6671682543465,2236.6671682543465,2236.6671682543465,0.00018866558184527094,2239.950097632835,[-143.0],[-308.0],[1],[0],[0],[3.3964047054209914],2239.9512166542313,2239.9543379399,None,,,,,,,,,,,,,,ED28,001,2024-02-02_14h00.22.905,rating,2023.2.3,85.10300836343751,2024-02-02 14h00.35.241320 +0800,
neu_63.jpg,0,340,340,344,2239.983926006029,,,,,,,,,,,,,,,,,,,,,,,2239.9545588931696,,2239.954602798722,2239.954623325994,2239.983926006029,2240.971884480499,2240.98360469721,2241.9578147465068,2241.9813378592166,2242.204847058998,2242.2048547567247,2242.324472299445,2242.324472299445,2242.324472299445,2242.324472299445,2242.324472299445,2242.324472299445,0.000265642850081349,2245.454598664758,[2.0],[-80.0],[1],[0],[0],[3.2436168025978986],2245.4556854697425,2245.4588287081874,None,,,,,,,,,,,,,,ED28,001,2024-02-02_14h00.22.905,rating,2023.2.3,85.10300836343751,2024-02-02 14h00.35.241320 +0800,
neu_19.jpg,0,341,341,292,2245.4883201250796,,,,,,,,,,,,,,,,,,,,,,,2245.459073039738,,2245.4591052561505,2245.459112098574,2245.4883201250796,2246.476304258639,2246.487979429393,2247.4622179887892,2247.485741671701,2247.709249731078,2247.7092574288054,2247.8289126048567,2247.8289126048567,2247.8289126048567,2247.8289126048567,2247.8289126048567,2247.8289126048567,0.00016557240132897277,2252.4999263013933,[212.0],[-334.0],[1],[0],[0],[4.784448824229003],2252.5010148169836,2252.504272095826,None,,,,,,,,,,,,,,ED28,001,2024-02-02_14h00.22.905,rating,2023.2.3,85.10300836343751,2024-02-02 14h00.35.241320 +0800,
neg_29.jpg,0,342,342,114,2252.5334883902597,,,,,,,,,,,,,,,,,,,,,,,2252.504513861468,,2252.504545507678,2252.504552635203,2252.5334883902597,2253.5214659664966,2253.533179910986,2254.5073851135658,2254.5309082262756,2254.7545981800863,2254.754607018217,2254.874043236706,2254.874043236706,2254.874043236706,2254.874043236706,2254.874043236706,2254.874043236706,7.548048779426608e-05,2258.2393913207843,[-25.0],[-327.0],[1],[0],[0],[3.4785174976454982],2258.240474134355,2258.2438671212694,None,,,,,,2254.874043236706,,,,,,,,ED28,001,2024-02-02_14h00.22.905,rating,2023.2.3,85.10300836343751,2024-02-02 14h00.35.241320 +0800,
neu_12.jpg,0,343,343,215,2258.2731247553475,,,,,,,,,,,,,,,,,,,,,,,2258.2441111677194,,2258.2441428139296,2258.2441499414545,2258.2731247553475,2259.261118582341,2259.2727772172375,2260.2470189127444,2260.270557420908,2260.4942105966907,2260.4942191497203,2260.613671048764,2260.613671048764,2260.613671048764,2260.613671048764,2260.613671048764,2260.613671048764,9.030573937707231e-05,2264.3553926425125,[6.0],[-315.0],[1],[0],[0],[3.8548767522661365],2264.3564822985068,2264.3597230414916,None,,,,,,2260.613671048764,,,,,,,,ED28,001,2024-02-02_14h00.22.905,rating,2023.2.3,85.10300836343751,2024-02-02 14h00.35.241320 +0800,
neg_11.jpg,0,344,344,12,2264.389152021266,,,,,,,,,,,,,,,,,,,,,,,2264.3599656624365,,2264.3599973086466,2264.3600041510704,2264.389152021266,2265.377123610382,2265.3887876621975,2266.3630176685638,2266.386534223951,2266.610056253277,2266.6100636659025,2266.729680068219,2266.729680068219,2266.729680068219,2266.729680068219,2266.729680068219,2266.729680068219,8.061230573730427e-05,2271.1536152659037,[-175.0],[-327.0],[1],[0],[0],[4.537168473874317],2271.1548822547156,2271.158048871442,None,,,,,,,,,,,,,,ED28,001,2024-02-02_14h00.22.905,rating,2023.2.3,85.10300836343751,2024-02-02 14h00.35.241320 +0800,
neg_44.jpg,0,345,345,131,2271.187313062843,,,,,,,,,,,,,,,,,,,,,,,2271.1582906370836,,2271.158322283294,2271.158329125718,2271.187313062843,2272.175280375444,2272.186956971703,2273.1612066500375,2273.184720354415,2273.408441384234,2273.4084519329704,2273.527854509542,2273.527854509542,2273.527854509542,2273.527854509542,2273.527854509542,2273.527854509542,0.00014533023113472154,2275.8818014049207,[-154.0],[-310.0],[1],[0],[0],[2.466995711225536],2275.8829201412163,2275.8860402864807,None,,,,,,2273.527854509542,,,,,,,,ED28,001,2024-02-02_14h00.22.905,rating,2023.2.3,85.10300836343751,2024-02-02 14h00.35.241320 +0800,
neg_109.jpg,0,346,346,11,2275.91545044959,,,,,,,,,,,,,,,,,,,,,,,2275.8862769203047,,2275.886307711212,2275.886314838737,2275.91545044959,2276.903464518754,2276.915100345571,2277.889337764563,2277.912861732576,2278.1363709323573,2278.136378630084,2278.2559924664915,2278.2559924664915,2278.2559924664915,2278.2559924664915,2278.2559924664915,2278.2559924664915,8.574412368034245e-05,2279.3161456398507,[-108.0],[189.0],[1],[0],[0],[1.1733827432362887],2279.317203649635,2279.32032693101,None,,,,,,,,,,,,,,ED28,001,2024-02-02_14h00.22.905,rating,2023.2.3,85.10300836343751,2024-02-02 14h00.35.241320 +0800,
neg_188.jpg,0,347,347,98,2279.3498203436093,,,,,,,,,,,,,,,,,,,,,,,2279.3205649903393,,2279.3205966365495,2279.320603478973,2279.3498203436093,2280.3377865158063,2280.3494924774677,2281.323715356309,2281.3472339074033,2281.570766200365,2281.5707747533947,2281.6903660668236,2281.6903660668236,2281.6903660668236,2281.6903660668236,2281.6903660668236,2281.6903660668236,0.00019294209687359398,2289.336941476464,[-138.0],[-322.0],[1],[0],[0],[7.759787873457299],2289.3380536554364,2289.3411966087806,None,,,,,,,,,,,,,,ED28,001,2024-02-02_14h00.22.905,rating,2023.2.3,85.10300836343751,2024-02-02 14h00.35.241320 +0800,
neu_127.jpg,0,348,348,223,2289.3706521029476,,,,,,,,,,,,,,,,,,,,,,,2289.3414372340185,,2289.341469450431,2289.3414765779557,2289.3706521029476,2290.358641368325,2290.3703045648376,2291.3445474007485,2291.3680978831535,2291.591579998341,2291.5915876960676,2291.7112149322215,2291.7112149322215,2291.7112149322215,2291.7112149322215,2291.7112149322215,2291.7112149322215,0.00013278578762765392,2295.35888684028,[231.0],[-332.0],[1],[0],[0],[3.7607954203658664],2295.3600018702623,2295.363086377903,None,,,,,,,,,,,,,,ED28,001,2024-02-02_14h00.22.905,rating,2023.2.3,85.10300836343751,2024-02-02 14h00.35.241320 +0800,
neu_28.jpg,0,349,349,305,2295.3925706672703,,,,,,,,,,,,,,,,,,,,,,,2295.36332386703,,2295.3633569387453,2295.36336406627,2295.3925706672703,2296.3805610730515,2296.3922627581983,2297.366462258758,2297.389984231064,2297.613553872256,2297.613561855084,2297.7331175308886,2297.7331175308886,2297.7331175308886,2297.7331175308886,2297.7331175308886,2297.7331175308886,0.0002191713883803459,2302.556922266359,[140.0],[-330.0],[1],[0],[0],[4.936875218993009],2302.558019049878,2302.5611027022155,None,,,,,,,,,,,,,,ED28,001,2024-02-02_14h00.22.905,rating,2023.2.3,85.10300836343751,2024-02-02 14h00.35.241320 +0800,
neg_132.jpg,0,350,350,37,2302.5906696708707,,,,,,,,,,,,,,,,,,,,,,,2302.5613424721505,,2302.561373548159,2302.5613806756837,2302.5906696708707,2303.5785999203426,2303.5902833590258,2304.564526480038,2304.5880495927477,2304.8115764687905,2304.811584736719,2304.9312099771664,2304.9312099771664,2304.9312099771664,2304.9312099771664,2304.9312099771664,2304.9312099771664,0.00022629891282122117,2308.2259770339747,[-258.0],[369.0],[1],[0],[0],[3.408011166835877],2308.2271080296127,2308.230206792303,None,,,,,,,,,,,,,,ED28,001,2024-02-02_14h00.22.905,rating,2023.2.3,85.10300836343751,2024-02-02 14h00.35.241320 +0800,
neu_143.jpg,0,351,351,241,2308.259697924094,,,,,,,,,,,,,,,,,,,,,,,2308.2304505536517,,2308.230482770064,2308.230489897589,2308.259697924094,2309.2476891851784,2309.259352666792,2310.233590370885,2310.257134866169,2310.480624393982,2310.480632947012,2310.600247923823,2310.600247923823,2310.600247923823,2310.600247923823,2310.600247923823,2310.600247923823,0.00016471709886900499,2317.30617736874,[208.0],[-258.0],[1],[0],[0],[6.819537343811135],2317.3073286065487,2317.3104547389344,None,,,,,,,,,,,,,,ED28,001,2024-02-02_14h00.22.905,rating,2023.2.3,85.10300836343751,2024-02-02 14h00.35.241320 +0800,
neu_77.jpg,0,352,352,359,2317.339612302564,,,,,,,,,,,,,,,,,,,,,,,2317.310698215182,,2317.3107304315945,2317.3107375591194,2317.339612302564,2318.327581325771,2318.3392770237965,2319.3135526463216,2319.3370278620646,2319.560747466379,2319.5607563045096,2319.6801879613827,2319.6801879613827,2319.6801879613827,2319.6801879613827,2319.6801879613827,2319.6801879613827,4.012796489405446e-05,2322.151786628136,[209.0],[-338.0],[1],[0],[0],[2.583864025073126],2322.1528839818575,2322.1559853104563,None,,,,,,2319.6801879613827,,,,,,,,ED28,001,2024-02-02_14h00.22.905,rating,2023.2.3,85.10300836343751,2024-02-02 14h00.35.241320 +0800,
neu_31.jpg,0,353,353,309,2322.185367818769,,,,,,,,,,,,,,,,,,,,,,,2322.1562199485734,,2322.156251309683,2322.1562584372073,2322.185367818769,2323.1733345611683,2323.185022276366,2324.1592608357623,2324.182823862611,2324.4062959992634,2324.4063039820912,2324.5259178184983,2324.5259178184983,2324.5259178184983,2324.5259178184983,2324.5259178184983,2324.5259178184983,6.778276110708248e-05,2331.819694434458,[-238.0],[-98.0],[1],[0],[0],[7.406852516400704],2331.820785515957,2331.8238780064257,None,,,,,,,,,,,,,,ED28,001,2024-02-02_14h00.22.905,rating,2023.2.3,85.10300836343751,2024-02-02 14h00.35.241320 +0800,
neg_149.jpg,0,354,354,55,2331.853357163975,,,,,,,,,,,,,,,,,,,,,,,2331.8241140700475,,2331.824145431157,2331.8241534139847,2331.853357163975,2332.84132846799,2332.853045263489,2333.8272527468766,2333.8507764297888,2334.074311858861,2334.07432012679,2334.1938903427454,2334.1938903427454,2334.1938903427454,2334.1938903427454,2334.1938903427454,2334.1938903427454,0.00018752517826214898,2334.9012484287373,[-395.0],[351.0],[1],[0],[0],[0.8206190169771617],2334.9024204789184,2334.905618741855,None,,,,,,,,,,,,,,ED28,001,2024-02-02_14h00.22.905,rating,2023.2.3,85.10300836343751,2024-02-02 14h00.35.241320 +0800,
neu_3.jpg,0,355,355,307,2334.9348837885586,,,,,,,,,,,,,,,,,,,,,,,2334.905854520376,,2334.9058861665862,2334.90589300901,2334.9348837885586,2335.9228690625223,2335.93453653555,2336.9087779459555,2336.9323227263408,2337.155967919296,2337.1559761872245,2337.275478549144,2337.275478549144,2337.275478549144,2337.275478549144,2337.275478549144,2337.275478549144,0.00010370548579885508,2341.6288347152654,[-15.0],[219.0],[1],[0],[0],[4.4661771862752175],2341.630021305597,2341.633254635956,None,,,,,,2337.275478549144,,,,,,,,ED28,001,2024-02-02_14h00.22.905,rating,2023.2.3,85.10300836343751,2024-02-02 14h00.35.241320 +0800,
neu_75.jpg,0,356,356,357,2341.6625139806397,,,,,,,,,,,,,,,,,,,,,,,2341.6334964015978,,2341.63352861801,2341.6335357455346,2341.6625139806397,2342.6504562043533,2342.6621447748544,2343.6481426097976,2343.6599058767583,2343.8951749222883,2343.8951823349144,2344.014851195813,2344.014851195813,2344.014851195813,2344.014851195813,2344.014851195813,2344.014851195813,0.011667971954011591,2349.1914815244577,[197.0],[-332.0],[1],[0],[0],[5.289688552824373],2349.192580303684,2349.195688189606,None,,,,,,,,,,,,,,ED28,001,2024-02-02_14h00.22.905,rating,2023.2.3,85.10300836343751,2024-02-02 14h00.35.241320 +0800,
neg_151.jpg,0,357,357,58,2349.2251627855394,,,,,,,,,,,,,,,,,,,,,,,2349.195922257521,,2349.195953333529,2349.1959601759527,2349.2251627855394,2350.213179135511,2350.224817813338,2351.1990734787937,2351.222580055646,2351.446118050628,2351.4461266036574,2351.5657125001676,2351.5657125001676,2351.5657125001676,2351.5657125001676,2351.5657125001676,2351.5657125001676,0.00021660547918145312,2352.9787462911922,[-405.0],[348.0],[1],[0],[0],[1.5258103354244668],2352.979873295417,2352.9830635755256,None,,,,,,,,,,,,,,ED28,001,2024-02-02_14h00.22.905,rating,2023.2.3,85.10300836343751,2024-02-02 14h00.35.241320 +0800,
neg_123.jpg,0,358,358,27,2353.0124024633865,,,,,,,,,,,,,,,,,,,,,,,2352.9833044858647,,2352.9833358469737,2352.9833429744986,2353.0124024633865,2354.0003432615954,2354.012003321997,2354.986276663714,2355.0097732620316,2355.2334979981633,2355.233506836294,2355.352932220945,2355.352932220945,2355.352932220945,2355.352932220945,2355.352932220945,2355.352932220945,0.0001843890668169479,2360.1768700985795,[-256.0],[333.0],[1],[0],[0],[4.9366343086544475],2360.1780370169427,2360.181157447308,None,,,,,,2355.352932220945,,,,,,,,ED28,001,2024-02-02_14h00.22.905,rating,2023.2.3,85.10300836343751,2024-02-02 14h00.35.241320 +0800,
neu_171.jpg,0,359,359,272,2360.2104413106777,,,,,,,,,,,,,,,,,,,,,,,2360.1813946513344,,2360.1814260124434,2360.181432854867,2360.2104413106777,2361.198435137671,2361.2101011851933,2362.184317506712,2362.207864282804,2362.4315288626267,2362.4315374156563,2362.550997297528,2362.550997297528,2362.550997297528,2362.550997297528,2362.550997297528,2362.550997297528,0.00012679866631515324,2366.1986897328575,[-3.0],[-259.0],[1],[0],[0],[3.7604416100334674],2366.1998287113233,2374.665776106199,space,2366.2205966080396,2366.2205966080396,8.439754026267565,None,,2362.550997297528,,,,,,,,ED28,001,2024-02-02_14h00.22.905,rating,2023.2.3,85.10300836343751,2024-02-02 14h00.35.241320 +0800,
neu_144.jpg,0,360,360,242,2374.6771670312633,,,,,,,,,,,,,,,,,,,,,,,2374.6661544352164,2374.6771670312633,2375.6653282125394,2375.6653498802148,2375.6886412058175,2376.6884270949718,2376.7000560793654,2377.6742798135097,2377.697819462077,2377.9213278065554,2377.921335789383,2378.0409530470024,2378.0409530470024,2378.0409530470024,2378.0409530470024,2378.0409530470024,2378.0409530470024,0.005350419055503153,2379.6893140441603,[394.0],[-345.0],[1],[0],[0],[1.7611592092325736],2379.6905282892885,2379.6936686767235,None,,,,,2375.6886412058175,,,,,,,,,ED28,001,2024-02-02_14h00.22.905,rating,2023.2.3,85.10300836343751,2024-02-02 14h00.35.241320 +0800,
neg_175.jpg,0,361,361,84,2379.7228533249477,,,,,,,,,,,,,,,,,,,,,,,2379.6939169996886,,2379.6939497863027,2379.693956913827,2379.7228533249477,2380.7108354628003,2380.7225114888574,2381.6967463419405,2381.720268599347,2381.9439340344725,2381.9439423024014,2382.063429268867,2382.063429268867,2382.063429268867,2382.063429268867,2382.063429268867,2382.063429268867,6.200946700118948e-06,2384.2997112782245,[-282.0],[369.0],[1],[0],[0],[2.3489924103264457],2384.30087021376,2384.3039972014485,None,,,,,,2382.063429268867,,,,,,,,ED28,001,2024-02-02_14h00.22.905,rating,2023.2.3,85.10300836343751,2024-02-02 14h00.35.241320 +0800,
neg_40.jpg,0,362,362,127,2384.3333751481455,,,,,,,,,,,,,,,,,,,,,,,2384.3042378266864,,2384.3042694728965,2384.3042766004214,2384.3333751481455,2385.3213453117564,2385.3330296057425,2386.307274152259,2386.3308252048664,2386.5543084604574,2386.554316158184,2386.6739422539345,2386.6739422539345,2386.6739422539345,2386.6739422539345,2386.6739422539345,2386.6739422539345,6.065523621145985e-05,2390.0864440465066,[-247.0],[-236.0],[1],[0],[0],[3.5251748453115397],2390.0876642787557,2390.0906934768036,None,,,,,,,,,,,,,,ED28,001,2024-02-02_14h00.22.905,rating,2023.2.3,85.10300836343751,2024-02-02 14h00.35.241320 +0800,
neg_169.jpg,0,363,363,77,2390.120097652792,,,,,,,,,,,,,,,,,,,,,,,2390.0909341020415,,2390.0909657482516,2390.0909728757765,2390.120097652792,2391.108053276252,2391.119711055846,2392.093951610949,2392.1174755789616,2392.3411447204,2392.3411527032276,2392.46061001919,2392.46061001919,2392.46061001919,2392.46061001919,2392.46061001919,2392.46061001919,0.00021375446931415354,2393.1681365998684,[-416.0],[393.0],[1],[0],[0],[0.8199729781276801],2393.1693129265645,2393.1724168210726,None,,,,,,2392.46061001919,,,,,,,,ED28,001,2024-02-02_14h00.22.905,rating,2023.2.3,85.10300836343751,2024-02-02 14h00.35.241320 +0800,
neg_16.jpg,0,364,364,67,2393.201586929146,,,,,,,,,,,,,,,,,,,,,,,2393.1726528846943,,2393.172684245804,2393.1726910882276,2393.201586929146,2394.18954939503,2394.2012385357325,2395.175477095129,2395.1990007780405,2395.4226867404373,2395.4226952934673,2395.542134362966,2395.542134362966,2395.542134362966,2395.542134362966,2395.542134362966,2395.542134362966,2.6158015771216014e-05,2396.8375668454914,[-384.0],[-331.0],[1],[0],[0],[1.407876599167139],2396.8387106706746,2396.841878142704,None,,,,,,2395.542134362966,,,,,,,,ED28,001,2024-02-02_14h00.22.905,rating,2023.2.3,85.10300836343751,2024-02-02 14h00.35.241320 +0800,
neu_157.jpg,0,365,365,256,2396.871184529052,,,,,,,,,,,,,,,,,,,,,,,2396.842118767942,,2396.842150129051,2396.842157256576,2396.871184529052,2397.8591515565518,2397.8708375611436,2398.8450798268523,2398.868603794865,2399.0922723661015,2399.0922809191316,2399.211758477264,2399.211758477264,2399.211758477264,2399.211758477264,2399.211758477264,2399.211758477264,0.00014390472597369808,2401.918754484995,[-152.0],[-307.0],[1],[0],[0],[2.819490017046064],2401.9199521942655,2401.923170699373,None,,,,,,2399.211758477264,,,,,,,,ED28,001,2024-02-02_14h00.22.905,rating,2023.2.3,85.10300836343751,2024-02-02 14h00.35.241320 +0800,
neu_57.jpg,0,366,366,337,2401.95217544887,,,,,,,,,,,,,,,,,,,,,,,2401.9234127501154,,2401.9234443963255,2401.9234515238504,2401.95217544887,2402.940140765764,2402.951824204447,2403.92606761056,2403.949590438169,2404.173261005112,2404.173269273041,2404.292767928647,2404.292767928647,2404.292767928647,2404.292767928647,2404.292767928647,2404.292767928647,-0.00016086823507066583,2411.233741759512,[21.0],[278.0],[1],[0],[0],[7.05351345633926],2411.2349072523707,2411.238114353438,None,,,,,,2404.292767928647,,,,,,,,ED28,001,2024-02-02_14h00.22.905,rating,2023.2.3,85.10300836343751,2024-02-02 14h00.35.241320 +0800,
neu_117.jpg,0,367,367,212,2411.267334354185,,,,,,,,,,,,,,,,,,,,,,,2411.23835611908,,2411.238388905694,2411.2383960332186,2411.267334354185,2412.255283705423,2412.2669805438527,2413.241228226481,2413.264735943737,2413.488449846031,2413.488458399061,2413.6078689584606,2413.6078689584606,2413.6078689584606,2413.6078689584606,2413.6078689584606,2413.6078689584606,8.374841672775801e-05,2415.2561869053684,[23.0],[-258.0],[1],[0],[0],[1.7607817355178668],2415.257380623225,2415.2605974177263,None,,,,,,2413.6078689584606,,,,,,,,ED28,001,2024-02-02_14h00.22.905,rating,2023.2.3,85.10300836343751,2024-02-02 14h00.35.241320 +0800,
neg_122.jpg,0,368,368,26,2415.2897680960014,,,,,,,,,,,,,,,,,,,,,,,2415.260833766449,,2415.260865127558,2415.260872255083,2415.2897680960014,2416.2777291363805,2416.2894214131943,2417.263661968297,2417.287185081007,2417.5109004088063,2417.510909246937,2417.6302667775517,2417.6302667775517,2417.6302667775517,2417.6302667775517,2417.6302667775517,2417.6302667775517,5.7234024552599294e-05,2419.631445385056,[-227.0],[198.0],[1],[0],[0],[2.113511534758345],2419.632587784734,2419.635657182022,None,,,,,,2417.6302667775517,,,,,,,,ED28,001,2024-02-02_14h00.22.905,rating,2023.2.3,85.10300836343751,2024-02-02 14h00.35.241320 +0800,
neg_87.jpg,0,369,369,178,2419.665062498414,,,,,,,,,,,,,,,,,,,,,,,2419.635890679735,,2419.635922040844,2419.635929168369,2419.665062498414,2420.653029811015,2420.664718666617,2421.63895637071,2421.6624806238237,2421.885986972595,2421.885994670322,2422.0173760502053,2422.0173760502053,2422.0173760502053,2422.0173760502053,2422.0173760502053,2422.0173760502053,8.77398306329269e-05,2423.9008649679017,[-356.0],[-320.0],[1],[0],[0],[2.0078208904328676],2423.9020105036907,2423.905140342389,None,,,,,,,,,,,,,,ED28,001,2024-02-02_14h00.22.905,rating,2023.2.3,85.10300836343751,2024-02-02 14h00.35.241320 +0800,
neu_150.jpg,0,370,370,249,2423.9345071701473,,,,,,,,,,,,,,,,,,,,,,,2423.905377831516,,2423.9054091926255,2423.90541632015,2423.9345071701473,2424.922480184768,2424.934161342643,2425.908397906332,2425.931922444547,2426.155599568813,2426.155608406944,2426.286880022945,2426.286880022945,2426.286880022945,2426.286880022945,2426.286880022945,2426.286880022945,0.00021232896460787742,2427.9351112991512,[419.0],[-345.0],[1],[0],[0],[1.7723847757210933],2427.936247711708,2427.9394183198483,None,,,,,,2426.286880022945,,,,,,,,ED28,001,2024-02-02_14h00.22.905,rating,2023.2.3,85.10300836343751,2024-02-02 14h00.35.241320 +0800,
neu_177.jpg,0,371,371,278,2427.9687144425607,,,,,,,,,,,,,,,,,,,,,,,2427.9396575195815,,2427.9396891657916,2427.9396957231143,2427.9687144425607,2428.9566863167774,2428.9683723213693,2429.9426131615733,2429.9661322828692,2430.1897974328936,2430.189805985923,2430.321081593338,2430.321081593338,2430.321081593338,2430.321081593338,2430.321081593338,2430.321081593338,0.00013079008022032212,2432.4398771898964,[80.0],[-339.0],[1],[0],[0],[2.242871263501911],2432.4410458188654,2432.444174802261,None,,,,,,2430.321081593338,,,,,,,,ED28,001,2024-02-02_14h00.22.905,rating,2023.2.3,85.10300836343751,2024-02-02 14h00.35.241320 +0800,
neu_137.jpg,0,372,372,234,2432.473387960584,,,,,,,,,,,,,,,,,,,,,,,2432.444413431792,,2432.444445363103,2432.444452490628,2432.473387960584,2433.46135669869,2433.4730923108546,2434.4473003644443,2434.4708046604887,2434.694521698894,2434.6945299668228,2434.825700657072,2434.825700657072,2434.825700657072,2434.825700657072,2434.825700657072,2434.825700657072,9.800346606425592e-05,2435.533130303413,[426.0],[-330.0],[1],[0],[0],[0.8315127259102155],2435.5342829667266,2435.5373663339633,None,,,,,,2434.825700657072,,,,,,,,ED28,001,2024-02-02_14h00.22.905,rating,2023.2.3,85.10300836343751,2024-02-02 14h00.35.241320 +0800,
neg_164.jpg,0,373,373,72,2435.566674716018,,,,,,,,,,,,,,,,,,,,,,,2435.5376041081913,,2435.5376354693003,2435.537642311724,2435.566674716018,2436.5546685430113,2436.5663271779076,2437.5405691585156,2437.5640917010237,2437.787755995745,2437.787764833876,2437.918986272102,2437.918986272102,2437.918986272102,2437.918986272102,2437.918986272102,2437.918986272102,0.00014276432193582878,2440.743437046422,[-428.0],[347.0],[1],[0],[0],[2.948483391014179],2440.7446073859974,2440.7477115656066,None,,,,,,2437.918986272102,,,,,,,,ED28,001,2024-02-02_14h00.22.905,rating,2023.2.3,85.10300836343751,2024-02-02 14h00.35.241320 +0800,
neu_61.jpg,0,374,374,342,2440.777061572406,,,,,,,,,,,,,,,,,,,,,,,2440.7479470590265,,2440.7479784201355,2440.7479852625593,2440.777061572406,2441.7650103534424,2441.7766957878325,2442.7509334919255,2442.774456034433,2442.998121184458,2442.9981294523864,2443.12937312849,2443.12937312849,2443.12937312849,2443.12937312849,2443.12937312849,2443.12937312849,0.00016443199774585082,2445.2482565361543,[28.0],[-320.0],[1],[0],[0],[2.2428279281512005],2445.249396940125,2445.252506251552,None,,,,,,2443.12937312849,,,,,,,,ED28,001,2024-02-02_14h00.22.905,rating,2023.2.3,85.10300836343751,2024-02-02 14h00.35.241320 +0800,
neg_33.jpg,0,375,375,119,2445.2817561879033,,,,,,,,,,,,,,,,,,,,,,,2445.25274117477,,2445.252772535879,2445.252779378303,2445.2817561879033,2446.2696784545474,2446.281365884644,2447.2555833465667,2447.279131548164,2447.502794132279,2447.5028026853092,2447.634040944494,2447.634040944494,2447.634040944494,2447.634040944494,2447.634040944494,2447.634040944494,4.383427767606918e-05,2450.2233529644373,[-42.0],[-320.0],[1],[0],[0],[2.7132559702286017],2450.2245692052725,2450.227683648517,None,,,,,,2447.634040944494,,,,,,,,ED28,001,2024-02-02_14h00.22.905,rating,2023.2.3,85.10300836343751,2024-02-02 14h00.35.241320 +0800,
neg_148.jpg,0,376,376,54,2450.2568560373984,,,,,,,,,,,,,,,,,,,,,,,2450.2279185717352,,2450.2279502179454,2450.2279573454703,2450.2568560373984,2451.2448173628786,2451.2565005164606,2452.2307402162605,2452.254262758768,2452.477927908793,2452.4779358916207,2452.6092092182275,2452.6092092182275,2452.6092092182275,2452.6092092182275,2452.6092092182275,2452.6092092182275,-3.563764039427042e-07,2454.6103427797743,[-411.0],[404.0],[1],[0],[0],[2.1250609759745203],2454.6115179660665,2454.614577669921,None,,,,,,2452.6092092182275,,,,,,,,ED28,001,2024-02-02_14h00.22.905,rating,2023.2.3,85.10300836343751,2024-02-02 14h00.35.241320 +0800,
neg_49.jpg,0,377,377,136,2454.6439020176313,,,,,,,,,,,,,,,,,,,,,,,2454.6148188653606,,2454.614850796672,2454.6148576390956,2454.6439020176313,2455.631872466343,2455.643556760329,2456.617796460129,2456.6413341129896,2456.8649844377624,2456.864992705691,2456.9962050206855,2456.9962050206855,2456.9962050206855,2456.9962050206855,2456.9962050206855,2456.9962050206855,0.00015559386656605056,2459.4679068939986,[-139.0],[-343.0],[1],[0],[0],[2.5955141069393903],2459.4690869270075,2459.4722233230286,None,,,,,,2456.9962050206855,,,,,,,,ED28,001,2024-02-02_14h00.22.905,rating,2023.2.3,85.10300836343751,2024-02-02 14h00.35.241320 +0800,
neu_96.jpg,0,378,378,380,2459.5014493108965,,,,,,,,,,,,,,,,,,,,,,,2459.4724633780647,,2459.472495024275,2459.4725021517997,2459.5014493108965,2460.48939153461,2460.501076969,2461.475315528396,2461.498840921914,2461.7225049315343,2461.722513484564,2461.8537346376893,2461.8537346376893,2461.8537346376893,2461.8537346376893,2461.8537346376893,2461.8537346376893,3.214513662896934e-05,2464.5841896104066,[-8.0],[290.0],[1],[0],[0],[2.8543601492674497],2464.5853391376095,2464.588539111152,None,,,,,,2461.8537346376893,,,,,,,,ED28,001,2024-02-02_14h00.22.905,rating,2023.2.3,85.10300836343751,2024-02-02 14h00.35.241320 +0800,
neg_15.jpg,0,379,379,56,2464.617719482861,,,,,,,,,,,,,,,,,,,,,,,2464.588775459875,,2464.5888068209842,2464.588813948509,2464.617719482861,2465.605661991676,2465.6173428644497,2466.5915879811687,2466.6151148001913,2466.838777099206,2466.8387853671343,2466.9700062351585,2466.9700062351585,2466.9700062351585,2466.9700062351585,2466.9700062351585,2466.9700062351585,-7.769002422719495e-06,2470.735447376201,[-129.0],[-304.0],[1],[0],[0],[3.8892824549707257],2470.7366382430478,2470.739815978713,None,,,,,,2466.9700062351585,,,,,,,,ED28,001,2024-02-02_14h00.22.905,rating,2023.2.3,85.10300836343751,2024-02-02 14h00.35.241320 +0800,
neu_94.jpg,0,380,380,378,2470.7690108905726,,,,,,,,,,,,,,,,,,,,,,,2470.7400340809727,,2470.740063161274,2470.7400848289494,2470.7690108905726,2471.7569533993874,2471.768642254989,2472.7428765378704,2472.766403356893,2472.990093025603,2472.9901027190367,2473.1212930812544,2473.1212930812544,2473.1212930812544,2473.1212930812544,2473.1212930812544,2473.1212930812544,4.041306556246127e-05,2475.9459454219764,[183.0],[-234.0],[1],[0],[0],[2.948390448090322],2475.947096659785,2475.9502205113627,None,,,,,,2473.1212930812544,,,,,,,,ED28,001,2024-02-02_14h00.22.905,rating,2023.2.3,85.10300836343751,2024-02-02 14h00.35.241320 +0800,
neg_185.jpg,0,381,381,95,2475.979393185345,,,,,,,,,,,,,,,,,,,,,,,2475.950458855793,,2475.950490502003,2475.950497629528,2475.979393185345,2476.9673525151184,2476.978996609864,2477.953242866987,2477.976764554192,2478.200431414822,2478.2004536526997,2478.331662261381,2478.331662261381,2478.331662261381,2478.331662261381,2478.331662261381,2478.331662261381,-8.624304882687284e-06,2484.5670892528615,[-222.0],[-186.0],[1],[0],[0],[6.35912889102292],2484.568244767185,2484.5714153753256,None,,,,,,2478.331662261381,,,,,,,,ED28,001,2024-02-02_14h00.22.905,rating,2023.2.3,85.10300836343751,2024-02-02 14h00.35.241320 +0800,
neg_6.jpg,0,382,382,148,2484.6005592541073,,,,,,,,,,,,,,,,,,,,,,,2484.5716579962705,,2484.5716907828846,2484.5716987657124,2484.6005592541073,2485.5885522257977,2485.600220269027,2486.574456832716,2486.5979788050217,2486.8216448103494,2486.82165364848,2486.95293923443,2486.95293923443,2486.95293923443,2486.95293923443,2486.95293923443,2486.95293923443,-2.487506162651698e-05,2490.671305925054,[-244.0],[-350.0],[1],[0],[0],[3.842192038896883],2490.672495366396,2490.675612090449,None,,,,,,2486.95293923443,,,,,,,,ED28,001,2024-02-02_14h00.22.905,rating,2023.2.3,85.10300836343751,2024-02-02 14h00.35.241320 +0800,
neu_184.jpg,0,383,383,286,2490.7048021555916,,,,,,,,,,,,,,,,,,,,,,,2490.6758472987676,,2490.675879800281,2490.675886642705,2490.7048021555916,2491.6927885699592,2491.7044571833903,2492.678700874604,2492.702233110546,2492.9258908479446,2492.9258994009742,2493.0571564768247,2493.0571564768247,2493.0571564768247,2493.0571564768247,2493.0571564768247,2493.0571564768247,3.414084403630113e-05,2497.2223613831843,[165.0],[-357.0],[1],[0],[0],[4.288994046806238],2497.2235371396787,2497.226667548579,None,,,,,,2493.0571564768247,,,,,,,,ED28,001,2024-02-02_14h00.22.905,rating,2023.2.3,85.10300836343751,2024-02-02 14h00.35.241320 +0800,
,,,,,,,,,,,,,,,,,,,,,,,,,,,,,,,,,,,,,,,,,,,,,,,,,,,,,,,,,,,,,,2497.2267641978156,2497.2559887601783,2497.2559887601783,2662.835422600925,space,165.55970428184628,None,ED28,001,2024-02-02_14h00.22.905,rating,2023.2.3,85.10300836343751,2024-02-02 14h00.35.241320 +0800,
