stimulus_filename,trials.thisRepN,trials.thisTrialN,trials.thisN,trials.thisIndex,thisRow.t,notes,welcome.started,welcome_image.started,welcome_key_resp.started,welcome.stopped,welcome_key_resp.keys,welcome_key_resp.rt,welcome_key_resp.duration,instruction.started,instruction_image.started,instruction_key_resp.started,instruction.stopped,instruction_key_resp.keys,instruction_key_resp.rt,instruction_key_resp.duration,start.started,start_image.started,key_resp.started,start.stopped,key_resp.keys,key_resp.rt,key_resp.duration,block_info.started,block_text.started,block_info.stopped,img_presentation.started,ISI_text.started,stimulus_image.started,ISI_text.stopped,text.started,stimulus_image.stopped,text.stopped,img_presentation.stopped,evaluation.started,horizontal_polygon.started,vertical_polygon.started,ha_text.started,la_text.started,negative_text.started,positive_text.started,mouse.started,evaluation.stopped,mouse.x,mouse.y,mouse.leftButton,mouse.midButton,mouse.rightButton,mouse.time,rest.started,rest.stopped,key_resp_2.keys,rest_image.started,key_resp_2.started,key_resp_2.rt,key_resp_2.duration,block_text.stopped,end.started,end_image.started,key_resp_3.started,end.stopped,key_resp_3.keys,key_resp_3.rt,key_resp_3.duration,participant,session,date,expName,psychopyVersion,frameRate,expStart,
,,,,,,,0.013063897689789883,0.044684448796033394,0.044684448796033394,7.663626444715192,space,7.611720957973375,None,,,,,,,,,,,,,,,,,,,,,,,,,,,,,,,,,,,,,,,,,,,,,,,,,,,,,,,,ED32,001,2024-02-02_17h32.43.736,rating,2023.2.3,60.027125362353175,2024-02-02 17h32.55.207902 +0800,
,,,,,,,,,,,,,,7.663645831582471,7.69643757756603,7.69643757756603,9.863631063350113,space,2.159047865321554,None,,,,,,,,,,,,,,,,,,,,,,,,,,,,,,,,,,,,,,,,,,,,,,,,,ED32,001,2024-02-02_17h32.43.736,rating,2023.2.3,60.027125362353175,2024-02-02 17h32.55.207902 +0800,
,,,,,,,,,,,,,,,,,,,,,9.863650735318515,9.89649950150124,9.89649950150124,17.13035900772411,return,7.224345971193543,None,,,,,,,,,,,,,,,,,,,,,,,,,,,,,,,,,,,,,,,,,,ED32,001,2024-02-02_17h32.43.736,rating,2023.2.3,60.027125362353175,2024-02-02 17h32.55.207902 +0800,
neu_122.jpg,0,0,0,218,17.163255670873696,,,,,,,,,,,,,,,,,,,,,,,17.150692695628095,17.163255670873696,18.14672665571743,18.146735208747486,18.180014762530845,19.146733498140748,19.180029872883097,20.13005337946015,20.14672038349636,20.380081248082206,20.36358929605558,20.363597849085636,20.380081248082206,20.380081248082206,20.380081248082206,20.380081248082206,20.380081248082206,20.380081248082206,-0.00023984121071407571,21.94706586887878,[-26.0],[-20.0],[1],[0],[0],[1.56670151551225],21.948414396574663,21.952455988248403,None,,,,,,,,,,,,,ED32,001,2024-02-02_17h32.43.736,rating,2023.2.3,60.027125362353175,2024-02-02 17h32.55.207902 +0800,
neg_52.jpg,0,1,1,140,21.98009624439328,,,,,,,,,,,,,,,,,,,,,,,21.952843155395385,,21.95287451650438,21.952881929131763,21.98009624439328,22.963463167376176,22.980131026715753,23.963468584293878,23.963468584293878,24.213476210747103,24.197001649879894,24.19701020290995,24.213476210747103,24.213476210747103,24.213476210747103,24.213476210747103,24.213476210747103,24.213476210747103,0.010646740198353655,27.147270628411206,[39.0],[66.0],[1],[0],[0],[2.933532980056043],27.147673191013382,27.15086546682869,None,,,,,,,,,,,,,ED32,001,2024-02-02_17h32.43.736,rating,2023.2.3,60.027125362353175,2024-02-02 17h32.55.207902 +0800,
neg_164.jpg,0,2,2,72,27.18024227312162,,,,,,,,,,,,,,,,,,,,,,,27.15110210065359,,27.151133461762583,27.15114115948927,27.18024227312162,28.163571277671508,28.180252536758417,29.163579830701565,29.163579830701565,29.41358460614356,29.397115747296994,29.397124015225927,29.41358460614356,29.41358460614356,29.41358460614356,29.41358460614356,29.41358460614356,29.41358460614356,0.01249818604446773,30.84723490525721,[-374.0],[262.0],[1],[0],[0],[1.433386580694787],30.847620646900396,30.850641006818478,None,,,,,,,,,,,,,ED32,001,2024-02-02_17h32.43.736,rating,2023.2.3,60.027125362353175,2024-02-02 17h32.55.207902 +0800,
neg_38.jpg,0,3,3,124,30.88028381233744,,,,,,,,,,,,,,,,,,,,,,,30.850843998725395,,30.85087079821824,30.850876785338187,30.88028381233744,31.863672117893657,31.880302914103595,32.86365900324745,32.86365900324745,33.11366919560896,33.09720147716689,33.097209745094005,33.11366919560896,33.11366919560896,33.11366919560896,33.11366919560896,33.11366919560896,33.11366919560896,0.012844298649724806,37.730715269924985,[-241.0],[49.0],[1],[0],[0],[4.6167837814027735],37.73110272217309,37.734170123754666,None,,,,,,,,,,,,,ED32,001,2024-02-02_17h32.43.736,rating,2023.2.3,60.027125362353175,2024-02-02 17h32.55.207902 +0800,
neu_133.jpg,0,4,4,230,37.76379724871913,,,,,,,,,,,,,,,,,,,,,,,37.734399630053304,,37.73443013586075,37.73443726338519,37.76379724871913,38.74713623180469,38.76380466134469,39.74714164872239,39.74714164872239,39.99714784967,39.98067442920728,39.98068269713622,39.99714784967,39.99714784967,39.99714784967,39.99714784967,39.99714784967,39.99714784967,0.0127633299689478,42.13081231830256,[205.0],[102.0],[1],[0],[0],[2.133399894910326],42.13119691954125,42.13421528375147,None,,,,,,,,,,,,,ED32,001,2024-02-02_17h32.43.736,rating,2023.2.3,60.027125362353175,2024-02-02 17h32.55.207902 +0800,
neg_108.jpg,0,5,5,10,42.16387719103841,,,,,,,,,,,,,,,,,,,,,,,42.13443937313241,,42.13446930873579,42.134476151160925,42.16387719103841,43.1471514561963,43.16214976412266,44.14724126301007,44.14724126301007,44.39726998693368,44.380769481878815,44.38077774980775,44.39726998693368,44.39726998693368,44.39726998693368,44.39726998693368,44.39726998693368,44.39726998693368,0.012846579458710039,47.231021040739506,[-301.0],[75.0],[1],[0],[0],[2.8334802078625216],47.231415905613176,47.23443883143955,None,,,,,,,,,,,,,ED32,001,2024-02-02_17h32.43.736,rating,2023.2.3,60.027125362353175,2024-02-02 17h32.55.207902 +0800,
neu_186.jpg,0,6,6,288,47.263972728380395,,,,,,,,,,,,,,,,,,,,,,,47.23466292082048,,47.23469257132456,47.234699698849,47.263972728380395,48.24736987206779,48.26399154504543,49.24737871019897,49.24737871019897,49.49737037099476,49.480880414674175,49.48088868260311,49.49737037099476,49.49737037099476,49.49737037099476,49.49737037099476,49.49737037099476,49.49737037099476,0.012746223908834509,51.36452585281586,[337.0],[194.0],[1],[0],[0],[1.8668070884104964],51.36493269193306,51.36794022230606,None,,,,,,,,,,,,,ED32,001,2024-02-02_17h32.43.736,rating,2023.2.3,60.027125362353175,2024-02-02 17h32.55.207902 +0800,
neu_14.jpg,0,7,7,237,51.397455302580056,,,,,,,,,,,,,,,,,,,,,,,51.36814235890961,,51.3681697286047,51.36817628592689,51.397455302580056,52.38074695889918,52.39745102606503,53.38076919677769,53.38076919677769,53.63077425731899,53.61430682397804,53.614315091906974,53.63077425731899,53.63077425731899,53.63077425731899,53.63077425731899,53.63077425731899,53.63077425731899,0.012650429975110455,56.29783759450038,[37.0],[205.0],[1],[0],[0],[2.666746304876142],56.29822846796196,56.301278763483424,None,,,,,,,,,,,,,ED32,001,2024-02-02_17h32.43.736,rating,2023.2.3,60.027125362353175,2024-02-02 17h32.55.207902 +0800,
neu_138.jpg,0,8,8,235,56.3308329025931,,,,,,,,,,,,,,,,,,,,,,,56.30150627407602,,56.30153649478052,56.30154362230496,56.3308329025931,57.31419041724257,57.33085485537049,58.31420980410985,58.31420980410985,58.564213724248475,58.54774315479699,58.54775170782705,58.564213724248475,58.564213724248475,58.564213724248475,58.564213724248475,58.564213724248475,58.564213724248475,0.012724841333692893,61.16466036346537,[85.0],[147.0],[1],[0],[0],[2.6001712316556223],61.16505494323792,61.168108374871736,None,,,,,,,,,,,,,ED32,001,2024-02-02_17h32.43.736,rating,2023.2.3,60.027125362353175,2024-02-02 17h32.55.207902 +0800,
neu_123.jpg,0,9,9,219,61.197627446559636,,,,,,,,,,,,,,,,,,,,,,,61.168323055919245,,61.16835242132038,61.16835983394594,61.197627446559636,62.1809758379768,62.19762716145851,63.1810217392358,63.1810217392358,63.43100313639661,63.414520022501165,63.414528005328975,63.43100313639661,63.43100313639661,63.43100313639661,63.43100313639661,63.43100313639661,63.43100313639661,0.012696331234110403,65.4813687926744,[121.0],[176.0],[1],[0],[0],[2.0500511898844707],65.48173286664314,65.48476120938722,None,,,,,,,,,,,,,ED32,001,2024-02-02_17h32.43.736,rating,2023.2.3,60.027125362353175,2024-02-02 17h32.55.207902 +0800,
neg_190.jpg,0,10,10,101,65.51436723687948,,,,,,,,,,,,,,,,,,,,,,,65.4849910007888,,65.48502150659442,65.48502863411886,65.51436723687948,66.49773758107222,66.51438633864564,67.49776637627292,67.49776637627292,67.74774577772587,67.7312715019616,67.73127919968829,67.74774577772587,67.74774577772587,67.74774577772587,67.74774577772587,67.74774577772587,67.74774577772587,0.012768746886649751,70.1149321930061,[-377.0],[337.0],[1],[0],[0],[2.3669018844884704],70.11533047909325,70.1183283160317,None,,,,,,,,,,,,,ED32,001,2024-02-02_17h32.43.736,rating,2023.2.3,60.027125362353175,2024-02-02 17h32.55.207902 +0800,
neg_57.jpg,0,11,11,145,70.14779863545118,,,,,,,,,,,,,,,,,,,,,,,70.11856067334156,,70.11858775793553,70.11859374505548,70.14779863545118,71.1311609968161,71.14781973292338,72.13117012004841,72.13117012004841,72.38117746139869,72.36475307830733,72.36476106113514,72.38117746139869,72.38117746139869,72.38117746139869,72.38117746139869,72.38117746139869,72.38117746139869,0.012635034521736088,74.31504771592881,[-283.0],[239.0],[1],[0],[0],[1.9335874343450996],74.31541635151189,74.31843614122772,None,,,,,,,,,,,,,ED32,001,2024-02-02_17h32.43.736,rating,2023.2.3,60.027125362353175,2024-02-02 17h32.55.207902 +0800,
neu_145.jpg,0,12,12,243,74.34788992478752,,,,,,,,,,,,,,,,,,,,,,,74.31864226924517,,74.31869073641428,74.31869700863535,74.34788992478752,75.3312645454971,75.3479038947371,76.33126197958882,76.33126197958882,76.58126761033236,76.56485035476544,76.5648589077955,76.58126761033236,76.58126761033236,76.58126761033236,76.58126761033236,76.58126761033236,76.58126761033236,0.012623915581571055,80.08164636700167,[61.0],[-239.0],[1],[0],[0],[3.500096506686532],80.0820483594016,80.08505902588513,None,,,,,,,,,,,,,ED32,001,2024-02-02_17h32.43.736,rating,2023.2.3,60.027125362353175,2024-02-02 17h32.55.207902 +0800,
neu_12.jpg,0,13,13,215,80.1146861508496,,,,,,,,,,,,,,,,,,,,,,,80.0852862513766,,80.08531590187886,80.085322744304,80.1146861508496,81.09805022282126,81.11470126120184,82.09809441347534,82.09809441347534,82.34808293816059,82.3315875649223,82.33159583285124,82.34808293816059,82.34808293816059,82.34808293816059,82.34808293816059,82.34808293816059,82.34808293816059,0.012845724155340577,84.59856098125056,[126.0],[135.0],[1],[0],[0],[2.250155593867021],84.59893132744037,84.60206116613881,None,,,,,,,,,,,,,ED32,001,2024-02-02_17h32.43.736,rating,2023.2.3,60.027125362353175,2024-02-02 17h32.55.207902 +0800,
neg_25.jpg,0,14,14,110,84.6314428191472,,,,,,,,,,,,,,,,,,,,,,,84.60228753632691,,84.60231747193029,84.60232459945473,84.6314428191472,85.61481173783613,85.63146334641897,86.61481801005903,86.61481801005903,86.86482677691492,86.84843717614422,86.84845684811262,86.86482677691492,86.86482677691492,86.86482677691492,86.86482677691492,86.86482677691492,86.86482677691492,0.01266297441907227,90.48197007066847,[-181.0],[-132.0],[1],[0],[0],[3.616727901608101],90.48234754438272,90.48538558056134,None,,,,,,,,,,,,,ED32,001,2024-02-02_17h32.43.736,rating,2023.2.3,60.027125362353175,2024-02-02 17h32.55.207902 +0800,
neg_139.jpg,0,15,15,44,90.51490607775486,,,,,,,,,,,,,,,,,,,,,,,90.48561081034677,,90.48564103105127,90.48564815857571,90.51490607775486,91.49827300073775,91.51492774543112,92.49828240906936,92.49828240906936,92.74828547390644,92.73183685723052,92.73184484005833,92.74828547390644,92.74828547390644,92.74828547390644,92.74828547390644,92.74828547390644,92.74828547390644,0.012689488810792682,95.7486814791846,[-198.0],[92.0],[1],[0],[0],[3.0001128999938373],95.74907748446276,95.75214232013604,None,,,,,,,,,,,,,ED32,001,2024-02-02_17h32.43.736,rating,2023.2.3,60.027125362353175,2024-02-02 17h32.55.207902 +0800,
neu_6.jpg,0,16,16,340,95.78169503374193,,,,,,,,,,,,,,,,,,,,,,,95.75237040092907,,95.75240062163539,95.7524074640587,95.78169503374193,96.76505026758241,96.7817249693453,97.76506024611626,97.76506024611626,98.01506530665938,97.99859445210677,97.9986027200357,98.01506530665938,98.01506530665938,98.01506530665938,98.01506530665938,98.01506530665938,98.01506530665938,0.012708875678072218,101.11554230913134,[21.0],[-246.0],[1],[0],[0],[3.100182778245653],101.11591921264335,101.1189709336686,None,,,,,,,,,,,,,ED32,001,2024-02-02_17h32.43.736,rating,2023.2.3,60.027125362353175,2024-02-02 17h32.55.207902 +0800,
neu_111.jpg,0,17,17,206,101.14846463136928,,,,,,,,,,,,,,,,,,,,,,,101.11919587835291,,101.11922638415854,101.1192337967841,101.14846463136928,102.13184010738041,102.14849086065988,103.1318660515717,103.1318660515717,103.38184687853027,103.36537573887472,103.3653845770059,103.38184687853027,103.38184687853027,103.38184687853027,103.38184687853027,103.38184687853027,103.38184687853027,0.012664685023992206,107.36569334138221,[-207.0],[24.0],[1],[0],[0],[3.9835394090823684],107.36610958883102,107.3690409972387,None,,,,,,,,,,,,,ED32,001,2024-02-02_17h32.43.736,rating,2023.2.3,60.027125362353175,2024-02-02 17h32.55.207902 +0800,
neu_30.jpg,0,18,18,308,107.39860226387282,,,,,,,,,,,,,,,,,,,,,,,107.36924541464941,,107.3692724992452,107.36927877146627,107.39860226387282,108.38197431867411,108.39862222094234,109.38197745478465,109.38197745478465,109.63199534487103,109.61559376986042,109.61560203778936,109.63199534487103,109.63199534487103,109.63199534487103,109.63199534487103,109.63199534487103,109.63199534487103,0.012771882997185457,111.33232882750235,[27.0],[-164.0],[1],[0],[0],[1.7000403988113248],111.33279211661647,111.33581276163386,None,,,,,,,,,,,,,ED32,001,2024-02-02_17h32.43.736,rating,2023.2.3,60.027125362353175,2024-02-02 17h32.55.207902 +0800,
neu_99.jpg,0,19,19,383,111.36539911715772,,,,,,,,,,,,,,,,,,,,,,,111.33601575354078,,111.33604226793432,111.33604854015539,111.36539911715772,112.34872270478809,112.36541109139944,113.34873097271702,113.34873097271702,113.59880075118417,113.58226261279742,113.5822714509286,113.59880075118417,113.59880075118417,113.59880075118417,113.59880075118417,113.59880075118417,113.59880075118417,0.012805524915165734,117.36581907091931,[32.0],[-108.0],[1],[0],[0],[3.766701002328773],117.36623588857037,117.36925510808396,None,,,,,,,,,,,,,ED32,001,2024-02-02_17h32.43.736,rating,2023.2.3,60.027125362353175,2024-02-02 17h32.55.207902 +0800,
neg_78.jpg,0,20,20,168,117.39882150653648,,,,,,,,,,,,,,,,,,,,,,,117.36948005276645,,117.3695094181694,117.36951654569384,117.39882150653648,118.38209776740405,118.39887425022062,119.38219327623665,119.38219327623665,119.63212421052049,119.61572748222534,119.61573575015427,119.63212421052049,119.63212421052049,119.63212421052049,119.63212421052049,119.63212421052049,119.63212421052049,0.012660408508963883,121.01588012529646,[-38.0],[-154.0],[1],[0],[0],[1.383461975652608],121.01629152602982,121.01935750210578,None,,,,,,,,,,,,,ED32,001,2024-02-02_17h32.43.736,rating,2023.2.3,60.027125362353175,2024-02-02 17h32.55.207902 +0800,
neu_16.jpg,0,21,21,259,121.04894157682065,,,,,,,,,,,,,,,,,,,,,,,121.01958387229388,,121.01961380789726,121.01962093542352,121.04894157682065,122.03224891369427,122.04895725737515,123.03227371748108,123.03227371748108,123.28220436666379,123.26580621286485,123.2658147658949,123.28220436666379,123.28220436666379,123.28220436666379,123.28220436666379,123.28220436666379,123.28220436666379,0.012638740834518103,125.38279369892734,[-17.0],[-43.0],[1],[0],[0],[2.1002865550071874],125.3832196398107,125.38615903104437,None,,,,,,,,,,,,,ED32,001,2024-02-02_17h32.43.736,rating,2023.2.3,60.027125362353175,2024-02-02 17h32.55.207902 +0800,
neg_150.jpg,0,22,22,57,125.4156547244529,,,,,,,,,,,,,,,,,,,,,,,125.38638796714258,,125.38641733254372,125.38642417496885,125.4156547244529,126.39901337950505,126.4156769623296,127.39903191106896,127.39903191106896,127.66570112463887,127.63257695089669,127.63258521882562,127.66570112463887,127.66570112463887,127.66570112463887,127.66570112463887,127.66570112463887,127.66570112463887,0.02932997845528007,130.53294099635423,[-268.0],[229.0],[1],[0],[0],[2.866937094462628],130.5333424185519,130.53632143882533,None,,,,,,,,,,,,,ED32,001,2024-02-02_17h32.43.736,rating,2023.2.3,60.027125362353175,2024-02-02 17h32.55.207902 +0800,
neu_158.jpg,0,23,23,257,130.56579232844706,,,,,,,,,,,,,,,,,,,,,,,130.53655180042733,,130.536578599922,130.5365851572442,130.56579232844706,131.54914129006647,131.5657877668309,132.54914157516578,132.54914157516578,132.81581506525072,132.78273707786866,132.7827453457976,132.81581506525072,132.81581506525072,132.81581506525072,132.81581506525072,132.81581506525072,132.81581506525072,0.02928122618504858,138.1995133896271,[38.0],[157.0],[1],[0],[0],[5.383399823636864],138.19994560273153,138.20311278965892,None,,,,,,,,,,,,,ED32,001,2024-02-02_17h32.43.736,rating,2023.2.3,60.027125362353175,2024-02-02 17h32.55.207902 +0800,
neu_32.jpg,0,24,24,310,138.232609338369,,,,,,,,,,,,,,,,,,,,,,,138.20333944494814,,138.20336852524997,138.2033756527744,138.232609338369,139.21596229140232,139.23263328685243,140.2159813931703,140.2159813931703,140.4826557385568,140.44951018223946,140.4495184501684,140.4826557385568,140.4826557385568,140.4826557385568,140.4826557385568,140.4826557385568,140.4826557385568,0.029336535777474637,142.21640704895253,[17.0],[20.0],[1],[0],[0],[1.7334465374333377],142.21680134362396,142.2199166421724,None,,,,,,,,,,,,,ED32,001,2024-02-02_17h32.43.736,rating,2023.2.3,60.027125362353175,2024-02-02 17h32.55.207902 +0800,
neg_66.jpg,0,25,25,155,142.24935702598668,,,,,,,,,,,,,,,,,,,,,,,142.22015071008718,,142.22017722448072,142.2201834967018,142.24935702598668,143.2326364229648,143.24763986270773,144.232726799979,144.232726799979,144.49940114536548,144.46631774106572,144.46632572389353,144.49940114536548,144.49940114536548,144.49940114536548,144.49940114536548,144.49940114536548,144.49940114536548,0.029270107244883548,147.43324602590656,[-195.0],[128.0],[1],[0],[0],[2.933538682074868],147.43370389810116,147.43676018074257,None,,,,,,,,,,,,,ED32,001,2024-02-02_17h32.43.736,rating,2023.2.3,60.027125362353175,2024-02-02 17h32.55.207902 +0800,
neg_122.jpg,0,26,26,26,147.46614154865165,,,,,,,,,,,,,,,,,,,,,,,147.436985410528,,147.43701506103025,147.4370221885565,147.46614154865165,148.44948480825224,148.46615437819673,149.44950619082556,149.44950619082556,149.71617939580938,149.68304695413826,149.6830552220672,149.71617939580938,149.71617939580938,149.71617939580938,149.71617939580938,149.71617939580938,149.71617939580938,0.02920995093700185,151.01668867171247,[-118.0],[46.0],[1],[0],[0],[1.3001511890561233],151.01712430602856,151.02014181493723,None,,,,,,,,,,,,,ED32,001,2024-02-02_17h32.43.736,rating,2023.2.3,60.027125362353175,2024-02-02 17h32.55.207902 +0800,
neu_155.jpg,0,27,27,254,151.04954456541964,,,,,,,,,,,,,,,,,,,,,,,151.02036732982197,,151.02039698032422,151.02040410785048,151.04954456541964,152.03290806718906,152.04958134344815,153.03292232223976,153.03292232223976,153.29962802873524,153.26645481762353,153.26646308555246,153.29962802873524,153.29962802873524,153.29962802873524,153.29962802873524,153.29962802873524,153.29962802873524,0.029276949671839247,155.96678231313308,[34.0],[14.0],[1],[0],[0],[2.6668007591670175],155.9671880118458,155.97023659676233,None,,,,,,,,,,,,,ED32,001,2024-02-02_17h32.43.736,rating,2023.2.3,60.027125362353175,2024-02-02 17h32.55.207902 +0800,
neg_187.jpg,0,28,28,97,155.99969950355444,,,,,,,,,,,,,,,,,,,,,,,155.9704404439708,,155.97046724346546,155.97047351568654,155.99969950355444,156.98301881466978,156.9996898101199,157.98303164421486,157.98303164421486,158.24976842672004,158.21655501636633,158.21656328429526,158.24976842672004,158.24976842672004,158.24976842672004,158.24976842672004,158.24976842672004,158.24976842672004,0.02937530951203371,161.5834660240871,[82.0],[367.0],[1],[0],[0],[3.3333377999169898],161.5838714376987,161.5869168865047,None,,,,,,,,,,,,,ED32,001,2024-02-02_17h32.43.736,rating,2023.2.3,60.027125362353175,2024-02-02 17h32.55.207902 +0800,
neg_87.jpg,0,29,29,178,161.616438809202,,,,,,,,,,,,,,,,,,,,,,,161.5871458226011,,161.58717547310516,161.5871826006296,161.616438809202,162.59979290263982,162.61646047687827,163.59981086400148,163.59981086400148,163.86648435408642,163.8333778566066,163.8333858394344,163.86648435408642,163.86648435408642,163.86648435408642,163.86648435408642,163.86648435408642,163.86648435408642,0.029354212038015248,165.8335725805846,[-288.0],[354.0],[1],[0],[0],[1.9667797472229722],165.83397514318494,199.1009773547139,space,165.86650944297253,165.86650944297253,33.220424977242146,None,,,,,,,,,ED32,001,2024-02-02_17h32.43.736,rating,2023.2.3,60.027125362353175,2024-02-02 17h32.55.207902 +0800,
neg_69.jpg,0,30,30,158,199.11726545953024,,,,,,,,,,,,,,,,,,,,,,,199.10159003674744,199.11726545953024,200.10079489007876,200.10080287290657,200.13397893502952,201.1006369441293,201.13397950522995,202.10064065044207,202.10064065044207,202.36731756173685,202.3342210427927,202.33422902562052,202.36731756173685,202.36731756173685,202.36731756173685,202.36731756173685,202.36731756173685,202.36731756173685,0.01594363154254097,206.80117741008144,[44.0],[34.0],[1],[0],[0],[4.433545667048747],206.80160791257913,206.80467673966632,None,,,,,200.13397893502952,,,,,,,,ED32,001,2024-02-02_17h32.43.736,rating,2023.2.3,60.027125362353175,2024-02-02 17h32.55.207902 +0800,
neg_114.jpg,0,31,31,17,206.83409403029873,,,,,,,,,,,,,,,,,,,,,,,206.80490510556047,,206.80493618156834,206.80494302399347,206.83409403029873,207.81743215808092,207.83411883408553,208.81745354065606,208.81745354065606,209.08413045195084,209.0509857509387,209.05099401886764,209.08413045195084,209.08413045195084,209.08413045195084,209.08413045195084,209.08413045195084,209.08413045195084,0.029241026944873738,210.1846365347228,[-131.0],[71.0],[1],[0],[0],[1.1001345961794868],210.18507216904072,210.1881147668355,None,,,,,,,,,,,,,ED32,001,2024-02-02_17h32.43.736,rating,2023.2.3,60.027125362353175,2024-02-02 17h32.55.207902 +0800,
neu_143.jpg,0,32,32,241,210.21749556454233,,,,,,,,,,,,,,,,,,,,,,,210.18833942641686,,210.18836936202206,210.1883764895465,210.21749556454233,211.20084024964672,211.2175357637825,212.20086163222186,212.20086163222186,212.46756249200007,212.434402965735,212.43441180386617,212.46756249200007,212.46756249200007,212.46756249200007,212.46756249200007,212.46756249200007,212.46756249200007,0.029264405226058443,214.33469773165234,[330.0],[237.0],[1],[0],[0],[1.8667571957357723],214.3351054260711,214.3381534407854,None,,,,,,,,,,,,,ED32,001,2024-02-02_17h32.43.736,rating,2023.2.3,60.027125362353175,2024-02-02 17h32.55.207902 +0800,
neu_170.jpg,0,33,33,271,214.36759182889182,,,,,,,,,,,,,,,,,,,,,,,214.33835842839835,,214.33838551299232,214.3383917852152,214.36759182889182,215.35092910137064,215.36766025313045,216.35094734783524,216.35094734783524,216.6176447864018,216.5845009406912,216.5845097788224,216.6176447864018,216.6176447864018,216.6176447864018,216.6176447864018,216.6176447864018,216.6176447864018,0.029306029971849057,220.1180626019068,[185.0],[-33.0],[1],[0],[0],[3.5000520309313288],220.11847656854843,220.1215676335123,None,,,,,,,,,,,,,ED32,001,2024-02-02_17h32.43.736,rating,2023.2.3,60.027125362353175,2024-02-02 17h32.55.207902 +0800,
neg_62.jpg,0,34,34,151,220.15103196581003,,,,,,,,,,,,,,,,,,,,,,,220.1217977100132,,220.1218267903132,220.12183391783947,220.15103196581003,221.1344054461133,221.1510539185856,222.13443965823353,222.13443965823353,222.4010732341776,222.36794592432489,222.3679539071527,222.4010732341776,222.4010732341776,222.4010732341776,222.4010732341776,222.4010732341776,222.4010732341776,0.029313442597413086,225.8681624585297,[-205.0],[-16.0],[1],[0],[0],[3.4667362693217],225.86863030925815,225.8717510247243,None,,,,,,,,,,,,,ED32,001,2024-02-02_17h32.43.736,rating,2023.2.3,60.027125362353175,2024-02-02 17h32.55.207902 +0800,
neg_4.jpg,0,35,35,126,225.9011782938942,,,,,,,,,,,,,,,,,,,,,,,225.87197539920635,,225.87200533480973,225.87201217723486,225.9011782938942,226.8845169918768,226.90119711055922,227.88453552344254,227.88453552344254,228.15124037463465,228.1180680188263,228.11807628675342,228.15124037463465,228.15124037463465,228.15124037463465,228.15124037463465,228.15124037463465,228.15124037463465,0.029279515580128646,232.58497791465197,[-307.0],[146.0],[1],[0],[0],[4.433376031958687],232.58539330679923,232.58847410812632,None,,,,,,,,,,,,,ED32,001,2024-02-02_17h32.43.736,rating,2023.2.3,60.027125362353175,2024-02-02 17h32.55.207902 +0800,
neg_154.jpg,0,36,36,61,232.61796752072587,,,,,,,,,,,,,,,,,,,,,,,232.58869962301105,,232.588728988414,232.58873611593845,232.61796752072587,233.60132503537534,233.6179914692093,234.60135126466594,234.60135126466594,234.86801933783136,234.8349020065125,234.83491027444143,234.86801933783136,234.86801933783136,234.86801933783136,234.86801933783136,234.86801933783136,234.86801933783136,0.029340242090256652,236.70187587900364,[-382.0],[307.0],[1],[0],[0],[1.833508432859162],236.70229583276523,236.7053136267732,None,,,,,,,,,,,,,ED32,001,2024-02-02_17h32.43.736,rating,2023.2.3,60.027125362353175,2024-02-02 17h32.55.207902 +0800,
neg_189.jpg,0,37,37,99,236.734752870183,,,,,,,,,,,,,,,,,,,,,,,236.70551832928686,,236.70554569898195,236.70555197120302,236.734752870183,237.71808387044075,237.73475657649578,238.71809955099525,238.71809955099525,238.98480525749073,238.95163119107565,238.9516397441057,238.98480525749073,238.98480525749073,238.98480525749073,238.98480525749073,238.98480525749073,238.98480525749073,0.029327412545171683,240.91861621101452,[-345.0],[22.0],[1],[0],[0],[1.9334229310716182],240.91908263623918,240.9221181065077,None,,,,,,,,,,,,,ED32,001,2024-02-02_17h32.43.736,rating,2023.2.3,60.027125362353175,2024-02-02 17h32.55.207902 +0800,
neu_141.jpg,0,38,38,239,240.95148037265062,,,,,,,,,,,,,,,,,,,,,,,240.92234476179692,,240.92237498250324,240.92238211002768,240.95148037265062,241.93485812947074,241.95149918931565,242.93485955497454,242.93485955497454,243.2015307642505,243.16839090995563,243.16839917788275,243.2015307642505,243.2015307642505,243.2015307642505,243.2015307642505,243.2015307642505,243.2015307642505,0.029203393612988293,246.16873702255907,[26.0],[-23.0],[1],[0],[0],[2.966865562622843],246.1691598273319,246.17224519027513,None,,,,,,,,,,,,,ED32,001,2024-02-02_17h32.43.736,rating,2023.2.3,60.027125362353175,2024-02-02 17h32.55.207902 +0800,
neu_179.jpg,0,39,39,280,246.20159519707522,,,,,,,,,,,,,,,,,,,,,,,246.17247270086773,,246.17250263647293,246.17250976399737,246.20159519707522,247.18497951121753,247.20161800515416,248.18499262586374,248.18499262586374,248.4516418823623,248.4185422273058,248.41855078033586,248.4516418823623,248.4516418823623,248.4516418823623,248.4516418823623,248.4516418823623,248.4516418823623,0.029188568361860234,251.15205120185783,[48.0],[-26.0],[1],[0],[0],[2.7000746109297324],251.15250394223403,251.155545114525,None,,,,,,,,,,,,,ED32,001,2024-02-02_17h32.43.736,rating,2023.2.3,60.027125362353175,2024-02-02 17h32.55.207902 +0800,
neg_83.jpg,0,40,40,174,251.1850353910122,,,,,,,,,,,,,,,,,,,,,,,251.1557791824398,,251.1558082627398,251.15581482006382,251.1850353910122,252.16841428823682,252.1850798667674,253.16844222813415,253.16844222813415,253.4350860677132,253.4019416518022,253.40194991973112,253.4350860677132,253.4350860677132,253.4350860677132,253.4350860677132,253.4350860677132,253.4350860677132,0.0293259870413749,257.202292269003,[-272.0],[11.0],[1],[0],[0],[3.7668586631789367],257.2027792214976,257.20585146979647,None,,,,,,,,,,,,,ED32,001,2024-02-02_17h32.43.736,rating,2023.2.3,60.027125362353175,2024-02-02 17h32.55.207902 +0800,
neu_107.jpg,0,41,41,201,257.2351669793752,,,,,,,,,,,,,,,,,,,,,,,257.2060809760951,,257.20611119680143,257.20611803922475,257.2351669793752,258.2185205026108,258.2352048978082,259.2185387490754,259.2185387490754,259.48521024345064,259.45211743081927,259.45212626895045,259.48521024345064,259.48521024345064,259.48521024345064,259.48521024345064,259.48521024345064,259.48521024345064,0.029148654222808545,261.88561776681127,[-7.0],[-13.0],[1],[0],[0],[2.400071959489651],261.88608077082245,261.88914218528225,None,,,,,,,,,,,,,ED32,001,2024-02-02_17h32.43.736,rating,2023.2.3,60.027125362353175,2024-02-02 17h32.55.207902 +0800,
neu_98.jpg,0,42,42,382,261.91859967515666,,,,,,,,,,,,,,,,,,,,,,,261.88934888350195,,261.8893756829966,261.8893819552177,261.91859967515666,262.90198512970346,262.91862020242843,263.90199824434967,263.90199824434967,264.16864864125273,264.13551021246167,264.13551905059103,264.16864864125273,264.16864864125273,264.16864864125273,264.16864864125273,264.16864864125273,264.16864864125273,0.029318004211745574,267.16906488870154,[-227.0],[-89.0],[1],[0],[0],[3.000082964388639],267.16951819928,267.17255680566086,None,,,,,,,,,,,,,ED32,001,2024-02-02_17h32.43.736,rating,2023.2.3,60.027125362353175,2024-02-02 17h32.55.207902 +0800,
neu_139.jpg,0,43,43,236,267.20204850765367,,,,,,,,,,,,,,,,,,,,,,,267.1727800397384,,267.17280940513956,267.1728162475647,267.20204850765367,268.18540345639485,268.2020658988149,269.1854242687659,269.1854242687659,269.452098043952,269.4189630363726,269.41897187450195,269.452098043952,269.452098043952,269.452098043952,269.452098043952,269.452098043952,269.452098043952,0.02933881658645987,271.31916257855664,[239.0],[187.0],[1],[0],[0],[1.86671984750501],271.31962187625686,271.3226721717783,None,,,,,,,,,,,,,ED32,001,2024-02-02_17h32.43.736,rating,2023.2.3,60.027125362353175,2024-02-02 17h32.55.207902 +0800,
neu_116.jpg,0,44,44,211,271.35213906998433,,,,,,,,,,,,,,,,,,,,,,,271.3229045290864,,271.3229347497927,271.322941592216,271.35213906998433,272.335536783874,272.35215503563995,273.33552880104617,273.33552880104617,273.6021837595654,273.56905359870143,273.56906186663036,273.6021837595654,273.6021837595654,273.6021837595654,273.6021837595654,273.6021837595654,273.6021837595654,0.029294340831256704,283.1027720654638,[-19.0],[46.0],[1],[0],[0],[9.500249035716479],283.10324362250503,283.10626996954306,None,,,,,,,,,,,,,ED32,001,2024-02-02_17h32.43.736,rating,2023.2.3,60.027125362353175,2024-02-02 17h32.55.207902 +0800,
neu_24.jpg,0,45,45,301,283.1357240382058,,,,,,,,,,,,,,,,,,,,,,,283.1065028970552,,283.1065322624563,283.10653938998075,283.1357240382058,284.11907870184405,284.13574684628475,285.11911947128647,285.11911947128647,285.38579381667296,285.3526291585913,285.35263742652023,285.38579381667296,285.38579381667296,285.38579381667296,285.38579381667296,285.38579381667296,285.38579381667296,0.029306029971849057,290.41961420703956,[17.0],[43.0],[1],[0],[0],[5.033439495440689],290.42008376837475,290.4234727638759,None,,,,,,,,,,,,,ED32,001,2024-02-02_17h32.43.736,rating,2023.2.3,60.027125362353175,2024-02-02 17h32.55.207902 +0800,
neg_47.jpg,0,46,46,134,290.4525479333188,,,,,,,,,,,,,,,,,,,,,,,290.42368687472117,,290.42371424441626,290.42372080173845,290.4525479333188,291.43590430756376,291.45256732018606,292.4359390898844,292.4359390898844,292.7026000355236,292.66946217693476,292.66947101506594,292.7026000355236,292.7026000355236,292.7026000355236,292.7026000355236,292.7026000355236,292.7026000355236,0.028931122165886336,294.6031285842546,[-368.0],[227.0],[1],[0],[0],[1.9001861424367235],294.60356507387405,294.60657802116657,None,,,,,,,,,,,,,ED32,001,2024-02-02_17h32.43.736,rating,2023.2.3,60.027125362353175,2024-02-02 17h32.55.207902 +0800,
neu_103.jpg,0,47,47,197,294.636001869123,,,,,,,,,,,,,,,,,,,,,,,294.6068063870607,,294.6068334716547,294.60683945877645,294.636001869123,295.6193234610473,295.63598846937566,296.6193439883191,296.6193439883191,296.8860174784022,296.85291810844683,296.85292637637576,296.8860174784022,296.8860174784022,296.8860174784022,296.8860174784022,296.8860174784022,296.8860174784022,0.02923104840920132,298.1866074378868,[274.0],[313.0],[1],[0],[0],[1.3001879670846392],298.1871063646231,298.19017832782083,None,,,,,,,,,,,,,ED32,001,2024-02-02_17h32.43.736,rating,2023.2.3,60.027125362353175,2024-02-02 17h32.55.207902 +0800,
neu_127.jpg,0,48,48,223,298.2193840735181,,,,,,,,,,,,,,,,,,,,,,,298.19040469800893,,298.1904340634119,298.1904409058352,298.2193840735181,299.2027840682149,299.219402605082,300.2027920510427,300.2027920510427,300.4694310439063,300.43629917243743,300.4363080105686,300.4694310439063,300.4694310439063,300.4694310439063,300.4694310439063,300.4694310439063,300.4694310439063,0.029042026451861602,301.03647382530653,[267.0],[294.0],[1],[0],[0],[0.5666969538942794],301.0369431015406,301.04005611928005,None,,,,,,,,,,,,,ED32,001,2024-02-02_17h32.43.736,rating,2023.2.3,60.027125362353175,2024-02-02 17h32.55.207902 +0800,
neg_181.jpg,0,49,49,91,301.0694394828952,,,,,,,,,,,,,,,,,,,,,,,301.0402605366926,,301.04028762128655,301.0402936084065,301.0694394828952,302.0528158142115,302.0694617207737,303.0528163844119,303.0528163844119,303.3194930106074,303.28637197297576,303.28638109620806,303.3194930106074,303.3194930106074,303.3194930106074,303.3194930106074,303.3194930106074,303.3194930106074,0.029290919619597844,305.4199389370697,[-374.0],[290.0],[1],[0],[0],[2.100033385326242],305.4204307362834,305.4235959275047,None,,,,,,,,,,,,,ED32,001,2024-02-02_17h32.43.736,rating,2023.2.3,60.027125362353175,2024-02-02 17h32.55.207902 +0800,
neg_13.jpg,0,50,50,34,305.45287095274216,,,,,,,,,,,,,,,,,,,,,,,305.4238220125917,,305.4238519481951,305.4238587906202,305.45287095274216,306.4362318886033,306.4528900545083,307.43631114667915,307.43631114667915,307.70295812237055,307.67000757513415,307.6700172685687,307.70295812237055,307.70295812237055,307.70295812237055,307.70295812237055,307.70295812237055,307.70295812237055,0.029201968109191512,310.30346890930923,[-256.0],[12.0],[1],[0],[0],[2.600048923330178],310.3039133817583,310.306955694452,None,,,,,,,,,,,,,ED32,001,2024-02-02_17h32.43.736,rating,2023.2.3,60.027125362353175,2024-02-02 17h32.55.207902 +0800,
neg_155.jpg,0,51,51,62,310.3363433345821,,,,,,,,,,,,,,,,,,,,,,,310.3071800689322,,310.3072097194363,310.3072165618596,310.3363433345821,311.3196760454448,311.3363558790261,312.319684883576,312.319684883576,312.586379186032,312.55323191910975,312.5532401870387,312.586379186032,312.586379186032,312.586379186032,312.586379186032,312.586379186032,312.586379186032,0.029216508259196416,313.4867694607801,[-263.0],[116.0],[1],[0],[0],[0.9000176477511559],313.4872478602465,313.49029273884844,None,,,,,,,,,,,,,ED32,001,2024-02-02_17h32.43.736,rating,2023.2.3,60.027125362353175,2024-02-02 17h32.55.207902 +0800,
neu_65.jpg,0,52,52,346,313.51971202519053,,,,,,,,,,,,,,,,,,,,,,,313.4905171133305,,313.4905470489339,313.4905553168628,313.51971202519053,314.50306241231374,314.51972542493604,315.5030852203945,315.5030852203945,315.76975814027537,315.73661914128206,315.736627409211,315.76975814027537,315.76975814027537,315.76975814027537,315.76975814027537,315.76975814027537,315.76975814027537,0.029255281995574478,319.87026450814847,[90.0],[-36.0],[1],[0],[0],[4.100149136327673],319.8707146826164,319.87376212712843,None,,,,,,,,,,,,,ED32,001,2024-02-02_17h32.43.736,rating,2023.2.3,60.027125362353175,2024-02-02 17h32.55.207902 +0800,
neg_138.jpg,0,53,53,43,319.9031814134687,,,,,,,,,,,,,,,,,,,,,,,319.8739950546387,,319.8740258455455,319.87403297307173,319.9031814134687,320.88657941245947,320.903200800336,321.8865574596821,321.8865574596821,322.15322866895804,322.12024704571377,322.1202550285416,322.15322866895804,322.15322866895804,322.15322866895804,322.15322866895804,322.15322866895804,322.15322866895804,0.029253571388835553,323.6536424930491,[-277.0],[53.0],[1],[0],[0],[1.5000471842140541],323.6541442707967,323.6571939961159,None,,,,,,,,,,,,,ED32,001,2024-02-02_17h32.43.736,rating,2023.2.3,60.027125362353175,2024-02-02 17h32.55.207902 +0800,
neu_124.jpg,0,54,54,220,323.68659475089225,,,,,,,,,,,,,,,,,,,,,,,323.65741723019346,,323.6574463104953,323.6574531529186,323.68659475089225,324.66997735442965,324.6866346650313,325.66996965670296,325.66996965670296,325.9366437169883,325.9035021520849,325.90351042001384,325.9366437169883,325.9366437169883,325.9366437169883,325.9366437169883,325.9366437169883,325.9366437169883,0.029243307752039982,327.3704268731635,[159.0],[112.0],[1],[0],[0],[1.433382874382005],327.37087818803593,327.37395642345473,None,,,,,,,,,,,,,ED32,001,2024-02-02_17h32.43.736,rating,2023.2.3,60.027125362353175,2024-02-02 17h32.55.207902 +0800,
neu_53.jpg,0,55,55,333,327.40336459085665,,,,,,,,,,,,,,,,,,,,,,,327.37418079793497,,327.37421044843904,327.37421729086236,327.40336459085665,328.3867152630828,328.4033708630777,329.3867164034855,329.3867164034855,329.65340329331593,329.62029052361504,329.62030021704777,329.65340329331593,329.65340329331593,329.65340329331593,329.65340329331593,329.65340329331593,329.65340329331593,0.02923846103658434,333.65393586197024,[69.0],[31.0],[1],[0],[0],[4.0001702052923065],333.6543891725487,333.65744060847464,None,,,,,,,,,,,,,ED32,001,2024-02-02_17h32.43.736,rating,2023.2.3,60.027125362353175,2024-02-02 17h32.55.207902 +0800,
neu_114.jpg,0,56,56,209,333.68681199784805,,,,,,,,,,,,,,,,,,,,,,,333.65766840416836,,333.65769833977174,333.6577054672962,333.68681199784805,334.6701655210836,334.68683423572656,335.6701846228498,335.6701846228498,335.9368566874291,335.9037895338861,335.903797801815,335.9368566874291,335.9368566874291,335.9368566874291,335.9368566874291,335.9368566874291,335.9368566874291,0.02920396381705359,337.6707077831725,[82.0],[61.0],[1],[0],[0],[1.7334850260685926],337.6713267374271,337.67437959885865,None,,,,,,,,,,,,,ED32,001,2024-02-02_17h32.43.736,rating,2023.2.3,60.027125362353175,2024-02-02 17h32.55.207902 +0800,
neg_149.jpg,0,57,57,55,337.703564532183,,,,,,,,,,,,,,,,,,,,,,,337.67460454354114,,337.6746339089441,337.67464103646853,337.703564532183,338.6869365869825,338.7035867700597,339.6869482761231,339.6869482761231,339.9536177747941,339.92048476292075,339.92049360105193,339.9536177747941,339.9536177747941,339.9536177747941,339.9536177747941,339.9536177747941,339.9536177747941,0.029030907513515558,341.4207885380292,[-360.0],[253.0],[1],[0],[0],[1.4667984213392629],341.4212657970911,341.4245270673473,None,,,,,,,,,,,,,ED32,001,2024-02-02_17h32.43.736,rating,2023.2.3,60.027125362353175,2024-02-02 17h32.55.207902 +0800,
neu_44.jpg,0,58,58,323,341.45365555067474,,,,,,,,,,,,,,,,,,,,,,,341.42473861228245,,341.42476626707867,341.4247728244027,341.45365555067474,342.4370304564836,342.4536678100176,343.4370786385516,343.4370786385516,343.7036925425291,343.6705549690396,343.6705632369685,343.7036925425291,343.7036925425291,343.7036925425291,343.7036925425291,343.7036925425291,343.7036925425291,0.028971036304938025,347.10415423507584,[28.0],[-310.0],[1],[0],[0],[3.4000953377726546],347.1046366259561,347.107578868201,None,,,,,,,,,,,,,ED32,001,2024-02-02_17h32.43.736,rating,2023.2.3,60.027125362353175,2024-02-02 17h32.55.207902 +0800,
neg_142.jpg,0,59,59,48,347.1371238840802,,,,,,,,,,,,,,,,,,,,,,,347.10780295758195,,347.10783317828646,347.1078400207098,347.1371238840802,348.12047056489064,348.1371418454419,349.1204742712034,349.1204742712034,349.38714234436884,349.3540150345161,349.3540235875462,349.38714234436884,349.38714234436884,349.38714234436884,349.38714234436884,349.38714234436884,349.38714234436884,0.02937331380599062,352.587637621813,[-319.0],[-300.0],[1],[0],[0],[3.2000587878246733],352.58813198693497,384.9049775497224,space,352.60380855012227,352.60380855012227,32.28444212435534,None,,,,,,,,,ED32,001,2024-02-02_17h32.43.736,rating,2023.2.3,60.027125362353175,2024-02-02 17h32.55.207902 +0800,
neg_115.jpg,0,60,60,18,384.92124455706653,,,,,,,,,,,,,,,,,,,,,,,384.90536927848734,384.92124455706653,385.90484355225635,385.9048521052864,385.9379360797884,386.9046371391378,386.937958032564,387.90466707474116,387.90466707474116,388.1713260246743,388.1381884511866,388.13819614891327,388.1713260246743,388.1713260246743,388.1713260246743,388.1713260246743,388.1713260246743,388.1713260246743,0.016150614861544454,390.43846565488275,[-144.0],[-243.0],[1],[0],[0],[2.2667265188683814],390.43897199424464,390.44201772814995,None,,,,,385.9379360797884,,,,,,,,ED32,001,2024-02-02_17h32.43.736,rating,2023.2.3,60.027125362353175,2024-02-02 17h32.55.207902 +0800,
neg_86.jpg,0,61,61,177,390.4713697306579,,,,,,,,,,,,,,,,,,,,,,,390.4422264220775,,390.44225436197485,390.4422606341959,390.4713697306579,391.45473494303405,391.47141363621085,392.4547397897495,392.4547397897495,392.7214557598818,392.68827428084114,392.6882831189705,392.7214557598818,392.7214557598818,392.7214557598818,392.7214557598818,392.7214557598818,392.7214557598818,0.029274668862854014,394.4552863283534,[-347.0],[222.0],[1],[0],[0],[1.7334006361743377],394.4557883912021,394.45885721828745,None,,,,,,,,,,,,,ED32,001,2024-02-02_17h32.43.736,rating,2023.2.3,60.027125362353175,2024-02-02 17h32.55.207902 +0800,
neg_100.jpg,0,62,62,2,394.4881194139816,,,,,,,,,,,,,,,,,,,,,,,394.4590841586778,,394.45911352408075,394.4591206516052,394.4881194139816,395.4714983112044,395.4881385157478,396.47149460489163,396.47149460489163,396.73817037578374,396.70503052148706,396.70503850431487,396.73817037578374,396.73817037578374,396.73817037578374,396.73817037578374,396.73817037578374,396.73817037578374,0.029103038064931752,397.9052746249581,[-352.0],[347.0],[1],[0],[0],[1.1667244946511346],397.9057430458888,397.9087976179253,None,,,,,,,,,,,,,ED32,001,2024-02-02_17h32.43.736,rating,2023.2.3,60.027125362353175,2024-02-02 17h32.55.207902 +0800,
neg_129.jpg,0,63,63,33,397.9381960918927,,,,,,,,,,,,,,,,,,,,,,,397.909002035336,,397.9090288348307,397.90903510705175,397.9381960918927,398.9215635850778,398.9382211807806,399.92156928709664,399.92156928709664,400.1882390708688,400.1551263011661,400.15513485419615,400.1882390708688,400.1882390708688,400.1882390708688,400.1882390708688,400.1882390708688,400.1882390708688,0.029255852196001797,401.82203340300293,[-177.0],[68.0],[1],[0],[0],[1.6333909142304037],401.8224998282276,401.82542325380746,None,,,,,,,,,,,,,ED32,001,2024-02-02_17h32.43.736,rating,2023.2.3,60.027125362353175,2024-02-02 17h32.55.207902 +0800,
neg_85.jpg,0,64,64,176,401.854945746707,,,,,,,,,,,,,,,,,,,,,,,401.82565076440005,,401.82567984470006,401.8256869722245,401.854945746707,402.8383180866076,402.8549785333216,403.83831837170874,403.83831837170874,404.10505315850605,404.0718508670925,404.07185942012256,404.10505315850605,404.10505315850605,404.10505315850605,404.10505315850605,404.10505315850605,404.10505315850605,0.029451146378050908,405.57225072123583,[-237.0],[244.0],[1],[0],[0],[1.4667069039205671],405.57272056767033,405.575786258647,None,,,,,,,,,,,,,ED32,001,2024-02-02_17h32.43.736,rating,2023.2.3,60.027125362353175,2024-02-02 17h32.55.207902 +0800,
neg_157.jpg,0,65,65,64,405.6050521606521,,,,,,,,,,,,,,,,,,,,,,,405.5760112033295,,405.57604113893285,405.5760482664591,405.6050521606521,406.5883823056065,406.605075253834,407.58840368818164,407.58840368818164,407.8551008416471,407.82193561336317,407.82194445149435,407.8551008416471,407.8551008416471,407.8551008416471,407.8551008416471,407.8551008416471,407.8551008416471,0.02910503377279383,412.1890595915247,[-76.0],[131.0],[1],[0],[0],[4.333537370610429],412.18956792659446,412.19261964762154,None,,,,,,,,,,,,,ED32,001,2024-02-02_17h32.43.736,rating,2023.2.3,60.027125362353175,2024-02-02 17h32.55.207902 +0800,
neu_69.jpg,0,66,66,350,412.2218330910455,,,,,,,,,,,,,,,,,,,,,,,412.1928443072047,,412.19287338750473,412.19288022992987,412.2218330910455,413.2052017246333,413.22186017563945,414.20523365594454,414.20523365594454,414.47188490815097,414.4387843977911,414.43879295082115,414.47188490815097,414.47188490815097,414.47188490815097,414.47188490815097,414.47188490815097,414.47188490815097,0.029057992107482278,417.5392437240007,[364.0],[51.0],[1],[0],[0],[3.0669405726930563],417.53977315654447,417.5427142583867,None,,,,,,,,,,,,,ED32,001,2024-02-02_17h32.43.736,rating,2023.2.3,60.027125362353175,2024-02-02 17h32.55.207902 +0800,
neu_89.jpg,0,67,67,372,417.5719507949907,,,,,,,,,,,,,,,,,,,,,,,417.5429431944831,,417.54297284498716,417.5429799725116,417.5719507949907,418.55530688413455,418.5719690414535,419.5553231348913,419.5553231348913,419.8219974802778,419.788880719163,419.7888892721912,419.8219974802778,419.8219974802778,419.8219974802778,419.8219974802778,419.8219974802778,419.8219974802778,0.029070536551444093,421.1893010720669,[243.0],[190.0],[1],[0],[0],[1.3669130034286354],421.18981111774156,421.19287196200094,None,,,,,,,,,,,,,ED32,001,2024-02-02_17h32.43.736,rating,2023.2.3,60.027125362353175,2024-02-02 17h32.55.207902 +0800,
neu_110.jpg,0,68,68,205,421.22202895542796,,,,,,,,,,,,,,,,,,,,,,,421.1930994725917,,421.19312598698525,421.1931322592063,421.22202895542796,422.20543265643755,422.22204976780085,423.20540614204583,423.20540614204583,423.47208618945297,423.4389600200029,423.4389688581341,423.47208618945297,423.47208618945297,423.47208618945297,423.47208618945297,423.47208618945297,423.47208618945297,0.029007529232330853,425.07268108118296,[261.0],[203.0],[1],[0],[0],[1.6002028778657404],425.07320395640454,425.0762348650587,None,,,,,,,,,,,,,ED32,001,2024-02-02_17h32.43.736,rating,2023.2.3,60.027125362353175,2024-02-02 17h32.55.207902 +0800,
neu_174.jpg,0,69,69,275,425.1054477382804,,,,,,,,,,,,,,,,,,,,,,,425.0764672223668,,425.07649687287085,425.07650371529417,425.1054477382804,426.0888169420705,426.10547624838,427.0888175122727,427.0888175122727,427.35549755967804,427.32239647911774,427.3224047470467,427.35549755967804,427.35549755967804,427.35549755967804,427.35549755967804,427.35549755967804,427.35549755967804,0.029047728472505696,430.5894417408963,[226.0],[43.0],[1],[0],[0],[3.233520236040931],430.58993325500705,430.59311583738963,None,,,,,,,,,,,,,ED32,001,2024-02-02_17h32.43.736,rating,2023.2.3,60.027125362353175,2024-02-02 17h32.55.207902 +0800,
neu_84.jpg,0,70,70,367,430.62223348687985,,,,,,,,,,,,,,,,,,,,,,,430.5933467691939,,430.59337756010063,430.5933846876251,430.62223348687985,431.60558472930825,431.62225030783884,432.6056106734977,432.6056106734977,432.8722941421165,432.83913775196197,432.8391460198909,432.8722941421165,432.8722941421165,432.8722941421165,432.8722941421165,432.8722941421165,432.8722941421165,0.028961342870388762,434.3727541525677,[218.0],[168.0],[1],[0],[0],[1.500043192801968],434.3732391093563,434.3763008089172,None,,,,,,,,,,,,,ED32,001,2024-02-02_17h32.43.736,rating,2023.2.3,60.027125362353175,2024-02-02 17h32.55.207902 +0800,
neg_131.jpg,0,71,71,36,434.40565024551506,,,,,,,,,,,,,,,,,,,,,,,434.3765254685004,,434.37655483390154,434.3765619614278,434.40565024551506,435.3889994922356,435.4056713429891,436.38902115991186,436.38902115991186,436.65570605403445,436.62255137448665,436.6225599275167,436.65570605403445,436.65570605403445,436.65570605403445,436.65570605403445,436.65570605403445,436.65570605403445,0.029206814826466143,439.4563292277853,[-279.0],[-30.0],[1],[0],[0],[2.800203219987452],439.45684497548064,439.45989612630547,None,,,,,,,,,,,,,ED32,001,2024-02-02_17h32.43.736,rating,2023.2.3,60.027125362353175,2024-02-02 17h32.55.207902 +0800,
neg_101.jpg,0,72,72,3,439.489085621246,,,,,,,,,,,,,,,,,,,,,,,439.4601216411902,,439.4601504363909,439.4601572788142,439.489085621246,440.47245511013716,440.48910899952716,441.47246166745936,441.47246166745936,441.7391630974398,441.70604576612277,441.7060540340517,441.7391630974398,441.7391630974398,441.7391630974398,441.7391630974398,441.7391630974398,441.7391630974398,0.029057992107482278,442.93958481882873,[-370.0],[171.0],[1],[0],[0],[1.2000197289871721],442.94009514960635,442.94314886633947,None,,,,,,,,,,,,,ED32,001,2024-02-02_17h32.43.736,rating,2023.2.3,60.027125362353175,2024-02-02 17h32.55.207902 +0800,
neu_175.jpg,0,73,73,276,442.9725213961174,,,,,,,,,,,,,,,,,,,,,,,442.94337352592083,,442.94340346152603,442.94341030394935,442.9725213961174,443.9558652259184,443.9725213961174,444.9558734938473,444.9558734938473,445.2225438478199,445.18940541902884,445.1894139720589,445.2225438478199,445.2225438478199,445.2225438478199,445.2225438478199,445.2225438478199,445.2225438478199,0.02918828326073708,449.5230622469553,[302.0],[-235.0],[1],[0],[0],[4.300109564312152],449.5236079302558,449.5266699149179,None,,,,,,,,,,,,,ED32,001,2024-02-02_17h32.43.736,rating,2023.2.3,60.027125362353175,2024-02-02 17h32.55.207902 +0800,
neg_153.jpg,0,74,74,60,449.5559705992455,,,,,,,,,,,,,,,,,,,,,,,449.52689343409656,,449.52692451010444,449.5269316376289,449.5559705992455,450.53944329469596,450.55599112651726,451.5393640366201,451.5393640366201,451.80601956534156,451.7728797110449,451.77288826407494,451.80601956534156,451.80601956534156,451.80601956534156,451.80601956534156,451.80601956534156,451.80601956534156,0.029140671394998208,453.93987818774985,[-229.0],[94.0],[1],[0],[0],[2.133430970920017],453.940398211962,453.94343254182786,None,,,,,,,,,,,,,ED32,001,2024-02-02_17h32.43.736,rating,2023.2.3,60.027125362353175,2024-02-02 17h32.55.207902 +0800,
neu_147.jpg,0,75,75,245,453.97274063878103,,,,,,,,,,,,,,,,,,,,,,,453.9436740223682,,453.94370053675993,453.9437068089828,453.97274063878103,454.95608703449216,454.97275745974,455.95610927236885,455.95610927236885,456.22277962634143,456.18963977204476,456.18964775487257,456.22277962634143,456.22277962634143,456.22277962634143,456.22277962634143,456.22277962634143,456.22277962634143,0.029124990842319676,460.15663391521593,[303.0],[-335.0],[1],[0],[0],[3.933443173242267],460.1571778879097,460.16021877509775,None,,,,,,,,,,,,,ED32,001,2024-02-02_17h32.43.736,rating,2023.2.3,60.027125362353175,2024-02-02 17h32.55.207902 +0800,
neg_156.jpg,0,76,76,63,460.18953628038435,,,,,,,,,,,,,,,,,,,,,,,460.16042176700466,,460.1604485664993,460.1604548387204,460.18953628038435,461.1728963609439,461.18955709275724,462.17292829225516,462.17292829225516,462.439580114662,462.4065138164224,462.40652265455356,462.439580114662,462.439580114662,462.439580114662,462.439580114662,462.439580114662,462.439580114662,0.02918229614078882,464.07347081093394,[-287.0],[270.0],[1],[0],[0],[1.6334727382145502],464.07399653716493,464.07706080263415,None,,,,,,,,,,,,,ED32,001,2024-02-02_17h32.43.736,rating,2023.2.3,60.027125362353175,2024-02-02 17h32.55.207902 +0800,
neu_92.jpg,0,77,77,376,464.1062830841893,,,,,,,,,,,,,,,,,,,,,,,464.07728717282225,,464.0773168233263,464.07732366574965,464.1062830841893,465.08964715616094,465.1063058922682,466.0896588453015,466.0896588453015,466.35633775230417,466.3232241272999,466.32323268032997,466.35633775230417,466.35633775230417,466.35633775230417,466.35633775230417,466.35633775230417,466.35633775230417,0.029065974935292616,469.1568676980296,[-63.0],[-296.0],[1],[0],[0],[2.800090605094738],469.1574159472384,469.160466527861,None,,,,,,,,,,,,,ED32,001,2024-02-02_17h32.43.736,rating,2023.2.3,60.027125362353175,2024-02-02 17h32.55.207902 +0800,
neu_78.jpg,0,78,78,360,469.1897292937574,,,,,,,,,,,,,,,,,,,,,,,469.1606695197679,,469.1606966043619,469.16070259148364,469.1897292937574,470.17308538290126,470.18974554451415,471.17312444173695,471.17312444173695,471.43970327829084,471.40667603888687,471.4066845919169,471.43970327829084,471.43970327829084,471.43970327829084,471.43970327829084,471.43970327829084,471.43970327829084,0.029057136805931805,474.9071229346937,[30.0],[-358.0],[1],[0],[0],[3.46698459228719],474.90765379274126,474.91071463700064,None,,,,,,,,,,,,,ED32,001,2024-02-02_17h32.43.736,rating,2023.2.3,60.027125362353175,2024-02-02 17h32.55.207902 +0800,
neu_112.jpg,0,79,79,207,474.9398502478525,,,,,,,,,,,,,,,,,,,,,,,474.9109367306737,,474.91096609607666,474.9109729385,474.9398502478525,475.92323313649104,475.9398992852239,476.92322714936927,476.92322714936927,477.18982423238776,477.156834911415,477.1568431793439,477.18982423238776,477.18982423238776,477.18982423238776,477.18982423238776,477.18982423238776,477.18982423238776,0.028903182270369143,479.7237260190868,[158.0],[-137.0],[1],[0],[0],[2.533482688239019],479.72428766804296,479.72737730750123,None,,,,,,,,,,,,,ED32,001,2024-02-02_17h32.43.736,rating,2023.2.3,60.027125362353175,2024-02-02 17h32.55.207902 +0800,
neu_104.jpg,0,80,80,198,479.7566286693582,,,,,,,,,,,,,,,,,,,,,,,479.7276022521837,,479.7276321877889,479.72763931531335,479.7566286693582,480.73998390319866,480.75664406481155,481.73999530723813,481.73999530723813,482.00659438596267,481.97352951322864,481.9735380662569,482.00659438596267,482.00659438596267,482.00659438596267,482.00659438596267,482.00659438596267,482.00659438596267,0.029007529232330853,484.873947442773,[136.0],[16.0],[1],[0],[0],[2.8669197033013916],484.8744840028412,484.87764406224596,None,,,,,,,,,,,,,ED32,001,2024-02-02_17h32.43.736,rating,2023.2.3,60.027125362353175,2024-02-02 17h32.55.207902 +0800,
neu_5.jpg,0,81,81,329,484.9067332016366,,,,,,,,,,,,,,,,,,,,,,,484.8778738536457,,484.8779037892491,484.87791091677354,484.9067332016366,485.89011780088003,485.90675372890837,486.89015315340293,486.89015315340293,487.1567091818779,487.12364573464765,487.1236542876777,487.1567091818779,487.1567091818779,487.1567091818779,487.1567091818779,487.1567091818779,487.1567091818779,0.028850438586232485,488.5240823383083,[135.0],[-244.0],[1],[0],[0],[1.3669201309512573],488.52464170645544,488.52773334162157,None,,,,,,,,,,,,,ED32,001,2024-02-02_17h32.43.736,rating,2023.2.3,60.027125362353175,2024-02-02 17h32.55.207902 +0800,
neg_20.jpg,0,82,82,105,488.55681421308327,,,,,,,,,,,,,,,,,,,,,,,488.5279577161018,,488.5279873666059,488.5279942090292,488.55681421308327,489.54018341687333,489.55683046384,490.5401851274801,490.5401851274801,490.82352476629603,490.773719903671,490.77372817159994,490.82352476629603,490.82352476629603,490.82352476629603,490.82352476629603,490.82352476629603,490.82352476629603,0.04558216054647346,493.49087605548084,[-242.0],[-44.0],[1],[0],[0],[2.666908242241334],493.49138724156,493.4944101673864,None,,,,,,,,,,,,,ED32,001,2024-02-02_17h32.43.736,rating,2023.2.3,60.027125362353175,2024-02-02 17h32.55.207902 +0800,
neu_61.jpg,0,83,83,342,493.5235902539953,,,,,,,,,,,,,,,,,,,,,,,493.49464395020004,,493.4946707496929,493.49467673681465,493.5235902539953,494.50695318556245,494.5236164832859,495.5069577471786,495.5069577471786,495.7902988115002,495.74049366377403,495.74050278700633,495.7902988115002,495.7902988115002,495.7902988115002,495.7902988115002,495.7902988115002,495.7902988115002,0.04567367796516919,497.19073826617023,[98.0],[-164.0],[1],[0],[0],[1.3999810122732015],497.1912468863411,497.19429689676144,None,,,,,,,,,,,,,ED32,001,2024-02-02_17h32.43.736,rating,2023.2.3,60.027125362353175,2024-02-02 17h32.55.207902 +0800,
neg_130.jpg,0,84,84,35,497.22368539219497,,,,,,,,,,,,,,,,,,,,,,,497.194522411648,,497.1945523472514,497.1945594747758,497.22368539219497,498.20704176644176,498.2237024982551,499.20703634952224,499.20703634952224,499.49037370753103,499.44057739793607,499.4405859509643,499.49037370753103,499.49037370753103,499.49037370753103,499.49037370753103,499.49037370753103,499.49037370753103,0.045868401943153,501.34079803759414,[-241.0],[19.0],[1],[0],[0],[1.8499912616534857],501.3413705203875,501.3443877441932,None,,,,,,,,,,,,,ED32,001,2024-02-02_17h32.43.736,rating,2023.2.3,60.027125362353175,2024-02-02 17h32.55.207902 +0800,
neu_62.jpg,0,85,85,343,501.3737961966963,,,,,,,,,,,,,,,,,,,,,,,501.3446109782708,,501.34464034367375,501.3446474711982,501.3737961966963,502.3571232055401,502.3738267025019,503.35713004796344,503.35713004796344,503.6404659804666,503.5906574115288,503.5906653943566,503.6404659804666,503.6404659804666,503.6404659804666,503.6404659804666,503.6404659804666,503.6404659804666,0.045872678458181326,504.6743126001238,[53.0],[-144.0],[1],[0],[0],[1.0333756328163872],504.67482207559806,504.67787151581797,None,,,,,,,,,,,,,ED32,001,2024-02-02_17h32.43.736,rating,2023.2.3,60.027125362353175,2024-02-02 17h32.55.207902 +0800,
neu_73.jpg,0,86,86,355,504.70717733196216,,,,,,,,,,,,,,,,,,,,,,,504.6781021625211,,504.67813181302336,504.6781386554467,504.70717733196216,505.69052999989617,505.7071761915595,506.6905331360067,506.6905331360067,506.97387477053053,506.92406420588486,506.92407332911716,506.97387477053053,506.97387477053053,506.97387477053053,506.97387477053053,506.97387477053053,506.97387477053053,0.04578942896841909,508.1244839315659,[57.0],[108.0],[1],[0],[0],[1.1501393146008922],508.1250293297653,508.12805995331837,None,,,,,,,,,,,,,ED32,001,2024-02-02_17h32.43.736,rating,2023.2.3,60.027125362353175,2024-02-02 17h32.55.207902 +0800,
neg_21.jpg,0,87,87,106,508.1572314868972,,,,,,,,,,,,,,,,,,,,,,,508.1282877490121,,508.12831454850493,508.1283205356249,508.1572314868972,509.14058501013096,509.15726455861113,510.1406260646745,510.1406260646745,510.4239517335427,510.3741383178876,510.3741468709177,510.4239517335427,510.4239517335427,510.4239517335427,510.4239517335427,510.4239517335427,510.4239517335427,0.045689643620789866,511.924477032122,[-372.0],[141.0],[1],[0],[0],[1.500026656942282],511.9250500851176,511.9280912574068,None,,,,,,,,,,,,,ED32,001,2024-02-02_17h32.43.736,rating,2023.2.3,60.027125362353175,2024-02-02 17h32.55.207902 +0800,
neu_56.jpg,0,88,88,336,511.9573449000709,,,,,,,,,,,,,,,,,,,,,,,511.9283047980516,,511.9283333081494,511.92834043567564,511.9573449000709,512.9406696281058,512.9573659975449,513.9406890149749,513.9406890149749,514.224029223993,514.1742197997519,514.1742283527819,514.224029223993,514.224029223993,514.224029223993,514.224029223993,514.224029223993,514.224029223993,0.0457443830127886,515.4246647711261,[280.0],[133.0],[1],[0],[0],[1.200142607516682],515.4252210031627,515.4282821325214,None,,,,,,,,,,,,,ED32,001,2024-02-02_17h32.43.736,rating,2023.2.3,60.027125362353175,2024-02-02 17h32.55.207902 +0800,
neu_189.jpg,0,89,89,291,515.45739037368,,,,,,,,,,,,,,,,,,,,,,,515.4285085027095,,515.4285378681125,515.4285449956369,515.45739037368,516.4407567264589,516.4574120413545,517.440763568884,517.440763568884,517.7241057736101,517.67432571477,517.6743342678001,517.7241057736101,517.7241057736101,517.7241057736101,517.7241057736101,517.7241057736101,517.7241057736101,0.04561523226220743,523.1746896461882,[242.0],[-190.0],[1],[0],[0],[5.450136549121453],523.1752840817571,556.9920485333132,space,523.1908488853551,523.1908488853551,33.79088127282739,None,,,,,,,,,ED32,001,2024-02-02_17h32.43.736,rating,2023.2.3,60.027125362353175,2024-02-02 17h32.55.207902 +0800,
neu_128.jpg,0,90,90,224,557.0082807583349,,,,,,,,,,,,,,,,,,,,,,,556.9924365557636,557.0082807583349,557.9918891618581,557.9918974297871,558.0249825446917,558.9916861699512,559.0249919530252,559.9917118290414,559.9917118290414,560.2750212471528,560.2252135335166,560.2252215163444,560.2750212471528,560.2750212471528,560.2750212471528,560.2750212471528,560.2750212471528,560.2750212471528,0.03279167470827815,561.9755557259832,[182.0],[-108.0],[1],[0],[0],[1.700083163959789],561.9761133835254,561.9791790745003,None,,,,,558.0249825446917,,,,,,,,ED32,001,2024-02-02_17h32.43.736,rating,2023.2.3,60.027125362353175,2024-02-02 17h32.55.207902 +0800,
neu_20.jpg,0,91,91,297,562.0083862457032,,,,,,,,,,,,,,,,,,,,,,,561.9794037340816,,561.979433954788,561.9794407972113,562.0083862457032,562.9917511729782,563.0084153260032,563.9917645727237,563.9917645727237,564.2751044966426,564.2253230122988,564.225331565327,564.2751044966426,564.2751044966426,564.2751044966426,564.2751044966426,564.2751044966426,564.2751044966426,0.04571644311363343,566.8757176348372,[84.0],[238.0],[1],[0],[0],[2.600163248827812],566.8762738668738,566.87938859522,None,,,,,,,,,,,,,ED32,001,2024-02-02_17h32.43.736,rating,2023.2.3,60.027125362353175,2024-02-02 17h32.55.207902 +0800,
neg_42.jpg,0,92,92,129,566.9084982618824,,,,,,,,,,,,,,,,,,,,,,,566.8795924424303,,566.8796192419231,566.8796252290431,566.9084982618824,567.8918606232492,567.9085165083452,568.8918737378935,568.8918737378935,569.1752473037286,569.1254749426171,569.1254834956471,569.1752473037286,569.1752473037286,569.1752473037286,569.1752473037286,569.1752473037286,569.1752473037286,0.045707890083576785,572.2259371198361,[-28.0],[-324.0],[1],[0],[0],[3.050180340631414],572.2265118834384,572.2295801403216,None,,,,,,,,,,,,,ED32,001,2024-02-02_17h32.43.736,rating,2023.2.3,60.027125362353175,2024-02-02 17h32.55.207902 +0800,
neu_187.jpg,0,93,93,289,572.2586116893126,,,,,,,,,,,,,,,,,,,,,,,572.2298042297025,,572.2298338802048,572.2298407226299,572.2586116893126,573.241983459011,573.2586527438561,574.2419843143143,574.2419843143143,574.5253253786359,574.475520801112,574.475529354142,574.5253253786359,574.5253253786359,574.5253253786359,574.5253253786359,574.5253253786359,574.5253253786359,0.04553996560025553,577.1259430784467,[-319.0],[23.0],[1],[0],[0],[2.6000908331770916],577.1265090039178,577.1295841032261,None,,,,,,,,,,,,,ED32,001,2024-02-02_17h32.43.736,rating,2023.2.3,60.027125362353175,2024-02-02 17h32.55.207902 +0800,
neg_151.jpg,0,94,94,58,577.1587442327636,,,,,,,,,,,,,,,,,,,,,,,577.1298153201315,,577.1298432600288,577.1298495322499,577.1587442327636,578.1420900582725,578.1587499347843,579.1420920539804,579.1420920539804,579.4254328332008,579.3756459319375,579.3756541998664,579.4254328332008,579.4254328332008,579.4254328332008,579.4254328332008,579.4254328332008,579.4254328332008,0.045639465844942606,580.3760841321637,[-303.0],[200.0],[1],[0],[0],[0.9501264280352189],580.3766423599063,580.3796977872462,None,,,,,,,,,,,,,ED32,001,2024-02-02_17h32.43.736,rating,2023.2.3,60.027125362353175,2024-02-02 17h32.55.207902 +0800,
neu_7.jpg,0,95,95,351,580.4088068837063,,,,,,,,,,,,,,,,,,,,,,,580.3799261531422,,580.3799558036444,580.3799626460695,580.4088068837063,581.3921427306814,581.4088436617349,582.3921641132547,582.3921641132547,582.6755023265669,582.6256954682358,582.6257037361629,582.6755023265669,582.6755023265669,582.6755023265669,582.6755023265669,582.6755023265669,582.6755023265669,0.045593279484819504,585.7760942247387,[-108.0],[23.0],[1],[0],[0],[3.1001063711810275],585.776787875453,585.7798088055733,None,,,,,,,,,,,,,ED32,001,2024-02-02_17h32.43.736,rating,2023.2.3,60.027125362353175,2024-02-02 17h32.55.207902 +0800,
neg_59.jpg,0,96,96,147,585.8089010810745,,,,,,,,,,,,,,,,,,,,,,,585.7800337502558,,585.780063685861,585.7800702431832,585.8089010810745,586.7922737060762,586.8089224636497,587.7922808336025,587.7922808336025,588.075670079992,588.0258697789814,588.0258783320114,588.075670079992,588.075670079992,588.075670079992,588.075670079992,588.075670079992,588.075670079992,0.0456540059967665,590.0262221638095,[-255.0],[-106.0],[1],[0],[0],[1.9500525868770637],590.0268191652885,590.0298446570232,None,,,,,,,,,,,,,ED32,001,2024-02-02_17h32.43.736,rating,2023.2.3,60.027125362353175,2024-02-02 17h32.55.207902 +0800,
neg_81.jpg,0,97,97,172,590.0589930974202,,,,,,,,,,,,,,,,,,,,,,,590.0300510701418,,590.0300784398369,590.0300847120579,590.0589930974202,591.0424084875722,591.0590159055009,592.0423896709053,592.0423896709053,592.3257090675525,592.2759013539162,592.2759099069463,592.3257090675525,592.3257090675525,592.3257090675525,592.3257090675525,592.3257090675525,592.3257090675525,0.045677954480197513,594.8263096327937,[-273.0],[100.0],[1],[0],[0],[2.5001030640105455],594.8268687158397,594.829914449745,None,,,,,,,,,,,,,ED32,001,2024-02-02_17h32.43.736,rating,2023.2.3,60.027125362353175,2024-02-02 17h32.55.207902 +0800,
neu_79.jpg,0,98,98,361,594.8590990979701,,,,,,,,,,,,,,,,,,,,,,,594.8301402497327,,594.830169900235,594.8301770277594,594.8590990979701,595.8424651656478,595.8591127828167,596.8424996628692,596.8424996628692,597.1258130723945,597.0760025077489,597.0760104905767,597.1258130723945,597.1258130723945,597.1258130723945,597.1258130723945,597.1258130723945,597.1258130723945,0.045689643620789866,600.2264947773783,[311.0],[-183.0],[1],[0],[0],[3.1002112883470545],600.2270564263345,600.2301349468544,None,,,,,,,,,,,,,ED32,001,2024-02-02_17h32.43.736,rating,2023.2.3,60.027125362353175,2024-02-02 17h32.55.207902 +0800,
neg_23.jpg,0,99,99,108,600.2592152481138,,,,,,,,,,,,,,,,,,,,,,,600.2303701551718,,600.2304020864831,600.2304100693109,600.2592152481138,601.2425884433178,601.259238626395,602.2425881582167,602.2425881582167,602.5259240907217,602.4761477381944,602.4761560061233,602.5259240907217,602.5259240907217,602.5259240907217,602.5259240907217,602.5259240907217,602.5259240907217,0.04560924514044018,605.0765627311994,[-250.0],[63.0],[1],[0],[0],[2.5500866849579324],605.0771605879818,605.0802160153216,None,,,,,,,,,,,,,ED32,001,2024-02-02_17h32.43.736,rating,2023.2.3,60.027125362353175,2024-02-02 17h32.55.207902 +0800,
neg_2.jpg,0,100,100,104,605.1093188395607,,,,,,,,,,,,,,,,,,,,,,,605.0804207178335,,605.0804472322252,605.0804535044481,605.1093188395607,606.0926900390568,606.1093376562258,607.0926931751674,607.0926931751674,607.3760479243374,607.326244202115,607.3262527551451,607.3760479243374,607.3760479243374,607.3760479243374,607.3760479243374,607.3760479243374,607.3760479243374,0.045647448672752944,609.9767143764184,[-233.0],[269.0],[1],[0],[0],[2.600163248829631],609.9772743147678,609.9803593926099,None,,,,,,,,,,,,,ED32,001,2024-02-02_17h32.43.736,rating,2023.2.3,60.027125362353175,2024-02-02 17h32.55.207902 +0800,
neg_102.jpg,0,101,101,4,610.00943085574,,,,,,,,,,,,,,,,,,,,,,,609.980588043607,,609.9806185494126,609.9806253918359,610.00943085574,610.9928117486706,611.0094459660922,611.9927980638222,611.9927980638222,612.2761662127396,612.2263556480939,612.2263639160228,612.2761662127396,612.2761662127396,612.2761662127396,612.2761662127396,612.2761662127396,612.2761662127396,0.045598126202094136,613.6268774969503,[-301.0],[255.0],[1],[0],[0],[1.3501818516688218],613.627477919641,613.6305108240031,None,,,,,,,,,,,,,ED32,001,2024-02-02_17h32.43.736,rating,2023.2.3,60.027125362353175,2024-02-02 17h32.55.207902 +0800,
neu_36.jpg,0,102,102,314,613.6595429431945,,,,,,,,,,,,,,,,,,,,,,,613.6307366239889,,613.6307659893919,613.6307731169163,613.6595429431945,614.6427858472452,614.6577969847149,615.642877364664,615.642877364664,615.9262221352983,615.8764301022184,615.8764386552484,615.9262221352983,615.9262221352983,615.9262221352983,615.9262221352983,615.9262221352983,615.9262221352983,0.045503187571739545,618.2768210897193,[192.0],[-194.0],[1],[0],[0],[2.350088053441141],618.2773673432221,618.2804544167702,None,,,,,,,,,,,,,ED32,001,2024-02-02_17h32.43.736,rating,2023.2.3,60.027125362353175,2024-02-02 17h32.55.207902 +0800,
neg_133.jpg,0,103,103,38,618.3096339331769,,,,,,,,,,,,,,,,,,,,,,,618.2806605447895,,618.2806879144846,618.2806941867057,618.3096339331769,619.292971775858,619.3096288013585,620.2929777629779,620.2929777629779,620.5763370737641,620.5265441853808,620.5265527384108,620.5763370737641,620.5763370737641,620.5763370737641,620.5763370737641,620.5763370737641,620.5763370737641,0.045700477458012756,621.7268527216747,[-260.0],[99.0],[1],[0],[0],[1.1500249891032581],621.7275184324935,621.7306630964431,None,,,,,,,,,,,,,ED32,001,2024-02-02_17h32.43.736,rating,2023.2.3,60.027125362353175,2024-02-02 17h32.55.207902 +0800,
neg_188.jpg,0,104,104,98,621.7597057643725,,,,,,,,,,,,,,,,,,,,,,,621.7308874709233,,621.7309179767308,621.7309248191541,621.7597057643725,622.7430818105859,622.7596957858368,623.7430521600818,623.7430521600818,624.0263920840007,623.9765846554656,623.9765929233945,624.0263920840007,624.0263920840007,624.0263920840007,624.0263920840007,624.0263920840007,624.0263920840007,0.04552171913564962,628.2770255071318,[-25.0],[364.0],[1],[0],[0],[4.2501256582618225],628.2776624227499,628.2807415134703,None,,,,,,,,,,,,,ED32,001,2024-02-02_17h32.43.736,rating,2023.2.3,60.027125362353175,2024-02-02 17h32.55.207902 +0800,
neu_41.jpg,0,105,105,320,628.3098181084188,,,,,,,,,,,,,,,,,,,,,,,628.28097130487,,628.2810001000707,628.2810069424959,628.3098181084188,629.2932506046291,629.3098369250838,630.2932218094284,630.2932218094284,630.5765340785492,630.5267574409227,630.5267659939527,630.5765340785492,630.5765340785492,630.5765340785492,630.5765340785492,630.5765340785492,630.5765340785492,0.045581305243104,632.2770771104115,[134.0],[-49.0],[1],[0],[0],[1.7000523730530404],632.2777285661796,632.2807982485683,None,,,,,,,,,,,,,ED32,001,2024-02-02_17h32.43.736,rating,2023.2.3,60.027125362353175,2024-02-02 17h32.55.207902 +0800,
neg_49.jpg,0,106,106,136,632.309902498313,,,,,,,,,,,,,,,,,,,,,,,632.2810297505748,,632.2810585457755,632.2810653881988,632.309902498313,633.2932933697775,633.309923025583,634.2932774041219,634.2932774041219,634.5766737780359,634.5268654941992,634.5268746174315,634.5766737780359,634.5766737780359,634.5766737780359,634.5766737780359,634.5766737780359,634.5766737780359,0.045660563320780057,638.577463792888,[-120.0],[-57.0],[1],[0],[0],[4.000264858821538],638.5780952915866,638.5811621229659,None,,,,,,,,,,,,,ED32,001,2024-02-02_17h32.43.736,rating,2023.2.3,60.027125362353175,2024-02-02 17h32.55.207902 +0800,
neg_72.jpg,0,107,107,162,638.6100422833297,,,,,,,,,,,,,,,,,,,,,,,638.581394480274,,638.581424130778,638.5814309732013,638.6100422833297,639.5933921002506,639.6100613850958,640.5934134828258,640.5934134828258,640.8767913251759,640.8270198193659,640.8270278021937,640.8767913251759,640.8767913251759,640.8767913251759,640.8767913251759,640.8767913251759,640.8767913251759,0.04541480626357952,646.0775848182584,[-97.0],[-188.0],[1],[0],[0],[5.200230418620777],646.0782277209983,646.081276305913,None,,,,,,,,,,,,,ED32,001,2024-02-02_17h32.43.736,rating,2023.2.3,60.027125362353175,2024-02-02 17h32.55.207902 +0800,
neu_164.jpg,0,108,108,264,646.110205218547,,,,,,,,,,,,,,,,,,,,,,,646.0815080930206,,646.0815377435229,646.0815448710473,646.110205218547,647.0935584566814,647.1102317329387,648.0935747074363,648.0935747074363,648.3769180525669,648.3271123346385,648.3271211727697,648.3769180525669,648.3769180525669,648.3769180525669,648.3769180525669,648.3769180525669,648.3769180525669,0.0454307719192002,651.9775377480855,[296.0],[-86.0],[1],[0],[0],[3.6000908331770916],651.978114792495,651.9811930279138,None,,,,,,,,,,,,,ED32,001,2024-02-02_17h32.43.736,rating,2023.2.3,60.027125362353175,2024-02-02 17h32.55.207902 +0800,
neg_175.jpg,0,109,109,84,652.0103882248732,,,,,,,,,,,,,,,,,,,,,,,651.9814231044147,,651.981452754917,651.9814595973421,652.0103882248732,652.9937232165448,653.0103893652777,653.9937015488686,653.9937015488686,654.277042328089,654.2272371803629,654.2272457333929,654.277042328089,654.277042328089,654.277042328089,654.277042328089,654.277042328089,654.277042328089,0.04564032115013106,656.2276106626632,[-326.0],[217.0],[1],[0],[0],[1.9500628505138593],656.2282110853539,656.231285899561,None,,,,,,,,,,,,,ED32,001,2024-02-02_17h32.43.736,rating,2023.2.3,60.027125362353175,2024-02-02 17h32.55.207902 +0800,
neu_152.jpg,0,110,110,251,656.2604215104147,,,,,,,,,,,,,,,,,,,,,,,656.2315128399514,,656.2315430606577,656.231549903081,656.2604215104147,657.2437986970326,657.2604377611715,658.2437927099108,658.2437927099108,658.5271485994854,658.4773511494859,658.4773591323137,658.5271485994854,658.5271485994854,658.5271485994854,658.5271485994854,658.5271485994854,658.5271485994854,0.04565343579633918,659.3278162489896,[237.0],[249.0],[1],[0],[0],[0.8001308043367317],659.3284340628416,659.3314866391702,None,,,,,,,,,,,,,ED32,001,2024-02-02_17h32.43.736,rating,2023.2.3,60.027125362353175,2024-02-02 17h32.55.207902 +0800,
neu_108.jpg,0,111,111,202,659.360488252556,,,,,,,,,,,,,,,,,,,,,,,659.3317115838545,,659.3317406641545,659.3317477916789,659.360488252556,660.3438503288216,660.3605079245262,661.343932723008,661.343932723008,661.6272042226883,661.5773973643554,661.5774062024866,661.6272042226883,661.6272042226883,661.6272042226883,661.6272042226883,661.6272042226883,661.6272042226883,0.04551031509618042,662.177772158122,[303.0],[277.0],[1],[0],[0],[0.5500390730921936],662.1783882613672,662.1814385568887,None,,,,,,,,,,,,,ED32,001,2024-02-02_17h32.43.736,rating,2023.2.3,60.027125362353175,2024-02-02 17h32.55.207902 +0800,
neg_174.jpg,0,112,112,83,662.210539670521,,,,,,,,,,,,,,,,,,,,,,,662.181661220764,,662.181690301064,662.1816974285903,662.210539670521,663.1939185677438,663.2105693210233,664.1939396652178,664.1939396652178,664.4772656191872,664.4274661734798,664.4274747265099,664.4772656191872,664.4772656191872,664.4772656191872,664.4772656191872,664.4772656191872,664.4772656191872,0.045625780998307164,666.1279678656974,[-200.0],[33.0],[1],[0],[0],[1.6501571334119944],666.1285979388922,666.1316693318859,None,,,,,,,,,,,,,ED32,001,2024-02-02_17h32.43.736,rating,2023.2.3,60.027125362353175,2024-02-02 17h32.55.207902 +0800,
neu_166.jpg,0,113,113,266,666.1606353076495,,,,,,,,,,,,,,,,,,,,,,,666.1318985530852,,666.1319284886886,666.1319353311119,666.1606353076495,667.1440187664884,667.160650988204,668.144009358155,668.144009358155,668.4273418694484,668.3775435641455,668.3775524022767,668.4273418694484,668.4273418694484,668.4273418694484,668.4273418694484,668.4273418694484,668.4273418694484,0.045465269140549935,669.2781057547927,[181.0],[185.0],[1],[0],[0],[0.850190547247621],669.2787341173807,669.2818003785578,None,,,,,,,,,,,,,ED32,001,2024-02-02_17h32.43.736,rating,2023.2.3,60.027125362353175,2024-02-02 17h32.55.207902 +0800,
neu_80.jpg,0,114,114,363,669.3107033470005,,,,,,,,,,,,,,,,,,,,,,,669.2820258934426,,669.2820549737444,669.2820621012688,669.3107033470005,670.2940765422045,670.3107221636656,671.2941067629108,671.2941067629108,671.5774187469306,671.5276498070307,671.5276580749596,671.5774187469306,671.5774187469306,671.5774187469306,671.5774187469306,671.5774187469306,671.5774187469306,0.04543647393984429,675.1281392113942,[-16.0],[-133.0],[1],[0],[0],[3.550155394295871],675.1287741313045,675.1319088167202,None,,,,,,,,,,,,,ED32,001,2024-02-02_17h32.43.736,rating,2023.2.3,60.027125362353175,2024-02-02 17h32.55.207902 +0800,
neg_105.jpg,0,115,115,7,675.1608083639512,,,,,,,,,,,,,,,,,,,,,,,675.1321143745354,,675.1321414591312,675.1321477313522,675.1608083639512,676.1441960993052,676.1608730818771,677.144204082133,677.144204082133,677.427571375747,677.3778278098343,677.3778360777633,677.427571375747,677.427571375747,677.427571375747,677.427571375747,677.427571375747,677.427571375747,0.045486936814995715,679.5783011345029,[-344.0],[233.0],[1],[0],[0],[2.1501108045013098],679.5789081145158,679.5820909819995,None,,,,,,,,,,,,,ED32,001,2024-02-02_17h32.43.736,rating,2023.2.3,60.027125362353175,2024-02-02 17h32.55.207902 +0800,
neu_3.jpg,0,116,116,307,679.6109238155987,,,,,,,,,,,,,,,,,,,,,,,679.5823202031988,,679.5823504239033,679.5823575514278,679.6109238155987,680.5942796196414,680.610943487567,681.5943275166082,681.5943275166082,681.877635794317,681.8278315018924,681.8278403400236,681.877635794317,681.877635794317,681.877635794317,681.877635794317,681.877635794317,681.877635794317,0.04533184187494044,686.3949495499546,[-20.0],[-263.0],[1],[0],[0],[4.516765791529906],686.3955753466344,686.3986555777592,None,,,,,,,,,,,,,ED32,001,2024-02-02_17h32.43.736,rating,2023.2.3,60.027125362353175,2024-02-02 17h32.55.207902 +0800,
neg_144.jpg,0,117,117,50,686.4277284663949,,,,,,,,,,,,,,,,,,,,,,,686.398883658554,,686.3989133090563,686.3989204365807,686.4277284663949,687.4111449969496,687.4277606828055,688.4111364439195,688.4111364439195,688.6944518491509,688.644701440815,688.644709993845,688.6944518491509,688.6944518491509,688.6944518491509,688.6944518491509,688.6944518491509,688.6944518491509,0.045589288070914336,690.6450350089763,[-185.0],[-188.0],[1],[0],[0],[1.9500534421804332],690.6456354316688,690.6486147370415,None,,,,,,,,,,,,,ED32,001,2024-02-02_17h32.43.736,rating,2023.2.3,60.027125362353175,2024-02-02 17h32.55.207902 +0800,
neu_156.jpg,0,118,118,255,690.6778278953661,,,,,,,,,,,,,,,,,,,,,,,690.6488365456153,,690.6488661961175,690.648873323642,690.6778278953661,691.6611951034483,691.67785241405,692.6611988097611,692.6611988097611,692.944548997315,692.8947512622144,692.8947601003456,692.944548997315,692.944548997315,692.944548997315,692.944548997315,692.944548997315,692.944548997315,0.04573240876925411,693.795140681661,[97.0],[40.0],[1],[0],[0],[0.8500368778150005],693.7957847248035,693.7988566879994,None,,,,,,,,,,,,,ED32,001,2024-02-02_17h32.43.736,rating,2023.2.3,60.027125362353175,2024-02-02 17h32.55.207902 +0800,
neg_124.jpg,0,119,119,28,693.8279087642622,,,,,,,,,,,,,,,,,,,,,,,693.7990824879853,,693.7991121384894,693.7991189809127,693.8279087642622,694.8112659938106,694.8279281511295,695.8112659938106,695.8112659938106,696.0946629379268,696.0448572199984,696.0448654879274,696.0946629379268,696.0946629379268,696.0946629379268,696.0946629379268,696.0946629379268,696.0946629379268,0.04559926660658675,698.8454037015817,[-242.0],[140.0],[1],[0],[0],[2.7501831061126722],698.8460437533104,734.9792281118716,space,698.8612610187974,698.8612610187974,36.1163283325659,None,,,,,,,,,ED32,001,2024-02-02_17h32.43.736,rating,2023.2.3,60.027125362353175,2024-02-02 17h32.55.207902 +0800,
neg_98.jpg,0,120,120,190,734.9954646134083,,,,,,,,,,,,,,,,,,,,,,,734.979624687352,734.9954646134083,735.9789889121384,735.9789968949663,736.0121347535551,736.9788241237638,737.0121530000179,737.9788435106311,737.9788435106311,738.2621817239433,738.2123708741965,738.2123788570243,738.2621817239433,738.2621817239433,738.2621817239433,738.2621817239433,738.2621817239433,738.2621817239433,0.0327685815282166,739.3127945627821,[-239.0],[76.0],[1],[0],[0],[1.0500437772570876],739.3133701816878,739.3164601062472,None,,,,,736.0121347535551,,,,,,,,ED32,001,2024-02-02_17h32.43.736,rating,2023.2.3,60.027125362353175,2024-02-02 17h32.55.207902 +0800,
neg_63.jpg,0,121,121,152,739.3455401224055,,,,,,,,,,,,,,,,,,,,,,,739.3166847658285,,739.3167155567353,739.3167223991604,739.3455401224055,740.3289070453884,740.3455526668495,741.3289418277091,741.3289418277091,741.6122529564273,741.5624472384989,741.5624555064278,741.6122529564273,741.6122529564273,741.6122529564273,741.6122529564273,741.6122529564273,741.6122529564273,0.04558330095096608,742.3128401789418,[-230.0],[288.0],[1],[0],[0],[0.7000403988113248],742.3134451632486,742.3164906120528,None,,,,,,,,,,,,,ED32,001,2024-02-02_17h32.43.736,rating,2023.2.3,60.027125362353175,2024-02-02 17h32.55.207902 +0800,
neu_59.jpg,0,122,122,339,742.3456059807359,,,,,,,,,,,,,,,,,,,,,,,742.3167141312315,,742.3167432115315,742.3167500539566,742.3456059807359,743.3290119625526,743.345622801693,744.3290196602793,744.3290196602793,744.6123439036437,744.5625356198052,744.5625444579364,744.6123439036437,744.6123439036437,744.6123439036437,744.6123439036437,744.6123439036437,744.6123439036437,0.04564858907906455,747.9629525514974,[156.0],[-293.0],[1],[0],[0],[3.3500672410700645],747.9635735014599,747.9666679876354,None,,,,,,,,,,,,,ED32,001,2024-02-02_17h32.43.736,rating,2023.2.3,60.027125362353175,2024-02-02 17h32.55.207902 +0800,
neg_24.jpg,0,123,123,109,747.9957505697039,,,,,,,,,,,,,,,,,,,,,,,747.9668949280258,,747.9669260040337,747.966932846457,747.9957505697039,748.9791106502616,748.9957477186945,749.9791015270293,749.9791015270293,750.262440880746,750.2127064380657,750.2127161315002,750.262440880746,750.262440880746,750.262440880746,750.262440880746,750.262440880746,750.262440880746,0.045564769385237014,752.0630532206578,[-261.0],[138.0],[1],[0],[0],[1.8000563929763302],752.0636733153169,752.0667743588165,None,,,,,,,,,,,,,ED32,001,2024-02-02_17h32.43.736,rating,2023.2.3,60.027125362353175,2024-02-02 17h32.55.207902 +0800,
neg_36.jpg,0,124,124,122,752.0958666343176,,,,,,,,,,,,,,,,,,,,,,,752.0670018694072,,752.0670315199113,752.0670386474358,752.0958666343176,753.0792232936637,753.0958352732086,754.0791850901314,754.0791850901314,754.3625415499064,754.3127540784426,754.3127626314708,754.3625415499064,754.3625415499064,754.3625415499064,754.3625415499064,754.3625415499064,754.3625415499064,0.04555906736641191,756.9631965979479,[11.0],[11.0],[1],[0],[0],[2.6001073690331395],756.9638280966465,756.9669034810559,None,,,,,,,,,,,,,ED32,001,2024-02-02_17h32.43.736,rating,2023.2.3,60.027125362353175,2024-02-02 17h32.55.207902 +0800,
neg_170.jpg,0,125,125,79,756.9959173537845,,,,,,,,,,,,,,,,,,,,,,,756.9671332724556,,756.967163208059,756.9671700504841,756.9959173537845,757.979289408584,757.9959606891352,758.9792925446945,758.9792925446945,759.2626547064901,759.2128729370452,759.2128817751764,759.2626547064901,759.2626547064901,759.2626547064901,759.2626547064901,759.2626547064901,759.2626547064901,0.04554196130811761,761.8134139446902,[-120.0],[274.0],[1],[0],[0],[2.550167083436463],761.8140448731865,761.817097164414,None,,,,,,,,,,,,,ED32,001,2024-02-02_17h32.43.736,rating,2023.2.3,60.027125362353175,2024-02-02 17h32.55.207902 +0800,
neg_65.jpg,0,126,126,154,761.8460229409375,,,,,,,,,,,,,,,,,,,,,,,761.8173263856133,,761.8173566063178,761.8173640189434,761.8460229409375,762.8293895788174,762.8460426129059,763.8293975616452,763.8293975616452,764.1127389110698,764.0629309123324,764.0629394653624,764.1127389110698,764.1127389110698,764.1127389110698,764.1127389110698,764.1127389110698,764.1127389110698,0.045440750454872614,764.7133694404238,[-127.0],[268.0],[1],[0],[0],[0.6000412256034906],764.7139681525096,764.7170595025746,None,,,,,,,,,,,,,ED32,001,2024-02-02_17h32.43.736,rating,2023.2.3,60.027125362353175,2024-02-02 17h32.55.207902 +0800,
neu_113.jpg,0,127,127,208,764.7460899111611,,,,,,,,,,,,,,,,,,,,,,,764.7172855876615,,764.717315808366,764.7173229358905,764.7460899111611,765.7294514172227,765.7461095831295,766.7294559788388,766.7294559788388,767.0128021749788,766.9629927507376,766.9630013037677,767.0128021749788,767.0128021749788,767.0128021749788,767.0128021749788,767.0128021749788,767.0128021749788,0.045534263579611434,768.563471606365,[223.0],[137.0],[1],[0],[0],[1.5500479112233734],768.5640783012786,768.5671633791208,None,,,,,,,,,,,,,ED32,001,2024-02-02_17h32.43.736,rating,2023.2.3,60.027125362353175,2024-02-02 17h32.55.207902 +0800,
neu_126.jpg,0,128,128,222,768.5961892260912,,,,,,,,,,,,,,,,,,,,,,,768.5673965917322,,768.5674262422363,768.5674330846596,768.5961892260912,769.5795493066489,769.5961909366979,770.5795447450328,770.5795447450328,770.8629120386468,770.8131194353646,770.813128558595,770.8629120386468,770.8629120386468,770.8629120386468,770.8629120386468,770.8629120386468,770.8629120386468,0.04553625928565452,771.4635089260846,[318.0],[295.0],[1],[0],[0],[0.599999600859519],771.4641136252903,771.4671904352053,None,,,,,,,,,,,,,ED32,001,2024-02-02_17h32.43.736,rating,2023.2.3,60.027125362353175,2024-02-02 17h32.55.207902 +0800,
neg_93.jpg,0,129,129,185,771.4962601877287,,,,,,,,,,,,,,,,,,,,,,,771.4674188010995,,771.4674487367047,771.467455579128,771.4962601877287,772.4795923283891,772.4962678854554,773.4796293915188,773.4796293915188,773.7629459371547,773.7131410745296,773.7131493424586,773.7629459371547,773.7629459371547,773.7629459371547,773.7629459371547,773.7629459371547,773.7629459371547,0.04555051433635526,775.5135977492992,[290.0],[35.0],[1],[0],[0],[1.750051959656048],775.5142075803233,775.5172709904909,None,,,,,,,,,,,,,ED32,001,2024-02-02_17h32.43.736,rating,2023.2.3,60.027125362353175,2024-02-02 17h32.55.207902 +0800,
neg_32.jpg,0,130,130,118,775.5463187902369,,,,,,,,,,,,,,,,,,,,,,,775.5174970755779,,775.5175261558779,775.5175332834042,775.5463187902369,776.5296768750886,776.5463367516004,777.5297224912483,777.5297224912483,777.813032479562,777.7632304679464,777.7632393060758,777.813032479562,777.813032479562,777.813032479562,777.813032479562,777.813032479562,777.813032479562,0.04555650145812251,780.3636722604442,[-237.0],[-23.0],[1],[0],[0],[2.5500678682910802],780.3643046144462,780.367393398601,None,,,,,,,,,,,,,ED32,001,2024-02-02_17h32.43.736,rating,2023.2.3,60.027125362353175,2024-02-02 17h32.55.207902 +0800,
neu_68.jpg,0,131,131,349,780.3964192455715,,,,,,,,,,,,,,,,,,,,,,,780.367619483688,,780.3676499894955,780.3676571170199,780.3964192455715,781.3797995683017,781.3964409132477,782.3798314996129,782.3798314996129,782.6631380667131,782.6133369104009,782.613345463431,782.6631380667131,782.6631380667131,782.6631380667131,782.6631380667131,782.6631380667131,782.6631380667131,0.04553654438859667,784.1137578620164,[251.0],[136.0],[1],[0],[0],[1.4500495933170896],784.114387365009,784.1175240461307,None,,,,,,,,,,,,,ED32,001,2024-02-02_17h32.43.736,rating,2023.2.3,60.027125362353175,2024-02-02 17h32.55.207902 +0800,
neu_37.jpg,0,132,132,315,784.1465048471455,,,,,,,,,,,,,,,,,,,,,,,784.1177552630361,,784.1177854837424,784.1177926112669,784.1465048471455,785.1298791827539,785.1465222383067,786.1298771870461,786.1298771870461,786.4132162556616,786.3634105377332,786.3634188056621,786.4132162556616,786.4132162556616,786.4132162556616,786.4132162556616,786.4132162556616,786.4132162556616,0.04548094969504746,787.0138772908231,[309.0],[299.0],[1],[0],[0],[0.6000845609542012],787.0145162021472,787.0176651426118,None,,,,,,,,,,,,,ED32,001,2024-02-02_17h32.43.736,rating,2023.2.3,60.027125362353175,2024-02-02 17h32.55.207902 +0800,
neg_58.jpg,0,133,133,146,787.0465661153485,,,,,,,,,,,,,,,,,,,,,,,787.0178707004288,,787.0178974999217,787.0179034870416,787.0465661153485,788.0299202087863,788.0465846469124,789.0299390254513,789.0299390254513,789.3132894981063,789.2635014564385,789.2635094392663,789.3132894981063,789.3132894981063,789.3132894981063,789.3132894981063,789.3132894981063,789.3132894981063,0.045440180252626305,791.1140050445774,[-205.0],[241.0],[1],[0],[0],[1.8001382169604767],791.1147847957927,791.1178943923205,None,,,,,,,,,,,,,ED32,001,2024-02-02_17h32.43.736,rating,2023.2.3,60.027125362353175,2024-02-02 17h32.55.207902 +0800,
neg_60.jpg,0,134,134,149,791.1466548102671,,,,,,,,,,,,,,,,,,,,,,,791.1180993799353,,791.1181264645293,791.1181330218515,791.1466548102671,792.1300240140572,792.1466719163273,793.1300225885516,793.1300225885516,793.413399290499,793.3636317761029,793.3636397589307,793.413399290499,793.413399290499,793.413399290499,793.413399290499,793.413399290499,793.413399290499,0.04534495652114856,794.2140543955593,[-188.0],[10.0],[1],[0],[0],[0.8000298785846098],794.214703000318,794.2178051842202,None,,,,,,,,,,,,,ED32,001,2024-02-02_17h32.43.736,rating,2023.2.3,60.027125362353175,2024-02-02 17h32.55.207902 +0800,
neu_190.jpg,0,135,135,293,794.2467332415508,,,,,,,,,,,,,,,,,,,,,,,794.2180315544083,,794.2180612049124,794.2180683324368,794.2467332415508,795.2300841988763,795.2467386584703,796.2300964582191,796.2300964582191,796.5134571945109,796.4636674422363,796.4636765654686,796.5134571945109,796.5134571945109,796.5134571945109,796.5134571945109,796.5134571945109,796.5134571945109,0.045446167372574564,797.5141052290674,[177.0],[81.0],[1],[0],[0],[1.000023948483431],797.5147484169065,797.5178172439919,None,,,,,,,,,,,,,ED32,001,2024-02-02_17h32.43.736,rating,2023.2.3,60.027125362353175,2024-02-02 17h32.55.207902 +0800,
neu_23.jpg,0,136,136,300,797.5467917727838,,,,,,,,,,,,,,,,,,,,,,,797.5180407631706,,797.5180701285735,797.5180769709968,797.5467917727838,798.5301450109182,798.5468088788439,799.5301669636956,799.5301669636956,799.8135080280172,799.7637011696843,799.7637097227143,799.8135080280172,799.8135080280172,799.8135080280172,799.8135080280172,799.8135080280172,799.8135080280172,0.04548665171569155,800.76415932698,[158.0],[164.0],[1],[0],[0],[0.9500426083432103],800.7647648814891,800.7678548060485,None,,,,,,,,,,,,,ED32,001,2024-02-02_17h32.43.736,rating,2023.2.3,60.027125362353175,2024-02-02 17h32.55.207902 +0800,
neg_112.jpg,0,137,137,15,800.7968638320599,,,,,,,,,,,,,,,,,,,,,,,800.7680734785099,,800.7681034141133,800.7681102565366,800.7968638320599,801.7802444398894,801.7968994696839,802.7802341762545,802.7802341762545,803.0635051057325,803.0138048751705,803.0138128579983,803.0635051057325,803.0635051057325,803.0635051057325,803.0635051057325,803.0635051057325,803.0635051057325,0.045451014089849195,804.3142431609267,[-171.0],[22.0],[1],[0],[0],[1.2501182456380775],804.3148504260407,804.3179451973174,None,,,,,,,,,,,,,ED32,001,2024-02-02_17h32.43.736,rating,2023.2.3,60.027125362353175,2024-02-02 17h32.55.207902 +0800,
neg_6.jpg,0,138,138,148,804.3469778867129,,,,,,,,,,,,,,,,,,,,,,,804.3181681462938,,804.3181977967979,804.3182046392212,804.3469778867129,805.3303040402516,805.3470066819136,806.3303105975756,806.3303105975756,806.613760285376,806.5638448035643,806.5638530714932,806.613760285376,806.613760285376,806.613760285376,806.613760285376,806.613760285376,806.613760285376,0.04561067064605595,807.3143195679932,[-255.0],[203.0],[1],[0],[0],[0.6999121033641131],807.3149248374011,807.3179936644865,None,,,,,,,,,,,,,ED32,001,2024-02-02_17h32.43.736,rating,2023.2.3,60.027125362353175,2024-02-02 17h32.55.207902 +0800,
neu_117.jpg,0,139,139,212,807.3470357622136,,,,,,,,,,,,,,,,,,,,,,,807.3182180389686,,807.3182474043697,807.318254246793,807.3470357622136,808.3303690432786,808.3470719700399,809.3303795920147,809.3303795920147,809.6136707636633,809.5639098065913,809.5639180745202,809.6136707636633,809.6136707636633,809.6136707636633,809.6136707636633,809.6136707636633,809.6136707636633,0.04551658731907082,811.3644622752945,[189.0],[-153.0],[1],[0],[0],[1.7497922326510889],811.3651257053043,811.3682053662287,None,,,,,,,,,,,,,ED32,001,2024-02-02_17h32.43.736,rating,2023.2.3,60.027125362353175,2024-02-02 17h32.55.207902 +0800,
neu_39.jpg,0,140,140,317,811.397111470782,,,,,,,,,,,,,,,,,,,,,,,811.3684365831341,,811.3684662336364,811.3684730760615,811.397111470782,812.3804433263431,812.3971203089131,813.3804801043698,813.3804801043698,813.6804921641433,813.6140163060663,813.6140248590964,813.6804921641433,813.6804921641433,813.6804921641433,813.6804921641433,813.6804921641433,813.6804921641433,0.06207582317983906,814.2312878952689,[152.0],[-187.0],[1],[0],[0],[0.550157675103037],814.2319650101254,814.2350321266058,None,,,,,,,,,,,,,ED32,001,2024-02-02_17h32.43.736,rating,2023.2.3,60.027125362353175,2024-02-02 17h32.55.207902 +0800,
neg_68.jpg,0,141,141,157,814.263819058946,,,,,,,,,,,,,,,,,,,,,,,814.2352519394717,,814.2352807346724,814.2352875770957,814.263819058946,815.2471819905131,815.2638598283866,816.2471933945526,816.2471933945526,816.5472271220005,816.4807501235209,816.4807583914499,816.5472271220005,816.5472271220005,816.5472271220005,816.5472271220005,816.5472271220005,816.5472271220005,0.061994569396119914,820.6480770365706,[-66.0],[-180.0],[1],[0],[0],[4.100212143648605],820.6487085352692,820.6517856302835,None,,,,,,,,,,,,,ED32,001,2024-02-02_17h32.43.736,rating,2023.2.3,60.027125362353175,2024-02-02 17h32.55.207902 +0800,
neu_31.jpg,0,142,142,309,820.6806361401432,,,,,,,,,,,,,,,,,,,,,,,820.6520174173911,,820.6520470678934,820.6520539103185,820.6806361401432,821.6639742679254,821.6806392762555,822.6639962207028,822.6639962207028,822.9640040039594,822.8975332777009,822.897542115832,822.9640040039594,822.9640040039594,822.9640040039594,822.9640040039594,822.9640040039594,822.9640040039594,0.06200597343558911,825.1147748172589,[68.0],[-306.0],[1],[0],[0],[2.1501381741963996],825.1154641914582,825.1185435672814,None,,,,,,,,,,,,,ED32,001,2024-02-02_17h32.43.736,rating,2023.2.3,60.027125362353175,2024-02-02 17h32.55.207902 +0800,
neu_48.jpg,0,143,143,327,825.1473821028994,,,,,,,,,,,,,,,,,,,,,,,825.1187767798929,,825.118804149588,825.1188104218108,825.1473821028994,826.1307775359819,826.1474032003734,827.1307581491128,827.1307581491128,827.4307659323713,827.3644622752945,827.3644708283246,827.4307659323713,827.4307659323713,827.4307659323713,827.4307659323713,827.4307659323713,827.4307659323713,0.06201595197126153,828.8814675516587,[-206.0],[-283.0],[1],[0],[0],[1.4500242193280428],828.8821058927824,828.8852297443591,None,,,,,,,,,,,,,ED32,001,2024-02-02_17h32.43.736,rating,2023.2.3,60.027125362353175,2024-02-02 17h32.55.207902 +0800,
neg_54.jpg,0,144,144,142,828.9141780438604,,,,,,,,,,,,,,,,,,,,,,,828.8854717951017,,828.8855028711096,828.8855099986358,828.9141780438604,829.8975118951275,829.914177188557,830.8975104696219,830.8975104696219,831.1975142614647,831.1310403990974,831.1310486670245,831.1975142614647,831.1975142614647,831.1975142614647,831.1975142614647,831.1975142614647,831.1975142614647,0.06206014262534154,833.5815769449091,[-354.0],[-323.0],[1],[0],[0],[2.383423201918049],833.5822112946189,833.5853750603346,None,,,,,,,,,,,,,ED32,001,2024-02-02_17h32.43.736,rating,2023.2.3,60.027125362353175,2024-02-02 17h32.55.207902 +0800,
neg_28.jpg,0,145,145,113,833.6142344083255,,,,,,,,,,,,,,,,,,,,,,,833.5856025709272,,833.5856327916335,833.585639919158,833.6142344083255,834.59760475252,834.6142520845879,835.5976090290351,835.5976090290351,835.8976151016868,835.8311780173462,835.8311865703763,835.8976151016868,835.8976151016868,835.8976151016868,835.8976151016868,835.8976151016868,835.8976151016868,0.06203077722238959,836.2483346538265,[-247.0],[-326.0],[1],[0],[0],[0.3500834918249893],836.2489801224747,836.2520709023374,None,,,,,,,,,,,,,ED32,001,2024-02-02_17h32.43.736,rating,2023.2.3,60.027125362353175,2024-02-02 17h32.55.207902 +0800,
neg_120.jpg,0,146,146,24,836.28095676472,,,,,,,,,,,,,,,,,,,,,,,836.2522932811116,,836.2523223614116,836.2523292038368,836.28095676472,837.2643122836635,837.2809764366884,838.264346780883,838.264346780883,838.564338598484,838.4979308795464,838.4979394325765,838.564338598484,838.564338598484,838.564338598484,838.564338598484,838.564338598484,838.564338598484,0.062064419140369864,839.6315902163606,[-247.0],[173.0],[1],[0],[0],[1.0666155575618177],839.6322342595031,839.6354239694101,None,,,,,,,,,,,,,ED32,001,2024-02-02_17h32.43.736,rating,2023.2.3,60.027125362353175,2024-02-02 17h32.55.207902 +0800,
neu_63.jpg,0,147,147,344,839.6643699881042,,,,,,,,,,,,,,,,,,,,,,,839.6356469183866,,839.6356762837895,839.6356831262128,839.6643699881042,840.6477685572954,840.6643828176475,841.6477215156319,841.6477215156319,841.9477737746438,841.8812745382875,841.8812830913157,841.9477737746438,841.9477737746438,841.9477737746438,841.9477737746438,841.9477737746438,841.9477737746438,0.06214795372943627,843.6817152474014,[100.0],[-279.0],[1],[0],[0],[1.7332749066372344],843.6823966387747,843.6854842825251,None,,,,,,,,,,,,,ED32,001,2024-02-02_17h32.43.736,rating,2023.2.3,60.027125362353175,2024-02-02 17h32.55.207902 +0800,
neg_44.jpg,0,148,148,131,843.7144516837925,,,,,,,,,,,,,,,,,,,,,,,843.6857097974116,,843.6857391628128,843.6857460052361,843.7144516837925,844.6978168961687,844.7144750620737,845.6978231683916,845.6978231683916,845.9978335175565,845.9313696337231,845.931377901652,845.9978335175565,845.9978335175565,845.9978335175565,845.9978335175565,845.9978335175565,845.9978335175565,0.06214453251777741,846.998530019282,[-98.0],[-35.0],[1],[0],[0],[1.000046186360123],846.9991883174753,847.00224288951,None,,,,,,,,,,,,,ED32,001,2024-02-02_17h32.43.736,rating,2023.2.3,60.027125362353175,2024-02-02 17h32.55.207902 +0800,
neu_82.jpg,0,149,149,365,847.031194895324,,,,,,,,,,,,,,,,,,,,,,,847.0024658384864,,847.0024954889905,847.0025026165149,847.031194895324,848.0145586821964,848.0312296776465,849.0145655246197,849.0145655246197,849.3145835715113,849.2480940285895,849.2481022965185,849.3145835715113,849.3145835715113,849.3145835715113,849.3145835715113,849.3145835715113,849.3145835715113,0.06213654968996707,850.1153572785861,[344.0],[293.0],[1],[0],[0],[0.8001251023160876],850.1160164320809,881.0323814856565,space,850.1479223692804,850.1479223692804,30.880949523154413,None,,,,,,,,,ED32,001,2024-02-02_17h32.43.736,rating,2023.2.3,60.027125362353175,2024-02-02 17h32.55.207902 +0800,
neu_38.jpg,0,150,150,316,881.0486350932533,,,,,,,,,,,,,,,,,,,,,,,881.032742708614,881.0486350932533,882.0321847659707,882.0321936041018,882.06527358719,883.0319894717904,883.0652943995628,884.0319817740638,884.0319817740638,884.3320200631279,884.2655171204588,884.2655251032866,884.3320200631279,884.3320200631279,884.3320200631279,884.3320200631279,884.3320200631279,884.3320200631279,0.04947492950122978,884.93270989349,[270.0],[154.0],[1],[0],[0],[0.6000534849463293],884.9333929954682,884.9364478526059,None,,,,,882.06527358719,,,,,,,,ED32,001,2024-02-02_17h32.43.736,rating,2023.2.3,60.027125362353175,2024-02-02 17h32.55.207902 +0800,
neu_120.jpg,0,151,151,216,884.9653425531196,,,,,,,,,,,,,,,,,,,,,,,884.9366511296139,,884.9366787844101,884.9366850566312,884.9653425531196,885.9487049144864,885.965357948573,886.9487285778687,886.9487285778687,887.2487226762787,887.1822875876442,887.1822958555731,887.2487226762787,887.2487226762787,887.2487226762787,887.2487226762787,887.2487226762787,887.2487226762787,0.062092929238133365,888.5827917602401,[140.0],[-318.0],[1],[0],[0],[1.3334341640511411],888.5834802791378,888.5865579443544,None,,,,,,,,,,,,,ED32,001,2024-02-02_17h32.43.736,rating,2023.2.3,60.027125362353175,2024-02-02 17h32.55.207902 +0800,
neu_43.jpg,0,152,152,322,888.6154181476486,,,,,,,,,,,,,,,,,,,,,,,888.5867820337353,,888.5868113991364,888.5868182415597,888.6154181476486,889.598788206742,889.6154477981509,890.5987927683564,890.5987927683564,890.8987979857047,890.8323734458081,890.8323822839393,890.8987979857047,890.8987979857047,890.8987979857047,890.8987979857047,890.8987979857047,890.8987979857047,0.06203790474683046,891.966145397515,[203.0],[232.0],[1],[0],[0],[1.0667050792726513],891.9668071169199,891.9698585528458,None,,,,,,,,,,,,,ED32,001,2024-02-02_17h32.43.736,rating,2023.2.3,60.027125362353175,2024-02-02 17h32.55.207902 +0800,
neu_21.jpg,0,153,153,298,891.9988199669915,,,,,,,,,,,,,,,,,,,,,,,891.9700857783373,,891.9701151437384,891.9701219861618,891.9988199669915,892.9821934472966,892.9988467664843,893.9821954430026,893.9821954430026,894.2822023709577,894.2157898053028,894.2157992136345,894.2822023709577,894.2822023709577,894.2822023709577,894.2822023709577,894.2822023709577,894.2822023709577,0.0621388304989523,896.6163267645115,[-61.0],[-207.0],[1],[0],[0],[2.3334050837511313],896.617010436692,896.6201320074633,None,,,,,,,,,,,,,ED32,001,2024-02-02_17h32.43.736,rating,2023.2.3,60.027125362353175,2024-02-02 17h32.55.207902 +0800,
neu_28.jpg,0,154,154,305,896.6489012635393,,,,,,,,,,,,,,,,,,,,,,,896.6204826816829,,896.6205148980953,896.6205231660242,896.6489012635393,897.6323833673232,897.6489440286896,898.6322955562173,898.6322955562173,898.9323019139702,898.8658711018506,898.8658796548807,898.9323019139702,898.9323019139702,898.9323019139702,898.9323019139702,898.9323019139702,898.9323019139702,0.06183576814328262,900.1331099472027,[170.0],[124.0],[1],[0],[0],[1.2001471691328334],900.133789057767,900.1368960883865,None,,,,,,,,,,,,,ED32,001,2024-02-02_17h32.43.736,rating,2023.2.3,60.027125362353175,2024-02-02 17h32.55.207902 +0800,
neg_145.jpg,0,155,155,51,900.1656952800677,,,,,,,,,,,,,,,,,,,,,,,900.1370985100912,,900.137125309584,900.1371315818069,900.1656952800677,901.1490282760315,901.1657166626428,902.149039965172,902.149039965172,902.4490451825204,902.3825832943949,902.382591562322,902.4490451825204,902.4490451825204,902.4490451825204,902.4490451825204,902.4490451825204,902.4490451825204,0.061972331517608836,905.9166244954795,[-218.0],[52.0],[1],[0],[0],[3.4669244359774893],905.9173275545272,905.9204782055986,None,,,,,,,,,,,,,ED32,001,2024-02-02_17h32.43.736,rating,2023.2.3,60.027125362353175,2024-02-02 17h32.55.207902 +0800,
neu_75.jpg,0,156,156,357,905.9491197364314,,,,,,,,,,,,,,,,,,,,,,,905.9206814826066,,905.9207079969983,905.9207142692194,905.9491197364314,906.9324866594125,906.9491476763287,907.9324986336542,907.9324986336542,908.2325640073122,908.166337042403,908.1663487315436,908.2325640073122,908.2325640073122,908.2325640073122,908.2325640073122,908.2325640073122,908.2325640073122,0.061951234045409365,908.7668692119169,[313.0],[127.0],[1],[0],[0],[0.5334499016262271],908.7675768325807,908.7707574192555,None,,,,,,,,,,,,,ED32,001,2024-02-02_17h32.43.736,rating,2023.2.3,60.027125362353175,2024-02-02 17h32.55.207902 +0800,
neu_60.jpg,0,157,157,341,908.7992546889855,,,,,,,,,,,,,,,,,,,,,,,908.7709877808575,,908.7710191419665,908.7710259843898,908.7992546889855,909.7825506218196,909.799222187472,910.7825594599508,910.7825594599508,911.0825658177037,911.0160908149301,911.0160993679601,911.0825658177037,911.0825658177037,911.0825658177037,911.0825658177037,911.0825658177037,911.0825658177037,0.06159514290447987,914.0168104098357,[250.0],[-244.0],[1],[0],[0],[2.933591425759005],914.017481537574,914.0205982616262,None,,,,,,,,,,,,,ED32,001,2024-02-02_17h32.43.736,rating,2023.2.3,60.027125362353175,2024-02-02 17h32.55.207902 +0800,
neu_95.jpg,0,158,158,379,914.0493008040703,,,,,,,,,,,,,,,,,,,,,,,914.020800968432,,914.020828053026,914.0208340401477,914.0493008040703,915.0326574634182,915.049319335636,916.0326571783171,916.0326571783171,916.3326789315215,916.2662093456674,916.2662176135964,916.3326789315215,916.3326789315215,916.3326789315215,916.3326789315215,916.3326789315215,916.3326789315215,0.06190134137250425,918.0000801133792,[162.0],[190.0],[1],[0],[0],[1.6667411730595632],918.000758368642,918.0038192128995,None,,,,,,,,,,,,,ED32,001,2024-02-02_17h32.43.736,rating,2023.2.3,60.027125362353175,2024-02-02 17h32.55.207902 +0800,
neu_131.jpg,0,159,159,228,918.0327227515445,,,,,,,,,,,,,,,,,,,,,,,918.0040410214715,,918.0040698166722,918.0040769441966,918.0327227515445,919.016093095739,919.0327452745223,920.0161161889191,920.0161161889191,920.3160997385912,920.2496238805161,920.2496327186473,920.3160997385912,920.3160997385912,920.3160997385912,920.3160997385912,920.3160997385912,920.3160997385912,0.062080099694867386,921.5168416283941,[195.0],[-273.0],[1],[0],[0],[1.2000553666130145],921.5175583722903,921.5206548541737,None,,,,,,,,,,,,,ED32,001,2024-02-02_17h32.43.736,rating,2023.2.3,60.027125362353175,2024-02-02 17h32.55.207902 +0800,
neg_110.jpg,0,160,160,13,921.5494588925721,,,,,,,,,,,,,,,,,,,,,,,921.5208829349667,,921.5209128705719,921.5209194278941,921.5494588925721,922.5328414961077,922.5494797049432,923.5328480534317,923.5328480534317,923.832882065979,923.766372851087,923.7663808339148,923.832882065979,923.832882065979,923.832882065979,923.832882065979,923.832882065979,923.832882065979,0.062033343130678986,927.633624982147,[-309.0],[174.0],[1],[0],[0],[3.800050120755259],927.6342981055896,927.6373384225772,None,,,,,,,,,,,,,ED32,001,2024-02-02_17h32.43.736,rating,2023.2.3,60.027125362353175,2024-02-02 17h32.55.207902 +0800,
neg_106.jpg,0,161,161,8,927.6662602076849,,,,,,,,,,,,,,,,,,,,,,,927.6375639374619,,927.637593587966,927.6376007154904,927.6662602076849,928.6496214286472,928.6662741776345,929.6496311220817,929.6496311220817,929.9496366245312,929.8831610515554,929.8831696045854,929.9496366245312,929.9496366245312,929.9496366245312,929.9496366245312,929.9496366245312,929.9496366245312,0.062094924944176455,931.2170442496699,[-271.0],[-195.0],[1],[0],[0],[1.2667382080089737],931.2177222198316,931.2207719451508,None,,,,,,,,,,,,,ED32,001,2024-02-02_17h32.43.736,rating,2023.2.3,60.027125362353175,2024-02-02 17h32.55.207902 +0800,
neg_15.jpg,0,162,162,56,931.2496694966758,,,,,,,,,,,,,,,,,,,,,,,931.2209749370577,,931.2210017365505,931.2210080087734,931.2496694966758,932.2330349941512,932.2496854623314,933.2330392706663,933.2330392706663,933.5330470539247,933.4666307819552,933.4666393349853,933.5330470539247,933.5330470539247,933.5330470539247,933.5330470539247,933.5330470539247,933.5330470539247,0.06209606535048806,935.7339334899298,[-325.0],[198.0],[1],[0],[0],[2.200177389837336],935.7346271406459,935.7376703086429,None,,,,,,,,,,,,,ED32,001,2024-02-02_17h32.43.736,rating,2023.2.3,60.027125362353175,2024-02-02 17h32.55.207902 +0800,
neu_17.jpg,0,163,163,270,935.7664763427474,,,,,,,,,,,,,,,,,,,,,,,935.7378929725182,,935.7379229081216,935.7379300356461,935.7664763427474,936.7497919475518,936.7664789086575,937.7498059174995,937.7498059174995,938.0498119901513,937.9833355618739,937.983344114904,938.0498119901513,938.0498119901513,938.0498119901513,938.0498119901513,938.0498119901513,938.0498119901513,0.061949238339366275,940.8506695169162,[16.0],[-347.0],[1],[0],[0],[2.8001564634250826],940.8513548997034,940.8543322093701,None,,,,,,,,,,,,,ED32,001,2024-02-02_17h32.43.736,rating,2023.2.3,60.027125362353175,2024-02-02 17h32.55.207902 +0800,
neg_89.jpg,0,164,164,180,940.8832357480151,,,,,,,,,,,,,,,,,,,,,,,940.8545560136499,,940.854585664154,940.8545925065773,940.8832357480151,941.866630040693,941.8832289055917,942.8665784374134,942.8665784374134,943.1665930630952,943.1002286795065,943.1002369474354,943.1665930630952,943.1665930630952,943.1665930630952,943.1665930630952,943.1665930630952,943.1665930630952,0.06205871711972577,946.9008421598228,[-356.0],[302.0],[1],[0],[0],[3.733506123540792],946.9015808564964,946.9046665045407,None,,,,,,,,,,,,,ED32,001,2024-02-02_17h32.43.736,rating,2023.2.3,60.027125362353175,2024-02-02 17h32.55.207902 +0800,
neu_183.jpg,0,165,165,285,946.9333613492581,,,,,,,,,,,,,,,,,,,,,,,946.904889168416,,946.9049193891206,946.904926516645,946.9333613492581,947.9166105255299,947.933356787642,948.9167094555742,948.9167094555742,949.2167195196398,949.1502984009549,949.150307239086,949.2167195196398,949.2167195196398,949.2167195196398,949.2167195196398,949.2167195196398,949.2167195196398,0.061850308293287526,952.9509478039963,[-191.0],[155.0],[1],[0],[0],[3.7335440419738006],952.9516628372858,952.9547248219478,None,,,,,,,,,,,,,ED32,001,2024-02-02_17h32.43.736,rating,2023.2.3,60.027125362353175,2024-02-02 17h32.55.207902 +0800,
neg_53.jpg,0,166,166,141,952.9834960737317,,,,,,,,,,,,,,,,,,,,,,,952.9549474858231,,952.954976566125,952.9549834085483,952.9834960737317,953.9668424694428,953.9834980694395,954.9668336313116,954.9668336313116,955.2668539590122,955.2003732542198,955.2003815221487,955.2668539590122,955.2668539590122,955.2668539590122,955.2668539590122,955.2668539590122,955.2668539590122,0.061930136571390904,956.4676280652293,[-200.0],[60.0],[1],[0],[0],[1.2000399711578211],956.4682920654413,956.4713979556564,None,,,,,,,,,,,,,ED32,001,2024-02-02_17h32.43.736,rating,2023.2.3,60.027125362353175,2024-02-02 17h32.55.207902 +0800,
neg_146.jpg,0,167,167,52,956.5002299339521,,,,,,,,,,,,,,,,,,,,,,,956.4716286023595,,956.4716571124573,956.4716633846801,956.5002299339521,957.483583742287,957.5002404826882,958.4836142480945,958.4836142480945,958.7836494010462,958.7171216545903,958.7171302076204,958.7836494010462,958.7836494010462,958.7836494010462,958.7836494010462,958.7836494010462,958.7836494010462,0.06206555954486248,960.25115259204,[-285.0],[166.0],[1],[0],[0],[1.466745392554003],960.2518949950245,960.2549296099914,None,,,,,,,,,,,,,ED32,001,2024-02-02_17h32.43.736,rating,2023.2.3,60.027125362353175,2024-02-02 17h32.55.207902 +0800,
neu_106.jpg,0,168,168,200,960.2836509691024,,,,,,,,,,,,,,,,,,,,,,,960.2551337423029,,960.2551608268968,960.255167384219,960.2836509691024,961.2669811140549,961.2836589519302,962.2670238792052,962.2670238792052,962.5670091394841,962.5005318559033,962.5005404089334,962.5670091394841,962.5670091394841,962.5670091394841,962.5670091394841,962.5670091394841,962.5670091394841,0.06189963076576532,967.4345429503228,[378.0],[-254.0],[1],[0],[0],[4.866817352045473],967.4352360308367,967.4382834753469,None,,,,,,,,,,,,,ED32,001,2024-02-02_17h32.43.736,rating,2023.2.3,60.027125362353175,2024-02-02 17h32.55.207902 +0800,
neg_152.jpg,0,169,169,59,967.4671396872272,,,,,,,,,,,,,,,,,,,,,,,967.4385064243234,,967.4385360748274,967.4385429172507,967.4671396872272,968.4504769597061,968.4671884394975,969.4504926402606,969.4504926402606,969.7505206656879,969.6840356843823,969.6840442374105,969.7505206656879,969.7505206656879,969.7505206656879,969.7505206656879,969.7505206656879,969.7505206656879,0.06203362823180214,970.551230225039,[-363.0],[317.0],[1],[0],[0],[0.8000116321200039],970.5519532411563,970.555008383395,None,,,,,,,,,,,,,ED32,001,2024-02-02_17h32.43.736,rating,2023.2.3,60.027125362353175,2024-02-02 17h32.55.207902 +0800,
neu_149.jpg,0,170,170,247,970.583847204116,,,,,,,,,,,,,,,,,,,,,,,970.5552310472704,,970.5552618381771,970.5552689657034,970.583847204116,971.5672249609343,971.5838651654776,972.5672563220432,972.5672563220432,972.8672407270205,972.800755460612,972.800764013642,972.8672407270205,972.8672407270205,972.8672407270205,972.8672407270205,972.8672407270205,972.8672407270205,0.06202707090960757,975.4680465934853,[191.0],[-359.0],[1],[0],[0],[2.6000295364628982],975.4687761669265,975.4718375813864,None,,,,,,,,,,,,,ED32,001,2024-02-02_17h32.43.736,rating,2023.2.3,60.027125362353175,2024-02-02 17h32.55.207902 +0800,
neg_109.jpg,0,171,171,11,975.500621092513,,,,,,,,,,,,,,,,,,,,,,,975.4720608154639,,975.4720907510673,975.4720978785936,975.500621092513,976.4839820283742,976.5006356326649,977.4839954281215,977.4839954281215,977.7839977944586,977.717544174262,977.7175524421909,977.7839977944586,977.7839977944586,977.7839977944586,977.7839977944586,977.7839977944586,977.7839977944586,0.06195722116717661,980.1182576109859,[-182.0],[-48.0],[1],[0],[0],[2.333540506720965],980.1189638061442,980.1220103953528,None,,,,,,,,,,,,,ED32,001,2024-02-02_17h32.43.736,rating,2023.2.3,60.027125362353175,2024-02-02 17h32.55.207902 +0800,
neu_86.jpg,0,172,172,369,980.1507705281983,,,,,,,,,,,,,,,,,,,,,,,980.1222299231176,,980.1222592885206,980.1222661309439,980.1507705281983,981.1341001029505,981.1507525668367,982.1340921201227,982.1340921201227,982.4341024692894,982.3676554064132,982.367663389241,982.4341024692894,982.4341024692894,982.4341024692894,982.4341024692894,982.4341024692894,982.4341024692894,0.061897635057903244,983.3015578773557,[259.0],[170.0],[1],[0],[0],[0.8667395194734127],983.3022828891808,983.3052279824351,None,,,,,,,,,,,,,ED32,001,2024-02-02_17h32.43.736,rating,2023.2.3,60.027125362353175,2024-02-02 17h32.55.207902 +0800,
neu_55.jpg,0,173,173,335,983.3341178362316,,,,,,,,,,,,,,,,,,,,,,,983.3054489357037,,983.3054785862078,983.3054857137322,983.3341178362316,984.3174782018923,984.3341323763834,985.3175027205762,985.3175027205762,985.6174985295929,985.5510531773234,985.5510614452523,985.6174985295929,985.6174985295929,985.6174985295929,985.6174985295929,985.6174985295929,985.6174985295929,0.062069265855825506,987.4849319848818,[93.0],[-226.0],[1],[0],[0],[1.8667284005350666],987.4856336184257,987.4886408636976,None,,,,,,,,,,,,,ED32,001,2024-02-02_17h32.43.736,rating,2023.2.3,60.027125362353175,2024-02-02 17h32.55.207902 +0800,
neu_1.jpg,0,174,174,192,987.5175421215336,,,,,,,,,,,,,,,,,,,,,,,987.4888672338857,,987.4888971694891,987.4889037268131,987.5175421215336,988.5009161720409,988.5175868823899,989.5009170273443,989.5009170273443,989.8009493292866,989.7344814540393,989.7344900070675,989.8009493292866,989.8009493292866,989.8009493292866,989.8009493292866,989.8009493292866,989.8009493292866,0.062108609794449876,990.3350558184993,[28.0],[-196.0],[1],[0],[0],[0.5333330102184846],990.3357594477493,990.3388265642279,None,,,,,,,,,,,,,ED32,001,2024-02-02_17h32.43.736,rating,2023.2.3,60.027125362353175,2024-02-02 17h32.55.207902 +0800,
neg_40.jpg,0,175,175,127,990.3676066541448,,,,,,,,,,,,,,,,,,,,,,,990.3390506536089,,990.3390803041129,990.3390871465363,990.3676066541448,991.3509590369758,991.3676254708098,992.3509784238431,992.3509784238431,992.6509813603825,992.5845625225065,992.5845713606359,992.6509813603825,992.6509813603825,992.6509813603825,992.6509813603825,992.6509813603825,992.6509813603825,0.061953229751452454,993.6517568350828,[-162.0],[-295.0],[1],[0],[0],[1.0000370631296391],993.6524664514545,993.6554902325825,None,,,,,,,,,,,,,ED32,001,2024-02-02_17h32.43.736,rating,2023.2.3,60.027125362353175,2024-02-02 17h32.55.207902 +0800,
neg_56.jpg,0,176,176,144,993.6844014689559,,,,,,,,,,,,,,,,,,,,,,,993.6556920840867,,993.6557194537818,993.655726011104,993.6844014689559,994.6677259118896,994.6844296939526,995.6677187843652,995.6677187843652,995.9677251421163,995.901276083534,995.9012843514629,995.9677251421163,995.9677251421163,995.9677251421163,995.9677251421163,995.9677251421163,995.9677251421163,0.062057006512986845,996.3684639528292,[-238.0],[-238.0],[1],[0],[0],[0.40001921580733324],996.3691724287964,996.3721922185105,None,,,,,,,,,,,,,ED32,001,2024-02-02_17h32.43.736,rating,2023.2.3,60.027125362353175,2024-02-02 17h32.55.207902 +0800,
neu_54.jpg,0,177,177,334,996.4010604046325,,,,,,,,,,,,,,,,,,,,,,,996.3724183035993,,996.3724476690004,996.3724545114237,996.4010604046325,997.3844980326612,997.4010820723088,998.3844412975632,998.3844412975632,998.6844482255183,998.6180008775409,998.6180100007732,998.6844482255183,998.6844482255183,998.6844482255183,998.6844482255183,998.6844482255183,998.6844482255183,0.062051589595284895,1000.8852807774365,[19.0],[-284.0],[1],[0],[0],[2.200072757774251],1000.8859912491116,1000.8890207322602,None,,,,,,,,,,,,,ED32,001,2024-02-02_17h32.43.736,rating,2023.2.3,60.027125362353175,2024-02-02 17h32.55.207902 +0800,
neg_111.jpg,0,178,178,14,1000.9178318981831,,,,,,,,,,,,,,,,,,,,,,,1000.8892231539648,,1000.8892505236599,1000.889256795881,1000.9178318981831,1001.9011959701547,1001.9178749484327,1002.9012025274787,1002.9012025274787,1003.2012120213403,1003.1347504183159,1003.1347586862448,1003.2012120213403,1003.2012120213403,1003.2012120213403,1003.2012120213403,1003.2012120213403,1003.2012120213403,0.06201395626339945,1004.2019994702823,[-231.0],[155.0],[1],[0],[0],[1.0000310760078719],1004.2027159290774,1004.2058608781281,None,,,,,,,,,,,,,ED32,001,2024-02-02_17h32.43.736,rating,2023.2.3,60.027125362353175,2024-02-02 17h32.55.207902 +0800,
neg_77.jpg,0,179,179,167,1004.2345716885029,,,,,,,,,,,,,,,,,,,,,,,1004.2060843973068,,1004.2061140478108,1004.2061211753353,1004.2345716885029,1005.2179768150181,1005.2346070410258,1006.2179813766343,1006.2179813766343,1006.5179960023142,1006.4514785194933,1006.4514870725234,1006.5179960023142,1006.5179960023142,1006.5179960023142,1006.5179960023142,1006.5179960023142,1006.5179960023142,0.06194695753038104,1009.3187851048424,[100.0],[-90.0],[1],[0],[0],[2.8000313040902256],1009.319540337372,1043.1191867551206,space,1009.3513416425067,1009.3513416425067,33.75960369821587,None,,,,,,,,,ED32,001,2024-02-02_17h32.43.736,rating,2023.2.3,60.027125362353175,2024-02-02 17h32.55.207902 +0800,
neg_11.jpg,0,180,180,12,1043.1353998783761,,,,,,,,,,,,,,,,,,,,,,,1043.1195719265615,1043.1353998783761,1044.1190077116971,1044.119015694525,1044.1521005243303,1045.1188186897398,1045.1521093624615,1046.118798162468,1046.118798162468,1046.418806515927,1046.3523591679514,1046.3523674358803,1046.418806515927,1046.418806515927,1046.418806515927,1046.418806515927,1046.418806515927,1046.418806515927,0.0494506959184946,1048.2196198520396,[-147.0],[-39.0],[1],[0],[0],[1.8000199000489374],1048.2204132881016,1048.2234749876625,None,,,,,1044.1521005243303,,,,,,,,ED32,001,2024-02-02_17h32.43.736,rating,2023.2.3,60.027125362353175,2024-02-02 17h32.55.207902 +0800,
neg_5.jpg,0,181,181,137,1048.252210316723,,,,,,,,,,,,,,,,,,,,,,,1048.2237056343656,,1048.223736140173,1048.2237426974953,1048.252210316723,1049.2355492998067,1049.2522177293486,1050.2355512955146,1050.2355512955146,1050.5355607893762,1050.4690886376138,1050.4690969055428,1050.5355607893762,1050.5355607893762,1050.5355607893762,1050.5355607893762,1050.5355607893762,1050.5355607893762,0.06187425677671854,1051.736392771094,[-293.0],[-111.0],[1],[0],[0],[1.2000713322686352],1051.7370815750928,1051.7401826185906,None,,,,,,,,,,,,,ED32,001,2024-02-02_17h32.43.736,rating,2023.2.3,60.027125362353175,2024-02-02 17h32.55.207902 +0800,
neg_34.jpg,0,182,182,120,1051.768921653962,,,,,,,,,,,,,,,,,,,,,,,1051.7404049973647,,1051.740435218071,1051.7404423455955,1051.768921653962,1052.7523187976494,1052.7689555809811,1053.7523173721456,1053.7523173721456,1054.0523291468162,1053.9858273445498,1053.9858356124787,1054.0523291468162,1054.0523291468162,1054.0523291468162,1054.0523291468162,1054.0523291468162,1054.0523291468162,0.061945817127707414,1055.0532423252953,[18.0],[-65.0],[1],[0],[0],[1.0001385590821883],1055.0539565032832,1055.0570544106704,None,,,,,,,,,,,,,ED32,001,2024-02-02_17h32.43.736,rating,2023.2.3,60.027125362353175,2024-02-02 17h32.55.207902 +0800,
neu_74.jpg,0,183,183,356,1055.0856671463025,,,,,,,,,,,,,,,,,,,,,,,1055.0572767894446,,1055.0573061548457,1055.0573129972709,1055.0856671463025,1056.0690166781242,1056.085676554636,1057.0690568773643,1057.0690568773643,1057.3690441333492,1057.302563713658,1057.3025731219914,1057.3690441333492,1057.3690441333492,1057.3690441333492,1057.3690441333492,1057.3690441333492,1057.3690441333492,0.0617884413786669,1059.2365129411628,[113.0],[214.0],[1],[0],[0],[1.8667244091211614],1059.2372445103101,1059.2403236010323,None,,,,,,,,,,,,,ED32,001,2024-02-02_17h32.43.736,rating,2023.2.3,60.027125362353175,2024-02-02 17h32.55.207902 +0800,
neu_165.jpg,0,184,184,265,1059.269086299786,,,,,,,,,,,,,,,,,,,,,,,1059.2405471202092,,1059.240576200511,1059.2405830429343,1059.269086299786,1060.2523648414608,1060.2691011250372,1061.2524583545855,1061.2524583545855,1061.552463857035,1061.4860632656219,1061.486072103753,1061.552463857035,1061.552463857035,1061.552463857035,1061.552463857035,1061.552463857035,1061.552463857035,0.06193925980369386,1063.6199632276748,[58.0],[-194.0],[1],[0],[0],[2.066701087860565],1063.6206999286405,1063.6237787342616,None,,,,,,,,,,,,,ED32,001,2024-02-02_17h32.43.736,rating,2023.2.3,60.027125362353175,2024-02-02 17h32.55.207902 +0800,
neu_83.jpg,0,185,185,366,1063.6525106421086,,,,,,,,,,,,,,,,,,,,,,,1063.6240071001557,,1063.6240376059613,1063.6240447334876,1063.6525106421086,1064.6358752842825,1064.6525314544797,1065.635922325946,1065.635922325946,1065.9359229816782,1065.8694186135035,1065.8694268814324,1065.9359229816782,1065.9359229816782,1065.9359229816782,1065.9359229816782,1065.9359229816782,1065.9359229816782,0.061934983288665535,1069.1368564593486,[150.0],[255.0],[1],[0],[0],[3.2001360501944873],1069.1375786201625,1069.1406759573492,None,,,,,,,,,,,,,ED32,001,2024-02-02_17h32.43.736,rating,2023.2.3,60.027125362353175,2024-02-02 17h32.55.207902 +0800,
neu_10.jpg,0,186,186,193,1069.1693226199986,,,,,,,,,,,,,,,,,,,,,,,1069.14089748082,,1069.1409271313223,1069.1409342588486,1069.1693226199986,1070.1526678753053,1070.1693146371708,1071.1526650242959,1071.1526650242959,1071.452675943663,1071.3862049323052,1071.3862134853352,1071.452675943663,1071.452675943663,1071.452675943663,1071.452675943663,1071.452675943663,1071.452675943663,0.06181353026659053,1072.2535656868422,[288.0],[287.0],[1],[0],[0],[0.8000298785827908],1072.2543163577557,1072.2574447709485,None,,,,,,,,,,,,,ED32,001,2024-02-02_17h32.43.736,rating,2023.2.3,60.027125362353175,2024-02-02 17h32.55.207902 +0800,
neu_85.jpg,0,187,187,368,1072.2860284262806,,,,,,,,,,,,,,,,,,,,,,,1072.2576631583088,,1072.2576905280057,1072.2576968002268,1072.2860284262806,1073.2694221487563,1073.2860486684513,1074.269395919464,1074.269395919464,1074.569433923427,1074.5029631971684,1074.5029711799962,1074.569433923427,1074.569433923427,1074.569433923427,1074.569433923427,1074.569433923427,1074.569433923427,0.061814955770387314,1078.437006508002,[355.0],[-200.0],[1],[0],[0],[3.866763753057967],1078.437804220579,1078.4409035534718,None,,,,,,,,,,,,,ED32,001,2024-02-02_17h32.43.736,rating,2023.2.3,60.027125362353175,2024-02-02 17h32.55.207902 +0800,
neu_125.jpg,0,188,188,221,1078.4695339653645,,,,,,,,,,,,,,,,,,,,,,,1078.44112992366,,1078.441159289061,1078.4411661314862,1078.4695339653645,1079.4528495701688,1079.4695171444073,1080.4528923353173,1080.4528923353173,1080.752877310495,1080.6864062991353,1080.6864151372665,1080.752877310495,1080.752877310495,1080.752877310495,1080.752877310495,1080.752877310495,1080.752877310495,0.061767629005771596,1084.753792484682,[78.0],[-206.0],[1],[0],[0],[4.0001499631234765],1084.754533747262,1084.757650471316,None,,,,,,,,,,,,,ED32,001,2024-02-02_17h32.43.736,rating,2023.2.3,60.027125362353175,2024-02-02 17h32.55.207902 +0800,
neu_76.jpg,0,189,189,358,1084.7863016955816,,,,,,,,,,,,,,,,,,,,,,,1084.757893092261,,1084.7579238831677,1084.7579310106921,1084.7863016955816,1085.7697584253765,1085.7863227930557,1086.7696697589672,1086.7696697589672,1087.0696778273268,1087.0032307644506,1087.0032396025817,1087.0696778273268,1087.0696778273268,1087.0696778273268,1087.0696778273268,1087.0696778273268,1087.0696778273268,0.06180839844819275,1088.0705148838406,[293.0],[200.0],[1],[0],[0],[1.0000359227251465],1088.0712558613213,1088.0744033762803,None,,,,,,,,,,,,,ED32,001,2024-02-02_17h32.43.736,rating,2023.2.3,60.027125362353175,2024-02-02 17h32.55.207902 +0800,
neg_94.jpg,0,190,190,186,1088.103065434385,,,,,,,,,,,,,,,,,,,,,,,1088.0746325974796,,1088.074662247982,1088.0746693755063,1088.103065434385,1089.0863901624198,1089.103069996001,1090.0864098343882,1090.0864098343882,1090.3864218941599,1090.319948316892,1090.3199565848208,1090.3864218941599,1090.3864218941599,1090.3864218941599,1090.3864218941599,1090.3864218941599,1090.3864218941599,0.06181353026659053,1091.520604961499,[-149.0],[-159.0],[1],[0],[0],[1.1334021757193113],1091.5213505005959,1091.5244977304537,None,,,,,,,,,,,,,ED32,001,2024-02-02_17h32.43.736,rating,2023.2.3,60.027125362353175,2024-02-02 17h32.55.207902 +0800,
neg_18.jpg,0,191,191,89,1091.5531230105298,,,,,,,,,,,,,,,,,,,,,,,1091.5247198241268,,1091.524749759732,1091.5247568872564,1091.5531230105298,1092.5364605681098,1092.5531483845189,1093.536477959271,1093.536477959271,1093.8365017081833,1093.7700147311698,1093.7700229990987,1093.8365017081833,1093.8365017081833,1093.8365017081833,1093.8365017081833,1093.8365017081833,1093.8365017081833,0.06180298152867181,1094.9706582611307,[-324.0],[151.0],[1],[0],[0],[1.133361121175767],1094.9713972429035,1094.9744751932212,None,,,,,,,,,,,,,ED32,001,2024-02-02_17h32.43.736,rating,2023.2.3,60.027125362353175,2024-02-02 17h32.55.207902 +0800,
neu_105.jpg,0,192,192,199,1095.0031805866765,,,,,,,,,,,,,,,,,,,,,,,1094.9746972868943,,1094.9747269373966,1094.9747337798217,1095.0031805866765,1095.9865934109184,1096.0032011139465,1096.986573453849,1096.986573453849,1097.286563275742,1097.2200945451914,1097.2201025280192,1097.286563275742,1097.286563275742,1097.286563275742,1097.286563275742,1097.286563275742,1097.286563275742,0.061917307028124924,1098.9540847702192,[145.0],[48.0],[1],[0],[0],[1.6667018291227578],1098.9548294540127,1098.9579131063492,None,,,,,,,,,,,,,ED32,001,2024-02-02_17h32.43.736,rating,2023.2.3,60.027125362353175,2024-02-02 17h32.55.207902 +0800,
neg_17.jpg,0,193,193,78,1098.986625627329,,,,,,,,,,,,,,,,,,,,,,,1098.9581340596196,,1098.9581634250208,1098.958170552547,1098.986625627329,1099.9699503553657,1099.9866749498015,1100.969974303849,1100.969974303849,1101.2699980527614,1101.2035239052911,1101.20353217322,1101.2699980527614,1101.2699980527614,1101.2699980527614,1101.2699980527614,1101.2699980527614,1101.2699980527614,0.06188765652404982,1103.270991914822,[-150.0],[-110.0],[1],[0],[0],[2.0001756222118274],1103.271710369323,1103.2747486906028,None,,,,,,,,,,,,,ED32,001,2024-02-02_17h32.43.736,rating,2023.2.3,60.027125362353175,2024-02-02 17h32.55.207902 +0800,
neg_33.jpg,0,194,194,119,1103.3033625666394,,,,,,,,,,,,,,,,,,,,,,,1103.2749770564988,,1103.275006707001,1103.2750135494261,1103.3033625666394,1104.2867312002272,1104.3033836641134,1105.2867340512366,1105.2867340512366,1105.5867446855045,1105.5202842228828,1105.5202924908117,1105.5867446855045,1105.5867446855045,1105.5867446855045,1105.5867446855045,1105.5867446855045,1105.5867446855045,0.0617884413786669,1106.8543396219975,[-127.0],[132.0],[1],[0],[0],[1.2668017855303333],1106.855088012102,1106.8581368821197,None,,,,,,,,,,,,,ED32,001,2024-02-02_17h32.43.736,rating,2023.2.3,60.027125362353175,2024-02-02 17h32.55.207902 +0800,
neu_188.jpg,0,195,195,290,1106.8867681493157,,,,,,,,,,,,,,,,,,,,,,,1106.8583404442288,,1106.8583666735194,1106.8583729457405,1106.8867681493157,1107.8701399190159,1107.8867903871942,1108.8701843947692,1108.8701843947692,1109.170201016157,1109.1036764058117,1109.1036846737406,1109.170201016157,1109.170201016157,1109.170201016157,1109.170201016157,1109.170201016157,1109.170201016157,0.06188537571688357,1110.9710574025194,[196.0],[-72.0],[1],[0],[0],[1.80006523110751],1110.9718055075246,1110.9748572285516,None,,,,,,,,,,,,,ED32,001,2024-02-02_17h32.43.736,rating,2023.2.3,60.027125362353175,2024-02-02 17h32.55.207902 +0800,
neg_118.jpg,0,196,196,21,1111.0035343970085,,,,,,,,,,,,,,,,,,,,,,,1110.9750773265168,,1110.9751066919198,1110.9751138194442,1111.0035343970085,1111.9868805076167,1112.00354380534,1112.9868987540813,1112.9868987540813,1113.2868352620899,1113.2205036651158,1113.220512503247,1113.2868352620899,1113.2868352620899,1113.2868352620899,1113.2868352620899,1113.2868352620899,1113.2868352620899,0.06177760754144401,1115.0877988464254,[-331.0],[199.0],[1],[0],[0],[1.8001618803446036],1115.0885515130467,1115.0916163487182,None,,,,,,,,,,,,,ED32,001,2024-02-02_17h32.43.736,rating,2023.2.3,60.027125362353175,2024-02-02 17h32.55.207902 +0800,
neg_99.jpg,0,197,197,191,1115.1203054914167,,,,,,,,,,,,,,,,,,,,,,,1115.0918384423912,,1115.0918678077942,1115.0918746502175,1115.1203054914167,1116.1036327853599,1116.1203015000028,1117.1036553083395,1117.1036553083395,1117.4036109181143,1117.3371886590248,1117.3371969269538,1117.4036109181143,1117.4036109181143,1117.4036109181143,1117.4036109181143,1117.4036109181143,1117.4036109181143,0.061795283801984624,1119.07121537698,[-384.0],[212.0],[1],[0],[0],[1.6668007591670175],1119.071969184004,1119.0750300282634,None,,,,,,,,,,,,,ED32,001,2024-02-02_17h32.43.736,rating,2023.2.3,60.027125362353175,2024-02-02 17h32.55.207902 +0800,
neg_141.jpg,0,198,198,47,1119.1037057712147,,,,,,,,,,,,,,,,,,,,,,,1119.0752569686538,,1119.0752869042572,1119.0752937466805,1119.1037057712147,1120.0870661368735,1120.1037448300503,1121.0870869492464,1121.0870869492464,1121.403744345378,1121.3206046193773,1121.3206131724073,1121.403744345378,1121.403744345378,1121.403744345378,1121.403744345378,1121.403744345378,1121.403744345378,0.07854439692528103,1123.871306552277,[-367.0],[80.0],[1],[0],[0],[2.466708899628429],1123.8720577933927,1123.8751394500232,None,,,,,,,,,,,,,ED32,001,2024-02-02_17h32.43.736,rating,2023.2.3,60.027125362353175,2024-02-02 17h32.55.207902 +0800,
neu_2.jpg,0,199,199,296,1123.9038593836303,,,,,,,,,,,,,,,,,,,,,,,1123.875361258597,,1123.8753909090992,1123.8753980366237,1123.9038593836303,1124.887181545755,1124.903898157365,1125.8871804053524,1125.8871804053524,1126.203860609563,1126.1207086242212,1126.1207168921483,1126.203860609563,1126.203860609563,1126.203860609563,1126.203860609563,1126.203860609563,1126.203860609563,0.07851816763286479,1127.871390086868,[-107.0],[-323.0],[1],[0],[0],[1.666714943768966],1127.872142183287,1127.8751967553235,None,,,,,,,,,,,,,ED32,001,2024-02-02_17h32.43.736,rating,2023.2.3,60.027125362353175,2024-02-02 17h32.55.207902 +0800,
neg_178.jpg,0,200,200,87,1127.9038904596382,,,,,,,,,,,,,,,,,,,,,,,1127.8754208447044,,1127.87545135051,1127.8754581929334,1127.9038904596382,1128.887258808125,1128.9039326545844,1129.8872773396888,1129.8872773396888,1130.2039387272362,1130.1208018522448,1130.120810975477,1130.2039387272362,1130.2039387272362,1130.2039387272362,1130.2039387272362,1130.2039387272362,1130.2039387272362,0.07853726939902117,1131.4715849819077,[-151.0],[16.0],[1],[0],[0],[1.266786390076959],1131.4724129151891,1131.4755016993458,None,,,,,,,,,,,,,ED32,001,2024-02-02_17h32.43.736,rating,2023.2.3,60.027125362353175,2024-02-02 17h32.55.207902 +0800,
neg_30.jpg,0,201,201,116,1131.5039667526635,,,,,,,,,,,,,,,,,,,,,,,1131.4757049763539,,1131.4757314907456,1131.4757377629667,1131.5039667526635,1132.4873610453415,1132.5039844289258,1133.4873624708453,1133.4873624708453,1133.8040170159693,1133.7208790005734,1133.7208875536035,1133.8040170159693,1133.8040170159693,1133.8040170159693,1133.8040170159693,1133.8040170159693,1133.8040170159693,0.07833883910825534,1134.9382864689087,[-382.0],[360.0],[1],[0],[0],[1.1334241284966993],1134.939074488053,1134.9421912121052,None,,,,,,,,,,,,,ED32,001,2024-02-02_17h32.43.736,rating,2023.2.3,60.027125362353175,2024-02-02 17h32.55.207902 +0800,
neu_66.jpg,0,202,202,347,1134.9707138558242,,,,,,,,,,,,,,,,,,,,,,,1134.942393918911,,1134.9424207184038,1134.9424267055256,1134.9707138558242,1135.9540810639064,1135.9707255449648,1136.9541298161766,1136.9541298161766,1137.2707598426132,1137.1876640221653,1137.1876722900943,1137.2707598426132,1137.2707598426132,1137.2707598426132,1137.2707598426132,1137.2707598426132,1137.2707598426132,0.07839329339913093,1138.871627290895,[251.0],[-361.0],[1],[0],[0],[1.6000500637346704],1138.872402195393,1138.8758065863476,None,,,,,,,,,,,,,ED32,001,2024-02-02_17h32.43.736,rating,2023.2.3,60.027125362353175,2024-02-02 17h32.55.207902 +0800,
neu_137.jpg,0,203,203,234,1138.904149616441,,,,,,,,,,,,,,,,,,,,,,,1138.8760378032512,,1138.8760674537552,1138.8760742961786,1138.904149616441,1139.8875000035641,1139.9041447697236,1140.8874988631615,1140.8874988631615,1141.2041779269694,1141.121038771169,1141.121047324199,1141.2041779269694,1141.2041779269694,1141.2041779269694,1141.2041779269694,1141.2041779269694,1141.2041779269694,0.07816093608926167,1141.8050710343377,[335.0],[264.0],[1],[0],[0],[0.6000232642400078],1141.8058450835342,1141.8089270252658,None,,,,,,,,,,,,,ED32,001,2024-02-02_17h32.43.736,rating,2023.2.3,60.027125362353175,2024-02-02 17h32.55.207902 +0800,
neu_140.jpg,0,204,204,238,1141.8375260760495,,,,,,,,,,,,,,,,,,,,,,,1141.80914940404,,1141.8091790545423,1141.8091858969674,1141.8375260760495,1142.820894709639,1142.8375426119073,1143.8209263558492,1143.8209263558492,1144.1375760542542,1144.0545144459247,1144.054523284056,1144.1375760542542,1144.1375760542542,1144.1375760542542,1144.1375760542542,1144.1375760542542,1144.1375760542542,0.07845886662835255,1147.0052119312495,[308.0],[96.0],[1],[0],[0],[2.866714715686612],1147.0059665935769,1147.0090950067697,None,,,,,,,,,,,,,ED32,001,2024-02-02_17h32.43.736,rating,2023.2.3,60.027125362353175,2024-02-02 17h32.55.207902 +0800,
neg_61.jpg,0,205,205,150,1147.0376381777605,,,,,,,,,,,,,,,,,,,,,,,1147.0093056964033,,1147.009332495898,1147.009338768119,1147.0376381777605,1148.021014223974,1148.0376555689218,1149.0210224919028,1149.0210224919028,1149.337683309248,1149.2545450087528,1149.2545541319832,1149.337683309248,1149.337683309248,1149.337683309248,1149.337683309248,1149.337683309248,1149.337683309248,0.07840042092175281,1150.3385887900004,[-92.0],[-103.0],[1],[0],[0],[1.000051603279644],1150.3393728177307,1150.3424864056724,None,,,,,,,,,,,,,ED32,001,2024-02-02_17h32.43.736,rating,2023.2.3,60.027125362353175,2024-02-02 17h32.55.207902 +0800,
neg_165.jpg,0,206,206,73,1150.3710640738827,,,,,,,,,,,,,,,,,,,,,,,1150.34271819278,,1150.3427481283834,1150.3427552559097,1150.3710640738827,1151.3543936486349,1151.3710566612572,1152.3544175971183,1152.3544175971183,1152.671087822795,1152.587972900581,1152.58798116851,1152.671087822795,1152.671087822795,1152.671087822795,1152.671087822795,1152.671087822795,1152.671087822795,0.07839329339913093,1153.9385767017193,[-372.0],[353.0],[1],[0],[0],[1.2666113380673778],1153.9393290832377,1153.9424235694132,None,,,,,,,,,,,,,ED32,001,2024-02-02_17h32.43.736,rating,2023.2.3,60.027125362353175,2024-02-02 17h32.55.207902 +0800,
neg_107.jpg,0,207,207,9,1153.971121835344,,,,,,,,,,,,,,,,,,,,,,,1153.942651365107,,1153.942681015611,1153.9426881431355,1153.971121835344,1154.9544830563063,1154.971134094687,1155.9545098557992,1155.9545098557992,1156.2711626903165,1156.1880395001735,1156.1880480532036,1156.2711626903165,1156.2711626903165,1156.2711626903165,1156.2711626903165,1156.2711626903165,1156.2711626903165,0.07853356308623916,1157.5221325326183,[-65.0],[-328.0],[1],[0],[0],[1.2500655019539408],1157.5229578999933,1157.5260572328843,None,,,,,,,,,,,,,ED32,001,2024-02-02_17h32.43.736,rating,2023.2.3,60.027125362353175,2024-02-02 17h32.55.207902 +0800,
neu_192.jpg,0,208,208,295,1157.5545556430188,,,,,,,,,,,,,,,,,,,,,,,1157.5262798967597,,1157.5263092621626,1157.526316104586,1157.5545556430188,1158.53790802585,1158.554553932414,1159.5378986175183,1159.5378986175183,1159.854608757334,1159.7714704568389,1159.7714795800694,1159.854608757334,1159.854608757334,1159.854608757334,1159.854608757334,1159.854608757334,1159.854608757334,0.07834967294547823,1162.1389821723515,[-43.0],[-45.0],[1],[0],[0],[2.2834476920925226],1162.1397627788683,1162.1428213423187,None,,,,,,,,,,,,,ED32,001,2024-02-02_17h32.43.736,rating,2023.2.3,60.027125362353175,2024-02-02 17h32.55.207902 +0800,
neu_71.jpg,0,209,209,353,1162.1712929529604,,,,,,,,,,,,,,,,,,,,,,,1162.1431574763901,,1162.1431876970946,1162.1431942544168,1162.1712929529604,1163.154661301447,1163.1713123398276,1164.1546670034659,1164.1546670034659,1164.4713435013655,1164.3882071965763,1164.3882160347075,1164.4713435013655,1164.4713435013655,1164.4713435013655,1164.4713435013655,1164.4713435013655,1164.4713435013655,0.07820826285387739,1167.455643559897,[11.0],[-317.0],[1],[0],[0],[2.9834436151504633],1167.4564238813145,1201.3392787344037,space,1167.4880837763576,1167.4880837763576,33.84771358982289,None,,,,,,,,,ED32,001,2024-02-02_17h32.43.736,rating,2023.2.3,60.027125362353175,2024-02-02 17h32.55.207902 +0800,
neu_42.jpg,0,210,210,321,1201.3554978447792,,,,,,,,,,,,,,,,,,,,,,,1201.339629123524,1201.3554978447792,1202.3390711808806,1202.3390794488096,1202.3721545851804,1203.3388681889737,1203.3721716912405,1204.3388830142248,1204.3388830142248,1204.6555386997516,1204.5723981184474,1204.5724066714774,1204.6555386997516,1204.6555386997516,1204.6555386997516,1204.6555386997516,1204.6555386997516,1204.6555386997516,0.0661057257129869,1209.9065379074564,[134.0],[-111.0],[1],[0],[0],[5.2501236625557794],1209.9073145225611,1209.910390477171,None,,,,,1202.3721545851804,,,,,,,,ED32,001,2024-02-02_17h32.43.736,rating,2023.2.3,60.027125362353175,2024-02-02 17h32.55.207902 +0800,
neu_58.jpg,0,211,211,338,1209.9389872471475,,,,,,,,,,,,,,,,,,,,,,,1209.9106185579658,,1209.9106496339737,1209.910656476397,1209.9389872471475,1210.922340770383,1210.9390539607812,1211.922361582756,1211.922361582756,1212.2390360849477,1212.1558889463213,1212.1558974993513,1212.2390360849477,1212.2390360849477,1212.2390360849477,1212.2390360849477,1212.2390360849477,1212.2390360849477,0.07843662874984147,1213.156644178851,[304.0],[154.0],[1],[0],[0],[0.9166855070907332],1213.1574952053143,1213.1606378735578,None,,,,,,,,,,,,,ED32,001,2024-02-02_17h32.43.736,rating,2023.2.3,60.027125362353175,2024-02-02 17h32.55.207902 +0800,
neg_48.jpg,0,212,212,135,1213.1890553150097,,,,,,,,,,,,,,,,,,,,,,,1213.1608622480398,,1213.1608924687444,1213.1608995962688,1213.1890553150097,1214.172442195062,1214.189072991272,1215.17249636425,1215.17249636425,1215.4891015869016,1215.4059669927192,1215.4059755457474,1215.4891015869016,1215.4891015869016,1215.4891015869016,1215.4891015869016,1215.4891015869016,1215.4891015869016,0.07826100653801404,1217.4900620921453,[-347.0],[196.0],[1],[0],[0],[1.9999697792936786],1217.4908381370478,1217.4939896434225,None,,,,,,,,,,,,,ED32,001,2024-02-02_17h32.43.736,rating,2023.2.3,60.027125362353175,2024-02-02 17h32.55.207902 +0800,
neg_169.jpg,0,213,213,77,1217.5225100063326,,,,,,,,,,,,,,,,,,,,,,,1217.4942114519945,,1217.494241672699,1217.4942488002253,1217.5225100063326,1218.5058367300753,1218.5225396568367,1219.505871797497,1219.505871797497,1219.8225699630711,1219.7393888974275,1219.7393977355568,1219.8225699630711,1219.8225699630711,1219.8225699630711,1219.8225699630711,1219.8225699630711,1219.8225699630711,0.07837818304687971,1220.3235055219793,[-341.0],[285.0],[1],[0],[0],[0.5000486097178509],1220.3243154938991,1220.3273846060874,None,,,,,,,,,,,,,ED32,001,2024-02-02_17h32.43.736,rating,2023.2.3,60.027125362353175,2024-02-02 17h32.55.207902 +0800,
neg_166.jpg,0,214,214,74,1220.3558716121806,,,,,,,,,,,,,,,,,,,,,,,1220.3276084103654,,1220.3276380608695,1220.327645188394,1220.3558716121806,1221.3392462328902,1221.3558949904618,1222.339251934909,1222.339251934909,1222.6559215903853,1222.5727981151413,1222.5728189275142,1222.6559215903853,1222.6559215903853,1222.6559215903853,1222.6559215903853,1222.6559215903853,1222.6559215903853,0.07833370728985756,1223.4902137658737,[-357.0],[365.0],[1],[0],[0],[0.8334080773092865],1223.4910111933514,1223.494129057808,None,,,,,,,,,,,,,ED32,001,2024-02-02_17h32.43.736,rating,2023.2.3,60.027125362353175,2024-02-02 17h32.55.207902 +0800,
neg_184.jpg,0,215,215,94,1223.522634310366,,,,,,,,,,,,,,,,,,,,,,,1223.494466047181,,1223.4944959827844,1223.4945028252096,1223.522634310366,1224.505968161633,1224.5226132128919,1225.5060109267815,1225.5060109267815,1225.8226649017015,1225.739517477974,1225.739525745903,1225.8226649017015,1225.8226649017015,1225.8226649017015,1225.8226649017015,1225.8226649017015,1225.8226649017015,0.07822194770233182,1227.0736116508233,[-365.0],[-63.0],[1],[0],[0],[1.2500395577626477],1227.0744247588555,1227.0775434786156,None,,,,,,,,,,,,,ED32,001,2024-02-02_17h32.43.736,rating,2023.2.3,60.027125362353175,2024-02-02 17h32.55.207902 +0800,
neg_80.jpg,0,216,216,171,1227.1060253528922,,,,,,,,,,,,,,,,,,,,,,,1227.0777650020864,,1227.0777946525886,1227.0778014950138,1227.1060253528922,1228.0893717486015,1228.106058424606,1229.0894233518811,1229.0894233518811,1229.406104696498,1229.322929047772,1229.322937315701,1229.406104696498,1229.406104696498,1229.406104696498,1229.406104696498,1229.406104696498,1229.406104696498,0.0783978550152824,1230.4071253580514,[-287.0],[-264.0],[1],[0],[0],[1.0001006406509987],1230.4079113814896,1230.4110149908956,None,,,,,,,,,,,,,ED32,001,2024-02-02_17h32.43.736,rating,2023.2.3,60.027125362353175,2024-02-02 17h32.55.207902 +0800,
neu_136.jpg,0,217,217,233,1230.4394241644204,,,,,,,,,,,,,,,,,,,,,,,1230.4112405057822,,1230.4112695860822,1230.4112764285055,1230.4394241644204,1231.4228087636639,1231.4394472576005,1232.4228264399244,1232.4228264399244,1232.7394789893406,1232.6563865901044,1232.6563951431344,1232.7394789893406,1232.7394789893406,1232.7394789893406,1232.7394789893406,1232.7394789893406,1232.7394789893406,0.07826072143689089,1234.9904576697736,[219.0],[-296.0],[1],[0],[0],[2.250080612304373],1234.9912282977566,1234.9943176521138,None,,,,,,,,,,,,,ED32,001,2024-02-02_17h32.43.736,rating,2023.2.3,60.027125362353175,2024-02-02 17h32.55.207902 +0800,
neg_119.jpg,0,218,218,22,1235.022863959215,,,,,,,,,,,,,,,,,,,,,,,1234.9945411712924,,1234.9945708217965,1234.994578234422,1235.022863959215,1236.0062149165424,1236.0228773589624,1237.006232877904,1237.006232877904,1237.3229042439852,1237.2398152659607,1237.2398235338896,1237.3229042439852,1237.3229042439852,1237.3229042439852,1237.3229042439852,1237.3229042439852,1237.3229042439852,0.0783864509758132,1239.0739238364113,[-222.0],[-199.0],[1],[0],[0],[1.7500830356639199],1239.07471898308,1239.0777926568826,None,,,,,,,,,,,,,ED32,001,2024-02-02_17h32.43.736,rating,2023.2.3,60.027125362353175,2024-02-02 17h32.55.207902 +0800,
neg_27.jpg,0,219,219,112,1239.1062836543915,,,,,,,,,,,,,,,,,,,,,,,1239.078019882374,,1239.0780492477752,1239.0780560902003,1239.1062836543915,1240.0896565644944,1240.1062956286332,1241.0896970488357,1241.0896970488357,1241.4063327772928,1241.323221846491,1241.3232321101277,1241.4063327772928,1241.4063327772928,1241.4063327772928,1241.4063327772928,1241.4063327772928,1241.4063327772928,0.07833912421119749,1243.323963679275,[-223.0],[16.0],[1],[0],[0],[1.9166820858790743],1243.3247622471554,1243.3278427633813,None,,,,,,,,,,,,,ED32,001,2024-02-02_17h32.43.736,rating,2023.2.3,60.027125362353175,2024-02-02 17h32.55.207902 +0800,
neg_148.jpg,0,220,220,54,1243.3563654071004,,,,,,,,,,,,,,,,,,,,,,,1243.3280688484701,,1243.3280982138713,1243.3281050562946,1243.3563654071004,1244.3397864992712,1244.3563882151793,1245.3397445894261,1245.3397445894261,1245.656429925455,1245.573291910061,1245.5733007481922,1245.656429925455,1245.656429925455,1245.656429925455,1245.656429925455,1245.656429925455,1245.656429925455,0.07838302976233535,1246.9908111950044,[-339.0],[106.0],[1],[0],[0],[1.3334621039484773],1246.9916069118754,1246.9946777346686,None,,,,,,,,,,,,,ED32,001,2024-02-02_17h32.43.736,rating,2023.2.3,60.027125362353175,2024-02-02 17h32.55.207902 +0800,
neu_132.jpg,0,221,221,229,1247.0231199799073,,,,,,,,,,,,,,,,,,,,,,,1246.9948995432405,,1246.9949300490462,1246.9949368914713,1247.0231199799073,1248.006507145059,1248.0231433581885,1249.006490038999,1249.006490038999,1249.3231708134135,1249.2400490487762,1249.2400576018044,1249.3231708134135,1249.3231708134135,1249.3231708134135,1249.3231708134135,1249.3231708134135,1249.3231708134135,0.07830320148423198,1250.49095616886,[365.0],[-329.0],[1],[0],[0],[1.1668359691393562],1250.491810616535,1250.4948574908449,None,,,,,,,,,,,,,ED32,001,2024-02-02_17h32.43.736,rating,2023.2.3,60.027125362353175,2024-02-02 17h32.55.207902 +0800,
neg_140.jpg,0,222,222,46,1250.5232655239633,,,,,,,,,,,,,,,,,,,,,,,1250.4950599125496,,1250.4950864269413,1250.4950929842635,1250.5232655239633,1251.5065603163948,1251.5232276055322,1252.5065614567975,1252.5065614567975,1252.8232676052012,1252.7400968031925,1252.7401047860203,1252.8232676052012,1252.8232676052012,1252.8232676052012,1252.8232676052012,1252.8232676052012,1252.8232676052012,0.0782441855790239,1253.9075557180004,[-337.0],[-264.0],[1],[0],[0],[1.0833270373532287],1253.908333758609,1253.9113923220593,None,,,,,,,,,,,,,ED32,001,2024-02-02_17h32.43.736,rating,2023.2.3,60.027125362353175,2024-02-02 17h32.55.207902 +0800,
neg_92.jpg,0,223,223,184,1253.939930931434,,,,,,,,,,,,,,,,,,,,,,,1253.911613845532,,1253.911642925832,1253.9116500533582,1253.939930931434,1254.923327219818,1254.9399503183013,1255.923314390273,1255.923314390273,1256.2399820500414,1256.1568366220217,1256.156845460153,1256.2399820500414,1256.2399820500414,1256.2399820500414,1256.2399820500414,1256.2399820500414,1256.2399820500414,0.07839215299463831,1258.157632909095,[-356.0],[263.0],[1],[0],[0],[1.9166755285568797],1258.1584109497035,1258.1614640962343,None,,,,,,,,,,,,,ED32,001,2024-02-02_17h32.43.736,rating,2023.2.3,60.027125362353175,2024-02-02 17h32.55.207902 +0800,
neu_47.jpg,0,224,224,326,1258.1900178159613,,,,,,,,,,,,,,,,,,,,,,,1258.161687615413,,1258.161717265917,1258.1617238232393,1258.1900178159613,1259.1734001343975,1259.1900665682315,1260.1733955727814,1260.1733955727814,1260.4900686494693,1260.406948595437,1260.406957148467,1260.4900686494693,1260.4900686494693,1260.4900686494693,1260.4900686494693,1260.4900686494693,1260.4900686494693,0.07840783354913583,1261.907751867484,[118.0],[81.0],[1],[0],[0],[1.4167737458483316],1261.9085555671827,1261.9116925334056,None,,,,,,,,,,,,,ED32,001,2024-02-02_17h32.43.736,rating,2023.2.3,60.027125362353175,2024-02-02 17h32.55.207902 +0800,
neg_91.jpg,0,225,225,183,1261.9400991410203,,,,,,,,,,,,,,,,,,,,,,,1261.9119160525843,,1261.9119457030865,1261.9119525455098,1261.9400991410203,1262.9234703405164,1262.940121663998,1263.9234731915276,1263.9234731915276,1264.2401522553355,1264.1570624220076,1264.1570712601388,1264.2401522553355,1264.2401522553355,1264.2401522553355,1264.2401522553355,1264.2401522553355,1264.2401522553355,0.07825787042747834,1266.0744997404163,[-273.0],[27.0],[1],[0],[0],[1.8334320257927175],1266.0753108527406,1266.0784672058307,None,,,,,,,,,,,,,ED32,001,2024-02-02_17h32.43.736,rating,2023.2.3,60.027125362353175,2024-02-02 17h32.55.207902 +0800,
neu_151.jpg,0,226,226,250,1266.1068632647093,,,,,,,,,,,,,,,,,,,,,,,1266.0788312797995,,1266.0788612154029,1266.0788683429273,1266.1068632647093,1267.0903174285959,1267.1068926301123,1268.0902324684994,1268.0902324684994,1268.406919230034,1268.3237632532764,1268.3237715212053,1268.406919230034,1268.406919230034,1268.406919230034,1268.406919230034,1268.406919230034,1268.406919230034,0.0781107583152334,1269.2412367795114,[382.0],[-189.0],[1],[0],[0],[0.833346495495789],1269.2420222327455,1269.2450323290286,None,,,,,,,,,,,,,ED32,001,2024-02-02_17h32.43.736,rating,2023.2.3,60.027125362353175,2024-02-02 17h32.55.207902 +0800,
neg_43.jpg,0,227,227,130,1269.273591180572,,,,,,,,,,,,,,,,,,,,,,,1269.245263260831,,1269.245290915629,1269.2452971878502,1269.273591180572,1270.2569461293133,1270.273608001531,1271.2569655161806,1271.2569655161806,1271.5736596903407,1271.4905082751993,1271.4905168282294,1271.5736596903407,1271.5736596903407,1271.5736596903407,1271.5736596903407,1271.5736596903407,1271.5736596903407,0.0784232290025102,1273.0746328825808,[-208.0],[-251.0],[1],[0],[0],[1.5000229506295],1273.0754474161167,1273.078478324771,None,,,,,,,,,,,,,ED32,001,2024-02-02_17h32.43.736,rating,2023.2.3,60.027125362353175,2024-02-02 17h32.55.207902 +0800,
neg_161.jpg,0,228,228,69,1273.107011517226,,,,,,,,,,,,,,,,,,,,,,,1273.0787095416745,,1273.0787394772797,1273.078746319703,1273.107011517226,1274.0904029588928,1274.107051146264,1275.090392980359,1275.090392980359,1275.407057504015,1275.3239283267521,1275.3239374499826,1275.407057504015,1275.407057504015,1275.407057504015,1275.407057504015,1275.407057504015,1275.407057504015,0.07837020021725039,1276.7414493223023,[-252.0],[159.0],[1],[0],[0],[1.3334373001616768],1276.7422575836154,1276.7453363892364,None,,,,,,,,,,,,,ED32,001,2024-02-02_17h32.43.736,rating,2023.2.3,60.027125362353175,2024-02-02 17h32.55.207902 +0800,
neu_40.jpg,0,229,229,319,1276.7737780642728,,,,,,,,,,,,,,,,,,,,,,,1276.7455619041211,,1276.745590984423,1276.7455981119474,1276.7737780642728,1277.7571669400313,1277.7737752132634,1278.7571250301862,1278.7571250301862,1279.0738035237919,1278.9907002907185,1278.9907088437485,1279.0738035237919,1279.0738035237919,1279.0738035237919,1279.0738035237919,1279.0738035237919,1279.0738035237919,0.07826414264854975,1279.908162412914,[254.0],[-282.0],[1],[0],[0],[0.8334363023077458],1279.9090174307912,1279.9120463437375,None,,,,,,,,,,,,,ED32,001,2024-02-02_17h32.43.736,rating,2023.2.3,60.027125362353175,2024-02-02 17h32.55.207902 +0800,
neg_79.jpg,0,230,230,169,1279.940500848319,,,,,,,,,,,,,,,,,,,,,,,1279.9122490505433,,1279.9122761351373,1279.9122826924595,1279.940500848319,1280.9238429675152,1280.940504839733,1281.9238620692813,1281.9238620692813,1282.2405397075836,1282.1574242151673,1282.1574327681974,1282.2405397075836,1282.2405397075836,1282.2405397075836,1282.2405397075836,1282.2405397075836,1282.2405397075836,0.07831660123156325,1283.9082225692218,[-308.0],[115.0],[1],[0],[0],[1.666726347808435],1283.909061051243,1283.912114482875,None,,,,,,,,,,,,,ED32,001,2024-02-02_17h32.43.736,rating,2023.2.3,60.027125362353175,2024-02-02 17h32.55.207902 +0800,
neg_71.jpg,0,231,231,161,1283.9405755447788,,,,,,,,,,,,,,,,,,,,,,,1283.912344844477,,1283.9123744949793,1283.9123816225056,1283.9405755447788,1284.9239709778594,1284.9405923657378,1285.923938761447,1285.923938761447,1286.2406240974778,1286.1575091752638,1286.1575182984943,1286.2406240974778,1286.2406240974778,1286.2406240974778,1286.2406240974778,1286.2406240974778,1286.2406240974778,0.07829921007032681,1287.9083274863879,[-323.0],[294.0],[1],[0],[0],[1.666702114222062],1287.9091750916396,1287.9122233914532,None,,,,,,,,,,,,,ED32,001,2024-02-02_17h32.43.736,rating,2023.2.3,60.027125362353175,2024-02-02 17h32.55.207902 +0800,
neg_163.jpg,0,232,232,71,1287.9406625005813,,,,,,,,,,,,,,,,,,,,,,,1287.912449476542,,1287.9124794121453,1287.9124865396698,1287.9406625005813,1288.9240932861867,1288.9406761854298,1289.9240656313905,1289.9240656313905,1290.2407104830781,1290.1576024032875,1290.1576109563175,1290.2407104830781,1290.2407104830781,1290.2407104830781,1290.2407104830781,1290.2407104830781,1290.2407104830781,0.07828438481919875,1290.7417084791032,[-329.0],[323.0],[1],[0],[0],[0.5000269420434051],1290.7425709096078,1290.7456314687643,None,,,,,,,,,,,,,ED32,001,2024-02-02_17h32.43.736,rating,2023.2.3,60.027125362353175,2024-02-02 17h32.55.207902 +0800,
neg_147.jpg,0,233,233,53,1290.7741016539003,,,,,,,,,,,,,,,,,,,,,,,1290.745852992235,,1290.745882072537,1290.7458889149602,1290.7741016539003,1291.7574232458246,1291.7740574632462,1292.7574306584502,1292.7574306584502,1293.074105445743,1292.9909662899445,1292.9909751280757,1293.074105445743,1293.074105445743,1293.074105445743,1293.074105445743,1293.074105445743,1293.074105445743,0.07827896789967781,1293.6584336152318,[-323.0],[-193.0],[1],[0],[0],[0.5833288905087102],1293.6592253406889,1293.6622690788881,None,,,,,,,,,,,,,ED32,001,2024-02-02_17h32.43.736,rating,2023.2.3,60.027125362353175,2024-02-02 17h32.55.207902 +0800,
neg_167.jpg,0,234,234,75,1293.6907840248805,,,,,,,,,,,,,,,,,,,,,,,1293.662493168269,,1293.6625228187713,1293.6625296611946,1293.6907840248805,1294.6741529435694,1294.6908051223527,1295.6741572200845,1295.6741572200845,1295.9908337179822,1295.9077210765772,1295.9077293445043,1295.9908337179822,1295.9908337179822,1295.9908337179822,1295.9908337179822,1295.9908337179822,1295.9908337179822,0.07836478329954844,1297.1586624087795,[-100.0],[-282.0],[1],[0],[0],[1.166822854494967],1297.159458980952,1297.162376704513,None,,,,,,,,,,,,,ED32,001,2024-02-02_17h32.43.736,rating,2023.2.3,60.027125362353175,2024-02-02 17h32.55.207902 +0800,
neu_18.jpg,0,235,235,281,1297.1908600042952,,,,,,,,,,,,,,,,,,,,,,,1297.1626013640944,,1297.162627878488,1297.162634150709,1297.1908600042952,1298.1742292080835,1298.1908768252524,1299.1742323441958,1299.1742323441958,1299.49093050977,1299.4078295575036,1299.4078381105337,1299.49093050977,1299.49093050977,1299.49093050977,1299.49093050977,1299.49093050977,1299.49093050977,0.07835566006724548,1302.9920662095737,[329.0],[-72.0],[1],[0],[0],[3.500168067033883],1302.9929083979077,1302.9959598338319,None,,,,,,,,,,,,,ED32,001,2024-02-02_17h32.43.736,rating,2023.2.3,60.027125362353175,2024-02-02 17h32.55.207902 +0800,
neg_182.jpg,0,236,236,92,1303.024310846753,,,,,,,,,,,,,,,,,,,,,,,1302.9961859189189,,1302.996215569423,1302.9962226969474,1303.024310846753,1304.0076643699886,1304.0243231060958,1305.0076846121592,1305.0076846121592,1305.32436738228,1305.2412293668858,1305.241238205017,1305.32436738228,1305.32436738228,1305.32436738228,1305.32436738228,1305.32436738228,1305.32436738228,0.07820683734826162,1307.0754092125826,[-260.0],[-163.0],[1],[0],[0],[1.7500568063733226],1307.076291600155,1307.079357576231,None,,,,,,,,,,,,,ED32,001,2024-02-02_17h32.43.736,rating,2023.2.3,60.027125362353175,2024-02-02 17h32.55.207902 +0800,
neg_103.jpg,0,237,237,5,1307.1077408055644,,,,,,,,,,,,,,,,,,,,,,,1307.0795816656118,,1307.079611316116,1307.0796187287415,1307.1077408055644,1308.091130251525,1308.1077599073324,1309.0911436512724,1309.0911436512724,1309.4077882178608,1309.3246470663544,1309.3246556193844,1309.4077882178608,1309.4077882178608,1309.4077882178608,1309.4077882178608,1309.4077882178608,1309.4077882178608,0.0782322113373084,1310.4088348236037,[-314.0],[84.0],[1],[0],[0],[1.000042480047341],1310.4097240536012,1310.4128205354828,None,,,,,,,,,,,,,ED32,001,2024-02-02_17h32.43.736,rating,2023.2.3,60.027125362353175,2024-02-02 17h32.55.207902 +0800,
neu_101.jpg,0,238,238,195,1310.4411484552238,,,,,,,,,,,,,,,,,,,,,,,1310.4130486162776,,1310.413078836982,1310.4130859645065,1310.4411484552238,1311.4245022635605,1311.4412066158256,1312.4245165186094,1312.4245165186094,1312.7412277988296,1312.6580473033864,1312.6580561415176,1312.7412277988296,1312.7412277988296,1312.7412277988296,1312.7412277988296,1312.7412277988296,1312.7412277988296,0.07819942472269759,1314.2424307824695,[-86.0],[-356.0],[1],[0],[0],[1.5001578033989063],1314.243252728631,1314.24623916153,None,,,,,,,,,,,,,ED32,001,2024-02-02_17h32.43.736,rating,2023.2.3,60.027125362353175,2024-02-02 17h32.55.207902 +0800,
neu_142.jpg,0,239,239,240,1314.2745599537466,,,,,,,,,,,,,,,,,,,,,,,1314.2464649615158,,1314.246494897121,1314.2465020246455,1314.2745599537466,1315.2579265916265,1315.2745762045033,1316.2579579527355,1316.2579579527355,1316.5746059405355,1316.4914656443325,1316.4914759079693,1316.5746059405355,1316.5746059405355,1316.5746059405355,1316.5746059405355,1316.5746059405355,1316.5746059405355,0.0781620764919353,1318.492386235439,[205.0],[-323.0],[1],[0],[0],[1.9167747437022626],1318.4932823078598,1347.825661028035,space,1318.524647123375,1318.524647123375,29.2924583089698,None,,,,,,,,,ED32,001,2024-02-02_17h32.43.736,rating,2023.2.3,60.027125362353175,2024-02-02 17h32.55.207902 +0800,
neg_113.jpg,0,240,240,16,1347.8420015914344,,,,,,,,,,,,,,,,,,,,,,,1347.8260456292737,1347.8420015914344,1348.825491678046,1348.8254993757728,1348.85863381315,1349.8253180515403,1349.8586554808244,1350.8253400043177,1350.8253400043177,1351.1420165022173,1351.0588722146003,1351.058881622932,1351.1420165022173,1351.1420165022173,1351.1420165022173,1351.1420165022173,1351.1420165022173,1351.1420165022173,0.0661809923731198,1353.8932667413446,[-27.0],[173.0],[1],[0],[0],[2.750217888433326],1353.8941628137654,1353.8972689890816,None,,,,,1348.85863381315,,,,,,,,ED32,001,2024-02-02_17h32.43.736,rating,2023.2.3,60.027125362353175,2024-02-02 17h32.55.207902 +0800,
neu_130.jpg,0,241,241,227,1353.925413588884,,,,,,,,,,,,,,,,,,,,,,,1353.8974987804813,,1353.897529286287,1353.897535843611,1353.925413588884,1354.9087596994923,1354.9254418138826,1355.9087836479757,1355.9087836479757,1356.2254798178437,1356.1423195645712,1356.1423281176012,1356.2254798178437,1356.2254798178437,1356.2254798178437,1356.2254798178437,1356.2254798178437,1356.2254798178437,0.07801182827097364,1357.726570756793,[116.0],[-378.0],[1],[0],[0],[1.5000813963324617],1357.7274665441128,1357.7305584643782,None,,,,,,,,,,,,,ED32,001,2024-02-02_17h32.43.736,rating,2023.2.3,60.027125362353175,2024-02-02 17h32.55.207902 +0800,
neu_169.jpg,0,242,242,269,1357.7588262278095,,,,,,,,,,,,,,,,,,,,,,,1357.7307851196674,,1357.7308147701715,1357.7308216125948,1357.7588262278095,1358.7421797510451,1358.758875265181,1359.7422011336184,1359.7422011336184,1360.0588767762147,1359.975798061827,1359.975806614857,1360.0588767762147,1360.0588767762147,1360.0588767762147,1360.0588767762147,1360.0588767762147,1360.0588767762147,0.07811617523293535,1361.9766311269286,[51.0],[10.0],[1],[0],[0],[1.9167667608744523],1361.9775058167743,1361.9805449933556,None,,,,,,,,,,,,,ED32,001,2024-02-02_17h32.43.736,rating,2023.2.3,60.027125362353175,2024-02-02 17h32.55.207902 +0800,
neu_67.jpg,0,243,243,348,1362.0089196696608,,,,,,,,,,,,,,,,,,,,,,,1361.9807676572327,,1361.980797307735,1361.9808044352594,1362.0089196696608,1362.9922694865818,1363.008934780013,1363.9923373406182,1363.9923373406182,1364.3089665117532,1364.2258230794396,1364.2258313473685,1364.3089665117532,1364.3089665117532,1364.3089665117532,1364.3089665117532,1364.3089665117532,1364.3089665117532,0.07822422850949806,1365.3933444313661,[264.0],[335.0],[1],[0],[0],[1.0833943211873702],1365.3942034406573,1365.397293935417,None,,,,,,,,,,,,,ED32,001,2024-02-02_17h32.43.736,rating,2023.2.3,60.027125362353175,2024-02-02 17h32.55.207902 +0800,
neu_191.jpg,0,244,244,294,1365.425711947073,,,,,,,,,,,,,,,,,,,,,,,1365.3975168843936,,1365.3975468199988,1365.3975542326243,1365.425711947073,1366.4090406665218,1366.4256785902562,1367.4090395261173,1367.4090395261173,1367.7257086113914,1367.6425831404395,1367.6425936891756,1367.7257086113914,1367.7257086113914,1367.7257086113914,1367.7257086113914,1367.7257086113914,1367.7257086113914,0.07821824138773081,1368.4767698285614,[211.0],[-237.0],[1],[0],[0],[0.7500254452643276],1368.4776288378525,1368.480676567464,None,,,,,,,,,,,,,ED32,001,2024-02-02_17h32.43.736,rating,2023.2.3,60.027125362353175,2024-02-02 17h32.55.207902 +0800,
neg_171.jpg,0,245,245,80,1368.5090512437673,,,,,,,,,,,,,,,,,,,,,,,1368.4809066439666,,1368.4809371497722,1368.4809442772967,1368.5090512437673,1369.4924110392258,1369.5090971450281,1370.4924315664975,1370.4924315664975,1370.8091645143923,1370.7259711894058,1370.725979742434,1370.8091645143923,1370.8091645143923,1370.8091645143923,1370.8091645143923,1370.8091645143923,1370.8091645143923,0.0783194522409758,1372.893535591582,[-209.0],[221.0],[1],[0],[0],[2.083239511348438],1372.8944154132441,1372.897466564069,None,,,,,,,,,,,,,ED32,001,2024-02-02_17h32.43.736,rating,2023.2.3,60.027125362353175,2024-02-02 17h32.55.207902 +0800,
neu_11.jpg,0,246,246,204,1372.9258170067878,,,,,,,,,,,,,,,,,,,,,,,1372.8976917938526,,1372.897722014559,1372.8977288569822,1372.9258170067878,1373.9092036017391,1373.9258355383536,1374.9091924828008,1374.9091924828008,1375.2258724019102,1375.142733816314,1375.142742369344,1375.2258724019102,1375.2258724019102,1375.2258724019102,1375.2258724019102,1375.2258724019102,1375.2258724019102,0.07820484164221853,1376.393792325025,[280.0],[267.0],[1],[0],[0],[1.1668296969182848],1376.3946496237095,1376.3977329909467,None,,,,,,,,,,,,,ED32,001,2024-02-02_17h32.43.736,rating,2023.2.3,60.027125362353175,2024-02-02 17h32.55.207902 +0800,
neg_168.jpg,0,247,247,76,1376.4258952670098,,,,,,,,,,,,,,,,,,,,,,,1376.3979593611348,,1376.3979890116389,1376.3979958540622,1376.4258952670098,1377.4092470796404,1377.4259368917556,1378.4092664665077,1378.4092664665077,1378.7259429644073,1378.6428380207271,1378.642846288656,1378.7259429644073,1378.7259429644073,1378.7259429644073,1378.7259429644073,1378.7259429644073,1378.7259429644073,0.07800755175412633,1380.8104109759333,[-360.0],[-126.0],[1],[0],[0],[2.083441647951986],1380.8112742617395,1380.814448291092,None,,,,,,,,,,,,,ED32,001,2024-02-02_17h32.43.736,rating,2023.2.3,60.027125362353175,2024-02-02 17h32.55.207902 +0800,
neg_55.jpg,0,248,248,143,1380.8426758552832,,,,,,,,,,,,,,,,,,,,,,,1380.8146735208757,,1380.8147045968835,1380.8147114393068,1380.8426758552832,1381.8260222509925,1381.8426918209389,1382.8260308040226,1382.8260308040226,1383.142748356464,1383.0595652951124,1383.0595738481425,1383.142748356464,1383.142748356464,1383.142748356464,1383.142748356464,1383.142748356464,1383.142748356464,0.07811246892015333,1385.8105207398148,[-290.0],[33.0],[1],[0],[0],[2.6667109523532417],1385.8114327778912,1385.8144976135627,None,,,,,,,,,,,,,ED32,001,2024-02-02_17h32.43.736,rating,2023.2.3,60.027125362353175,2024-02-02 17h32.55.207902 +0800,
neg_46.jpg,0,249,249,133,1385.842784193659,,,,,,,,,,,,,,,,,,,,,,,1385.8147305410748,,1385.8147607617793,1385.8147676042026,1385.842784193659,1386.8261724992153,1386.8427802022452,1387.8261374317935,1387.8261374317935,1388.142828184742,1388.0596702122784,1388.0596787653085,1388.142828184742,1388.142828184742,1388.142828184742,1388.142828184742,1388.142828184742,1388.142828184742,0.07811931134347105,1389.7273547845234,[-211.0],[-106.0],[1],[0],[0],[1.5834751473175857],1389.7282246276518,1389.7312552512049,None,,,,,,,,,,,,,ED32,001,2024-02-02_17h32.43.736,rating,2023.2.3,60.027125362353175,2024-02-02 17h32.55.207902 +0800,
neg_95.jpg,0,250,250,187,1389.7595144616062,,,,,,,,,,,,,,,,,,,,,,,1389.7314599537167,,1389.7314867532114,1389.7314933105336,1389.7595144616062,1390.742881099488,1390.7595432568069,1391.7428879419112,1391.7428879419112,1392.0595627292041,1391.9764954188558,1391.976503971886,1392.0595627292041,1392.0595627292041,1392.0595627292041,1392.0595627292041,1392.0595627292041,1392.0595627292041,0.07813128558518656,1393.6440770696408,[-269.0],[291.0],[1],[0],[0],[1.583442645805917],1393.6450147668074,1393.6480907214172,None,,,,,,,,,,,,,ED32,001,2024-02-02_17h32.43.736,rating,2023.2.3,60.027125362353175,2024-02-02 17h32.55.207902 +0800,
neg_176.jpg,0,251,251,85,1393.6762914861156,,,,,,,,,,,,,,,,,,,,,,,1393.6483028365565,,1393.6483322019576,1393.6483387592816,1393.6762914861156,1394.6596432987444,1394.6763003242468,1395.6596367414222,1395.6596367414222,1395.976345170633,1395.8931729431188,1395.8931814961488,1395.976345170633,1395.976345170633,1395.976345170633,1395.976345170633,1395.976345170633,1395.976345170633,0.07806571235778392,1396.8107468249018,[-333.0],[288.0],[1],[0],[0],[0.8332906157011166],1396.8116175233336,1396.8146758016828,None,,,,,,,,,,,,,ED32,001,2024-02-02_17h32.43.736,rating,2023.2.3,60.027125362353175,2024-02-02 17h32.55.207902 +0800,
neg_10.jpg,0,252,252,1,1396.8429991598077,,,,,,,,,,,,,,,,,,,,,,,1396.8149001761649,,1396.8149301117683,1396.8149372392945,1396.8429991598077,1397.8263945928902,1397.8430162658678,1398.8263660827906,1398.8263660827906,1399.1430745119997,1399.0599305094856,1399.0599387774128,1399.1430745119997,1399.1430745119997,1399.1430745119997,1399.1430745119997,1399.1430745119997,1399.1430745119997,0.07819885452227027,1400.810848035755,[-312.0],[-160.0],[1],[0],[0],[1.6666978377088526],1400.8117520910018,1400.8148075183417,None,,,,,,,,,,,,,ED32,001,2024-02-02_17h32.43.736,rating,2023.2.3,60.027125362353175,2024-02-02 17h32.55.207902 +0800,
neg_67.jpg,0,253,253,156,1400.8430844050054,,,,,,,,,,,,,,,,,,,,,,,1400.815038450146,,1400.815067815549,1400.8150749430733,1400.8430844050054,1401.8264345070293,1401.8431040769738,1402.826458740612,1402.826458740612,1403.1431600422984,1403.0600550986182,1403.0600642218506,1403.1431600422984,1403.1431600422984,1403.1431600422984,1403.1431600422984,1403.1431600422984,1403.1431600422984,0.07814440023139468,1407.977651788482,[-42.0],[305.0],[1],[0],[0],[4.833440578822774],1407.9785780816073,1407.9816577425318,None,,,,,,,,,,,,,ED32,001,2024-02-02_17h32.43.736,rating,2023.2.3,60.027125362353175,2024-02-02 17h32.55.207902 +0800,
neu_70.jpg,0,254,254,352,1408.0099517352537,,,,,,,,,,,,,,,,,,,,,,,1407.981886108426,,1407.9819166142333,1407.981924026859,1408.0099517352537,1408.993273042077,1409.0099597180815,1409.9932810249047,1409.9932810249047,1410.3098816859401,1410.2268089586723,1410.2268175117024,1410.3098816859401,1410.3098816859401,1410.3098816859401,1410.3098816859401,1410.3098816859401,1410.3098816859401,0.07801981109878398,1413.5612962857904,[92.0],[-330.0],[1],[0],[0],[3.250341479713825],1413.562187511494,1413.5652472153488,None,,,,,,,,,,,,,ED32,001,2024-02-02_17h32.43.736,rating,2023.2.3,60.027125362353175,2024-02-02 17h32.55.207902 +0800,
neu_173.jpg,0,255,255,274,1413.5933681517672,,,,,,,,,,,,,,,,,,,,,,,1413.5654829938685,,1413.565513499676,1413.5655206272004,1413.5933681517672,1414.5767085603584,1414.5934129126235,1415.5767319386396,1415.5767319386396,1415.8933562630573,1415.810265574426,1415.8102749827594,1415.8933562630573,1415.8933562630573,1415.8933562630573,1415.8933562630573,1415.8933562630573,1415.8933562630573,0.0778957921647816,1418.7279036039345,[74.0],[-58.0],[1],[0],[0],[2.8334251833693997],1418.728796540243,1418.731919251417,None,,,,,,,,,,,,,ED32,001,2024-02-02_17h32.43.736,rating,2023.2.3,60.027125362353175,2024-02-02 17h32.55.207902 +0800,
neg_173.jpg,0,256,256,82,1418.7601391178814,,,,,,,,,,,,,,,,,,,,,,,1418.7321459067061,,1418.732175272109,1418.7321821145324,1418.7601391178814,1419.7435277085387,1419.7601576494453,1420.7435140236903,1420.7435140236903,1421.0768535342122,1420.9770562125086,1420.9770647655387,1421.0768535342122,1421.0768535342122,1421.0768535342122,1421.0768535342122,1421.0768535342122,1421.0768535342122,0.09473385679848434,1422.6612988802099,[-345.0],[308.0],[1],[0],[0],[1.5833978849495907],1422.6622140543968,1422.6654391168267,None,,,,,,,,,,,,,ED32,001,2024-02-02_17h32.43.736,rating,2023.2.3,60.027125362353175,2024-02-02 17h32.55.207902 +0800,
neg_9.jpg,0,257,257,181,1422.6935506449136,,,,,,,,,,,,,,,,,,,,,,,1422.6656663423182,,1422.6656962779216,1422.665703405446,1422.6935506449136,1423.676905593653,1423.6935708870842,1424.6769261209247,1424.6769261209247,1425.0102687675571,1424.910457761005,1424.910466028934,1425.0102687675571,1425.0102687675571,1425.0102687675571,1425.0102687675571,1425.0102687675571,1425.0102687675571,0.09462551842079847,1426.0947248048415,[-328.0],[-44.0],[1],[0],[0],[1.083375504520518],1426.0956345621107,1426.0987059551044,None,,,,,,,,,,,,,ED32,001,2024-02-02_17h32.43.736,rating,2023.2.3,60.027125362353175,2024-02-02 17h32.55.207902 +0800,
neg_19.jpg,0,258,258,100,1426.1269982372214,,,,,,,,,,,,,,,,,,,,,,,1426.098929189182,,1426.0989594098864,1426.0989665374127,1426.1269982372214,1427.1103363650036,1427.127047559694,1428.1103332288912,1428.1103332288912,1428.4436989687056,1428.3438674348818,1428.3438757028107,1428.4436989687056,1428.4436989687056,1428.4436989687056,1428.4436989687056,1428.4436989687056,1428.4436989687056,0.09479401310818503,1429.6114441249101,[-339.0],[51.0],[1],[0],[0],[1.1666629128358181],1429.6123248018775,1429.6154908484023,None,,,,,,,,,,,,,ED32,001,2024-02-02_17h32.43.736,rating,2023.2.3,60.027125362353175,2024-02-02 17h32.55.207902 +0800,
neg_7.jpg,0,259,259,159,1429.6436995959266,,,,,,,,,,,,,,,,,,,,,,,1429.6157129420753,,1429.6157425925776,1429.615749720102,1429.6436995959266,1430.627222469153,1430.6437492035002,1431.6271084287546,1431.6271084287546,1431.9604222801863,1431.8606101332316,1431.8606184011605,1431.9604222801863,1431.9604222801863,1431.9604222801863,1431.9604222801863,1431.9604222801863,1431.9604222801863,0.09473300149511488,1432.7949659147507,[-340.0],[257.0],[1],[0],[0],[0.8334873353869625],1432.7958340472742,1432.7989827026377,None,,,,,,,,,,,,,ED32,001,2024-02-02_17h32.43.736,rating,2023.2.3,60.027125362353175,2024-02-02 17h32.55.207902 +0800,
neg_22.jpg,0,260,260,107,1432.8271176090075,,,,,,,,,,,,,,,,,,,,,,,1432.7991839839397,,1432.7992107834325,1432.7992170556536,1432.8271176090075,1433.8104717024435,1433.827141842592,1434.8104776895652,1434.8104776895652,1435.143822902106,1435.0440124657562,1435.044020733685,1435.143822902106,1435.143822902106,1435.143822902106,1435.143822902106,1435.143822902106,1435.143822902106,0.09468168331659399,1436.3116544439126,[-362.0],[341.0],[1],[0],[0],[1.1666888570271112],1436.312537116586,1436.3155725868564,None,,,,,,,,,,,,,ED32,001,2024-02-02_17h32.43.736,rating,2023.2.3,60.027125362353175,2024-02-02 17h32.55.207902 +0800,
neg_3.jpg,0,261,261,115,1436.3438474778122,,,,,,,,,,,,,,,,,,,,,,,1436.3157995272468,,1436.3158280373464,1436.3158351648708,1436.3438474778122,1437.3272104093794,1437.3438668646795,1438.3272186773083,1438.3272186773083,1438.660582991617,1438.5608016355673,1438.5608099034962,1438.660582991617,1438.660582991617,1438.660582991617,1438.660582991617,1438.660582991617,1438.660582991617,0.09481967219835497,1439.2450229206952,[-323.0],[300.0],[1],[0],[0],[0.5833593963161547],1439.245927261045,1439.2489915265141,None,,,,,,,,,,,,,ED32,001,2024-02-02_17h32.43.736,rating,2023.2.3,60.027125362353175,2024-02-02 17h32.55.207902 +0800,
neu_177.jpg,0,262,262,278,1439.2772401881793,,,,,,,,,,,,,,,,,,,,,,,1439.2492127648839,,1439.2492432706913,1439.2492498280135,1439.2772401881793,1440.2606079664638,1440.2772607154511,1441.2606695482773,1441.2606695482773,1441.5939594512274,1441.494170397451,1441.4941786653799,1441.5939594512274,1441.5939594512274,1441.5939594512274,1441.5939594512274,1441.5939594512274,1441.5939594512274,0.09477120502742764,1442.428455473926,[195.0],[210.0],[1],[0],[0],[0.833377856606603],1442.429368367304,1442.4324129608067,None,,,,,,,,,,,,,ED32,001,2024-02-02_17h32.43.736,rating,2023.2.3,60.027125362353175,2024-02-02 17h32.55.207902 +0800,
neg_134.jpg,0,263,263,39,1442.4606861411557,,,,,,,,,,,,,,,,,,,,,,,1442.4326125315001,,1442.4326387607925,1442.4326450330136,1442.4606861411557,1443.443995188636,1443.4606958345903,1444.444019992423,1444.444019992423,1444.777362068853,1444.677549066595,1444.6775576196233,1444.777362068853,1444.777362068853,1444.777362068853,1444.777362068853,1444.777362068853,1444.777362068853,0.09477434113796335,1446.278523142646,[-299.0],[322.0],[1],[0],[0],[1.5000457587084384],1446.279402679209,1446.2824806295266,None,,,,,,,,,,,,,ED32,001,2024-02-02_17h32.43.736,rating,2023.2.3,60.027125362353175,2024-02-02 17h32.55.207902 +0800,
neu_180.jpg,0,264,264,282,1446.310731571999,,,,,,,,,,,,,,,,,,,,,,,1446.2827047189076,,1446.2827340843087,1446.2827409267338,1446.310731571999,1447.294096214173,1447.3107697755313,1448.2941002055868,1448.2941002055868,1448.6274442777249,1448.5276409688995,1448.5276495219296,1448.6274442777249,1448.6274442777249,1448.6274442777249,1448.6274442777249,1448.6274442777249,1448.6274442777249,0.09476607321084884,1449.2952739663742,[-250.0],[-157.0],[1],[0],[0],[0.6667006887182652],1449.2961586347556,1449.299330383299,None,,,,,,,,,,,,,ED32,001,2024-02-02_17h32.43.736,rating,2023.2.3,60.027125362353175,2024-02-02 17h32.55.207902 +0800,
neg_126.jpg,0,265,265,30,1449.3274581621426,,,,,,,,,,,,,,,,,,,,,,,1449.2995638810116,,1449.2995952421206,1449.2996032249484,1449.3274581621426,1450.310813395985,1450.3274795447178,1451.3108792543135,1451.3108792543135,1451.6441791357975,1451.544578533778,1451.544587086808,1451.6441791357975,1451.6441791357975,1451.6441791357975,1451.6441791357975,1451.6441791357975,1451.6441791357975,0.0946765514981962,1452.3953863246752,[-344.0],[274.0],[1],[0],[0],[0.7500422662233177],1452.3962818268938,1452.399352934788,None,,,,,,,,,,,,,ED32,001,2024-02-02_17h32.43.736,rating,2023.2.3,60.027125362353175,2024-02-02 17h32.55.207902 +0800,
neu_109.jpg,0,266,266,203,1452.4275311765068,,,,,,,,,,,,,,,,,,,,,,,1452.39957474336,,1452.399604108763,1452.3996112362875,1452.4275311765068,1453.410890116662,1453.4275522739808,1454.4108975292875,1454.4108975292875,1454.7442937749056,1454.6445241079982,1454.6445323759272,1454.7442937749056,1454.7442937749056,1454.7442937749056,1454.7442937749056,1454.7442937749056,1454.7442937749056,0.09474497573683038,1456.1453427754986,[250.0],[312.0],[1],[0],[0],[1.3998914905623678],1456.1462394181217,1456.1493592782845,None,,,,,,,,,,,,,ED32,001,2024-02-02_17h32.43.736,rating,2023.2.3,60.027125362353175,2024-02-02 17h32.55.207902 +0800,
neu_185.jpg,0,267,267,287,1456.1776350245436,,,,,,,,,,,,,,,,,,,,,,,1456.1495847931692,,1456.1496147287744,1456.1496218562988,1456.1776350245436,1457.160962888689,1457.1776310331297,1458.160977999043,1458.160977999043,1458.4943217860782,1458.3945122050318,1458.3945204729607,1458.4943217860782,1458.4943217860782,1458.4943217860782,1458.4943217860782,1458.4943217860782,1458.4943217860782,0.09476122649357421,1460.5288720349854,[161.0],[-246.0],[1],[0],[0],[2.0334129810471495],1460.5297669670017,1460.5328705764096,None,,,,,,,,,,,,,ED32,001,2024-02-02_17h32.43.736,rating,2023.2.3,60.027125362353175,2024-02-02 17h32.55.207902 +0800,
neg_96.jpg,0,268,268,188,1460.5610328524726,,,,,,,,,,,,,,,,,,,,,,,1460.533091244577,,1460.5331203248788,1460.5331271673022,1460.5610328524726,1461.544400630759,1461.5610516691395,1462.5444057625755,1462.5444057625755,1462.8777501198147,1462.77795850013,1462.7779667680588,1462.8777501198147,1462.8777501198147,1462.8777501198147,1462.8777501198147,1462.8777501198147,1462.8777501198147,0.09471418483008165,1464.3456675625494,[-107.0],[115.0],[1],[0],[0],[1.4667388352318085],1464.3466235061787,1464.3497376643227,None,,,,,,,,,,,,,ED32,001,2024-02-02_17h32.43.736,rating,2023.2.3,60.027125362353175,2024-02-02 17h32.55.207902 +0800,
neg_50.jpg,0,269,269,138,1464.377779057566,,,,,,,,,,,,,,,,,,,,,,,1464.3499591877935,,1464.3499888382976,1464.349995965822,1464.377779057566,1465.3611513974665,1465.3778178313005,1466.3611553888804,1466.3611553888804,1466.6945108650561,1466.5946921607792,1466.5947004287063,1466.6945108650561,1466.6945108650561,1466.6945108650561,1466.6945108650561,1466.6945108650561,1466.6945108650561,0.09457534064495121,1467.845579893994,[-136.0],[-199.0],[1],[0],[0],[1.1499522883495956],1467.8464773919204,1506.9291735007755,space,1467.8778775599585,1467.8778775599585,39.04713375142455,None,,,,,,,,,ED32,001,2024-02-02_17h32.43.736,rating,2023.2.3,60.027125362353175,2024-02-02 17h32.55.207902 +0800,
neg_179.jpg,0,270,270,88,1506.9453626755476,,,,,,,,,,,,,,,,,,,,,,,1506.9295464128736,1506.9453626755476,1507.9289223268006,1507.9289305947295,1507.9620750106424,1508.9287509811038,1508.9620832785713,1509.92875810863,1509.92875810863,1510.2621620519749,1510.1623048590627,1510.1623131269916,1510.2621620519749,1510.2621620519749,1510.2621620519749,1510.2621620519749,1510.2621620519749,1510.2621620519749,0.0828417241882562,1511.5299411637097,[-165.0],[207.0],[1],[0],[0],[1.266652392610922],1511.530865176026,1511.5340124058857,None,,,,,1507.9620750106424,,,,,,,,ED32,001,2024-02-02_17h32.43.736,rating,2023.2.3,60.027125362353175,2024-02-02 17h32.55.207902 +0800,
neu_13.jpg,0,271,271,226,1511.5621572907894,,,,,,,,,,,,,,,,,,,,,,,1511.5342384909727,,1511.5342692818795,1511.534276409404,1511.5621572907894,1512.5454954185698,1512.5621686948289,1513.5455011205904,1513.5455011205904,1513.8788517500507,1513.779037322287,1513.7790461604181,1513.8788517500507,1513.8788517500507,1513.8788517500507,1513.8788517500507,1513.8788517500507,1513.8788517500507,0.0946354969546519,1515.180025311267,[211.0],[258.0],[1],[0],[0],[1.2999986600243574],1515.1809652892407,1515.1840811579896,None,,,,,,,,,,,,,ED32,001,2024-02-02_17h32.43.736,rating,2023.2.3,60.027125362353175,2024-02-02 17h32.55.207902 +0800,
neu_25.jpg,0,272,272,302,1515.21221920047,,,,,,,,,,,,,,,,,,,,,,,1515.1843029665615,,1515.1843320468633,1515.1843391743878,1515.21221920047,1516.1955744343104,1516.2122266130955,1517.195607220925,1517.195607220925,1517.5289239233662,1517.4291342993893,1517.4291431375204,1517.5289239233662,1517.5289239233662,1517.5289239233662,1517.5289239233662,1517.5289239233662,1517.5289239233662,0.09464547549032432,1518.8301040419065,[73.0],[-83.0],[1],[0],[0],[1.3000354380528734],1518.8310046759416,1518.8341194042878,None,,,,,,,,,,,,,ED32,001,2024-02-02_17h32.43.736,rating,2023.2.3,60.027125362353175,2024-02-02 17h32.55.207902 +0800,
neu_8.jpg,0,273,273,362,1518.8622848164632,,,,,,,,,,,,,,,,,,,,,,,1518.8343423532642,,1518.834371148465,1518.8343779908882,1518.8622848164632,1519.845659722272,1519.8623290071173,1520.845686521765,1520.845686521765,1521.179003224208,1521.0792067578059,1521.0792150257348,1521.179003224208,1521.179003224208,1521.179003224208,1521.179003224208,1521.179003224208,1521.179003224208,0.09468624493092648,1523.9802370842845,[221.0],[347.0],[1],[0],[0],[2.800081481864254],1523.9811964491255,1523.984292645906,None,,,,,,,,,,,,,ED32,001,2024-02-02_17h32.43.736,rating,2023.2.3,60.027125362353175,2024-02-02 17h32.55.207902 +0800,
neu_29.jpg,0,274,274,306,1524.0124227055585,,,,,,,,,,,,,,,,,,,,,,,1523.984521296903,,1523.9845509474053,1523.9845580749297,1524.0124227055585,1524.9958999626233,1525.012413297225,1525.9958047388918,1525.9958047388918,1526.3291117479002,1526.2293072986722,1526.2293161368016,1526.3291117479002,1526.3291117479002,1526.3291117479002,1526.3291117479002,1526.3291117479002,1526.3291117479002,0.09461325907795981,1528.1303550163102,[214.0],[-106.0],[1],[0],[0],[1.8000600992891123],1528.13132008317,1528.1344060163156,None,,,,,,,,,,,,,ED32,001,2024-02-02_17h32.43.736,rating,2023.2.3,60.027125362353175,2024-02-02 17h32.55.207902 +0800,
neg_8.jpg,0,275,275,170,1528.16249388102,,,,,,,,,,,,,,,,,,,,,,,1528.134631246101,,1528.1346611817044,1528.1346683092288,1528.16249388102,1529.145839706529,1529.162502148949,1530.1458579529935,1530.1458579529935,1530.4792074420493,1530.3794175329713,1530.3794260859995,1530.4792074420493,1530.4792074420493,1530.4792074420493,1530.4792074420493,1530.4792074420493,1530.4792074420493,0.09460042953287484,1530.9804166979102,[-170.0],[-72.0],[1],[0],[0],[0.5000372056802007],1530.9813370039137,1530.9844209413532,None,,,,,,,,,,,,,ED32,001,2024-02-02_17h32.43.736,rating,2023.2.3,60.027125362353175,2024-02-02 17h32.55.207902 +0800,
neg_117.jpg,0,276,276,20,1531.012549290399,,,,,,,,,,,,,,,,,,,,,,,1530.9846438903296,,1530.9846735408319,1530.984680383257,1531.012549290399,1531.995897396715,1532.0125923406486,1532.9959136474718,1532.9959136474718,1533.3292657024376,1533.2295279668397,1533.2295362347686,1533.3292657024376,1533.3292657024376,1533.3292657024376,1533.3292657024376,1533.3292657024376,1533.3292657024376,0.09467740680156567,1535.1305591486216,[-74.0],[-12.0],[1],[0],[0],[1.800055822774084],1535.1315282068954,1535.1346152804454,None,,,,,,,,,,,,,ED32,001,2024-02-02_17h32.43.736,rating,2023.2.3,60.027125362353175,2024-02-02 17h32.55.207902 +0800,
neg_29.jpg,0,277,277,114,1535.1626184701545,,,,,,,,,,,,,,,,,,,,,,,1535.1348410804312,,1535.1348710160346,1535.134878143559,1535.1626184701545,1536.1460016438923,1536.1626541077785,1537.1460321496997,1537.1460321496997,1537.4793662433021,1537.3795934402824,1537.3796017082113,1537.4793662433021,1537.4793662433021,1537.4793662433021,1537.4793662433021,1537.4793662433021,1537.4793662433021,0.09454996665772342,1539.4806104240342,[-340.0],[16.0],[1],[0],[0],[2.000045616159696],1539.4815332959479,1539.4846146674772,None,,,,,,,,,,,,,ED32,001,2024-02-02_17h32.43.736,rating,2023.2.3,60.027125362353175,2024-02-02 17h32.55.207902 +0800,
neu_94.jpg,0,278,278,378,1539.5127276210696,,,,,,,,,,,,,,,,,,,,,,,1539.484838186656,,1539.4848672669577,1539.484874109381,1539.5127276210696,1540.4960797187996,1540.512742731422,1541.4961293263732,1541.4961293263732,1541.8294497351271,1541.72963445206,1541.72964300509,1541.8294497351271,1541.8294497351271,1541.8294497351271,1541.8294497351271,1541.8294497351271,1541.8294497351271,0.09464918180128734,1544.5307092257826,[282.0],[-168.0],[1],[0],[0],[2.70006463239406],1544.5316432166364,1544.534745970739,None,,,,,,,,,,,,,ED32,001,2024-02-02_17h32.43.736,rating,2023.2.3,60.027125362353175,2024-02-02 17h32.55.207902 +0800,
neu_121.jpg,0,279,279,217,1544.5628549329176,,,,,,,,,,,,,,,,,,,,,,,1544.5349749068373,,1544.5350019914313,1544.5350082636523,1544.5628549329176,1545.5462298387283,1545.5628500862003,1546.5462110220615,1546.5462110220615,1546.879555949503,1546.7797694616365,1546.7797780146666,1546.879555949503,1546.879555949503,1546.879555949503,1546.879555949503,1546.879555949503,1546.879555949503,0.09460527625014947,1548.280768312965,[262.0],[-130.0],[1],[0],[0],[1.4000474408039736],1548.281704299523,1548.2847993559008,None,,,,,,,,,,,,,ED32,001,2024-02-02_17h32.43.736,rating,2023.2.3,60.027125362353175,2024-02-02 17h32.55.207902 +0800,
neu_150.jpg,0,280,280,249,1548.31295165343,,,,,,,,,,,,,,,,,,,,,,,1548.2850325685122,,1548.2850633594207,1548.285070201844,1548.31295165343,1549.296274385757,1549.3129659084789,1550.2962951981299,1550.2962951981299,1550.6296632187514,1550.5298447995738,1550.5298533526038,1550.6296632187514,1550.6296632187514,1550.6296632187514,1550.6296632187514,1550.6296632187514,1550.6296632187514,0.0946557391253009,1551.3309611980403,[191.0],[299.0],[1],[0],[0],[0.7001005551192065],1551.331907163134,1551.3350036450174,None,,,,,,,,,,,,,ED32,001,2024-02-02_17h32.43.736,rating,2023.2.3,60.027125362353175,2024-02-02 17h32.55.207902 +0800,
neg_137.jpg,0,281,281,42,1551.3629860223537,,,,,,,,,,,,,,,,,,,,,,,1551.3352551040934,,1551.3352819035863,1551.3352881758074,1551.3629860223537,1552.346337264782,1552.3630031284138,1553.3463677705877,1553.3463677705877,1553.6797021492912,1553.5798959894564,1553.5799051126887,1553.6797021492912,1553.6797021492912,1553.6797021492912,1553.6797021492912,1553.6797021492912,1553.6797021492912,0.09447270428790944,1557.08109441148,[-15.0],[-363.0],[1],[0],[0],[3.4001999698357395],1557.0820352447554,1557.0852329374902,None,,,,,,,,,,,,,ED32,001,2024-02-02_17h32.43.736,rating,2023.2.3,60.027125362353175,2024-02-02 17h32.55.207902 +0800,
neg_128.jpg,0,282,282,32,1557.1131115380667,,,,,,,,,,,,,,,,,,,,,,,1557.0854624437889,,1557.0854929495963,1557.0855000771207,1557.1131115380667,1558.0964824524617,1558.1131480309941,1559.0964981330162,1559.0964981330162,1559.4298279501054,1559.330016373351,1559.3300249263812,1559.4298279501054,1559.4298279501054,1559.4298279501054,1559.4298279501054,1559.4298279501054,1559.4298279501054,0.09439373131317552,1562.331241452317,[-43.0],[-262.0],[1],[0],[0],[2.9001938401652296],1562.3322740881122,1562.3354461217568,None,,,,,,,,,,,,,ED32,001,2024-02-02_17h32.43.736,rating,2023.2.3,60.027125362353175,2024-02-02 17h32.55.207902 +0800,
neg_136.jpg,0,283,283,41,1562.3632203753696,,,,,,,,,,,,,,,,,,,,,,,1562.3356679303306,,1562.3356975808329,1562.3357047083573,1562.3632203753696,1563.3465733284029,1563.3632397622387,1564.3465918599686,1564.3465918599686,1564.67995132756,1564.5801243553524,1564.5801329083824,1564.67995132756,1564.67995132756,1564.67995132756,1564.67995132756,1564.67995132756,1564.67995132756,0.09433328990235168,1565.281195394251,[43.0],[-129.0],[1],[0],[0],[0.5999930435355054],1565.2821570398992,1565.285260364206,None,,,,,,,,,,,,,ED32,001,2024-02-02_17h32.43.736,rating,2023.2.3,60.027125362353175,2024-02-02 17h32.55.207902 +0800,
neg_160.jpg,0,284,284,68,1565.3132875023985,,,,,,,,,,,,,,,,,,,,,,,1565.2854816025756,,1565.2855115381808,1565.2855186657052,1565.3132875023985,1566.2966507190686,1566.3133530756277,1567.2966564210874,1567.2966564210874,1567.6300441136773,1567.5302524939925,1567.5302613321237,1567.6300441136773,1567.6300441136773,1567.6300441136773,1567.6300441136773,1567.6300441136773,1567.6300441136773,0.09458702978554356,1569.131307538726,[-146.0],[97.0],[1],[0],[0],[1.5000446183039458],1569.1322341169525,1569.1353149182814,None,,,,,,,,,,,,,ED32,001,2024-02-02_17h32.43.736,rating,2023.2.3,60.027125362353175,2024-02-02 17h32.55.207902 +0800,
neu_34.jpg,0,285,285,312,1569.1633728473807,,,,,,,,,,,,,,,,,,,,,,,1569.1355375821568,,1569.1355678028613,1569.1355749303857,1569.1633728473807,1570.1467352087475,1570.1633976511675,1571.146738059757,1571.146738059757,1571.4801189099235,1571.3803352730665,1571.3803438260966,1571.4801189099235,1571.4801189099235,1571.4801189099235,1571.4801189099235,1571.4801189099235,1571.4801189099235,0.09462181210801646,1572.4814258128736,[271.0],[-56.0],[1],[0],[0],[1.0000416247439716],1572.482364935544,1572.48530746289,None,,,,,,,,,,,,,ED32,001,2024-02-02_17h32.43.736,rating,2023.2.3,60.027125362353175,2024-02-02 17h32.55.207902 +0800,
neu_148.jpg,0,286,286,246,1572.5134432245613,,,,,,,,,,,,,,,,,,,,,,,1572.4855269906548,,1572.485556641157,1572.4855637686815,1572.5134432245613,1573.4967961775947,1573.513457194511,1574.4968101475442,1574.4968101475442,1574.8301664790233,1574.7303583234807,1574.7303808464603,1574.8301664790233,1574.8301664790233,1574.8301664790233,1574.8301664790233,1574.8301664790233,1574.8301664790233,0.09466657296434278,1576.431468706318,[356.0],[40.0],[1],[0],[0],[1.6000500637346704],1576.4324064034827,1576.4354424439553,None,,,,,,,,,,,,,ED32,001,2024-02-02_17h32.43.736,rating,2023.2.3,60.027125362353175,2024-02-02 17h32.55.207902 +0800,
neu_72.jpg,0,287,287,354,1576.4635228960342,,,,,,,,,,,,,,,,,,,,,,,1576.4356645376283,,1576.4356941881306,1576.4357010305557,1576.4635228960342,1577.4468869680059,1577.4635482700214,1578.4468946657325,1578.4468946657325,1578.7802427292845,1578.6804724921749,1578.6804824707087,1578.7802427292845,1578.7802427292845,1578.7802427292845,1578.7802427292845,1578.7802427292845,1578.7802427292845,0.094604420948599,1579.6815022769606,[219.0],[282.0],[1],[0],[0],[0.9000347538112692],1579.6824311359942,1579.685505379999,None,,,,,,,,,,,,,ED32,001,2024-02-02_17h32.43.736,rating,2023.2.3,60.027125362353175,2024-02-02 17h32.55.207902 +0800,
neu_57.jpg,0,288,288,337,1579.7136320184381,,,,,,,,,,,,,,,,,,,,,,,1579.6857283289755,,1579.685758264579,1579.6857656772063,1579.7136320184381,1580.6969598825854,1580.713652830811,1581.6969932394004,1581.6969932394004,1582.0303110822479,1581.930500360797,1581.9305089138252,1582.0303110822479,1582.0303110822479,1582.0303110822479,1582.0303110822479,1582.0303110822479,1582.0303110822479,0.09460784216025786,1585.031708077111,[64.0],[181.0],[1],[0],[0],[3.0001317166588706],1585.0327911757831,1585.0358619985764,None,,,,,,,,,,,,,ED32,001,2024-02-02_17h32.43.736,rating,2023.2.3,60.027125362353175,2024-02-02 17h32.55.207902 +0800,
neg_132.jpg,0,289,289,37,1585.0637374630405,,,,,,,,,,,,,,,,,,,,,,,1585.0360877985622,,1585.0361174490645,1585.0361242914896,1585.0637374630405,1586.0470755908227,1586.0637420246567,1587.047084428954,1587.047084428954,1587.3804233692736,1587.2806177796392,1587.2806263326693,1587.3804233692736,1587.3804233692736,1587.3804233692736,1587.3804233692736,1587.3804233692736,1587.3804233692736,0.0943609447003837,1588.9817113415174,[-219.0],[188.0],[1],[0],[0],[1.6000742973192246],1588.9826538853995,1588.9857195763743,None,,,,,,,,,,,,,ED32,001,2024-02-02_17h32.43.736,rating,2023.2.3,60.027125362353175,2024-02-02 17h32.55.207902 +0800,
neu_118.jpg,0,290,290,213,1589.0137852032021,,,,,,,,,,,,,,,,,,,,,,,1588.9859448061598,,1588.985974456662,1588.9859812990871,1589.0137852032021,1589.9971515559828,1590.0138151388073,1590.997204014564,1590.997204014564,1591.3305058917558,1591.2307003021215,1591.2307088551515,1591.3305058917558,1591.3305058917558,1591.3305058917558,1591.3305058917558,1591.3305058917558,1591.3305058917558,0.09458560428174678,1593.3318116543014,[-31.0],[244.0],[1],[0],[0],[2.000069564643127],1593.3327790019703,1593.3358295825929,None,,,,,,,,,,,,,ED32,001,2024-02-02_17h32.43.736,rating,2023.2.3,60.027125362353175,2024-02-02 17h32.55.207902 +0800,
neg_104.jpg,0,291,291,6,1593.3638840904823,,,,,,,,,,,,,,,,,,,,,,,1593.3360496805599,,1593.3360793310621,1593.3360861734873,1593.3638840904823,1594.3472761023513,1594.3639194430052,1595.3472761023513,1595.3472761023513,1595.6806036386315,1595.5807963383922,1595.5808048914223,1595.6806036386315,1595.6806036386315,1595.6806036386315,1595.6806036386315,1595.6806036386315,1595.6806036386315,0.09457847675730591,1597.6818940057237,[-347.0],[177.0],[1],[0],[0],[2.000055594693549],1597.6828394006152,1597.6858811431066,None,,,,,,,,,,,,,ED32,001,2024-02-02_17h32.43.736,rating,2023.2.3,60.027125362353175,2024-02-02 17h32.55.207902 +0800,
neu_33.jpg,0,292,292,311,1597.7139781310434,,,,,,,,,,,,,,,,,,,,,,,1597.6860841350135,,1597.6861117898097,1597.6861180620326,1597.7139781310434,1598.6973330797846,1598.714000654023,1599.697354462358,1599.697354462358,1600.030696823891,1599.9308838216311,1599.9308923746612,1600.030696823891,1600.030696823891,1600.030696823891,1600.030696823891,1600.030696823891,1600.030696823891,0.09464005857080338,1604.4322367683926,[-181.0],[-201.0],[1],[0],[0],[4.400311159222838],1604.433226068837,1604.4363667413727,None,,,,,,,,,,,,,ED32,001,2024-02-02_17h32.43.736,rating,2023.2.3,60.027125362353175,2024-02-02 17h32.55.207902 +0800,
neu_171.jpg,0,293,293,272,1604.4641412800866,,,,,,,,,,,,,,,,,,,,,,,1604.4366951777174,,1604.4367234027159,1604.436729674937,1604.4641412800866,1605.4474876757977,1605.464140424785,1606.4474973692322,1606.4474973692322,1606.7808599729324,1606.6810923017329,1606.681100854763,1606.7808599729324,1606.7808599729324,1606.7808599729324,1606.7808599729324,1606.7808599729324,1606.7808599729324,0.09422267071749957,1608.582297110017,[29.0],[-335.0],[1],[0],[0],[1.8001630207472772],1608.5832464963241,1608.5863572332546,None,,,,,,,,,,,,,ED32,001,2024-02-02_17h32.43.736,rating,2023.2.3,60.027125362353175,2024-02-02 17h32.55.207902 +0800,
neu_144.jpg,0,294,294,242,1608.614237829539,,,,,,,,,,,,,,,,,,,,,,,1608.586584173645,,1608.586613824149,1608.5866206665723,1608.614237829539,1609.597491567427,1609.6124810372203,1610.5975839401472,1610.5975839401472,1610.9309308632946,1610.831116720632,1610.831125273662,1610.9309308632946,1610.9309308632946,1610.9309308632946,1610.9309308632946,1610.9309308632946,1610.9309308632946,0.09436864242525189,1613.4323730466676,[417.0],[-332.0],[1],[0],[0],[2.5000882387575984],1613.4333985549383,1613.4364505610647,None,,,,,,,,,,,,,ED32,001,2024-02-02_17h32.43.736,rating,2023.2.3,60.027125362353175,2024-02-02 17h32.55.207902 +0800,
neg_31.jpg,0,295,295,117,1613.464301506845,,,,,,,,,,,,,,,,,,,,,,,1613.4366746504456,,1613.436704586049,1613.4367117135753,1613.464301506845,1614.4476715659384,1614.4643419911863,1615.4476903826035,1615.4476903826035,1615.7810307484287,1615.6812220226839,1615.6812302906128,1615.7810307484287,1615.7810307484287,1615.7810307484287,1615.7810307484287,1615.7810307484287,1615.7810307484287,0.09438204217258317,1618.882475953871,[-225.0],[-145.0],[1],[0],[0],[3.100179357033994],1618.883422204066,1618.8864559637295,None,,,,,,,,,,,,,ED32,001,2024-02-02_17h32.43.736,rating,2023.2.3,60.027125362353175,2024-02-02 17h32.55.207902 +0800,
neu_4.jpg,0,296,296,318,1618.9144657107627,,,,,,,,,,,,,,,,,,,,,,,1618.8866797680075,,1618.8867094185116,1618.886716546036,1618.9144657107627,1619.8978072597547,1619.9144879486394,1620.897814387281,1620.897814387281,1621.2311638763367,1621.1313403253407,1621.1313488783708,1621.2311638763367,1621.2311638763367,1621.2311638763367,1621.2311638763367,1621.2311638763367,1621.2311638763367,0.09450862701305596,1623.932577606629,[-70.0],[11.0],[1],[0],[0],[2.7001649879439356],1623.9335272780354,1623.936571871538,None,,,,,,,,,,,,,ED32,001,2024-02-02_17h32.43.736,rating,2023.2.3,60.027125362353175,2024-02-02 17h32.55.207902 +0800,
neg_12.jpg,0,297,297,23,1623.9645459809472,,,,,,,,,,,,,,,,,,,,,,,1623.9367945354134,,1623.9368256114212,1623.9368324538445,1623.9645459809472,1624.9479094827166,1624.9645605210972,1625.9479391332188,1625.9479391332188,1626.2812983157091,1626.181445399312,1626.181453952342,1626.2812983157091,1626.2812983157091,1626.2812983157091,1626.2812983157091,1626.2812983157091,1626.2812983157091,0.09452658837653871,1628.2825895381065,[-152.0],[38.0],[1],[0],[0],[2.0000287952007056],1628.2835548900675,1628.2865875093266,None,,,,,,,,,,,,,ED32,001,2024-02-02_17h32.43.736,rating,2023.2.3,60.027125362353175,2024-02-02 17h32.55.207902 +0800,
neu_26.jpg,0,298,298,303,1628.3146357449932,,,,,,,,,,,,,,,,,,,,,,,1628.2868096029997,,1628.2868392535038,1628.286845810826,1628.3146357449932,1629.2980072295923,1629.3146525659522,1630.298027471763,1630.298027471763,1630.6313501613258,1630.5315434312888,1630.5315516992177,1630.6313501613258,1630.6313501613258,1630.6313501613258,1630.6313501613258,1630.6313501613258,1630.6313501613258,0.0945665025155904,1631.4327103211417,[312.0],[-253.0],[1],[0],[0],[0.8000720735308278],1631.4336705412843,1631.4367268239275,None,,,,,,,,,,,,,ED32,001,2024-02-02_17h32.43.736,rating,2023.2.3,60.027125362353175,2024-02-02 17h32.55.207902 +0800,
neg_74.jpg,0,299,299,164,1631.4647069204566,,,,,,,,,,,,,,,,,,,,,,,1631.436947492095,,1631.436976857498,1631.4369839850224,1631.4647069204566,1632.4480869580839,1632.464720605305,1633.448089809095,1633.448089809095,1633.7814213367874,1633.6816248703872,1633.6816334234172,1633.7814213367874,1633.7814213367874,1633.7814213367874,1633.7814213367874,1633.7814213367874,1633.7814213367874,0.09450007398299931,1635.1827297792843,[-207.0],[-232.0],[1],[0],[0],[1.4000346112607076],1635.1836814463986,1678.4828521731397,space,1635.2147794073844,1635.2147794073844,43.26278214663398,None,,,,,,,,,ED32,001,2024-02-02_17h32.43.736,rating,2023.2.3,60.027125362353175,2024-02-02 17h32.55.207902 +0800,
neg_37.jpg,0,300,300,123,1678.499073279223,,,,,,,,,,,,,,,,,,,,,,,1678.4832792544275,1678.499073279223,1679.48264547492,1679.482653742849,1679.5157496915926,1680.4824419128126,1680.5157496915926,1681.4824407724082,1681.4824407724082,1681.81578627005,1681.7159729826908,1681.7159809655186,1681.81578627005,1681.81578627005,1681.81578627005,1681.81578627005,1681.81578627005,1681.81578627005,0.08272682848837576,1683.6170973924964,[-87.0],[-132.0],[1],[0],[0],[1.800024461665089],1683.6181020883942,1683.6211774728035,None,,,,,1679.5157496915926,,,,,,,,ED32,001,2024-02-02_17h32.43.736,rating,2023.2.3,60.027125362353175,2024-02-02 17h32.55.207902 +0800,
neu_15.jpg,0,301,301,248,1683.649156428928,,,,,,,,,,,,,,,,,,,,,,,1683.6214007068793,,1683.6214314977879,1683.6214383402112,1683.649156428928,1684.632525347617,1684.6491712541792,1685.6325284837276,1685.6325284837276,1685.9658939384408,1685.866112582391,1685.866121135421,1685.9658939384408,1685.9658939384408,1685.9658939384408,1685.9658939384408,1685.9658939384408,1685.9658939384408,0.0945254479720461,1688.6673276258025,[-378.0],[-298.0],[1],[0],[0],[2.70009029148423],1688.6682924075612,1688.671353822021,None,,,,,,,,,,,,,ED32,001,2024-02-02_17h32.43.736,rating,2023.2.3,60.027125362353175,2024-02-02 17h32.55.207902 +0800,
neu_45.jpg,0,302,302,324,1688.6992703410306,,,,,,,,,,,,,,,,,,,,,,,1688.6715744901903,,1688.6716041406944,1688.6716112682188,1688.6992703410306,1689.6825451763907,1689.6975546032554,1690.6826386895173,1690.6826386895173,1691.0159973018053,1690.9162450260574,1690.9162532939863,1691.0159973018053,1691.0159973018053,1691.0159973018053,1691.0159973018053,1691.0159973018053,1691.0159973018053,0.0944481856040511,1693.1173498494245,[71.0],[-265.0],[1],[0],[0],[2.1000419383562985],1693.1183132056794,1693.1213412633224,None,,,,,,,,,,,,,ED32,001,2024-02-02_17h32.43.736,rating,2023.2.3,60.027125362353175,2024-02-02 17h32.55.207902 +0800,
neu_129.jpg,0,303,303,225,1693.14936070379,,,,,,,,,,,,,,,,,,,,,,,1693.1215684888139,,1693.1215978542168,1693.1216049817413,1693.14936070379,1694.132727056569,1694.14937524394,1695.1327358947,1695.1327358947,1695.4660808221415,1695.3662658241756,1695.3662743772056,1695.4660808221415,1695.4660808221415,1695.4660808221415,1695.4660808221415,1695.4660808221415,1695.4660808221415,0.09454169872878992,1697.2507831011535,[413.0],[-250.0],[1],[0],[0],[1.783390529342796],1697.2517858013434,1697.254811578181,None,,,,,,,,,,,,,ED32,001,2024-02-02_17h32.43.736,rating,2023.2.3,60.027125362353175,2024-02-02 17h32.55.207902 +0800,
neg_1.jpg,0,304,304,0,1697.2827865428917,,,,,,,,,,,,,,,,,,,,,,,1697.2550094382696,,1697.2550359526613,1697.255041939783,1697.2827865428917,1698.266160308298,1698.2828002277402,1699.2661831163769,1699.2661831163769,1699.5995300395243,1699.4997278711035,1699.4997361390324,1699.5995300395243,1699.5995300395243,1699.5995300395243,1699.5995300395243,1699.5995300395243,1699.5995300395243,0.09458731488848571,1700.8009476186799,[-44.0],[-135.0],[1],[0],[0],[1.200047098684081],1700.8019143961465,1700.8050456603505,None,,,,,,,,,,,,,ED32,001,2024-02-02_17h32.43.736,rating,2023.2.3,60.027125362353175,2024-02-02 17h32.55.207902 +0800,
neu_100.jpg,0,305,305,194,1700.8328641046173,,,,,,,,,,,,,,,,,,,,,,,1700.8052438055402,,1700.8052708901341,1700.805277162357,1700.8328641046173,1701.8162170576506,1701.832892614717,1702.8162264659823,1702.8162264659823,1703.1495830825643,1703.0497863310611,1703.0497948840912,1703.1495830825643,1703.1495830825643,1703.1495830825643,1703.1495830825643,1703.1495830825643,1703.1495830825643,0.09436636161808565,1704.1509364569774,[123.0],[45.0],[1],[0],[0],[1.0000319313112414],1704.1519072258561,1704.1550704213714,None,,,,,,,,,,,,,ED32,001,2024-02-02_17h32.43.736,rating,2023.2.3,60.027125362353175,2024-02-02 17h32.55.207902 +0800,
neg_127.jpg,0,306,306,31,1704.1829293499795,,,,,,,,,,,,,,,,,,,,,,,1704.155295366054,,1704.1553247314569,1704.1553318589813,1704.1829293499795,1705.1662962729606,1705.182949021948,1706.1663025451835,1706.1663025451835,1706.4996614425727,1706.3998481552117,1706.3998564231406,1706.4996614425727,1706.4996614425727,1706.4996614425727,1706.4996614425727,1706.4996614425727,1706.4996614425727,0.0943957270210376,1708.1011940314693,[-286.0],[-55.0],[1],[0],[0],[1.6001803548879252],1708.1022437733245,1708.105404973132,None,,,,,,,,,,,,,ED32,001,2024-02-02_17h32.43.736,rating,2023.2.3,60.027125362353175,2024-02-02 17h32.55.207902 +0800,
neg_16.jpg,0,307,307,67,1708.1330249871062,,,,,,,,,,,,,,,,,,,,,,,1708.1056071097355,,1708.1056339092283,1708.1056401814512,1708.1330249871062,1709.116370527514,1709.1330851434159,1710.1163907696846,1710.1163907696846,1710.4497342716204,1710.349964319612,1710.3499734428424,1710.4497342716204,1710.4497342716204,1710.4497342716204,1710.4497342716204,1710.4497342716204,1710.4497342716204,0.09415681238897378,1711.451096484163,[-330.0],[120.0],[1],[0],[0],[1.0000407694424212],1711.4521054565776,1711.4551859728035,None,,,,,,,,,,,,,ED32,001,2024-02-02_17h32.43.736,rating,2023.2.3,60.027125362353175,2024-02-02 17h32.55.207902 +0800,
neu_119.jpg,0,308,308,214,1711.4831121852458,,,,,,,,,,,,,,,,,,,,,,,1711.455407211175,,1711.455436291475,1711.4554434189995,1711.4831121852458,1712.4664391940878,1712.4831395549409,1713.4664907973693,1713.4664907973693,1713.7998057892037,1713.6999970634606,1713.7000050462884,1713.7998057892037,1713.7998057892037,1713.7998057892037,1713.7998057892037,1713.7998057892037,1713.7998057892037,0.09442366691837378,1716.2011852218475,[125.0],[-271.0],[1],[0],[0],[2.400066827673072],1716.2021634033536,1716.20523251554,None,,,,,,,,,,,,,ED32,001,2024-02-02_17h32.43.736,rating,2023.2.3,60.027125362353175,2024-02-02 17h32.55.207902 +0800,
neg_186.jpg,0,309,309,96,1716.2331912294958,,,,,,,,,,,,,,,,,,,,,,,1716.205460596335,,1716.205490246839,1716.2054970892623,1716.2331912294958,1717.2164788944028,1717.231489176569,1718.2165638544975,1718.2165638544975,1718.549904790525,1718.4501148814452,1718.4501234344752,1718.549904790525,1718.549904790525,1718.549904790525,1718.549904790525,1718.549904790525,1718.549904790525,0.09447156388341682,1719.4512889273337,[-321.0],[241.0],[1],[0],[0],[0.8999691805838665],1719.4522859255048,1719.4553501909759,None,,,,,,,,,,,,,ED32,001,2024-02-02_17h32.43.736,rating,2023.2.3,60.027125362353175,2024-02-02 17h32.55.207902 +0800,
neg_14.jpg,0,310,310,45,1719.483263288772,,,,,,,,,,,,,,,,,,,,,,,1719.4555714293456,,1719.4556010798497,1719.455608207374,1719.483263288772,1720.4666290713503,1720.4832775438208,1721.4666926488717,1721.4666926488717,1721.7999771349005,1721.700165558148,1721.7001746813785,1721.7999771349005,1721.7999771349005,1721.7999771349005,1721.7999771349005,1721.7999771349005,1721.7999771349005,0.09443107954211882,1723.2013346147687,[-332.0],[69.0],[1],[0],[0],[1.4000448748975032],1723.2023512849082,1723.2053308753839,None,,,,,,,,,,,,,ED32,001,2024-02-02_17h32.43.736,rating,2023.2.3,60.027125362353175,2024-02-02 17h32.55.207902 +0800,
neu_146.jpg,0,311,311,244,1723.2333451840314,,,,,,,,,,,,,,,,,,,,,,,1723.2055543945626,,1723.205584615267,1723.2055917427915,1723.2333451840314,1724.216705264591,1724.2333605794847,1725.2167440383255,1725.2167440383255,1725.5667545442975,1725.450267410477,1725.450275963507,1725.5667545442975,1725.5667545442975,1725.5667545442975,1725.5667545442975,1725.5667545442975,1725.5667545442975,0.11122495352174155,1726.1681440124958,[273.0],[238.0],[1],[0],[0],[0.5999785033855005],1726.1691259003146,1726.172190450885,None,,,,,,,,,,,,,ED32,001,2024-02-02_17h32.43.736,rating,2023.2.3,60.027125362353175,2024-02-02 17h32.55.207902 +0800,
neu_51.jpg,0,312,312,331,1726.2000730428754,,,,,,,,,,,,,,,,,,,,,,,1726.172412259457,,1726.1724427652643,1726.1724496076877,1726.2000730428754,1727.1834220044948,1727.2000918595404,1728.183470471664,1728.183470471664,1728.516713903151,1728.4170149412894,1728.4170234943176,1728.516713903151,1728.516713903151,1728.516713903151,1728.516713903151,1728.516713903151,1728.516713903151,0.09432416667004873,1729.9182681027014,[285.0],[-269.0],[1],[0],[0],[1.4001395284249156],1729.9192668114792,1729.9223621529582,None,,,,,,,,,,,,,ED32,001,2024-02-02_17h32.43.736,rating,2023.2.3,60.027125362353175,2024-02-02 17h32.55.207902 +0800,
neg_125.jpg,0,313,313,29,1729.9501674825788,,,,,,,,,,,,,,,,,,,,,,,1729.9225856721368,,1729.9226158928413,1729.9226230203658,1729.9501674825788,1730.9335053252598,1730.9501717590938,1731.9335230015204,1731.9335230015204,1732.2835637281987,1732.1670577777131,1732.1670666158443,1732.2835637281987,1732.2835637281987,1732.2835637281987,1732.2835637281987,1732.2835637281987,1732.2835637281987,0.11100228964642156,1736.5849810507625,[-196.0],[-239.0],[1],[0],[0],[4.300072786283636],1736.5860074143366,1736.589097338896,None,,,,,,,,,,,,,ED32,001,2024-02-02_17h32.43.736,rating,2023.2.3,60.027125362353175,2024-02-02 17h32.55.207902 +0800,
neu_19.jpg,0,314,314,292,1736.6169616844236,,,,,,,,,,,,,,,,,,,,,,,1736.5893239941852,,1736.5893542148915,1736.589361342416,1736.6169616844236,1737.6003468538693,1737.6170101515927,1738.6003536962926,1738.6003536962926,1738.9503961335759,1738.8338830555658,1738.8338918936952,1738.9503961335759,1738.9503961335759,1738.9503961335759,1738.9503961335759,1738.9503961335759,1738.9503961335759,0.1110975133778993,1741.7517922161169,[356.0],[-266.0],[1],[0],[0],[2.7999865432338993],1741.7528550726165,1741.7558147060226,None,,,,,,,,,,,,,ED32,001,2024-02-02_17h32.43.736,rating,2023.2.3,60.027125362353175,2024-02-02 17h32.55.207902 +0800,
neg_121.jpg,0,315,315,25,1741.783747475787,,,,,,,,,,,,,,,,,,,,,,,1741.756041646413,,1741.756071296917,1741.7560784244415,1741.783747475787,1742.7670921608915,1742.7837563139183,1743.7671141136689,1743.7671141136689,1744.1171220537308,1744.0006426176387,1744.00065145577,1744.1171220537308,1744.1171220537308,1744.1171220537308,1744.1171220537308,1744.1171220537308,1744.1171220537308,0.1111057813050138,1745.4185641800832,[-279.0],[-124.0],[1],[0],[0],[1.3000380039629817],1745.4195620335577,1745.4226442603904,None,,,,,,,,,,,,,ED32,001,2024-02-02_17h32.43.736,rating,2023.2.3,60.027125362353175,2024-02-02 17h32.55.207902 +0800,
neg_76.jpg,0,316,316,166,1745.4504883637455,,,,,,,,,,,,,,,,,,,,,,,1745.4228660689623,,1745.4228954343653,1745.4229022767886,1745.4504883637455,1746.4339328341975,1746.4505011932906,1747.4339009028863,1747.4339009028863,1747.7838994346166,1747.6674177177156,1747.6674262707456,1747.7838994346166,1747.7838994346166,1747.7838994346166,1747.7838994346166,1747.7838994346166,1747.7838994346166,0.1110792669132934,1749.9853244263995,[-314.0],[54.0],[1],[0],[0],[2.200037975451778],1749.986311446035,1749.9894441357446,None,,,,,,,,,,,,,ED32,001,2024-02-02_17h32.43.736,rating,2023.2.3,60.027125362353175,2024-02-02 17h32.55.207902 +0800,
neu_153.jpg,0,317,317,252,1750.0172480398596,,,,,,,,,,,,,,,,,,,,,,,1749.9896673698222,,1749.9896975905267,1749.98970443295,1750.0172480398596,1751.000630358296,1751.0172796860697,1752.000632354002,1752.000632354002,1752.3506348771461,1752.2342090400398,1752.2342170228676,1752.3506348771461,1752.3506348771461,1752.3506348771461,1752.3506348771461,1752.3506348771461,1752.3506348771461,0.11099516212198068,1754.8520864688508,[149.0],[-224.0],[1],[0],[0],[2.5000922301715036],1754.8531059900015,1754.8561531494124,None,,,,,,,,,,,,,ED32,001,2024-02-02_17h32.43.736,rating,2023.2.3,60.027125362353175,2024-02-02 17h32.55.207902 +0800,
neg_191.jpg,0,318,318,102,1754.884025477766,,,,,,,,,,,,,,,,,,,,,,,1754.8563849365182,,1754.856411736013,1754.8564177231328,1754.884025477766,1755.8673924007471,1755.8840391626127,1756.8673915454456,1756.8673915454456,1757.217402621618,1757.1009534062305,1757.1009619592605,1757.217402621618,1757.217402621618,1757.217402621618,1757.217402621618,1757.217402621618,1757.217402621618,0.11108040731778601,1760.3189134002896,[-170.0],[254.0],[1],[0],[0],[3.100059614616839],1760.3199263641163,1760.322976944739,None,,,,,,,,,,,,,ED32,001,2024-02-02_17h32.43.736,rating,2023.2.3,60.027125362353175,2024-02-02 17h32.55.207902 +0800,
neu_134.jpg,0,319,319,231,1760.3508056526407,,,,,,,,,,,,,,,,,,,,,,,1760.323207591442,,1760.32323866745,1760.3232457949744,1760.3508056526407,1761.3341811286537,1761.3508221884986,1762.3342238938021,1762.3342238938021,1762.6841862177062,1762.5677561040848,1762.5677646571148,1762.6841862177062,1762.6841862177062,1762.6841862177062,1762.6841862177062,1762.6841862177062,1762.6841862177062,0.11100285984866787,1765.8856437110007,[266.0],[16.0],[1],[0],[0],[3.2000929999449],1765.8866375730613,1765.8897317741357,None,,,,,,,,,,,,,ED32,001,2024-02-02_17h32.43.736,rating,2023.2.3,60.027125362353175,2024-02-02 17h32.55.207902 +0800,
neu_162.jpg,0,320,320,262,1765.9175898474405,,,,,,,,,,,,,,,,,,,,,,,1765.889954438011,,1765.889983803414,1765.8899909309384,1765.9175898474405,1766.9009584810283,1766.9176072386017,1767.9010106545102,1767.9010106545102,1768.2509906546748,1768.1344983890376,1768.1345069420677,1768.2509906546748,1768.2509906546748,1768.2509906546748,1768.2509906546748,1768.2509906546748,1768.2509906546748,0.11107242448997567,1769.5524789673873,[-266.0],[-258.0],[1],[0],[0],[1.3000759223941714],1769.553542679192,1769.556606374459,None,,,,,,,,,,,,,ED32,001,2024-02-02_17h32.43.736,rating,2023.2.3,60.027125362353175,2024-02-02 17h32.55.207902 +0800,
neu_154.jpg,0,321,321,253,1769.58433700762,,,,,,,,,,,,,,,,,,,,,,,1769.5568316042445,,1769.5568621100501,1769.5568689524735,1769.58433700762,1770.567701649794,1770.5843569646895,1771.5677079220168,1771.5677079220168,1771.9177466529873,1771.801318820173,1771.8013279434053,1771.9177466529873,1771.9177466529873,1771.9177466529873,1771.9177466529873,1771.9177466529873,1771.9177466529873,0.11096579671902873,1773.9191943958267,[346.0],[-156.0],[1],[0],[0],[1.9999928724755591],1773.9201965258162,1773.9232878758812,None,,,,,,,,,,,,,ED32,001,2024-02-02_17h32.43.736,rating,2023.2.3,60.027125362353175,2024-02-02 17h32.55.207902 +0800,
neu_182.jpg,0,322,322,284,1773.9511046095413,,,,,,,,,,,,,,,,,,,,,,,1773.9235079738482,,1773.9235376243505,1773.9235447518768,1773.9511046095413,1774.9344598433836,1774.951112592369,1775.9344718176253,1775.9344718176253,1776.2844780470823,1776.1680006066963,1776.1680088746252,1776.2844780470823,1776.2844780470823,1776.2844780470823,1776.2844780470823,1776.2844780470823,1776.2844780470823,0.11099858333363954,1778.6859809284542,[-136.0],[-132.0],[1],[0],[0],[2.4001167203459772],1778.6869930369794,1778.6899905888167,None,,,,,,,,,,,,,ED32,001,2024-02-02_17h32.43.736,rating,2023.2.3,60.027125362353175,2024-02-02 17h32.55.207902 +0800,
neu_115.jpg,0,323,323,210,1778.7178660532827,,,,,,,,,,,,,,,,,,,,,,,1778.6902138228943,,1778.6902434733984,1778.6902506009228,1778.7178660532827,1779.7012289848499,1779.7179102439368,1780.7012363974754,1780.7012363974754,1781.0512466183463,1780.9348433042178,1780.9348515721467,1781.0512466183463,1781.0512466183463,1781.0512466183463,1781.0512466183463,1781.0512466183463,1781.0512466183463,0.11105816944109392,1785.9527496422706,[44.0],[229.0],[1],[0],[0],[4.900108309866482],1785.9537466404418,1785.9568080549016,None,,,,,,,,,,,,,ED32,001,2024-02-02_17h32.43.736,rating,2023.2.3,60.027125362353175,2024-02-02 17h32.55.207902 +0800,
neu_163.jpg,0,324,324,263,1785.9847086082555,,,,,,,,,,,,,,,,,,,,,,,1785.9570338548892,,1785.9570635053915,1785.9570703478148,1785.9847086082555,1786.9680567145715,1786.9847068976487,1787.9680875054783,1787.9680875054783,1788.3180734927646,1788.201590350358,1788.2015994735902,1788.3180734927646,1788.3180734927646,1788.3180734927646,1788.3180734927646,1788.3180734927646,1788.3180734927646,0.1110627310572454,1790.1195439866642,[60.0],[75.0],[1],[0],[0],[1.800064946004568],1790.1205743416522,1790.1235775955101,None,,,,,,,,,,,,,ED32,001,2024-02-02_17h32.43.736,rating,2023.2.3,60.027125362353175,2024-02-02 17h32.55.207902 +0800,
neu_178.jpg,0,325,325,279,1790.151444506946,,,,,,,,,,,,,,,,,,,,,,,1790.1237999742843,,1790.1238299098895,1790.123837037414,1790.151444506946,1791.1348060130094,1791.1514730170456,1792.1348085789177,1792.1348085789177,1792.484838186656,1792.3684146303567,1792.3684240386901,1792.484838186656,1792.484838186656,1792.484838186656,1792.484838186656,1792.484838186656,1792.484838186656,0.11106301615654957,1793.8863045751023,[141.0],[-152.0],[1],[0],[0],[1.4000289092418825],1793.8873226707474,1793.8903413200587,None,,,,,,,,,,,,,ED32,001,2024-02-02_17h32.43.736,rating,2023.2.3,60.027125362353175,2024-02-02 17h32.55.207902 +0800,
neu_49.jpg,0,326,326,328,1793.918265251692,,,,,,,,,,,,,,,,,,,,,,,1793.8905662647412,,1793.8905956301442,1793.8906024725675,1793.918265251692,1794.9015594739212,1794.918225337553,1795.901567456749,1795.901567456749,1796.251575681912,1796.135097956425,1796.1351062243539,1796.251575681912,1796.251575681912,1796.251575681912,1796.251575681912,1796.251575681912,1796.251575681912,0.11103536136033654,1801.3531471870938,[281.0],[-326.0],[1],[0],[0],[5.10014286410842],1801.3542325665749,1801.357336175981,None,,,,,,,,,,,,,ED32,001,2024-02-02_17h32.43.736,rating,2023.2.3,60.027125362353175,2024-02-02 17h32.55.207902 +0800,
neu_157.jpg,0,327,327,256,1801.3850174866693,,,,,,,,,,,,,,,,,,,,,,,1801.3575642567757,,1801.3575944774802,1801.3576013199036,1801.3850174866693,1802.3683750013188,1802.3850368735384,1803.3683886861672,1803.3683886861672,1803.718400332542,1803.6019890355874,1803.6019975886175,1803.718400332542,1803.718400332542,1803.718400332542,1803.718400332542,1803.718400332542,1803.718400332542,0.11086144975524803,1805.1200226712317,[81.0],[282.0],[1],[0],[0],[1.4001572046872752],1805.121089234046,1805.1241877116354,None,,,,,,,,,,,,,ED32,001,2024-02-02_17h32.43.736,rating,2023.2.3,60.027125362353175,2024-02-02 17h32.55.207902 +0800,
neg_180.jpg,0,328,328,90,1805.1517869132385,,,,,,,,,,,,,,,,,,,,,,,1805.1244143669246,,1805.1244448727302,1805.1244517151536,1805.1517869132385,1806.135117058191,1806.151821125357,1807.1351381556651,1807.1351381556651,1807.4851517977477,1807.3686675149384,1807.3686757828673,1807.4851517977477,1807.4851517977477,1807.4851517977477,1807.4851517977477,1807.4851517977477,1807.4851517977477,0.11076508561927767,1809.0199870050983,[-364.0],[289.0],[1],[0],[0],[1.5334156895078195],1809.0210555636186,1809.024164304843,None,,,,,,,,,,,,,ED32,001,2024-02-02_17h32.43.736,rating,2023.2.3,60.027125362353175,2024-02-02 17h32.55.207902 +0800,
neg_90.jpg,0,329,329,182,1809.0518547387637,,,,,,,,,,,,,,,,,,,,,,,1809.0243983727578,,1809.0244248871513,1809.0244311593724,1809.0518547387637,1810.0352173852316,1810.0518792574494,1811.0352256531605,1811.0352256531605,1811.3852344485258,1811.2688060455112,1811.268816024045,1811.3852344485258,1811.3852344485258,1811.3852344485258,1811.3852344485258,1811.3852344485258,1811.3852344485258,0.11086658157364582,1813.070059577556,[-373.0],[204.0],[1],[0],[0],[1.6834084621950751],1813.0710964898662,1848.4531207012114,space,1813.1019332983433,1813.1019332983433,35.34108770020066,None,,,,,,,,,ED32,001,2024-02-02_17h32.43.736,rating,2023.2.3,60.027125362353175,2024-02-02 17h32.55.207902 +0800,
neg_70.jpg,0,330,330,160,1848.4693859979488,,,,,,,,,,,,,,,,,,,,,,,1848.4534998855324,1848.4693859979488,1849.4529045946601,1849.4529122923868,1849.4860646911275,1850.4527991072919,1850.486088639611,1851.452757767649,1851.452757767649,1851.8027964986177,1851.6863549809568,1851.6863632488858,1851.8027964986177,1851.8027964986177,1851.8027964986177,1851.8027964986177,1851.8027964986177,1851.8027964986177,0.09952897039511299,1854.920920682338,[-48.0],[-236.0],[1],[0],[0],[3.1166282588110334],1854.9220493971698,1854.9252242818238,None,,,,,1849.4860646911275,,,,,,,,ED32,001,2024-02-02_17h32.43.736,rating,2023.2.3,60.027125362353175,2024-02-02 17h32.55.207902 +0800,
neg_64.jpg,0,331,331,153,1854.952814930397,,,,,,,,,,,,,,,,,,,,,,,1854.9254557838303,,1854.9254877151416,1854.925494842666,1854.952814930397,1855.9362055167621,1855.952853133931,1856.936219771811,1856.936219771811,1857.2862211545507,1857.1697411482564,1857.1697494161854,1857.2862211545507,1857.2862211545507,1857.2862211545507,1857.2862211545507,1857.2862211545507,1857.2862211545507,0.11078960430495499,1860.4377936718429,[-67.0],[86.0],[1],[0],[0],[3.1500811539972347],1860.438834575567,1860.4419284915402,None,,,,,,,,,,,,,ED32,001,2024-02-02_17h32.43.736,rating,2023.2.3,60.027125362353175,2024-02-02 17h32.55.207902 +0800,
neu_91.jpg,0,332,332,375,1860.46964429945,,,,,,,,,,,,,,,,,,,,,,,1860.4421548617283,,1860.4421842271313,1860.4421913546557,1860.46964429945,1861.45304258354,1861.469677371164,1862.4529952567755,1862.4529952567755,1862.803004622343,1862.6865280372604,1862.6865368753915,1862.803004622343,1862.803004622343,1862.803004622343,1862.803004622343,1862.803004622343,1862.803004622343,0.11087684521044139,1866.3045189362656,[9.0],[-41.0],[1],[0],[0],[3.500085387746367],1866.3055518571637,1866.3086403562174,None,,,,,,,,,,,,,ED32,001,2024-02-02_17h32.43.736,rating,2023.2.3,60.027125362353175,2024-02-02 17h32.55.207902 +0800,
neg_116.jpg,0,333,333,19,1866.336410048214,,,,,,,,,,,,,,,,,,,,,,,1866.30886786681,,1866.3088980875145,1866.3089049299379,1866.336410048214,1867.3198006345792,1867.336435422203,1868.3198057663958,1868.3198057663958,1868.6698102852479,1868.5533214408206,1868.553330849154,1868.6698102852479,1868.6698102852479,1868.6698102852479,1868.6698102852479,1868.6698102852479,1868.6698102852479,0.11096750732576766,1870.3046147301993,[-231.0],[133.0],[1],[0],[0],[1.6333752336759062],1870.3056524978128,1870.3087201844955,None,,,,,,,,,,,,,ED32,001,2024-02-02_17h32.43.736,rating,2023.2.3,60.027125362353175,2024-02-02 17h32.55.207902 +0800,
neu_90.jpg,0,334,334,374,1870.3364998550278,,,,,,,,,,,,,,,,,,,,,,,1870.3089499758953,,1870.3089796263994,1870.3089867539238,1870.3364998550278,1871.3198716247261,1871.3365468966913,1872.3198707694228,1872.3198707694228,1872.6699100705955,1872.5534360514212,1872.5534448895505,1872.6699100705955,1872.6699100705955,1872.6699100705955,1872.6699100705955,1872.6699100705955,1872.6699100705955,0.11098489848518511,1875.471464099086,[356.0],[-21.0],[1],[0],[0],[2.8000583886823733],1875.4725064283157,1875.4755977783807,None,,,,,,,,,,,,,ED32,001,2024-02-02_17h32.43.736,rating,2023.2.3,60.027125362353175,2024-02-02 17h32.55.207902 +0800,
neu_77.jpg,0,335,335,359,1875.5032941994214,,,,,,,,,,,,,,,,,,,,,,,1875.4758238634677,,1875.4758540841722,1875.4758609265955,1875.5032941994214,1876.486626910284,1876.5033224244198,1877.4866482928592,1877.4866482928592,1877.8366610796384,1877.720180788243,1877.7201893412712,1877.8366610796384,1877.8366610796384,1877.8366610796384,1877.8366610796384,1877.8366610796384,1877.8366610796384,0.11086059445187857,1879.0049211282367,[312.0],[320.0],[1],[0],[0],[1.1668103100510052],1879.0059591809513,1879.0090385567746,None,,,,,,,,,,,,,ED32,001,2024-02-02_17h32.43.736,rating,2023.2.3,60.027125362353175,2024-02-02 17h32.55.207902 +0800,
neu_22.jpg,0,336,336,299,1879.036680238425,,,,,,,,,,,,,,,,,,,,,,,1879.0092609355488,,1879.0092911562533,1879.0092979986766,1879.036680238425,1880.0200548591347,1880.0367024763018,1881.020067973779,1881.020067973779,1881.37006964162,1881.2536081668895,1881.2536164348185,1881.37006964162,1881.37006964162,1881.37006964162,1881.37006964162,1881.37006964162,1881.37006964162,0.11083408006015816,1884.6382900896915,[81.0],[94.0],[1],[0],[0],[3.266764722402513],1884.6393161681644,1884.6425184225136,None,,,,,,,,,,,,,ED32,001,2024-02-02_17h32.43.736,rating,2023.2.3,60.027125362353175,2024-02-02 17h32.55.207902 +0800,
neg_41.jpg,0,337,337,128,1884.6701640955798,,,,,,,,,,,,,,,,,,,,,,,1884.6427402310874,,1884.6427713070952,1884.6427781495186,1884.6701640955798,1885.653510206188,1885.6701572531547,1886.653514197602,1886.653514197602,1887.0035235631694,1886.8870606629353,1886.8870689308642,1887.0035235631694,1887.0035235631694,1887.0035235631694,1887.0035235631694,1887.0035235631694,1887.0035235631694,0.1108047146572062,1888.055189850178,[-53.0],[109.0],[1],[0],[0],[1.0501652302791626],1888.056278650869,1888.0594646544632,None,,,,,,,,,,,,,ED32,001,2024-02-02_17h32.43.736,rating,2023.2.3,60.027125362353175,2024-02-02 17h32.55.207902 +0800,
neu_87.jpg,0,338,338,370,1888.0869050548135,,,,,,,,,,,,,,,,,,,,,,,1888.0596887438423,,1888.0597181092453,1888.0597249516686,1888.0869050548135,1889.0702343444646,1889.0869404073364,1890.0702508803206,1890.0702508803206,1890.420266518111,1890.30378480121,1890.303793069139,1890.420266518111,1890.420266518111,1890.420266518111,1890.420266518111,1890.420266518111,1890.420266518111,0.11060514396376675,1892.4051196725686,[245.0],[-28.0],[1],[0],[0],[1.983380322728408],1892.406146606343,1892.4092428031254,None,,,,,,,,,,,,,ED32,001,2024-02-02_17h32.43.736,rating,2023.2.3,60.027125362353175,2024-02-02 17h32.55.207902 +0800,
neg_51.jpg,0,339,339,139,1892.4369868360318,,,,,,,,,,,,,,,,,,,,,,,1892.4094614755868,,1892.4094914111902,1892.4094982536153,1892.4369868360318,1893.4203537590147,1893.4370190524442,1894.4203489122974,1894.4203489122974,1894.770383936955,1894.6538782715706,1894.6538868246007,1894.770383936955,1894.770383936955,1894.770383936955,1894.770383936955,1894.770383936955,1894.770383936955,0.11094583964950289,1896.171941557719,[-84.0],[-168.0],[1],[0],[0],[1.40006654257013],1896.1730332094194,1896.1761741670562,None,,,,,,,,,,,,,ED32,001,2024-02-02_17h32.43.736,rating,2023.2.3,60.027125362353175,2024-02-02 17h32.55.207902 +0800,
neu_46.jpg,0,340,340,325,1896.2037209100781,,,,,,,,,,,,,,,,,,,,,,,1896.1763976862348,,1896.1764279069412,1896.1764347493645,1896.2037209100781,1897.1871006626043,1897.2037374459342,1898.187091824473,1898.187091824473,1898.5371048963534,1898.420697590811,1898.420706143841,1898.5371048963534,1898.5371048963534,1898.5371048963534,1898.5371048963534,1898.5371048963534,1898.5371048963534,0.110732584107609,1899.5886551472577,[-74.0],[-63.0],[1],[0],[0],[1.0500486239743623],1899.589755066887,1899.59289459902,None,,,,,,,,,,,,,ED32,001,2024-02-02_17h32.43.736,rating,2023.2.3,60.027125362353175,2024-02-02 17h32.55.207902 +0800,
neg_84.jpg,0,341,341,175,1899.6204655756246,,,,,,,,,,,,,,,,,,,,,,,1899.5931164075919,,1899.593145772993,1899.5931529005193,1899.6204655756246,1900.6038256561824,1900.6205114768836,1901.6038356347162,1901.6038356347162,1901.9538424343755,1901.8373658492928,1901.8373738321206,1901.9538424343755,1901.9538424343755,1901.9538424343755,1901.9538424343755,1901.9538424343755,1901.9538424343755,0.11075368158162746,1903.122042041563,[-358.0],[33.0],[1],[0],[0],[1.1667059630854055],1903.1230803793787,1903.1261415087374,None,,,,,,,,,,,,,ED32,001,2024-02-02_17h32.43.736,rating,2023.2.3,60.027125362353175,2024-02-02 17h32.55.207902 +0800,
neu_64.jpg,0,342,342,345,1903.1538701461923,,,,,,,,,,,,,,,,,,,,,,,1903.1263653130172,,1903.1263946784202,1903.1264015208435,1903.1538701461923,1904.1372396350835,1904.1539089199268,1905.1372422009917,1905.1372422009917,1905.4873057357472,1905.3707764069804,1905.3707846749094,1905.4873057357472,1905.4873057357472,1905.4873057357472,1905.4873057357472,1905.4873057357472,1905.4873057357472,0.11096893282956444,1907.822186787338,[-130.0],[-293.0],[1],[0],[0],[2.3333517698629294],1907.8232696009072,1907.8263398534982,None,,,,,,,,,,,,,ED32,001,2024-02-02_17h32.43.736,rating,2023.2.3,60.027125362353175,2024-02-02 17h32.55.207902 +0800,
neg_123.jpg,0,343,343,27,1907.8539587270698,,,,,,,,,,,,,,,,,,,,,,,1907.826549117628,,1907.8265770575254,1907.8265836148476,1907.8539587270698,1908.8373344881838,1908.8540063389355,1909.83734503692,1909.83734503692,1910.187351266377,1910.07089064695,1910.070898914877,1910.187351266377,1910.187351266377,1910.187351266377,1910.187351266377,1910.187351266377,1910.187351266377,0.11083094394962245,1913.922286316094,[-362.0],[131.0],[1],[0],[0],[3.733432567485579],1913.9233326367375,1913.9264034595308,None,,,,,,,,,,,,,ED32,001,2024-02-02_17h32.43.736,rating,2023.2.3,60.027125362353175,2024-02-02 17h32.55.207902 +0800,
neg_158.jpg,0,344,344,65,1913.9541312416804,,,,,,,,,,,,,,,,,,,,,,,1913.926625838305,,1913.9266557739084,1913.9266629014328,1913.9541312416804,1914.93747421618,1914.9541189823376,1915.9374750714833,1915.9374750714833,1916.287486717858,1916.1710078519664,1916.1710164049964,1916.287486717858,1916.287486717858,1916.287486717858,1916.287486717858,1916.287486717858,1916.287486717858,0.11088539823867904,1917.5723704636512,[-288.0],[216.0],[1],[0],[0],[1.2833829741666705],1917.573425622426,1917.5764950197135,None,,,,,,,,,,,,,ED32,001,2024-02-02_17h32.43.736,rating,2023.2.3,60.027125362353175,2024-02-02 17h32.55.207902 +0800,
neg_39.jpg,0,345,345,125,1917.6041771857053,,,,,,,,,,,,,,,,,,,,,,,1917.5767225303061,,1917.576751895709,1917.5767587381324,1917.6041771857053,1918.587537266265,1918.6041994235839,1919.5875786059078,1919.5875786059078,1919.9375651633964,1919.8210845868998,1919.8210931399299,1919.9375651633964,1919.9375651633964,1919.9375651633964,1919.9375651633964,1919.9375651633964,1919.9375651633964,0.1108680070774426,1922.739171935571,[-36.0],[136.0],[1],[0],[0],[2.80011825989277],1922.7402290900518,1922.7432905045134,None,,,,,,,,,,,,,ED32,001,2024-02-02_17h32.43.736,rating,2023.2.3,60.027125362353175,2024-02-02 17h32.55.207902 +0800,
neu_159.jpg,0,346,346,258,1922.7709629770707,,,,,,,,,,,,,,,,,,,,,,,1922.7435214363159,,1922.7435508017188,1922.7435576441421,1922.7709629770707,1923.754315930104,1923.770978087423,1924.7543273341435,1924.7543273341435,1925.1043426868328,1924.9879533426538,1924.9879616105827,1925.1043426868328,1925.1043426868328,1925.1043426868328,1925.1043426868328,1925.1043426868328,1925.1043426868328,0.11084576920075051,1927.3225763778446,[-64.0],[252.0],[1],[0],[0],[2.216733204486445],1927.3236315366175,1927.326589744518,None,,,,,,,,,,,,,ED32,001,2024-02-02_17h32.43.736,rating,2023.2.3,60.027125362353175,2024-02-02 17h32.55.207902 +0800,
neu_52.jpg,0,347,347,332,1927.3543879466142,,,,,,,,,,,,,,,,,,,,,,,1927.3268115530918,,1927.3268414886952,1927.3268483311185,1927.3543879466142,1928.3377389039415,1928.354433847875,1929.3377679842433,1929.3377679842433,1929.6878229659687,1929.5713058965448,1929.571314734676,1929.6878229659687,1929.6878229659687,1929.6878229659687,1929.6878229659687,1929.6878229659687,1929.6878229659687,0.11103650176482915,1930.7393455620768,[227.0],[-134.0],[1],[0],[0],[1.0499787742301123],1930.7404275203426,1930.7434795264708,None,,,,,,,,,,,,,ED32,001,2024-02-02_17h32.43.736,rating,2023.2.3,60.027125362353175,2024-02-02 17h32.55.207902 +0800,
neg_143.jpg,0,348,348,49,1930.7711303313536,,,,,,,,,,,,,,,,,,,,,,,1930.7437010499416,,1930.7437307004457,1930.743737542869,1930.7711303313536,1931.7544958288308,1931.7711519990298,1932.7545052371643,1932.7545052371643,1933.1045143176307,1932.9880337411323,1932.9880422941624,1933.1045143176307,1933.1045143176307,1933.1045143176307,1933.1045143176307,1933.1045143176307,1933.1045143176307,0.11083921187855594,1934.5062050805573,[-130.0],[-227.0],[1],[0],[0],[1.4001432347395166],1934.507268507261,1934.5103416108614,None,,,,,,,,,,,,,ED32,001,2024-02-02_17h32.43.736,rating,2023.2.3,60.027125362353175,2024-02-02 17h32.55.207902 +0800,
neg_162.jpg,0,349,349,70,1934.5378778051454,,,,,,,,,,,,,,,,,,,,,,,1934.5105488792833,,1934.5105759638773,1934.5105822360983,1934.5378778051454,1935.5212615490855,1935.5378934857,1936.521287778376,1936.521287778376,1936.8713039863687,1936.7547980358831,1936.754806303812,1936.8713039863687,1936.8713039863687,1936.8713039863687,1936.8713039863687,1936.8713039863687,1936.8713039863687,0.11079986794175056,1938.5063168401466,[-177.0],[294.0],[1],[0],[0],[1.6334362452889764],1938.507379696648,1938.5104214391395,None,,,,,,,,,,,,,ED32,001,2024-02-02_17h32.43.736,rating,2023.2.3,60.027125362353175,2024-02-02 17h32.55.207902 +0800,
neg_35.jpg,0,350,350,121,1938.537965046049,,,,,,,,,,,,,,,,,,,,,,,1938.510646668923,,1938.5106791704366,1938.510686297961,1938.537965046049,1939.5213162884756,1939.5379801564013,1940.5213345349403,1940.5213345349403,1940.8713493174255,1940.75486902603,1940.7548778641612,1940.8713493174255,1940.8713493174255,1940.8713493174255,1940.8713493174255,1940.8713493174255,1940.8713493174255,0.11072830759258068,1942.8563524350047,[92.0],[-127.0],[1],[0],[0],[1.9834709848437342],1942.8574252700419,1942.860426528192,None,,,,,,,,,,,,,ED32,001,2024-02-02_17h32.43.736,rating,2023.2.3,60.027125362353175,2024-02-02 17h32.55.207902 +0800,
neu_184.jpg,0,351,351,286,1942.8880579462075,,,,,,,,,,,,,,,,,,,,,,,1942.860646626159,,1942.8606771319646,1942.860683974388,1942.8880579462075,1943.871411469443,1943.8881266555472,1944.871428005301,1944.871428005301,1945.2214684468763,1945.1049844491663,1945.1049927170952,1945.2214684468763,1945.2214684468763,1945.2214684468763,1945.2214684468763,1945.2214684468763,1945.2214684468763,0.11084747980748944,1946.3897943538032,[100.0],[9.0],[1],[0],[0],[1.166793489092015],1946.3908925628275,1946.3940300992526,None,,,,,,,,,,,,,ED32,001,2024-02-02_17h32.43.736,rating,2023.2.3,60.027125362353175,2024-02-02 17h32.55.207902 +0800,
neu_102.jpg,0,352,352,196,1946.4214716400074,,,,,,,,,,,,,,,,,,,,,,,1946.394253048229,,1946.394279847722,1946.3942861199448,1946.4214716400074,1947.404849967028,1947.421487320562,1948.4048958682888,1948.4048958682888,1948.7548787194646,1948.6383759050896,1948.6383841730185,1948.7548787194646,1948.7548787194646,1948.7548787194646,1948.7548787194646,1948.7548787194646,1948.7548787194646,0.11065560683891817,1950.856493559997,[77.0],[-352.0],[1],[0],[0],[2.1000385171428206],1950.857561263214,1950.8606645875207,None,,,,,,,,,,,,,ED32,001,2024-02-02_17h32.43.736,rating,2023.2.3,60.027125362353175,2024-02-02 17h32.55.207902 +0800,
neg_82.jpg,0,353,353,173,1950.8882315727114,,,,,,,,,,,,,,,,,,,,,,,1950.8608849705888,,1950.8609117700817,1950.8609180423027,1950.8882315727114,1951.8715930787748,1951.8882697762456,1952.8715999211981,1952.8715999211981,1953.2216320948464,1953.1051358377936,1953.1051438206214,1953.2216320948464,1953.2216320948464,1953.2216320948464,1953.2216320948464,1953.2216320948464,1953.2216320948464,0.11077677476168901,1955.2065801879344,[-374.0],[13.0],[1],[0],[0],[1.9833669229810766],1955.2076746906441,1955.2107378157107,None,,,,,,,,,,,,,ED32,001,2024-02-02_17h32.43.736,rating,2023.2.3,60.027125362353175,2024-02-02 17h32.55.207902 +0800,
neg_177.jpg,0,354,354,86,1955.2383318854954,,,,,,,,,,,,,,,,,,,,,,,1955.2110745199825,,1955.2111047406888,1955.2111115831121,1955.2383318854954,1956.2216808471148,1956.2383649572112,1957.2217184804467,1957.2217184804467,1957.5717067485402,1957.4552273124482,1957.4552358654782,1957.5717067485402,1957.5717067485402,1957.5717067485402,1957.5717067485402,1957.5717067485402,1957.5717067485402,0.11065731744383811,1958.623297768885,[317.0],[188.0],[1],[0],[0],[1.049994739887552],1958.6244193561906,1958.6274357246948,None,,,,,,,,,,,,,ED32,001,2024-02-02_17h32.43.736,rating,2023.2.3,60.027125362353175,2024-02-02 17h32.55.207902 +0800,
neu_27.jpg,0,355,355,304,1958.6550925166976,,,,,,,,,,,,,,,,,,,,,,,1958.6276598140757,,1958.6276903198814,1958.6276974474058,1958.6550925166976,1959.6384309295809,1959.655083393467,1960.6384642863977,1960.6384642863977,1960.9884725115608,1960.8719694120846,1960.8719782502158,1960.9884725115608,1960.9884725115608,1960.9884725115608,1960.9884725115608,1960.9884725115608,1960.9884725115608,0.11084348839358427,1961.923362857442,[310.0],[-127.0],[1],[0],[0],[0.9332356197191984],1961.9244579303559,1961.9275313190574,None,,,,,,,,,,,,,ED32,001,2024-02-02_17h32.43.736,rating,2023.2.3,60.027125362353175,2024-02-02 17h32.55.207902 +0800,
neu_176.jpg,0,356,356,277,1961.9551322312673,,,,,,,,,,,,,,,,,,,,,,,1961.9277536978316,,1961.9277804973244,1961.9277867695473,1961.9551322312673,1962.9384988691472,1962.95515047773,1963.9385325110652,1963.9385325110652,1964.2885153622392,1964.172043908975,1964.1720527471061,1964.2885153622392,1964.2885153622392,1964.2885153622392,1964.2885153622392,1964.2885153622392,1964.2885153622392,0.11079045960832445,1965.923503127131,[243.0],[-322.0],[1],[0],[0],[1.6333940503409394],1965.9246478076166,1965.927737732176,None,,,,,,,,,,,,,ED32,001,2024-02-02_17h32.43.736,rating,2023.2.3,60.027125362353175,2024-02-02 17h32.55.207902 +0800,
neu_168.jpg,0,357,357,268,1965.955221752978,,,,,,,,,,,,,,,,,,,,,,,1965.927959540748,,1965.927989191252,1965.9279960336753,1965.955221752978,1966.9385835441426,1966.9552388590382,1967.938615760555,1967.938615760555,1968.2886043137496,1968.1721830382594,1968.1721910210872,1968.2886043137496,1968.2886043137496,1968.2886043137496,1968.2886043137496,1968.2886043137496,1968.2886043137496,0.11066900658624945,1970.0402824894682,[147.0],[-362.0],[1],[0],[0],[1.7500798995533842],1970.0414055022793,1970.0444344152256,None,,,,,,,,,,,,,ED32,001,2024-02-02_17h32.43.736,rating,2023.2.3,60.027125362353175,2024-02-02 17h32.55.207902 +0800,
neu_172.jpg,0,358,358,273,1970.0719925622852,,,,,,,,,,,,,,,,,,,,,,,1970.0446493813743,,1970.0446764659682,1970.044682738191,1970.0719925622852,1971.0553264135524,1971.0720304807182,1972.0553452302192,1972.0553452302192,1972.4053600127045,1972.2888811468147,1972.288889984944,1972.4053600127045,1972.4053600127045,1972.4053600127045,1972.4053600127045,1972.4053600127045,1972.4053600127045,0.11073800102712994,1975.5570137837785,[116.0],[-218.0],[1],[0],[0],[3.1500934133400733],1975.5580880443194,1975.5611773986766,None,,,,,,,,,,,,,ED32,001,2024-02-02_17h32.43.736,rating,2023.2.3,60.027125362353175,2024-02-02 17h32.55.207902 +0800,
neu_50.jpg,0,359,359,330,1975.5887623452309,,,,,,,,,,,,,,,,,,,,,,,1975.561400062552,,1975.561429713056,1975.5614368405804,1975.5887623452309,1976.5721469444743,1976.5887751747741,1977.5721298384142,1977.5721298384142,1977.9221429102945,1977.8056694613224,1977.8056782994536,1977.9221429102945,1977.9221429102945,1977.9221429102945,1977.9221429102945,1977.9221429102945,1977.9221429102945,0.11077078763992176,1979.0904360306085,[29.0],[-169.0],[1],[0],[0],[1.1667165118251432],1979.0915470691762,2024.6069563501842,space,1979.122163779688,1979.122163779688,45.48262238173993,None,,,,,,,,,ED32,001,2024-02-02_17h32.43.736,rating,2023.2.3,60.027125362353175,2024-02-02 17h32.55.207902 +0800,
neu_35.jpg,0,360,360,313,2024.623142673945,,,,,,,,,,,,,,,,,,,,,,,2024.6073375302112,2024.623142673945,2025.6066866446436,2025.6066937721698,2025.6398436050004,2026.606536681522,2026.6398900764616,2027.606540958037,2027.606540958037,2027.9565526044134,2027.8400840021568,2027.8400916998835,2027.9565526044134,2027.9565526044134,2027.9565526044134,2027.9565526044134,2027.9565526044134,2027.9565526044134,0.0994251936335786,2030.5248820465931,[-13.0],[-230.0],[1],[0],[0],[2.5667380084378237],2030.5259591581435,2030.5290148705826,None,,,,,2025.6398436050004,,,,,,,,ED32,001,2024-02-02_17h32.43.736,rating,2023.2.3,60.027125362353175,2024-02-02 17h32.55.207902 +0800,
neg_45.jpg,0,361,361,132,2030.5566058042587,,,,,,,,,,,,,,,,,,,,,,,2030.5292369642575,,2030.5292643339526,2030.5292706061737,2030.5566058042587,2031.5399955353187,2031.5566269017309,2032.5400240454182,2032.5400240454182,2032.8900063263918,2032.7735100693408,2032.7735183372697,2032.8900063263918,2032.8900063263918,2032.8900063263918,2032.8900063263918,2032.8900063263918,2032.8900063263918,0.1107958765278454,2035.3416704466308,[-157.0],[20.0],[1],[0],[0],[2.450026215035905],2035.3427963104514,2035.3458773968796,None,,,,,,,,,,,,,ED32,001,2024-02-02_17h32.43.736,rating,2023.2.3,60.027125362353175,2024-02-02 17h32.55.207902 +0800,
neu_97.jpg,0,362,362,381,2035.373374532328,,,,,,,,,,,,,,,,,,,,,,,2035.3460997756556,,2035.3461291410567,2035.34613598348,2035.373374532328,2036.3567705356108,2036.3734115954576,2037.3567474424308,2037.3567474424308,2037.706758233504,2037.5902825037228,2037.5902916269551,2037.706758233504,2037.706758233504,2037.706758233504,2037.706758233504,2037.706758233504,2037.706758233504,0.11068383183737751,2038.7584054187446,[183.0],[29.0],[1],[0],[0],[1.0500511898826517],2038.7595261507468,2038.7627021758053,None,,,,,,,,,,,,,ED32,001,2024-02-02_17h32.43.736,rating,2023.2.3,60.027125362353175,2024-02-02 17h32.55.207902 +0800,
neu_160.jpg,0,363,363,260,2038.790118342571,,,,,,,,,,,,,,,,,,,,,,,2038.7629231290757,,2038.7629524944768,2038.762959336902,2038.790118342571,2039.7735237541874,2039.7901325976218,2040.7735274605002,2040.7735274605002,2041.1235294134422,2041.0070206119472,2041.0070291649772,2041.1235294134422,2041.1235294134422,2041.1235294134422,2041.1235294134422,2041.1235294134422,2041.1235294134422,0.11066729597951053,2042.4084969789274,[153.0],[-66.0],[1],[0],[0],[1.2832196112976817],2042.4096097281035,2042.412875559974,None,,,,,,,,,,,,,ED32,001,2024-02-02_17h32.43.736,rating,2023.2.3,60.027125362353175,2024-02-02 17h32.55.207902 +0800,
neu_135.jpg,0,364,364,232,2042.440212468664,,,,,,,,,,,,,,,,,,,,,,,2042.4131025003644,,2042.4131327210707,2042.413139563494,2042.440212468664,2043.4234787509959,2043.4401922264933,2044.4235890850796,2044.4235890850796,2044.7735944592332,2044.6571050446055,2044.6571135976355,2044.7735944592332,2044.7735944592332,2044.7735944592332,2044.7735944592332,2044.7735944592332,2044.7735944592332,0.11051704775491089,2045.8252889712403,[163.0],[254.0],[1],[0],[0],[1.0500503345811012],2045.8264040012218,2045.8294722581068,None,,,,,,,,,,,,,ED32,001,2024-02-02_17h32.43.736,rating,2023.2.3,60.027125362353175,2024-02-02 17h32.55.207902 +0800,
neg_135.jpg,0,365,365,40,2045.856937177141,,,,,,,,,,,,,,,,,,,,,,,2045.8296960623848,,2045.829726283091,2045.8297334106155,2045.856937177141,2046.840287849367,2046.8569531427966,2047.8403055256294,2047.8403055256294,2048.1903174571053,2048.073844008133,2048.073852276062,2048.1903174571053,2048.1903174571053,2048.1903174571053,2048.1903174571053,2048.1903174571053,2048.1903174571053,0.11064847931265831,2049.7086823801037,[-244.0],[-64.0],[1],[0],[0],[1.51671048193748],2049.7097788785213,2049.712890470757,None,,,,,,,,,,,,,ED32,001,2024-02-02_17h32.43.736,rating,2023.2.3,60.027125362353175,2024-02-02 17h32.55.207902 +0800,
neu_181.jpg,0,366,366,283,2049.7403231733806,,,,,,,,,,,,,,,,,,,,,,,2049.7131202621567,,2049.713150197762,2049.7131570401853,2049.7403231733806,2050.7237126193413,2050.7403685044374,2051.7237228829763,2051.7237228829763,2052.073734814452,2051.957322091992,2051.9573300748198,2052.073734814452,2052.073734814452,2052.073734814452,2052.073734814452,2052.073734814452,2052.073734814452,0.11064733891180367,2055.1088492782255,[333.0],[-10.0],[1],[0],[0],[3.0334511845794623],2055.1099905374995,2055.1130773259465,None,,,,,,,,,,,,,ED32,001,2024-02-02_17h32.43.736,rating,2023.2.3,60.027125362353175,2024-02-02 17h32.55.207902 +0800,
neu_161.jpg,0,367,367,261,2055.140467548523,,,,,,,,,,,,,,,,,,,,,,,2055.113300560024,,2055.113329640326,2055.1133367678503,2055.140467548523,2056.123874955845,2056.1404800929668,2057.1238444500395,2057.1238444500395,2057.473776268138,2057.357423987087,2057.357432825218,2057.473776268138,2057.473776268138,2057.473776268138,2057.473776268138,2057.473776268138,2057.473776268138,0.11050507351501437,2058.292261589284,[248.0],[228.0],[1],[0],[0],[0.8168536881657928],2058.293342977351,2058.2964012557004,None,,,,,,,,,,,,,ED32,001,2024-02-02_17h32.43.736,rating,2023.2.3,60.027125362353175,2024-02-02 17h32.55.207902 +0800,
neu_93.jpg,0,368,368,377,2058.323875583068,,,,,,,,,,,,,,,,,,,,,,,2058.296649008462,,2058.296678373865,2058.296685216288,2058.323875583068,2059.3072430762513,2059.323890408319,2060.30724279115,2060.30724279115,2060.657179741067,2060.5408539744076,2060.5408628125388,2060.657179741067,2060.657179741067,2060.657179741067,2060.657179741067,2060.657179741067,2060.657179741067,0.11055696189578157,2061.5924079316246,[-110.0],[-151.0],[1],[0],[0],[0.9335877194462228],2061.5935369315557,2061.5965920737945,None,,,,,,,,,,,,,ED32,001,2024-02-02_17h32.43.736,rating,2023.2.3,60.027125362353175,2024-02-02 17h32.55.207902 +0800,
neg_159.jpg,0,369,369,66,2061.623942952432,,,,,,,,,,,,,,,,,,,,,,,2061.5968138823664,,2061.5968432477694,2061.5968500901927,2061.623942952432,2062.6073187135444,2062.62395948829,2063.6073124413233,2063.6073124413233,2063.9572519571484,2063.840895399582,2063.8409039526123,2063.9572519571484,2063.9572519571484,2063.9572519571484,2063.9572519571484,2063.9572519571484,2063.9572519571484,0.11046601467751316,2064.892382072965,[-344.0],[335.0],[1],[0],[0],[0.933496202027527],2064.8934839883023,2064.8965633641237,None,,,,,,,,,,,,,ED32,001,2024-02-02_17h32.43.736,rating,2023.2.3,60.027125362353175,2024-02-02 17h32.55.207902 +0800,
neu_88.jpg,0,370,370,371,2064.9240157387158,,,,,,,,,,,,,,,,,,,,,,,2064.8967846024952,,2064.8968136827953,2064.8968208103197,2064.9240157387158,2065.9073880786163,2065.9240365510886,2066.9073829467998,2066.9073829467998,2067.2740547547874,2067.140987002531,2067.14099527046,2067.2740547547874,2067.2740547547874,2067.2740547547874,2067.2740547547874,2067.2740547547874,2067.2740547547874,0.12729552628115925,2069.142553917587,[259.0],[-86.0],[1],[0],[0],[1.8668683851228707],2069.1436478500964,2069.146723519607,None,,,,,,,,,,,,,ED32,001,2024-02-02_17h32.43.736,rating,2023.2.3,60.027125362353175,2024-02-02 17h32.55.207902 +0800,
neu_81.jpg,0,371,371,364,2069.1741348396554,,,,,,,,,,,,,,,,,,,,,,,2069.146946183482,,2069.146975548885,2069.1469823913085,2069.1741348396554,2070.157457286883,2070.1741496649065,2071.1574726823364,2071.1574726823364,2071.5241541837586,2071.3910054628213,2071.3910143009525,2071.5241541837586,2071.5241541837586,2071.5241541837586,2071.5241541837586,2071.5241541837586,2071.5241541837586,0.12723651037595118,2073.0425476168566,[402.0],[-369.0],[1],[0],[0],[1.5167275879975932],2073.0436905867355,2073.0467862133155,None,,,,,,,,,,,,,ED32,001,2024-02-02_17h32.43.736,rating,2023.2.3,60.027125362353175,2024-02-02 17h32.55.207902 +0800,
neg_75.jpg,0,372,372,165,2073.074205801293,,,,,,,,,,,,,,,,,,,,,,,2073.0470083069886,,2073.047038242592,2073.047045085017,2073.074205801293,2074.0575530523056,2074.0742405836136,2075.057557899023,2075.057557899023,2075.4242824506946,2075.2910941007194,2075.2911026537495,2075.4242824506946,2075.4242824506946,2075.4242824506946,2075.4242824506946,2075.4242824506946,2075.4242824506946,0.12733230430967524,2077.7592895169237,[-139.0],[-89.0],[1],[0],[0],[2.333316417341848],2077.7604578607916,2077.763545789643,None,,,,,,,,,,,,,ED32,001,2024-02-02_17h32.43.736,rating,2023.2.3,60.027125362353175,2024-02-02 17h32.55.207902 +0800,
neg_97.jpg,0,373,373,189,2077.790953973581,,,,,,,,,,,,,,,,,,,,,,,2077.7637673131157,,2077.763797248719,2077.7638040911424,2077.790953973581,2078.7743323006034,2078.790993317518,2079.774339428128,2079.774339428128,2080.1410015426827,2080.0078585237643,2080.007866506592,2080.1410015426827,2080.1410015426827,2080.1410015426827,2080.1410015426827,2080.1410015426827,2080.1410015426827,0.12726017375825904,2081.54272110081,[-297.0],[-188.0],[1],[0],[0],[1.4000465855006041],2081.543818454531,2081.5468291210145,None,,,,,,,,,,,,,ED32,001,2024-02-02_17h32.43.736,rating,2023.2.3,60.027125362353175,2024-02-02 17h32.55.207902 +0800,
neg_88.jpg,0,374,374,179,2081.5743707322163,,,,,,,,,,,,,,,,,,,,,,,2081.5470503593842,,2081.547079439686,2081.5470865672105,2081.5743707322163,2082.5577356594913,2082.5743864127726,2083.557791254185,2083.557791254185,2083.9244194417224,2083.791274141997,2083.791282980128,2083.9244194417224,2083.9244194417224,2083.9244194417224,2083.9244194417224,2083.9244194417224,2083.9244194417224,0.12739673713258526,2084.3928868442727,[-294.0],[-223.0],[1],[0],[0],[0.46668210013376665],2084.394083413139,2084.3972491745626,None,,,,,,,,,,,,,ED32,001,2024-02-02_17h32.43.736,rating,2023.2.3,60.027125362353175,2024-02-02 17h32.55.207902 +0800,
neg_183.jpg,0,375,375,93,2084.4244241458873,,,,,,,,,,,,,,,,,,,,,,,2084.3974704129323,,2084.3974997783353,2084.3975069058597,2084.4244241458873,2085.4078121663442,2085.424446953968,2086.407836970129,2086.407836970129,2086.7744811233206,2086.641333827889,2086.641342095818,2086.7744811233206,2086.7744811233206,2086.7744811233206,2086.7744811233206,2086.7744811233206,2086.7744811233206,0.1270377949822432,2087.709566763384,[-241.0],[-217.0],[1],[0],[0],[0.9334249267776613],2087.7106775168504,2087.71381020656,None,,,,,,,,,,,,,ED32,001,2024-02-02_17h32.43.736,rating,2023.2.3,60.027125362353175,2024-02-02 17h32.55.207902 +0800,
neu_96.jpg,0,376,376,380,2087.7411693531267,,,,,,,,,,,,,,,,,,,,,,,2087.714037717151,,2087.714067652756,2087.7140747802805,2087.7411693531267,2088.7245339953006,2088.7412092672657,2089.724541407926,2089.724541407926,2090.0912425813167,2089.958222726029,2089.9582315641583,2090.0912425813167,2090.0912425813167,2090.0912425813167,2090.0912425813167,2090.0912425813167,2090.0912425813167,0.1272433527992689,2091.2597595059087,[-194.0],[-162.0],[1],[0],[0],[1.166828271412669],2091.260869974276,2091.263959043532,None,,,,,,,,,,,,,ED32,001,2024-02-02_17h32.43.736,rating,2023.2.3,60.027125362353175,2024-02-02 17h32.55.207902 +0800,
neu_167.jpg,0,377,377,267,2091.291245774448,,,,,,,,,,,,,,,,,,,,,,,2091.2641839882162,,2091.2642133536174,2091.2642201960425,2091.291245774448,2092.2746283779834,2092.2912600294967,2093.274616688843,2093.274616688843,2093.641294198851,2093.5082187488697,2093.5082278721,2093.641294198851,2093.641294198851,2093.641294198851,2093.641294198851,2093.641294198851,2093.641294198851,0.12713615482607565,2097.7264359040237,[-18.0],[-269.0],[1],[0],[0],[4.083442788356479],2097.7275785888014,2097.7306841939153,None,,,,,,,,,,,,,ED32,001,2024-02-02_17h32.43.736,rating,2023.2.3,60.027125362353175,2024-02-02 17h32.55.207902 +0800,
neg_26.jpg,0,378,378,111,2097.7580533190176,,,,,,,,,,,,,,,,,,,,,,,2097.730910279004,,2097.730941355012,2097.7309484825364,2097.7580533190176,2098.741394012708,2098.7580678591694,2099.741434211948,2099.741434211948,2100.1080991775125,2099.9749555883936,2099.9749638563226,2100.1080991775125,2100.1080991775125,2100.1080991775125,2100.1080991775125,2100.1080991775125,2100.1080991775125,0.12721256189070118,2101.159861258453,[-365.0],[-218.0],[1],[0],[0],[1.0500363646315236],2101.1609851265675,2101.1640741958236,None,,,,,,,,,,,,,ED32,001,2024-02-02_17h32.43.736,rating,2023.2.3,60.027125362353175,2024-02-02 17h32.55.207902 +0800,
neg_185.jpg,0,379,379,95,2101.1914738267315,,,,,,,,,,,,,,,,,,,,,,,2101.164294863991,,2101.1643250846973,2101.1643319271207,2101.1914738267315,2102.1748225032497,2102.1914994858216,2103.1748284903715,2103.1748284903715,2103.541520825631,2103.408362411259,2103.408370964289,2103.541520825631,2103.541520825631,2103.541520825631,2103.541520825631,2103.541520825631,2103.541520825631,0.12725076542483293,2104.709929411845,[-69.0],[-82.0],[1],[0],[0],[1.166668329755339],2104.7110401653135,2104.714113839116,None,,,,,,,,,,,,,ED32,001,2024-02-02_17h32.43.736,rating,2023.2.3,60.027125362353175,2024-02-02 17h32.55.207902 +0800,
neg_192.jpg,0,380,380,103,2104.741536278105,,,,,,,,,,,,,,,,,,,,,,,2104.7143390689016,,2104.7143684343027,2104.714375276726,2104.741536278105,2105.724897499067,2105.7415499629515,2106.724907762702,2106.724907762702,2107.091610076497,2106.9584391176813,2106.9584476707114,2107.091610076497,2107.091610076497,2107.091610076497,2107.091610076497,2107.091610076497,2107.091610076497,0.1272952411800361,2108.2600292114494,[-32.0],[-104.0],[1],[0],[0],[1.1666888570271112],2108.26115250936,2108.2642412935147,None,,,,,,,,,,,,,ED32,001,2024-02-02_17h32.43.736,rating,2023.2.3,60.027125362353175,2024-02-02 17h32.55.207902 +0800,
neg_172.jpg,0,381,381,81,2108.2916010102854,,,,,,,,,,,,,,,,,,,,,,,2108.2644628169874,,2108.2644941780964,2108.2645010205197,2108.2916010102854,2109.27498332872,2109.29162524387,2110.275062871897,2110.275062871897,2110.641717288725,2110.508799784693,2110.5088111887326,2110.641717288725,2110.641717288725,2110.641717288725,2110.641717288725,2110.641717288725,2110.641717288725,0.12731833436009765,2111.9267834991533,[-202.0],[283.0],[1],[0],[0],[1.2832794825080782],2111.9279087927716,2111.930906344609,None,,,,,,,,,,,,,ED32,001,2024-02-02_17h32.43.736,rating,2023.2.3,60.027125362353175,2024-02-02 17h32.55.207902 +0800,
neg_73.jpg,0,382,382,163,2111.9583533022833,,,,,,,,,,,,,,,,,,,,,,,2111.9311295786865,,2111.9311595142917,2111.931166356715,2111.9583533022833,2112.941711102034,2112.95836955304,2113.941723931577,2113.941723931577,2114.3084057181004,2114.17532200019,2114.1753308383195,2114.3084057181004,2114.3084057181004,2114.3084057181004,2114.3084057181004,2114.3084057181004,2114.3084057181004,0.12730578991613584,2115.5934947366095,[-172.0],[-179.0],[1],[0],[0],[1.2833604511888552],2115.5946607996684,2115.5977065335755,None,,,,,,,,,,,,,ED32,001,2024-02-02_17h32.43.736,rating,2023.2.3,60.027125362353175,2024-02-02 17h32.55.207902 +0800,
neu_9.jpg,0,383,383,373,2115.6251107260996,,,,,,,,,,,,,,,,,,,,,,,2115.597908670179,,2115.597935469672,2115.597941456792,2115.6251107260996,2116.608463394032,2116.625115287714,2117.608475938474,2117.608475938474,2117.975150882574,2117.8420024467378,2117.8420107146667,2117.975150882574,2117.975150882574,2117.975150882574,2117.975150882574,2117.975150882574,2117.975150882574,0.12727271820222086,2121.1269731483335,[219.0],[-151.0],[1],[0],[0],[3.1501013961678836],2121.128124101042,2121.1312225786314,None,,,,,,,,,,,,,ED32,001,2024-02-02_17h32.43.736,rating,2023.2.3,60.027125362353175,2024-02-02 17h32.55.207902 +0800,
,,,,,,,,,,,,,,,,,,,,,,,,,,,,,,,,,,,,,,,,,,,,,,,,,,,,,,,,,,,,,,2121.1313189427656,2121.158569465855,2121.158569465855,2366.0475400203395,space,244.88124289207553,None,ED32,001,2024-02-02_17h32.43.736,rating,2023.2.3,60.027125362353175,2024-02-02 17h32.55.207902 +0800,
