stimulus_filename,trials.thisRepN,trials.thisTrialN,trials.thisN,trials.thisIndex,thisRow.t,notes,welcome.started,welcome_image.started,welcome_key_resp.started,welcome.stopped,welcome_key_resp.keys,welcome_key_resp.rt,welcome_key_resp.duration,instruction.started,instruction_image.started,instruction_key_resp.started,instruction.stopped,instruction_key_resp.keys,instruction_key_resp.rt,instruction_key_resp.duration,start.started,start_image.started,key_resp.started,start.stopped,key_resp.keys,key_resp.rt,key_resp.duration,block_info.started,block_text.started,block_info.stopped,img_presentation.started,ISI_text.started,stimulus_image.started,ISI_text.stopped,stimulus_image.stopped,text.started,text.stopped,img_presentation.stopped,evaluation.started,horizontal_polygon.started,vertical_polygon.started,ha_text.started,la_text.started,negative_text.started,positive_text.started,mouse.started,evaluation.stopped,mouse.x,mouse.y,mouse.leftButton,mouse.midButton,mouse.rightButton,mouse.time,rest.started,rest.stopped,key_resp_2.keys,rest_image.started,key_resp_2.started,key_resp_2.rt,key_resp_2.duration,block_text.stopped,end.started,end_image.started,key_resp_3.started,end.stopped,key_resp_3.keys,key_resp_3.rt,key_resp_3.duration,participant,session,date,expName,psychopyVersion,frameRate,expStart,Unnamed: 76
neg_1.jpg,0.0,383.0,383.0,0.0,1884.3321742140088,,,,,,,,,,,,,,,,,,,,,,,1884.3050270445333,,1884.305056979976,1884.3050638223624,1884.3321742140088,1885.31547422872,1885.3321408573745,1886.3154571227535,1886.3154571227535,1886.6821548842668,1886.5490145822664,1886.5490228501508,1886.6821548842668,1886.6821548842668,1886.6821548842668,1886.6821548842668,1886.6821548842668,1886.6821548842668,0.1271546390817093,1887.7339363566805,[-295.0],[204.0],[1],[0],[0],[1.0500315319995934],1887.7351257915784,1887.7381626709025,,,,,,,,,,,,,,ED10,1,2024-01-19_13h45.25.498,rating,2023.2.3,60.03145725119949,2024-01-19 13h45.38.520787 +0800,
neg_10.jpg,0.0,88.0,88.0,1.0,472.7690369454672,,,,,,,,,,,,,,,,,,,,,,,472.7399382702674,,472.7399676355108,472.7399744778973,472.7690369454672,473.7524085201399,473.7690423623567,474.75243360889135,474.75243360889135,475.035720965187,474.9859200786418,474.9859286316255,475.035720965187,475.035720965187,475.035720965187,475.035720965187,475.035720965187,475.035720965187,0.0458009412845967,478.6861494126383,[-71.0],[-293.0],[1],[0],[0],[3.6499836923117073],478.686689105894,478.6897214236269,,,,,,,,,,,,,,ED10,1,2024-01-19_13h45.25.498,rating,2023.2.3,60.03145725119949,2024-01-19 13h45.38.520787 +0800,
neg_100.jpg,0.0,359.0,359.0,2.0,1778.197814256569,,,,,,,,,,,,,,,,,,,,,,,1778.170659104309,,1778.1706893248506,1778.1706961672369,1778.197814256569,1779.181154755402,1779.1978188181606,1780.1811710060706,1780.1811710060706,1780.531169067394,1780.4146931132514,1780.4147010960364,1780.531169067394,1780.531169067394,1780.531169067394,1780.531169067394,1780.531169067394,1780.531169067394,0.1105370475324889,1781.3494620743609,[-191.0],[154.0],[1],[0],[0],[0.8167132709231737],1781.3505351886847,1783.0150082051618,space,1781.364434642092,1781.364434642092,1.639640284323832,,,,,,,,,,ED10,1,2024-01-19_13h45.25.498,rating,2023.2.3,60.03145725119949,2024-01-19 13h45.38.520787 +0800,
neg_101.jpg,0.0,1.0,1.0,3.0,14.814779156265104,,,,,,,,,,,,,,,,,,,,,,,14.787407328424251,,14.787438689363626,14.787445531750564,14.814779156265104,15.79812963357881,15.814778586066495,16.79814816504313,16.79814816504313,17.048145028948966,17.031660008644394,17.031667991429003,17.048145028948966,17.048145028948966,17.048145028948966,17.048145028948966,17.048145028948966,17.048145028948966,0.0107542362925414,18.89860181528502,[-206.0],[-278.0],[1],[0],[0],[1.850159142511984],18.89898926543537,18.902082309351044,,,,,,,,,,,,,,ED10,1,2024-01-19_13h45.25.498,rating,2023.2.3,60.03145725119949,2024-01-19 13h45.38.520787 +0800,
neg_102.jpg,0.0,32.0,32.0,4.0,213.94996590210576,,,,,,,,,,,,,,,,,,,,,,,213.92082645768505,,213.9208561080277,213.92086295041415,213.94996590210576,214.9333064009388,214.9499684680009,215.93331495392204,215.93331495392204,216.20001864550383,216.1668615796561,216.16686956244075,216.20001864550383,216.20001864550383,216.20001864550383,216.20001864550383,216.20001864550383,216.20001864550383,0.0292112894817364,217.20048392780384,[-349.0],[-285.0],[1],[0],[0],[1.0001245884591299],217.20093951672243,217.20404139872065,,,,,,,,,,,,,,ED10,1,2024-01-19_13h45.25.498,rating,2023.2.3,60.03145725119949,2024-01-19 13h45.38.520787 +0800,
neg_103.jpg,0.0,373.0,373.0,5.0,1839.6150644267727,,,,,,,,,,,,,,,,,,,,,,,1839.5878630884024,,1839.5878927387453,1839.587899581132,1839.6150644267727,1840.5983920961312,1840.6150940771165,1841.5983995087167,1841.5983995087167,1841.9651135208985,1841.8320926755675,1841.832110921932,1841.9651135208985,1841.9651135208985,1841.9651135208985,1841.9651135208985,1841.9651135208985,1841.9651135208985,0.1272832189324617,1844.5334852153128,[-15.0],[-304.0],[1],[0],[0],[2.5666981606518675],1844.5347319552009,1844.53779192758,,,,,,,,,,,,,,ED10,1,2024-01-19_13h45.25.498,rating,2023.2.3,60.03145725119949,2024-01-19 13h45.38.520787 +0800,
neg_104.jpg,0.0,346.0,346.0,6.0,1728.7640534071093,,,,,,,,,,,,,,,,,,,,,,,1728.736688421655,,1728.7367183570973,1728.7367251994842,1728.7640534071093,1729.7473656810969,1729.7640636706897,1730.7473725234836,1730.7473725234836,1731.097381703686,1730.9809254214056,1730.9809334041895,1731.097381703686,1731.097381703686,1731.097381703686,1731.097381703686,1731.097381703686,1731.097381703686,0.1107622760973754,1732.6156257875869,[-346.0],[-333.0],[1],[0],[0],[1.516597634587015],1732.6167510751095,1732.6197067010912,,,,,,,,,,,,,,ED10,1,2024-01-19_13h45.25.498,rating,2023.2.3,60.03145725119949,2024-01-19 13h45.38.520787 +0800,
neg_105.jpg,0.0,106.0,106.0,7.0,569.9199389431024,,,,,,,,,,,,,,,,,,,,,,,569.8744915251336,,569.8745211754763,569.8745280178632,569.9199389431024,570.8866461699172,570.9199688785443,571.8866595695908,571.8866595695908,572.1699600404613,572.1201799661758,572.1201885191595,572.1699600404613,572.1699600404613,572.1699600404613,572.1699600404613,572.1699600404613,572.1699600404613,0.0454893275873473,581.0707554109026,[-284.0],[-253.0],[1],[0],[0],[8.900265085467254],581.0713723661088,581.0744739630077,,,,,,,,,,,,,,ED10,1,2024-01-19_13h45.25.498,rating,2023.2.3,60.03145725119949,2024-01-19 13h45.38.520787 +0800,
neg_106.jpg,0.0,79.0,79.0,8.0,435.0187316039583,,,,,,,,,,,,,,,,,,,,,,,434.989721879786,,434.98975267052674,434.9897595129132,435.0187316039583,436.0020296229732,436.0187221956762,437.0020350398627,437.0020350398627,437.26873531025103,437.235609890442,437.2356178732266,437.26873531025103,437.26873531025103,437.26873531025103,437.26873531025103,437.26873531025103,437.26873531025103,0.0290313917303137,438.5359784099892,[-288.0],[288.0],[1],[0],[0],[1.2668157356647498],438.5365129714546,438.5395837776132,,,,,,,,,,,,,,ED10,1,2024-01-19_13h45.25.498,rating,2023.2.3,60.03145725119949,2024-01-19 13h45.38.520787 +0800,
neg_107.jpg,0.0,144.0,144.0,9.0,764.438410251264,,,,,,,,,,,,,,,,,,,,,,,764.4098181977838,,764.4098586819055,764.4098652391926,764.438410251264,765.4217781196435,765.4384173787503,766.4217664305661,766.4217664305661,766.7217703079186,766.6553179029911,766.655325600676,766.7217703079186,766.7217703079186,766.7217703079186,766.7217703079186,766.7217703079186,766.7217703079186,0.0619620886154734,768.872494403498,[-329.0],[-290.0],[1],[0],[0],[2.150036150610049],768.873169804091,768.8763797387805,,,,,,,,,,,,,,ED10,1,2024-01-19_13h45.25.498,rating,2023.2.3,60.03145725119949,2024-01-19 13h45.38.520787 +0800,
neg_108.jpg,0.0,379.0,379.0,10.0,1865.581958678826,,,,,,,,,,,,,,,,,,,,,,,1865.5548548444672,,1865.554885065008,1865.5548921924944,1865.581958678826,1866.5652971819632,1866.5819609596224,1867.5653065902447,1867.5653065902447,1867.9319795481056,1867.798882011023,1867.798889993808,1867.9319795481056,1867.9319795481056,1867.9319795481056,1867.9319795481056,1867.9319795481056,1867.9319795481056,0.1271506476887225,1870.5004059816144,[-298.0],[217.0],[1],[0],[0],[2.566738359674673],1870.5015178694637,1870.5045618762736,,,,,,,,,,,,,,ED10,1,2024-01-19_13h45.25.498,rating,2023.2.3,60.03145725119949,2024-01-19 13h45.38.520787 +0800,
neg_109.jpg,0.0,315.0,315.0,11.0,1595.2794541942117,,,,,,,,,,,,,,,,,,,,,,,1595.251743668226,,1595.251772178171,1595.25177816526,1595.2794541942117,1596.2628015354317,1596.2794559048084,1597.262830330476,1597.262830330476,1597.612805298745,1597.4963473058674,1597.4963552886516,1597.612805298745,1597.612805298745,1597.612805298745,1597.612805298745,1597.612805298745,1597.612805298745,0.1111100974239889,1598.3142203613463,[-326.0],[-260.0],[1],[0],[0],[0.7000619806203758],1598.3152136478243,1598.3183135341274,,,,,,,,,,,,,,ED10,1,2024-01-19_13h45.25.498,rating,2023.2.3,60.03145725119949,2024-01-19 13h45.38.520787 +0800,
neg_11.jpg,0.0,220.0,220.0,12.0,1152.4586762604536,,,,,,,,,,,,,,,,,,,,,,,1152.4137468681824,,1152.4137768036248,1152.4137833609116,1152.4586762604536,1153.4253526965272,1153.4586842432377,1154.4253601091136,1154.4253601091136,1154.7420269088266,1154.6588921947755,1154.6589001775596,1154.7420269088266,1154.7420269088266,1154.7420269088266,1154.7420269088266,1154.7420269088266,1154.7420269088266,0.078302563500074,1157.326352198174,[-352.0],[42.0],[1],[0],[0],[2.5833659297031772],1157.327214053806,1157.3302894215562,,,,,,,,,,,,,,ED10,1,2024-01-19_13h45.25.498,rating,2023.2.3,60.03145725119949,2024-01-19 13h45.38.520787 +0800,
neg_110.jpg,0.0,215.0,215.0,13.0,1131.9418200406667,,,,,,,,,,,,,,,,,,,,,,,1131.9136373899942,,1131.9136673254366,1131.9136738827242,1131.9418200406667,1132.925162820295,1132.9418288787497,1133.925169662682,1133.925169662682,1134.24184929187,1134.158706880134,1134.1587154331178,1134.24184929187,1134.24184929187,1134.24184929187,1134.24184929187,1134.24184929187,1134.24184929187,0.0782367055280701,1135.0761551944547,[-347.0],[266.0],[1],[0],[0],[0.8333596575157571],1135.0770190457838,1135.0801360380524,,,,,,,,,,,,,,ED10,1,2024-01-19_13h45.25.498,rating,2023.2.3,60.03145725119949,2024-01-19 13h45.38.520787 +0800,
neg_111.jpg,0.0,108.0,108.0,14.0,588.653463901278,,,,,,,,,,,,,,,,,,,,,,,588.6245938758357,,588.6246235261783,588.6246303685652,588.653463901278,589.6367870090444,589.6534807221456,590.6367938514313,590.6367938514313,590.9201330958267,590.87035872353,590.8703667063146,590.9201330958267,590.9201330958267,590.9201330958267,590.9201330958267,590.9201330958267,590.9201330958267,0.0455976653774996,592.0708266857646,[-252.0],[251.0],[1],[0],[0],[1.1501154082566245],592.071439934678,592.0745155875275,,,,,,,,,,,,,,ED10,1,2024-01-19_13h45.25.498,rating,2023.2.3,60.03145725119949,2024-01-19 13h45.38.520787 +0800,
neg_112.jpg,0.0,99.0,99.0,15.0,536.7029622973087,,,,,,,,,,,,,,,,,,,,,,,536.674092842065,,536.6741202116123,536.6741261987008,536.7029622973087,537.6863241786,537.7029694247949,538.6863110640252,538.6863110640252,538.9696580061059,538.9198773616213,538.9198856295052,538.9696580061059,538.9696580061059,538.9696580061059,538.9696580061059,538.9696580061059,538.9696580061059,0.0455919633886878,541.5202238144711,[-324.0],[227.0],[1],[0],[0],[2.5499876266840147],541.5207620822293,541.5238183483161,,,,,,,,,,,,,,ED10,1,2024-01-19_13h45.25.498,rating,2023.2.3,60.03145725119949,2024-01-19 13h45.38.520787 +0800,
neg_113.jpg,0.0,376.0,376.0,16.0,1852.5985275183689,,,,,,,,,,,,,,,,,,,,,,,1852.5713621025284,,1852.5713894720752,1852.571395744264,1852.5985275183689,1853.581846349644,1853.5985235269768,1854.581851481434,1854.581851481434,1854.948538409168,1854.8154097962447,1854.815418064129,1854.948538409168,1854.948538409168,1854.948538409168,1854.948538409168,1854.948538409168,1854.948538409168,0.1272042463851903,1856.3502443872471,[-320.0],[200.0],[1],[0],[0],[1.399959458858575],1856.3513759469572,1856.3544461829172,,,,,,,,,,,,,,ED10,1,2024-01-19_13h45.25.498,rating,2023.2.3,60.03145725119949,2024-01-19 13h45.38.520787 +0800,
neg_114.jpg,0.0,17.0,17.0,17.0,115.69904617128532,,,,,,,,,,,,,,,,,,,,,,,115.66988135301337,,115.66991214375412,115.6699187010413,115.69904617128532,116.68239123170952,116.69905329877156,117.6823975038974,117.6823975038974,117.9324006399911,117.91593158525576,117.91593956804036,117.9324006399911,117.9324006399911,117.9324006399911,117.9324006399911,117.9324006399911,117.9324006399911,0.0125366780439435,121.64956459612222,[-268.0],[139.0],[1],[0],[0],[3.7168329556716344],121.64998283701334,121.65303710740363,,,,,,,,,,,,,,ED10,1,2024-01-19_13h45.25.498,rating,2023.2.3,60.03145725119949,2024-01-19 13h45.38.520787 +0800,
neg_115.jpg,0.0,375.0,375.0,18.0,1849.0484965565688,,,,,,,,,,,,,,,,,,,,,,,1849.021385879823,,1849.021416385464,1849.02142322785,1849.0484965565688,1850.031811396452,1850.048495416171,1851.031819379236,1851.031819379236,1851.3985160003508,1851.2653520350973,1851.2653603029808,1851.3985160003508,1851.3985160003508,1851.3985160003508,1851.3985160003508,1851.3985160003508,1851.3985160003508,0.1271552092803176,1852.5669382143883,[-266.0],[285.0],[1],[0],[0],[1.1667076259545865],1852.5680769015848,1852.5711608223176,,,,,,,,,,,,,,ED10,1,2024-01-19_13h45.25.498,rating,2023.2.3,60.03145725119949,2024-01-19 13h45.38.520787 +0800,
neg_116.jpg,0.0,219.0,219.0,19.0,1148.9419802665566,,,,,,,,,,,,,,,,,,,,,,,1148.9137625486524,,1148.9137919138952,1148.9137987562822,1148.9419802665566,1149.925352411428,1149.941991385435,1150.9253432882456,1150.9253432882456,1151.242001820075,1151.158903598753,1151.1589112964389,1151.242001820075,1151.242001820075,1151.242001820075,1151.242001820075,1151.242001820075,1151.242001820075,0.0782854575327292,1152.4096072241923,[-280.0],[229.0],[1],[0],[0],[1.1666939411807107],1152.4104012261555,1152.4135224949164,,,,,,,,,,,,,,ED10,1,2024-01-19_13h45.25.498,rating,2023.2.3,60.03145725119949,2024-01-19 13h45.38.520787 +0800,
neg_117.jpg,0.0,361.0,361.0,20.0,1787.3478968783888,,,,,,,,,,,,,,,,,,,,,,,1787.3040109500994,,1787.3040414557404,1787.304048013028,1787.3478968783888,1788.3145744548617,1788.347907997268,1789.314579871751,1789.314579871751,1789.6646067281183,1789.5481310590762,1789.5481390418604,1789.6646067281183,1789.6646067281183,1789.6646067281183,1789.6646067281183,1789.6646067281183,1789.6646067281183,0.1106225773673941,1790.5995835267254,[-312.0],[316.0],[1],[0],[0],[0.9332907204689036],1790.6006586367453,1790.6037673611313,,,,,,,,,,,,,,ED10,1,2024-01-19_13h45.25.498,rating,2023.2.3,60.03145725119949,2024-01-19 13h45.38.520787 +0800,
neg_118.jpg,0.0,347.0,347.0,21.0,1732.647388717132,,,,,,,,,,,,,,,,,,,,,,,1732.61992964886,,1732.6199595843025,1732.6199664266892,1732.647388717132,1733.630732352059,1733.647397840315,1734.6307429007388,1734.6307429007388,1734.9807469491511,1734.8642778373955,1734.8642858201797,1734.9807469491511,1734.9807469491511,1734.9807469491511,1734.9807469491511,1734.9807469491511,1734.9807469491511,0.1108455251360283,1735.9156051463874,[-284.0],[319.0],[1],[0],[0],[0.9332987032530582],1735.91662694281,1735.9197447903775,,,,,,,,,,,,,,ED10,1,2024-01-19_13h45.25.498,rating,2023.2.3,60.03145725119949,2024-01-19 13h45.38.520787 +0800,
neg_119.jpg,0.0,44.0,44.0,22.0,276.6505476190205,,,,,,,,,,,,,,,,,,,,,,,276.6214734623732,,276.6215005468207,276.6215068190086,276.6505476190205,277.6339394357542,277.6505533210093,278.6338961006377,278.6338961006377,278.90056586538503,278.86752426481416,278.86753338799645,278.90056586538503,278.90056586538503,278.90056586538503,278.90056586538503,278.90056586538503,278.90056586538503,0.0291135003708404,280.06779066173885,[-293.0],[277.0],[1],[0],[0],[1.1668650008496115],280.0682525228449,280.0711673796054,,,,,,,,,,,,,,ED10,1,2024-01-19_13h45.25.498,rating,2023.2.3,60.03145725119949,2024-01-19 13h45.38.520787 +0800,
neg_12.jpg,0.0,367.0,367.0,23.0,1811.0147835467965,,,,,,,,,,,,,,,,,,,,,,,1810.9875910465084,,1810.9876209819508,1810.9876278243376,1811.0147835467965,1811.9981237605305,1812.0148003676643,1812.9981565469664,1812.9981565469664,1813.3480667976603,1813.2316795094464,1813.2316880624296,1813.3480667976603,1813.3480667976603,1813.3480667976603,1813.3480667976603,1813.3480667976603,1813.3480667976603,0.1105028355996182,1817.66650292455,[-301.0],[30.0],[1],[0],[0],[4.316808494138968],1817.6675945703375,1817.6707058606185,,,,,,,,,,,,,,ED10,1,2024-01-19_13h45.25.498,rating,2023.2.3,60.03145725119949,2024-01-19 13h45.38.520787 +0800,
neg_120.jpg,0.0,176.0,176.0,24.0,913.739818813599,,,,,,,,,,,,,,,,,,,,,,,913.711370165141,,913.711400670782,913.7114072280696,913.739818813599,914.7231154071164,914.7397806102722,915.723146482956,915.723146482956,916.0231552069996,915.9567016616734,915.9567096444584,916.0231552069996,916.0231552069996,916.0231552069996,916.0231552069996,916.0231552069996,916.0231552069996,0.0618055690183609,919.2239932283178,[-285.0],[181.0],[1],[0],[0],[3.200030904779851],919.2247464610604,919.2278115652302,,,,,,,,,,,,,,ED10,1,2024-01-19_13h45.25.498,rating,2023.2.3,60.03145725119949,2024-01-19 13h45.38.520787 +0800,
neg_121.jpg,0.0,29.0,29.0,25.0,198.316482910569,,,,,,,,,,,,,,,,,,,,,,,198.27068624577623,,198.27071589611887,198.27072245340605,198.316482910569,199.28318529069293,199.31649288904964,200.2832095241461,200.2832095241461,200.5498539150426,200.51669912999068,200.5167071127753,200.5498539150426,200.5498539150426,200.5498539150426,200.5498539150426,200.5498539150426,200.5498539150426,0.029193613316238,201.3503227895953,[-321.0],[253.0],[1],[0],[0],[0.8001335976014161],201.35075728115496,204.96693074478253,space,201.3831967516908,201.3831967516908,3.57185503947494,,,,,,,,,,ED10,1,2024-01-19_13h45.25.498,rating,2023.2.3,60.03145725119949,2024-01-19 13h45.38.520787 +0800,
neg_122.jpg,0.0,256.0,256.0,26.0,1322.726934884426,,,,,,,,,,,,,,,,,,,,,,,1322.6822389886042,,1322.6822683538471,1322.682275196234,1322.726934884426,1323.6935973506274,1323.7269106509734,1324.6936081844065,1324.6936081844065,1325.0269433233702,1324.9271619376273,1324.9271702055107,1325.0269433233702,1325.0269433233702,1325.0269433233702,1325.0269433233702,1325.0269433233702,1325.0269433233702,0.094732559611657,1326.3613937713758,[-264.0],[260.0],[1],[0],[0],[1.3333910184546767],1326.3622681713837,1326.3653660619898,,,,,,,,,,,,,,ED10,1,2024-01-19_13h45.25.498,rating,2023.2.3,60.03145725119949,2024-01-19 13h45.38.520787 +0800,
neg_123.jpg,0.0,246.0,246.0,27.0,1273.7931346912433,,,,,,,,,,,,,,,,,,,,,,,1273.7652895983178,,1273.7653201039589,1273.7653269463458,1273.7931346912433,1274.7765056957164,1274.7931409634307,1275.7764991384297,1275.7764991384297,1276.0931582404578,1276.010030653893,1276.0100389217764,1276.0931582404578,1276.0931582404578,1276.0931582404578,1276.0931582404578,1276.0931582404578,1276.0931582404578,0.0778968669856112,1277.3442145339136,[-306.0],[286.0],[1],[0],[0],[1.2500165357687365],1277.3450704024576,1277.3481594549808,,,,,,,,,,,,,,ED10,1,2024-01-19_13h45.25.498,rating,2023.2.3,60.03145725119949,2024-01-19 13h45.38.520787 +0800,
neg_124.jpg,0.0,268.0,268.0,28.0,1369.177351813859,,,,,,,,,,,,,,,,,,,,,,,1369.149636726283,,1369.1496703680182,1369.1496772104042,1369.177351813859,1370.1606940232891,1370.1773569456495,1371.1607182567427,1371.1607182567427,1371.494041991728,1371.3942386533267,1371.394246921211,1371.494041991728,1371.494041991728,1371.494041991728,1371.494041991728,1371.494041991728,1371.494041991728,0.0944269330029783,1372.245165568654,[-357.0],[260.0],[1],[0],[0],[0.7499341420270866],1372.246136332275,1372.2492290910918,,,,,,,,,,,,,,ED10,1,2024-01-19_13h45.25.498,rating,2023.2.3,60.03145725119949,2024-01-19 13h45.38.520787 +0800,
neg_125.jpg,0.0,213.0,213.0,29.0,1123.1917385022248,,,,,,,,,,,,,,,,,,,,,,,1123.1634164379216,,1123.1634458031654,1123.163452360452,1123.1917385022248,1124.1750812818532,1124.1917558932903,1125.175089834836,1125.175089834836,1125.4917600557424,1125.4086207801006,1125.408629047985,1125.4917600557424,1125.4917600557424,1125.4917600557424,1125.4917600557424,1125.4917600557424,1125.4917600557424,0.0783678512734695,1128.409386557219,[-284.0],[246.0],[1],[0],[0],[2.916734995501429],1128.4101799889836,1128.4134144422255,,,,,,,,,,,,,,ED10,1,2024-01-19_13h45.25.498,rating,2023.2.3,60.03145725119949,2024-01-19 13h45.38.520787 +0800,
neg_126.jpg,0.0,62.0,62.0,30.0,356.6013924827257,,,,,,,,,,,,,,,,,,,,,,,356.57203921371865,,356.5720688640613,356.5720754213485,356.6013924827257,357.5846540090115,357.6012949787146,358.5846408944367,358.5846408944367,358.8513143654768,358.8182319956845,358.81823997846914,358.8513143654768,358.8513143654768,358.8513143654768,358.8513143654768,358.8513143654768,358.8513143654768,0.0292939683222357,359.5851218572061,[-284.0],[300.0],[1],[0],[0],[0.7333781319598529],359.5855928414949,359.5886562350679,,,,,,,,,,,,,,ED10,1,2024-01-19_13h45.25.498,rating,2023.2.3,60.03145725119949,2024-01-19 13h45.38.520787 +0800,
neg_127.jpg,0.0,273.0,273.0,31.0,1392.5442864930142,,,,,,,,,,,,,,,,,,,,,,,1392.5162988503648,,1392.5163287858072,1392.5163359132937,1392.5442864930142,1393.5275685464608,1393.5442423026002,1394.5275856524272,1394.5275856524272,1394.860923642385,1394.7611331334597,1394.7611411162438,1394.860923642385,1394.860923642385,1394.860923642385,1394.860923642385,1394.860923642385,1394.860923642385,0.0946495956723083,1396.328687732855,[-325.0],[274.0],[1],[0],[0],[1.4666017400195415],1396.3295803792275,1396.3326680062542,,,,,,,,,,,,,,ED10,1,2024-01-19_13h45.25.498,rating,2023.2.3,60.03145725119949,2024-01-19 13h45.38.520787 +0800,
neg_128.jpg,0.0,64.0,64.0,32.0,362.5013573584738,,,,,,,,,,,,,,,,,,,,,,,362.47219425079857,,362.4722213352461,362.472227607434,362.5013573584738,363.4846918702183,363.5013542223801,364.4846978573064,364.4846978573064,364.7513684773521,364.7182855373612,364.7182935201458,364.7513684773521,364.7513684773521,364.7513684773521,364.7513684773521,364.7513684773521,364.7513684773521,0.0291938984155422,366.9186049627833,[-343.0],[157.0],[1],[0],[0],[2.1668484650813298],366.9191110143042,366.92218980324697,,,,,,,,,,,,,,ED10,1,2024-01-19_13h45.25.498,rating,2023.2.3,60.03145725119949,2024-01-19 13h45.38.520787 +0800,
neg_129.jpg,0.0,320.0,320.0,33.0,1612.4129582831088,,,,,,,,,,,,,,,,,,,,,,,1612.385386315455,,1612.3854136850018,1612.38541967209,1612.4129582831088,1613.3962845269684,1613.4129796655666,1614.3962925097535,1614.3962925097535,1614.7463182257238,1614.6298445523769,1614.6298525351615,1614.7463182257238,1614.7463182257238,1614.7463182257238,1614.7463182257238,1614.7463182257238,1614.7463182257238,0.1109641265065874,1615.4477147568618,[-319.0],[214.0],[1],[0],[0],[0.6999445196470333],1615.4487037668482,1615.4517725773107,,,,,,,,,,,,,,ED10,1,2024-01-19_13h45.25.498,rating,2023.2.3,60.03145725119949,2024-01-19 13h45.38.520787 +0800,
neg_13.jpg,0.0,228.0,228.0,34.0,1185.3590006466052,,,,,,,,,,,,,,,,,,,,,,,1185.330683714093,,1185.3307136495357,1185.3307204919224,1185.3590006466052,1186.3423402901403,1186.3590100548877,1187.3423314520574,1187.3423314520574,1187.6590193491295,1187.575865248316,1187.5758735162003,1187.6590193491295,1187.6590193491295,1187.6590193491295,1187.6590193491295,1187.6590193491295,1187.6590193491295,0.0783598684893149,1190.9933472043715,[-46.0],[228.0],[1],[0],[0],[3.3333633638085303],1190.9941554613083,1190.9972331098538,,,,,,,,,,,,,,ED10,1,2024-01-19_13h45.25.498,rating,2023.2.3,60.03145725119949,2024-01-19 13h45.38.520787 +0800,
neg_130.jpg,0.0,154.0,154.0,35.0,815.6388879068795,,,,,,,,,,,,,,,,,,,,,,,815.6103716898529,,815.610401340196,815.610408182582,815.6388879068795,816.6222323971047,816.638893323769,817.6222577709555,817.6222577709555,817.9222625036068,817.8558026860933,817.8558109539767,817.9222625036068,817.9222625036068,817.9222625036068,817.9222625036068,817.9222625036068,817.9222625036068,0.0619124813119924,818.7897040895809,[-275.0],[253.0],[1],[0],[0],[0.8667639045852411],818.790363239505,818.7935224264925,,,,,,,,,,,,,,ED10,1,2024-01-19_13h45.25.498,rating,2023.2.3,60.03145725119949,2024-01-19 13h45.38.520787 +0800,
neg_131.jpg,0.0,162.0,162.0,36.0,844.5224900699864,,,,,,,,,,,,,,,,,,,,,,,844.477354835914,,844.4773844862561,844.4773910435438,844.5224900699864,845.4891650805635,845.5225795912133,846.4891716378511,846.4891716378511,846.7891780810983,846.7229015825301,846.7229109908117,846.7891780810983,846.7891780810983,846.7891780810983,846.7891780810983,846.7891780810983,846.7891780810983,0.061846623339079,848.0565836875217,[-302.0],[228.0],[1],[0],[0],[1.266671760443387],848.0573092656182,848.0603629658094,,,,,,,,,,,,,,ED10,1,2024-01-19_13h45.25.498,rating,2023.2.3,60.03145725119949,2024-01-19 13h45.38.520787 +0800,
neg_132.jpg,0.0,265.0,265.0,37.0,1357.5272449585868,,,,,,,,,,,,,,,,,,,,,,,1357.4825878362894,,1357.4826174866316,1357.4826243290186,1357.5272449585868,1358.4939610234846,1358.52726377515,1359.4939256711527,1359.4939256711527,1359.8273138386137,1359.727518197898,1359.7275273210803,1359.8273138386137,1359.8273138386137,1359.8273138386137,1359.8273138386137,1359.8273138386137,1359.8273138386137,0.0947528016722571,1360.4117850988782,[-342.0],[256.0],[1],[0],[0],[0.5833265859801031],1360.4126814515444,1360.4157864696367,,,,,,,,,,,,,,ED10,1,2024-01-19_13h45.25.498,rating,2023.2.3,60.03145725119949,2024-01-19 13h45.38.520787 +0800,
neg_133.jpg,0.0,374.0,374.0,38.0,1844.5651155736143,,,,,,,,,,,,,,,,,,,,,,,1844.5380125945533,,1844.538042529995,1844.538049372382,1844.5651155736143,1845.5484361154852,1845.565104169636,1846.548444668469,1846.548444668469,1846.9151199071264,1846.782032063424,1846.7820400462087,1846.9151199071264,1846.9151199071264,1846.9151199071264,1846.9151199071264,1846.9151199071264,1846.9151199071264,0.127134967218808,1849.0168325565323,[-316.0],[214.0],[1],[0],[0],[2.1000188735833945],1849.0179427337848,1849.021161791656,,,,,,,,,,,,,,ED10,1,2024-01-19_13h45.25.498,rating,2023.2.3,60.03145725119949,2024-01-19 13h45.38.520787 +0800,
neg_134.jpg,0.0,204.0,204.0,39.0,1066.0245578962854,,,,,,,,,,,,,,,,,,,,,,,1065.9961782418943,,1065.9962107432316,1065.9962187260155,1066.0245578962854,1067.007910654395,1067.0245507687991,1068.0078941186262,1068.0078941186262,1068.3245651948314,1068.2414946281565,1068.2415026109406,1068.3245651948314,1068.3245651948314,1068.3245651948314,1068.3245651948314,1068.3245651948314,1068.3245651948314,0.0784049142021103,1073.525636712598,[-48.0],[-70.0],[1],[0],[0],[5.20021023233312],1073.526456088413,1073.5295707998862,,,,,,,,,,,,,,ED10,1,2024-01-19_13h45.25.498,rating,2023.2.3,60.03145725119949,2024-01-19 13h45.38.520787 +0800,
neg_135.jpg,0.0,348.0,348.0,40.0,1735.9474219597282,,,,,,,,,,,,,,,,,,,,,,,1735.9199691636436,,1735.919999099086,1735.920005941473,1735.9474219597282,1736.9307635989585,1736.9474821157114,1737.9307704413454,1737.9307704413454,1738.2808027146025,1738.164321628671,1738.1643301816543,1738.2808027146025,1738.2808027146025,1738.2808027146025,1738.2808027146025,1738.2808027146025,1738.2808027146025,0.110858069511778,1739.3323398567886,[-264.0],[247.0],[1],[0],[0],[1.0500013114578906],1739.3334423363551,1739.3365168488076,,,,,,,,,,,,,,ED10,1,2024-01-19_13h45.25.498,rating,2023.2.3,60.03145725119949,2024-01-19 13h45.38.520787 +0800,
neg_136.jpg,0.0,366.0,366.0,41.0,1807.2480815658116,,,,,,,,,,,,,,,,,,,,,,,1807.220835751927,,1807.2208656873693,1807.2208725297555,1807.2480815658116,1808.2314386004125,1808.248091829392,1809.2314320431256,1809.2314320431256,1809.5814543379024,1809.464969830776,1809.4649778135613,1809.5814543379024,1809.5814543379024,1809.5814543379024,1809.5814543379024,1809.5814543379024,1809.5814543379024,0.1106445300247287,1810.98319224712,[-336.0],[131.0],[1],[0],[0],[1.4001268122347028],1810.984305845565,1810.9873706646356,,,,,,,,,,,,,,ED10,1,2024-01-19_13h45.25.498,rating,2023.2.3,60.03145725119949,2024-01-19 13h45.38.520787 +0800,
neg_137.jpg,0.0,297.0,297.0,42.0,1499.7118941779268,,,,,,,,,,,,,,,,,,,,,,,1499.6840354002284,,1499.68406562077,1499.684072463157,1499.7118941779268,1500.6952611910087,1500.7119172709822,1501.695248646633,1501.695248646633,1502.02862826111,1501.9288274886044,1501.9288357564888,1502.02862826111,1502.02862826111,1502.02862826111,1502.02862826111,1502.02862826111,1502.02862826111,0.0946595741525015,1504.529900089749,[-158.0],[-311.0],[1],[0],[0],[2.499905917182332],1504.5308528921057,1504.5339097283918,,,,,,,,,,,,,,ED10,1,2024-01-19_13h45.25.498,rating,2023.2.3,60.03145725119949,2024-01-19 13h45.38.520787 +0800,
neg_138.jpg,0.0,21.0,21.0,43.0,147.2493459818652,,,,,,,,,,,,,,,,,,,,,,,147.22022421360998,,147.22025129805797,147.22025757024585,147.2493459818652,148.23268248930572,148.24934655206425,149.2326964591789,149.2326964591789,149.48274264528936,149.46624536570835,149.46625334849296,149.48274264528936,149.48274264528936,149.48274264528936,149.48274264528936,149.48274264528936,149.48274264528936,0.0125429502318183,152.48307849243974,[-322.0],[322.0],[1],[0],[0],[3.0000330715361088],152.48346537239104,152.4865532845165,,,,,,,,,,,,,,ED10,1,2024-01-19_13h45.25.498,rating,2023.2.3,60.03145725119949,2024-01-19 13h45.38.520787 +0800,
neg_139.jpg,0.0,0.0,0.0,44.0,9.581427823653485,,,,,,,,,,,,,,,,,,,,,,,9.569050231101755,9.581427823653485,10.56481564899468,10.564825057276266,10.614777901827892,11.5480939961476,11.614745970689455,12.54808287726928,12.54808287726928,12.798093711048296,12.781673693417815,12.781682246401031,12.798093711048296,12.798093711048296,12.798093711048296,12.798093711048296,12.798093711048296,12.798093711048296,-0.0003729100781129,14.78176292954504,[-362.0],[240.0],[1],[0],[0],[1.983359315396683],14.783027915797447,14.7870227292683,,,,,,,,,,,,,,ED10,1,2024-01-19_13h45.25.498,rating,2023.2.3,60.03145725119949,2024-01-19 13h45.38.520787 +0800,
neg_14.jpg,0.0,217.0,217.0,45.0,1140.8585821206157,,,,,,,,,,,,,,,,,,,,,,,1140.830291132153,,1140.830321352695,1140.8303281950807,1140.8585821206157,1141.8419220492492,1141.8585772739248,1142.8419200535532,1142.8419200535532,1143.1585908446582,1143.0754655388896,1143.0754735216738,1143.1585908446582,1143.1585908446582,1143.1585908446582,1143.1585908446582,1143.1585908446582,1143.1585908446582,0.0783413370245398,1144.1595667400702,[-310.0],[-312.0],[1],[0],[0],[1.0000367778284271],1144.1603883966804,1144.1634996869611,,,,,,,,,,,,,,ED10,1,2024-01-19_13h45.25.498,rating,2023.2.3,60.03145725119949,2024-01-19 13h45.38.520787 +0800,
neg_140.jpg,0.0,82.0,82.0,46.0,445.2354413966682,,,,,,,,,,,,,,,,,,,,,,,445.206321624109,,445.2063489936559,445.2063549807445,445.2354413966682,446.2188135415395,446.2354533708449,447.21881183094274,447.21881183094274,447.485395495657,447.4523481930969,447.4523561758815,447.485395495657,447.485395495657,447.485395495657,447.485395495657,447.485395495657,447.485395495657,0.0290946838076706,448.7194427560221,[-318.0],[289.0],[1],[0],[0],[1.2335930969438778],448.719977317488,448.7230526852377,,,,,,,,,,,,,,ED10,1,2024-01-19_13h45.25.498,rating,2023.2.3,60.03145725119949,2024-01-19 13h45.38.520787 +0800,
neg_141.jpg,0.0,365.0,365.0,47.0,1803.2480522005685,,,,,,,,,,,,,,,,,,,,,,,1803.22082377775,,1803.220853428093,1803.22086027048,1803.2480522005685,1804.2314263411367,1804.248057902557,1805.2314189285505,1805.2314189285505,1805.58144492962,1805.4649504440133,1805.464958711898,1805.58144492962,1805.58144492962,1805.58144492962,1805.58144492962,1805.58144492962,1805.58144492962,0.1106502320135405,1807.2164198465712,[-315.0],[136.0],[1],[0],[0],[1.6333182040552856],1807.217506645668,1807.220613374357,,,,,,,,,,,,,,ED10,1,2024-01-19_13h45.25.498,rating,2023.2.3,60.03145725119949,2024-01-19 13h45.38.520787 +0800,
neg_142.jpg,0.0,93.0,93.0,48.0,503.3026840972666,,,,,,,,,,,,,,,,,,,,,,,503.27386995131656,,503.2738970357641,503.273903307952,503.3026840972666,504.2859972265524,504.30271203701295,505.2859983669505,505.2859983669505,505.5693381815445,505.5195646645461,505.5195735026291,505.5693381815445,505.5693381815445,505.5693381815445,505.5693381815445,505.5693381815445,505.5693381815445,0.0455278160129637,507.0699562771488,[-344.0],[243.0],[1],[0],[0],[1.5000821086409815],507.0705424416146,507.0735947163089,,,,,,,,,,,,,,ED10,1,2024-01-19_13h45.25.498,rating,2023.2.3,60.03145725119949,2024-01-19 13h45.38.520787 +0800,
neg_143.jpg,0.0,325.0,325.0,49.0,1633.146472977704,,,,,,,,,,,,,,,,,,,,,,,1633.11885453884,,1633.118884189183,1633.1188907464698,1633.146472977704,1634.1298593775475,1634.1464821008865,1635.1298166126312,1635.1298166126312,1635.4798317799218,1635.3633569661763,1635.363365234061,1635.4798317799218,1635.4798317799218,1635.4798317799218,1635.4798317799218,1635.4798317799218,1635.4798317799218,0.1110043255284836,1637.7813389866656,[-302.0],[76.0],[1],[0],[0],[2.300074296917046],1637.7824206539722,1637.785493740927,,,,,,,,,,,,,,ED10,1,2024-01-19_13h45.25.498,rating,2023.2.3,60.03145725119949,2024-01-19 13h45.38.520787 +0800,
neg_144.jpg,0.0,293.0,293.0,50.0,1485.1117612645644,,,,,,,,,,,,,,,,,,,,,,,1485.0839512388716,,1485.0839808892138,1485.0839877316007,1485.1117612645644,1486.0951048994907,1486.1117692473483,1487.0951108865795,1487.0951108865795,1487.4284594252165,1487.328653235822,1487.3286612186062,1487.4284594252165,1487.4284594252165,1487.4284594252165,1487.4284594252165,1487.4284594252165,1487.4284594252165,0.0945341303959139,1489.029757540025,[-291.0],[271.0],[1],[0],[0],[1.6000060441083406],1489.0306875344254,1489.0338638273802,,,,,,,,,,,,,,ED10,1,2024-01-19_13h45.25.498,rating,2023.2.3,60.03145725119949,2024-01-19 13h45.38.520787 +0800,
neg_145.jpg,0.0,39.0,39.0,51.0,248.3336188129142,,,,,,,,,,,,,,,,,,,,,,,248.30460965894144,,248.3046398794827,248.30464672186963,248.3336188129142,249.3169604521449,249.33363135729,250.31696558393517,250.31696558393517,250.5836379145776,250.5504973844977,250.5505059374809,250.5836379145776,250.5836379145776,250.5836379145776,250.5836379145776,250.5836379145776,250.5836379145776,0.0290433659070004,253.41741125139288,[-321.0],[69.0],[1],[0],[0],[2.833392158852803],253.4178870823721,253.4209641607185,,,,,,,,,,,,,,ED10,1,2024-01-19_13h45.25.498,rating,2023.2.3,60.03145725119949,2024-01-19 13h45.38.520787 +0800,
neg_146.jpg,0.0,177.0,177.0,52.0,919.2731868530376,,,,,,,,,,,,,,,,,,,,,,,919.228032802402,,919.2280627378444,919.2280695802306,919.2731868530376,920.2398875225658,920.2732176437788,921.2398641444112,921.2398641444112,921.539874293951,921.4734737771228,921.4734817599078,921.539874293951,921.539874293951,921.539874293951,921.539874293951,921.539874293951,921.539874293951,0.0618625889082977,922.8073429073534,[-338.0],[228.0],[1],[0],[0],[1.2667410396088599],922.8080613579629,922.8111512657848,,,,,,,,,,,,,,ED10,1,2024-01-19_13h45.25.498,rating,2023.2.3,60.03145725119949,2024-01-19 13h45.38.520787 +0800,
neg_147.jpg,0.0,74.0,74.0,53.0,410.1350396345251,,,,,,,,,,,,,,,,,,,,,,,410.10600026001066,,410.1060299103533,410.1060364676405,410.1350396345251,411.1184668035903,411.1351297259512,412.1184770671707,412.1184770671707,412.38514284052553,412.352053343247,412.3520610409323,412.38514284052553,412.38514284052553,412.38514284052553,412.38514284052553,412.38514284052553,412.38514284052553,0.0291591162826989,413.418914010585,[-242.0],[276.0],[1],[0],[0],[1.0333175768373621],413.41944115946535,413.422515957016,,,,,,,,,,,,,,ED10,1,2024-01-19_13h45.25.498,rating,2023.2.3,60.03145725119949,2024-01-19 13h45.38.520787 +0800,
neg_148.jpg,0.0,241.0,241.0,54.0,1252.459603403859,,,,,,,,,,,,,,,,,,,,,,,1252.4314963045413,,1252.4315273803809,1252.4315339376683,1252.459603403859,1253.442962434156,1253.4596099611467,1254.442999782184,1254.442999782184,1254.7596437739417,1254.6764905284258,1254.6764990814097,1254.7596437739417,1254.7596437739417,1254.7596437739417,1254.7596437739417,1254.7596437739417,1254.7596437739417,0.078209621080532,1255.5940568739184,[-272.0],[258.0],[1],[0],[0],[0.8333556661236798],1255.5949463841976,1255.598048551296,,,,,,,,,,,,,,ED10,1,2024-01-19_13h45.25.498,rating,2023.2.3,60.03145725119949,2024-01-19 13h45.38.520787 +0800,
neg_149.jpg,0.0,160.0,160.0,55.0,837.3557562148831,,,,,,,,,,,,,,,,,,,,,,,837.3105779307939,,837.3106072960368,837.3106138533244,837.3557562148831,838.3224335062555,838.3557647678667,839.322455744013,839.322455744013,839.6224450812929,839.5559755703985,839.5559841233821,839.6224450812929,839.6224450812929,839.6224450812929,839.6224450812929,839.6224450812929,839.6224450812929,0.061901362433673,840.2898628899734,[-321.0],[284.0],[1],[0],[0],[0.6666967921746618],840.290592459462,840.2936689676094,,,,,,,,,,,,,,ED10,1,2024-01-19_13h45.25.498,rating,2023.2.3,60.03145725119949,2024-01-19 13h45.38.520787 +0800,
neg_15.jpg,0.0,310.0,310.0,56.0,1576.4959470262415,,,,,,,,,,,,,,,,,,,,,,,1576.4683519655323,,1576.4683824711733,1576.4683893135602,1576.4959470262415,1577.4793080522345,1577.4959618514126,1578.4793080522345,1578.4793080522345,1578.8125588017615,1578.7128258829248,1578.7128341508082,1578.8125588017615,1578.8125588017615,1578.8125588017615,1578.8125588017615,1578.8125588017615,1578.8125588017615,0.0942316398804905,1580.2142756136195,[-177.0],[170.0],[1],[0],[0],[1.4002816212350808],1580.2152791636777,1580.2184181086045,,,,,,,,,,,,,,ED10,1,2024-01-19_13h45.25.498,rating,2023.2.3,60.03145725119949,2024-01-19 13h45.38.520787 +0800,
neg_150.jpg,0.0,16.0,16.0,57.0,111.66567699144798,,,,,,,,,,,,,,,,,,,,,,,111.63656035498298,,111.63659114572329,111.63659827320951,111.66567699144798,112.64902034127545,112.66570236529924,113.64902461776728,113.64902461776728,113.89903944293836,113.88257323919744,113.88258122198204,113.89903944293836,113.89903944293836,113.89903944293836,113.89903944293836,113.89903944293836,113.89903944293836,0.012494483325554,115.66613429096331,[-245.0],[299.0],[1],[0],[0],[1.7667840896260714],115.66653371529036,115.66964899696312,,,,,,,,,,,,,,ED10,1,2024-01-19_13h45.25.498,rating,2023.2.3,60.03145725119949,2024-01-19 13h45.38.520787 +0800,
neg_151.jpg,0.0,53.0,53.0,58.0,314.20091756406464,,,,,,,,,,,,,,,,,,,,,,,314.1716375656156,,314.1716649351629,314.171670922251,314.20091756406464,315.1842446632236,315.20090074319705,316.18424580362125,316.18424580362125,316.45091756406464,316.4177835912724,316.417791574057,316.45091756406464,316.45091756406464,316.45091756406464,316.45091756406464,316.45091756406464,316.45091756406464,0.0293287504546242,316.9847178142681,[-275.0],[236.0],[1],[0],[0],[0.5332996155716501],316.9852309932753,316.98831491400824,,,,,,,,,,,,,,ED10,1,2024-01-19_13h45.25.498,rating,2023.2.3,60.03145725119949,2024-01-19 13h45.38.520787 +0800,
neg_152.jpg,0.0,137.0,137.0,59.0,741.8382488279562,,,,,,,,,,,,,,,,,,,,,,,741.8095433048957,,741.8095735254374,741.8095800827246,741.8382488279562,742.8215454214737,742.838222028608,743.8215548297558,743.8215548297558,744.1048949294491,744.0551202720535,744.0551282548377,744.1048949294491,744.1048949294491,744.1048949294491,744.1048949294491,744.1048949294491,744.1048949294491,0.0453804195981319,744.7055755188526,[-306.0],[258.0],[1],[0],[0],[0.6000542259153008],744.7062597575286,744.7094617094335,,,,,,,,,,,,,,ED10,1,2024-01-19_13h45.25.498,rating,2023.2.3,60.03145725119949,2024-01-19 13h45.38.520787 +0800,
neg_153.jpg,0.0,138.0,138.0,60.0,744.7382099974111,,,,,,,,,,,,,,,,,,,,,,,744.7096849423015,,744.7097145926441,744.709721435031,744.7382099974111,745.7215755849957,745.738247345439,746.7215892697691,746.7215892697691,747.0049193909822,746.9551333296081,746.9551413123927,747.0049193909822,747.0049193909822,747.0049193909822,747.0049193909822,747.0049193909822,747.0049193909822,0.045255260939939,747.6556762729974,[-295.0],[287.0],[1],[0],[0],[0.6500914599032512],747.6563302911322,747.6594050886829,,,,,,,,,,,,,,ED10,1,2024-01-19_13h45.25.498,rating,2023.2.3,60.03145725119949,2024-01-19 13h45.38.520787 +0800,
neg_154.jpg,0.0,153.0,153.0,61.0,812.1888541511048,,,,,,,,,,,,,,,,,,,,,,,812.1602965946581,,812.1603265301001,812.1603336575863,812.1888541511048,813.1722020625234,813.1888618487901,814.1722057688162,814.1722057688162,814.4722082206713,814.4057578114393,814.4057660793237,814.4722082206713,814.4722082206713,814.4722082206713,814.4722082206713,814.4722082206713,814.4722082206713,0.0619324382732884,815.6064008247354,[-299.0],[250.0],[1],[0],[0],[1.1334921147199566],815.6070422984944,815.6101481718856,,,,,,,,,,,,,,ED10,1,2024-01-19_13h45.25.498,rating,2023.2.3,60.03145725119949,2024-01-19 13h45.38.520787 +0800,
neg_155.jpg,0.0,28.0,28.0,62.0,194.43311253331376,,,,,,,,,,,,,,,,,,,,,,,194.38740339405197,,194.38743361459365,194.38744045698013,194.43311253331376,195.39978754389085,195.43314104325876,196.39979837767032,196.39979837767032,196.66648325268807,196.63332989313312,196.63333759081843,196.66648325268807,196.66648325268807,196.66648325268807,196.66648325268807,196.66648325268807,196.66648325268807,0.0290972497027723,198.26696569797468,[-313.0],[160.0],[1],[0],[0],[1.6001112458047828],198.2673648372024,198.2704607321125,,,,,,,,,,,,,,ED10,1,2024-01-19_13h45.25.498,rating,2023.2.3,60.03145725119949,2024-01-19 13h45.38.520787 +0800,
neg_156.jpg,0.0,295.0,295.0,63.0,1493.0118321973073,,,,,,,,,,,,,,,,,,,,,,,1492.984099433564,,1492.9841273733105,1492.9841333603986,1493.0118321973073,1493.9951746918364,1494.011842745987,1494.995175262035,1494.995175262035,1495.3285220900757,1495.228722172868,1495.2287307258516,1495.3285220900757,1495.3285220900757,1495.3285220900757,1495.3285220900757,1495.3285220900757,1495.3285220900757,0.0944497409582254,1496.3298264200516,[-336.0],[280.0],[1],[0],[0],[1.0000407692205044],1496.3307666780324,1496.333880819307,,,,,,,,,,,,,,ED10,1,2024-01-19_13h45.25.498,rating,2023.2.3,60.03145725119949,2024-01-19 13h45.38.520787 +0800,
neg_157.jpg,0.0,18.0,18.0,64.0,121.68243627742233,,,,,,,,,,,,,,,,,,,,,,,121.6532614806697,,121.65329056081328,121.65329711810092,121.68243627742233,122.66582011137145,122.68244426020692,123.66581127328844,123.66581127328844,123.9158215368684,123.8993296741769,123.8993376569615,123.9158215368684,123.9158215368684,123.9158215368684,123.9158215368684,123.9158215368684,123.9158215368684,0.0125797280607002,134.4663308955428,[91.0],[291.0],[1],[0],[0],[10.550212285049383],134.46674828113555,134.46982136808947,,,,,,,,,,,,,,ED10,1,2024-01-19_13h45.25.498,rating,2023.2.3,60.03145725119949,2024-01-19 13h45.38.520787 +0800,
neg_158.jpg,0.0,174.0,174.0,65.0,903.2396990718304,,,,,,,,,,,,,,,,,,,,,,,903.211416351252,,903.2114465717927,903.2114534141796,903.2396990718304,904.2230407110604,904.2397347092616,905.2230521150392,905.2230521150392,905.523101608303,905.4565953195792,905.4566033023644,905.523101608303,905.523101608303,905.523101608303,905.523101608303,905.523101608303,905.523101608303,0.0617340090566358,906.9906418957056,[-334.0],[253.0],[1],[0],[0],[1.4667032354227558],906.9913994049408,906.9943501842312,,,,,,,,,,,,,,ED10,1,2024-01-19_13h45.25.498,rating,2023.2.3,60.03145725119949,2024-01-19 13h45.38.520787 +0800,
neg_159.jpg,0.0,163.0,163.0,66.0,848.0892150299865,,,,,,,,,,,,,,,,,,,,,,,848.0605844880815,,848.0606147086223,848.0606215510093,848.0892150299865,849.0725273039739,849.0891936475277,850.0725401334489,850.0725401334489,850.3725434406028,850.3060767807024,850.306085333686,850.3725434406028,850.3725434406028,850.3725434406028,850.3725434406028,850.3725434406028,850.3725434406028,0.0619826157753777,851.3732952478481,[-302.0],[307.0],[1],[0],[0],[0.9999931576130621],851.373983763016,851.3770673986496,,,,,,,,,,,,,,ED10,1,2024-01-19_13h45.25.498,rating,2023.2.3,60.03145725119949,2024-01-19 13h45.38.520787 +0800,
neg_16.jpg,0.0,287.0,287.0,67.0,1461.1115480101766,,,,,,,,,,,,,,,,,,,,,,,1461.0836133960252,,1461.083642761268,1461.083649603655,1461.1115480101766,1462.094880241125,1462.1115411677897,1463.0948862282144,1463.0948862282144,1463.4282498771222,1463.328450245015,1463.3284582277988,1463.4282498771222,1463.4282498771222,1463.4282498771222,1463.4282498771222,1463.4282498771222,1463.4282498771222,0.094662140048058,1464.3294783136255,[-323.0],[32.0],[1],[0],[0],[0.8999434932893564],1464.3304342520755,1464.3334662847096,,,,,,,,,,,,,,ED10,1,2024-01-19_13h45.25.498,rating,2023.2.3,60.03145725119949,2024-01-19 13h45.38.520787 +0800,
neg_160.jpg,0.0,351.0,351.0,68.0,1747.2475327493737,,,,,,,,,,,,,,,,,,,,,,,1747.220301475561,,1747.220331696103,1747.2203382533894,1747.2475327493737,1748.2309143025273,1748.2475364556662,1749.2308798054942,1749.2308798054942,1749.5808949727848,1749.464410750758,1749.464418733543,1749.5808949727848,1749.5808949727848,1749.5808949727848,1749.5808949727848,1749.5808949727848,1749.5808949727848,0.1106200114718376,1750.282477673862,[-258.0],[270.0],[1],[0],[0],[0.700045729951853],1750.2835373885125,1750.28670655398,,,,,,,,,,,,,,ED10,1,2024-01-19_13h45.25.498,rating,2023.2.3,60.03145725119949,2024-01-19 13h45.38.520787 +0800,
neg_161.jpg,0.0,58.0,58.0,69.0,335.78443031998404,,,,,,,,,,,,,,,,,,,,,,,335.7553926560663,,335.75542230640895,335.7554291487959,335.78443031998404,336.7677802270987,336.78444058356445,337.76778108239705,337.76778108239705,338.03445284284044,338.001321150844,338.0013291336286,338.03445284284044,338.03445284284044,338.03445284284044,338.03445284284044,338.03445284284044,338.03445284284044,0.0290778629400847,338.9015178124432,[-314.0],[300.0],[1],[0],[0],[0.8666909191265404],338.90200960899165,338.9050695813712,,,,,,,,,,,,,,ED10,1,2024-01-19_13h45.25.498,rating,2023.2.3,60.03145725119949,2024-01-19 13h45.38.520787 +0800,
neg_162.jpg,0.0,372.0,372.0,70.0,1834.4316984400496,,,,,,,,,,,,,,,,,,,,,,,1834.4046054394696,,1834.404632809017,1834.404639081204,1834.4316984400496,1835.4150107140367,1835.4316884615696,1836.415017556424,1836.415017556424,1836.7816950758763,1836.6485744457384,1836.6485827136223,1836.7816950758763,1836.7816950758763,1836.7816950758763,1836.7816950758763,1836.7816950758763,1836.7816950758763,0.1271204271470196,1839.5834126860127,[-334.0],[240.0],[1],[0],[0],[2.800025544910568],1839.5845587857957,1839.5876364343408,,,,,,,,,,,,,,ED10,1,2024-01-19_13h45.25.498,rating,2023.2.3,60.03145725119949,2024-01-19 13h45.38.520787 +0800,
neg_163.jpg,0.0,96.0,96.0,71.0,522.502857266672,,,,,,,,,,,,,,,,,,,,,,,522.4739427657155,,522.4739701352628,522.4739761223509,522.502857266672,523.4861892125209,523.5028384501084,524.4861823701344,524.4861823701344,524.7695216145294,524.7197201577856,524.7197284256695,524.7695216145294,524.7695216145294,524.7695216145294,524.7695216145294,524.7695216145294,524.7695216145294,0.0456010865709686,526.0700144374359,[-278.0],[282.0],[1],[0],[0],[1.300025544910568],526.0705681005647,526.0736337749336,,,,,,,,,,,,,,ED10,1,2024-01-19_13h45.25.498,rating,2023.2.3,60.03145725119949,2024-01-19 13h45.38.520787 +0800,
neg_164.jpg,0.0,214.0,214.0,72.0,1128.4584726994467,,,,,,,,,,,,,,,,,,,,,,,1128.4136396707904,,1128.4136698913312,1128.413676733718,1128.4584726994467,1129.4251317444557,1129.4584869544192,1130.425141152737,1130.425141152737,1130.7418133693395,1130.6587111566257,1130.65871942451,1130.7418133693395,1130.7418133693395,1130.7418133693395,1130.7418133693395,1130.7418133693395,1130.7418133693395,0.0782101912782309,1131.9095028777942,[-308.0],[273.0],[1],[0],[0],[1.1667498206725213],1131.910289467172,1131.913411021032,,,,,,,,,,,,,,ED10,1,2024-01-19_13h45.25.498,rating,2023.2.3,60.03145725119949,2024-01-19 13h45.38.520787 +0800,
neg_165.jpg,0.0,135.0,135.0,73.0,731.8381176822099,,,,,,,,,,,,,,,,,,,,,,,731.8096599105702,,731.8096961182,731.8097023903879,731.8381176822099,732.8214892568826,732.8381079888286,733.8214590363409,733.8214590363409,734.1047997062337,734.0550019557822,734.0550099385669,734.1047997062337,734.1047997062337,734.1047997062337,734.1047997062337,734.1047997062337,734.1047997062337,0.0451631738183095,735.3054124989881,[-346.0],[283.0],[1],[0],[0],[1.20000153953697],735.3060690830175,735.3091384636791,,,,,,,,,,,,,,ED10,1,2024-01-19_13h45.25.498,rating,2023.2.3,60.03145725119949,2024-01-19 13h45.38.520787 +0800,
neg_166.jpg,0.0,180.0,180.0,74.0,939.6900806489316,,,,,,,,,,,,,,,,,,,,,,,939.6741892056784,939.6900806489316,940.6735845097488,940.6735924925327,940.7067144911484,941.6733980547092,941.7067532646738,942.6733937782178,942.6733937782178,942.9734056383544,942.9069880155598,942.9069957132448,942.9734056383544,942.9734056383544,942.9734056383544,942.9734056383544,942.9734056383544,942.9734056383544,0.0494428016381789,944.1743346063972,[-307.0],[-321.0],[1],[0],[0],[1.2001113028245527],944.1751060855044,944.178113884685,,,,,,940.7067144911484,,,,,,,,ED10,1,2024-01-19_13h45.25.498,rating,2023.2.3,60.03145725119949,2024-01-19 13h45.38.520787 +0800,
neg_167.jpg,0.0,69.0,69.0,75.0,388.48492080507503,,,,,,,,,,,,,,,,,,,,,,,388.4559164977927,,388.4559441524393,388.4559501395279,388.48492080507503,389.46826529530017,389.4849373408433,390.4683097708144,390.4683097708144,390.7349424726335,390.7018247505093,390.70183273329394,390.7349424726335,390.7349424726335,390.7349424726335,390.7349424726335,390.7349424726335,390.7349424726335,0.0290473572990777,392.0689028346869,[-299.0],[141.0],[1],[0],[0],[1.333521308903073],392.0694376812521,392.0726108381127,,,,,,,,,,,,,,ED10,1,2024-01-19_13h45.25.498,rating,2023.2.3,60.03145725119949,2024-01-19 13h45.38.520787 +0800,
neg_168.jpg,0.0,109.0,109.0,76.0,592.1034791255888,,,,,,,,,,,,,,,,,,,,,,,592.0747425266882,,592.0747710366331,592.0747775939203,592.1034791255888,593.0868210499189,593.1034885338704,594.0868258966093,594.0868258966093,594.3701677068993,594.3204167127578,594.3204246955424,594.3701677068993,594.3701677068993,594.3701677068993,594.3701677068993,594.3701677068993,594.3701677068993,0.0454485583663881,594.8707587180561,[-310.0],[242.0],[1],[0],[0],[0.5000327864368046],594.871375958362,594.8744290883546,,,,,,,,,,,,,,ED10,1,2024-01-19_13h45.25.498,rating,2023.2.3,60.03145725119949,2024-01-19 13h45.38.520787 +0800,
neg_169.jpg,0.0,128.0,128.0,77.0,693.5377585709448,,,,,,,,,,,,,,,,,,,,,,,693.5090824131275,,693.5091123485695,693.509119190956,693.5377585709448,694.5211349923079,694.5377882212874,695.521115890645,695.521115890645,695.8044428757639,695.7546365723292,695.7546445551138,695.8044428757639,695.8044428757639,695.8044428757639,695.8044428757639,695.8044428757639,695.8044428757639,0.0453818450955623,696.8050777922354,[-304.0],[274.0],[1],[0],[0],[1.0000248036517405],696.8056639567012,696.8087564304183,,,,,,,,,,,,,,ED10,1,2024-01-19_13h45.25.498,rating,2023.2.3,60.03145725119949,2024-01-19 13h45.38.520787 +0800,
neg_17.jpg,0.0,350.0,350.0,78.0,1743.730823640902,,,,,,,,,,,,,,,,,,,,,,,1743.6868116986566,,1743.6868384980048,1743.6868447701931,1743.730823640902,1744.6975029279715,1744.730833334284,1745.6975166127445,1745.6975166127445,1746.0475143889694,1745.931039575225,1745.9310475580091,1746.0475143889694,1746.0475143889694,1746.0475143889694,1746.0475143889694,1746.0475143889694,1746.0475143889694,0.11073120025776,1747.2159146503486,[-36.0],[292.0],[1],[0],[0],[1.166840767396934],1747.2170097173298,1747.220080238389,,,,,,,,,,,,,,ED10,1,2024-01-19_13h45.25.498,rating,2023.2.3,60.03145725119949,2024-01-19 13h45.38.520787 +0800,
neg_170.jpg,0.0,89.0,89.0,79.0,478.7190789691258,,,,,,,,,,,,,,,,,,,,,,,478.6899452266939,,478.68997487703655,478.6899817194235,478.7190789691258,479.70243372293135,479.7190912284023,480.7024445567104,480.7024445567104,480.98577923951416,480.9359774976706,480.9359854804552,480.98577923951416,480.98577923951416,480.98577923951416,480.98577923951416,480.98577923951416,480.98577923951416,0.0458531144831795,482.53640206776936,[-262.0],[290.0],[1],[0],[0],[1.5501430058834558],482.536922089163,484.1362276439268,space,482.55246086439865,482.55246086439865,1.567994222744801,,,,,,,,,,ED10,1,2024-01-19_13h45.25.498,rating,2023.2.3,60.03145725119949,2024-01-19 13h45.38.520787 +0800,
neg_171.jpg,0.0,55.0,55.0,80.0,321.35096369315534,,,,,,,,,,,,,,,,,,,,,,,321.30521178897607,,321.3052585452856,321.30526481747347,321.35096369315534,322.31767462626294,322.3509682547465,323.31767462626294,323.31767462626294,323.58434467611005,323.55117107449405,323.5511793423784,323.58434467611005,323.58434467611005,323.58434467611005,323.58434467611005,323.58434467611005,323.58434467611005,0.0291317467358567,326.11816203228,[-340.0],[264.0],[1],[0],[0],[2.5334498629813424],326.1186412844527,326.12171408630775,,,,,,,,,,,,,,ED10,1,2024-01-19_13h45.25.498,rating,2023.2.3,60.03145725119949,2024-01-19 13h45.38.520787 +0800,
neg_172.jpg,0.0,105.0,105.0,81.0,563.2032106189281,,,,,,,,,,,,,,,,,,,,,,,563.1743200663254,,563.1743502868671,563.1743571292536,563.2032106189281,564.1865531134572,564.2032194570111,565.1865582452469,565.1865582452469,565.4698994853384,565.4201162749591,565.4201242577437,565.4698994853384,565.4698994853384,565.4698994853384,565.4698994853384,565.4698994853384,565.4698994853384,0.0455965249798282,569.8706235809177,[-99.0],[264.0],[1],[0],[0],[4.400170717549827],569.8712274215491,569.8742682922657,,,,,,,,,,,,,,ED10,1,2024-01-19_13h45.25.498,rating,2023.2.3,60.03145725119949,2024-01-19 13h45.38.520787 +0800,
neg_173.jpg,0.0,156.0,156.0,82.0,823.8722968295801,,,,,,,,,,,,,,,,,,,,,,,823.8438424791334,,823.8438726996751,823.8438792569627,823.8722968295801,824.8556401794071,824.8723019613703,825.8556478770929,825.8556478770929,826.1556500438487,826.0892475313235,826.0892555141086,826.1556500438487,826.1556500438487,826.1556500438487,826.1556500438487,826.1556500438487,826.1556500438487,0.0618272365773009,827.1564163911657,[-263.0],[242.0],[1],[0],[0],[1.0000707046629032],827.1571371225714,827.160222753901,,,,,,,,,,,,,,ED10,1,2024-01-19_13h45.25.498,rating,2023.2.3,60.03145725119949,2024-01-19 13h45.38.520787 +0800,
neg_174.jpg,0.0,303.0,303.0,83.0,1552.8457523603388,,,,,,,,,,,,,,,,,,,,,,,1552.8181373426685,,1552.818164712215,1552.8181709844025,1552.8457523603388,1553.8290657747234,1553.8457295523826,1554.8290734724085,1554.8290734724085,1555.1624137431622,1555.0626263703302,1555.0626343531153,1555.1624137431622,1555.1624137431622,1555.1624137431622,1555.1624137431622,1555.1624137431622,1555.1624137431622,0.0943094720296358,1555.96375872832,[-297.0],[220.0],[1],[0],[0],[0.8000332425954184],1555.9647380449246,1555.967799727901,,,,,,,,,,,,,,ED10,1,2024-01-19_13h45.25.498,rating,2023.2.3,60.03145725119949,2024-01-19 13h45.38.520787 +0800,
neg_175.jpg,0.0,129.0,129.0,84.0,696.8377849711537,,,,,,,,,,,,,,,,,,,,,,,696.8089802334853,,696.8090104540265,696.8090175815128,696.8377849711537,697.8211796388819,697.8378642288003,698.8211337378702,698.8211337378702,699.1045012071113,699.0546872059913,699.0546951887759,699.1045012071113,699.1045012071113,699.1045012071113,699.1045012071113,699.1045012071113,699.1045012071113,0.045578848813875,699.6550832661451,[-322.0],[262.0],[1],[0],[0],[0.5498379494733854],699.6557093445335,699.6587721679075,,,,,,,,,,,,,,ED10,1,2024-01-19_13h45.25.498,rating,2023.2.3,60.03145725119949,2024-01-19 13h45.38.520787 +0800,
neg_176.jpg,0.0,299.0,299.0,85.0,1509.8286546613183,,,,,,,,,,,,,,,,,,,,,,,1509.784132105961,,1509.784162611602,1509.7841694539889,1509.8286546613183,1510.7953824152942,1510.828664069601,1511.7953456374648,1511.7953456374648,1512.12870073339,1512.0289025267798,1512.0289110797626,1512.12870073339,1512.12870073339,1512.12870073339,1512.12870073339,1512.12870073339,1512.12870073339,0.0945982777711833,1513.5299856195838,[-343.0],[216.0],[1],[0],[0],[1.4000036492725485],1513.5309709232774,1537.9960040461317,space,1513.5453561861443,1513.5453561861443,24.434859337634407,,,,,,,,,,ED10,1,2024-01-19_13h45.25.498,rating,2023.2.3,60.03145725119949,2024-01-19 13h45.38.520787 +0800,
neg_177.jpg,0.0,118.0,118.0,86.0,637.1706140585961,,,,,,,,,,,,,,,,,,,,,,,637.1417312036783,,637.141760854021,637.1417676964079,637.1706140585961,638.1539069458208,638.170582412557,639.1539160690031,639.1539160690031,639.4372459051165,639.3874892089857,639.3874974768701,639.4372459051165,639.4372459051165,639.4372459051165,639.4372459051165,639.4372459051165,639.4372459051165,0.0455497686702983,645.6379074498768,[-20.0],[138.0],[1],[0],[0],[6.200076805791468],645.6385198434918,645.6416798857776,,,,,,,,,,,,,,ED10,1,2024-01-19_13h45.25.498,rating,2023.2.3,60.03145725119949,2024-01-19 13h45.38.520787 +0800,
neg_178.jpg,0.0,119.0,119.0,87.0,645.6706571086124,,,,,,,,,,,,,,,,,,,,,,,645.6419068249388,,645.6419370454801,645.641943887867,645.6706571086124,646.6540403723625,646.6706619553033,647.6540127177163,647.6540127177163,647.9373562386031,647.8875467990742,647.8875544967595,647.9373562386031,647.9373562386031,647.9373562386031,647.9373562386031,647.9373562386031,647.9373562386031,0.0454693706255966,651.2379442847255,[-305.0],[125.0],[1],[0],[0],[3.3000269704075436],651.2385238919042,652.6711212505147,space,651.2540324465981,651.2540324465981,1.405922028722216,,,,,,,,,,ED10,1,2024-01-19_13h45.25.498,rating,2023.2.3,60.03145725119949,2024-01-19 13h45.38.520787 +0800,
neg_179.jpg,0.0,192.0,192.0,88.0,1011.8407043895054,,,,,,,,,,,,,,,,,,,,,,,1011.7956207584334,,1011.7956504087756,1011.7956572511624,1011.8407043895054,1012.807402493138,1012.8407163636816,1013.8074090504248,1013.8074090504248,1014.1074291784456,1014.0409399956892,1014.040957386756,1014.1074291784456,1014.1074291784456,1014.1074291784456,1014.1074291784456,1014.1074291784456,1014.1074291784456,0.0618546061241431,1015.041612545288,[-43.0],[308.0],[1],[0],[0],[0.9333015542488283],1015.0424031260586,1015.045461102742,,,,,,,,,,,,,,ED10,1,2024-01-19_13h45.25.498,rating,2023.2.3,60.03145725119949,2024-01-19 13h45.38.520787 +0800,
neg_18.jpg,0.0,22.0,22.0,89.0,152.516069345309,,,,,,,,,,,,,,,,,,,,,,,152.486782504473,,152.48681272501472,152.4868192823019,152.516069345309,153.49940043586005,153.51608502577892,154.49940556765023,154.49940556765023,154.7493873212852,154.73298184372652,154.73299096690926,154.7493873212852,154.7493873212852,154.7493873212852,154.7493873212852,154.7493873212852,154.7493873212852,0.0126230631767612,160.93314646014824,[-330.0],[-76.0],[1],[0],[0],[6.183416449325705],160.9335952066799,160.93669167178905,,,,,,,,,,,,,,ED10,1,2024-01-19_13h45.25.498,rating,2023.2.3,60.03145725119949,2024-01-19 13h45.38.520787 +0800,
neg_180.jpg,0.0,225.0,225.0,90.0,1171.125516457651,,,,,,,,,,,,,,,,,,,,,,,1171.0807843541984,,1171.08081457474,1171.0808211320275,1171.125516457651,1172.092192323526,1172.1255227298384,1173.0921968851176,1173.0921968851176,1173.4088725229135,1173.3257306813762,1173.3257386641612,1173.4088725229135,1173.4088725229135,1173.4088725229135,1173.4088725229135,1173.4088725229135,1173.4088725229135,0.0781118319691813,1175.743179280797,[-312.0],[268.0],[1],[0],[0],[2.333314896902266],1175.744162873894,1175.747207736002,,,,,,,,,,,,,,ED10,1,2024-01-19_13h45.25.498,rating,2023.2.3,60.03145725119949,2024-01-19 13h45.38.520787 +0800,
neg_181.jpg,0.0,97.0,97.0,91.0,526.1028635958796,,,,,,,,,,,,,,,,,,,,,,,526.0738638501884,,526.0738932154313,526.0738997727185,526.1028635958796,527.0862103669001,527.1028724339626,528.0862132178945,528.0862132178945,528.3695538877873,528.3197530012417,528.3197609840263,528.3695538877873,528.3695538877873,528.3695538877873,528.3695538877873,528.3695538877873,528.3695538877873,0.0457099945601839,529.5200595971887,[-307.0],[290.0],[1],[0],[0],[1.150029308223111],529.5206246642956,529.5236746581941,,,,,,,,,,,,,,ED10,1,2024-01-19_13h45.25.498,rating,2023.2.3,60.03145725119949,2024-01-19 13h45.38.520787 +0800,
neg_182.jpg,0.0,31.0,31.0,92.0,210.14995261647164,,,,,,,,,,,,,,,,,,,,,,,210.1041952954029,,210.10422580104387,210.10423235833105,210.14995261647164,211.11660196809865,211.14993437010708,212.11660082770092,212.11660082770092,212.3832828517243,212.35014374714183,212.35015172992644,212.3832828517243,212.3832828517243,212.3832828517243,212.3832828517243,212.3832828517243,212.3832828517243,0.0291055175862311,213.9171153181651,[-356.0],[-323.0],[1],[0],[0],[1.5334207828377657],213.91756463489585,213.9206046503141,,,,,,,,,,,,,,ED10,1,2024-01-19_13h45.25.498,rating,2023.2.3,60.03145725119949,2024-01-19 13h45.38.520787 +0800,
neg_183.jpg,0.0,77.0,77.0,93.0,423.8519358822746,,,,,,,,,,,,,,,,,,,,,,,423.8228360666767,,423.8228628660249,423.8228688531135,423.8519358822746,424.835258990041,424.8519221975012,425.8352795172013,425.8352795172013,426.1019384481697,426.0687967776921,426.068805045576,426.1019384481697,426.1019384481697,426.1019384481697,426.1019384481697,426.1019384481697,426.1019384481697,0.0291226235535759,428.3690888905867,[-317.0],[-302.0],[1],[0],[0],[2.266706257476926],428.3695863891244,428.37264693170255,,,,,,,,,,,,,,ED10,1,2024-01-19_13h45.25.498,rating,2023.2.3,60.03145725119949,2024-01-19 13h45.38.520787 +0800,
neg_184.jpg,0.0,42.0,42.0,94.0,263.8170955892833,,,,,,,,,,,,,,,,,,,,,,,263.7878808786081,,263.78791024385146,263.78791708623794,263.8170955892833,264.80043494771826,264.8171506134772,265.8004443560003,265.8004443560003,266.06714605188563,266.03399810922065,266.0340060920048,266.06714605188563,266.06714605188563,266.06714605188563,266.06714605188563,266.06714605188563,266.06714605188563,0.0292831345432205,271.0675266596495,[-45.0],[-295.0],[1],[0],[0],[5.000035352331906],271.0679554492199,271.0710268255775,,,,,,,,,,,,,,ED10,1,2024-01-19_13h45.25.498,rating,2023.2.3,60.03145725119949,2024-01-19 13h45.38.520787 +0800,
neg_185.jpg,0.0,202.0,202.0,95.0,1056.5077894871288,,,,,,,,,,,,,,,,,,,,,,,1056.4628612352558,,1056.4628906004996,1056.4628971577863,1056.5077894871288,1057.4744721953916,1057.507793763621,1058.4744770420816,1058.4744770420816,1058.791142416298,1058.7081183208325,1058.708127729114,1058.791142416298,1058.791142416298,1058.791142416298,1058.791142416298,1058.791142416298,1058.791142416298,0.0783054144940251,1059.9920286194233,[-306.0],[170.0],[1],[0],[0],[1.200031760078673],1059.992765031298,1059.9958537987218,,,,,,,,,,,,,,ED10,1,2024-01-19_13h45.25.498,rating,2023.2.3,60.03145725119949,2024-01-19 13h45.38.520787 +0800,
neg_186.jpg,0.0,122.0,122.0,96.0,664.3041503637301,,,,,,,,,,,,,,,,,,,,,,,664.2587733653254,,664.2588035858666,664.2588104282536,664.3041503637301,665.2708570203458,665.3041680398956,666.2708342123901,666.2708342123901,666.5541922733487,666.5043856848147,666.5043936675993,666.5541922733487,666.5541922733487,666.5541922733487,666.5541922733487,666.5541922733487,666.5541922733487,0.0454368692890057,667.6047911532501,[-290.0],[234.0],[1],[0],[0],[1.050009009142741],667.6053704753294,667.6085447725877,,,,,,,,,,,,,,ED10,1,2024-01-19_13h45.25.498,rating,2023.2.3,60.03145725119949,2024-01-19 13h45.38.520787 +0800,
neg_187.jpg,0.0,290.0,290.0,97.0,1473.3616774453262,,,,,,,,,,,,,,,,,,,,,,,1473.333793293777,,1473.3338203782246,1473.333826650412,1473.3616774453262,1474.3449954213024,1474.361668322144,1475.3450045444856,1475.3450045444856,1475.6783416791443,1475.578581390761,1475.5785893735451,1475.6783416791443,1475.6783416791443,1475.6783416791443,1475.6783416791443,1475.6783416791443,1475.6783416791443,0.0945882992900806,1477.3796181834146,[-244.0],[258.0],[1],[0],[0],[1.7000271984870778],1477.380555020202,1477.3835149226757,,,,,,,,,,,,,,ED10,1,2024-01-19_13h45.25.498,rating,2023.2.3,60.03145725119949,2024-01-19 13h45.38.520787 +0800,
neg_188.jpg,0.0,178.0,178.0,98.0,922.8399360464914,,,,,,,,,,,,,,,,,,,,,,,922.8113770645472,,922.811407285089,922.811414127476,922.8399360464914,923.8232232317272,923.8398858689884,924.8232334953076,924.8232334953076,925.1232373726602,925.0567638703728,925.0567715680586,925.1232373726602,925.1232373726602,925.1232373726602,925.1232373726602,925.1232373726602,925.1232373726602,0.061883116068202,928.4573816238576,[-48.0],[340.0],[1],[0],[0],[3.333379044278445],928.4580997893686,928.4611968246768,,,,,,,,,,,,,,ED10,1,2024-01-19_13h45.25.498,rating,2023.2.3,60.03145725119949,2024-01-19 13h45.38.520787 +0800,
neg_189.jpg,0.0,8.0,8.0,99.0,55.748491253719294,,,,,,,,,,,,,,,,,,,,,,,55.71921325096628,,55.719243471507525,55.71925059899377,55.748491253719294,56.73185769660176,56.74850265769692,57.73184743302181,57.73184743302181,57.98184885851879,57.96537467199323,57.96538265477784,57.98184885851879,57.98184885851879,57.98184885851879,57.98184885851879,57.98184885851879,57.98184885851879,0.0126535688177682,63.53231545227618,[-367.0],[42.0],[1],[0],[0],[5.550171515827969],63.53271373620555,63.53578226156833,,,,,,,,,,,,,,ED10,1,2024-01-19_13h45.25.498,rating,2023.2.3,60.03145725119949,2024-01-19 13h45.38.520787 +0800,
neg_19.jpg,0.0,292.0,292.0,100.0,1480.8783896898915,,,,,,,,,,,,,,,,,,,,,,,1480.8340059779653,,1480.8340330624128,1480.834039049501,1480.8783896898915,1481.845124856452,1481.878403659765,1482.8451077504856,1482.8451077504856,1483.1784160901002,1483.0786800351702,1483.0786891583523,1483.1784160901002,1483.1784160901002,1483.1784160901002,1483.1784160901002,1483.1784160901002,1483.1784160901002,0.0944397624780322,1485.0796852958251,[-173.0],[-298.0],[1],[0],[0],[1.900033299615643],1485.0806224177118,1485.08372429971,,,,,,,,,,,,,,ED10,1,2024-01-19_13h45.25.498,rating,2023.2.3,60.03145725119949,2024-01-19 13h45.38.520787 +0800,
neg_190.jpg,0.0,277.0,277.0,101.0,1416.3111461339945,,,,,,,,,,,,,,,,,,,,,,,1416.283356065263,,1416.2833860007045,1416.2833928430914,1416.3111461339945,1417.2944681013628,1417.311167231354,1418.2944504251975,1418.2944504251975,1418.6278120784095,1418.5280489390311,1418.528056636716,1418.6278120784095,1418.6278120784095,1418.6278120784095,1418.6278120784095,1418.6278120784095,1418.6278120784095,0.094495071770325,1420.52905220399,[-327.0],[306.0],[1],[0],[0],[1.9000384314058465],1420.5300275292025,1420.533093488671,,,,,,,,,,,,,,ED10,1,2024-01-19_13h45.25.498,rating,2023.2.3,60.03145725119949,2024-01-19 13h45.38.520787 +0800,
neg_191.jpg,0.0,243.0,243.0,102.0,1260.1263629179134,,,,,,,,,,,,,,,,,,,,,,,1260.0985007190206,,1260.0985309395624,1260.0985377819493,1260.1263629179134,1261.1096982849554,1261.1263552202277,1262.10969600416,1262.10969600416,1262.4263990115028,1262.3432836842144,1262.3432919520988,1262.4263990115028,1262.4263990115028,1262.4263990115028,1262.4263990115028,1262.4263990115028,1262.4263990115028,0.0779196749417678,1263.1775126099487,[-277.0],[285.0],[1],[0],[0],[0.7500424798181484],1263.1784072520172,1263.181493168447,,,,,,,,,,,,,,ED10,1,2024-01-19_13h45.25.498,rating,2023.2.3,60.03145725119949,2024-01-19 13h45.38.520787 +0800,
neg_192.jpg,0.0,147.0,147.0,103.0,779.20522028494,,,,,,,,,,,,,,,,,,,,,,,779.1598210487782,,779.1598506991209,779.1598575415078,779.20522028494,780.1719018528042,780.2052348250118,781.1718978614122,781.1718978614122,781.4719060152561,781.4054339384666,781.4054419212512,781.4719060152561,781.4719060152561,781.4719060152561,781.4719060152561,781.4719060152561,781.4719060152561,0.0621049234391648,785.5393146437341,[-278.0],[105.0],[1],[0],[0],[4.066757176238298],785.5400074353938,785.543191996232,,,,,,,,,,,,,,ED10,1,2024-01-19_13h45.25.498,rating,2023.2.3,60.03145725119949,2024-01-19 13h45.38.520787 +0800,
neg_2.jpg,0.0,314.0,314.0,104.0,1592.0460857556332,,,,,,,,,,,,,,,,,,,,,,,1592.001844023232,,1592.0018739586744,1592.0018808010614,1592.0460857556332,1593.0127641874035,1593.04611312518,1594.012767323498,1594.012767323498,1594.3460471531675,1594.2463179406236,1594.246326208508,1594.3460471531675,1594.3460471531675,1594.3460471531675,1594.3460471531675,1594.3460471531675,1594.3460471531675,0.0942296441844519,1595.2474817165726,[-272.0],[-270.0],[1],[0],[0],[0.9000923152016185],1595.2484601778792,1595.2515195800602,,,,,,,,,,,,,,ED10,1,2024-01-19_13h45.25.498,rating,2023.2.3,60.03145725119949,2024-01-19 13h45.38.520787 +0800,
neg_20.jpg,0.0,41.0,41.0,105.0,259.23372224699415,,,,,,,,,,,,,,,,,,,,,,,259.2045905002583,,259.2046207208,259.2046275631865,259.23372224699415,260.2170587544347,260.2337268085853,261.21707044351206,261.21707044351206,261.48378696456894,261.4506470046881,261.4506547023734,261.48378696456894,261.48378696456894,261.48378696456894,261.48378696456894,261.48378696456894,261.48378696456894,0.0292198424658636,263.78412241258,[-323.0],[44.0],[1],[0],[0],[2.2999910478774837],263.78458598428324,263.7876519437509,,,,,,,,,,,,,,ED10,1,2024-01-19_13h45.25.498,rating,2023.2.3,60.03145725119949,2024-01-19 13h45.38.520787 +0800,
neg_21.jpg,0.0,333.0,333.0,106.0,1672.8968601427546,,,,,,,,,,,,,,,,,,,,,,,1672.8694951573011,,1672.869522526848,1672.8695282288368,1672.8968601427546,1673.8801769783336,1673.8968347689038,1674.8801838207205,1674.8801838207205,1675.2301947115188,1675.1137153361838,1675.1137230338686,1675.2301947115188,1675.2301947115188,1675.2301947115188,1675.2301947115188,1675.2301947115188,1675.2301947115188,0.1107474509253734,1677.2316903432252,[-326.0],[177.0],[1],[0],[0],[1.999983464232173],1677.2326822042064,1677.2357800948123,,,,,,,,,,,,,,ED10,1,2024-01-19_13h45.25.498,rating,2023.2.3,60.03145725119949,2024-01-19 13h45.38.520787 +0800,
neg_22.jpg,0.0,157.0,157.0,107.0,827.1890200789844,,,,,,,,,,,,,,,,,,,,,,,827.1604457016697,,827.16047649241,827.1604833347969,827.1890200789844,828.1723377698613,828.189009815404,829.1723448973466,829.1723448973466,829.4723969565061,829.4058995058654,829.405908058849,829.4723969565061,829.4723969565061,829.4723969565061,829.4723969565061,829.4723969565061,829.4723969565061,0.0619709266993595,830.8064676520466,[-324.0],[-320.0],[1],[0],[0],[1.3333531002290329],830.8071943705404,830.8103176349973,,,,,,,,,,,,,,ED10,1,2024-01-19_13h45.25.498,rating,2023.2.3,60.03145725119949,2024-01-19 13h45.38.520787 +0800,
neg_23.jpg,0.0,253.0,253.0,108.0,1304.2934172247965,,,,,,,,,,,,,,,,,,,,,,,1304.2652186085547,,1304.2652482588978,1304.2652551012848,1304.2934172247965,1305.2767588640268,1305.2934263479788,1306.2767691276072,1306.2767691276072,1306.5934789773369,1306.51030605996,1306.5103143278443,1306.5934789773369,1306.5934789773369,1306.5934789773369,1306.5934789773369,1306.5934789773369,1306.5934789773369,0.0782848873341208,1310.2612175228965,[-172.0],[-321.0],[1],[0],[0],[3.6666411977821554],1310.2620745318386,1310.265032153516,,,,,,,,,,,,,,ED10,1,2024-01-19_13h45.25.498,rating,2023.2.3,60.03145725119949,2024-01-19 13h45.38.520787 +0800,
neg_24.jpg,0.0,159.0,159.0,109.0,834.4890610192647,,,,,,,,,,,,,,,,,,,,,,,834.460380584956,,834.4604076694036,834.460413941591,834.4890610192647,835.472447989308,835.48906330006,836.4724402916222,836.4724402916222,836.7724324798978,836.7059666752953,836.7059749431796,836.7724324798978,836.7724324798978,836.7724324798978,836.7724324798978,836.7724324798978,836.7724324798978,0.0620775538918678,837.3064938811954,[-314.0],[-315.0],[1],[0],[0],[0.533365188445714],837.3072120467064,837.3103538426271,,,,,,,,,,,,,,ED10,1,2024-01-19_13h45.25.498,rating,2023.2.3,60.03145725119949,2024-01-19 13h45.38.520787 +0800,
neg_25.jpg,0.0,158.0,158.0,110.0,830.8389447557097,,,,,,,,,,,,,,,,,,,,,,,830.8105385870699,,830.8105685225123,830.8105753648983,830.8389447557097,831.8223713545763,831.8390354173339,832.8223801926592,832.8223801926592,833.1224006057796,833.055963311122,833.0559712939071,833.1224006057796,833.1224006057796,833.1224006057796,833.1224006057796,833.1224006057796,833.1224006057796,0.0618862521623668,834.4564316724959,[-311.0],[-295.0],[1],[0],[0],[1.3333565214225018],834.457107643288,834.4601784494466,,,,,,,,,,,,,,ED10,1,2024-01-19_13h45.25.498,rating,2023.2.3,60.03145725119949,2024-01-19 13h45.38.520787 +0800,
neg_26.jpg,0.0,248.0,248.0,111.0,1283.3932388095614,,,,,,,,,,,,,,,,,,,,,,,1283.3486315796677,,1283.3486612300098,1283.3486680723968,1283.3932388095614,1284.3598998502662,1284.3932536347324,1285.3599049820557,1285.3599049820557,1285.6765794794542,1285.5934353571215,1285.5934433399057,1285.6765794794542,1285.6765794794542,1285.6765794794542,1285.6765794794542,1285.6765794794542,1285.6765794794542,0.0779709928410739,1287.8443385521737,[-294.0],[-279.0],[1],[0],[0],[2.1666796862082265],1287.8451909995242,1287.8482546781966,,,,,,,,,,,,,,ED10,1,2024-01-19_13h45.25.498,rating,2023.2.3,60.03145725119949,2024-01-19 13h45.38.520787 +0800,
neg_27.jpg,0.0,207.0,207.0,112.0,1085.2413885711617,,,,,,,,,,,,,,,,,,,,,,,1085.212977555831,,1085.21300891677,1085.2130157591569,1085.2413885711617,1086.224725363701,1086.2414130897137,1087.2247413292705,1087.2247413292705,1087.5414092693811,1087.4582902358002,1087.4582982185843,1087.5414092693811,1087.5414092693811,1087.5414092693811,1087.5414092693811,1087.5414092693811,1087.5414092693811,0.0784530960090705,1089.0090815578292,[-317.0],[-322.0],[1],[0],[0],[1.4668289642795571],1089.0098701429029,1089.0129629017197,,,,,,,,,,,,,,ED10,1,2024-01-19_13h45.25.498,rating,2023.2.3,60.03145725119949,2024-01-19 13h45.38.520787 +0800,
neg_28.jpg,0.0,80.0,80.0,113.0,438.5687286389239,,,,,,,,,,,,,,,,,,,,,,,438.53978876411657,,438.5398158485641,438.539822120752,438.5687286389239,439.5520634357677,439.568724362432,440.5520708483532,440.5520708483532,440.8187466001891,440.7856206101815,440.7856283078663,440.8187466001891,440.8187466001891,440.8187466001891,440.8187466001891,440.8187466001891,440.8187466001891,0.0289772228347828,441.98588501140966,[-338.0],[-300.0],[1],[0],[0],[1.1667144683410697],441.9863865013394,441.9895237356696,,,,,,,,,,,,,,ED10,1,2024-01-19_13h45.25.498,rating,2023.2.3,60.03145725119949,2024-01-19 13h45.38.520787 +0800,
neg_29.jpg,0.0,264.0,264.0,114.0,1353.9105440609796,,,,,,,,,,,,,,,,,,,,,,,1353.882601464043,,1353.882631969684,1353.88263881207,1353.9105440609796,1354.8938854151106,1354.910558315952,1355.893895678691,1355.893895678691,1356.2272342388474,1356.1274440150214,1356.1274522829058,1356.2272342388474,1356.2272342388474,1356.2272342388474,1356.2272342388474,1356.2272342388474,1356.2272342388474,0.0946567231576409,1357.478362092265,[-314.0],[256.0],[1],[0],[0],[1.2500316460382237],1357.4792513174448,1357.482363748123,,,,,,,,,,,,,,ED10,1,2024-01-19_13h45.25.498,rating,2023.2.3,60.03145725119949,2024-01-19 13h45.38.520787 +0800,
neg_3.jpg,0.0,54.0,54.0,115.0,317.0175658323137,,,,,,,,,,,,,,,,,,,,,,,316.9885427084678,,316.9885737843074,316.9885806266944,317.0175658323137,318.0009308496992,318.0175974783524,319.00093056459946,319.00093056459946,319.2676085972307,319.23447747543287,319.2344854582175,319.2676085972307,319.2676085972307,319.2676085972307,319.2676085972307,319.2676085972307,319.2676085972307,0.0290824245312251,321.30147042891485,[-329.0],[-302.0],[1],[0],[0],[2.0334894918041755],321.30192544763486,321.30499026670486,,,,,,,,,,,,,,ED10,1,2024-01-19_13h45.25.498,rating,2023.2.3,60.03145725119949,2024-01-19 13h45.38.520787 +0800,
neg_30.jpg,0.0,35.0,35.0,116.0,229.2001383872721,,,,,,,,,,,,,,,,,,,,,,,229.1710630902271,,229.17109302566905,229.1711007233544,229.2001383872721,230.18345237185625,230.20013496607908,231.183454652652,231.183454652652,231.45012270680263,231.4169853128169,231.4169935807008,231.45012270680263,231.45012270680263,231.45012270680263,231.45012270680263,231.45012270680263,231.45012270680263,0.0290767225424133,232.6838167289516,[-331.0],[293.0],[1],[0],[0],[1.2333373627388937],232.68426062879237,232.6873385624372,,,,,,,,,,,,,,ED10,1,2024-01-19_13h45.25.498,rating,2023.2.3,60.03145725119949,2024-01-19 13h45.38.520787 +0800,
neg_31.jpg,0.0,90.0,90.0,117.0,484.1524780273853,,,,,,,,,,,,,,,,,,,,,,,484.1365925712207,484.1524780273853,485.1360736902248,485.13608167300936,485.16917886797273,486.1358456106659,486.1691620471052,487.13583563218526,487.13583563218526,487.41917288088416,487.3693873897091,487.3693956575935,487.41917288088416,487.41917288088416,487.41917288088416,487.41917288088416,487.41917288088416,487.41917288088416,0.0327704709957288,492.0697071002305,[-268.0],[116.0],[1],[0],[0],[4.650077775129375],492.0702550613705,492.0733703430433,,,,,,485.16917886797273,,,,,,,,ED10,1,2024-01-19_13h45.25.498,rating,2023.2.3,60.03145725119949,2024-01-19 13h45.38.520787 +0800,
neg_32.jpg,0.0,239.0,239.0,118.0,1241.3761719012823,,,,,,,,,,,,,,,,,,,,,,,1241.3313234772554,,1241.3313539828964,1241.3313608252834,1241.3761719012823,1242.3428511883517,1242.376173611879,1243.342853469147,1243.342853469147,1243.6595305324404,1243.5763844144117,1243.5763923971958,1243.6595305324404,1243.6595305324404,1243.6595305324404,1243.6595305324404,1243.6595305324404,1243.6595305324404,0.0782284376437019,1245.5772639462098,[-330.0],[281.0],[1],[0],[0],[1.9167335700039985],1245.5780736286429,1247.7767312093806,space,1245.592872285711,1245.592872285711,2.1824796125383727,,,,,,,,,,ED10,1,2024-01-19_13h45.25.498,rating,2023.2.3,60.03145725119949,2024-01-19 13h45.38.520787 +0800,
neg_33.jpg,0.0,331.0,331.0,119.0,1663.780098804065,,,,,,,,,,,,,,,,,,,,,,,1663.752479509903,,1663.7525111559412,1663.752517998328,1663.780098804065,1664.7634293244168,1664.780089110684,1665.763428469119,1665.763428469119,1666.1134413556133,1665.9970475101122,1665.9970557779966,1666.1134413556133,1666.1134413556133,1666.1134413556133,1666.1134413556133,1666.1134413556133,1666.1134413556133,0.1109892152580869,1666.681487181359,[-271.0],[215.0],[1],[0],[0],[0.5665712913978496],1666.6825688486656,1666.6856707306647,,,,,,,,,,,,,,ED10,1,2024-01-19_13h45.25.498,rating,2023.2.3,60.03145725119949,2024-01-19 13h45.38.520787 +0800,
neg_34.jpg,0.0,168.0,168.0,120.0,867.6060364676409,,,,,,,,,,,,,,,,,,,,,,,867.5774977277574,,867.5775276631998,867.5775345055858,867.6060364676409,868.5893795323686,868.6060501524139,869.5893858045561,869.5893858045561,869.8893805587263,869.8229181753181,869.8229270134011,869.8893805587263,869.8893805587263,869.8893805587263,869.8893805587263,869.8893805587263,869.8893805587263,0.0619036432290158,871.7568361145736,[-341.0],[43.0],[1],[0],[0],[1.8667094505908608],871.7575021068847,871.7605509603859,,,,,,,,,,,,,,ED10,1,2024-01-19_13h45.25.498,rating,2023.2.3,60.03145725119949,2024-01-19 13h45.38.520787 +0800,
neg_35.jpg,0.0,133.0,133.0,121.0,723.4380632852353,,,,,,,,,,,,,,,,,,,,,,,723.4093868423183,,723.4094167777603,723.4094236201472,723.4380632852353,724.4213747039244,724.4380410474782,725.4213812612115,725.4213812612115,725.7047205056069,725.6549136319732,725.6549216147578,725.7047205056069,725.7047205056069,725.7047205056069,725.7047205056069,725.7047205056069,725.7047205056069,0.045353620249898,728.0553631767834,[-178.0],[64.0],[1],[0],[0],[2.3500391156439946],728.0559653068185,728.0590691845127,,,,,,,,,,,,,,ED10,1,2024-01-19_13h45.25.498,rating,2023.2.3,60.03145725119949,2024-01-19 13h45.38.520787 +0800,
neg_36.jpg,0.0,151.0,151.0,122.0,804.0388028902244,,,,,,,,,,,,,,,,,,,,,,,804.0100206754119,,804.0100517512519,804.0100583085391,804.0388028902244,805.0221393976649,805.038791201147,806.0221567887311,806.0221567887311,806.322150687603,806.2556652111389,806.2556737641225,806.322150687603,806.322150687603,806.322150687603,806.322150687603,806.322150687603,806.322150687603,0.0621496840531108,808.8395317754739,[-314.0],[-46.0],[1],[0],[0],[2.5167404694102515],808.8401926359952,808.8432833991151,,,,,,,,,,,,,,ED10,1,2024-01-19_13h45.25.498,rating,2023.2.3,60.03145725119949,2024-01-19 13h45.38.520787 +0800,
neg_37.jpg,0.0,209.0,209.0,123.0,1092.5748163674457,,,,,,,,,,,,,,,,,,,,,,,1092.546478052474,,1092.5465079879164,1092.5465148303033,1092.5748163674457,1093.5581292116317,1093.574878519125,1094.558135768919,1094.558135768919,1094.8748122620132,1094.7917017814157,1094.7917097641998,1094.8748122620132,1094.8748122620132,1094.8748122620132,1094.8748122620132,1094.8748122620132,1094.8748122620132,0.0783624343848714,1097.8258110794209,[-334.0],[-203.0],[1],[0],[0],[2.950098473349499],1097.8266467059043,1107.3419306022329,space,1097.8415040934583,1097.8415040934583,9.483606781717754,,,,,,,,,,ED10,1,2024-01-19_13h45.25.498,rating,2023.2.3,60.03145725119949,2024-01-19 13h45.38.520787 +0800,
neg_38.jpg,0.0,86.0,86.0,124.0,465.00229590585786,,,,,,,,,,,,,,,,,,,,,,,464.9731638740227,,464.9731938094647,464.9732009369509,465.00229590585786,465.9856523702597,466.0023055992392,466.9856475235693,466.9856475235693,467.26899304015205,467.2191898728115,467.2191981406954,467.26899304015205,467.26899304015205,467.26899304015205,467.26899304015205,467.26899304015205,467.26899304015205,0.045847982692976,469.23625136420105,[-283.0],[116.0],[1],[0],[0],[1.9668107179149956],469.2368851402748,469.2399633590189,,,,,,,,,,,,,,ED10,1,2024-01-19_13h45.25.498,rating,2023.2.3,60.03145725119949,2024-01-19 13h45.38.520787 +0800,
neg_39.jpg,0.0,114.0,114.0,125.0,615.2703831850627,,,,,,,,,,,,,,,,,,,,,,,615.2416257739023,,615.241655994444,615.2416628368305,615.2703831850627,616.2537231136967,616.2703680747918,617.2537393643652,617.2537393643652,617.5370469627214,617.4872378082923,617.4872460761762,617.5370469627214,617.5370469627214,617.5370469627214,617.5370469627214,617.5370469627214,617.5370469627214,0.0454388649850443,621.6377820061193,[-174.0],[-193.0],[1],[0],[0],[4.10016199350639],621.6384086547068,621.6414614996002,,,,,,,,,,,,,,ED10,1,2024-01-19_13h45.25.498,rating,2023.2.3,60.03145725119949,2024-01-19 13h45.38.520787 +0800,
neg_4.jpg,0.0,95.0,95.0,126.0,513.3027613592171,,,,,,,,,,,,,,,,,,,,,,,513.2738853466867,,513.273912146035,513.2739181331231,513.3027613592171,514.2860927348679,514.3027619294162,515.28609672626,515.28609672626,515.5694399620475,515.5196367947069,515.5196450625908,515.5694399620475,515.5694399620475,515.5694399620475,515.5694399620475,515.5694399620475,515.5694399620475,0.0455802743113054,522.4701036165434,[-296.0],[65.0],[1],[0],[0],[6.9001932404062245],522.4706621263631,522.4737389196098,,,,,,,,,,,,,,ED10,1,2024-01-19_13h45.25.498,rating,2023.2.3,60.03145725119949,2024-01-19 13h45.38.520787 +0800,
neg_40.jpg,0.0,305.0,305.0,127.0,1559.4457840633972,,,,,,,,,,,,,,,,,,,,,,,1559.4184219289368,,1559.4184518643792,1559.4184587067662,1559.4457840633972,1560.4291254175282,1560.4457843484963,1561.4291345407105,1561.4291345407105,1561.7624739561656,1561.6626723283612,1561.6626805962455,1561.7624739561656,1561.7624739561656,1561.7624739561656,1561.7624739561656,1561.7624739561656,1561.7624739561656,0.0940808222721898,1562.663801607277,[-345.0],[296.0],[1],[0],[0],[0.9000090661620561],1562.6647660987103,1562.667944387361,,,,,,,,,,,,,,ED10,1,2024-01-19_13h45.25.498,rating,2023.2.3,60.03145725119949,2024-01-19 13h45.38.520787 +0800,
neg_41.jpg,0.0,60.0,60.0,128.0,344.2011935403307,,,,,,,,,,,,,,,,,,,,,,,344.18533402821595,344.2011935403307,345.1847142220149,345.1847222047995,345.21784876500624,346.1845280520752,346.21785959878525,347.1845351795614,347.1845351795614,347.4512066549055,347.4180646993286,347.4180723970135,347.4512066549055,347.4512066549055,347.4512066549055,347.4512066549055,347.4512066549055,347.4512066549055,0.0160793237896541,350.718543552362,[-302.0],[96.0],[1],[0],[0],[3.2668587856815066],350.7190675651482,350.722168591848,,,,,,345.21784876500624,,,,,,,,ED10,1,2024-01-19_13h45.25.498,rating,2023.2.3,60.03145725119949,2024-01-19 13h45.38.520787 +0800,
neg_42.jpg,0.0,45.0,45.0,129.0,280.1005950595686,,,,,,,,,,,,,,,,,,,,,,,280.0713843402855,,280.07142596480526,280.0714319518934,280.1005950595686,281.0839230140259,281.1005893575798,282.0839287160147,282.0839287160147,282.3505924936735,282.31754975270496,282.31755916098655,282.3505924936735,282.3505924936735,282.3505924936735,282.3505924936735,282.3505924936735,282.3505924936735,0.0292132851777751,283.617662823146,[-240.0],[233.0],[1],[0],[0],[1.2667213677473228],283.61813181173875,283.6212875775327,,,,,,,,,,,,,,ED10,1,2024-01-19_13h45.25.498,rating,2023.2.3,60.03145725119949,2024-01-19 13h45.38.520787 +0800,
neg_43.jpg,0.0,211.0,211.0,130.0,1113.7083210265405,,,,,,,,,,,,,,,,,,,,,,,1113.680067671205,,1113.6800984619454,1113.6801053043323,1113.7083210265405,1114.6916603849754,1114.708325588132,1115.6916675124617,1115.6916675124617,1116.0083402992636,1115.9252192699855,1115.9252272527706,1116.0083402992636,1116.0083402992636,1116.0083402992636,1116.0083402992636,1116.0083402992636,1116.0083402992636,0.0782968615112622,1116.9259400013912,[-313.0],[230.0],[1],[0],[0],[0.9166397722856345],1116.9267685003883,1116.9299000327296,,,,,,,,,,,,,,ED10,1,2024-01-19_13h45.25.498,rating,2023.2.3,60.03145725119949,2024-01-19 13h45.38.520787 +0800,
neg_44.jpg,0.0,181.0,181.0,131.0,944.2067498434805,,,,,,,,,,,,,,,,,,,,,,,944.1783419642438,,944.1783721847856,944.1783790271724,944.2067498434805,945.1900886317168,945.2067541199716,946.1901222734518,946.1901222734518,946.4901027726496,946.4236275597656,946.4236355425496,946.4901027726496,946.4901027726496,946.4901027726496,946.4901027726496,946.4901027726496,946.4901027726496,0.0617873226537994,947.8908739096372,[-301.0],[242.0],[1],[0],[0],[1.400018474443641],947.8915863731586,947.8946680130962,,,,,,,,,,,,,,ED10,1,2024-01-19_13h45.25.498,rating,2023.2.3,60.03145725119949,2024-01-19 13h45.38.520787 +0800,
neg_45.jpg,0.0,142.0,142.0,132.0,757.9383754691312,,,,,,,,,,,,,,,,,,,,,,,757.9097075791979,,757.9097372295405,757.909744071927,757.9383754691312,758.9216923047097,758.938359503562,759.9217045639862,759.9217045639862,760.2049859331933,760.1553230347808,760.1553332983613,760.2049859331933,760.2049859331933,760.2049859331933,760.2049859331933,760.2049859331933,760.2049859331933,0.0453008768517975,760.9557357447425,[-326.0],[244.0],[1],[0],[0],[0.7500641473757241],760.9563549807444,760.9594574329417,,,,,,,,,,,,,,ED10,1,2024-01-19_13h45.25.498,rating,2023.2.3,60.03145725119949,2024-01-19 13h45.38.520787 +0800,
neg_46.jpg,0.0,127.0,127.0,133.0,689.0043805530245,,,,,,,,,,,,,,,,,,,,,,,688.9589927208408,,688.9590226562832,688.959029783769,689.0043805530245,689.9710547083032,690.0043876805107,690.9710815076514,690.9710815076514,691.2544005099858,691.2046594943249,691.2046677622088,691.2544005099858,691.2544005099858,691.2544005099858,691.2544005099858,691.2544005099858,691.2544005099858,0.0454288865043963,693.5051782612809,[-330.0],[271.0],[1],[0],[0],[2.250128009652599],693.5057929356917,693.5088574696624,,,,,,,,,,,,,,ED10,1,2024-01-19_13h45.25.498,rating,2023.2.3,60.03145725119949,2024-01-19 13h45.38.520787 +0800,
neg_47.jpg,0.0,370.0,370.0,134.0,1826.8815996245808,,,,,,,,,,,,,,,,,,,,,,,1826.8379018619275,,1826.83793179737,1826.837938924856,1826.8815996245808,1827.848272924561,1827.8816053265696,1828.848277771252,1828.848277771252,1829.2149564311023,1829.081829528776,1829.081837511561,1829.2149564311023,1829.2149564311023,1829.2149564311023,1829.2149564311023,1829.2149564311023,1829.2149564311023,0.1270830791199841,1830.0333415251912,[-296.0],[320.0],[1],[0],[0],[0.8161889730381517],1830.0345112882276,1830.0376208679115,,,,,,,,,,,,,,ED10,1,2024-01-19_13h45.25.498,rating,2023.2.3,60.03145725119949,2024-01-19 13h45.38.520787 +0800,
neg_48.jpg,0.0,148.0,148.0,135.0,785.5719419948068,,,,,,,,,,,,,,,,,,,,,,,785.5433938466417,,785.5434200757909,785.5434260628795,785.5719419948068,786.5553167055732,786.5719471265966,787.5553078674902,787.5553078674902,787.8553077534507,787.7888690332961,787.7888784415782,787.8553077534507,787.8553077534507,787.8553077534507,787.8553077534507,787.8553077534507,787.8553077534507,0.0619407061572019,789.5560066462385,[-288.0],[154.0],[1],[0],[0],[1.700038602465611],789.5566352905221,789.55973745762,,,,,,,,,,,,,,ED10,1,2024-01-19_13h45.25.498,rating,2023.2.3,60.03145725119949,2024-01-19 13h45.38.520787 +0800,
neg_49.jpg,0.0,234.0,234.0,136.0,1216.7092798159852,,,,,,,,,,,,,,,,,,,,,,,1216.6644205581792,,1216.6644502085214,1216.6644570509084,1216.7092798159852,1217.6759787749163,1217.7092900795656,1218.6759559669604,1218.6759559669604,1218.9926270431656,1218.909488907921,1218.9094971758043,1218.9926270431656,1218.9926270431656,1218.9926270431656,1218.9926270431656,1218.9926270431656,1218.9926270431656,0.0782310035383488,1221.7436650902569,[-347.0],[113.0],[1],[0],[0],[2.750064147376179],1221.7444887425631,1221.7475749440923,,,,,,,,,,,,,,ED10,1,2024-01-19_13h45.25.498,rating,2023.2.3,60.03145725119949,2024-01-19 13h45.38.520787 +0800,
neg_5.jpg,0.0,380.0,380.0,137.0,1870.531997566391,,,,,,,,,,,,,,,,,,,,,,,1870.5047888154345,,1870.504818750877,1870.504825308164,1870.531997566391,1871.5153905235225,1871.5320109660656,1872.515362583776,1872.515362583776,1872.882046090317,1872.7489015118256,1872.74890949461,1872.882046090317,1872.882046090317,1872.882046090317,1872.882046090317,1872.882046090317,1872.882046090317,0.1273060268886183,1873.933907390576,[-323.0],[-327.0],[1],[0],[0],[1.050135878396759],1873.9350261208117,1873.9381223008209,,,,,,,,,,,,,,ED10,1,2024-01-19_13h45.25.498,rating,2023.2.3,60.03145725119949,2024-01-19 13h45.38.520787 +0800,
neg_50.jpg,0.0,112.0,112.0,138.0,604.7702677197858,,,,,,,,,,,,,,,,,,,,,,,604.7415051768357,,604.7415351122777,604.7415419546646,604.7702677197858,605.753580278873,605.7702711409793,606.75361278021,606.75361278021,607.0369491736105,606.9871514231595,606.9871594059441,607.0369491736105,607.0369491736105,607.0369491736105,607.0369491736105,607.0369491736105,607.0369491736105,0.0454616729407462,607.9875166355528,[-290.0],[254.0],[1],[0],[0],[0.9500528574376403],607.9881224718806,607.9912038267189,,,,,,,,,,,,,,ED10,1,2024-01-19_13h45.25.498,rating,2023.2.3,60.03145725119949,2024-01-19 13h45.38.520787 +0800,
neg_51.jpg,0.0,170.0,170.0,139.0,877.1061165805854,,,,,,,,,,,,,,,,,,,,,,,877.0776040698515,,877.0776337201946,877.0776405625807,877.1061165805854,878.0894881552581,878.1061268441658,879.0894730449877,879.0894730449877,879.3894792031356,879.323039912782,879.323047895567,879.3894792031356,879.3894792031356,879.3894792031356,879.3894792031356,879.3894792031356,879.3894792031356,0.0618962306434696,881.7902614590025,[-298.0],[41.0],[1],[0],[0],[2.4000578181676246],881.7909368595951,881.7938998981622,,,,,,,,,,,,,,ED10,1,2024-01-19_13h45.25.498,rating,2023.2.3,60.03145725119949,2024-01-19 13h45.38.520787 +0800,
neg_52.jpg,0.0,75.0,75.0,140.0,413.4518241803107,,,,,,,,,,,,,,,,,,,,,,,413.4227229392159,,413.4227500236634,413.4227562958513,413.4518241803107,414.4351604026515,414.4518233250124,415.43516924073447,415.43516924073447,415.7018609581396,415.6687147260709,415.66872242375575,415.7018609581396,415.7018609581396,415.7018609581396,415.7018609581396,415.7018609581396,415.7018609581396,0.0291582609843317,416.70240378748895,[-314.0],[272.0],[1],[0],[0],[1.0001166056745205],416.7029283704742,416.7059675305941,,,,,,,,,,,,,,ED10,1,2024-01-19_13h45.25.498,rating,2023.2.3,60.03145725119949,2024-01-19 13h45.38.520787 +0800,
neg_53.jpg,0.0,94.0,94.0,141.0,507.10268940011656,,,,,,,,,,,,,,,,,,,,,,,507.0738208001717,,507.0738507356136,507.0738572929008,507.10268940011656,508.08603075424753,508.1026968127021,509.0860398774303,509.0860398774303,509.36937798142753,509.3195973369429,509.3196050346282,509.36937798142753,509.36937798142753,509.36937798142753,509.36937798142753,509.36937798142753,509.36937798142753,0.0455742872231894,513.2700322276419,[-343.0],[61.0],[1],[0],[0],[3.900161309267787],513.2705707804998,513.2736538459344,,,,,,,,,,,,,,ED10,1,2024-01-19_13h45.25.498,rating,2023.2.3,60.03145725119949,2024-01-19 13h45.38.520787 +0800,
neg_54.jpg,0.0,278.0,278.0,142.0,1420.5611655207572,,,,,,,,,,,,,,,,,,,,,,,1420.533314725843,,1420.5333443761851,1420.533351218572,1420.5611655207572,1421.5445025983968,1421.5611689419509,1422.5445502100042,1422.5445502100042,1422.8778517072328,1422.7780455178377,1422.778067470495,1422.8778517072328,1422.8778517072328,1422.8778517072328,1422.8778517072328,1422.8778517072328,1422.8778517072328,0.0945640658374031,1425.4792034207371,[-71.0],[-253.0],[1],[0],[0],[2.6001411812467268],1425.48018900953,1425.4832772067552,,,,,,,,,,,,,,ED10,1,2024-01-19_13h45.25.498,rating,2023.2.3,60.03145725119949,2024-01-19 13h45.38.520787 +0800,
neg_55.jpg,0.0,377.0,377.0,143.0,1856.381892991914,,,,,,,,,,,,,,,,,,,,,,,1856.35467226678,,1856.354702487322,1856.3547093297088,1856.381892991914,1857.3652152443813,1857.3818790220407,1858.3652235122656,1858.3652235122656,1858.7318956148288,1858.5987587340217,1858.598766716806,1858.7318956148288,1858.7318956148288,1858.7318956148288,1858.7318956148288,1858.7318956148288,1858.7318956148288,0.1272521430928463,1859.666964215458,[-354.0],[247.0],[1],[0],[0],[0.9333788161984558],1859.668073537412,1859.671153751852,,,,,,,,,,,,,,ED10,1,2024-01-19_13h45.25.498,rating,2023.2.3,60.03145725119949,2024-01-19 13h45.38.520787 +0800,
neg_56.jpg,0.0,71.0,71.0,144.0,395.6183202624738,,,,,,,,,,,,,,,,,,,,,,,395.5892107534951,,395.5892401187384,395.5892466760256,395.6183202624738,396.6016693142901,396.6183268197615,397.6016747311796,397.6016747311796,397.8683396492365,397.8352296247977,397.83523732248295,397.8683396492365,397.8683396492365,397.8683396492365,397.8683396492365,397.8683396492365,397.8683396492365,0.029149708001114,399.4354777183376,[-303.0],[259.0],[1],[0],[0],[1.5667309470891269],399.4359931781405,399.4390229299784,,,,,,,,,,,,,,ED10,1,2024-01-19_13h45.25.498,rating,2023.2.3,60.03145725119949,2024-01-19 13h45.38.520787 +0800,
neg_57.jpg,0.0,279.0,279.0,145.0,1425.5112232248853,,,,,,,,,,,,,,,,,,,,,,,1425.4835004396232,,1425.4835312303635,1425.4835377876511,1425.5112232248853,1426.4945620131216,1426.511240615952,1427.4945571664307,1427.4945571664307,1427.8279059901674,1427.728130021314,1427.7281394295956,1427.8279059901674,1427.8279059901674,1427.8279059901674,1427.8279059901674,1427.8279059901674,1427.8279059901674,0.0944314945936639,1429.029254909698,[-269.0],[302.0],[1],[0],[0],[1.200116149515452],1429.0302191160322,1429.0333446612844,,,,,,,,,,,,,,ED10,1,2024-01-19_13h45.25.498,rating,2023.2.3,60.03145725119949,2024-01-19 13h45.38.520787 +0800,
neg_58.jpg,0.0,208.0,208.0,146.0,1089.0581143864606,,,,,,,,,,,,,,,,,,,,,,,1089.013187560085,,1089.0132174955263,1089.0132243379137,1089.0581143864606,1090.02478283975,1090.058112675864,1091.0247805589547,1091.0247805589547,1091.341444792773,1091.2585247586062,1091.2585327413913,1091.341444792773,1091.341444792773,1091.341444792773,1091.341444792773,1091.341444792773,1091.341444792773,0.0782800406432215,1092.542331566097,[-319.0],[241.0],[1],[0],[0],[1.1999969779462845],1092.5431597799948,1092.5462522537114,,,,,,,,,,,,,,ED10,1,2024-01-19_13h45.25.498,rating,2023.2.3,60.03145725119949,2024-01-19 13h45.38.520787 +0800,
neg_59.jpg,0.0,92.0,92.0,147.0,497.9192715252934,,,,,,,,,,,,,,,,,,,,,,,497.8736071466451,,497.87363423109264,497.8736405032805,497.9192715252934,498.8859473911689,498.91929005675775,499.8859542335558,499.8859542335558,500.1692920524538,500.1194962976988,500.1195042804829,500.1692920524538,500.1692920524538,500.1692920524538,500.1692920524538,500.1692920524538,500.1692920524538,0.0457077137648411,503.26998604153096,[-323.0],[106.0],[1],[0],[0],[3.10020874981592],503.2705630828145,503.2736632542165,,,,,,,,,,,,,,ED10,1,2024-01-19_13h45.25.498,rating,2023.2.3,60.03145725119949,2024-01-19 13h45.38.520787 +0800,
neg_6.jpg,0.0,34.0,34.0,148.0,223.76672165284708,,,,,,,,,,,,,,,,,,,,,,,223.72105100201043,,223.72108122255213,223.7210877798393,223.76672165284708,224.7333903912363,224.76674759689692,225.73341376939103,225.73341376939103,226.0000815384424,225.96694100836248,225.9669487060478,226.0000815384424,226.0000815384424,226.0000815384424,226.0000815384424,226.0000815384424,226.0000815384424,0.0290482125974449,229.16723078344197,[-245.0],[91.0],[1],[0],[0],[3.1668054150650278],229.1676458882389,229.17083814676243,,,,,,,,,,,,,,ED10,1,2024-01-19_13h45.25.498,rating,2023.2.3,60.03145725119949,2024-01-19 13h45.38.520787 +0800,
neg_60.jpg,0.0,263.0,263.0,149.0,1350.0771875395571,,,,,,,,,,,,,,,,,,,,,,,1350.0325919987413,,1350.0326219341828,1350.0326287765697,1350.0771875395571,1351.043848580262,1351.0771772759776,1352.0438568481454,1352.0438568481454,1352.377195693402,1352.2773949208963,1352.2774029036805,1352.377195693402,1352.377195693402,1352.377195693402,1352.377195693402,1352.377195693402,1352.377195693402,0.0946296387101028,1353.8783765753174,[-261.0],[229.0],[1],[0],[0],[1.5000521731990375],1353.8792609538064,1353.882377090777,,,,,,,,,,,,,,ED10,1,2024-01-19_13h45.25.498,rating,2023.2.3,60.03145725119949,2024-01-19 13h45.38.520787 +0800,
neg_61.jpg,0.0,191.0,191.0,150.0,1006.7073274549624,,,,,,,,,,,,,,,,,,,,,,,1006.679019930732,,1006.6790501512736,1006.6790569936608,1006.7073274549624,1007.6906839193648,1007.7073314463556,1008.690677076978,1008.690677076978,1008.9906820947284,1008.9242316854966,1008.924239953381,1008.9906820947284,1008.9906820947284,1008.9906820947284,1008.9906820947284,1008.9906820947284,1008.9906820947284,0.0617200391843653,1011.791529866448,[-60.0],[252.0],[1],[0],[0],[2.8000167068275914],1011.7923446806712,1011.795397810664,,,,,,,,,,,,,,ED10,1,2024-01-19_13h45.25.498,rating,2023.2.3,60.03145725119949,2024-01-19 13h45.38.520787 +0800,
neg_62.jpg,0.0,140.0,140.0,151.0,751.7049654060329,,,,,,,,,,,,,,,,,,,,,,,751.6596631036837,,751.6596933242254,751.6597001666123,751.7049654060329,752.6716310083284,752.70498764379,753.6716444080025,753.6716444080025,753.9549922053811,753.9051927443329,753.9052010122173,753.9549922053811,753.9549922053811,753.9549922053811,753.9549922053811,753.9549922053811,753.9549922053811,0.0453519096531636,754.8056901858508,[-289.0],[301.0],[1],[0],[0],[0.8500317030589031],754.8063735692285,754.8094694641386,,,,,,,,,,,,,,ED10,1,2024-01-19_13h45.25.498,rating,2023.2.3,60.03145725119949,2024-01-19 13h45.38.520787 +0800,
neg_63.jpg,0.0,316.0,316.0,152.0,1598.346148078373,,,,,,,,,,,,,,,,,,,,,,,1598.3185367669953,,1598.3185667024368,1598.3185732597244,1598.346148078373,1599.329488292106,1599.3461506442677,1600.3294977003875,1600.3294977003875,1600.6794997531038,1600.5631307112549,1600.5631392642383,1600.6794997531038,1600.6794997531038,1600.6794997531038,1600.6794997531038,1600.6794997531038,1600.6794997531038,0.1109883599601744,1601.581018420845,[-353.0],[-312.0],[1],[0],[0],[0.9001322291242104],1601.58201370302,1601.5851740304056,,,,,,,,,,,,,,ED10,1,2024-01-19_13h45.25.498,rating,2023.2.3,60.03145725119949,2024-01-19 13h45.38.520787 +0800,
neg_64.jpg,0.0,187.0,187.0,153.0,979.7737453628574,,,,,,,,,,,,,,,,,,,,,,,979.7452739064444,,979.7453038418856,979.7453106842728,979.7737453628574,980.7570984060662,980.7737507797468,981.7570924189772,981.7570924189772,982.0570786201648,981.9907126003696,981.9907205831536,982.0570786201648,982.0570786201648,982.0570786201648,982.0570786201648,982.0570786201648,982.0570786201648,0.0618397809521411,987.991312164509,[-58.0],[289.0],[1],[0],[0],[5.933377960900543],987.9920474359864,987.995166423952,,,,,,,,,,,,,,ED10,1,2024-01-19_13h45.25.498,rating,2023.2.3,60.03145725119949,2024-01-19 13h45.38.520787 +0800,
neg_65.jpg,0.0,19.0,19.0,154.0,134.49923393778226,,,,,,,,,,,,,,,,,,,,,,,134.4700585708306,,134.4700862254772,134.47009249766506,134.49923393778226,135.48256303263724,135.49922681029602,136.48262318862044,136.48262318862044,136.73254963296313,136.71622654914472,136.71623595742676,136.73254963296313,136.73254963296313,136.73254963296313,136.73254963296313,136.73254963296313,136.73254963296313,0.0125113041931399,140.34959521580322,[-282.0],[260.0],[1],[0],[0],[3.6167482241153266],140.35001260139552,140.353088254245,,,,,,,,,,,,,,ED10,1,2024-01-19_13h45.25.498,rating,2023.2.3,60.03145725119949,2024-01-19 13h45.38.520787 +0800,
neg_66.jpg,0.0,259.0,259.0,155.0,1334.577029024264,,,,,,,,,,,,,,,,,,,,,,,1334.549211871085,,1334.5492420916266,1334.5492489340136,1334.577029024264,1335.5603712336938,1335.577037007049,1336.5603837780695,1336.5603837780695,1336.8937425802865,1336.7939446587757,1336.7939526415607,1336.8937425802865,1336.8937425802865,1336.8937425802865,1336.8937425802865,1336.8937425802865,1336.8937425802865,0.094557793649983,1337.8114985169127,[-331.0],[312.0],[1],[0],[0],[0.9165550977495514],1337.8123669298325,1337.8156598284618,,,,,,,,,,,,,,ED10,1,2024-01-19_13h45.25.498,rating,2023.2.3,60.03145725119949,2024-01-19 13h45.38.520787 +0800,
neg_67.jpg,0.0,364.0,364.0,156.0,1799.4480141112822,,,,,,,,,,,,,,,,,,,,,,,1799.4208147686072,,1799.420842138155,1799.420848125243,1799.4480141112822,1800.4313771329712,1800.4480252301605,1801.4313617376015,1801.4313617376015,1801.8147001837183,1801.6649374434787,1801.6649559749435,1801.8147001837183,1801.8147001837183,1801.8147001837183,1801.8147001837183,1801.8147001837183,1801.8147001837183,0.1439167760499913,1803.2163559842943,[-306.0],[-85.0],[1],[0],[0],[1.4000164787476024],1803.217506645668,1803.22060168528,,,,,,,,,,,,,,ED10,1,2024-01-19_13h45.25.498,rating,2023.2.3,60.03145725119949,2024-01-19 13h45.38.520787 +0800,
neg_68.jpg,0.0,301.0,301.0,157.0,1544.3456417417524,,,,,,,,,,,,,,,,,,,,,,,1544.317951172728,,1544.3179819634684,1544.3179888058553,1544.3456417417524,1545.3289842362817,1545.3456514351333,1546.3290130313258,1546.3290130313258,1546.662334770615,1546.5625311471144,1546.5625394149988,1546.662334770615,1546.662334770615,1546.662334770615,1546.662334770615,1546.662334770615,1546.662334770615,0.0944075462402906,1548.963693725645,[-59.0],[210.0],[1],[0],[0],[2.3000426508770033],1548.9646810250356,1548.9677640904697,,,,,,,,,,,,,,ED10,1,2024-01-19_13h45.25.498,rating,2023.2.3,60.03145725119949,2024-01-19 13h45.38.520787 +0800,
neg_69.jpg,0.0,221.0,221.0,158.0,1157.358720108748,,,,,,,,,,,,,,,,,,,,,,,1157.330514365021,,1157.3305437302638,1157.3305502875514,1157.358720108748,1158.3420825602384,1158.358747763395,1159.3420708711617,1159.3420708711617,1159.6587556321397,1159.5756454366417,1159.5756531343263,1159.6587556321397,1159.6587556321397,1159.6587556321397,1159.6587556321397,1159.6587556321397,1159.6587556321397,0.0782655005723427,1160.409751484513,[-335.0],[208.0],[1],[0],[0],[0.7500464712102257],1160.410633012007,1160.4137098052547,,,,,,,,,,,,,,ED10,1,2024-01-19_13h45.25.498,rating,2023.2.3,60.03145725119949,2024-01-19 13h45.38.520787 +0800,
neg_7.jpg,0.0,286.0,286.0,159.0,1458.261512315726,,,,,,,,,,,,,,,,,,,,,,,1458.233645555243,,1458.233676345983,1458.23368318837,1458.261512315726,1459.244854525156,1459.2615553657429,1460.2448616526412,1460.2448616526412,1460.5782022084943,1460.4784111293698,1460.4784188270555,1460.5782022084943,1460.5782022084943,1460.5782022084943,1460.5782022084943,1460.5782022084943,1460.5782022084943,0.0945837376993949,1461.0794466675866,[-273.0],[83.0],[1],[0],[0],[0.5000273695468422],1461.0804080229268,1461.083391873753,,,,,,,,,,,,,,ED10,1,2024-01-19_13h45.25.498,rating,2023.2.3,60.03145725119949,2024-01-19 13h45.38.520787 +0800,
neg_70.jpg,0.0,81.0,81.0,160.0,442.01875184601886,,,,,,,,,,,,,,,,,,,,,,,441.98977576358175,,441.9898054139244,441.9898122563113,442.01875184601886,443.0020923448519,443.01878463245566,444.0021208547964,444.0021208547964,444.2687840622566,444.2356349791935,444.2356563616522,444.2687840622566,444.2687840622566,444.2687840622566,444.2687840622566,444.2687840622566,444.2687840622566,0.0290256897410472,445.20259651471633,[-337.0],[-283.0],[1],[0],[0],[0.9333819522926206],445.20315274374025,445.2061192035008,,,,,,,,,,,,,,ED10,1,2024-01-19_13h45.25.498,rating,2023.2.3,60.03145725119949,2024-01-19 13h45.38.520787 +0800,
neg_71.jpg,0.0,143.0,143.0,161.0,760.9883802017821,,,,,,,,,,,,,,,,,,,,,,,760.9596840870031,,760.9597151628432,760.9597220052297,760.9883802017821,761.9717218410124,761.988416979611,762.9717321045928,762.9717321045928,763.2549966529323,763.2052676114481,763.2052755942327,763.2549966529323,763.2549966529323,763.2549966529323,763.2549966529323,763.2549966529323,763.2549966529323,0.0453310973930456,764.4057244548044,[-278.0],[271.0],[1],[0],[0],[1.1501068552734068],764.406407267983,764.4095849864348,,,,,,,,,,,,,,ED10,1,2024-01-19_13h45.25.498,rating,2023.2.3,60.03145725119949,2024-01-19 13h45.38.520787 +0800,
neg_72.jpg,0.0,25.0,25.0,162.0,175.9996250942254,,,,,,,,,,,,,,,,,,,,,,,175.97044516568258,,175.97047538622428,175.97048222861122,175.9996250942254,176.98295133808597,176.99961540084405,177.98296046126825,177.98296046126825,178.23288804600816,178.21649169163177,178.21649938931705,178.23288804600816,178.23288804600816,178.23288804600816,178.23288804600816,178.23288804600816,178.23288804600816,0.0124605564915327,183.9666547685165,[-102.0],[70.0],[1],[0],[0],[5.733409207799468],183.9670627458272,183.9702287752016,,,,,,,,,,,,,,ED10,1,2024-01-19_13h45.25.498,rating,2023.2.3,60.03145725119949,2024-01-19 13h45.38.520787 +0800,
neg_73.jpg,0.0,67.0,67.0,163.0,376.1848060240373,,,,,,,,,,,,,,,,,,,,,,,376.1557723515116,,376.1557997210589,376.155805708147,376.1848060240373,377.1681488036656,377.1848157174186,378.1681644841356,378.1681644841356,378.43482598099854,378.4016883019135,378.4016965697974,378.43482598099854,378.43482598099854,378.43482598099854,378.43482598099854,378.43482598099854,378.43482598099854,0.0290727311498812,381.5353320895397,[-324.0],[137.0],[1],[0],[0],[3.100112386202454],381.5358161884028,381.5389089472192,,,,,,,,,,,,,,ED10,1,2024-01-19_13h45.25.498,rating,2023.2.3,60.03145725119949,2024-01-19 13h45.38.520787 +0800,
neg_74.jpg,0.0,72.0,72.0,164.0,399.4683565271239,,,,,,,,,,,,,,,,,,,,,,,399.4392287717801,,399.439255286029,399.4392615582169,399.4683565271239,400.45174492266415,400.4683630844111,401.451711280929,401.451711280929,401.7183707820964,401.6852636086519,401.6852715914365,401.7183707820964,401.7183707820964,401.7183707820964,401.7183707820964,401.7183707820964,401.7183707820964,0.0291656735703327,403.0521874540277,[-263.0],[268.0],[1],[0],[0],[1.3333841760681935],403.0527254366866,403.05575689912166,,,,,,,,,,,,,,ED10,1,2024-01-19_13h45.25.498,rating,2023.2.3,60.03145725119949,2024-01-19 13h45.38.520787 +0800,
neg_75.jpg,0.0,378.0,378.0,165.0,1859.6985720509024,,,,,,,,,,,,,,,,,,,,,,,1859.6713761294216,,1859.6714063499624,1859.6714129072504,1859.6985720509024,1860.681939349084,1860.698592292964,1861.6819521785587,1861.6819521785587,1862.048598051973,1861.9154517628835,1861.915460030768,1862.048598051973,1862.048598051973,1862.048598051973,1862.048598051973,1862.048598051973,1862.048598051973,0.1272478666005554,1865.5503961741936,[-341.0],[19.0],[1],[0],[0],[3.500069279165473],1865.5515545332523,1865.5546324668967,,,,,,,,,,,,,,ED10,1,2024-01-19_13h45.25.498,rating,2023.2.3,60.03145725119949,2024-01-19 13h45.38.520787 +0800,
neg_76.jpg,0.0,195.0,195.0,166.0,1024.4408461409507,,,,,,,,,,,,,,,,,,,,,,,1024.4124662014606,,1024.4124967071016,1024.4125035494883,1024.4408461409507,1025.4241663977232,1025.4408427197573,1026.4241732401092,1026.4241732401092,1026.7241560201032,1026.6577689029486,1026.657777170833,1026.7241560201032,1026.7241560201032,1026.7241560201032,1026.7241560201032,1026.7241560201032,1026.7241560201032,0.0617154775927701,1029.325080369534,[-251.0],[64.0],[1],[0],[0],[2.6000704765838236],1029.325886915874,1029.3289731174032,,,,,,,,,,,,,,ED10,1,2024-01-19_13h45.25.498,rating,2023.2.3,60.03145725119949,2024-01-19 13h45.38.520787 +0800,
neg_77.jpg,0.0,139.0,139.0,167.0,747.6882594336557,,,,,,,,,,,,,,,,,,,,,,,747.6596066539933,,747.659633453341,747.6596394404296,747.6882594336557,748.671609910969,748.6882671313406,749.6716489695937,749.6716489695937,749.95494630437,749.9051425668304,749.9051508347143,749.95494630437,749.95494630437,749.95494630437,749.95494630437,749.95494630437,749.95494630437,0.0453647391282174,751.6557164720198,[-322.0],[293.0],[1],[0],[0],[1.7001241323000613],751.6563508182926,751.6594407261141,,,,,,,,,,,,,,ED10,1,2024-01-19_13h45.25.498,rating,2023.2.3,60.03145725119949,2024-01-19 13h45.38.520787 +0800,
neg_78.jpg,0.0,141.0,141.0,168.0,754.8383303663986,,,,,,,,,,,,,,,,,,,,,,,754.8096926970065,,754.8097217771501,754.809728619537,754.8383303663986,755.8216671589385,755.8383320769949,756.821672575828,756.821672575828,757.1050309218863,757.0552066571863,757.0552149250702,757.1050309218863,757.1050309218863,757.1050309218863,757.1050309218863,757.1050309218863,757.1050309218863,0.0453687305207495,757.9057090594342,[-297.0],[264.0],[1],[0],[0],[0.8000064432476393],757.906386170624,757.9094837761309,,,,,,,,,,,,,,ED10,1,2024-01-19_13h45.25.498,rating,2023.2.3,60.03145725119949,2024-01-19 13h45.38.520787 +0800,
neg_79.jpg,0.0,183.0,183.0,169.0,954.6401757010876,,,,,,,,,,,,,,,,,,,,,,,954.6116600542604,,954.6116877089066,954.6116936959947,954.6401757010876,955.623544139667,955.640183968972,956.623574645308,956.623574645308,956.9235317663512,956.8570819273176,956.8570904803014,956.9235317663512,956.9235317663512,956.9235317663512,956.9235317663512,956.9235317663512,956.9235317663512,0.0618956604439517,960.5243657392572,[-55.0],[-312.0],[1],[0],[0],[3.6000821656607513],960.5250896067568,960.5280797297714,,,,,,,,,,,,,,ED10,1,2024-01-19_13h45.25.498,rating,2023.2.3,60.03145725119949,2024-01-19 13h45.38.520787 +0800,
neg_8.jpg,0.0,317.0,317.0,170.0,1601.6128452126673,,,,,,,,,,,,,,,,,,,,,,,1601.5853975483728,,1601.5854280540138,1601.5854351815,1601.6128452126673,1602.596181720107,1602.6128500593582,1603.596193124086,1603.596193124086,1603.9461977426968,1603.8297882167258,1603.82979619951,1603.9461977426968,1603.9461977426968,1603.9461977426968,1603.9461977426968,1603.9461977426968,1603.9461977426968,0.1108289893682012,1604.6476324771606,[-299.0],[-311.0],[1],[0],[0],[0.7000237772936089],1604.648659975573,1604.6518630678752,,,,,,,,,,,,,,ED10,1,2024-01-19_13h45.25.498,rating,2023.2.3,60.03145725119949,2024-01-19 13h45.38.520787 +0800,
neg_80.jpg,0.0,199.0,199.0,171.0,1042.7076775570854,,,,,,,,,,,,,,,,,,,,,,,1042.6793412378106,,1042.6793717434516,1042.6793785858383,1042.7076775570854,1043.6910006648518,1043.7076972289474,1044.6910129241282,1044.6910129241282,1044.9909426756244,1044.9245643965528,1044.924572379337,1044.9909426756244,1044.9909426756244,1044.9909426756244,1044.9909426756244,1044.9909426756244,1044.9909426756244,0.0616245308692668,1046.5252843296798,[-307.0],[190.0],[1],[0],[0],[1.5334646881528897],1046.5260917313176,1046.5291753669512,,,,,,,,,,,,,,ED10,1,2024-01-19_13h45.25.498,rating,2023.2.3,60.03145725119949,2024-01-19 13h45.38.520787 +0800,
neg_81.jpg,0.0,285.0,285.0,172.0,1451.9281406840332,,,,,,,,,,,,,,,,,,,,,,,1451.8836218349684,,1451.8836517704108,1451.8836583276975,1451.9281406840332,1452.8948296644835,1452.9281284247568,1453.8948385025665,1453.8948385025665,1454.2281422805904,1454.1283608948474,1454.1283688776316,1454.2281422805904,1454.2281422805904,1454.2281422805904,1454.2281422805904,1454.2281422805904,1454.2281422805904,0.0945503810635273,1458.2293984287603,[-281.0],[67.0],[1],[0],[0],[4.000031931138437],1458.2303449589283,1458.2334217521752,,,,,,,,,,,,,,ED10,1,2024-01-19_13h45.25.498,rating,2023.2.3,60.03145725119949,2024-01-19 13h45.38.520787 +0800,
neg_82.jpg,0.0,363.0,363.0,173.0,1795.6813087091036,,,,,,,,,,,,,,,,,,,,,,,1795.6541755095009,,1795.6542057300426,1795.6542125724295,1795.6813087091036,1796.6646785731796,1796.6813124153964,1797.6646774327824,1797.6646774327824,1798.014665230526,1797.8981941230736,1797.898202105859,1798.014665230526,1798.014665230526,1798.014665230526,1798.014665230526,1798.014665230526,1798.014665230526,0.1105493068089344,1799.4163116228206,[-40.0],[-304.0],[1],[0],[0],[1.4000030790739402],1799.4174249361663,1799.420592391038,,,,,,,,,,,,,,ED10,1,2024-01-19_13h45.25.498,rating,2023.2.3,60.03145725119949,2024-01-19 13h45.38.520787 +0800,
neg_83.jpg,0.0,179.0,179.0,174.0,928.489934849074,,,,,,,,,,,,,,,,,,,,,,,928.46141720655,,928.4614471419924,928.4614539843792,928.489934849074,929.473297015465,929.4899439722562,930.4732884624814,930.4732884624814,930.773290344138,930.706889257111,930.7068975249944,930.773290344138,930.773290344138,930.773290344138,930.773290344138,930.773290344138,930.773290344138,0.0618942349474309,932.240813525574,[-296.0],[-301.0],[1],[0],[0],[1.4667576894171361],932.2415781622944,939.6738017555284,space,932.2566354045616,932.2566354045616,7.404043508456198,,,,,,,,,,ED10,1,2024-01-19_13h45.25.498,rating,2023.2.3,60.03145725119949,2024-01-19 13h45.38.520787 +0800,
neg_84.jpg,0.0,352.0,352.0,175.0,1750.314222642142,,,,,,,,,,,,,,,,,,,,,,,1750.2869312123453,,1750.2869611477877,1750.2869679901746,1750.314222642142,1751.2975625707763,1751.3142274888328,1752.297571979058,1752.297571979058,1752.647577738067,1752.5311014988251,1752.5311094816093,1752.647577738067,1752.647577738067,1752.647577738067,1752.647577738067,1752.647577738067,1752.647577738067,0.1106756058652536,1753.4659688192437,[-314.0],[-266.0],[1],[0],[0],[0.8167862563823292],1753.467099523656,1753.4703037563563,,,,,,,,,,,,,,ED10,1,2024-01-19_13h45.25.498,rating,2023.2.3,60.03145725119949,2024-01-19 13h45.38.520787 +0800,
neg_85.jpg,0.0,280.0,280.0,176.0,1429.0612416423096,,,,,,,,,,,,,,,,,,,,,,,1429.0335670388545,,1429.0335975444957,1429.0336043868824,1429.0612416423096,1430.0445829964406,1430.0612501952933,1431.0445909792256,1431.0445909792256,1431.37793067978,1431.2781239201854,1431.2781319029705,1431.37793067978,1431.37793067978,1431.37793067978,1431.37793067978,1431.37793067978,1431.37793067978,0.0943873041796905,1434.579181810199,[-286.0],[-319.0],[1],[0],[0],[3.200069393205922],1434.5801300509645,1434.5833029227256,,,,,,,,,,,,,,ED10,1,2024-01-19_13h45.25.498,rating,2023.2.3,60.03145725119949,2024-01-19 13h45.38.520787 +0800,
neg_86.jpg,0.0,102.0,102.0,177.0,551.5030998863022,,,,,,,,,,,,,,,,,,,,,,,551.4741295058543,,551.4741597263956,551.4741665687825,551.5030998863022,552.486442095732,552.5031338131366,553.4864552103063,553.4864552103063,553.7697673702542,553.7200386138693,553.7200480221509,553.7697673702542,553.7697673702542,553.7697673702542,553.7697673702542,553.7697673702542,553.7697673702542,0.0456572511625381,554.7704176820957,[-337.0],[-319.0],[1],[0],[0],[1.0001388434311593],554.7710252290203,554.7741630335495,,,,,,,,,,,,,,ED10,1,2024-01-19_13h45.25.498,rating,2023.2.3,60.03145725119949,2024-01-19 13h45.38.520787 +0800,
neg_87.jpg,0.0,311.0,311.0,178.0,1580.245979812678,,,,,,,,,,,,,,,,,,,,,,,1580.2186433371685,,1580.2186741279097,1580.2186815404953,1580.245979812678,1581.2293197413123,1581.2459815232746,1582.229355093643,1582.229355093643,1582.5793346235037,1582.46288518361,1582.4628931663942,1582.5793346235037,1582.5793346235037,1582.5793346235037,1582.5793346235037,1582.5793346235037,1582.5793346235037,0.11071723038458,1583.4807019034383,[-275.0],[-311.0],[1],[0],[0],[0.8999717181350206],1583.481704883297,1583.4847582983898,,,,,,,,,,,,,,ED10,1,2024-01-19_13h45.25.498,rating,2023.2.3,60.03145725119949,2024-01-19 13h45.38.520787 +0800,
neg_88.jpg,0.0,335.0,335.0,179.0,1681.1469331282135,,,,,,,,,,,,,,,,,,,,,,,1681.119578691439,,1681.1196089119808,1681.1196154692684,1681.1469331282135,1682.130255095582,1682.1469456725897,1683.1302625081685,1683.1302625081685,1683.4802642757843,1683.3638199676811,1683.3638279504653,1683.4802642757843,1683.4802642757843,1683.4802642757843,1683.4802642757843,1683.4802642757843,1683.4802642757843,0.1107120985943765,1684.7652243105445,[-300.0],[-325.0],[1],[0],[0],[1.2835162911533189],1684.7662446814695,1684.7692764290036,,,,,,,,,,,,,,ED10,1,2024-01-19_13h45.25.498,rating,2023.2.3,60.03145725119949,2024-01-19 13h45.38.520787 +0800,
neg_89.jpg,0.0,276.0,276.0,180.0,1410.8777365270555,,,,,,,,,,,,,,,,,,,,,,,1410.8334024224328,,1410.8334315025763,1410.833438059864,1410.8777365270555,1411.8444141035277,1411.8777630413038,1412.844424367108,1412.844424367108,1413.1777623570656,1413.07798724351,1413.0779952262951,1413.1777623570656,1413.1777623570656,1413.1777623570656,1413.1777623570656,1413.1777623570656,1413.1777623570656,0.0943901551736416,1416.27902654504,[-101.0],[215.0],[1],[0],[0],[3.100081025262625],1416.280021257015,1416.283133687693,,,,,,,,,,,,,,ED10,1,2024-01-19_13h45.25.498,rating,2023.2.3,60.03145725119949,2024-01-19 13h45.38.520787 +0800,
neg_9.jpg,0.0,3.0,3.0,181.0,23.564854992718665,,,,,,,,,,,,,,,,,,,,,,,23.518916918599643,,23.518946568942283,23.518953411328766,23.564854992718665,24.531531998991795,24.564905455320968,25.5315625046328,25.5315625046328,25.781549390058444,25.76507776942753,25.76509801148859,25.781549390058444,25.781549390058444,25.781549390058444,25.781549390058444,25.781549390058444,25.781549390058444,0.0126498625249951,27.81530944123915,[-318.0],[-139.0],[1],[0],[0],[2.033472100738436],27.81569860198624,27.818769693244576,,,,,,,,,,,,,,ED10,1,2024-01-19_13h45.25.498,rating,2023.2.3,60.03145725119949,2024-01-19 13h45.38.520787 +0800,
neg_90.jpg,0.0,123.0,123.0,182.0,667.6374991874668,,,,,,,,,,,,,,,,,,,,,,,667.6087754180412,,667.608806208782,667.6088130511685,667.6374991874668,668.6208573624654,668.6375202848258,669.6208653452495,669.6208653452495,669.9042028790482,669.8543991415086,669.8544074093925,669.9042028790482,669.9042028790482,669.9042028790482,669.9042028790482,669.9042028790482,669.9042028790482,0.0454454222722233,676.4048842667298,[-24.0],[-310.0],[1],[0],[0],[6.50010890798967],676.4055254553896,676.4085763045864,,,,,,,,,,,,,,ED10,1,2024-01-19_13h45.25.498,rating,2023.2.3,60.03145725119949,2024-01-19 13h45.38.520787 +0800,
neg_91.jpg,0.0,355.0,355.0,183.0,1760.930984551031,,,,,,,,,,,,,,,,,,,,,,,1760.8871145883109,,1760.8871439535535,1760.887150795941,1760.930984551031,1761.897660416907,1761.9309928189157,1762.8976883566525,1762.8976883566525,1763.247675013998,1763.1312423949726,1763.131250662856,1763.247675013998,1763.247675013998,1763.247675013998,1763.247675013998,1763.247675013998,1763.247675013998,0.1105880803334002,1764.88263368028,[-180.0],[-311.0],[1],[0],[0],[1.6333923299125672],1764.883711926394,1764.886806966006,,,,,,,,,,,,,,ED10,1,2024-01-19_13h45.25.498,rating,2023.2.3,60.03145725119949,2024-01-19 13h45.38.520787 +0800,
neg_92.jpg,0.0,251.0,251.0,184.0,1298.1266936332736,,,,,,,,,,,,,,,,,,,,,,,1298.0991786855088,,1298.0992089060503,1298.0992157484377,1298.1266936332736,1299.1100672036423,1299.1267041819524,1300.110069769537,1300.110069769537,1300.4267163271893,1300.3435984340051,1300.343609837984,1300.4267163271893,1300.4267163271893,1300.4267163271893,1300.4267163271893,1300.4267163271893,1300.4267163271893,0.0775670069233456,1301.344462855533,[-281.0],[-296.0],[1],[0],[0],[0.9167064855564604],1301.3453455234253,1301.348421461374,,,,,,,,,,,,,,ED10,1,2024-01-19_13h45.25.498,rating,2023.2.3,60.03145725119949,2024-01-19 13h45.38.520787 +0800,
neg_93.jpg,0.0,332.0,332.0,185.0,1666.7133735589646,,,,,,,,,,,,,,,,,,,,,,,1666.6858879764436,,1666.6859344476538,1666.6859407198422,1666.7133735589646,1667.6967896091514,1667.7134522464123,1668.696784192262,1668.696784192262,1669.046802780746,1668.930329392499,1668.9303373752832,1669.046802780746,1669.046802780746,1669.046802780746,1669.046802780746,1669.046802780746,1669.046802780746,0.1109256380814258,1672.8651405483265,[-70.0],[-16.0],[1],[0],[0],[3.8168868964867215],1672.8661968417823,1672.8692927366924,,,,,,,,,,,,,,ED10,1,2024-01-19_13h45.25.498,rating,2023.2.3,60.03145725119949,2024-01-19 13h45.38.520787 +0800,
neg_94.jpg,0.0,103.0,103.0,186.0,554.8031297077046,,,,,,,,,,,,,,,,,,,,,,,554.7743896876109,,554.7744201932519,554.7744270356384,554.8031297077046,555.786492159195,555.803139971285,556.7864821807143,556.7864821807143,557.0698376757782,557.0200561759953,557.0200644438792,557.0698376757782,557.0698376757782,557.0698376757782,557.0698376757782,557.0698376757782,557.0698376757782,0.045467945128621,559.9704956282849,[-194.0],[-189.0],[1],[0],[0],[2.900141352306491],559.9711031752095,559.9741597263956,,,,,,,,,,,,,,ED10,1,2024-01-19_13h45.25.498,rating,2023.2.3,60.03145725119949,2024-01-19 13h45.38.520787 +0800,
neg_95.jpg,0.0,61.0,61.0,187.0,350.7512145236501,,,,,,,,,,,,,,,,,,,,,,,350.72240151809774,,350.72243259393736,350.72243915122453,350.7512145236501,351.7346009234943,351.7512453143904,352.73460320428967,352.73460320428967,353.00125757366686,352.9681555320126,352.9681635147972,353.00125757366686,353.00125757366686,353.00125757366686,353.00125757366686,353.00125757366686,353.00125757366686,0.0288723062376448,356.56835629904435,[-319.0],[-283.0],[1],[0],[0],[3.566717832514314],356.5688617803662,356.57181569575096,,,,,,,,,,,,,,ED10,1,2024-01-19_13h45.25.498,rating,2023.2.3,60.03145725119949,2024-01-19 13h45.38.520787 +0800,
neg_96.jpg,0.0,232.0,232.0,188.0,1208.6091979354237,,,,,,,,,,,,,,,,,,,,,,,1208.5808693138338,,1208.5808989641769,1208.5809058065638,1208.6091979354237,1209.5925398597542,1209.6091945142302,1210.592548412737,1210.592548412737,1210.9092200591408,1210.8260793580016,1210.826087625886,1210.9092200591408,1210.9092200591408,1210.9092200591408,1210.9092200591408,1210.9092200591408,1210.9092200591408,0.0783749787606211,1212.410271791006,[-332.0],[73.0],[1],[0],[0],[1.5000427649174526],1212.411111979081,1212.4141967551118,,,,,,,,,,,,,,ED10,1,2024-01-19_13h45.25.498,rating,2023.2.3,60.03145725119949,2024-01-19 13h45.38.520787 +0800,
neg_97.jpg,0.0,360.0,360.0,189.0,1783.0311875988589,,,,,,,,,,,,,,,,,,,,,,,1783.015387102329,1783.0311875988589,1784.014727952404,1784.0147353649904,1784.0478673420862,1785.014581411288,1785.0479001285223,1786.014568581813,1786.014568581813,1786.3645820385068,1786.248086127403,1786.248094965486,1786.3645820385068,1786.3645820385068,1786.3645820385068,1786.3645820385068,1786.3645820385068,1786.3645820385068,0.0994044842727817,1787.2995442970418,[-339.0],[-339.0],[1],[0],[0],[0.9333460297621059],1787.300689826625,1787.3037831556408,,,,,,1784.0478673420862,,,,,,,,ED10,1,2024-01-19_13h45.25.498,rating,2023.2.3,60.03145725119949,2024-01-19 13h45.38.520787 +0800,
neg_98.jpg,0.0,165.0,165.0,190.0,855.1892746727913,,,,,,,,,,,,,,,,,,,,,,,855.1606720706318,,855.160701720974,855.1607085633609,855.1892746727913,856.1725929338668,856.1892849363717,857.1726057633427,857.1726057633427,857.4726333039494,857.4061620824573,857.406170635441,857.4726333039494,857.4726333039494,857.4726333039494,857.4726333039494,857.4726333039494,857.4726333039494,0.0619831859748956,858.3400292740112,[-351.0],[-300.0],[1],[0],[0],[0.8666547114962668],858.3407691070802,858.3438305049572,,,,,,,,,,,,,,ED10,1,2024-01-19_13h45.25.498,rating,2023.2.3,60.03145725119949,2024-01-19 13h45.38.520787 +0800,
neg_99.jpg,0.0,201.0,201.0,191.0,1053.2410914975358,,,,,,,,,,,,,,,,,,,,,,,1053.196348560305,,1053.1963787808468,1053.1963853381335,1053.2410914975358,1054.207767648511,1054.241157355509,1055.2077958733566,1055.2077958733566,1055.524462958169,1055.4413339461075,1055.441342213991,1055.524462958169,1055.524462958169,1055.524462958169,1055.524462958169,1055.524462958169,1055.524462958169,0.0781372058199849,1056.4586702733643,[-303.0],[-290.0],[1],[0],[0],[0.9333437489667631],1056.4594300633948,1056.4626354364932,,,,,,,,,,,,,,ED10,1,2024-01-19_13h45.25.498,rating,2023.2.3,60.03145725119949,2024-01-19 13h45.38.520787 +0800,
neu_1.jpg,0.0,26.0,26.0,192.0,183.9996983647834,,,,,,,,,,,,,,,,,,,,,,,183.9704542888649,,183.97048422430728,183.9704910666937,183.9996983647834,184.98302517884304,184.99969095219785,185.98303088083185,185.98303088083185,186.249704351872,186.21656382179253,186.2165718045767,186.249704351872,186.249704351872,186.249704351872,186.249704351872,186.249704351872,186.249704351872,0.0292717305651422,190.16681767434105,[-275.0],[53.0],[1],[0],[0],[3.916789449495809],190.1672170986685,190.1703129935786,,,,,,,,,,,,,,ED10,1,2024-01-19_13h45.25.498,rating,2023.2.3,60.03145725119949,2024-01-19 13h45.38.520787 +0800,
neu_10.jpg,0.0,164.0,164.0,193.0,851.4058806893022,,,,,,,,,,,,,,,,,,,,,,,851.3772912017171,,851.3773214222588,851.377328549745,851.4058806893022,852.3892448513893,852.4058975101693,853.3892462768868,853.3892462768868,853.6892658347083,853.6227680989682,853.6227757966531,853.6892658347083,853.6892658347083,853.6892658347083,853.6892658347083,853.6892658347083,853.6892658347083,0.0619954452513411,855.1566769720616,[382.0],[-311.0],[1],[0],[0],[1.4667063715160111],855.157388580285,855.1604511185592,,,,,,,,,,,,,,ED10,1,2024-01-19_13h45.25.498,rating,2023.2.3,60.03145725119949,2024-01-19 13h45.38.520787 +0800,
neu_100.jpg,0.0,110.0,110.0,194.0,594.9035029599027,,,,,,,,,,,,,,,,,,,,,,,594.8746560275154,,594.8746853927587,594.8746922351456,594.9035029599027,595.8868631305972,595.9035092320905,596.8868731090779,596.8868731090779,597.1702152044677,597.1204148881211,597.1204240113038,597.1702152044677,597.1702152044677,597.1702152044677,597.1702152044677,597.1702152044677,597.1702152044677,0.0455774233168995,599.320770521173,[391.0],[-272.0],[1],[0],[0],[2.149985973107505],599.3213327372855,599.3244406063723,,,,,,,,,,,,,,ED10,1,2024-01-19_13h45.25.498,rating,2023.2.3,60.03145725119949,2024-01-19 13h45.38.520787 +0800,
neu_101.jpg,0.0,231.0,231.0,195.0,1203.1924800458896,,,,,,,,,,,,,,,,,,,,,,,1203.1643498535163,,1203.1643800740571,1203.164386916444,1203.1924800458896,1204.1758319487003,1204.1924994326523,1205.1758584629492,1205.1758584629492,1205.492500173911,1205.4093626088656,1205.4093705916498,1205.492500173911,1205.492500173911,1205.492500173911,1205.492500173911,1205.492500173911,1205.492500173911,0.0781736985491079,1208.5768625261867,[-313.0],[60.0],[1],[0],[0],[3.0833744826868497],1208.5776913102832,1208.5806466511644,,,,,,,,,,,,,,ED10,1,2024-01-19_13h45.25.498,rating,2023.2.3,60.03145725119949,2024-01-19 13h45.38.520787 +0800,
neu_102.jpg,0.0,356.0,356.0,196.0,1764.9143566959024,,,,,,,,,,,,,,,,,,,,,,,1764.8870279180787,,1764.8870584237195,1764.8870652661058,1764.9143566959024,1765.8977237089844,1765.9143655339851,1766.897750793432,1766.897750793432,1767.2477394464736,1767.1312760367068,1767.131285159889,1767.2477394464736,1767.2477394464736,1767.2477394464736,1767.2477394464736,1767.2477394464736,1767.2477394464736,0.1107374724451801,1770.0493070943007,[-132.0],[290.0],[1],[0],[0],[2.800002451855107],1770.0504027314803,1770.0533557915674,,,,,,,,,,,,,,ED10,1,2024-01-19_13h45.25.498,rating,2023.2.3,60.03145725119949,2024-01-19 13h45.38.520787 +0800,
neu_103.jpg,0.0,284.0,284.0,197.0,1447.6780788174533,,,,,,,,,,,,,,,,,,,,,,,1447.6335511303057,,1447.633581065747,1447.633587908134,1447.6780788174533,1448.6447766359863,1448.6780890810337,1449.6447626661134,1449.6447626661134,1449.978149408077,1449.8783278233109,1449.878335806096,1449.978149408077,1449.978149408077,1449.978149408077,1449.978149408077,1449.978149408077,1449.978149408077,0.0946259324173297,1451.8794046439275,[302.0],[-261.0],[1],[0],[0],[1.900005359869283],1451.880301281693,1451.8833957511056,,,,,,,,,,,,,,ED10,1,2024-01-19_13h45.25.498,rating,2023.2.3,60.03145725119949,2024-01-19 13h45.38.520787 +0800,
neu_104.jpg,0.0,262.0,262.0,198.0,1345.7104743826744,,,,,,,,,,,,,,,,,,,,,,,1345.6824342817258,,1345.682463932069,1345.6824704893563,1345.7104743826744,1346.6938097497173,1346.7104763783705,1347.6938205834963,1347.6938205834963,1348.0271756794205,1347.9273942936777,1347.9274022764616,1348.0271756794205,1348.0271756794205,1348.0271756794205,1348.0271756794205,1348.0271756794205,1348.0271756794205,0.0947681970428675,1350.028348863651,[-17.0],[293.0],[1],[0],[0],[2.0000638622768747],1350.0292620371845,1350.032371046669,,,,,,,,,,,,,,ED10,1,2024-01-19_13h45.25.498,rating,2023.2.3,60.03145725119949,2024-01-19 13h45.38.520787 +0800,
neu_105.jpg,0.0,216.0,216.0,199.0,1135.108545057687,,,,,,,,,,,,,,,,,,,,,,,1135.080362977214,,1135.080393482855,1135.080400325241,1135.108545057687,1136.0918653144586,1136.108504573565,1137.09188555652,1137.09188555652,1137.4085378161612,1137.3254179272813,1137.3254358885465,1137.4085378161612,1137.4085378161612,1137.4085378161612,1137.4085378161612,1137.4085378161612,1137.4085378161612,0.0781965065052645,1140.8261628921405,[343.0],[-47.0],[1],[0],[0],[3.4167429782855834],1140.8269831232533,1140.830070750279,,,,,,,,,,,,,,ED10,1,2024-01-19_13h45.25.498,rating,2023.2.3,60.03145725119949,2024-01-19 13h45.38.520787 +0800,
neu_106.jpg,0.0,326.0,326.0,200.0,1637.8131774675644,,,,,,,,,,,,,,,,,,,,,,,1637.7857183992924,,1637.7857489049334,1637.7857557473194,1637.8131774675644,1638.7965630121105,1638.8131791781611,1639.7965265193802,1639.7965265193802,1640.1465337038867,1640.0300668729265,1640.0300751408108,1640.1465337038867,1640.1465337038867,1640.1465337038867,1640.1465337038867,1640.1465337038867,1640.1465337038867,0.1108458102353324,1642.3481494765006,[37.0],[-60.0],[1],[0],[0],[2.2001859988804426],1642.349165000736,1642.3522742953196,,,,,,,,,,,,,,ED10,1,2024-01-19_13h45.25.498,rating,2023.2.3,60.03145725119949,2024-01-19 13h45.38.520787 +0800,
neu_107.jpg,0.0,125.0,125.0,201.0,680.9376393423554,,,,,,,,,,,,,,,,,,,,,,,680.9088214901121,,680.9088508553555,680.908857697742,680.9376393423554,681.9209826921829,681.937686668864,682.9209895345693,682.9209895345693,683.2043387574454,683.1545216202317,683.1545296030163,683.2043387574454,683.2043387574454,683.2043387574454,683.2043387574454,683.2043387574454,683.2043387574454,0.0455403603887134,684.2549778363691,[378.0],[-286.0],[1],[0],[0],[1.0500457869711681],684.2556272929123,684.2587112136457,,,,,,,,,,,,,,ED10,1,2024-01-19_13h45.25.498,rating,2023.2.3,60.03145725119949,2024-01-19 13h45.38.520787 +0800,
neu_108.jpg,0.0,24.0,24.0,202.0,166.01618309998912,,,,,,,,,,,,,,,,,,,,,,,165.98700944363418,,165.98703681318102,165.9870430853689,166.01618309998912,166.99953471770004,167.01618880197793,167.99955068326926,167.99955068326926,168.2494611620427,168.23308419442856,168.23309189211386,168.2494611620427,168.2494611620427,168.2494611620427,168.2494611620427,168.2494611620427,168.2494611620427,0.0124733859665866,175.96663367115707,[190.0],[-87.0],[1],[0],[0],[7.71684692554436],175.96707072861136,175.97021794142256,,,,,,,,,,,,,,ED10,1,2024-01-19_13h45.25.498,rating,2023.2.3,60.03145725119949,2024-01-19 13h45.38.520787 +0800,
neu_109.jpg,0.0,328.0,328.0,203.0,1648.0799512936103,,,,,,,,,,,,,,,,,,,,,,,1648.0524634302942,,1648.052490799841,1648.0524970720285,1648.0799512936103,1649.0632781076697,1649.079946732019,1650.063291222244,1650.063291222244,1650.413294985557,1650.296832145989,1650.296840984072,1650.413294985557,1650.413294985557,1650.413294985557,1650.413294985557,1650.413294985557,1650.413294985557,0.1108609205057291,1652.0982734947606,[-87.0],[252.0],[1],[0],[0],[1.6835056854533832],1652.0993354902052,1652.1024904007013,,,,,,,,,,,,,,ED10,1,2024-01-19_13h45.25.498,rating,2023.2.3,60.03145725119949,2024-01-19 13h45.38.520787 +0800,
neu_11.jpg,0.0,229.0,229.0,204.0,1191.0257002897747,,,,,,,,,,,,,,,,,,,,,,,1190.9974563427218,,1190.9974865632626,1190.9974931205502,1191.0257002897747,1192.0090424992045,1192.025709412957,1193.009069583652,1193.009069583652,1193.325722698592,1193.2425828527507,1193.242591120635,1193.325722698592,1193.325722698592,1193.325722698592,1193.325722698592,1193.325722698592,1193.325722698592,0.0782894489257159,1197.1601118502151,[-13.0],[-334.0],[1],[0],[0],[3.833392158852803],1197.1608981544946,1197.1639661096583,,,,,,,,,,,,,,ED10,1,2024-01-19_13h45.25.498,rating,2023.2.3,60.03145725119949,2024-01-19 13h45.38.520787 +0800,
neu_110.jpg,0.0,12.0,12.0,205.0,85.8487923757566,,,,,,,,,,,,,,,,,,,,,,,85.81969797704824,,85.81972563169484,85.81973161878341,85.8487923757566,86.8321126325286,86.84877669528669,87.83212147061158,87.83212147061158,88.08212261100925,88.06565384137275,88.06566182415736,88.08212261100925,88.08212261100925,88.08212261100925,88.08212261100925,88.08212261100925,88.08212261100925,0.0124428803255796,91.74914612715202,[269.0],[-228.0],[1],[0],[0],[3.6667227362249832],91.74951989252897,91.75256789073184,,,,,,,,,,,,,,ED10,1,2024-01-19_13h45.25.498,rating,2023.2.3,60.03145725119949,2024-01-19 13h45.38.520787 +0800,
neu_111.jpg,0.0,271.0,271.0,206.0,1382.4774751478813,,,,,,,,,,,,,,,,,,,,,,,1382.4327977835233,,1382.4328291444622,1382.4328357017498,1382.4774751478813,1383.4441493031595,1383.4774782839754,1384.4441618475353,1384.4441618475353,1384.7774967013995,1384.6776905120046,1384.677698779888,1384.7774967013995,1384.7774967013995,1384.7774967013995,1384.7774967013995,1384.7774967013995,1384.7774967013995,0.0947205854345156,1389.1620462499727,[357.0],[26.0],[1],[0],[0],[4.3834276822444735],1389.16297310828,1389.166072994582,,,,,,,,,,,,,,ED10,1,2024-01-19_13h45.25.498,rating,2023.2.3,60.03145725119949,2024-01-19 13h45.38.520787 +0800,
neu_112.jpg,0.0,70.0,70.0,207.0,392.1016305407652,,,,,,,,,,,,,,,,,,,,,,,392.0728143991186,,392.0728411984669,392.0728474706548,392.1016305407652,393.0849641972113,393.10162911526777,394.0849724650952,394.0849724650952,394.351674160981,394.3185413285864,394.3185493113706,394.351674160981,394.351674160981,394.351674160981,394.351674160981,394.351674160981,394.351674160981,0.0288825698180517,395.5854271987155,[370.0],[-282.0],[1],[0],[0],[1.2333493369155804],395.58593439063407,395.5889815335386,,,,,,,,,,,,,,ED10,1,2024-01-19_13h45.25.498,rating,2023.2.3,60.03145725119949,2024-01-19 13h45.38.520787 +0800,
neu_113.jpg,0.0,173.0,173.0,208.0,897.7896487802877,,,,,,,,,,,,,,,,,,,,,,,897.7610689860835,,897.7610994917245,897.7611060490121,897.7896487802877,898.7729915599161,898.7896561928733,899.773001253297,899.773001253297,900.0730025647549,900.0065689763901,900.0065769591752,900.0730025647549,900.0730025647549,900.0730025647549,900.0730025647549,900.0730025647549,900.0730025647549,0.0619546760308367,903.207330020858,[264.0],[-168.0],[1],[0],[0],[3.1335428624206543],903.208134571501,903.2111945438804,,,,,,,,,,,,,,ED10,1,2024-01-19_13h45.25.498,rating,2023.2.3,60.03145725119949,2024-01-19 13h45.38.520787 +0800,
neu_114.jpg,0.0,224.0,224.0,209.0,1166.942161589806,,,,,,,,,,,,,,,,,,,,,,,1166.9137234900277,,1166.913754280768,1166.913761123155,1166.942161589806,1167.9254866932683,1167.9421849679609,1168.9254926803565,1168.9254926803565,1169.242199393993,1169.1590752286215,1169.1590832114057,1169.242199393993,1169.242199393993,1169.242199393993,1169.242199393993,1169.242199393993,1169.242199393993,0.0784964311251315,1171.0764736505384,[73.0],[20.0],[1],[0],[0],[1.8333522449302109],1171.0772816223755,1171.0805594107337,,,,,,,,,,,,,,ED10,1,2024-01-19_13h45.25.498,rating,2023.2.3,60.03145725119949,2024-01-19 13h45.38.520787 +0800,
neu_115.jpg,0.0,324.0,324.0,210.0,1627.379746478167,,,,,,,,,,,,,,,,,,,,,,,1627.3523236175247,,1627.3523538380657,1627.3523603953531,1627.379746478167,1628.3630884024965,1628.379751324857,1629.3630992362755,1629.3630992362755,1629.7130961572016,1629.596631036838,1629.5966390196231,1629.7130961572016,1629.7130961572016,1629.7130961572016,1629.7130961572016,1629.7130961572016,1629.7130961572016,0.1108155896936295,1633.1145797577117,[-43.0],[246.0],[1],[0],[0],[3.400028738024048],1633.1155761802834,1633.1186290251767,,,,,,,,,,,,,,ED10,1,2024-01-19_13h45.25.498,rating,2023.2.3,60.03145725119949,2024-01-19 13h45.38.520787 +0800,
neu_116.jpg,0.0,155.0,155.0,211.0,818.8222504724095,,,,,,,,,,,,,,,,,,,,,,,818.7937430934658,,818.7937733140075,818.7937804414937,818.8222504724095,819.8055918265413,819.8222570296971,820.805635731856,820.805635731856,821.1056076780701,821.0391330353855,821.0391413032698,821.1056076780701,821.1056076780701,821.1056076780701,821.1056076780701,821.1056076780701,821.1056076780701,0.0618896733558358,823.8398083219386,[-66.0],[-71.0],[1],[0],[0],[2.7335149796954283],823.8404486552995,823.8436163952706,,,,,,,,,,,,,,ED10,1,2024-01-19_13h45.25.498,rating,2023.2.3,60.03145725119949,2024-01-19 13h45.38.520787 +0800,
neu_117.jpg,0.0,175.0,175.0,212.0,907.023067966568,,,,,,,,,,,,,,,,,,,,,,,906.9945540303364,,906.9945816849836,906.994587957171,907.023067966568,908.0064110312956,908.0230776599496,909.0064178736824,909.0064178736824,909.306427738124,909.2399787543897,909.2399867371736,909.306427738124,909.306427738124,909.306427738124,909.306427738124,909.306427738124,909.306427738124,0.0618982263395082,913.7073884662444,[207.0],[-215.0],[1],[0],[0],[4.4002063549805825],913.7081522476668,913.7111475024716,,,,,,,,,,,,,,ED10,1,2024-01-19_13h45.25.498,rating,2023.2.3,60.03145725119949,2024-01-19 13h45.38.520787 +0800,
neu_118.jpg,0.0,48.0,48.0,213.0,293.4173761841608,,,,,,,,,,,,,,,,,,,,,,,293.3883727321763,,293.38839924642525,293.38840523351337,293.4173761841608,294.4007087002087,294.4174103960945,295.40071924888844,295.40071924888844,295.6673947156246,295.6343197584183,295.6343274561032,295.6673947156246,295.6673947156246,295.6673947156246,295.6673947156246,295.6673947156246,295.6673947156246,0.0290433659070004,297.1012522137971,[34.0],[-43.0],[1],[0],[0],[1.4334529420552826],297.10169383284256,297.1046537353159,,,,,,,,,,,,,,ED10,1,2024-01-19_13h45.25.498,rating,2023.2.3,60.03145725119949,2024-01-19 13h45.38.520787 +0800,
neu_119.jpg,0.0,227.0,227.0,214.0,1178.7755970837748,,,,,,,,,,,,,,,,,,,,,,,1178.747256773108,,1178.74728642345,1178.747293265837,1178.7755970837748,1179.7589310253202,1179.7756315808078,1180.7589381528064,1180.7589381528064,1181.075608658812,1180.9925021696067,1180.992510437491,1181.075608658812,1181.075608658812,1181.075608658812,1181.075608658812,1181.075608658812,1181.075608658812,0.0783746936604075,1185.3266213320535,[364.0],[41.0],[1],[0],[0],[4.250062436778535],1185.3274084916295,1185.330458485529,,,,,,,,,,,,,,ED10,1,2024-01-19_13h45.25.498,rating,2023.2.3,60.03145725119949,2024-01-19 13h45.38.520787 +0800,
neu_12.jpg,0.0,344.0,344.0,215.0,1720.5473239425378,,,,,,,,,,,,,,,,,,,,,,,1720.5034137807947,,1720.5034420056404,1720.5034479927283,1720.5473239425378,1721.513971583568,1721.547284883913,1722.513963600783,1722.513963600783,1722.8639662236978,1722.7475356003683,1722.7475438682518,1722.8639662236978,1722.8639662236978,1722.8639662236978,1722.8639662236978,1722.8639662236978,1722.8639662236978,0.1105840889422324,1725.1988870857936,[25.0],[-289.0],[1],[0],[0],[2.333378188979623],1725.1999721742936,1725.2030846049715,,,,,,,,,,,,,,ED10,1,2024-01-19_13h45.25.498,rating,2023.2.3,60.03145725119949,2024-01-19 13h45.38.520787 +0800,
neu_120.jpg,0.0,23.0,23.0,216.0,160.96613617261983,,,,,,,,,,,,,,,,,,,,,,,160.9369000794859,,160.93692744903274,160.9369337212206,160.96613617261983,161.949525423458,161.96616325706736,162.94950432609903,162.94950432609903,163.19950176020393,163.18303384586625,163.18304182865086,163.19950176020393,163.19950176020393,163.19950176020393,163.19950176020393,163.19950176020393,163.19950176020393,0.0126242035744326,165.98331712067784,[17.0],[24.0],[1],[0],[0],[2.7834837898153637],165.98375275263516,165.98680388693174,,,,,,,,,,,,,,ED10,1,2024-01-19_13h45.25.498,rating,2023.2.3,60.03145725119949,2024-01-19 13h45.38.520787 +0800,
neu_121.jpg,0.0,307.0,307.0,217.0,1565.9458590445515,,,,,,,,,,,,,,,,,,,,,,,1565.9181981258705,,1565.918228061313,1565.9182349036987,1565.9458590445515,1566.9291867139095,1566.945864461441,1567.9291924158983,1567.9291924158983,1568.2625361078449,1568.162762704887,1568.1627709727704,1568.2625361078449,1568.2625361078449,1568.2625361078449,1568.2625361078449,1568.2625361078449,1568.2625361078449,0.0943636409256214,1569.4639429025633,[-38.0],[-318.0],[1],[0],[0],[1.2001018945429678],1569.4649339082457,1569.46800157831,,,,,,,,,,,,,,ED10,1,2024-01-19_13h45.25.498,rating,2023.2.3,60.03145725119949,2024-01-19 13h45.38.520787 +0800,
neu_122.jpg,0.0,249.0,249.0,218.0,1287.8766195074163,,,,,,,,,,,,,,,,,,,,,,,1287.8484767706673,,1287.8485067061097,1287.848513833595,1287.8766195074163,1288.8599343472993,1288.8766089587366,1289.859950883067,1289.859950883067,1290.1766430566308,1290.0934846793257,1290.09349294721,1290.1766430566308,1290.1766430566308,1290.1766430566308,1290.1766430566308,1290.1766430566308,1290.1766430566308,0.0781945108092259,1293.4277543742803,[-290.0],[86.0],[1],[0],[0],[3.250030220541703],1293.4286495865483,1293.4317332221822,,,,,,,,,,,,,,ED10,1,2024-01-19_13h45.25.498,rating,2023.2.3,60.03145725119949,2024-01-19 13h45.38.520787 +0800,
neu_123.jpg,0.0,30.0,30.0,219.0,204.98321277427976,,,,,,,,,,,,,,,,,,,,,,,204.9675562529724,204.98321277427976,205.96676823809685,205.9667756506824,205.99992102745276,206.96658092775945,206.99989850459636,207.9665817830578,207.9665817830578,208.2332449905175,208.20012470249867,208.200132400184,208.2332449905175,208.2332449905175,208.2332449905175,208.2332449905175,208.2332449905175,208.2332449905175,0.015907408822386,210.1003974856508,[72.0],[37.0],[1],[0],[0],[1.8668160777842786],210.10083710900017,210.103967215844,,,,,,205.99992102745276,,,,,,,,ED10,1,2024-01-19_13h45.25.498,rating,2023.2.3,60.03145725119949,2024-01-19 13h45.38.520787 +0800,
neu_124.jpg,0.0,368.0,368.0,220.0,1817.7149467377208,,,,,,,,,,,,,,,,,,,,,,,1817.6709308040831,,1817.6709610246248,1817.670967867012,1817.7149467377208,1818.68152253369,1818.714852369804,1819.68152253369,1819.68152253369,1820.0315377009808,1819.9150603213416,1819.9150683041255,1820.0315377009808,1820.0315377009808,1820.0315377009808,1820.0315377009808,1820.0315377009808,1820.0315377009808,0.1106325558484968,1822.1333455736024,[55.0],[74.0],[1],[0],[0],[2.100149449131095],1822.134430091905,1822.137524846417,,,,,,,,,,,,,,ED10,1,2024-01-19_13h45.25.498,rating,2023.2.3,60.03145725119949,2024-01-19 13h45.38.520787 +0800,
neu_125.jpg,0.0,334.0,334.0,221.0,1677.263557334069,,,,,,,,,,,,,,,,,,,,,,,1677.235982230322,,1677.2360090296702,1677.2360153018576,1677.263557334069,1678.2468867140235,1678.263550491683,1679.246910662377,1679.246910662377,1679.5969181319829,1679.4804273526693,1679.4804353354534,1679.5969181319829,1679.5969181319829,1679.5969181319829,1679.5969181319829,1679.5969181319829,1679.5969181319829,0.1109669775005386,1681.1151801771498,[356.0],[-234.0],[1],[0],[0],[1.5167350525216534],1681.116246734186,1681.1193480459856,,,,,,,,,,,,,,ED10,1,2024-01-19_13h45.25.498,rating,2023.2.3,60.03145725119949,2024-01-19 13h45.38.520787 +0800,
neu_126.jpg,0.0,149.0,149.0,222.0,789.5886442608912,,,,,,,,,,,,,,,,,,,,,,,789.5599604053887,,789.5599903408306,789.5599971832175,789.5886442608912,790.571989321315,790.5886525287751,791.5719955935028,791.5719955935028,791.8720014665514,791.805531955657,791.8055405086402,791.8720014665514,791.8720014665514,791.8720014665514,791.8720014665514,791.8720014665514,791.8720014665514,0.0620593075277611,797.556126102907,[-73.0],[167.0],[1],[0],[0],[5.683462350337322],797.5568200349644,798.4224823152813,space,797.572050902796,797.572050902796,0.8453671909837794,,,,,,,,,,ED10,1,2024-01-19_13h45.25.498,rating,2023.2.3,60.03145725119949,2024-01-19 13h45.38.520787 +0800,
neu_127.jpg,0.0,336.0,336.0,223.0,1684.79696101094,,,,,,,,,,,,,,,,,,,,,,,1684.7694993767725,,1684.769529597314,1684.7695361546016,1684.79696101094,1685.780289820695,1685.796968993724,1686.7802963779827,1686.7802963779827,1687.1303183876605,1687.0138518417994,1687.0138601096835,1687.1303183876605,1687.1303183876605,1687.1303183876605,1687.1303183876605,1687.1303183876605,1687.1303183876605,0.1108475208329764,1688.298498837364,[352.0],[-316.0],[1],[0],[0],[1.1666420530809773],1688.299565109301,1688.302680961173,,,,,,,,,,,,,,ED10,1,2024-01-19_13h45.25.498,rating,2023.2.3,60.03145725119949,2024-01-19 13h45.38.520787 +0800,
neu_128.jpg,0.0,126.0,126.0,224.0,684.3043314018796,,,,,,,,,,,,,,,,,,,,,,,684.2589338763146,,684.2589635266572,684.2589703690442,684.3043314018796,685.2710377733961,685.3043721711006,686.2710195270315,686.2710195270315,686.5543784432884,686.5046177557656,686.5046260236495,686.5543784432884,686.5543784432884,686.5543784432884,686.5543784432884,686.5543784432884,686.5543784432884,0.0454941742777919,688.9550381063923,[37.0],[-302.0],[1],[0],[0],[2.400040427101885],688.9556852821402,688.9587709134698,,,,,,,,,,,,,,ED10,1,2024-01-19_13h45.25.498,rating,2023.2.3,60.03145725119949,2024-01-19 13h45.38.520787 +0800,
neu_129.jpg,0.0,327.0,327.0,225.0,1642.3798876023934,,,,,,,,,,,,,,,,,,,,,,,1642.3524770010276,,1642.3525040854752,1642.3525103576626,1642.3798876023934,1643.363261172762,1643.379896155377,1644.3632711512432,1644.3632711512432,1644.7132580936882,1644.596780428949,1644.596788411734,1644.7132580936882,1644.7132580936882,1644.7132580936882,1644.7132580936882,1644.7132580936882,1644.7132580936882,0.1108113132022481,1648.0480723285896,[385.0],[-224.0],[1],[0],[0],[3.3333841760686482],1648.0491691061677,1648.052259584188,,,,,,,,,,,,,,ED10,1,2024-01-19_13h45.25.498,rating,2023.2.3,60.03145725119949,2024-01-19 13h45.38.520787 +0800,
neu_13.jpg,0.0,171.0,171.0,226.0,881.822836351776,,,,,,,,,,,,,,,,,,,,,,,881.7941256969257,,881.7941556323681,881.7941624747541,881.822836351776,882.8061996585652,882.8228429090636,883.8062042201559,883.8062042201559,884.1062009700222,884.039763105166,884.0397716581497,884.1062009700222,884.1062009700222,884.1062009700222,884.1062009700222,884.1062009700222,884.1062009700222,0.0620983661519858,892.5070251355078,[-60.0],[-38.0],[1],[0],[0],[8.400096876792304],892.5077367437311,892.5108075498897,,,,,,,,,,,,,,ED10,1,2024-01-19_13h45.25.498,rating,2023.2.3,60.03145725119949,2024-01-19 13h45.38.520787 +0800,
neu_130.jpg,0.0,343.0,343.0,227.0,1716.5472418338964,,,,,,,,,,,,,,,,,,,,,,,1716.5029886975176,,1716.5030197733572,1716.5030269008437,1716.5472418338964,1717.513959609391,1717.5472458252884,1718.5139205507662,1718.5139205507662,1718.863930301167,1718.7474805761744,1718.7474888440588,1718.863930301167,1718.863930301167,1718.863930301167,1718.863930301167,1718.863930301167,1718.863930301167,0.1109655520031083,1720.4990121304113,[-37.0],[-282.0],[1],[0],[0],[1.633529462746992],1720.5001114738848,1720.503185986336,,,,,,,,,,,,,,ED10,1,2024-01-19_13h45.25.498,rating,2023.2.3,60.03145725119949,2024-01-19 13h45.38.520787 +0800,
neu_131.jpg,0.0,136.0,136.0,228.0,735.3381382093703,,,,,,,,,,,,,,,,,,,,,,,735.3093602710496,,735.309389636293,735.3093964786799,735.3381382093703,736.3214855505898,736.3381464772542,737.3215174817278,737.3215174817278,737.604829926775,737.5550244786386,737.5550330316223,737.604829926775,737.604829926775,737.604829926775,737.604829926775,737.604829926775,737.604829926775,0.0454924636810574,741.8055359470491,[-61.0],[105.0],[1],[0],[0],[4.200102179642272],741.8061982330678,741.8093192167294,,,,,,,,,,,,,,ED10,1,2024-01-19_13h45.25.498,rating,2023.2.3,60.03145725119949,2024-01-19 13h45.38.520787 +0800,
neu_132.jpg,0.0,270.0,270.0,229.0,1377.9107690044443,,,,,,,,,,,,,,,,,,,,,,,1377.894904930738,1377.9107690044443,1378.8943552590013,1378.8943632417863,1378.927463572844,1379.8941157754648,1379.9274724109268,1380.8941220476522,1380.8941220476522,1381.2274643141022,1381.1276578396078,1381.1276661074912,1381.2274643141022,1381.2274643141022,1381.2274643141022,1381.2274643141022,1381.2274643141022,1381.2274643141022,0.0827683612596956,1382.4285603504218,[50.0],[294.0],[1],[0],[0],[1.1999197159957475],1382.429456703087,1382.4325725549584,,,,,,1378.927463572844,,,,,,,,ED10,1,2024-01-19_13h45.25.498,rating,2023.2.3,60.03145725119949,2024-01-19 13h45.38.520787 +0800,
neu_133.jpg,0.0,312.0,312.0,230.0,1583.5293412948308,,,,,,,,,,,,,,,,,,,,,,,1583.484960148799,,1583.484987518346,1583.4849937905342,1583.5293412948308,1584.496010318319,1584.5293467117203,1585.4960265689874,1585.4960265689874,1585.8460311875992,1585.7295734798213,1585.7295817477057,1585.8460311875992,1585.8460311875992,1585.8460311875992,1585.8460311875992,1585.8460311875992,1585.8460311875992,0.111101544441226,1588.3474421447686,[35.0],[219.0],[1],[0],[0],[2.500033071535654],1588.3484271633629,1588.3515085182012,,,,,,,,,,,,,,ED10,1,2024-01-19_13h45.25.498,rating,2023.2.3,60.03145725119949,2024-01-19 13h45.38.520787 +0800,
neu_134.jpg,0.0,131.0,131.0,231.0,708.6045810349565,,,,,,,,,,,,,,,,,,,,,,,708.5591507229551,,708.5591803732977,708.5591872156847,708.6045810349565,709.5712349481746,709.6045659246861,710.5712457819536,710.5712457819536,710.8545821753546,710.8047738762234,710.804781859008,710.8545821753546,710.8545821753546,710.8545821753546,710.8545821753546,710.8545821753546,710.8545821753546,0.0454536901561368,716.0052931563587,[28.0],[-32.0],[1],[0],[0],[5.150109991367117],716.0059500254879,716.0089954577957,,,,,,,,,,,,,,ED10,1,2024-01-19_13h45.25.498,rating,2023.2.3,60.03145725119949,2024-01-19 13h45.38.520787 +0800,
neu_135.jpg,0.0,107.0,107.0,232.0,581.1033767748868,,,,,,,,,,,,,,,,,,,,,,,581.0747026127656,,581.0747342588043,581.0747411011907,581.1033767748868,582.0867181290178,582.1033927404555,583.0867229757082,583.0867229757082,583.3700647859987,583.3202553464698,583.3202633292544,583.3700647859987,583.3700647859987,583.3700647859987,583.3700647859987,583.3700647859987,583.3700647859987,0.0453769984042082,588.6207347697023,[174.0],[316.0],[1],[0],[0],[5.2501704894702925],588.621316372577,588.6243620899841,,,,,,,,,,,,,,ED10,1,2024-01-19_13h45.25.498,rating,2023.2.3,60.03145725119949,2024-01-19 13h45.38.520787 +0800,
neu_136.jpg,0.0,59.0,59.0,233.0,338.9344610537046,,,,,,,,,,,,,,,,,,,,,,,338.9052711466816,,338.90529766093005,338.9053039331179,338.9344610537046,339.9178035482337,339.9344818659647,340.91783205817865,340.91783205817865,341.1844901338486,341.15134333158085,341.15135131436546,341.1844901338486,341.1844901338486,341.1844901338486,341.1844901338486,341.1844901338486,341.1844901338486,0.029240654725072,342.61825012800955,[347.0],[-326.0],[1],[0],[0],[1.433363135728996],342.6187473414475,344.1849633989327,space,342.63450735385504,342.63450735385504,1.5467517479446542,,,,,,,,,,ED10,1,2024-01-19_13h45.25.498,rating,2023.2.3,60.03145725119949,2024-01-19 13h45.38.520787 +0800,
neu_137.jpg,0.0,291.0,291.0,234.0,1477.4117123985193,,,,,,,,,,,,,,,,,,,,,,,1477.3837378704443,,1477.383768090985,1477.383774933372,1477.4117123985193,1478.395031799993,1478.4116978584466,1479.3950608801365,1479.3950608801365,1479.7283820492262,1479.6286730787438,1479.6286813466272,1479.7283820492262,1479.7283820492262,1479.7283820492262,1479.7283820492262,1479.7283820492262,1479.7283820492262,0.0946732589254679,1480.8297132355706,[367.0],[-332.0],[1],[0],[0],[1.1000365497493476],1480.8307318959,1480.8338046977549,,,,,,,,,,,,,,ED10,1,2024-01-19_13h45.25.498,rating,2023.2.3,60.03145725119949,2024-01-19 13h45.38.520787 +0800,
neu_138.jpg,0.0,134.0,134.0,235.0,728.1047429714431,,,,,,,,,,,,,,,,,,,,,,,728.0592935577788,,728.0593234932207,728.059330620707,728.1047429714431,729.0714162714239,729.1047709111895,730.0714248244071,730.0714248244071,730.3547697707913,730.3049834243179,730.3049914071025,730.3547697707913,730.3547697707913,730.3547697707913,730.3547697707913,730.3547697707913,730.3547697707913,0.0454967401728936,731.8055499169222,[171.0],[91.0],[1],[0],[0],[1.450159199531754],731.8062150539349,731.8094372479009,,,,,,,,,,,,,,ED10,1,2024-01-19_13h45.25.498,rating,2023.2.3,60.03145725119949,2024-01-19 13h45.38.520787 +0800,
neu_139.jpg,0.0,306.0,306.0,236.0,1562.695862465745,,,,,,,,,,,,,,,,,,,,,,,1562.66816733513,,1562.6681972705724,1562.668203827859,1562.695862465745,1563.67915563807,1563.695827113414,1564.6791601996606,1564.6791601996606,1565.0125261293647,1564.912712242285,1564.9127216505665,1565.0125261293647,1565.0125261293647,1565.0125261293647,1565.0125261293647,1565.0125261293647,1565.0125261293647,0.0944052654440383,1565.9138905583045,[403.0],[-297.0],[1],[0],[0],[0.8999885390021518],1565.9149040868438,1565.9179680506154,,,,,,,,,,,,,,ED10,1,2024-01-19_13h45.25.498,rating,2023.2.3,60.03145725119949,2024-01-19 13h45.38.520787 +0800,
neu_14.jpg,0.0,36.0,36.0,237.0,232.73347449557377,,,,,,,,,,,,,,,,,,,,,,,232.68771403841083,,232.68774454405184,232.6877513864388,232.73347449557377,233.7001495061509,233.73348247835796,234.70015834423384,234.70015834423384,234.9668457851467,234.9336824471111,234.9336904298957,234.9668457851467,234.9668457851467,234.9668457851467,234.9668457851467,234.9668457851467,234.9668457851467,0.0291536993931913,241.43403140883584,[47.0],[-34.0],[1],[0],[0],[6.46685291263293],241.4344513603237,241.43755580821696,,,,,,,,,,,,,,ED10,1,2024-01-19_13h45.25.498,rating,2023.2.3,60.03145725119949,2024-01-19 13h45.38.520787 +0800,
neu_140.jpg,0.0,321.0,321.0,238.0,1615.479652737468,,,,,,,,,,,,,,,,,,,,,,,1615.451996095278,,1615.4520263158197,1615.4520331582066,1615.479652737468,1616.4629744197368,1616.47962052123,1617.46300920187,1617.46300920187,1617.8129947188177,1617.6965928905324,1617.696602298814,1617.8129947188177,1617.8129947188177,1617.8129947188177,1617.8129947188177,1617.8129947188177,1617.8129947188177,0.111026848385336,1619.8144256329492,[55.0],[-327.0],[1],[0],[0],[2.000041054320718],1619.8154517058642,1619.8185470305748,,,,,,,,,,,,,,ED10,1,2024-01-19_13h45.25.498,rating,2023.2.3,60.03145725119949,2024-01-19 13h45.38.520787 +0800,
neu_141.jpg,0.0,120.0,120.0,239.0,652.6873915909346,,,,,,,,,,,,,,,,,,,,,,,652.67164041661,652.6873915909346,653.6709159789116,653.6709236765969,653.7040528026987,654.6707280983751,654.7040676278698,655.6707161241984,655.6707161241984,655.9540918613229,655.904296676767,655.9043043744518,655.9540918613229,655.9540918613229,655.9540918613229,655.9540918613229,655.9540918613229,655.9540918613229,0.0327066087193088,659.0046955879152,[65.0],[-36.0],[1],[0],[0],[3.0500620376401457],659.0053059858342,659.0083936128599,,,,,,653.7040528026987,,,,,,,,ED10,1,2024-01-19_13h45.25.498,rating,2023.2.3,60.03145725119949,2024-01-19 13h45.38.520787 +0800,
neu_142.jpg,0.0,269.0,269.0,240.0,1372.2773795255257,,,,,,,,,,,,,,,,,,,,,,,1372.249451468661,,1372.249481404103,1372.2494882464905,1372.2773795255257,1373.2607422621163,1373.277377814929,1374.2607297177406,1374.2607297177406,1374.5940942219463,1374.4942877474518,1374.494295730237,1374.5940942219463,1374.5940942219463,1374.5940942219463,1374.5940942219463,1374.5940942219463,1374.5940942219463,0.0946675569375656,1376.0452124960225,[347.0],[-269.0],[1],[0],[0],[1.4499727444926975],1376.04617014507,1377.8945297398636,space,1376.060746139468,1376.060746139468,1.8233791811262563,,,,,,,,,,ED10,1,2024-01-19_13h45.25.498,rating,2023.2.3,60.03145725119949,2024-01-19 13h45.38.520787 +0800,
neu_143.jpg,0.0,130.0,130.0,241.0,699.6878126828201,,,,,,,,,,,,,,,,,,,,,,,699.6589965411736,,699.6590267617148,699.6590333190024,699.6878126828201,700.6711537518518,700.6878169593119,701.671162304835,701.671162304835,701.9545237869875,701.9047283173318,701.904736870315,701.9545237869875,701.9545237869875,701.9545237869875,701.9545237869875,701.9545237869875,701.9545237869875,0.0455489133719311,708.5551818535341,[-80.0],[-36.0],[1],[0],[0],[6.600073042478471],708.555839863061,708.5589237837944,,,,,,,,,,,,,,ED10,1,2024-01-19_13h45.25.498,rating,2023.2.3,60.03145725119949,2024-01-19 13h45.38.520787 +0800,
neu_144.jpg,0.0,87.0,87.0,242.0,469.2690044441301,,,,,,,,,,,,,,,,,,,,,,,469.2401922938761,,469.2402199485223,469.24022622071016,469.2690044441301,470.2523560618415,470.2690098610197,471.25235207044943,471.25235207044943,471.5356967317339,471.4859608478628,471.4859691157472,471.5356967317339,471.5356967317339,471.5356967317339,471.5356967317339,471.5356967317339,471.5356967317339,0.045525250117862,472.7361427413112,[357.0],[-294.0],[1],[0],[0],[1.1999274136801432],472.7366821494674,472.7397104758084,,,,,,,,,,,,,,ED10,1,2024-01-19_13h45.25.498,rating,2023.2.3,60.03145725119949,2024-01-19 13h45.38.520787 +0800,
neu_145.jpg,0.0,78.0,78.0,243.0,428.40198651593664,,,,,,,,,,,,,,,,,,,,,,,428.37286759867584,,428.3728966788194,428.3729035212064,428.40198651593664,429.38531019390166,429.401965703677,430.3853079131063,430.3853079131063,430.651976537456,430.6188411391663,430.6188494070502,430.651976537456,430.651976537456,430.651976537456,430.651976537456,430.651976537456,430.651976537456,0.0291374487246685,434.98579206898967,[150.0],[-300.0],[1],[0],[0],[4.3333442621456015],434.98634715761546,434.9894912343325,,,,,,,,,,,,,,ED10,1,2024-01-19_13h45.25.498,rating,2023.2.3,60.03145725119949,2024-01-19 13h45.38.520787 +0800,
neu_146.jpg,0.0,298.0,298.0,244.0,1504.578607049711,,,,,,,,,,,,,,,,,,,,,,,1504.5341121489996,,1504.5341392334471,1504.5341455056357,1504.578607049711,1505.5452851963823,1505.57861788349,1506.5453128510285,1506.5453128510285,1506.8786314542235,1506.7788577661663,1506.7788660340498,1506.8786314542235,1506.8786314542235,1506.8786314542235,1506.8786314542235,1506.8786314542235,1506.8786314542235,0.0945492406663106,1509.779978777197,[13.0],[-322.0],[1],[0],[0],[2.900042422797924],1509.7809039249073,1509.7838749462585,,,,,,,,,,,,,,ED10,1,2024-01-19_13h45.25.498,rating,2023.2.3,60.03145725119949,2024-01-19 13h45.38.520787 +0800,
neu_147.jpg,0.0,37.0,37.0,245.0,241.4668865543681,,,,,,,,,,,,,,,,,,,,,,,241.4377847430742,,241.4378155338145,241.43782237620144,241.4668865543681,242.45022648300164,242.46689140105852,243.45023817207905,243.45023817207905,243.71691677490932,243.68379021470264,243.68379819748725,243.71691677490932,243.71691677490932,243.71691677490932,243.71691677490932,243.71691677490932,243.71691677490932,0.029153129194583,244.6507494694301,[59.0],[-50.0],[1],[0],[0],[0.9334637758338431],244.65121703252544,244.6543180592253,,,,,,,,,,,,,,ED10,1,2024-01-19_13h45.25.498,rating,2023.2.3,60.03145725119949,2024-01-19 13h45.38.520787 +0800,
neu_148.jpg,0.0,233.0,233.0,246.0,1212.4425892389786,,,,,,,,,,,,,,,,,,,,,,,1212.4144214134772,,1212.414452774417,1212.414459616804,1212.4425892389786,1213.42590949575,1213.4425712777131,1214.425916338137,1214.425916338137,1214.742589124938,1214.6594683807602,1214.6594763635453,1214.742589124938,1214.742589124938,1214.742589124938,1214.742589124938,1214.742589124938,1214.742589124938,0.0781882386218058,1216.6602849055812,[377.0],[-263.0],[1],[0],[0],[1.916728438213795],1216.661113974777,1216.6641953296153,,,,,,,,,,,,,,ED10,1,2024-01-19_13h45.25.498,rating,2023.2.3,60.03145725119949,2024-01-19 13h45.38.520787 +0800,
neu_149.jpg,0.0,210.0,210.0,247.0,1107.3582571072443,,,,,,,,,,,,,,,,,,,,,,,1107.3423037974103,1107.3582571072443,1108.3418328131215,1108.341840225708,1108.3916365506616,1109.3416318180111,1109.3916277125786,1110.3416703064363,1110.3416703064363,1110.6582840776523,1110.5751405255182,1110.5751485083024,1110.6582840776523,1110.6582840776523,1110.6582840776523,1110.6582840776523,1110.6582840776523,1110.6582840776523,0.0661701564740724,1113.6759017980653,[205.0],[122.0],[1],[0],[0],[3.016766413460573],1113.6767191781842,1113.679839306547,,,,,,1108.3916365506616,,,,,,,,ED10,1,2024-01-19_13h45.25.498,rating,2023.2.3,60.03145725119949,2024-01-19 13h45.38.520787 +0800,
neu_15.jpg,0.0,274.0,274.0,248.0,1396.360945309943,,,,,,,,,,,,,,,,,,,,,,,1396.3328935199174,,1396.3329234553598,1396.332930582846,1396.360945309943,1397.344315174019,1397.3609695433963,1398.3442963574555,1398.3442963574555,1398.677626079529,1398.577819890134,1398.5778275878188,1398.677626079529,1398.677626079529,1398.677626079529,1398.677626079529,1398.677626079529,1398.677626079529,0.094755937766422,1405.078887302469,[-179.0],[186.0],[1],[0],[0],[6.400109421168054],1405.0798309816432,1405.082953105702,,,,,,,,,,,,,,ED10,1,2024-01-19_13h45.25.498,rating,2023.2.3,60.03145725119949,2024-01-19 13h45.38.520787 +0800,
neu_150.jpg,0.0,357.0,357.0,249.0,1770.0810705940444,,,,,,,,,,,,,,,,,,,,,,,1770.0535773138386,,1770.0536075343805,1770.0536143767672,1770.0810705940444,1771.064414514071,1771.081077436431,1772.0644119481751,1772.0644119481751,1772.414428255864,1772.2979505911248,1772.2979588590092,1772.414428255864,1772.414428255864,1772.414428255864,1772.414428255864,1772.414428255864,1772.414428255864,0.1108768860758573,1774.7494551749537,[366.0],[85.0],[1],[0],[0],[2.3333981459409188],1774.75059956414,1774.753651838835,,,,,,,,,,,,,,ED10,1,2024-01-19_13h45.25.498,rating,2023.2.3,60.03145725119949,2024-01-19 13h45.38.520787 +0800,
neu_151.jpg,0.0,282.0,282.0,250.0,1439.061337435724,,,,,,,,,,,,,,,,,,,,,,,1439.0336271948377,,1439.033657700479,1439.0336645428656,1439.061337435724,1440.0446773643584,1440.0613428526135,1441.0446844918447,1441.0446844918447,1441.3780236221996,1441.2782157222086,1441.2782242751914,1441.3780236221996,1441.3780236221996,1441.3780236221996,1441.3780236221996,1441.3780236221996,1441.3780236221996,0.0944203757153445,1444.3792983018334,[26.0],[41.0],[1],[0],[0],[3.0000755513538024],1444.3802111902671,1444.3834225504538,,,,,,,,,,,,,,ED10,1,2024-01-19_13h45.25.498,rating,2023.2.3,60.03145725119949,2024-01-19 13h45.38.520787 +0800,
neu_152.jpg,0.0,294.0,294.0,251.0,1489.0617973011344,,,,,,,,,,,,,,,,,,,,,,,1489.0340873453474,,1489.0341172807898,1489.0341241231768,1489.0617973011344,1490.045143216857,1490.061798726632,1491.0451486337463,1491.0451486337463,1491.3784507011735,1491.2787160717403,1491.2787240545244,1491.3784507011735,1491.3784507011735,1491.3784507011735,1491.3784507011735,1491.3784507011735,1491.3784507011735,0.094389014776425,1492.9798982080931,[43.0],[-312.0],[1],[0],[0],[1.6001967756392332],1492.9808458786597,1492.9838984384537,,,,,,,,,,,,,,ED10,1,2024-01-19_13h45.25.498,rating,2023.2.3,60.03145725119949,2024-01-19 13h45.38.520787 +0800,
neu_153.jpg,0.0,226.0,226.0,252.0,1175.775584539399,,,,,,,,,,,,,,,,,,,,,,,1175.747430968871,,1175.7474606192131,1175.7474674616,1175.775584539399,1176.7589005196792,1176.775584539399,1177.7589087875635,1177.7589087875635,1178.0756060929175,1177.992526973259,1177.992534956043,1178.0756060929175,1178.0756060929175,1178.0756060929175,1178.0756060929175,1178.0756060929175,1178.0756060929175,0.0781993575001251,1178.743267661626,[364.0],[-295.0],[1],[0],[0],[0.666680541506139],1178.744052825507,1178.7470321147423,,,,,,,,,,,,,,ED10,1,2024-01-19_13h45.25.498,rating,2023.2.3,60.03145725119949,2024-01-19 13h45.38.520787 +0800,
neu_154.jpg,0.0,345.0,345.0,253.0,1725.230654006731,,,,,,,,,,,,,,,,,,,,,,,1725.203310403735,,1725.203341764674,1725.2033483219616,1725.230654006731,1726.2139970714584,1726.2306822315763,1727.2140195943152,1727.2140195943152,1727.564056429164,1727.447537710104,1727.447545692889,1727.564056429164,1727.564056429164,1727.564056429164,1727.564056429164,1727.564056429164,1727.564056429164,0.1107719694782645,1728.7323081537302,[32.0],[44.0],[1],[0],[0],[1.1666851030968246],1728.7333727150703,1728.7364660440858,,,,,,,,,,,,,,ED10,1,2024-01-19_13h45.25.498,rating,2023.2.3,60.03145725119949,2024-01-19 13h45.38.520787 +0800,
neu_155.jpg,0.0,38.0,38.0,254.0,244.70026981811816,,,,,,,,,,,,,,,,,,,,,,,244.6545432877897,,244.65457236793327,244.6545792103202,244.70026981811816,245.66692230583885,245.7002800816981,246.6669428329992,246.6669428329992,246.9336037596636,246.9004960160205,246.90050371370532,246.9336037596636,246.9336037596636,246.9336037596636,246.9336037596636,246.9336037596636,246.9336037596636,0.0290795735368192,248.30082068727236,[74.0],[-33.0],[1],[0],[0],[1.3668363198448787],248.3012731400968,248.3043767326917,,,,,,,,,,,,,,ED10,1,2024-01-19_13h45.25.498,rating,2023.2.3,60.03145725119949,2024-01-19 13h45.38.520787 +0800,
neu_156.jpg,0.0,267.0,267.0,255.0,1364.3773054566896,,,,,,,,,,,,,,,,,,,,,,,1364.3492453987797,,1364.349275904421,1364.3492827468076,1364.3773054566896,1365.3606756058648,1365.3773134394737,1366.3606838737492,1366.3606838737492,1366.694051514049,1366.5942379120684,1366.5942458948534,1366.694051514049,1366.694051514049,1366.694051514049,1366.694051514049,1366.694051514049,1366.694051514049,0.0948294934232762,1369.1453422732916,[64.0],[-300.0],[1],[0],[0],[2.4501178601121865],1369.146278254781,1369.1494137785144,,,,,,,,,,,,,,ED10,1,2024-01-19_13h45.25.498,rating,2023.2.3,60.03145725119949,2024-01-19 13h45.38.520787 +0800,
neu_157.jpg,0.0,255.0,255.0,256.0,1318.7269026681884,,,,,,,,,,,,,,,,,,,,,,,1318.6821679988411,,1318.6821976491842,1318.6822044915712,1318.7269026681884,1319.6935602876997,1319.7268687413548,1320.6935691257827,1320.6935691257827,1321.010168356926,1320.927127155494,1320.927135138279,1321.010168356926,1321.010168356926,1321.010168356926,1321.010168356926,1321.010168356926,1321.010168356926,0.078026872333794,1322.678035197238,[-16.0],[-323.0],[1],[0],[0],[1.666776334921451],1322.6789267032125,1322.6820180365316,,,,,,,,,,,,,,ED10,1,2024-01-19_13h45.25.498,rating,2023.2.3,60.03145725119949,2024-01-19 13h45.38.520787 +0800,
neu_158.jpg,0.0,5.0,5.0,257.0,32.66496538322508,,,,,,,,,,,,,,,,,,,,,,,32.6357144649196,,32.6357418344669,32.63574810665477,32.66496538322508,33.64828621019569,33.664949702755166,34.64829077178683,34.64829077178683,34.89829447808006,34.8818579246813,34.88186619256521,34.89829447808006,34.89829447808006,34.89829447808006,34.89829447808006,34.89829447808006,34.89829447808006,0.0126042466131366,40.06539126478083,[-54.0],[-239.0],[1],[0],[0],[5.1668213806342465],40.06576987684866,40.06884353400165,,,,,,,,,,,,,,ED10,1,2024-01-19_13h45.25.498,rating,2023.2.3,60.03145725119949,2024-01-19 13h45.38.520787 +0800,
neu_159.jpg,0.0,341.0,341.0,258.0,1706.4304802101065,,,,,,,,,,,,,,,,,,,,,,,1706.4031237776358,,1706.4031539981777,1706.4031608405644,1706.4304802101065,1707.4138227046355,1707.4304881928915,1708.4138295470225,1708.4138295470225,1708.763838727225,1708.6473850108391,1708.6473927085249,1708.763838727225,1708.763838727225,1708.763838727225,1708.763838727225,1708.763838727225,1708.763838727225,0.1107463105281567,1712.14873866302,[-14.0],[350.0],[1],[0],[0],[3.383381781232856],1712.1497789909076,1712.1528994043706,,,,,,,,,,,,,,ED10,1,2024-01-19_13h45.25.498,rating,2023.2.3,60.03145725119949,2024-01-19 13h45.38.520787 +0800,
neu_16.jpg,0.0,313.0,313.0,259.0,1588.3960581580063,,,,,,,,,,,,,,,,,,,,,,,1588.3517311808705,,1588.3517616865115,1588.3517685288984,1588.3960581580063,1589.3627414364678,1589.3960581580063,1590.3627334536836,1590.3627334536836,1590.6960087217626,1590.596264684047,1590.5962726668315,1590.6960087217626,1590.6960087217626,1590.6960087217626,1590.6960087217626,1590.6960087217626,1590.6960087217626,0.0943086167317233,1591.9974965417437,[-39.0],[-108.0],[1],[0],[0],[1.3000871263911904],1591.9985474183109,1592.001621645662,,,,,,,,,,,,,,ED10,1,2024-01-19_13h45.25.498,rating,2023.2.3,60.03145725119949,2024-01-19 13h45.38.520787 +0800,
neu_160.jpg,0.0,252.0,252.0,260.0,1301.3933936185615,,,,,,,,,,,,,,,,,,,,,,,1301.3486469750385,,1301.348678050878,1301.3486848932648,1301.3933936185615,1302.3600891562996,1302.3934016013468,1303.3600948582884,1303.3600948582884,1303.6766724218746,1303.593619816464,1303.5936275141498,1303.6766724218746,1303.6766724218746,1303.6766724218746,1303.6766724218746,1303.6766724218746,1303.6766724218746,0.0780511057864714,1304.261163068902,[398.0],[-313.0],[1],[0],[0],[0.5834109754159726],1304.262041460302,1304.2649987968805,,,,,,,,,,,,,,ED10,1,2024-01-19_13h45.25.498,rating,2023.2.3,60.03145725119949,2024-01-19 13h45.38.520787 +0800,
neu_161.jpg,0.0,113.0,113.0,261.0,608.0369585818926,,,,,,,,,,,,,,,,,,,,,,,607.9914307658796,,607.9914612715206,607.9914681139076,608.0369585818926,609.0036361583648,609.0369950746222,610.0036113547126,610.0036113547126,610.2869773984562,610.2371944731763,610.2372027410602,610.2869773984562,610.2869773984562,610.2869773984562,610.2869773984562,610.2869773984562,610.2869773984562,0.0455959547807651,615.2377199114594,[347.0],[89.0],[1],[0],[0],[4.950159484631513],615.2383351560693,615.2414059622279,,,,,,,,,,,,,,ED10,1,2024-01-19_13h45.25.498,rating,2023.2.3,60.03145725119949,2024-01-19 13h45.38.520787 +0800,
neu_162.jpg,0.0,190.0,190.0,262.0,1001.457256180101,,,,,,,,,,,,,,,,,,,,,,,1001.4289113078426,,1001.4289415283844,1001.428948085671,1001.457256180101,1002.440620057088,1002.4572829794492,1003.4406263292764,1003.4406263292764,1003.7406361937168,1003.6741820781922,1003.6741900609773,1003.7406361937168,1003.7406361937168,1003.7406361937168,1003.7406361937168,1003.7406361937168,1003.7406361937168,0.0617590978081352,1006.6749028095978,[-29.0],[276.0],[1],[0],[0],[2.9334076112427283],1006.6756423575677,1006.6787961276656,,,,,,,,,,,,,,ED10,1,2024-01-19_13h45.25.498,rating,2023.2.3,60.03145725119949,2024-01-19 13h45.38.520787 +0800,
neu_163.jpg,0.0,369.0,369.0,263.0,1822.1648884063736,,,,,,,,,,,,,,,,,,,,,,,1822.1377466537876,,1822.1377780147272,1822.1377848571144,1822.1648884063736,1823.1483016055656,1823.164900380551,1824.148260551245,1824.148260551245,1824.498302802984,1824.3817934922056,1824.381801189891,1824.498302802984,1824.498302802984,1824.498302802984,1824.498302802984,1824.498302802984,1824.498302802984,0.1105806677487635,1826.8335087645269,[94.0],[34.0],[1],[0],[0],[2.3334973605497],1826.8345924275304,1826.8376811949545,,,,,,,,,,,,,,ED10,1,2024-01-19_13h45.25.498,rating,2023.2.3,60.03145725119949,2024-01-19 13h45.38.520787 +0800,
neu_164.jpg,0.0,281.0,281.0,264.0,1434.611287714381,,,,,,,,,,,,,,,,,,,,,,,1434.5835284363889,,1434.5835583718313,1434.5835654993175,1434.611287714381,1435.5946826672084,1435.6112999736563,1436.5946598592525,1436.5946598592525,1436.9279833091382,1436.828175979345,1436.828183677031,1436.9279833091382,1436.9279833091382,1436.9279833091382,1436.9279833091382,1436.9279833091382,1436.9279833091382,0.0944791062020158,1439.0292560500952,[44.0],[269.0],[1],[0],[0],[2.1000342689530953],1439.030202295165,1439.0334056725665,,,,,,,,,,,,,,ED10,1,2024-01-19_13h45.25.498,rating,2023.2.3,60.03145725119949,2024-01-19 13h45.38.520787 +0800,
neu_165.jpg,0.0,57.0,57.0,265.0,330.567716535882,,,,,,,,,,,,,,,,,,,,,,,330.5385750957648,,330.53861615008555,330.5386224222734,330.567716535882,331.5510824085659,331.5677199570755,332.551086399958,332.551086399958,332.8177823938545,332.7845979584599,332.7846056561448,332.8177823938545,332.8177823938545,332.8177823938545,332.8177823938545,332.8177823938545,332.8177823938545,0.0292549096975562,335.75149848270075,[-343.0],[-90.0],[1],[0],[0],[2.9332607850269596],335.7519877133541,335.7551665722035,,,,,,,,,,,,,,ED10,1,2024-01-19_13h45.25.498,rating,2023.2.3,60.03145725119949,2024-01-19 13h45.38.520787 +0800,
neu_166.jpg,0.0,40.0,40.0,266.0,253.45033168469809,,,,,,,,,,,,,,,,,,,,,,,253.42119765716689,,253.42122730750955,253.4212338647967,253.45033168469809,254.43368843419967,254.45034137807943,255.43373405011152,255.43373405011152,255.70035449265424,255.66721880926525,255.6672267920494,255.70035449265424,255.70035449265424,255.70035449265424,255.70035449265424,255.70035449265424,255.70035449265424,0.0291739414542462,259.20085028059475,[81.0],[-55.0],[1],[0],[0],[3.500137988132792],259.20133323906066,259.2043524422188,,,,,,,,,,,,,,ED10,1,2024-01-19_13h45.25.498,rating,2023.2.3,60.03145725119949,2024-01-19 13h45.38.520787 +0800,
neu_167.jpg,0.0,104.0,104.0,267.0,560.0032179174741,,,,,,,,,,,,,,,,,,,,,,,559.9743843847609,,559.9744137500043,559.9744203072914,560.0032179174741,560.9865239192736,561.0032139260816,561.9865321871575,561.9865321871575,562.2698705762546,562.2200902168693,562.2200981996539,562.2698705762546,562.2698705762546,562.2698705762546,562.2698705762546,562.2698705762546,562.2698705762546,0.0455147014386057,563.170439292634,[-185.0],[-182.0],[1],[0],[0],[0.9000589585662055],563.1710277378957,563.1740942675624,,,,,,,,,,,,,,ED10,1,2024-01-19_13h45.25.498,rating,2023.2.3,60.03145725119949,2024-01-19 13h45.38.520787 +0800,
neu_168.jpg,0.0,117.0,117.0,268.0,631.4705113087548,,,,,,,,,,,,,,,,,,,,,,,631.4416623806715,,631.4416926012132,631.4416994436001,631.4705113087548,632.4538711943501,632.4705204319371,633.4538623562671,633.4538623562671,633.7372309659054,633.6873964376255,633.6874052757084,633.7372309659054,633.7372309659054,633.7372309659054,633.7372309659054,633.7372309659054,633.7372309659054,0.0455871166977885,637.1378299028265,[334.0],[40.0],[1],[0],[0],[3.4000578181680794],637.1384374497511,637.1415019837218,,,,,,,,,,,,,,ED10,1,2024-01-19_13h45.25.498,rating,2023.2.3,60.03145725119949,2024-01-19 13h45.38.520787 +0800,
neu_169.jpg,0.0,302.0,302.0,269.0,1549.0123536441984,,,,,,,,,,,,,,,,,,,,,,,1548.9679685067745,,1548.9679953061227,1548.9680012932108,1549.0123536441984,1549.97904690114,1550.012360201485,1550.9790374928584,1550.9790374928584,1551.3123857463956,1551.2125707189184,1551.2125787017026,1551.3123857463956,1551.3123857463956,1551.3123857463956,1551.3123857463956,1551.3123857463956,1551.3123857463956,0.0944440389694136,1552.813725998903,[-44.0],[267.0],[1],[0],[0],[1.5000401990218961],1552.8147201406796,1552.8179360624576,,,,,,,,,,,,,,ED10,1,2024-01-19_13h45.25.498,rating,2023.2.3,60.03145725119949,2024-01-19 13h45.38.520787 +0800,
neu_17.jpg,0.0,212.0,212.0,270.0,1116.958368067949,,,,,,,,,,,,,,,,,,,,,,,1116.930126686791,,1116.930157477531,1116.9301643199185,1116.958368067949,1117.9416891800197,1117.9583538129768,1118.941697447904,1118.941697447904,1119.2583702347051,1119.175247209732,1119.175255477615,1119.2583702347051,1119.2583702347051,1119.2583702347051,1119.2583702347051,1119.2583702347051,1119.2583702347051,0.0782643601742165,1123.1593406562074,[30.0],[70.0],[1],[0],[0],[3.9000546820743693],1123.1601152714088,1123.1631943454518,,,,,,,,,,,,,,ED10,1,2024-01-19_13h45.25.498,rating,2023.2.3,60.03145725119949,2024-01-19 13h45.38.520787 +0800,
neu_170.jpg,0.0,275.0,275.0,271.0,1405.111021146396,,,,,,,,,,,,,,,,,,,,,,,1405.0831769087697,,1405.083206844211,1405.083213686598,1405.111021146396,1406.0943607899303,1406.1110268483849,1407.0943947167648,1407.0943947167648,1407.427716456054,1407.3279176792453,1407.3279256620294,1407.427716456054,1407.427716456054,1407.427716456054,1407.427716456054,1407.427716456054,1407.427716456054,0.0945654913348335,1410.8290175929164,[16.0],[266.0],[1],[0],[0],[3.4001396417097567],1410.8300428105335,1410.8331726322772,,,,,,,,,,,,,,ED10,1,2024-01-19_13h45.25.498,rating,2023.2.3,60.03145725119949,2024-01-19 13h45.38.520787 +0800,
neu_171.jpg,0.0,237.0,237.0,272.0,1231.9427471840731,,,,,,,,,,,,,,,,,,,,,,,1231.9147048023292,,1231.9147353079702,1231.9147421503571,1231.9427471840731,1232.9261099206628,1232.9427526009626,1233.9261330137183,1233.9261330137183,1234.2427701630882,1234.15962860665,1234.159636304336,1234.2427701630882,1234.2427701630882,1234.2427701630882,1234.2427701630882,1234.2427701630882,1234.2427701630882,0.0780873134171997,1236.993804218787,[38.0],[-289.0],[1],[0],[0],[2.750073840757068],1236.9946384197733,1236.9977685266172,,,,,,,,,,,,,,ED10,1,2024-01-19_13h45.25.498,rating,2023.2.3,60.03145725119949,2024-01-19 13h45.38.520787 +0800,
neu_172.jpg,0.0,172.0,172.0,273.0,892.5396025941768,,,,,,,,,,,,,,,,,,,,,,,892.5110333486523,,892.5110632840947,892.5110701264816,892.5396025941768,893.5229952662089,893.5396442186961,894.5229667562639,894.5229667562639,894.822976050506,894.7565036886167,894.7565119565011,894.822976050506,894.822976050506,894.822976050506,894.822976050506,894.822976050506,894.822976050506,0.0619720670965762,897.757184791199,[55.0],[43.0],[1],[0],[0],[2.9334754649116803],897.7578904123334,897.7608406214254,,,,,,,,,,,,,,ED10,1,2024-01-19_13h45.25.498,rating,2023.2.3,60.03145725119949,2024-01-19 13h45.38.520787 +0800,
neu_173.jpg,0.0,309.0,309.0,274.0,1573.345913726626,,,,,,,,,,,,,,,,,,,,,,,1573.3182756159,,1573.318305266243,1573.31831210863,1573.345913726626,1574.329254225459,1574.345921709411,1575.3292753228184,1575.3292753228184,1575.662602478997,1575.5628205230546,1575.5628290760385,1575.662602478997,1575.662602478997,1575.662602478997,1575.662602478997,1575.662602478997,1575.662602478997,0.0943528071466062,1576.4639945055635,[187.0],[-311.0],[1],[0],[0],[0.8000301065021631],1576.4650388248433,1576.4681287326644,,,,,,,,,,,,,,ED10,1,2024-01-19_13h45.25.498,rating,2023.2.3,60.03145725119949,2024-01-19 13h45.38.520787 +0800,
neu_174.jpg,0.0,56.0,56.0,275.0,326.1510257307955,,,,,,,,,,,,,,,,,,,,,,,326.1219404552694,,326.1219703907118,326.1219772330983,326.1510257307955,327.1343437067717,327.15101233112136,328.1343596723409,328.1343596723409,328.40102943708825,328.3678894772074,328.36789745999204,328.40102943708825,328.40102943708825,328.40102943708825,328.40102943708825,328.40102943708825,328.40102943708825,0.0291043771885597,330.53482375722297,[329.0],[-307.0],[1],[0],[0],[2.1333757941442855],330.5353124176777,330.5383715347589,,,,,,,,,,,,,,ED10,1,2024-01-19_13h45.25.498,rating,2023.2.3,60.03145725119949,2024-01-19 13h45.38.520787 +0800,
neu_175.jpg,0.0,330.0,330.0,276.0,1658.9967053907744,,,,,,,,,,,,,,,,,,,,,,,1658.9807489448472,1658.9967053907744,1659.9802611396904,1659.980268837376,1660.01338114261,1660.9800766803478,1661.0133876998975,1661.9801077561874,1661.9801077561874,1662.3301363231526,1662.2136164636945,1662.2136244464796,1662.3301363231526,1662.3301363231526,1662.3301363231526,1662.3301363231526,1662.3301363231526,1662.3301363231526,0.099581531028889,1663.7481137820491,[81.0],[48.0],[1],[0],[0],[1.4165445490698403],1663.7491216085996,1663.7522485793493,,,,,,1660.01338114261,,,,,,,,ED10,1,2024-01-19_13h45.25.498,rating,2023.2.3,60.03145725119949,2024-01-19 13h45.38.520787 +0800,
neu_176.jpg,0.0,189.0,189.0,277.0,994.9572185469738,,,,,,,,,,,,,,,,,,,,,,,994.9121648513432,,994.9121947867856,994.9122016291726,994.9572185469738,995.923891846954,995.9572185469738,996.9239026807332,996.9239026807332,997.2239051325882,997.1574547233564,997.1574629912408,997.2239051325882,997.2239051325882,997.2239051325882,997.2239051325882,997.2239051325882,997.2239051325882,0.0617619488029959,1001.4247685277584,[26.0],[254.0],[1],[0],[0],[4.200059984924337],1001.4255243263956,1001.4286866494772,,,,,,,,,,,,,,ED10,1,2024-01-19_13h45.25.498,rating,2023.2.3,60.03145725119949,2024-01-19 13h45.38.520787 +0800,
neu_177.jpg,0.0,200.0,200.0,278.0,1046.5577038432543,,,,,,,,,,,,,,,,,,,,,,,1046.5294051571068,,1046.5294356627478,1046.5294425051347,1046.5577038432543,1047.541038925198,1047.5577021326576,1048.541044056988,1048.541044056988,1048.8577348050544,1048.7746613873855,1048.7746705105678,1048.8577348050544,1048.8577348050544,1048.8577348050544,1048.8577348050544,1048.8577348050544,1048.8577348050544,0.0783518857051603,1053.192110557004,[123.0],[-47.0],[1],[0],[0],[4.333520453605161],1053.1930243007369,1053.196125042337,,,,,,,,,,,,,,ED10,1,2024-01-19_13h45.25.498,rating,2023.2.3,60.03145725119949,2024-01-19 13h45.38.520787 +0800,
neu_178.jpg,0.0,169.0,169.0,279.0,871.7894092967513,,,,,,,,,,,,,,,,,,,,,,,871.760775333652,,871.7608061243923,871.7608129667792,871.7894092967513,872.7727492253848,872.7894169944361,873.7727640505559,873.7727640505559,874.0727690683066,874.0063138123837,874.0063223653674,874.0727690683066,874.0727690683066,874.0727690683066,874.0727690683066,874.0727690683066,874.0727690683066,0.0620154022126371,877.0736588636851,[201.0],[-65.0],[1],[0],[0],[3.000146256017615],877.0744058242394,877.0773808369836,,,,,,,,,,,,,,ED10,1,2024-01-19_13h45.25.498,rating,2023.2.3,60.03145725119949,2024-01-19 13h45.38.520787 +0800,
neu_179.jpg,0.0,358.0,358.0,280.0,1774.7811245918806,,,,,,,,,,,,,,,,,,,,,,,1774.753874786603,,1774.7539044369455,1774.7539112793324,1774.7811245918806,1775.7644819115808,1775.7811502508307,1776.764496736752,1776.764496736752,1777.1144714199204,1776.9980442177844,1776.9980524856678,1777.1144714199204,1777.1144714199204,1777.1144714199204,1777.1144714199204,1777.1144714199204,1777.1144714199204,0.1106242879641286,1778.166252037036,[348.0],[81.0],[1],[0],[0],[1.0501581161543072],1778.167366490779,1778.1704375820375,,,,,,,,,,,,,,ED10,1,2024-01-19_13h45.25.498,rating,2023.2.3,60.03145725119949,2024-01-19 13h45.38.520787 +0800,
neu_18.jpg,0.0,15.0,15.0,281.0,106.66564705600604,,,,,,,,,,,,,,,,,,,,,,,106.61975573819656,,106.61978310774384,106.61978909483196,106.66564705600604,107.63230638611368,107.66563365633192,108.63231208810248,108.63231208810248,108.88231664969362,108.86586812211816,108.86587610490278,108.88231664969362,108.88231664969362,108.88231664969362,108.88231664969362,108.88231664969362,108.88231664969362,0.0125811535576758,111.63283296479494,[351.0],[50.0],[1],[0],[0],[2.750191871928564],111.63326517555834,111.63632970952948,,,,,,,,,,,,,,ED10,1,2024-01-19_13h45.25.498,rating,2023.2.3,60.03145725119949,2024-01-19 13h45.38.520787 +0800,
neu_180.jpg,0.0,266.0,266.0,282.0,1360.4439414656622,,,,,,,,,,,,,,,,,,,,,,,1360.4160136938967,,1360.4160436293391,1360.4160504717252,1360.4439414656622,1361.4272805389978,1361.4439460272529,1362.4272879515834,1362.4272879515834,1362.7606313584306,1362.6608194670466,1362.6608274498308,1362.7606313584306,1362.7606313584306,1362.7606313584306,1362.7606313584306,1362.7606313584306,1362.7606313584306,0.0946433234839787,1364.3450350501266,[-26.0],[-291.0],[1],[0],[0],[1.5832721319848133],1364.345924560405,1364.3490198851164,,,,,,,,,,,,,,ED10,1,2024-01-19_13h45.25.498,rating,2023.2.3,60.03145725119949,2024-01-19 13h45.38.520787 +0800,
neu_181.jpg,0.0,235.0,235.0,283.0,1221.7760059163834,,,,,,,,,,,,,,,,,,,,,,,1221.7477964663635,,1221.7478258316064,1221.7478326739931,1221.7760059163834,1222.75932930925,1222.7759939422072,1223.759335296338,1223.759335296338,1224.07600295135,1223.9928984578405,1223.992906725724,1224.07600295135,1224.07600295135,1224.07600295135,1224.07600295135,1224.07600295135,1224.07600295135,0.0782318588362613,1226.993891459219,[-28.0],[248.0],[1],[0],[0],[2.916847894883176],1226.9947575913434,1226.9979102210432,,,,,,,,,,,,,,ED10,1,2024-01-19_13h45.25.498,rating,2023.2.3,60.03145725119949,2024-01-19 13h45.38.520787 +0800,
neu_182.jpg,0.0,4.0,4.0,284.0,27.84827406495924,,,,,,,,,,,,,,,,,,,,,,,27.818996347305983,,27.819025997648623,27.819032840035103,27.84827406495924,28.83160515551026,28.848276915953647,29.831589760140105,29.831589760140105,30.081581207156887,30.065114433216426,30.06512241600103,30.081581207156887,30.081581207156887,30.081581207156887,30.081581207156887,30.081581207156887,30.081581207156887,0.0126016807180349,32.63203297574273,[364.0],[-309.0],[1],[0],[0],[2.5501626777454476],32.632429263976064,32.63548866615656,,,,,,,,,,,,,,ED10,1,2024-01-19_13h45.25.498,rating,2023.2.3,60.03145725119949,2024-01-19 13h45.38.520787 +0800,
neu_183.jpg,0.0,13.0,13.0,285.0,91.78216206877278,,,,,,,,,,,,,,,,,,,,,,,91.75279682558858,,91.75282733122958,91.75283417361652,91.78216206877278,92.7655459027219,92.78216463466788,93.7655353540422,93.7655353540422,94.0155464729205,93.9990597420192,93.9990677248038,94.0155464729205,94.0155464729205,94.0155464729205,94.0155464729205,94.0155464729205,94.0155464729205,0.0127653278018442,99.21588642550296,[119.0],[99.0],[1],[0],[0],[5.200036036570054],99.21629753890738,99.21935722618764,,,,,,,,,,,,,,ED10,1,2024-01-19_13h45.25.498,rating,2023.2.3,60.03145725119949,2024-01-19 13h45.38.520787 +0800,
neu_184.jpg,0.0,245.0,245.0,286.0,1269.3764310566808,,,,,,,,,,,,,,,,,,,,,,,1269.3484907405405,,1269.3485212461817,1269.3485280885675,1269.3764310566808,1270.3597872359835,1270.3764316268805,1271.3598000654588,1271.3598000654588,1271.6764560313927,1271.593308772966,1271.5933170408505,1271.6764560313927,1271.6764560313927,1271.6764560313927,1271.6764560313927,1271.6764560313927,1271.6764560313927,0.0779892392065448,1273.7609281469563,[334.0],[-316.0],[1],[0],[0],[2.0834386300630285],1273.76185158407,1273.7649517554714,,,,,,,,,,,,,,ED10,1,2024-01-19_13h45.25.498,rating,2023.2.3,60.03145725119949,2024-01-19 13h45.38.520787 +0800,
neu_185.jpg,0.0,7.0,7.0,287.0,49.01510029228393,,,,,,,,,,,,,,,,,,,,,,,48.98573989579063,,48.98577068653094,48.98577724381812,49.01510029228393,49.99846017787922,50.0151037134774,50.99844563780744,50.99844563780744,51.248447633503474,51.23200252712149,51.23201079500541,51.248447633503474,51.248447633503474,51.248447633503474,51.248447633503474,51.248447633503474,51.248447633503474,0.012724558580885,55.71553062139128,[-57.0],[-52.0],[1],[0],[0],[4.466738587754207],55.71589212749177,55.71898175021397,,,,,,,,,,,,,,ED10,1,2024-01-19_13h45.25.498,rating,2023.2.3,60.03145725119949,2024-01-19 13h45.38.520787 +0800,
neu_186.jpg,0.0,318.0,318.0,288.0,1604.679566751474,,,,,,,,,,,,,,,,,,,,,,,1604.6520632076877,,1604.6520905772354,1604.6520965643235,1604.679566751474,1605.662878455263,1605.6795661812753,1606.6628810211582,1606.6628810211582,1607.01289533315,1606.896470982008,1606.896478964792,1607.01289533315,1607.01289533315,1607.01289533315,1607.01289533315,1607.01289533315,1607.01289533315,0.1108629162026773,1608.1143414145722,[57.0],[261.0],[1],[0],[0],[1.10004510273302],1608.115338692443,1608.1184097837008,,,,,,,,,,,,,,ED10,1,2024-01-19_13h45.25.498,rating,2023.2.3,60.03145725119949,2024-01-19 13h45.38.520787 +0800,
neu_187.jpg,0.0,146.0,146.0,289.0,774.0718367931104,,,,,,,,,,,,,,,,,,,,,,,774.0429907160214,,774.0430203663641,774.0430269236517,774.0718367931104,775.0551784323407,775.0718439205962,776.0551864151253,776.0551864151253,776.3551897222787,776.2887210666827,776.2887290494668,776.3551897222787,776.3551897222787,776.3551897222787,776.3551897222787,776.3551897222787,776.3551897222787,0.0622220993127484,779.155884395595,[-183.0],[-204.0],[1],[0],[0],[2.800045786971168],779.1565466816137,779.1595969606119,,,,,,,,,,,,,,ED10,1,2024-01-19_13h45.25.498,rating,2023.2.3,60.03145725119949,2024-01-19 13h45.38.520787 +0800,
neu_188.jpg,0.0,66.0,66.0,290.0,371.4680956611287,,,,,,,,,,,,,,,,,,,,,,,371.4390565717136,,371.4390862220562,371.43909277934335,371.4680956611287,372.4514387258564,372.46809822702335,373.4514489894364,373.4514489894364,373.7181184690844,373.68500445325344,373.6850124360381,373.7181184690844,373.7181184690844,373.7181184690844,373.7181184690844,373.7181184690844,373.7181184690844,0.0290809990342495,376.15195658049424,[43.0],[26.0],[1],[0],[0],[2.433420440717782],376.1524823038772,376.1555379997649,,,,,,,,,,,,,,ED10,1,2024-01-19_13h45.25.498,rating,2023.2.3,60.03145725119949,2024-01-19 13h45.38.520787 +0800,
neu_189.jpg,0.0,184.0,184.0,291.0,960.5735821719333,,,,,,,,,,,,,,,,,,,,,,,960.528306668932,,960.5283377447718,960.5283445871588,960.5735821719333,961.5402417871404,961.5736260772488,962.5402477742286,962.5402477742286,962.840254502576,962.773840300974,962.7738479986588,962.840254502576,962.840254502576,962.840254502576,962.840254502576,962.840254502576,962.840254502576,0.0619695012010197,966.2410886465418,[-44.0],[264.0],[1],[0],[0],[3.4000600989629675],966.2417857146934,966.2447564509451,,,,,,,,,,,,,,ED10,1,2024-01-19_13h45.25.498,rating,2023.2.3,60.03145725119949,2024-01-19 13h45.38.520787 +0800,
neu_19.jpg,0.0,14.0,14.0,292.0,99.248891818444,,,,,,,,,,,,,,,,,,,,,,,99.21958245475209,,99.21961210509473,99.21961866238188,99.248891818444,100.23224970834326,100.24889837573164,101.23225569543185,101.23225569543185,101.48224657224957,101.4657755218177,101.46578293440324,101.48224657224957,101.48224657224957,101.48224657224957,101.48224657224957,101.48224657224957,101.48224657224957,0.012679797966939,106.61607966590918,[273.0],[-310.0],[1],[0],[0],[5.133540011427158],106.61648878361756,106.6195270884391,,,,,,,,,,,,,,ED10,1,2024-01-19_13h45.25.498,rating,2023.2.3,60.03145725119949,2024-01-19 13h45.38.520787 +0800,
neu_190.jpg,0.0,84.0,84.0,293.0,453.1521866557491,,,,,,,,,,,,,,,,,,,,,,,453.1233474210476,,453.12337422039536,453.12338020748393,453.1521866557491,454.1355371330628,454.1522151656941,455.1355779022838,455.1355779022838,455.4021803835613,455.369068078327,455.3690763462109,455.4021803835613,455.4021803835613,455.4021803835613,455.4021803835613,455.4021803835613,455.4021803835613,0.0288623277569968,456.9694068334916,[374.0],[-305.0],[1],[0],[0],[1.5667406404704707],456.96994937774207,456.9730486938456,,,,,,,,,,,,,,ED10,1,2024-01-19_13h45.25.498,rating,2023.2.3,60.03145725119949,2024-01-19 13h45.38.520787 +0800,
neu_191.jpg,0.0,203.0,203.0,294.0,1060.024488617119,,,,,,,,,,,,,,,,,,,,,,,1059.9961032607391,,1059.9961369024743,1059.9961434597612,1060.024488617119,1061.0078550600024,1061.02449346381,1062.0078396646318,1062.0078396646318,1062.3245249958095,1062.2413894264596,1062.2413974092449,1062.3245249958095,1062.3245249958095,1062.3245249958095,1062.3245249958095,1062.3245249958095,1062.3245249958095,0.0784402665340167,1065.992085354213,[347.0],[28.0],[1],[0],[0],[3.66670990674902],1065.9928494207347,1065.995946456043,,,,,,,,,,,,,,ED10,1,2024-01-19_13h45.25.498,rating,2023.2.3,60.03145725119949,2024-01-19 13h45.38.520787 +0800,
neu_192.jpg,0.0,150.0,150.0,295.0,798.4387552215962,,,,,,,,,,,,,,,,,,,,,,,798.4228461021776,798.4387552215962,799.4222858817611,799.4222932943471,799.4554229906475,800.4220803250591,800.455424416145,801.4221148220922,801.4221148220922,801.7220827769142,801.6556691455112,801.6556774133956,801.7220827769142,801.7220827769142,801.7220827769142,801.7220827769142,801.7220827769142,801.7220827769142,0.049446507930952,804.006052946389,[58.0],[21.0],[1],[0],[0],[2.2833247043236042],804.0067106708161,804.0097954468479,,,,,,799.4554229906475,,,,,,,,ED10,1,2024-01-19_13h45.25.498,rating,2023.2.3,60.03145725119949,2024-01-19 13h45.38.520787 +0800,
neu_2.jpg,0.0,52.0,52.0,296.0,308.95084742960034,,,,,,,,,,,,,,,,,,,,,,,308.92168289642814,,308.9217128318701,308.9217199593563,308.95084742960034,309.93418878373177,309.950855982584,310.9341933453229,310.9341933453229,311.20086995245674,311.167732558471,311.1677402561563,311.20086995245674,311.20086995245674,311.20086995245674,311.20086995245674,311.20086995245674,311.20086995245674,0.029206157691533,314.1679683357147,[-79.0],[49.0],[1],[0],[0],[2.966706656616225],314.16841708224683,314.17143314931127,,,,,,,,,,,,,,ED10,1,2024-01-19_13h45.25.498,rating,2023.2.3,60.03145725119949,2024-01-19 13h45.38.520787 +0800,
neu_20.jpg,0.0,340.0,340.0,297.0,1702.0804513580429,,,,,,,,,,,,,,,,,,,,,,,1702.053182166003,,1702.053211816346,1702.053218658733,1702.0804513580429,1703.0637875803836,1703.0804419497613,1704.0637895760797,1704.0637895760797,1704.4137950499894,1704.2973185256485,1704.2973267935315,1704.4137950499894,1704.4137950499894,1704.4137950499894,1704.4137950499894,1704.4137950499894,1704.4137950499894,0.1106385429366128,1706.3986574096775,[-46.0],[190.0],[1],[0],[0],[1.9833738554680167],1706.3997028693552,1706.4029005447678,,,,,,,,,,,,,,ED10,1,2024-01-19_13h45.25.498,rating,2023.2.3,60.03145725119949,2024-01-19 13h45.38.520787 +0800,
neu_21.jpg,0.0,250.0,250.0,298.0,1293.4599834414244,,,,,,,,,,,,,,,,,,,,,,,1293.4319595911445,,1293.431989811686,1293.431996654073,1293.4599834414244,1294.443344467417,1294.4599914242085,1295.4433359144336,1295.4433359144336,1295.759998152556,1295.6768728467864,1295.6768808295706,1295.759998152556,1295.759998152556,1295.759998152556,1295.759998152556,1295.759998152556,1295.759998152556,0.0780636501622211,1298.0944930760747,[-48.0],[-321.0],[1],[0],[0],[2.333406413825287],1298.0954356148509,1298.0989540271437,,,,,,,,,,,,,,ED10,1,2024-01-19_13h45.25.498,rating,2023.2.3,60.03145725119949,2024-01-19 13h45.38.520787 +0800,
neu_22.jpg,0.0,362.0,362.0,299.0,1790.6312421098723,,,,,,,,,,,,,,,,,,,,,,,1790.6039894536011,,1790.6040193890435,1790.6040265165298,1790.6312421098723,1791.6146270842196,1791.63126947942,1792.6146111186504,1792.6146111186504,1792.9646191584548,1792.8481959477108,1792.848203930495,1792.9646191584548,1792.9646191584548,1792.9646191584548,1792.9646191584548,1792.9646191584548,1792.9646191584548,0.1106562191025659,1795.6496723637142,[-44.0],[170.0],[1],[0],[0],[2.68341473872988],1795.6507694263914,1795.653947429943,,,,,,,,,,,,,,ED10,1,2024-01-19_13h45.25.498,rating,2023.2.3,60.03145725119949,2024-01-19 13h45.38.520787 +0800,
neu_23.jpg,0.0,9.0,9.0,300.0,63.56524529386343,,,,,,,,,,,,,,,,,,,,,,,63.5360069199337,,63.5360348596796,63.536040846768174,63.56524529386343,64.54857068242563,64.56528093129464,65.54857809501118,65.54857809501118,65.79858237150302,65.78214353730891,65.78215123499376,65.79858237150302,65.79858237150302,65.79858237150302,65.79858237150302,65.79858237150302,65.79858237150302,0.0125945532322475,70.29902684154285,[369.0],[-265.0],[1],[0],[0],[4.500156234497808],70.29941543209088,70.30248424255342,,,,,,,,,,,,,,ED10,1,2024-01-19_13h45.25.498,rating,2023.2.3,60.03145725119949,2024-01-19 13h45.38.520787 +0800,
neu_24.jpg,0.0,167.0,167.0,301.0,862.9559934746435,,,,,,,,,,,,,,,,,,,,,,,862.9273871661912,,862.9274165314341,862.9274233738211,862.9559934746435,863.9393479433497,863.9559997468318,864.9393556410346,864.9393556410346,865.2393683564701,865.1729173770395,865.1729256449239,865.2393683564701,865.2393683564701,865.2393683564701,865.2393683564701,865.2393683564701,865.2393683564701,0.0620111257203461,867.5734119675622,[-25.0],[-331.0],[1],[0],[0],[2.3333402707530695],867.5741324138685,867.5772736395907,,,,,,,,,,,,,,ED10,1,2024-01-19_13h45.25.498,rating,2023.2.3,60.03145725119949,2024-01-19 13h45.38.520787 +0800,
neu_25.jpg,0.0,289.0,289.0,302.0,1467.811500797708,,,,,,,,,,,,,,,,,,,,,,,1467.7837264094464,,1467.7837546342912,1467.7837606213802,1467.811500797708,1468.7949695912926,1468.8116082802003,1469.7949539108236,1469.7949539108236,1470.1283149938358,1470.028505383248,1470.0285136511316,1470.1283149938358,1470.1283149938358,1470.1283149938358,1470.1283149938358,1470.1283149938358,1470.1283149938358,0.0946165241366543,1473.3295909279072,[26.0],[-320.0],[1],[0],[0],[3.200031189879155],1473.3305619766284,1473.333591443367,,,,,,,,,,,,,,ED10,1,2024-01-19_13h45.25.498,rating,2023.2.3,60.03145725119949,2024-01-19 13h45.38.520787 +0800,
neu_26.jpg,0.0,304.0,304.0,303.0,1555.9957523033186,,,,,,,,,,,,,,,,,,,,,,,1555.9680215352723,,1555.9680511856145,1555.9680580280017,1555.9957523033186,1556.979095082947,1556.9957617116002,1557.979136422367,1557.979136422367,1558.3124635785457,1558.2126579593491,1558.2126665123328,1558.3124635785457,1558.3124635785457,1558.3124635785457,1558.3124635785457,1558.3124635785457,1558.3124635785457,0.0944671320257839,1559.4139184980509,[380.0],[-291.0],[1],[0],[0],[1.1001317729642324],1559.415039223982,1559.4182009768651,,,,,,,,,,,,,,ED10,1,2024-01-19_13h45.25.498,rating,2023.2.3,60.03145725119949,2024-01-19 13h45.38.520787 +0800,
neu_27.jpg,0.0,222.0,222.0,304.0,1160.4421122676008,,,,,,,,,,,,,,,,,,,,,,,1160.4139356040173,,1160.4139652543604,1160.4139723818466,1160.4421122676008,1161.425426252185,1161.4420897447449,1162.42543423497,1162.42543423497,1162.7421047409755,1162.6589825713004,1162.6589908391848,1162.7421047409755,1162.7421047409755,1162.7421047409755,1162.7421047409755,1162.7421047409755,1162.7421047409755,0.0781970767038728,1163.5765403638093,[375.0],[-261.0],[1],[0],[0],[0.8334551658308555],1163.577397087652,1163.5804664683133,,,,,,,,,,,,,,ED10,1,2024-01-19_13h45.25.498,rating,2023.2.3,60.03145725119949,2024-01-19 13h45.38.520787 +0800,
neu_28.jpg,0.0,10.0,10.0,305.0,70.33195839372684,,,,,,,,,,,,,,,,,,,,,,,70.30270947111785,,70.30273912146049,70.30274567874767,70.33195839372684,71.31530031805687,71.33198861426854,72.31530516474777,72.31530516474777,72.56535306145497,72.54884181200077,72.54885007988469,72.56535306145497,72.56535306145497,72.56535306145497,72.56535306145497,72.56535306145497,72.56535306145497,0.012660126105402,78.73253452269228,[165.0],[-263.0],[1],[0],[0],[6.166801138573192],78.73291170926223,78.73600902966973,,,,,,,,,,,,,,ED10,1,2024-01-19_13h45.25.498,rating,2023.2.3,60.03145725119949,2024-01-19 13h45.38.520787 +0800,
neu_29.jpg,0.0,100.0,100.0,306.0,541.553011106334,,,,,,,,,,,,,,,,,,,,,,,541.5240278964106,,541.5240552659579,541.5240615381458,541.553011106334,542.5363644346421,542.5530527308538,543.5363553114598,543.5363553114598,543.8196976919489,543.7699367193263,543.7699458425086,543.8196976919489,543.8196976919489,543.8196976919489,543.8196976919489,543.8196976919489,543.8196976919489,0.0457017266762704,546.5702430871938,[-8.0],[-29.0],[1],[0],[0],[2.750017676165953],546.5708135711898,546.5738718329726,,,,,,,,,,,,,,ED10,1,2024-01-19_13h45.25.498,rating,2023.2.3,60.03145725119949,2024-01-19 13h45.38.520787 +0800,
neu_3.jpg,0.0,349.0,349.0,307.0,1739.3641264495875,,,,,,,,,,,,,,,,,,,,,,,1739.3367403667748,,1739.3367705873166,1739.3367771446033,1739.3641264495875,1740.3474737908075,1740.3641273048866,1741.347470084515,1741.347470084515,1741.697475558425,1741.5810030254756,1741.5810115784584,1741.697475558425,1741.697475558425,1741.697475558425,1741.697475558425,1741.697475558425,1741.697475558425,0.1107631313952879,1743.6823898062123,[-34.0],[235.0],[1],[0],[0],[1.9833615961915712],1743.6834480953644,1743.6866069972525,,,,,,,,,,,,,,ED10,1,2024-01-19_13h45.25.498,rating,2023.2.3,60.03145725119949,2024-01-19 13h45.38.520787 +0800,
neu_30.jpg,0.0,98.0,98.0,308.0,529.5529150278198,,,,,,,,,,,,,,,,,,,,,,,529.5238807850956,,529.5239081546424,529.5239144268303,529.5529150278198,530.536238420686,530.552948669555,531.5362475438683,531.5362475438683,531.8195856478656,531.7697881825138,531.7697964503977,531.8195856478656,531.8195856478656,531.8195856478656,531.8195856478656,531.8195856478656,531.8195856478656,0.0457253899303395,536.6702491313022,[-18.0],[236.0],[1],[0],[0],[4.8501776739763045],536.670815623906,536.6738904214567,,,,,,,,,,,,,,ED10,1,2024-01-19_13h45.25.498,rating,2023.2.3,60.03145725119949,2024-01-19 13h45.38.520787 +0800,
neu_31.jpg,0.0,101.0,101.0,309.0,546.6030537572115,,,,,,,,,,,,,,,,,,,,,,,546.5740987721338,,546.574128992675,546.5741361201613,546.6030537572115,547.5864048047238,547.6030600293993,548.5864073706189,548.5864073706189,548.8697671421746,548.8200075950494,548.820017003331,548.8697671421746,548.8697671421746,548.8697671421746,548.8697671421746,548.8697671421746,548.8697671421746,0.045690607797951,551.4703279898094,[-15.0],[-16.0],[1],[0],[0],[2.6000488090253384],551.4709292645462,551.4739062729864,,,,,,,,,,,,,,ED10,1,2024-01-19_13h45.25.498,rating,2023.2.3,60.03145725119949,2024-01-19 13h45.38.520787 +0800,
neu_32.jpg,0.0,91.0,91.0,310.0,492.10254770569054,,,,,,,,,,,,,,,,,,,,,,,492.0735987077014,,492.07363006864034,492.0736369110273,492.10254770569054,493.0858913406173,493.1025576841712,494.0859053104905,494.0859053104905,494.3692582396593,494.3194770249757,494.31948500776025,494.3692582396593,494.3692582396593,494.3692582396593,494.3692582396593,494.3692582396593,494.3692582396593,0.0456777783224424,497.8697466150143,[-34.0],[-52.0],[1],[0],[0],[3.500030220541703],497.8703002781431,497.8734007346443,,,,,,,,,,,,,,ED10,1,2024-01-19_13h45.25.498,rating,2023.2.3,60.03145725119949,2024-01-19 13h45.38.520787 +0800,
neu_33.jpg,0.0,166.0,166.0,311.0,858.3726172813599,,,,,,,,,,,,,,,,,,,,,,,858.3440591547146,,858.3440896603556,858.3440965027416,858.3726172813599,859.3559583503916,859.3726417999128,860.355968613972,860.355968613972,860.6559870313963,860.5894992741364,860.5895072569215,860.6559870313963,860.6559870313963,860.6559870313963,860.6559870313963,860.6559870313963,860.6559870313963,0.0619466932457726,862.9233695447642,[-86.0],[-321.0],[1],[0],[0],[2.266663777658323],862.9240301201867,862.9271605121298,,,,,,,,,,,,,,ED10,1,2024-01-19_13h45.25.498,rating,2023.2.3,60.03145725119949,2024-01-19 13h45.38.520787 +0800,
neu_34.jpg,0.0,337.0,337.0,312.0,1688.3469788581656,,,,,,,,,,,,,,,,,,,,,,,1688.3029041940413,,1688.3029338443837,1688.3029406867704,1688.3469788581656,1689.3136544389413,1689.3469848452537,1690.313653013444,1690.313653013444,1690.6636670403373,1690.547198213681,1690.5472061964651,1690.6636670403373,1690.6636670403373,1690.6636670403373,1690.6636670403373,1690.6636670403373,1690.6636670403373,0.1107882201476968,1694.1653362976072,[67.0],[-277.0],[1],[0],[0],[3.5001528133043394],1694.1663746297986,1694.169436312775,,,,,,,,,,,,,,ED10,1,2024-01-19_13h45.25.498,rating,2023.2.3,60.03145725119949,2024-01-19 13h45.38.520787 +0800,
neu_35.jpg,0.0,257.0,257.0,313.0,1326.3936197024243,,,,,,,,,,,,,,,,,,,,,,,1326.3655910054545,,1326.365622081294,1326.365628923681,1326.3936197024243,1327.3769633373518,1327.3936276852096,1328.3769621969536,1328.3769621969536,1328.6935699810806,1328.6105148097763,1328.6105227925605,1328.6935699810806,1328.6935699810806,1328.6935699810806,1328.6935699810806,1328.6935699810806,1328.6935699810806,0.078002638880207,1331.5283126560205,[-60.0],[277.0],[1],[0],[0],[2.8336054132396384],1331.5292301060458,1331.5323661999778,,,,,,,,,,,,,,ED10,1,2024-01-19_13h45.25.498,rating,2023.2.3,60.03145725119949,2024-01-19 13h45.38.520787 +0800,
neu_36.jpg,0.0,116.0,116.0,314.0,627.370473333508,,,,,,,,,,,,,,,,,,,,,,,627.3417335985137,,627.3417641041547,627.3417706614423,627.370473333508,628.3538192492306,628.3704818864917,629.3538218151257,629.3538218151257,629.6371570681285,629.5873524752906,629.5873601729754,629.6371570681285,629.6371570681285,629.6371570681285,629.6371570681285,629.6371570681285,629.6371570681285,0.0454420010787544,631.4377240168915,[-41.0],[39.0],[1],[0],[0],[1.8000392296844439],631.4383455336892,631.4414360117098,,,,,,,,,,,,,,ED10,1,2024-01-19_13h45.25.498,rating,2023.2.3,60.03145725119949,2024-01-19 13h45.38.520787 +0800,
neu_37.jpg,0.0,353.0,353.0,315.0,1753.5142640956014,,,,,,,,,,,,,,,,,,,,,,,1753.4705289849203,,1753.4705594905613,1753.4705663329482,1753.5142640956014,1754.480928842599,1754.514279490972,1755.4809359700853,1755.4809359700853,1755.8309363122048,1755.7145202289462,1755.7145282117312,1755.8309363122048,1755.8309363122048,1755.8309363122048,1755.8309363122048,1755.8309363122048,1755.8309363122048,0.1104341266327537,1757.4658758768232,[71.0],[-317.0],[1],[0],[0],[1.6333863428244513],1757.4669709438044,1757.4700252141952,,,,,,,,,,,,,,ED10,1,2024-01-19_13h45.25.498,rating,2023.2.3,60.03145725119949,2024-01-19 13h45.38.520787 +0800,
neu_38.jpg,0.0,261.0,261.0,316.0,1341.9437638487057,,,,,,,,,,,,,,,,,,,,,,,1341.9158625911891,,1341.9158933819294,1341.9159002243164,1341.9437638487057,1342.927107198533,1342.9437712612912,1343.927137989273,1343.927137989273,1344.260454311673,1344.1606717855325,1344.1606797683166,1344.260454311673,1344.260454311673,1344.260454311673,1344.260454311673,1344.260454311673,1344.260454311673,0.094615098639224,1345.6782430347353,[-17.0],[317.0],[1],[0],[0],[1.4166913752851542],1345.6791177198434,1345.6822104786593,,,,,,,,,,,,,,ED10,1,2024-01-19_13h45.25.498,rating,2023.2.3,60.03145725119949,2024-01-19 13h45.38.520787 +0800,
neu_39.jpg,0.0,283.0,283.0,317.0,1444.4114124738994,,,,,,,,,,,,,,,,,,,,,,,1444.3836226902672,,1444.3836497747147,1444.3836557618029,1444.4114124738994,1445.3947224670906,1445.4114324308607,1446.3947341561684,1446.3947341561684,1446.728073001424,1446.6282998835654,1446.6283075812505,1446.728073001424,1446.728073001424,1446.728073001424,1446.728073001424,1446.728073001424,1446.728073001424,0.0945070459474664,1447.6292874680544,[328.0],[-54.0],[1],[0],[0],[0.8999828370124305],1447.630232572726,1447.633325046443,,,,,,,,,,,,,,ED10,1,2024-01-19_13h45.25.498,rating,2023.2.3,60.03145725119949,2024-01-19 13h45.38.520787 +0800,
neu_4.jpg,0.0,49.0,49.0,318.0,297.13407257719655,,,,,,,,,,,,,,,,,,,,,,,297.1048786787805,,297.1049083291232,297.10491517151013,297.13407257719655,298.11741279092985,298.1340791344837,299.11742134391307,299.11742134391307,299.3840988063457,299.3509528593763,299.35096084216093,299.3840988063457,299.3840988063457,299.3840988063457,299.3840988063457,299.3840988063457,299.3840988063457,0.0292372335316031,301.5178121582371,[100.0],[-31.0],[1],[0],[0],[2.133331888829616],301.5182577686751,301.521298924491,,,,,,,,,,,,,,ED10,1,2024-01-19_13h45.25.498,rating,2023.2.3,60.03145725119949,2024-01-19 13h45.38.520787 +0800,
neu_40.jpg,0.0,300.0,300.0,319.0,1538.0122495828996,,,,,,,,,,,,,,,,,,,,,,,1537.9964034704583,1538.0122495828996,1538.9958606411087,1538.9958686238938,1539.028927330431,1539.9956436804282,1540.028951848984,1540.9956185916776,1540.9956185916776,1541.3289517349444,1541.2291464008472,1541.2291549538309,1541.3289517349444,1541.3289517349444,1541.3289517349444,1541.3289517349444,1541.3289517349444,1541.3289517349444,0.0827532509892989,1544.3136527283446,[345.0],[263.0],[1],[0],[0],[2.9833801276563463],1544.3146805118563,1544.3177216676718,,,,,,1539.028927330431,,,,,,,,ED10,1,2024-01-19_13h45.25.498,rating,2023.2.3,60.03145725119949,2024-01-19 13h45.38.520787 +0800,
neu_41.jpg,0.0,258.0,258.0,320.0,1331.577002510016,,,,,,,,,,,,,,,,,,,,,,,1331.5325900030452,,1331.5326205086865,1331.5326273510725,1331.577002510016,1332.5436997583497,1332.5770102077008,1333.5436869288746,1333.5436869288746,1333.8770480118878,1333.7772919999957,1333.7772999827798,1333.8770480118878,1333.8770480118878,1333.8770480118878,1333.8770480118878,1333.8770480118878,1333.8770480118878,0.0945019141572629,1334.5448552664143,[390.0],[-330.0],[1],[0],[0],[0.6666583037495002],1334.5457966647923,1334.5489880680177,,,,,,,,,,,,,,ED10,1,2024-01-19_13h45.25.498,rating,2023.2.3,60.03145725119949,2024-01-19 13h45.38.520787 +0800,
neu_42.jpg,0.0,196.0,196.0,321.0,1029.3575343801426,,,,,,,,,,,,,,,,,,,,,,,1029.329195209873,,1029.329224860216,1029.3292319877023,1029.3575343801426,1030.3409031038204,1030.3575420778277,1031.34088799355,1031.34088799355,1031.640904985477,1031.5744386106758,1031.5744465934608,1031.640904985477,1031.640904985477,1031.640904985477,1031.640904985477,1031.640904985477,1031.640904985477,0.0617294474659502,1034.3085617074944,[78.0],[265.0],[1],[0],[0],[2.666832499512566],1034.309374811122,1034.3126611524635,,,,,,,,,,,,,,ED10,1,2024-01-19_13h45.25.498,rating,2023.2.3,60.03145725119949,2024-01-19 13h45.38.520787 +0800,
neu_43.jpg,0.0,115.0,115.0,322.0,621.6704210462694,,,,,,,,,,,,,,,,,,,,,,,621.6416872983636,,621.6417175189049,621.6417243612918,621.6704210462694,622.6537635407985,622.670427033358,623.6537643960964,623.6537643960964,623.9371341461328,623.8873218556096,623.8873301234935,623.9371341461328,623.9371341461328,623.9371341461328,623.9371341461328,623.9371341461328,623.9371341461328,0.0454665196311907,627.3377062837058,[52.0],[60.0],[1],[0],[0],[3.400039856902822],627.3383323620947,627.3415075146513,,,,,,,,,,,,,,ED10,1,2024-01-19_13h45.25.498,rating,2023.2.3,60.03145725119949,2024-01-19 13h45.38.520787 +0800,
neu_44.jpg,0.0,260.0,260.0,323.0,1337.843747541017,,,,,,,,,,,,,,,,,,,,,,,1337.8158844868271,,1337.8159149924672,1337.8159218348542,1337.843747541017,1338.8270689381866,1338.8437566641992,1339.8270957375348,1339.8270957375348,1340.1604063579457,1340.0606591841365,1340.0606671669216,1340.1604063579457,1340.1604063579457,1340.1604063579457,1340.1604063579457,1340.1604063579457,1340.1604063579457,0.0945774655110653,1341.9116320004746,[-25.0],[328.0],[1],[0],[0],[1.7500553092932023],1341.912572828654,1341.9156422093151,,,,,,,,,,,,,,ED10,1,2024-01-19_13h45.25.498,rating,2023.2.3,60.03145725119949,2024-01-19 13h45.38.520787 +0800,
neu_45.jpg,0.0,288.0,288.0,324.0,1464.3782448593715,,,,,,,,,,,,,,,,,,,,,,,1464.3336687053177,,1464.3336963599645,1464.3337023470526,1464.3782448593715,1465.3449087510703,1465.3782405828802,1466.3449181593528,1466.3449181593528,1466.6782572897075,1466.578487022843,1466.578496431125,1466.6782572897075,1466.6782572897075,1466.6782572897075,1466.6782572897075,1466.6782572897075,1466.6782572897075,0.0946162390364406,1467.7795157756932,[-332.0],[57.0],[1],[0],[0],[1.1000376901465643],1467.7804739949393,1467.7835248441363,,,,,,,,,,,,,,ED10,1,2024-01-19_13h45.25.498,rating,2023.2.3,60.03145725119949,2024-01-19 13h45.38.520787 +0800,
neu_46.jpg,0.0,185.0,185.0,325.0,966.2903187639909,,,,,,,,,,,,,,,,,,,,,,,966.2449802540118,,966.2450099043548,966.2450167467418,966.2903187639909,967.2569612732308,967.2902899689466,968.25696726032,968.25696726032,968.5569791204566,968.4905118903577,968.4905195880424,968.5569791204566,968.5569791204566,968.5569791204566,968.5569791204566,968.5569791204566,968.5569791204566,0.0620182532074977,973.6245126224926,[-25.0],[287.0],[1],[0],[0],[5.066772571608453],973.6252373452912,973.6283095769464,,,,,,,,,,,,,,ED10,1,2024-01-19_13h45.25.498,rating,2023.2.3,60.03145725119949,2024-01-19 13h45.38.520787 +0800,
neu_47.jpg,0.0,188.0,188.0,326.0,988.0238251907026,,,,,,,,,,,,,,,,,,,,,,,987.9953925078148,,987.9954230134558,987.9954298558428,988.0238251907026,989.0072232796242,989.0238562665432,990.0071799445082,990.0071799445082,990.3071741284798,990.2407265702418,990.2407342679276,990.3071741284798,990.3071741284798,990.3071741284798,990.3071741284798,990.3071741284798,990.3071741284798,0.0618024329251056,994.908074244458,[31.0],[276.0],[1],[0],[0],[4.600092429241158],994.9088542765488,994.9119410482768,,,,,,,,,,,,,,ED10,1,2024-01-19_13h45.25.498,rating,2023.2.3,60.03145725119949,2024-01-19 13h45.38.520787 +0800,
neu_48.jpg,0.0,240.0,240.0,327.0,1247.7928912163138,,,,,,,,,,,,,,,,,,,,,,,1247.7770850177965,1247.7928912163138,1248.776491440744,1248.7764991384297,1248.8262353074,1249.776263646285,1249.8262621067483,1250.7762513870089,1250.7762513870089,1251.0929484072635,1251.009791740555,1251.0097997233393,1251.0929484072635,1251.0929484072635,1251.0929484072635,1251.0929484072635,1251.0929484072635,1251.0929484072635,0.066074648158974,1252.4272899472794,[-23.0],[-282.0],[1],[0],[0],[1.3333382750570308],1252.4281175909778,1252.431271646176,,,,,,1248.8262353074,,,,,,,,ED10,1,2024-01-19_13h45.25.498,rating,2023.2.3,60.03145725119949,2024-01-19 13h45.38.520787 +0800,
neu_49.jpg,0.0,73.0,73.0,328.0,403.085054858836,,,,,,,,,,,,,,,,,,,,,,,403.0559641664204,,403.0559906806693,403.0559969528572,403.085054858836,404.0683993490611,404.0850654075157,405.0684113232378,405.0684113232378,405.3350731052005,405.3019573787728,405.3019653615575,405.3350731052005,405.3350731052005,405.3350731052005,405.3350731052005,405.3350731052005,405.3350731052005,0.029129751039818,410.1022412237835,[184.0],[-326.0],[1],[0],[0],[4.76673476742144],410.1027618153767,410.1057756016453,,,,,,,,,,,,,,ED10,1,2024-01-19_13h45.25.498,rating,2023.2.3,60.03145725119949,2024-01-19 13h45.38.520787 +0800,
neu_5.jpg,0.0,329.0,329.0,329.0,1652.129996510383,,,,,,,,,,,,,,,,,,,,,,,1652.102698808398,,1652.1027276034424,1652.1027338756307,1652.129996510383,1653.1133176224537,1653.1299782640183,1654.1133763529392,1654.1133763529392,1654.463367001678,1654.3469355230495,1654.346944931331,1654.463367001678,1654.463367001678,1654.463367001678,1654.463367001678,1654.463367001678,1654.463367001678,0.1107046860088303,1657.3981219929133,[-25.0],[44.0],[1],[0],[0],[2.9332778909938497],1657.399183133061,1658.9803800261611,space,1657.413286147474,1657.413286147474,1.5503243291323088,,,,,,,,,,ED10,1,2024-01-19_13h45.25.498,rating,2023.2.3,60.03145725119949,2024-01-19 13h45.38.520787 +0800,
neu_50.jpg,0.0,186.0,186.0,330.0,973.6570185212008,,,,,,,,,,,,,,,,,,,,,,,973.6285370863066,,973.6285673068484,973.6285741492352,973.6570185212008,974.6403624412264,974.6570247933882,975.6403695687128,975.6403695687128,975.9403788629548,975.8739025096734,975.8739102073582,975.9403788629548,975.9403788629548,975.9403788629548,975.9403788629548,975.9403788629548,975.9403788629548,0.0618662952010709,979.7412628423048,[82.0],[29.0],[1],[0],[0],[3.8000677396285027],979.7420140793516,979.7450461119848,,,,,,,,,,,,,,ED10,1,2024-01-19_13h45.25.498,rating,2023.2.3,60.03145725119949,2024-01-19 13h45.38.520787 +0800,
neu_51.jpg,0.0,254.0,254.0,331.0,1310.293479661576,,,,,,,,,,,,,,,,,,,,,,,1310.2652568118815,,1310.265286747323,1310.26529358971,1310.293479661576,1311.2768136031214,1311.293502184432,1312.2768244369004,1312.2768244369004,1312.593533146232,1312.5104209550375,1312.5104286527226,1312.593533146232,1312.593533146232,1312.593533146232,1312.593533146232,1312.593533146232,1312.593533146232,0.0783005678040353,1318.6780274995522,[12.0],[-304.0],[1],[0],[0],[6.083398145941828],1318.6789341157987,1318.68194647657,,,,,,,,,,,,,,ED10,1,2024-01-19_13h45.25.498,rating,2023.2.3,60.03145725119949,2024-01-19 13h45.38.520787 +0800,
neu_52.jpg,0.0,145.0,145.0,332.0,768.9050989466145,,,,,,,,,,,,,,,,,,,,,,,768.8766100991347,,768.8766400345767,768.8766471620629,768.9050989466145,769.8885184179944,769.9051400009353,770.8884759381767,770.8884759381767,771.1884846622197,771.122008023839,771.122016291723,771.1884846622197,771.1884846622197,771.1884846622197,771.1884846622197,771.1884846622197,771.1884846622197,0.0618945200467351,774.0390857088769,[183.0],[-282.0],[1],[0],[0],[2.849969551378763],774.0397414376084,774.0427637768607,,,,,,,,,,,,,,ED10,1,2024-01-19_13h45.25.498,rating,2023.2.3,60.03145725119949,2024-01-19 13h45.38.520787 +0800,
neu_53.jpg,0.0,371.0,371.0,333.0,1830.0649653262049,,,,,,,,,,,,,,,,,,,,,,,1830.0378463815744,,1830.0378766021165,1830.037883159404,1830.0649653262049,1831.0483243565016,1831.0649696026967,1832.0483106717288,1832.0483106717288,1832.414985055087,1832.2819097557608,1832.2819180236447,1832.414985055087,1832.414985055087,1832.414985055087,1832.414985055087,1832.414985055087,1832.414985055087,0.1271651877605109,1834.400147054296,[10.0],[9.0],[1],[0],[0],[1.98350043962364],1834.401270631222,1834.4044007380655,,,,,,,,,,,,,,ED10,1,2024-01-19_13h45.25.498,rating,2023.2.3,60.03145725119949,2024-01-19 13h45.38.520787 +0800,
neu_54.jpg,0.0,132.0,132.0,334.0,716.0379869356029,,,,,,,,,,,,,,,,,,,,,,,716.009198448603,,716.0092255330505,716.0092315201387,716.0379869356029,717.0213126092644,717.037969829636,718.0213103284686,718.0213103284686,718.3046521387591,718.2548666475841,718.254874915468,718.3046521387591,718.3046521387591,718.3046521387591,718.3046521387591,718.3046521387591,718.3046521387591,0.0454796342060035,723.4053310175655,[159.0],[-293.0],[1],[0],[0],[5.1000493792244015],723.4059927333851,723.4091584776602,,,,,,,,,,,,,,ED10,1,2024-01-19_13h45.25.498,rating,2023.2.3,60.03145725119949,2024-01-19 13h45.38.520787 +0800,
neu_55.jpg,0.0,247.0,247.0,335.0,1277.393181504572,,,,,,,,,,,,,,,,,,,,,,,1277.3483824027494,,1277.3484129083904,1277.348419465678,1277.393181504572,1278.359848532365,1278.3931866363623,1279.3598496727632,1279.3598496727632,1279.676530157249,1279.5933823286236,1279.5933903114087,1279.676530157249,1279.676530157249,1279.676530157249,1279.676530157249,1279.676530157249,1279.676530157249,0.0781697071570306,1283.3443433988646,[36.0],[293.0],[1],[0],[0],[3.666785458103732],1283.3452109564855,1283.348402644811,,,,,,,,,,,,,,ED10,1,2024-01-19_13h45.25.498,rating,2023.2.3,60.03145725119949,2024-01-19 13h45.38.520787 +0800,
neu_56.jpg,0.0,6.0,6.0,336.0,40.11501424927064,,,,,,,,,,,,,,,,,,,,,,,40.06906819236701,,40.06909812780896,40.069104970195895,40.11501424927064,41.0816824174608,41.11502137675643,42.08169325123981,42.08169325123981,42.33169667243328,42.31523132399025,42.315239306774856,42.33169667243328,42.33169667243328,42.33169667243328,42.33169667243328,42.33169667243328,42.33169667243328,0.0126455860331589,48.98206325330421,[108.0],[-82.0],[1],[0],[0],[6.650094025797898],48.982452414051295,48.98551295662946,,,,,,,,,,,,,,ED10,1,2024-01-19_13h45.25.498,rating,2023.2.3,60.03145725119949,2024-01-19 13h45.38.520787 +0800,
neu_57.jpg,0.0,43.0,43.0,337.0,271.11716361401204,,,,,,,,,,,,,,,,,,,,,,,271.0712651687163,,271.0712953892576,271.0713022316445,271.11716361401204,272.08383605869403,272.11716703520506,273.0838488881691,273.0838488881691,273.3505254953034,273.3173812589307,273.3173892417153,273.3505254953034,273.3505254953034,273.3505254953034,273.3505254953034,273.3505254953034,273.3505254953034,0.0292794282499926,276.6177355235054,[-34.0],[198.0],[1],[0],[0],[3.266860211178937],276.61816602367253,276.6212596377868,,,,,,,,,,,,,,ED10,1,2024-01-19_13h45.25.498,rating,2023.2.3,60.03145725119949,2024-01-19 13h45.38.520787 +0800,
neu_58.jpg,0.0,27.0,27.0,338.0,190.19981166330444,,,,,,,,,,,,,,,,,,,,,,,190.1705405029384,,190.17057129367868,190.1705781360656,190.19981166330444,191.1830851637669,191.1997569242103,192.18309029555712,192.18309029555712,192.4497572093096,192.41665288686,192.4166608696446,192.4497572093096,192.4497572093096,192.4497572093096,192.4497572093096,192.4497572093096,192.4497572093096,0.0292332421395258,194.38350323359785,[353.0],[-197.0],[1],[0],[0],[1.93340704104412],194.3839548311244,194.38717873568655,,,,,,,,,,,,,,ED10,1,2024-01-19_13h45.25.498,rating,2023.2.3,60.03145725119949,2024-01-19 13h45.38.520787 +0800,
neu_59.jpg,0.0,68.0,68.0,339.0,381.5682126089223,,,,,,,,,,,,,,,,,,,,,,,381.5391153592195,,381.53914187346845,381.5391481456563,381.5682126089223,382.551536001788,382.5681980688505,383.5515399931805,383.5515399931805,383.8182108983256,383.7851134182624,383.7851216861468,383.8182108983256,383.8182108983256,383.8182108983256,383.8182108983256,383.8182108983256,383.8182108983256,0.0291217682552087,388.4521617380574,[60.0],[-73.0],[1],[0],[0],[4.633544858117148],388.4526714958711,388.4557066645989,,,,,,,,,,,,,,ED10,1,2024-01-19_13h45.25.498,rating,2023.2.3,60.03145725119949,2024-01-19 13h45.38.520787 +0800,
neu_6.jpg,0.0,244.0,244.0,340.0,1263.2097265668212,,,,,,,,,,,,,,,,,,,,,,,1263.1817218182046,,1263.181751753647,1263.181758596034,1263.2097265668212,1264.1930562318744,1264.2097097459532,1265.1930536659795,1265.1930536659795,1265.5097233166875,1265.4265968705208,1265.4266051384045,1265.5097233166875,1265.5097233166875,1265.5097233166875,1265.5097233166875,1265.5097233166875,1265.5097233166875,0.0780274425324023,1269.3442672773112,[20.0],[336.0],[1],[0],[0],[3.8334885224658137],1269.345130843541,1269.3482677927718,,,,,,,,,,,,,,ED10,1,2024-01-19_13h45.25.498,rating,2023.2.3,60.03145725119949,2024-01-19 13h45.38.520787 +0800,
neu_60.jpg,0.0,308.0,308.0,341.0,1569.512597119127,,,,,,,,,,,,,,,,,,,,,,,1569.468312336709,,1569.468339991356,1569.4683459784442,1569.512597119127,1570.4792208118038,1570.5125452310272,1571.4792270839912,1571.4792270839912,1571.8125761928272,1571.7127953772838,1571.7128036451672,1571.8125761928272,1571.8125761928272,1571.8125761928272,1571.8125761928272,1571.8125761928272,1571.8125761928272,0.0942963574552777,1573.3139743205224,[47.0],[-295.0],[1],[0],[0],[1.5000114039776236],1573.3149402374534,1573.3180569446235,,,,,,,,,,,,,,ED10,1,2024-01-19_13h45.25.498,rating,2023.2.3,60.03145725119949,2024-01-19 13h45.38.520787 +0800,
neu_61.jpg,0.0,238.0,238.0,342.0,1237.0261362068318,,,,,,,,,,,,,,,,,,,,,,,1236.9979940402814,,1236.9980245459224,1236.9980313883093,1237.0261362068318,1238.0094704334765,1238.0261370621297,1239.00948953514,1239.00948953514,1239.3261443606757,1239.2430324545808,1239.2430407224651,1239.3261443606757,1239.3261443606757,1239.3261443606757,1239.3261443606757,1239.3261443606757,1239.3261443606757,0.0781725581518912,1241.3271749951814,[208.0],[-299.0],[1],[0],[0],[2.0000404841221098],1241.3280545269804,1241.3310973933926,,,,,,,,,,,,,,ED10,1,2024-01-19_13h45.25.498,rating,2023.2.3,60.03145725119949,2024-01-19 13h45.38.520787 +0800,
neu_62.jpg,0.0,85.0,85.0,343.0,457.0022437326588,,,,,,,,,,,,,,,,,,,,,,,456.9732804796968,,456.9733067088464,456.9733126959345,457.0022437326588,457.9855625639334,458.0022303329847,458.9855711169171,458.9855711169171,459.2689100762127,459.21910975986657,459.2191177426512,459.2689100762127,459.2689100762127,459.2689100762127,459.2689100762127,459.2689100762127,459.2689100762127,0.0456518342725758,464.969368345066,[156.0],[136.0],[1],[0],[0],[5.700015794509454],464.9699051873277,464.9729372199613,,,,,,,,,,,,,,ED10,1,2024-01-19_13h45.25.498,rating,2023.2.3,60.03145725119949,2024-01-19 13h45.38.520787 +0800,
neu_63.jpg,0.0,51.0,51.0,344.0,305.0508221127693,,,,,,,,,,,,,,,,,,,,,,,305.00501860559007,,305.0050456900376,305.0050519622255,305.0508221127693,306.0174851491697,306.0508229680677,307.0174937021534,307.0174937021534,307.28416631789514,307.25102806861105,307.25103605139566,307.28416631789514,307.28416631789514,307.28416631789514,307.28416631789514,307.28416631789514,307.28416631789514,0.0291662437693958,308.9179517999469,[-23.0],[-25.0],[1],[0],[0],[1.6334239759512457],308.9184016868762,308.9214482595821,,,,,,,,,,,,,,ED10,1,2024-01-19_13h45.25.498,rating,2023.2.3,60.03145725119949,2024-01-19 13h45.38.520787 +0800,
neu_64.jpg,0.0,323.0,323.0,345.0,1623.4297127223922,,,,,,,,,,,,,,,,,,,,,,,1623.3855479668414,,1623.3855747661896,1623.385581038378,1623.4297127223922,1624.3964233704005,1624.4297167137845,1625.3964313531849,1625.3964313531849,1625.7464154446357,1625.6299240951223,1625.629932363007,1625.7464154446357,1625.7464154446357,1625.7464154446357,1625.7464154446357,1625.7464154446357,1625.7464154446357,0.1108971281355479,1627.347843849892,[-32.0],[-266.0],[1],[0],[0],[1.6000237202742937],1627.3489950814642,1627.352090691275,,,,,,,,,,,,,,ED10,1,2024-01-19_13h45.25.498,rating,2023.2.3,60.03145725119949,2024-01-19 13h45.38.520787 +0800,
neu_65.jpg,0.0,198.0,198.0,346.0,1038.1242882492274,,,,,,,,,,,,,,,,,,,,,,,1038.0957509348414,,1038.0957808702829,1038.0957874275705,1038.1242882492274,1039.1076278927617,1039.1242899598242,1040.1076338798498,1040.1076338798498,1040.4076528674736,1040.3412326787834,1040.3412409466669,1040.4076528674736,1040.4076528674736,1040.4076528674736,1040.4076528674736,1040.4076528674736,1040.4076528674736,0.0619253107861368,1042.6751970322289,[-26.0],[67.0],[1],[0],[0],[2.2666783177301113],1042.6760035785687,1042.6791151539478,,,,,,,,,,,,,,ED10,1,2024-01-19_13h45.25.498,rating,2023.2.3,60.03145725119949,2024-01-19 13h45.38.520787 +0800,
neu_66.jpg,0.0,338.0,338.0,347.0,1694.2136991425346,,,,,,,,,,,,,,,,,,,,,,,1694.1696661029305,,1694.1696963234713,1694.1697031658582,1694.2136991425346,1695.1803718723163,1695.2137131124075,1696.1804026630566,1696.1804026630566,1696.5303830482148,1696.4139931941058,1696.4140017470895,1696.5303830482148,1696.5303830482148,1696.5303830482148,1696.5303830482148,1696.5303830482148,1696.5303830482148,0.1107428893346877,1698.6319397482234,[344.0],[-302.0],[1],[0],[0],[2.1000567918099478],1698.6330465042815,1698.6361523776727,,,,,,,,,,,,,,ED10,1,2024-01-19_13h45.25.498,rating,2023.2.3,60.03145725119949,2024-01-19 13h45.38.520787 +0800,
neu_67.jpg,0.0,272.0,272.0,348.0,1389.1942046124527,,,,,,,,,,,,,,,,,,,,,,,1389.1662976529474,,1389.1663270181905,1389.1663338605772,1389.1942046124527,1390.177546251684,1390.194210884641,1391.1775519536727,1391.1775519536727,1391.5108947903204,1391.4110800479425,1391.411088315826,1391.5108947903204,1391.5108947903204,1391.5108947903204,1391.5108947903204,1391.5108947903204,1391.5108947903204,0.0946210857264304,1392.5120448814955,[395.0],[-300.0],[1],[0],[0],[1.0000005701995178],1392.5129457957523,1392.516074762199,,,,,,,,,,,,,,ED10,1,2024-01-19_13h45.25.498,rating,2023.2.3,60.03145725119949,2024-01-19 13h45.38.520787 +0800,
neu_68.jpg,0.0,354.0,354.0,349.0,1757.4976205600035,,,,,,,,,,,,,,,,,,,,,,,1757.470247306666,,1757.4702775272067,1757.4702843695936,1757.4976205600035,1758.4809861475885,1758.4976299682853,1759.4809704671184,1759.4809704671184,1759.830974515531,1759.7145689809518,1759.714578104134,1759.830974515531,1759.830974515531,1759.830974515531,1759.830974515531,1759.830974515531,1759.830974515531,0.1107964880311556,1760.8827209207116,[76.0],[-302.0],[1],[0],[0],[1.050096819772989],1760.8838188386876,1760.8868916405422,,,,,,,,,,,,,,ED10,1,2024-01-19_13h45.25.498,rating,2023.2.3,60.03145725119949,2024-01-19 13h45.38.520787 +0800,
neu_69.jpg,0.0,242.0,242.0,350.0,1255.6262993407358,,,,,,,,,,,,,,,,,,,,,,,1255.5983812623522,,1255.598412623291,1255.598419750777,1255.6262993407358,1256.6096404097675,1256.6263053278249,1257.609647822353,1257.609647822353,1257.9263705015587,1257.843223243132,1257.8432326514137,1257.9263705015587,1257.9263705015587,1257.9263705015587,1257.9263705015587,1257.9263705015587,1257.9263705015587,0.0780140428578306,1260.094187449466,[-17.0],[262.0],[1],[0],[0],[2.1667384166948978],1260.095102333596,1260.0982772010534,,,,,,,,,,,,,,ED10,1,2024-01-19_13h45.25.498,rating,2023.2.3,60.03145725119949,2024-01-19 13h45.38.520787 +0800,
neu_7.jpg,0.0,121.0,121.0,351.0,659.0374318469767,,,,,,,,,,,,,,,,,,,,,,,659.0086202669213,,659.0086507725623,659.0086576149492,659.0374318469767,660.0207774776,660.0374435360541,661.0207780477986,661.0207780477986,661.3041204282877,661.254333796715,661.2543420645989,661.3041204282877,661.3041204282877,661.3041204282877,661.3041204282877,661.3041204282877,661.3041204282877,0.0455178375323157,664.2547460505175,[302.0],[-35.0],[1],[0],[0],[2.950055423332742],664.255321951403,664.2585475665624,,,,,,,,,,,,,,ED10,1,2024-01-19_13h45.25.498,rating,2023.2.3,60.03145725119949,2024-01-19 13h45.38.520787 +0800,
neu_70.jpg,0.0,111.0,111.0,352.0,599.3535638001249,,,,,,,,,,,,,,,,,,,,,,,599.3246669753344,,599.3246971958761,599.3247037531632,599.3535638001249,600.3368983118689,600.3536059948433,601.3368948906759,601.3368948906759,601.6202321393748,601.5704295422329,601.5704375250175,601.6202321393748,601.6202321393748,601.6202321393748,601.6202321393748,601.6202321393748,601.6202321393748,0.0455828402064071,604.7375856296194,[204.0],[-276.0],[1],[0],[0],[3.1168229201712165],604.7381900404498,604.741279663172,,,,,,,,,,,,,,ED10,1,2024-01-19_13h45.25.498,rating,2023.2.3,60.03145725119949,2024-01-19 13h45.38.520787 +0800,
neu_71.jpg,0.0,319.0,319.0,353.0,1608.1629032589149,,,,,,,,,,,,,,,,,,,,,,,1608.1186364377622,,1608.118666658304,1608.1186735006909,1608.1629032589149,1609.12957912479,1609.162909246003,1610.1296281618957,1610.1296281618957,1610.4796039854623,1610.363119478336,1610.363127176022,1610.4796039854623,1610.4796039854623,1610.4796039854623,1610.4796039854623,1610.4796039854623,1610.4796039854623,0.110995487445507,1612.3811072578333,[-19.0],[-56.0],[1],[0],[0],[1.9001222506440172],1612.3821227820686,1612.3851853203437,,,,,,,,,,,,,,ED10,1,2024-01-19_13h45.25.498,rating,2023.2.3,60.03145725119949,2024-01-19 13h45.38.520787 +0800,
neu_72.jpg,0.0,197.0,197.0,354.0,1034.3409424475444,,,,,,,,,,,,,,,,,,,,,,,1034.312885810829,,1034.3129160313697,1034.3129228737566,1034.3409424475444,1035.3242880781677,1035.3409159332955,1036.324299197046,1036.324299197046,1036.624275989951,1036.5577976409727,1036.5578056237578,1036.624275989951,1036.624275989951,1036.624275989951,1036.624275989951,1036.624275989951,1036.624275989951,0.0614146976740812,1038.0918003117845,[308.0],[285.0],[1],[0],[0],[1.4667160648978097],1038.0925518339304,1038.0955279870727,,,,,,,,,,,,,,ED10,1,2024-01-19_13h45.25.498,rating,2023.2.3,60.03145725119949,2024-01-19 13h45.38.520787 +0800,
neu_73.jpg,0.0,63.0,63.0,355.0,359.63467499233093,,,,,,,,,,,,,,,,,,,,,,,359.58889030171486,,359.5889213775549,359.5889279348421,359.63467499233093,360.601358840991,360.6346595969608,361.6013645429798,361.6013645429798,361.8680300312353,361.8348726802883,361.8348806630729,361.8680300312353,361.8680300312353,361.8680300312353,361.8680300312353,361.8680300312353,361.8680300312353,0.029157120587115,362.4684594480245,[392.0],[-298.0],[1],[0],[0],[0.6000436772355897],362.4689329982084,362.47196531594136,,,,,,,,,,,,,,ED10,1,2024-01-19_13h45.25.498,rating,2023.2.3,60.03145725119949,2024-01-19 13h45.38.520787 +0800,
neu_74.jpg,0.0,83.0,83.0,356.0,448.752147939244,,,,,,,,,,,,,,,,,,,,,,,448.72328874758114,,448.7233155469289,448.7233218191168,448.752147939244,449.7355172331213,449.7521533561335,450.73549670596094,450.73549670596094,451.01886103910783,450.96912458503766,450.96913484861807,451.01886103910783,451.01886103910783,451.01886103910783,451.01886103910783,451.01886103910783,451.01886103910783,0.0455928186870551,453.1194897404112,[345.0],[-291.0],[1],[0],[0],[2.100131202766079],453.1200034896174,453.1231167755936,,,,,,,,,,,,,,ED10,1,2024-01-19_13h45.25.498,rating,2023.2.3,60.03145725119949,2024-01-19 13h45.38.520787 +0800,
neu_75.jpg,0.0,230.0,230.0,357.0,1197.1924609442262,,,,,,,,,,,,,,,,,,,,,,,1197.164190197825,,1197.1642201332666,1197.1642269756535,1197.1924609442262,1198.1757672311255,1198.192477479995,1199.1757740735125,1199.1757740735125,1199.4924477156123,1199.4093286820312,1199.409336664815,1199.4924477156123,1199.4924477156123,1199.4924477156123,1199.4924477156123,1199.4924477156123,1199.4924477156123,0.0782837469359947,1203.1601956694535,[40.0],[-333.0],[1],[0],[0],[3.6667920153913656],1203.1610407042183,1203.1641226292554,,,,,,,,,,,,,,ED10,1,2024-01-19_13h45.25.498,rating,2023.2.3,60.03145725119949,2024-01-19 13h45.38.520787 +0800,
neu_76.jpg,0.0,296.0,296.0,358.0,1496.3618656109625,,,,,,,,,,,,,,,,,,,,,,,1496.3341054776724,,1496.3341348429162,1496.3341416853025,1496.3618656109625,1497.3452063948948,1497.36189269541,1498.3452175137732,1498.3452175137732,1498.6785543633328,1498.5787521653306,1498.5787601481147,1498.6785543633328,1498.6785543633328,1498.6785543633328,1498.6785543633328,1498.6785543633328,1498.6785543633328,0.0944731191129903,1499.6798085158066,[385.0],[-320.0],[1],[0],[0],[1.0000048466908993],1499.6807559012736,1499.6838104567637,,,,,,,,,,,,,,ED10,1,2024-01-19_13h45.25.498,rating,2023.2.3,60.03145725119949,2024-01-19 13h45.38.520787 +0800,
neu_77.jpg,0.0,65.0,65.0,359.0,366.9513879781544,,,,,,,,,,,,,,,,,,,,,,,366.92241446161233,,366.92244439705473,366.9224512394412,366.9513879781544,367.9347310428825,367.951394535442,368.9347447276559,368.9347447276559,369.2014147775026,369.1682739623234,369.16828223020775,369.2014147775026,369.2014147775026,369.2014147775026,369.2014147775026,369.2014147775026,369.2014147775026,0.0290159963597034,371.4352305371158,[100.0],[-50.0],[1],[0],[0],[2.233398944219971],371.4357562604987,371.4388316282484,,,,,,,,,,,,,,ED10,1,2024-01-19_13h45.25.498,rating,2023.2.3,60.03145725119949,2024-01-19 13h45.38.520787 +0800,
neu_78.jpg,0.0,46.0,46.0,360.0,283.66727468875706,,,,,,,,,,,,,,,,,,,,,,,283.6215150868925,,283.6215450223349,283.62155186472137,283.66727468875706,284.63398619206373,284.6672929351216,285.63403608446697,285.63403608446697,285.9006627991976,285.8674923336757,285.86750003136103,285.9006627991976,285.9006627991976,285.9006627991976,285.9006627991976,285.9006627991976,285.9006627991976,0.0291639629735982,287.90115288514926,[335.0],[-282.0],[1],[0],[0],[2.0001034910997078],287.9015959296921,287.90474941469074,,,,,,,,,,,,,,ED10,1,2024-01-19_13h45.25.498,rating,2023.2.3,60.03145725119949,2024-01-19 13h45.38.520787 +0800,
neu_79.jpg,0.0,47.0,47.0,361.0,287.9339855078247,,,,,,,,,,,,,,,,,,,,,,,287.9049541160948,,287.90498091544305,287.9049869025312,287.9339855078247,288.9173573675971,288.933995201206,289.9173354149393,289.9173354149393,290.18400489458736,290.15091254631443,290.15092052909904,290.18400489458736,290.18400489458736,290.18400489458736,290.18400489458736,290.18400489458736,290.18400489458736,0.029071875851514,293.3845241747226,[354.0],[-261.0],[1],[0],[0],[3.200159484631513],293.3851046371997,293.3881666052753,,,,,,,,,,,,,,ED10,1,2024-01-19_13h45.25.498,rating,2023.2.3,60.03145725119949,2024-01-19 13h45.38.520787 +0800,
neu_8.jpg,0.0,342.0,342.0,362.0,1712.1972030033517,,,,,,,,,,,,,,,,,,,,,,,1712.1531217819395,,1712.153151717382,1712.153158559769,1712.1972030033517,1713.163875162934,1713.1972084202412,1714.1638837159176,1714.1638837159176,1714.5138906153247,1714.3974166568782,1714.397425209862,1714.5138906153247,1714.5138906153247,1714.5138906153247,1714.5138906153247,1714.5138906153247,1714.5138906153247,0.1107973433290681,1716.49874926872,[24.0],[-276.0],[1],[0],[0],[1.9833125590866985],1716.4997884562094,1716.502762898754,,,,,,,,,,,,,,ED10,1,2024-01-19_13h45.25.498,rating,2023.2.3,60.03145725119949,2024-01-19 13h45.38.520787 +0800,
neu_80.jpg,0.0,194.0,194.0,363.0,1021.207461736803,,,,,,,,,,,,,,,,,,,,,,,1021.1623401875044,,1021.1623704080462,1021.1623769653328,1021.207461736803,1022.1741353218828,1022.2074660132944,1023.1741450152643,1023.1741450152643,1023.4741583008986,1023.4076773860256,1023.4076853688108,1023.4741583008986,1023.4741583008986,1023.4741583008986,1023.4741583008986,1023.4741583008986,1023.4741583008986,0.0618429170463059,1024.4084280528737,[336.0],[-272.0],[1],[0],[0],[0.9333842330888729],1024.409146503483,1024.4122401175978,,,,,,,,,,,,,,ED10,1,2024-01-19_13h45.25.498,rating,2023.2.3,60.03145725119949,2024-01-19 13h45.38.520787 +0800,
neu_81.jpg,0.0,2.0,2.0,364.0,18.93148005387229,,,,,,,,,,,,,,,,,,,,,,,18.90230725281572,,18.902337758456724,18.90234431574436,18.93148005387229,19.914844501058724,19.931486040960863,20.91483138648437,20.91483138648437,21.164835662975747,21.148365752942027,21.14837373572664,21.164835662975747,21.164835662975747,21.164835662975747,21.164835662975747,21.164835662975747,21.164835662975747,0.012585430049512,23.51526194367125,[298.0],[-78.0],[1],[0],[0],[2.3501066842136424],23.515609194799254,23.51869311553264,,,,,,,,,,,,,,ED10,1,2024-01-19_13h45.25.498,rating,2023.2.3,60.03145725119949,2024-01-19 13h45.38.520787 +0800,
neu_82.jpg,0.0,382.0,382.0,365.0,1878.6987619271356,,,,,,,,,,,,,,,,,,,,,,,1878.6549532607964,,1878.654983481338,1878.654990323725,1878.6987619271356,1879.6654357973152,1879.698764493031,1880.6654280996293,1880.6654280996293,1881.0321036233856,1880.8989918313305,1880.8989995290156,1881.0321036233856,1881.0321036233856,1881.0321036233856,1881.0321036233856,1881.0321036233856,1881.0321036233856,0.1271783023357784,1884.3005244689448,[64.0],[-341.0],[1],[0],[0],[3.266649237587444],1884.3016717091252,1884.3048038116651,,,,,,,,,,,,,,ED10,1,2024-01-19_13h45.25.498,rating,2023.2.3,60.03145725119949,2024-01-19 13h45.38.520787 +0800,
neu_83.jpg,0.0,218.0,218.0,366.0,1144.1919340804457,,,,,,,,,,,,,,,,,,,,,,,1144.163725770823,,1144.163755421166,1144.163762263553,1144.1919340804457,1145.175274864378,1145.1919409228326,1146.175283702461,1146.175283702461,1146.4919832886103,1146.408814077526,1146.408822915609,1146.4919832886103,1146.4919832886103,1146.4919832886103,1146.4919832886103,1146.4919832886103,1146.4919832886103,0.0782814661415614,1148.9095932543191,[349.0],[-307.0],[1],[0],[0],[2.4167187448319964],1148.9104003708576,1148.9135373200884,,,,,,,,,,,,,,ED10,1,2024-01-19_13h45.25.498,rating,2023.2.3,60.03145725119949,2024-01-19 13h45.38.520787 +0800,
neu_84.jpg,0.0,339.0,339.0,367.0,1698.66375827216,,,,,,,,,,,,,,,,,,,,,,,1698.6363796019327,,1698.6364098224744,1698.6364166648614,1698.66375827216,1699.6470830905232,1699.6638061688675,1700.6470924988057,1700.6470924988057,1700.997123346565,1700.8806827447547,1700.880691012639,1700.997123346565,1700.997123346565,1700.997123346565,1700.997123346565,1700.997123346565,1700.997123346565,0.1107716843789603,1702.0486505102713,[374.0],[-326.0],[1],[0],[0],[1.0500195578215425],1702.0497615428217,1702.0529597884338,,,,,,,,,,,,,,ED10,1,2024-01-19_13h45.25.498,rating,2023.2.3,60.03145725119949,2024-01-19 13h45.38.520787 +0800,
neu_85.jpg,0.0,322.0,322.0,368.0,1619.8463465075888,,,,,,,,,,,,,,,,,,,,,,,1619.8187671273497,,1619.818798203189,1619.818805045576,1619.8463465075888,1620.8296867213226,1620.8463678900475,1621.8296981253002,1621.8296981253002,1622.179719279679,1622.063225934471,1622.0632347725536,1622.179719279679,1622.179719279679,1622.179719279679,1622.179719279679,1622.179719279679,1622.179719279679,0.1109789516785895,1623.3811622820272,[327.0],[274.0],[1],[0],[0],[1.2000146541122376],1623.382270748683,1623.3853452611345,,,,,,,,,,,,,,ED10,1,2024-01-19_13h45.25.498,rating,2023.2.3,60.03145725119949,2024-01-19 13h45.38.520787 +0800,
neu_86.jpg,0.0,124.0,124.0,369.0,676.4375994284328,,,,,,,,,,,,,,,,,,,,,,,676.4088055245429,,676.4088360301839,676.4088431576702,676.4375994284328,677.420938501768,677.437603990024,678.4209453441549,678.4209453441549,678.7042814524561,678.6545036589664,678.654511641751,678.7042814524561,678.7042814524561,678.7042814524561,678.7042814524561,678.7042814524561,678.7042814524561,0.0455175524325568,680.9048922495144,[357.0],[-281.0],[1],[0],[0],[2.1999359666638156],680.9055294467817,680.9085976870451,,,,,,,,,,,,,,ED10,1,2024-01-19_13h45.25.498,rating,2023.2.3,60.03145725119949,2024-01-19 13h45.38.520787 +0800,
neu_87.jpg,0.0,193.0,193.0,370.0,1015.074070832388,,,,,,,,,,,,,,,,,,,,,,,1015.0456649488474,,1015.0456923183942,1015.0456985905826,1015.074070832388,1016.0574292924862,1016.07407995557,1017.0574475388509,1017.0574475388509,1017.3574605393856,1017.2909513996668,1017.2909605228492,1017.3574605393856,1017.3574605393856,1017.3574605393856,1017.3574605393856,1017.3574605393856,1017.3574605393856,0.0618226749857058,1021.1583011836188,[355.0],[-102.0],[1],[0],[0],[3.8000030220537155],1021.1590253362178,1021.1621121079456,,,,,,,,,,,,,,ED10,1,2024-01-19_13h45.25.498,rating,2023.2.3,60.03145725119949,2024-01-19 13h45.38.520787 +0800,
neu_88.jpg,0.0,152.0,152.0,371.0,808.8721582712483,,,,,,,,,,,,,,,,,,,,,,,808.8435117637732,,808.8435411290166,808.8435479714035,808.8721582712483,809.855501335976,809.8721659689331,810.8555073230646,810.8555073230646,811.1555080643229,811.0890984243124,811.0891061219977,811.1555080643229,811.1555080643229,811.1555080643229,811.1555080643229,811.1555080643229,811.1555080643229,0.0620191085054102,812.1563285805355,[371.0],[-320.0],[1],[0],[0],[1.000158230193847],812.1569634970069,812.160068800199,,,,,,,,,,,,,,ED10,1,2024-01-19_13h45.25.498,rating,2023.2.3,60.03145725119949,2024-01-19 13h45.38.520787 +0800,
neu_89.jpg,0.0,50.0,50.0,372.0,301.5507970240178,,,,,,,,,,,,,,,,,,,,,,,301.52155294809927,,301.52158288354167,301.5215897259281,301.5507970240178,302.5341226976793,302.5507975942169,303.534150922525,303.534150922525,303.80083437204576,303.76770296514815,303.7677109479328,303.80083437204576,303.80083437204576,303.80083437204576,303.80083437204576,303.80083437204576,303.80083437204576,0.0292988150126802,305.0012042600701,[379.0],[-342.0],[1],[0],[0],[1.200011518017618],305.0016778102536,305.0048133339874,,,,,,,,,,,,,,ED10,1,2024-01-19_13h45.25.498,rating,2023.2.3,60.03145725119949,2024-01-19 13h45.38.520787 +0800,
neu_9.jpg,0.0,11.0,11.0,373.0,78.76539394471592,,,,,,,,,,,,,,,,,,,,,,,78.73623824962624,,78.73626818506818,78.73627474235582,78.76539394471592,79.74871334618956,79.76537655364928,80.74872389486882,80.74872389486882,80.99872532036625,80.98225626563044,80.98226424841505,80.99872532036625,80.99872532036625,80.99872532036625,80.99872532036625,80.99872532036625,80.99872532036625,0.0125041767068978,85.81586281926866,[-46.0],[68.0],[1],[0],[0],[4.816835578586506],85.81627136677798,85.81949070974952,,,,,,,,,,,,,,ED10,1,2024-01-19_13h45.25.498,rating,2023.2.3,60.03145725119949,2024-01-19 13h45.38.520787 +0800,
neu_90.jpg,0.0,76.0,76.0,374.0,416.7351836667667,,,,,,,,,,,,,,,,,,,,,,,416.7061970356499,,416.7062264008932,416.7062332432797,416.7351836667667,417.7185275867928,417.7351953558441,418.7185478288538,418.7185478288538,418.9852064747224,418.952069365836,418.9520776337204,418.9852064747224,418.9852064747224,418.9852064747224,418.9852064747224,418.9852064747224,418.9852064747224,0.0290268301391734,423.8190379718253,[40.0],[-260.0],[1],[0],[0],[4.8334146817092005],423.8195699673961,423.82260770201856,,,,,,,,,,,,,,ED10,1,2024-01-19_13h45.25.498,rating,2023.2.3,60.03145725119949,2024-01-19 13h45.38.520787 +0800,
neu_91.jpg,0.0,236.0,236.0,375.0,1227.026034141229,,,,,,,,,,,,,,,,,,,,,,,1226.998111786353,,1226.9981388708006,1226.9981448578897,1227.026034141229,1228.0093868993386,1228.026034996528,1229.0094182602777,1229.0094182602777,1229.326059115941,1229.2429206955971,1229.2429289634806,1229.326059115941,1229.326059115941,1229.326059115941,1229.326059115941,1229.326059115941,1229.326059115941,0.0779752693333648,1231.910454539753,[-21.0],[213.0],[1],[0],[0],[2.583352815128819],1231.9113309354566,1231.9144778631685,,,,,,,,,,,,,,ED10,1,2024-01-19_13h45.25.498,rating,2023.2.3,60.03145725119949,2024-01-19 13h45.38.520787 +0800,
neu_92.jpg,0.0,33.0,33.0,376.0,217.250019671862,,,,,,,,,,,,,,,,,,,,,,,217.20426833788176,,217.20429770312467,217.2043042604123,217.250019671862,218.21668128276497,218.25002138245875,219.21669012084797,219.21669012084797,219.48337242997104,219.45022363200724,219.4502313296925,219.48337242997104,219.48337242997104,219.48337242997104,219.48337242997104,219.48337242997104,219.48337242997104,0.0291217682552087,223.7172241121148,[-347.0],[-64.0],[1],[0],[0],[4.2335087075075535],223.71768055633171,223.72082491814808,,,,,,,,,,,,,,ED10,1,2024-01-19_13h45.25.498,rating,2023.2.3,60.03145725119949,2024-01-19 13h45.38.520787 +0800,
neu_93.jpg,0.0,20.0,20.0,377.0,140.3992769307788,,,,,,,,,,,,,,,,,,,,,,,140.35341782920705,,140.35344804974875,140.3534548921357,140.3992769307788,141.36595450725144,141.3992843433648,142.36595992414095,142.36595992414095,142.6159795960025,142.5995484594937,142.5995567273776,142.6159795960025,142.6159795960025,142.6159795960025,142.6159795960025,142.6159795960025,142.6159795960025,0.0125828641544103,147.21642070186908,[82.0],[70.0],[1],[0],[0],[4.600136904755345],147.21681271361058,147.22001808670893,,,,,,,,,,,,,,ED10,1,2024-01-19_13h45.25.498,rating,2023.2.3,60.03145725119949,2024-01-19 13h45.38.520787 +0800,
neu_94.jpg,0.0,206.0,206.0,378.0,1079.4246664621555,,,,,,,,,,,,,,,,,,,,,,,1079.3962255113825,,1079.3962551617255,1079.3962620041125,1079.4246664621555,1080.4080095268832,1080.4246715939455,1081.4080189351648,1081.4080189351648,1081.7247159554197,1081.64178736827,1081.6417962063529,1081.7247159554197,1081.7247159554197,1081.7247159554197,1081.7247159554197,1081.7247159554197,1081.7247159554197,0.0785132519931721,1085.2088701280777,[311.0],[-61.0],[1],[0],[0],[3.4832829087445134],1085.2096450283784,1085.212753182565,,,,,,,,,,,,,,ED10,1,2024-01-19_13h45.25.498,rating,2023.2.3,60.03145725119949,2024-01-19 13h45.38.520787 +0800,
neu_95.jpg,0.0,182.0,182.0,379.0,947.9234516534056,,,,,,,,,,,,,,,,,,,,,,,947.8948997989478,,947.8949303045888,947.894937432075,947.9234516534056,948.9068152452942,948.9234664785768,949.9067978542276,949.9067978542276,950.2068060080716,950.1403547435416,950.140363011426,950.2068060080716,950.2068060080716,950.2068060080716,950.2068060080716,950.2068060080716,950.2068060080716,0.0619253107870463,954.6076387265408,[194.0],[213.0],[1],[0],[0],[4.400078060229134],954.6083623089404,954.6114428084808,,,,,,,,,,,,,,ED10,1,2024-01-19_13h45.25.498,rating,2023.2.3,60.03145725119949,2024-01-19 13h45.38.520787 +0800,
neu_96.jpg,0.0,205.0,205.0,380.0,1073.557955300968,,,,,,,,,,,,,,,,,,,,,,,1073.529796883749,,1073.5298268191914,1073.5298339466776,1073.557955300968,1074.5412883872154,1074.55798010462,1075.5413003613917,1075.5413003613917,1075.8579751438897,1075.7748620973966,1075.7748706503803,1075.8579751438897,1075.8579751438897,1075.8579751438897,1075.8579751438897,1075.8579751438897,1075.8579751438897,0.0782024935942899,1079.3922130217466,[-42.0],[-267.0],[1],[0],[0],[3.5333968344839377],1079.3929873518478,1079.3960045593108,,,,,,,,,,,,,,ED10,1,2024-01-19_13h45.25.498,rating,2023.2.3,60.03145725119949,2024-01-19 13h45.38.520787 +0800,
neu_97.jpg,0.0,223.0,223.0,381.0,1163.6087808349307,,,,,,,,,,,,,,,,,,,,,,,1163.580691411778,,1163.5807213472203,1163.5807281896073,1163.6087808349307,1164.5921082191894,1164.6087737074445,1165.5921472778132,1165.5921472778132,1165.9088063798413,1165.8257067330228,1165.8257141456083,1165.9088063798413,1165.9088063798413,1165.9088063798413,1165.9088063798413,1165.9088063798413,1165.9088063798413,0.0781386313174152,1166.909754335507,[386.0],[-285.0],[1],[0],[0],[1.0000307907403112],1166.9105292358076,1166.913499401861,,,,,,,,,,,,,,ED10,1,2024-01-19_13h45.25.498,rating,2023.2.3,60.03145725119949,2024-01-19 13h45.38.520787 +0800,
neu_98.jpg,0.0,381.0,381.0,382.0,1873.982036168857,,,,,,,,,,,,,,,,,,,,,,,1873.9383446783909,,1873.9383746138324,1873.9383814562195,1873.982036168857,1874.9487405446769,1874.9820401602487,1875.94871830692,1875.94871830692,1876.3153929753776,1876.1822749111348,1876.182282893919,1876.3153929753776,1876.3153929753776,1876.3153929753776,1876.3153929753776,1876.3153929753776,1876.3153929753776,0.1270762367330462,1878.650499152115,[-21.0],[28.0],[1],[0],[0],[2.333376478383798],1878.6516136058576,1878.654728317332,,,,,,,,,,,,,,ED10,1,2024-01-19_13h45.25.498,rating,2023.2.3,60.03145725119949,2024-01-19 13h45.38.520787 +0800,
neu_99.jpg,0.0,161.0,161.0,383.0,840.3224503271235,,,,,,,,,,,,,,,,,,,,,,,840.2938907749799,,840.2939212806209,840.2939278379085,840.3224503271235,841.3057905408564,841.3224788370676,842.305799949138,842.305799949138,842.6058140900709,842.53935284706,842.5393611149443,842.6058140900709,842.6058140900709,842.6058140900709,842.6058140900709,842.6058140900709,842.6058140900709,0.0619429869529994,844.4733352187909,[-43.0],[-28.0],[1],[0],[0],[1.866808095000124],844.474066213777,844.4771310328465,,,,,,,,,,,,,,ED10,1,2024-01-19_13h45.25.498,rating,2023.2.3,60.03145725119949,2024-01-19 13h45.38.520787 +0800,
,,,,,,,0.014725101410022,0.0480837325676475,0.0480837325676475,2.815073378896159,space,2.7530571213851545,,,,,,,,,,,,,,,,,,,,,,,,,,,,,,,,,,,,,,,,,,,,,,,,,,,,,,,,,ED10,1,2024-01-19_13h45.25.498,rating,2023.2.3,60.03145725119949,2024-01-19 13h45.38.520787 +0800,
,,,,,,,,,,,,,,2.815112722619688,2.8480009396876085,2.8480009396876085,7.715220433191462,space,4.852340723491125,,,,,,,,,,,,,,,,,,,,,,,,,,,,,,,,,,,,,,,,,,,,,,,,,,ED10,1,2024-01-19_13h45.25.498,rating,2023.2.3,60.03145725119949,2024-01-19 13h45.38.520787 +0800,
,,,,,,,,,,,,,,,,,,,,,7.715242100749492,7.748047353878064,7.748047353878064,9.54850482445272,return,1.7943640400644654,,,,,,,,,,,,,,,,,,,,,,,,,,,,,,,,,,,,,,,,,,,ED10,1,2024-01-19_13h45.25.498,rating,2023.2.3,60.03145725119949,2024-01-19 13h45.38.520787 +0800,
,,,,,,,,,,,,,,,,,,,,,,,,,,,,,,,,,,,,,,,,,,,,,,,,,,,,,,,,,,,,,,1887.7382610302125,1887.76552081397,1887.76552081397,2158.75181437289,space,270.98125357087065,,ED10,1,2024-01-19_13h45.25.498,rating,2023.2.3,60.03145725119949,2024-01-19 13h45.38.520787 +0800,
