stimulus_filename,trials.thisRepN,trials.thisTrialN,trials.thisN,trials.thisIndex,thisRow.t,notes,welcome.started,welcome_image.started,welcome_key_resp.started,welcome.stopped,welcome_key_resp.keys,welcome_key_resp.rt,welcome_key_resp.duration,instruction.started,instruction_image.started,instruction_key_resp.started,instruction.stopped,instruction_key_resp.keys,instruction_key_resp.rt,instruction_key_resp.duration,start.started,start_image.started,key_resp.started,start.stopped,key_resp.keys,key_resp.rt,key_resp.duration,block_info.started,block_text.started,block_info.stopped,img_presentation.started,ISI_text.started,stimulus_image.started,ISI_text.stopped,stimulus_image.stopped,text.started,text.stopped,img_presentation.stopped,evaluation.started,horizontal_polygon.started,vertical_polygon.started,ha_text.started,la_text.started,negative_text.started,positive_text.started,mouse.started,evaluation.stopped,mouse.x,mouse.y,mouse.leftButton,mouse.midButton,mouse.rightButton,mouse.time,rest.started,rest.stopped,key_resp_2.keys,rest_image.started,key_resp_2.started,key_resp_2.rt,key_resp_2.duration,block_text.stopped,end.started,end_image.started,key_resp_3.started,end.stopped,key_resp_3.keys,key_resp_3.rt,key_resp_3.duration,participant,session,date,expName,psychopyVersion,frameRate,expStart,Unnamed: 76
neg_1.jpg,0.0,58.0,58.0,0.0,347.0690240902645,,,,,,,,,,,,,,,,,,,,,,,347.04018009110587,,347.04021316254784,347.04022057511247,347.0690240902645,348.0523637812976,348.06902694125074,349.0523680577767,349.0523680577767,349.3190476109021,349.28593311928125,349.28594309773325,349.3190476109021,349.3190476109021,349.3190476109021,349.3190476109021,349.3190476109021,349.3190476109021,0.0288891872924068,352.2529799934882,[-336.0],[-331.0],[1],[0],[0],[2.933518989564618],352.2535231063889,352.25669796479497,,,,,,,,,,,,,,ED14,1,2024-01-23_13h42.14.522,rating,2023.2.3,60.000615819234966,2024-01-23 13h42.30.089819 +0800,
neg_10.jpg,0.0,51.0,51.0,1.0,314.3854761631883,,,,,,,,,,,,,,,,,,,,,,,314.3563125684591,,314.3563416485199,314.3563484908873,314.3854761631883,315.3688058757689,315.38547587808944,316.3688110075441,316.3688110075441,316.63550994737625,316.6023461336917,316.60235582704536,316.63550994737625,316.63550994737625,316.63550994737625,316.63550994737625,316.63550994737625,316.63550994737625,0.0292133444409046,317.73598954030103,[-13.0],[-343.0],[1],[0],[0],[1.1000932842734983],317.7364616636419,317.73959033606843,,,,,,,,,,,,,,ED14,1,2024-01-23_13h42.14.522,rating,2023.2.3,60.000615819234966,2024-01-23 13h42.30.089819 +0800,
neg_100.jpg,0.0,267.0,267.0,2.0,1254.1084891539929,,,,,,,,,,,,,,,,,,,,,,,1254.0808354416376,,1254.0808685130796,1254.0808762107426,1254.1084891539929,1255.0918034712467,1255.1084726182717,1256.0918108838114,1256.0918108838114,1256.425143932046,1256.325349146044,1256.325359124496,1256.425143932046,1256.425143932046,1256.425143932046,1256.425143932046,1256.425143932046,1256.425143932046,0.0943290175100628,1257.4762187824122,[-108.0],[-369.0],[1],[0],[0],[1.0499546978267063],1257.4771356596243,1257.48041286844,,,,,,,,,,,,,,ED14,1,2024-01-23_13h42.14.522,rating,2023.2.3,60.000615819234966,2024-01-23 13h42.30.089819 +0800,
neg_101.jpg,0.0,148.0,148.0,3.0,780.7386489403739,,,,,,,,,,,,,,,,,,,,,,,780.7100883292592,,780.7101199752078,780.7101271026736,780.7386489403739,781.7219552748666,781.738633259949,782.7219575556555,782.7219575556555,783.0219614329967,782.9555251830475,782.955534021105,783.0219614329967,783.0219614329967,783.0219614329967,783.0219614329967,783.0219614329967,783.0219614329967,0.0618927755435834,785.1892219601214,[-337.0],[-351.0],[1],[0],[0],[2.1665956771062156],785.1898953630989,785.1931355090919,,,,,,,,,,,,,,ED14,1,2024-01-23_13h42.14.522,rating,2023.2.3,60.000615819234966,2024-01-23 13h42.30.089819 +0800,
neg_102.jpg,0.0,182.0,182.0,4.0,923.9229107544338,,,,,,,,,,,,,,,,,,,,,,,923.8947033805284,,923.8947350264772,923.89474272414,923.9229107544338,924.906244743494,924.9229130352228,925.906279810626,925.906279810626,926.2062739946136,926.1398243450284,926.1398328979876,926.2062739946136,926.2062739946136,926.2062739946136,926.2062739946136,926.2062739946136,926.2062739946136,0.0615891454967822,927.6071372162628,[5.0],[-365.0],[1],[0],[0],[1.4000883235576111],927.6079286500748,927.6112175479352,,,,,,,,,,,,,,ED14,1,2024-01-23_13h42.14.522,rating,2023.2.3,60.000615819234966,2024-01-23 13h42.30.089819 +0800,
neg_103.jpg,0.0,318.0,318.0,5.0,1462.2432039612745,,,,,,,,,,,,,,,,,,,,,,,1462.215911753989,,1462.2159414042476,1462.2159482466143,1462.2432039612745,1463.226586417103,1463.243205956965,1464.2265499244772,1464.2265499244772,1464.5765544005258,1464.46012154325,1464.4601298111106,1464.5765544005258,1464.5765544005258,1464.5765544005258,1464.5765544005258,1464.5765544005258,1464.5765544005258,0.110708789419732,1466.6780215751246,[-439.0],[-373.0],[1],[0],[0],[2.0999872275815505],1466.6790376666618,1466.6823131648855,,,,,,,,,,,,,,ED14,1,2024-01-23_13h42.14.522,rating,2023.2.3,60.000615819234966,2024-01-23 13h42.30.089819 +0800,
neg_104.jpg,0.0,310.0,310.0,6.0,1433.8263501273536,,,,,,,,,,,,,,,,,,,,,,,1433.7987443115694,,1433.798776242617,1433.7987836551815,1433.8263501273536,1434.8096829760193,1434.8263666630742,1435.8097100603895,1435.8097100603895,1436.1597208086082,1436.0432203829555,1436.0432295061123,1436.1597208086082,1436.1597208086082,1436.1597208086082,1436.1597208086082,1436.1597208086082,1436.1597208086082,0.110998734732675,1436.261077079837,[-47.0],[-349.0],[1],[0],[0],[0.10002286491089762],1436.2620626658204,1436.2653193475348,,,,,,,,,,,,,,ED14,1,2024-01-23_13h42.14.522,rating,2023.2.3,60.000615819234966,2024-01-23 13h42.30.089819 +0800,
neg_105.jpg,0.0,32.0,32.0,7.0,210.96810744113145,,,,,,,,,,,,,,,,,,,,,,,210.93904819250287,,210.9390795533532,210.9390872510162,210.96810744113145,211.95144456627668,211.96810886662436,212.9514565404193,212.9514565404193,213.21811642173816,213.1849833987062,213.18499252186257,213.21811642173816,213.21811642173816,213.21811642173816,213.21811642173816,213.21811642173816,213.21811642173816,0.0290830543640367,218.0853100647232,[-259.0],[-187.0],[1],[0],[0],[4.8668538054112105],218.08579102612111,218.0890229042543,,,,,,,,,,,,,,ED14,1,2024-01-23_13h42.14.522,rating,2023.2.3,60.000615819234966,2024-01-23 13h42.30.089819 +0800,
neg_106.jpg,0.0,264.0,264.0,8.0,1241.1250485380428,,,,,,,,,,,,,,,,,,,,,,,1241.09727736505,,1241.0973101513932,1241.0973175639574,1241.1250485380428,1242.10840818598,1242.12504910824,1243.1084210154186,1243.1084210154186,1243.4417571997385,1243.34193447407,1243.3419435972264,1243.4417571997385,1243.4417571997385,1243.4417571997385,1243.4417571997385,1243.4417571997385,1243.4417571997385,0.094503497874939,1245.5429660749728,[-348.0],[-360.0],[1],[0],[0],[2.1000396857298256],1245.543912887542,1245.5471792626097,,,,,,,,,,,,,,ED14,1,2024-01-23_13h42.14.522,rating,2023.2.3,60.000615819234966,2024-01-23 13h42.30.089819 +0800,
neg_107.jpg,0.0,300.0,300.0,9.0,1391.2760504601774,,,,,,,,,,,,,,,,,,,,,,,1391.2601716065706,1391.2760504601774,1392.259628208571,1392.2596364764318,1392.292731581345,1393.259402410452,1393.2927335770355,1394.2594314905127,1394.2594314905127,1394.5927488583225,1394.4929415279803,1394.4929500809394,1394.5927488583225,1394.5927488583225,1394.5927488583225,1394.5927488583225,1394.5927488583225,1394.5927488583225,0.0827973478985768,1397.1941022785654,[-58.0],[-357.0],[1],[0],[0],[2.600055936351964],1397.1951491607551,1397.198414680527,,,,,,1392.292731581345,,,,,,,,ED14,1,2024-01-23_13h42.14.522,rating,2023.2.3,60.000615819234966,2024-01-23 13h42.30.089819 +0800,
neg_108.jpg,0.0,306.0,306.0,10.0,1418.376241248185,,,,,,,,,,,,,,,,,,,,,,,1418.348898578441,,1418.3489310796854,1418.34893849225,1418.376241248185,1419.3595786584283,1419.3762452395654,1420.3596083086863,1420.3596083086863,1420.6929493396829,1420.5931163504638,1420.593124903423,1420.6929493396829,1420.6929493396829,1420.6929493396829,1420.6929493396829,1420.6929493396829,1420.6929493396829,0.0940744244285269,1422.194269916563,[-340.0],[65.0],[1],[0],[0],[1.4999888811530582],1422.1952626300122,1422.1985193117262,,,,,,,,,,,,,,ED14,1,2024-01-23_13h42.14.522,rating,2023.2.3,60.000615819234966,2024-01-23 13h42.30.089819 +0800,
neg_109.jpg,0.0,145.0,145.0,11.0,766.755188652618,,,,,,,,,,,,,,,,,,,,,,,766.726891187544,,766.7269239738871,766.726931956649,766.755188652618,767.7385257777632,767.755216307186,768.738532905229,768.738532905229,769.0385521778971,768.9720648952916,768.9720737333496,769.0385521778971,769.0385521778971,769.0385521778971,769.0385521778971,769.0385521778971,769.0385521778971,0.0616758154819763,771.43924319997,[-283.0],[-353.0],[1],[0],[0],[2.400051545833321],771.4399362747531,771.4432226067252,,,,,,,,,,,,,,ED14,1,2024-01-23_13h42.14.522,rating,2023.2.3,60.000615819234966,2024-01-23 13h42.30.089819 +0800,
neg_11.jpg,0.0,89.0,89.0,12.0,509.07011829882777,,,,,,,,,,,,,,,,,,,,,,,509.04145961378254,,509.0414909746323,509.04149838719695,509.07011829882777,510.0534582749592,510.070167335793,511.0534668279183,511.0534668279183,511.33680241353113,511.286994256403,511.2870036646577,511.33680241353113,511.33680241353113,511.33680241353113,511.33680241353113,511.33680241353113,511.33680241353113,0.0453599056663733,512.3372927831842,[-336.0],[-335.0],[1],[0],[0],[0.999993727830315],512.3378424533535,515.5539201347488,space,512.3534875260793,512.3534875260793,3.18573520380869,,,,,,,,,,ED14,1,2024-01-23_13h42.14.522,rating,2023.2.3,60.000615819234966,2024-01-23 13h42.30.089819 +0800,
neg_110.jpg,0.0,218.0,218.0,13.0,1062.1738155149535,,,,,,,,,,,,,,,,,,,,,,,1062.1459767735842,,1062.1460092748289,1062.146016687393,1062.1738155149535,1063.1571811499623,1063.173842599324,1064.157185996639,1064.157185996639,1064.4738670037673,1064.390733382028,1064.390741934987,1064.4738670037673,1064.4738670037673,1064.4738670037673,1064.4738670037673,1064.4738670037673,1064.4738670037673,0.077912752974953,1065.9747992763057,[-401.0],[-360.0],[1],[0],[0],[1.5000108337480924],1065.9756146584032,1065.9788941480083,,,,,,,,,,,,,,ED14,1,2024-01-23_13h42.14.522,rating,2023.2.3,60.000615819234966,2024-01-23 13h42.30.089819 +0800,
neg_111.jpg,0.0,45.0,45.0,14.0,284.91860462464183,,,,,,,,,,,,,,,,,,,,,,,284.8897269838444,,284.88975577880683,284.8897629062726,284.91860462464183,285.90195828550804,285.91863370470264,286.90194745175995,286.90194745175995,287.16861417544624,287.1354811524143,287.1354899904718,287.16861417544624,287.16861417544624,287.16861417544624,287.16861417544624,287.16861417544624,287.16861417544624,0.0289057230129401,290.7024419838531,[-16.0],[-358.0],[1],[0],[0],[3.5334571801809034],290.70293548959125,290.7062303745224,,,,,,,,,,,,,,ED14,1,2024-01-23_13h42.14.522,rating,2023.2.3,60.000615819234966,2024-01-23 13h42.30.089819 +0800,
neg_112.jpg,0.0,4.0,4.0,15.0,36.10026320306042,,,,,,,,,,,,,,,,,,,,,,,36.0711834273302,,36.07121478817999,36.07122248584346,36.10026320306042,37.083598332515066,37.10026263286318,38.08360032820565,38.08360032820565,38.33362955081566,38.317138875536784,38.31714799869314,38.33362955081566,38.33362955081566,38.33362955081566,38.33362955081566,38.33362955081566,38.33362955081566,0.0124646548970304,43.76738374675461,[-90.0],[-186.0],[1],[0],[0],[5.433478505558469],43.76778659112688,43.771009346103256,,,,,,,,,,,,,,ED14,1,2024-01-23_13h42.14.522,rating,2023.2.3,60.000615819234966,2024-01-23 13h42.30.089819 +0800,
neg_113.jpg,0.0,48.0,48.0,16.0,300.1687071176016,,,,,,,,,,,,,,,,,,,,,,,300.1396470136774,,300.1396783745272,300.1396860721902,300.1687071176016,301.1520639145524,301.1687099685878,302.1520519404098,302.1520519404098,302.4187351998171,302.3855947642205,302.38560417247527,302.4187351998171,302.4187351998171,302.4187351998171,302.4187351998171,302.4187351998171,302.4187351998171,0.0291041516634322,304.98581007071016,[-341.0],[278.0],[1],[0],[0],[2.5667210634865114],304.98626850931623,304.98951122119706,,,,,,,,,,,,,,ED14,1,2024-01-23_13h42.14.522,rating,2023.2.3,60.000615819234966,2024-01-23 13h42.30.089819 +0800,
neg_114.jpg,0.0,82.0,82.0,17.0,472.7698715174488,,,,,,,,,,,,,,,,,,,,,,,472.7410637258172,,472.7410959419631,472.7411036396261,472.7698715174488,473.75321006808736,473.7698829213941,474.7532169104543,474.7532169104543,475.03655962353287,474.9867719935064,474.9867808315644,475.03655962353287,475.03655962353287,475.03655962353287,475.03655962353287,475.03655962353287,475.03655962353287,0.045510152647239,480.10370804987406,[-258.0],[-188.0],[1],[0],[0],[5.0667156466120105],480.1043073272058,480.1075235249136,,,,,,,,,,,,,,ED14,1,2024-01-23_13h42.14.522,rating,2023.2.3,60.000615819234966,2024-01-23 13h42.30.089819 +0800,
neg_115.jpg,0.0,21.0,21.0,18.0,147.46768435475633,,,,,,,,,,,,,,,,,,,,,,,147.43888511608338,,147.43891761732812,147.43892502989274,147.46768435475633,148.4510203395066,148.46768121867126,149.45103402424138,149.45103402424138,149.70102760952204,149.6845785586438,149.68458768180017,149.70102760952204,149.70102760952204,149.70102760952204,149.70102760952204,149.70102760952204,149.70102760952204,0.0121664417238207,154.01804189695486,[-346.0],[334.0],[1],[0],[0],[4.3167029597229885],154.0185128799012,154.02176015336,,,,,,,,,,,,,,ED14,1,2024-01-23_13h42.14.522,rating,2023.2.3,60.000615819234966,2024-01-23 13h42.30.089819 +0800,
neg_116.jpg,0.0,36.0,36.0,19.0,233.1349223590887,,,,,,,,,,,,,,,,,,,,,,,233.10598969425428,,233.106022195499,233.10602960806364,233.1349223590887,234.1182606246284,234.1349274908639,235.1182688924887,235.1182688924887,235.38497552998388,235.3518288222176,235.351837945374,235.38497552998388,235.38497552998388,235.38497552998388,235.38497552998388,235.38497552998388,235.38497552998388,0.0290026565489824,240.7186706534858,[-146.0],[-189.0],[1],[0],[0],[5.333362128295448],240.71912709640128,240.72235270236436,,,,,,,,,,,,,,ED14,1,2024-01-23_13h42.14.522,rating,2023.2.3,60.000615819234966,2024-01-23 13h42.30.089819 +0800,
neg_117.jpg,0.0,42.0,42.0,20.0,264.5684824028567,,,,,,,,,,,,,,,,,,,,,,,264.53969200224174,,264.53972450348647,264.5397322011495,264.5684824028567,265.55183264253947,265.56847014361574,266.55181354093065,266.55181354093065,266.8184805497158,266.785344960796,266.7853540839524,266.8184805497158,266.8184805497158,266.8184805497158,266.8184805497158,266.8184805497158,266.8184805497158,0.0288045129973397,272.8190276539972,[-20.0],[-351.0],[1],[0],[0],[6.000182463126748],272.8195348444701,272.82272424290613,,,,,,,,,,,,,,ED14,1,2024-01-23_13h42.14.522,rating,2023.2.3,60.000615819234966,2024-01-23 13h42.30.089819 +0800,
neg_118.jpg,0.0,380.0,380.0,21.0,1712.3615695022004,,,,,,,,,,,,,,,,,,,,,,,1712.3346661694543,,1712.334698955798,1712.3347066534611,1712.3615695022004,1713.3448940830062,1713.3615626598337,1714.3449006402748,1714.3449006402748,1714.7115999222249,1714.5784340558298,1714.5784428938882,1714.7115999222249,1714.7115999222249,1714.7115999222249,1714.7115999222249,1714.7115999222249,1714.7115999222249,0.1269577010552893,1715.5300334306662,[-384.0],[-331.0],[1],[0],[0],[0.816691555777652],1715.531237687303,1715.5344838203669,,,,,,,,,,,,,,ED14,1,2024-01-23_13h42.14.522,rating,2023.2.3,60.000615819234966,2024-01-23 13h42.30.089819 +0800,
neg_119.jpg,0.0,252.0,252.0,22.0,1195.8080764452077,,,,,,,,,,,,,,,,,,,,,,,1195.78032095264,,1195.780353168786,1195.78036058135,1195.8080764452077,1196.7914147107476,1196.8080790110953,1197.7914198425228,1197.7914198425228,1198.1247580225331,1198.0249603855443,1198.024969223602,1198.1247580225331,1198.1247580225331,1198.1247580225331,1198.1247580225331,1198.1247580225331,1198.1247580225331,0.0944593075864759,1200.8760322708845,[-365.0],[281.0],[1],[0],[0],[2.7502176728085033],1200.8769217786275,1200.880188438794,,,,,,,,,,,,,,ED14,1,2024-01-23_13h42.14.522,rating,2023.2.3,60.000615819234966,2024-01-23 13h42.30.089819 +0800,
neg_12.jpg,0.0,113.0,113.0,23.0,626.4875748312643,,,,,,,,,,,,,,,,,,,,,,,626.458978012623,,626.4590107989661,626.4590182115307,626.4875748312643,627.470913096804,627.4875773971521,628.4709173732836,628.4709173732836,628.7542600863621,628.7044852857744,628.7044946940291,628.7542600863621,628.7542600863621,628.7542600863621,628.7542600863621,628.7542600863621,628.7542600863621,0.0453142898850273,629.5048928627839,[-99.0],[-184.0],[1],[0],[0],[0.7500565920790905],629.505542032377,629.5087952929075,,,,,,,,,,,,,,ED14,1,2024-01-23_13h42.14.522,rating,2023.2.3,60.000615819234966,2024-01-23 13h42.30.089819 +0800,
neg_120.jpg,0.0,64.0,64.0,24.0,381.0025869850192,,,,,,,,,,,,,,,,,,,,,,,380.97363208249135,,380.97366315824274,380.97367057080737,381.0025869850192,381.9859243952628,382.0025886956109,382.9859286717424,382.9859286717424,383.2526207692076,383.2194643680873,383.21947349124366,383.2526207692076,383.2526207692076,383.2526207692076,383.2526207692076,383.2526207692076,383.2526207692076,0.0290040820418653,386.3864591832835,[-342.0],[302.0],[1],[0],[0],[3.1334141873066983],386.38697207572886,386.3901942605085,,,,,,,,,,,,,,ED14,1,2024-01-23_13h42.14.522,rating,2023.2.3,60.000615819234966,2024-01-23 13h42.30.089819 +0800,
neg_121.jpg,0.0,322.0,322.0,25.0,1478.6599785377744,,,,,,,,,,,,,,,,,,,,,,,1478.6325777079096,,1478.6326104942525,1478.632617906817,1478.6599785377744,1479.643343602586,1479.6599830993532,1480.6433230754842,1480.6433230754842,1480.9933349640974,1480.8768969750467,1480.876905528006,1480.9933349640974,1480.9933349640974,1480.9933349640974,1480.9933349640974,1480.9933349640974,1480.9933349640974,0.1107803491768208,1482.1113945941877,[-378.0],[-352.0],[1],[0],[0],[1.116631856123604],1482.1124759733125,1482.1157312295331,,,,,,,,,,,,,,ED14,1,2024-01-23_13h42.14.522,rating,2023.2.3,60.000615819234966,2024-01-23 13h42.30.089819 +0800,
neg_122.jpg,0.0,207.0,207.0,26.0,1019.290245236144,,,,,,,,,,,,,,,,,,,,,,,1019.2621635907376,,1019.2621972323764,1019.2622055002366,1019.290245236144,1020.27358435698,1020.2902172964782,1021.2735823612892,1021.2735823612892,1021.590233147962,1021.507096390138,1021.5071060834916,1021.590233147962,1021.590233147962,1021.590233147962,1021.590233147962,1021.590233147962,1021.590233147962,0.0780863780441905,1026.1745507843348,[-346.0],[-350.0],[1],[0],[0],[4.583383368144041],1026.1753285334123,1026.178661051364,,,,,,,,,,,,,,ED14,1,2024-01-23_13h42.14.522,rating,2023.2.3,60.000615819234966,2024-01-23 13h42.30.089819 +0800,
neg_123.jpg,0.0,173.0,173.0,27.0,882.3059647196142,,,,,,,,,,,,,,,,,,,,,,,882.2777225636751,,882.2777539245253,882.2777613370899,882.3059647196142,883.2893001341672,883.3059670004031,884.2893084020279,884.2893084020279,884.5893134197636,884.522879165505,884.5228871482668,884.5893134197636,884.5893134197636,884.5893134197636,884.5893134197636,884.5893134197636,884.5893134197636,0.0616130937819434,890.4567670727042,[-175.0],[-370.0],[1],[0],[0],[5.866697856457449],890.4575088993538,890.4607567430103,,,,,,,,,,,,,,ED14,1,2024-01-23_13h42.14.522,rating,2023.2.3,60.000615819234966,2024-01-23 13h42.30.089819 +0800,
neg_124.jpg,0.0,295.0,295.0,28.0,1370.6759186875884,,,,,,,,,,,,,,,,,,,,,,,1370.6483781593915,,1370.6484103755374,1370.648417788102,1370.6759186875884,1371.6592563829308,1371.675922678969,1372.659262370002,1372.659262370002,1372.9926002649136,1372.8928228699283,1372.8928314228874,1372.9926002649136,1372.9926002649136,1372.9926002649136,1372.9926002649136,1372.9926002649136,1372.9926002649136,0.0942457687083333,1373.7939321316994,[-410.0],[394.0],[1],[0],[0],[0.8000352381914126],1373.7949821499742,1373.7982074708384,,,,,,,,,,,,,,ED14,1,2024-01-23_13h42.14.522,rating,2023.2.3,60.000615819234966,2024-01-23 13h42.30.089819 +0800,
neg_125.jpg,0.0,340.0,340.0,29.0,1551.3938053198267,,,,,,,,,,,,,,,,,,,,,,,1551.366746608324,,1551.3667788244695,1551.3667865221328,1551.3938053198267,1552.377140164183,1552.3938141578842,1553.3771490022405,1553.3771490022405,1553.7271531931906,1553.6106829879932,1553.61069211115,1553.7271531931906,1553.7271531931906,1553.7271531931906,1553.7271531931906,1553.7271531931906,1553.7271531931906,0.1104319586447672,1555.7120518035622,[-395.0],[-350.0],[1],[0],[0],[1.983380460137596],1555.713187636527,1555.7165341243112,,,,,,,,,,,,,,ED14,1,2024-01-23_13h42.14.522,rating,2023.2.3,60.000615819234966,2024-01-23 13h42.30.089819 +0800,
neg_126.jpg,0.0,238.0,238.0,30.0,1137.5910291433524,,,,,,,,,,,,,,,,,,,,,,,1137.5631416501164,,1137.5631741513612,1137.5631815639258,1137.5910291433524,1138.5743751065556,1138.5910191649004,1139.574359141032,1139.574359141032,1139.891033305793,1139.8079051009277,1139.8079130836895,1139.891033305793,1139.891033305793,1139.891033305793,1139.891033305793,1139.891033305793,1139.891033305793,0.0779130380738024,1140.8088259695205,[-378.0],[378.0],[1],[0],[0],[0.9166873363174091],1140.8097263110117,1140.812995251967,,,,,,,,,,,,,,ED14,1,2024-01-23_13h42.14.522,rating,2023.2.3,60.000615819234966,2024-01-23 13h42.30.089819 +0800,
neg_127.jpg,0.0,328.0,328.0,31.0,1504.160153588337,,,,,,,,,,,,,,,,,,,,,,,1504.1329705738294,,1504.1330027899753,1504.1330104876383,1504.160153588337,1505.1434927091727,1505.160153588337,1506.1434986962436,1506.1434986962436,1506.4935037424898,1506.3770492177175,1506.3770574855785,1506.4935037424898,1506.4935037424898,1506.4935037424898,1506.4935037424898,1506.4935037424898,1506.4935037424898,0.1105576871432276,1507.4283347559754,[-366.0],[-354.0],[1],[0],[0],[0.9333713084715782],1507.42944122378,1507.43289519375,,,,,,,,,,,,,,ED14,1,2024-01-23_13h42.14.522,rating,2023.2.3,60.000615819234966,2024-01-23 13h42.30.089819 +0800,
neg_128.jpg,0.0,158.0,158.0,32.0,822.3555661802311,,,,,,,,,,,,,,,,,,,,,,,822.327142131363,,822.3271737773116,822.3271811898762,822.3555661802311,823.3389027351791,823.3555633292449,824.3389058712642,824.3389058712642,824.6389086082113,824.5724558225411,824.5724640904014,824.6389086082113,824.6389086082113,824.6389086082113,824.6389086082113,824.6389086082113,824.6389086082113,0.0617838678645057,825.6396524305515,[-266.0],[-364.0],[1],[0],[0],[1.0000279396663245],825.6403876999325,825.6436443816465,,,,,,,,,,,,,,ED14,1,2024-01-23_13h42.14.522,rating,2023.2.3,60.000615819234966,2024-01-23 13h42.30.089819 +0800,
neg_129.jpg,0.0,185.0,185.0,33.0,935.3396676548186,,,,,,,,,,,,,,,,,,,,,,,935.311479382522,,935.3115113135692,935.311519011232,935.3396676548186,936.3230258772628,936.3396870415258,937.3230087713446,937.3230087713446,937.6230260483215,937.5565316382508,937.5565404763084,937.6230260483215,937.6230260483215,937.6230260483215,937.6230260483215,937.6230260483215,937.6230260483215,0.0615637717182835,938.6238625277188,[-395.0],[364.0],[1],[0],[0],[1.0000598707133577],938.6245846825628,938.6278276795424,,,,,,,,,,,,,,ED14,1,2024-01-23_13h42.14.522,rating,2023.2.3,60.000615819234966,2024-01-23 13h42.30.089819 +0800,
neg_13.jpg,0.0,220.0,220.0,34.0,1069.007220978242,,,,,,,,,,,,,,,,,,,,,,,1068.979273899391,,1068.9793024092546,1068.9793092516215,1069.007220978242,1069.9905834771655,1070.0072534794865,1070.9905703626282,1070.9905703626282,1071.3072348340356,1071.2240977911129,1071.224106344072,1071.3072348340356,1071.3072348340356,1071.3072348340356,1071.3072348340356,1071.3072348340356,1071.3072348340356,0.0780190947662049,1074.724905760646,[-103.0],[-367.0],[1],[0],[0],[3.4166796386543865],1074.725735682774,1074.7290137468858,,,,,,,,,,,,,,ED14,1,2024-01-23_13h42.14.522,rating,2023.2.3,60.000615819234966,2024-01-23 13h42.30.089819 +0800,
neg_130.jpg,0.0,59.0,59.0,35.0,352.2857506561545,,,,,,,,,,,,,,,,,,,,,,,352.2569397284378,,352.2569719445837,352.25697935714834,352.2857506561545,353.26906554360585,353.2857304141512,354.26906753929643,354.26906753929643,354.5357576410711,354.5026454302392,354.50265483849444,354.5357576410711,354.5357576410711,354.5357576410711,354.5357576410711,354.5357576410711,354.5357576410711,0.0288298867758385,357.2695165696477,[-352.0],[316.0],[1],[0],[0],[2.733381172884492],357.27003830015065,359.15288556882024,space,357.2857543624368,357.2857543624368,1.8649721544161368,,,,,,,,,,ED14,1,2024-01-23_13h42.14.522,rating,2023.2.3,60.000615819234966,2024-01-23 13h42.30.089819 +0800,
neg_131.jpg,0.0,29.0,29.0,36.0,192.76798444958013,,,,,,,,,,,,,,,,,,,,,,,192.7390711714529,,192.73910253230315,192.73911022996617,192.76798444958013,193.7513212896265,193.76801010845705,194.75134694850385,194.75134694850385,195.01799485568017,194.9849328222085,194.98494137516764,195.01799485568017,195.01799485568017,195.01799485568017,195.01799485568017,195.01799485568017,195.01799485568017,0.0289393646517055,196.58516608991204,[-343.0],[335.0],[1],[0],[0],[1.566803171893298],196.5856242434193,200.0850839815048,space,196.618008027237,196.618008027237,3.453140903158328,,,,,,,,,,ED14,1,2024-01-23_13h42.14.522,rating,2023.2.3,60.000615819234966,2024-01-23 13h42.30.089819 +0800,
neg_132.jpg,0.0,114.0,114.0,37.0,629.5375956719745,,,,,,,,,,,,,,,,,,,,,,,629.509039052241,,629.509070983288,629.5090783958526,629.5375956719745,630.5209325120213,630.5376005186513,631.5209416351777,631.5209416351777,631.8042760803955,631.7545240876984,631.7545329257564,631.8042760803955,631.8042760803955,631.8042760803955,631.8042760803955,631.8042760803955,631.8042760803955,0.0452569850590407,633.0048646380187,[-375.0],[335.0],[1],[0],[0],[1.2000348960727933],633.0055149480063,633.0087576598876,,,,,,,,,,,,,,ED14,1,2024-01-23_13h42.14.522,rating,2023.2.3,60.000615819234966,2024-01-23 13h42.30.089819 +0800,
neg_133.jpg,0.0,230.0,230.0,38.0,1109.2574970962703,,,,,,,,,,,,,,,,,,,,,,,1109.229623857966,,1109.2296555039147,1109.2296629164794,1109.2574970962703,1110.2408288045413,1110.25749510058,1111.240852467728,1111.240852467728,1111.5575240666012,1111.474372483648,1111.4743807515088,1111.5575240666012,1111.5575240666012,1111.5575240666012,1111.5575240666012,1111.5575240666012,1111.5575240666012,0.0779264377097206,1112.8918341478602,[-355.0],[-355.0],[1],[0],[0],[1.3333664047750062],1112.8926754739337,1112.8959164752227,,,,,,,,,,,,,,ED14,1,2024-01-23_13h42.14.522,rating,2023.2.3,60.000615819234966,2024-01-23 13h42.30.089819 +0800,
neg_134.jpg,0.0,282.0,282.0,39.0,1311.9255202622448,,,,,,,,,,,,,,,,,,,,,,,1311.898223493382,,1311.8982571350211,1311.8982651177826,1311.9255202622448,1312.9088642297577,1312.9255490572073,1313.908866225448,1313.908866225448,1314.2422004140772,1314.1424461120814,1314.142454950139,1314.2422004140772,1314.2422004140772,1314.2422004140772,1314.2422004140772,1314.2422004140772,1314.2422004140772,0.0939974477969372,1316.043576186053,[-268.0],[86.0],[1],[0],[0],[1.8001487074479883],1316.0445238539178,1316.0479279316264,,,,,,,,,,,,,,ED14,1,2024-01-23_13h42.14.522,rating,2023.2.3,60.000615819234966,2024-01-23 13h42.30.089819 +0800,
neg_135.jpg,0.0,272.0,272.0,40.0,1273.3252610505656,,,,,,,,,,,,,,,,,,,,,,,1273.2976079084078,,1273.2976435457376,1273.2976509583018,1273.3252610505656,1274.3086035925849,1274.3252653270451,1275.308606158473,1275.308606158473,1275.6419506106529,1275.5421754964564,1275.5421843345143,1275.6419506106529,1275.6419506106529,1275.6419506106529,1275.6419506106529,1275.6419506106529,1275.6419506106529,0.0943620889520389,1276.243263831988,[-266.0],[-358.0],[1],[0],[0],[0.6001160921641713],1276.2442134955431,1276.2474952659372,,,,,,,,,,,,,,ED14,1,2024-01-23_13h42.14.522,rating,2023.2.3,60.000615819234966,2024-01-23 13h42.30.089819 +0800,
neg_136.jpg,0.0,146.0,146.0,41.0,771.4718841427566,,,,,,,,,,,,,,,,,,,,,,,771.4434412773785,,771.4434709276366,771.4434777700039,771.4718841427566,772.4552514883576,772.4719135079163,773.4552537691466,773.4552537691466,773.7552978453955,773.6887686532909,773.6887769211512,773.7552978453955,773.7552978453955,773.7552978453955,773.7552978453955,773.7552978453955,773.7552978453955,0.061878235513177,775.2558038954735,[-321.0],[-359.0],[1],[0],[0],[1.4998848201512374],775.256511510287,775.2597160189512,,,,,,,,,,,,,,ED14,1,2024-01-23_13h42.14.522,rating,2023.2.3,60.000615819234966,2024-01-23 13h42.30.089819 +0800,
neg_137.jpg,0.0,263.0,263.0,42.0,1237.4917167442418,,,,,,,,,,,,,,,,,,,,,,,1237.46389738958,,1237.463926754739,1237.4639338822053,1237.4917167442418,1238.4750775325738,1238.4917443988095,1239.4750356230743,1239.4750356230743,1239.8083709520984,1239.7085733151098,1239.7085821531673,1239.8083709520984,1239.8083709520984,1239.8083709520984,1239.8083709520984,1239.8083709520984,1239.8083709520984,0.0944983660997422,1241.092788487033,[-32.0],[-349.0],[1],[0],[0],[1.283337296204536],1241.0936774245783,1241.097046435155,,,,,,,,,,,,,,ED14,1,2024-01-23_13h42.14.522,rating,2023.2.3,60.000615819234966,2024-01-23 13h42.30.089819 +0800,
neg_138.jpg,0.0,120.0,120.0,43.0,659.3211254097578,,,,,,,,,,,,,,,,,,,,,,,659.3053149798234,659.3211254097578,660.304659823159,660.3046680910193,660.3378019693473,661.3044730835527,661.3378048203335,662.3044807812157,662.3044807812157,662.5878172221242,662.5380689357098,662.5380777737673,662.5878172221242,662.5878172221242,662.5878172221242,662.5878172221242,662.5878172221242,662.5878172221242,0.0327303212093283,663.4884620582184,[-389.0],[361.0],[1],[0],[0],[0.9000504054383782],663.4890955473866,663.4923949938961,,,,,,660.3378019693473,,,,,,,,ED14,1,2024-01-23_13h42.14.522,rating,2023.2.3,60.000615819234966,2024-01-23 13h42.30.089819 +0800,
neg_139.jpg,0.0,259.0,259.0,44.0,1224.4249760089497,,,,,,,,,,,,,,,,,,,,,,,1224.3971566542878,,1224.3971857343486,1224.3971925767155,1224.4249760089497,1225.408273220286,1225.4249512053684,1226.4082783520612,1226.4082783520612,1226.7416156767758,1226.6418568132017,1226.6418653661608,1226.7416156767758,1226.7416156767758,1226.7416156767758,1226.7416156767758,1226.7416156767758,1226.7416156767758,0.0944883876472886,1227.409545330398,[-419.0],[388.0],[1],[0],[0],[0.6667789955290573],1227.4105206528302,1227.413901352451,,,,,,,,,,,,,,ED14,1,2024-01-23_13h42.14.522,rating,2023.2.3,60.000615819234966,2024-01-23 13h42.30.089819 +0800,
neg_14.jpg,0.0,53.0,53.0,45.0,324.6522056085741,,,,,,,,,,,,,,,,,,,,,,,324.62314750034056,,324.62317601020413,324.6231828525715,324.6522056085741,325.63554558470605,325.65220931485646,326.63557494986526,326.63557494986526,326.9022177252664,326.86907985555763,326.8690892638124,326.9022177252664,326.9022177252664,326.9022177252664,326.9022177252664,326.9022177252664,326.9022177252664,0.0290916073236076,327.73594848609764,[-129.0],[-338.0],[1],[0],[0],[0.8333384651091365],327.7364362898629,327.7396499216834,,,,,,,,,,,,,,ED14,1,2024-01-23_13h42.14.522,rating,2023.2.3,60.000615819234966,2024-01-23 13h42.30.089819 +0800,
neg_140.jpg,0.0,121.0,121.0,46.0,663.5211574548448,,,,,,,,,,,,,,,,,,,,,,,663.4926378979335,,663.4926712544739,663.4926786670385,663.5211574548448,664.5044960054829,664.52116258662,665.5045458977443,665.5045458977443,665.7878467013234,665.7380374038007,665.7380462418582,665.7878467013234,665.7878467013234,665.7878467013234,665.7878467013234,665.7878467013234,665.7878467013234,0.0452264795053451,668.0384806181396,[-374.0],[-343.0],[1],[0],[0],[2.2500625791508355],668.039143472467,668.0424295193407,,,,,,,,,,,,,,ED14,1,2024-01-23_13h42.14.522,rating,2023.2.3,60.000615819234966,2024-01-23 13h42.30.089819 +0800,
neg_141.jpg,0.0,124.0,124.0,47.0,674.971260346942,,,,,,,,,,,,,,,,,,,,,,,674.9426732216543,,674.9427023017151,674.9427088589837,674.971260346942,675.954570387717,675.9712851505233,676.9545769449855,676.9545769449855,677.2379347682918,677.1881482786598,677.1881571167178,677.2379347682918,677.2379347682918,677.2379347682918,677.2379347682918,677.2379347682918,677.2379347682918,0.0452843545281211,678.2885238105828,[-378.0],[326.0],[1],[0],[0],[1.050035950937854],678.2891632868223,678.2924202536351,,,,,,,,,,,,,,ED14,1,2024-01-23_13h42.14.522,rating,2023.2.3,60.000615819234966,2024-01-23 13h42.30.089819 +0800,
neg_142.jpg,0.0,138.0,138.0,48.0,732.4716403834232,,,,,,,,,,,,,,,,,,,,,,,732.4430572495166,,732.4430860444786,732.443092886846,732.4716403834232,733.4549846360346,733.4716258433928,734.4549646791302,734.4549646791302,734.7382255688999,734.6885451359608,734.6885542591172,734.7382255688999,734.7382255688999,734.7382255688999,734.7382255688999,734.7382255688999,734.7382255688999,0.0451882762881723,739.338981137304,[-370.0],[-344.0],[1],[0],[0],[4.6001066839094165],739.3396428512374,739.3429174941652,,,,,,,,,,,,,,ED14,1,2024-01-23_13h42.14.522,rating,2023.2.3,60.000615819234966,2024-01-23 13h42.30.089819 +0800,
neg_143.jpg,0.0,208.0,208.0,49.0,1026.2069322873635,,,,,,,,,,,,,,,,,,,,,,,1026.1789062361904,,1026.1789381672374,1026.178945864901,1026.2069322873635,1027.190267131719,1027.2069371340403,1028.1902788207635,1028.1902788207635,1028.5069469984528,1028.4238356144074,1028.4238444524651,1028.5069469984528,1028.5069469984528,1028.5069469984528,1028.5069469984528,1028.5069469984528,1028.5069469984528,0.0780604340684476,1029.3412736154328,[-355.0],[-345.0],[1],[0],[0],[0.8334282711789456],1029.342122068972,1029.3453818867715,,,,,,,,,,,,,,ED14,1,2024-01-23_13h42.14.522,rating,2023.2.3,60.000615819234966,2024-01-23 13h42.30.089819 +0800,
neg_144.jpg,0.0,360.0,360.0,50.0,1638.4777218224183,,,,,,,,,,,,,,,,,,,,,,,1638.4618478154885,1638.4777218224183,1639.4612565209186,1639.46126450368,1639.4943969565152,1640.4610905935128,1640.4944000926002,1641.4610734875946,1641.4610734875946,1641.8110950695614,1641.6946550848193,1641.694664207976,1641.8110950695614,1641.8110950695614,1641.8110950695614,1641.8110950695614,1641.8110950695614,1641.8110950695614,0.0994664949230355,1642.62938488829,[-345.0],[-349.0],[1],[0],[0],[0.8166254128936998],1642.6304736799789,1642.6337243746216,,,,,,1639.4943969565152,,,,,,,,ED14,1,2024-01-23_13h42.14.522,rating,2023.2.3,60.000615819234966,2024-01-23 13h42.30.089819 +0800,
neg_145.jpg,0.0,212.0,212.0,51.0,1041.8403966520295,,,,,,,,,,,,,,,,,,,,,,,1041.812389987564,,1041.81242220371,1041.812429616274,1041.8403966520295,1042.823693863366,1042.8404014987063,1043.8237143904676,1043.8237143904676,1044.140427328643,1044.0573287740358,1044.057337326995,1044.140427328643,1044.140427328643,1044.140427328643,1044.140427328643,1044.140427328643,1044.140427328643,0.0780655658436444,1044.9746279320257,[-332.0],[-346.0],[1],[0],[0],[0.833328486656228],1044.9754595647455,1044.978824583941,,,,,,,,,,,,,,ED14,1,2024-01-23_13h42.14.522,rating,2023.2.3,60.000615819234966,2024-01-23 13h42.30.089819 +0800,
neg_146.jpg,0.0,104.0,104.0,52.0,581.3206031090576,,,,,,,,,,,,,,,,,,,,,,,581.2922112763354,,581.2922426371852,581.2922500497498,581.3206031090576,582.3039422298934,582.3206042494521,583.303951067951,583.303951067951,583.5872832323798,583.5376364410795,583.5376467046303,583.5872832323798,583.5872832323798,583.5872832323798,583.5872832323798,583.5872832323798,583.5872832323798,0.0450884917654548,585.987848811053,[-349.0],[-341.0],[1],[0],[0],[2.4000495501427395],585.988484010813,585.9916337805389,,,,,,,,,,,,,,ED14,1,2024-01-23_13h42.14.522,rating,2023.2.3,60.000615819234966,2024-01-23 13h42.30.089819 +0800,
neg_147.jpg,0.0,214.0,214.0,53.0,1049.6737958431477,,,,,,,,,,,,,,,,,,,,,,,1049.645801723022,,1049.645833939168,1049.645841636831,1049.6737958431477,1050.657096190569,1050.6738086725863,1051.6571013223445,1051.6571013223445,1051.9737743467108,1051.8907285353512,1051.8907370883103,1051.9737743467108,1051.9737743467108,1051.9737743467108,1051.9737743467108,1051.9737743467108,1051.9737743467108,0.0779931507904621,1053.0580745920663,[-362.0],[-347.0],[1],[0],[0],[1.0833876446231443],1053.0589298879731,1053.0622227772142,,,,,,,,,,,,,,ED14,1,2024-01-23_13h42.14.522,rating,2023.2.3,60.000615819234966,2024-01-23 13h42.30.089819 +0800,
neg_148.jpg,0.0,11.0,11.0,54.0,88.95063574144751,,,,,,,,,,,,,,,,,,,,,,,88.92157421203001,,88.92160329209082,88.9216101344582,88.95063574144751,89.93396317323914,89.95061949082537,90.93399396389168,90.93399396389168,91.18397357933918,91.16751968178414,91.16753023043384,91.18397357933918,91.18397357933918,91.18397357933918,91.18397357933918,91.18397357933918,91.18397357933918,0.0124307281589608,96.35108385948296,[-344.0],[333.0],[1],[0],[0],[5.166802658715824],96.35151635411285,96.35473568790576,,,,,,,,,,,,,,ED14,1,2024-01-23_13h42.14.522,rating,2023.2.3,60.000615819234966,2024-01-23 13h42.30.089819 +0800,
neg_149.jpg,0.0,303.0,303.0,55.0,1404.6261490187758,,,,,,,,,,,,,,,,,,,,,,,1404.5986429875145,,1404.598675488759,1404.5986829013232,1404.6261490187758,1405.6095100922066,1405.6261815200205,1406.6094935564856,1406.6094935564856,1406.9428385788628,1406.8430403716775,1406.8430494948338,1406.9428385788628,1406.9428385788628,1406.9428385788628,1406.9428385788628,1406.9428385788628,1406.9428385788628,0.0942189694369517,1408.144308946566,[-395.0],[375.0],[1],[0],[0],[1.2000859287286403],1408.1453592499397,1408.1485144365397,,,,,,,,,,,,,,ED14,1,2024-01-23_13h42.14.522,rating,2023.2.3,60.000615819234966,2024-01-23 13h42.30.089819 +0800,
neg_15.jpg,0.0,126.0,126.0,56.0,682.1713003747905,,,,,,,,,,,,,,,,,,,,,,,682.1427314958155,,682.1427637119614,682.1427714096244,682.1713003747905,683.154624670497,683.1712852645628,684.1546483336838,684.1546483336838,684.4379611114055,684.388158086053,684.3881663539132,684.4379611114055,684.4379611114055,684.4379611114055,684.4379611114055,684.4379611114055,684.4379611114055,0.045254989368459,686.5386938719189,[26.0],[-355.0],[1],[0],[0],[2.1001343384773463],686.539374972559,686.5426353605558,,,,,,,,,,,,,,ED14,1,2024-01-23_13h42.14.522,rating,2023.2.3,60.000615819234966,2024-01-23 13h42.30.089819 +0800,
neg_150.jpg,0.0,149.0,149.0,57.0,785.2219786529545,,,,,,,,,,,,,,,,,,,,,,,785.1933516138579,,785.1933938084558,785.1934097739795,785.2219786529545,786.2053169184942,786.2219903419987,787.2053214800726,787.2053214800726,787.5053270680055,787.4388717164475,787.4388799843082,787.5053270680055,787.5053270680055,787.5053270680055,787.5053270680055,787.5053270680055,787.5053270680055,0.0619840071071848,788.3728223453468,[-364.0],[333.0],[1],[0],[0],[0.8667987813742002],788.3735402237112,790.8724930564226,space,788.388661855342,788.388661855342,2.475006828112328,,,,,,,,,,ED14,1,2024-01-23_13h42.14.522,rating,2023.2.3,60.000615819234966,2024-01-23 13h42.30.089819 +0800,
neg_151.jpg,0.0,49.0,49.0,58.0,305.0187517925574,,,,,,,,,,,,,,,,,,,,,,,304.9897481381631,,304.989780354309,304.9897880519725,305.0187517925574,306.00207779885613,306.01874152900655,307.0020840710258,307.0020840710258,307.2687536456988,307.2357275346553,307.2357494872499,307.2687536456988,307.2687536456988,307.2687536456988,307.2687536456988,307.2687536456988,307.2687536456988,0.0290226134538897,309.0359820136973,[-365.0],[339.0],[1],[0],[0],[1.7668346467826268],309.03649547633995,309.0399839432448,,,,,,,,,,,,,,ED14,1,2024-01-23_13h42.14.522,rating,2023.2.3,60.000615819234966,2024-01-23 13h42.30.089819 +0800,
neg_152.jpg,0.0,219.0,219.0,59.0,1066.0072261100172,,,,,,,,,,,,,,,,,,,,,,,1065.97913619675,,1065.9791672725014,1065.9791746850656,1066.0072261100172,1066.990556677894,1067.0072064382111,1067.9905629500636,1067.9905629500636,1068.307216587723,1068.224172772054,1068.2241824654077,1068.307216587723,1068.307216587723,1068.307216587723,1068.307216587723,1068.307216587723,1068.307216587723,0.0781037690608172,1068.9748485983696,[-408.0],[401.0],[1],[0],[0],[0.6666786408095504],1068.9757210001944,1068.9790292847615,,,,,,,,,,,,,,ED14,1,2024-01-23_13h42.14.522,rating,2023.2.3,60.000615819234966,2024-01-23 13h42.30.089819 +0800,
neg_153.jpg,0.0,130.0,130.0,60.0,698.8713928607881,,,,,,,,,,,,,,,,,,,,,,,698.8428958266691,,698.8429283279133,698.842935740478,698.8713928607881,699.8547331220184,699.8713988478594,700.8547371133991,700.8547371133991,701.1381197402866,701.0882782266181,701.0882867795772,701.1381197402866,701.1381197402866,701.1381197402866,701.1381197402866,701.1381197402866,701.1381197402866,0.0452498575932622,701.9886795884772,[-356.0],[335.0],[1],[0],[0],[0.8499731151987362],701.9893207753084,701.9925951331384,,,,,,,,,,,,,,ED14,1,2024-01-23_13h42.14.522,rating,2023.2.3,60.000615819234966,2024-01-23 13h42.30.089819 +0800,
neg_154.jpg,0.0,75.0,75.0,61.0,439.1529768003834,,,,,,,,,,,,,,,,,,,,,,,439.12410001488206,,439.1241290949429,439.1241356522114,439.1529768003834,440.13631563612034,440.1529810768629,441.13631934240266,441.13631934240266,441.40301486105136,441.3698550387476,441.36986416190393,441.40301486105136,441.40301486105136,441.40301486105136,441.40301486105136,441.40301486105136,441.40301486105136,0.0289348030737528,443.8368999172644,[-375.0],[350.0],[1],[0],[0],[2.4334220560290305],443.8374789525933,443.84076728025593,,,,,,,,,,,,,,ED14,1,2024-01-23_13h42.14.522,rating,2023.2.3,60.000615819234966,2024-01-23 13h42.30.089819 +0800,
neg_155.jpg,0.0,65.0,65.0,62.0,386.4192885762686,,,,,,,,,,,,,,,,,,,,,,,386.39044030063087,,386.3904722316779,386.3904796442425,386.4192885762686,387.4026559218692,387.41931366494873,388.4026322586824,388.4026322586824,388.6693471640383,388.63618620134,388.6361956095948,388.6693471640383,388.6693471640383,388.6693471640383,388.6693471640383,388.6693471640383,388.6693471640383,0.0289196928461024,390.8697732154392,[-376.0],[368.0],[1],[0],[0],[2.2000143689710967],390.8703174687348,390.8734946079294,,,,,,,,,,,,,,ED14,1,2024-01-23_13h42.14.522,rating,2023.2.3,60.000615819234966,2024-01-23 13h42.30.089819 +0800,
neg_156.jpg,0.0,165.0,165.0,63.0,850.3724605551783,,,,,,,,,,,,,,,,,,,,,,,850.3441340100435,,850.3441662261894,850.3441739238524,850.3724605551783,851.3557577665142,851.3724309049203,852.3557611876981,852.3557611876981,852.6557653501382,852.5893490570934,852.5893576100525,852.6557653501382,852.6557653501382,852.6557653501382,852.6557653501382,852.6557653501382,852.6557653501382,0.0616498715057787,853.5899796952749,[-445.0],[411.0],[1],[0],[0],[0.9334842075309098],853.5907329258703,853.5939685102853,,,,,,,,,,,,,,ED14,1,2024-01-23_13h42.14.522,rating,2023.2.3,60.000615819234966,2024-01-23 13h42.30.089819 +0800,
neg_157.jpg,0.0,297.0,297.0,64.0,1377.3759838041165,,,,,,,,,,,,,,,,,,,,,,,1377.3482397154944,,1377.3482716465414,1377.348279059106,1377.3759838041165,1378.3593414563634,1378.3759664130998,1379.3593314779114,1379.3593314779114,1379.692677925782,1379.5928631828751,1379.5928723060315,1379.692677925782,1379.692677925782,1379.692677925782,1379.692677925782,1379.692677925782,1379.692677925782,0.094460447980964,1382.1940184595665,[320.0],[304.0],[1],[0],[0],[2.5000307906529997],1382.1950331256105,1382.1982832500555,,,,,,,,,,,,,,ED14,1,2024-01-23_13h42.14.522,rating,2023.2.3,60.000615819234966,2024-01-23 13h42.30.089819 +0800,
neg_158.jpg,0.0,374.0,374.0,65.0,1691.394748426113,,,,,,,,,,,,,,,,,,,,,,,1691.367917223322,,1691.3679494394678,1691.3679571371308,1691.394748426113,1692.378091538329,1692.3947586896634,1693.378129741547,1693.378129741547,1693.7447913904775,1693.6116654378916,1693.611674275949,1693.7447913904775,1693.7447913904775,1693.7447913904775,1693.7447913904775,1693.7447913904775,1693.7447913904775,0.1269023919203391,1694.3299101540156,[-407.0],[386.0],[1],[0],[0],[0.5833899254121206],1694.3311166914414,1694.3344092955836,,,,,,,,,,,,,,ED14,1,2024-01-23_13h42.14.522,rating,2023.2.3,60.000615819234966,2024-01-23 13h42.30.089819 +0800,
neg_159.jpg,0.0,257.0,257.0,66.0,1215.0582043119457,,,,,,,,,,,,,,,,,,,,,,,1215.030454236252,,1215.0304858822003,1215.0304930096663,1215.0582043119457,1216.0415434327815,1216.058228260231,1217.0415471390638,1217.0415471390638,1217.3748947273289,1217.275087967184,1217.2750973754387,1217.3748947273289,1217.3748947273289,1217.3748947273289,1217.3748947273289,1217.3748947273289,1217.3748947273289,0.0944667201511038,1218.45937144874,[-407.0],[365.0],[1],[0],[0],[1.083355713576566],1218.46031170404,1218.463596040322,,,,,,,,,,,,,,ED14,1,2024-01-23_13h42.14.522,rating,2023.2.3,60.000615819234966,2024-01-23 13h42.30.089819 +0800,
neg_16.jpg,0.0,284.0,284.0,67.0,1323.7256116648678,,,,,,,,,,,,,,,,,,,,,,,1323.698055456246,,1323.6980879574908,1323.698095370055,1323.7256116648678,1324.7089416625467,1324.725611379769,1325.7089493602102,1325.7089493602102,1326.0423074971245,1325.942481065174,1325.942489618133,1326.0423074971245,1326.0423074971245,1326.0423074971245,1326.0423074971245,1326.0423074971245,1326.0423074971245,0.0942762742624836,1327.1435642689305,[-18.0],[-337.0],[1],[0],[0],[1.1000379751380933],1327.1445421572505,1327.1476967736526,,,,,,,,,,,,,,ED14,1,2024-01-23_13h42.14.522,rating,2023.2.3,60.000615819234966,2024-01-23 13h42.30.089819 +0800,
neg_160.jpg,0.0,383.0,383.0,68.0,1722.6616894146869,,,,,,,,,,,,,,,,,,,,,,,1722.6346483793,,1722.6346811656426,1722.6346885782073,1722.6616894146869,1723.6449655287238,1723.6616400926227,1724.6449715157955,1724.6449715157955,1725.0116422878823,1724.878571359333,1724.8785796271936,1725.0116422878823,1725.0116422878823,1725.0116422878823,1725.0116422878823,1725.0116422878823,1725.0116422878823,0.1270184270651952,1725.6634413458028,[-489.0],[406.0],[1],[0],[0],[0.6500442758178906],1725.6646521597072,1725.6679256622415,,,,,,,,,,,,,,ED14,1,2024-01-23_13h42.14.522,rating,2023.2.3,60.000615819234966,2024-01-23 13h42.30.089819 +0800,
neg_161.jpg,0.0,94.0,94.0,69.0,537.3703049243945,,,,,,,,,,,,,,,,,,,,,,,537.3416696174377,,537.3416978422024,537.3417046845698,537.3703049243945,538.3536471813154,538.3703140475509,539.3536671382199,539.3536671382199,539.636991034788,539.5872310593295,539.5872393271898,539.636991034788,539.636991034788,539.636991034788,539.636991034788,539.636991034788,539.636991034788,0.0453425146497465,541.8375257087696,[-385.0],[351.0],[1],[0],[0],[2.1999995438422957],541.8381152927477,541.8413731148567,,,,,,,,,,,,,,ED14,1,2024-01-23_13h42.14.522,rating,2023.2.3,60.000615819234966,2024-01-23 13h42.30.089819 +0800,
neg_162.jpg,0.0,293.0,293.0,70.0,1363.2758736990236,,,,,,,,,,,,,,,,,,,,,,,1363.2482362372912,,1363.2482647471547,1363.2482715895217,1363.2758736990236,1364.2592313512705,1364.275894511224,1365.259211679465,1365.259211679465,1365.5925786544371,1365.4927433844286,1365.492752507585,1365.5925786544371,1365.5925786544371,1365.5925786544371,1365.5925786544371,1365.5925786544371,1365.5925786544371,0.0943672207276904,1366.7938885116082,[-424.0],[414.0],[1],[0],[0],[1.2000500063004438],1366.794923419655,1366.7981980625837,,,,,,,,,,,,,,ED14,1,2024-01-23_13h42.14.522,rating,2023.2.3,60.000615819234966,2024-01-23 13h42.30.089819 +0800,
neg_163.jpg,0.0,378.0,378.0,71.0,1704.678170966809,,,,,,,,,,,,,,,,,,,,,,,1704.651191512728,,1704.651223728873,1704.6512311414376,1704.678170966809,1705.6615083770537,1705.6781783793735,1706.6615403081,1706.6615403081,1707.028205093116,1706.8951204798327,1706.895130743383,1707.028205093116,1707.028205093116,1707.028205093116,1707.028205093116,1707.028205093116,1707.028205093116,0.1270375286730996,1708.313384411605,[-352.0],[353.0],[1],[0],[0],[1.283457037631706],1708.314594085116,1708.3178162698946,,,,,,,,,,,,,,ED14,1,2024-01-23_13h42.14.522,rating,2023.2.3,60.000615819234966,2024-01-23 13h42.30.089819 +0800,
neg_164.jpg,0.0,210.0,210.0,72.0,1034.0070100052512,,,,,,,,,,,,,,,,,,,,,,,1033.9911998604157,1034.0070100052512,1034.9905184746767,1034.9905270276358,1035.0236591953717,1035.9903283138865,1036.0236609059634,1036.99033800724,1036.99033800724,1037.3070101763103,1037.2239027836458,1037.2239116217038,1037.3070101763103,1037.3070101763103,1037.3070101763103,1037.3070101763103,1037.3070101763103,1037.3070101763103,0.0660238547729932,1037.891279345915,[-425.0],[397.0],[1],[0],[0],[0.5833867893275055],1037.8921403437948,1037.8952906837176,,,,,,1035.0236591953717,,,,,,,,ED14,1,2024-01-23_13h42.14.522,rating,2023.2.3,60.000615819234966,2024-01-23 13h42.30.089819 +0800,
neg_165.jpg,0.0,332.0,332.0,73.0,1520.3269405666274,,,,,,,,,,,,,,,,,,,,,,,1520.299675443713,,1520.299707659859,1520.2997150724236,1520.3269405666274,1521.310318745977,1521.3269305881754,1522.3102976486775,1522.3102976486775,1522.6602784615393,1522.5438242218656,1522.5438324897264,1522.6602784615393,1522.6602784615393,1522.6602784615393,1522.6602784615393,1522.6602784615393,1522.6602784615393,0.1106275363090389,1523.828463563539,[-433.0],[407.0],[1],[0],[0],[1.1667057251797814],1523.8295865670648,1523.8329073959717,,,,,,,,,,,,,,ED14,1,2024-01-23_13h42.14.522,rating,2023.2.3,60.000615819234966,2024-01-23 13h42.30.089819 +0800,
neg_166.jpg,0.0,266.0,266.0,74.0,1249.358435127801,,,,,,,,,,,,,,,,,,,,,,,1249.3307728624873,,1249.330804508436,1249.330811921,1249.358435127801,1250.3417805208069,1250.3584371234915,1251.341773963538,1251.341773963538,1251.675185128799,1251.575349288593,1251.5753575564536,1251.675185128799,1251.675185128799,1251.675185128799,1251.675185128799,1251.675185128799,1251.675185128799,0.0944536056135803,1254.0763029435293,[-262.0],[-360.0],[1],[0],[0],[2.3999030094441878],1254.0772890997096,1254.0805936779948,,,,,,,,,,,,,,ED14,1,2024-01-23_13h42.14.522,rating,2023.2.3,60.000615819234966,2024-01-23 13h42.30.089819 +0800,
neg_167.jpg,0.0,180.0,180.0,75.0,916.1562240738426,,,,,,,,,,,,,,,,,,,,,,,916.14027537107,916.1562240738426,917.139791273587,917.139801252039,917.1728572984392,918.1395395314916,918.1728744043576,919.1395646201718,919.1395646201718,919.439547400214,919.3731499236792,919.3731581915396,919.439547400214,919.439547400214,919.439547400214,919.439547400214,919.439547400214,919.439547400214,0.049475589569738,920.640385704242,[-53.0],[-365.0],[1],[0],[0],[1.2000431639335147],920.6411811294352,920.6444791504518,,,,,,917.1728572984392,,,,,,,,ED14,1,2024-01-23_13h42.14.522,rating,2023.2.3,60.000615819234966,2024-01-23 13h42.30.089819 +0800,
neg_168.jpg,0.0,26.0,26.0,76.0,176.65121774180216,,,,,,,,,,,,,,,,,,,,,,,176.6226263400349,,176.62265827108197,176.62266625384382,176.65121774180216,177.63455828813085,177.65122116298562,178.63458052582428,178.63458052582428,178.90123242438176,178.86811052019675,178.8681196433531,178.90123242438176,178.90123242438176,178.90123242438176,178.90123242438176,178.90123242438176,178.90123242438176,0.0286294624352194,183.85163951672348,[-264.0],[171.0],[1],[0],[0],[4.950077233220327],183.85206916036717,183.8553053149799,,,,,,,,,,,,,,ED14,1,2024-01-23_13h42.14.522,rating,2023.2.3,60.000615819234966,2024-01-23 13h42.30.089819 +0800,
neg_169.jpg,0.0,111.0,111.0,77.0,616.0875033285265,,,,,,,,,,,,,,,,,,,,,,,616.0588976718273,,616.0589296028747,616.0589370154394,616.0875033285265,617.0708615509707,617.0875107410911,618.0708860694535,618.0708860694535,618.354184877342,618.3043827072852,618.3043912602443,618.354184877342,618.354184877342,618.354184877342,618.354184877342,618.354184877342,618.354184877342,0.0453034561369349,619.4548973958522,[-389.0],[390.0],[1],[0],[0],[1.1001642738337978],619.455545995248,619.4586470131071,,,,,,,,,,,,,,ED14,1,2024-01-23_13h42.14.522,rating,2023.2.3,60.000615819234966,2024-01-23 13h42.30.089819 +0800,
neg_17.jpg,0.0,78.0,78.0,78.0,454.30309577204434,,,,,,,,,,,,,,,,,,,,,,,454.27428484432767,,454.2743162051775,454.2743236177421,454.30309577204434,455.2863966896625,455.3030971975372,456.286423203836,456.286423203836,456.55316975514006,456.5199876951429,456.5199959630031,456.55316975514006,456.55316975514006,456.55316975514006,456.55316975514006,456.55316975514006,456.55316975514006,0.0289533344853225,460.05355977007366,[-19.0],[-340.0],[1],[0],[0],[3.499860871866076],460.0541065892567,460.05736783254906,,,,,,,,,,,,,,ED14,1,2024-01-23_13h42.14.522,rating,2023.2.3,60.000615819234966,2024-01-23 13h42.30.089819 +0800,
neg_170.jpg,0.0,91.0,91.0,79.0,522.3702048547734,,,,,,,,,,,,,,,,,,,,,,,522.3417292030522,,522.3417611340997,522.3417688317627,522.3702048547734,523.3535616517247,523.3702085610557,524.353572200374,524.353572200374,524.63690293931,524.5871227218481,524.5871324152017,524.63690293931,524.63690293931,524.63690293931,524.63690293931,524.63690293931,524.63690293931,0.0451916974711821,526.1375193225599,[-372.0],[353.0],[1],[0],[0],[1.5001205967228088],526.1381428332761,526.1414873253698,,,,,,,,,,,,,,ED14,1,2024-01-23_13h42.14.522,rating,2023.2.3,60.000615819234966,2024-01-23 13h42.30.089819 +0800,
neg_171.jpg,0.0,319.0,319.0,80.0,1466.7098998790611,,,,,,,,,,,,,,,,,,,,,,,1466.6825526477392,,1466.6825862893788,1466.682593987042,1466.7098998790611,1467.6932600971954,1467.7099038704423,1468.6932392849951,1468.6932392849951,1469.0432463269312,1468.926823733207,1468.9268422646178,1469.0432463269312,1469.0432463269312,1469.0432463269312,1469.0432463269312,1469.0432463269312,1469.0432463269312,0.1107142062937782,1471.2780430145417,[-368.0],[327.0],[1],[0],[0],[2.2333848791658966],1471.2791406442889,1471.2823246258508,,,,,,,,,,,,,,ED14,1,2024-01-23_13h42.14.522,rating,2023.2.3,60.000615819234966,2024-01-23 13h42.30.089819 +0800,
neg_172.jpg,0.0,22.0,22.0,81.0,154.05105574875734,,,,,,,,,,,,,,,,,,,,,,,154.0219973554249,,154.0220284311763,154.02203584374092,154.05105574875734,155.0343925888037,155.05107684605628,156.0343974354805,156.0343974354805,156.28441696473735,156.26795337382873,156.2679627820835,156.28441696473735,156.28441696473735,156.28441696473735,156.28441696473735,156.28441696473735,156.28441696473735,0.0124332940467866,158.75153083712348,[-370.0],[388.0],[1],[0],[0],[2.466784868560808],158.75193567718634,158.75512507562237,,,,,,,,,,,,,,ED14,1,2024-01-23_13h42.14.522,rating,2023.2.3,60.000615819234966,2024-01-23 13h42.30.089819 +0800,
neg_173.jpg,0.0,325.0,325.0,82.0,1491.243400394234,,,,,,,,,,,,,,,,,,,,,,,1491.2161164548102,,1491.2161492411528,1491.216156938816,1491.243400394234,1492.2267514892123,1492.2434026750238,1493.2267417958587,1493.2267417958587,1493.576749122894,1493.460301725588,1493.460309993448,1493.576749122894,1493.576749122894,1493.576749122894,1493.576749122894,1493.576749122894,1493.576749122894,0.1106899729093129,1494.494878203012,[-438.0],[403.0],[1],[0],[0],[0.916649988395875],1494.4959624331227,1494.4992208254291,,,,,,,,,,,,,,ED14,1,2024-01-23_13h42.14.522,rating,2023.2.3,60.000615819234966,2024-01-23 13h42.30.089819 +0800,
neg_174.jpg,0.0,28.0,28.0,83.0,189.0513131928251,,,,,,,,,,,,,,,,,,,,,,,189.0222080433168,,189.0222402594627,189.02224767202688,189.0513131928251,190.03462893557295,190.05130264417585,191.0346334971509,191.0346334971509,191.30130364202117,191.26818601431523,191.26819428217595,191.30130364202117,191.30130364202117,191.30130364202117,191.30130364202117,191.30130364202117,191.30130364202117,0.0291124195236989,192.7351402314657,[-333.0],[292.0],[1],[0],[0],[1.4334981773645268],192.7355983849734,192.7388351097829,,,,,,,,,,,,,,ED14,1,2024-01-23_13h42.14.522,rating,2023.2.3,60.000615819234966,2024-01-23 13h42.30.089819 +0800,
neg_175.jpg,0.0,184.0,184.0,84.0,931.3562946072452,,,,,,,,,,,,,,,,,,,,,,,931.3279475350088,,931.3279791809572,931.3279865935216,931.3562946072452,932.3396340131794,932.3562991688232,933.3396388598562,933.3396388598562,933.6396438775924,933.5731970789934,933.5732053468536,933.6396438775924,933.6396438775924,933.6396438775924,933.6396438775924,933.6396438775924,933.6396438775924,0.0617200057704394,935.3071895033522,[-360.0],[312.0],[1],[0],[0],[1.6667410774107339],935.307989205025,935.3112410400628,,,,,,,,,,,,,,ED14,1,2024-01-23_13h42.14.522,rating,2023.2.3,60.000615819234966,2024-01-23 13h42.30.089819 +0800,
neg_176.jpg,0.0,92.0,92.0,85.0,526.1702822875632,,,,,,,,,,,,,,,,,,,,,,,526.1417339356894,,526.1417630157507,526.1417695730192,526.1702822875632,527.1535746522222,527.1702335356963,528.1535720863349,528.1535720863349,528.436910237835,528.3871109187644,528.3871200419208,528.436910237835,528.436910237835,528.436910237835,528.436910237835,528.436910237835,528.436910237835,0.0451962590500443,532.937453920933,[-275.0],[43.0],[1],[0],[0],[4.5000789723221715],532.9380352370508,532.9413209988261,,,,,,,,,,,,,,ED14,1,2024-01-23_13h42.14.522,rating,2023.2.3,60.000615819234966,2024-01-23 13h42.30.089819 +0800,
neg_177.jpg,0.0,317.0,317.0,86.0,1457.7765069030934,,,,,,,,,,,,,,,,,,,,,,,1457.74923322722,,1457.7492648731682,1457.7492722857328,1457.7765069030934,1458.7598448835347,1458.7765071881918,1459.7598508706055,1459.7598508706055,1460.109878439644,1459.9933865669504,1459.993408519545,1460.109878439644,1460.109878439644,1460.109878439644,1460.109878439644,1460.109878439644,1460.109878439644,0.1106728669919903,1462.2113322146065,[-360.0],[298.0],[1],[0],[0],[2.0999952103429678],1462.2123474508476,1462.2156945088295,,,,,,,,,,,,,,ED14,1,2024-01-23_13h42.14.522,rating,2023.2.3,60.000615819234966,2024-01-23 13h42.30.089819 +0800,
neg_178.jpg,0.0,193.0,193.0,87.0,965.9398598683188,,,,,,,,,,,,,,,,,,,,,,,965.9116624728658,,965.911691838025,965.9116986803924,965.9398598683188,966.9231981338584,966.9398612938116,967.9232018401408,967.9232018401408,968.2232037217914,968.1567375364853,968.1567463745432,968.2232037217914,968.2232037217914,968.2232037217914,968.2232037217914,968.2232037217914,968.2232037217914,0.0615646270139222,970.1575435103282,[-365.0],[278.0],[1],[0],[0],[1.9335027389424795],970.1583591775247,970.1616323949596,,,,,,,,,,,,,,ED14,1,2024-01-23_13h42.14.522,rating,2023.2.3,60.000615819234966,2024-01-23 13h42.30.089819 +0800,
neg_179.jpg,0.0,331.0,331.0,88.0,1516.676909690446,,,,,,,,,,,,,,,,,,,,,,,1516.6495767140557,,1516.649609500399,1516.6496169129637,1516.676909690446,1517.6602465304918,1517.6769111159388,1518.66026363641,1518.66026363641,1519.0102675422618,1518.89378165664,1518.893790209599,1519.0102675422618,1519.0102675422618,1519.0102675422618,1519.0102675422618,1519.0102675422618,1519.0102675422618,0.11071306589929,1520.2951928378657,[-440.0],[-355.0],[1],[0],[0],[1.2834539015466362],1520.2962194780523,1520.2994393820431,,,,,,,,,,,,,,ED14,1,2024-01-23_13h42.14.522,rating,2023.2.3,60.000615819234966,2024-01-23 13h42.30.089819 +0800,
neg_18.jpg,0.0,359.0,359.0,89.0,1632.5276796563307,,,,,,,,,,,,,,,,,,,,,,,1632.5005522360566,,1632.5005847373018,1632.5005924349648,1632.5276796563307,1633.511024479139,1633.5276887794869,1634.511092902812,1634.511092902812,1634.8610195469323,1634.7445781366982,1634.7445866896574,1634.8610195469323,1634.8610195469323,1634.8610195469323,1634.8610195469323,1634.8610195469323,1634.8610195469323,0.1104926846546732,1636.379390447713,[-117.0],[-360.0],[1],[0],[0],[1.5167475491489313],1636.3805496587652,1638.461460366443,space,1636.3943013914527,1636.3943013914527,2.0595499775063217,,,,,,,,,,ED14,1,2024-01-23_13h42.14.522,rating,2023.2.3,60.000615819234966,2024-01-23 13h42.30.089819 +0800,
neg_180.jpg,0.0,247.0,247.0,90.0,1177.057970245966,,,,,,,,,,,,,,,,,,,,,,,1177.0302196000748,,1177.0302512460237,1177.0302589436865,1177.057970245966,1178.0413521315968,1178.0579696757686,1179.041291120489,1179.041291120489,1179.357964144855,1179.274894670309,1179.2749052189583,1179.357964144855,1179.357964144855,1179.357964144855,1179.357964144855,1179.357964144855,1179.357964144855,0.0777676377697389,1181.1091691142385,[-99.0],[-362.0],[1],[0],[0],[1.7501426918670404],1181.1101344582185,1181.1134763844248,,,,,,,,,,,,,,ED14,1,2024-01-23_13h42.14.522,rating,2023.2.3,60.000615819234966,2024-01-23 13h42.30.089819 +0800,
neg_181.jpg,0.0,0.0,0.0,91.0,12.433435740763343,,,,,,,,,,,,,,,,,,,,,,,12.420972083711604,12.433435740763343,13.416817911492672,13.416827034649032,13.450108594070116,14.400127952267669,14.450110874859092,15.400121109900285,15.400121109900285,15.650123248140062,15.63370527301322,15.63371468126843,15.650123248140062,15.650123248140062,15.650123248140062,15.650123248140062,15.650123248140062,15.650123248140062,-0.0003205934153811,17.783892098148954,[-346.0],[333.0],[1],[0],[0],[2.1334817556830785],17.785251448443432,17.789339192680472,,,,,,,,,,,,,,ED14,1,2024-01-23_13h42.14.522,rating,2023.2.3,60.000615819234966,2024-01-23 13h42.30.089819 +0800,
neg_182.jpg,0.0,273.0,273.0,92.0,1276.27528525544,,,,,,,,,,,,,,,,,,,,,,,1276.2477142216894,,1276.2477444421447,1276.247751854709,1276.27528525544,1277.2586243762753,1277.2752863958344,1278.2586563073228,1278.2586563073228,1278.5919668327651,1278.492157221634,1278.4921666298887,1278.5919668327651,1278.5919668327651,1278.5919668327651,1278.5919668327651,1278.5919668327651,1278.5919668327651,0.0942762742624836,1281.7932749793445,[-349.0],[-369.0],[1],[0],[0],[3.2001412378640453],1281.7942129538555,1281.797510119576,,,,,,,,,,,,,,ED14,1,2024-01-23_13h42.14.522,rating,2023.2.3,60.000615819234966,2024-01-23 13h42.30.089819 +0800,
neg_183.jpg,0.0,223.0,223.0,93.0,1084.007347562036,,,,,,,,,,,,,,,,,,,,,,,1083.9791895101948,,1083.9792231518336,1083.9792305643982,1084.007347562036,1084.9906598836,1085.007323328652,1085.9906687216576,1085.9906687216576,1086.3073366142485,1086.2242021372135,1086.2242118305671,1086.3073366142485,1086.3073366142485,1086.3073366142485,1086.3073366142485,1086.3073366142485,1086.3073366142485,0.0781696268459199,1087.391673637328,[-439.0],[-364.0],[1],[0],[0],[1.0833942018921334],1087.392533779912,1087.3956995151611,,,,,,,,,,,,,,ED14,1,2024-01-23_13h42.14.522,rating,2023.2.3,60.000615819234966,2024-01-23 13h42.30.089819 +0800,
neg_184.jpg,0.0,316.0,316.0,94.0,1454.1098151477468,,,,,,,,,,,,,,,,,,,,,,,1454.082388088807,,1454.0824203049528,1454.0824277175177,1454.1098151477468,1455.093152272892,1455.109817143437,1456.093159970555,1456.093159970555,1456.4431681528854,1456.3267352956104,1456.3267452740624,1456.4431681528854,1456.4431681528854,1456.4431681528854,1456.4431681528854,1456.4431681528854,1456.4431681528854,0.1108165567047763,1457.7446089273503,[-370.0],[-365.0],[1],[0],[0],[1.3000335275992256],1457.7456971488425,1457.7489983059436,,,,,,,,,,,,,,ED14,1,2024-01-23_13h42.14.522,rating,2023.2.3,60.000615819234966,2024-01-23 13h42.30.089819 +0800,
neg_185.jpg,0.0,199.0,199.0,95.0,989.8900237715244,,,,,,,,,,,,,,,,,,,,,,,989.8618839659956,,989.8619161821416,989.8619235947058,989.8900237715244,990.8733797131796,990.8900271927076,991.8733931128154,991.8733931128154,992.1900373422192,992.1069040055786,992.1069128436366,992.1900373422192,992.1900373422192,992.1900373422192,992.1900373422192,992.1900373422192,992.1900373422192,0.0781750437195114,994.5910941458416,[-404.0],[-353.0],[1],[0],[0],[2.4001362201279335],994.5919377527044,994.595236914115,,,,,,,,,,,,,,ED14,1,2024-01-23_13h42.14.522,rating,2023.2.3,60.000615819234966,2024-01-23 13h42.30.089819 +0800,
neg_186.jpg,0.0,270.0,270.0,96.0,1264.6252004956154,,,,,,,,,,,,,,,,,,,,,,,1264.6092848642843,1264.6252004956154,1265.6087394705946,1265.608748308652,1265.6418787657967,1266.608547599213,1266.641859664188,1267.6085515905938,1267.6085515905938,1267.941894902379,1267.842106673646,1267.8421146564078,1267.941894902379,1267.941894902379,1267.941894902379,1267.941894902379,1267.941894902379,1267.941894902379,0.0828232918743197,1268.6432050446492,[-424.0],[378.0],[1],[0],[0],[0.7001418080612893],1268.6441866392515,1268.6475567902226,,,,,,1265.6418787657967,,,,,,,,ED14,1,2024-01-23_13h42.14.522,rating,2023.2.3,60.000615819234966,2024-01-23 13h42.30.089819 +0800,
neg_187.jpg,0.0,151.0,151.0,97.0,795.2053793550954,,,,,,,,,,,,,,,,,,,,,,,795.176986667077,,795.1770191683217,795.1770268659848,795.2053793550954,796.1887153398461,796.205381350786,797.188723322608,797.188723322608,797.4887246340618,797.4222570232623,797.4222658613198,797.4887246340618,797.4887246340618,797.4887246340618,797.4887246340618,797.4887246340618,797.4887246340618,0.0617539325080542,799.4895659601352,[-374.0],[317.0],[1],[0],[0],[2.0001394132327732],799.4903052208974,799.493616926648,,,,,,,,,,,,,,ED14,1,2024-01-23_13h42.14.522,rating,2023.2.3,60.000615819234966,2024-01-23 13h42.30.089819 +0800,
neg_188.jpg,0.0,251.0,251.0,98.0,1190.2247081872915,,,,,,,,,,,,,,,,,,,,,,,1190.1968503443136,,1190.1968825604597,1190.196889973024,1190.2247081872915,1191.2080196535594,1191.2246839539075,1192.2080769583854,1192.2080769583854,1192.524668159443,1192.4415795832883,1192.4415884213463,1192.524668159443,1192.524668159443,1192.524668159443,1192.524668159443,1192.524668159443,1192.524668159443,0.077838342231189,1195.7759141830295,[-28.0],[-379.0],[1],[0],[0],[3.2501626487719477],1195.7768547234286,1195.7800837505752,,,,,,,,,,,,,,ED14,1,2024-01-23_13h42.14.522,rating,2023.2.3,60.000615819234966,2024-01-23 13h42.30.089819 +0800,
neg_189.jpg,0.0,379.0,379.0,99.0,1708.344864147649,,,,,,,,,,,,,,,,,,,,,,,1708.3180571782418,,1708.31808882419,1708.318096521854,1708.344864147649,1709.3282503097594,1709.3448635774516,1710.3282283571648,1710.3282283571648,1710.6948868700106,1710.5617646237065,1710.56177431706,1710.6948868700106,1710.6948868700106,1710.6948868700106,1710.6948868700106,1710.6948868700106,1710.6948868700106,0.1268559208428996,1712.329995113409,[-400.0],[-333.0],[1],[0],[0],[1.633381400963117],1712.331161737026,1712.334428112094,,,,,,,,,,,,,,ED14,1,2024-01-23_13h42.14.522,rating,2023.2.3,60.000615819234966,2024-01-23 13h42.30.089819 +0800,
neg_19.jpg,0.0,205.0,205.0,100.0,1011.4401974251032,,,,,,,,,,,,,,,,,,,,,,,1011.4121434342636,,1011.4121756504096,1011.4121833480732,1011.4401974251032,1012.4235157337384,1012.4401991356948,1013.423512027456,1013.423512027456,1013.7402018726416,1013.657098471358,1013.6571067392184,1013.7402018726416,1013.7402018726416,1013.7402018726416,1013.7402018726416,1013.7402018726416,1013.7402018726416,0.0780783952823185,1015.9910128357104,[-131.0],[-360.0],[1],[0],[0],[2.2499049196048873],1015.9917817467308,1015.9949930977618,,,,,,,,,,,,,,ED14,1,2024-01-23_13h42.14.522,rating,2023.2.3,60.000615819234966,2024-01-23 13h42.30.089819 +0800,
neg_190.jpg,0.0,200.0,200.0,101.0,994.6234137824664,,,,,,,,,,,,,,,,,,,,,,,994.5954789628568,,994.5955120342984,994.5955194468628,994.6234137824664,995.606735512285,995.6233909745756,996.606733231496,996.606733231496,996.923404260172,996.8403005737896,996.84030884165,996.923404260172,996.923404260172,996.923404260172,996.923404260172,996.923404260172,996.923404260172,0.0779461095153237,997.8576770505292,[-397.0],[379.0],[1],[0],[0],[0.9334117924777274],997.8584987047972,997.861754531215,,,,,,,,,,,,,,ED14,1,2024-01-23_13h42.14.522,rating,2023.2.3,60.000615819234966,2024-01-23 13h42.30.089819 +0800,
neg_191.jpg,0.0,357.0,357.0,102.0,1624.5276323299572,,,,,,,,,,,,,,,,,,,,,,,1624.500624080913,,1624.5006560119605,1624.5006637096235,1624.5276323299572,1625.5109657488197,1625.5276508613683,1626.5109953990782,1626.5109953990782,1626.8609887562802,1626.7446166250134,1626.744624892874,1626.8609887562802,1626.8609887562802,1626.8609887562802,1626.8609887562802,1626.8609887562802,1626.8609887562802,0.1103914746390728,1627.4459874932932,[-475.0],[432.0],[1],[0],[0],[0.5833802320585164],1627.4471720781237,1627.450404241355,,,,,,,,,,,,,,ED14,1,2024-01-23_13h42.14.522,rating,2023.2.3,60.000615819234966,2024-01-23 13h42.30.089819 +0800,
neg_192.jpg,0.0,118.0,118.0,103.0,646.8377358264638,,,,,,,,,,,,,,,,,,,,,,,646.8092473453039,,646.8092798465486,646.8092872591128,646.8377358264638,647.8210966147958,647.8377224268279,648.8210857810477,648.8210857810477,649.104393997191,649.0546055118689,649.054614064828,649.104393997191,649.104393997191,649.104393997191,649.104393997191,649.104393997191,649.104393997191,0.045165753495894,650.3049988054368,[-349.0],[289.0],[1],[0],[0],[1.2000220666341193],650.3055906702043,650.3089248987471,,,,,,,,,,,,,,ED14,1,2024-01-23_13h42.14.522,rating,2023.2.3,60.000615819234966,2024-01-23 13h42.30.089819 +0800,
neg_2.jpg,0.0,345.0,345.0,104.0,1576.310666281213,,,,,,,,,,,,,,,,,,,,,,,1576.266871424507,,1576.2669036406528,1576.2669113383158,1576.310666281213,1577.2773128769363,1577.310660294142,1578.277342527194,1578.277342527194,1578.627338165185,1578.5109024569233,1578.5109110098824,1578.627338165185,1578.627338165185,1578.627338165185,1578.627338165185,1578.627338165185,1578.627338165185,0.1105006674160904,1580.029049840373,[-46.0],[-338.0],[1],[0],[0],[1.400164159794258],1580.030161725052,1580.0334560397864,,,,,,,,,,,,,,ED14,1,2024-01-23_13h42.14.522,rating,2023.2.3,60.000615819234966,2024-01-23 13h42.30.089819 +0800,
neg_20.jpg,0.0,76.0,76.0,105.0,443.86967799249487,,,,,,,,,,,,,,,,,,,,,,,443.8410079035043,,443.8410409749458,443.84104838751045,443.86967799249487,444.85305930792856,444.86969851959657,445.85302024941575,445.85302024941575,446.11973772065903,446.086567349706,446.0865770430596,446.11973772065903,446.11973772065903,446.11973772065903,446.11973772065903,446.11973772065903,446.11973772065903,0.0287469230729584,447.18689469995934,[-375.0],[344.0],[1],[0],[0],[1.0667110850340578],447.1874725948937,447.19071616207066,,,,,,,,,,,,,,ED14,1,2024-01-23_13h42.14.522,rating,2023.2.3,60.000615819234966,2024-01-23 13h42.30.089819 +0800,
neg_21.jpg,0.0,85.0,85.0,106.0,490.8866567566379,,,,,,,,,,,,,,,,,,,,,,,490.85802373047,,490.8580559466159,490.8580636442789,490.8866567566379,491.8699950221776,491.8866849814031,492.8700050006301,492.8700050006301,493.1533511348921,493.10353813108713,493.1035475393424,493.1533511348921,493.1533511348921,493.1533511348921,493.1533511348921,493.1533511348921,493.1533511348921,0.0453470762276992,495.0537641857954,[-30.0],[-356.0],[1],[0],[0],[1.8999631652559401],495.05434151053214,495.0575936306682,,,,,,,,,,,,,,ED14,1,2024-01-23_13h42.14.522,rating,2023.2.3,60.000615819234966,2024-01-23 13h42.30.089819 +0800,
neg_22.jpg,0.0,169.0,169.0,107.0,865.8392134926921,,,,,,,,,,,,,,,,,,,,,,,865.8106925102879,,865.8107218754471,865.8107404068587,865.8392134926921,866.8225235334667,866.8392055099303,867.8225306609329,867.8225306609329,868.1225382445564,868.0560917310563,868.0561005691138,868.1225382445564,868.1225382445564,868.1225382445564,868.1225382445564,868.1225382445564,868.1225382445564,0.0618568531153869,871.1900253680765,[-57.0],[-363.0],[1],[0],[0],[3.066678868888175],871.1907230044376,871.1939759798697,,,,,,,,,,,,,,ED14,1,2024-01-23_13h42.14.522,rating,2023.2.3,60.000615819234966,2024-01-23 13h42.30.089819 +0800,
neg_23.jpg,0.0,253.0,253.0,108.0,1200.9081098587676,,,,,,,,,,,,,,,,,,,,,,,1200.8804299173385,,1200.8804624185827,1200.8804701162462,1200.9081098587676,1201.8914438478278,1201.9081346623489,1202.8914518305896,1202.8914518305896,1203.224793146685,1203.1250117603186,1203.1250200281793,1203.224793146685,1203.224793146685,1203.224793146685,1203.224793146685,1203.224793146685,1203.224793146685,0.0943866074348989,1204.225919571394,[-367.0],[-347.0],[1],[0],[0],[1.000041339301788],1204.226859256497,1204.2301187891976,,,,,,,,,,,,,,ED14,1,2024-01-23_13h42.14.522,rating,2023.2.3,60.000615819234966,2024-01-23 13h42.30.089819 +0800,
neg_24.jpg,0.0,366.0,366.0,109.0,1660.6612335419682,,,,,,,,,,,,,,,,,,,,,,,1660.6341580096464,,1660.63419079599,1660.6341982085537,1660.6612335419682,1661.6445475741243,1661.6612036066122,1662.6445541313929,1662.6445541313929,1663.0112397286089,1662.8780943893155,1662.8781026571764,1663.0112397286089,1663.0112397286089,1663.0112397286089,1663.0112397286089,1663.0112397286089,1663.0112397286089,0.1271079480366097,1663.8296233447886,[-60.0],[-349.0],[1],[0],[0],[0.8166792965366767],1663.830790253504,1663.834161259771,,,,,,,,,,,,,,ED14,1,2024-01-23_13h42.14.522,rating,2023.2.3,60.000615819234966,2024-01-23 13h42.30.089819 +0800,
neg_25.jpg,0.0,160.0,160.0,110.0,831.4556358013183,,,,,,,,,,,,,,,,,,,,,,,831.4274164532703,,831.4274492396135,831.4274563670792,831.4556358013183,832.4389626629122,832.4556395076006,833.4389638033072,833.4389638033072,833.7389705316345,833.6726329258131,833.672643189364,833.7389705316345,833.7389705316345,833.7389705316345,833.7389705316345,833.7389705316345,833.7389705316345,0.0615728948746436,835.139763619019,[-129.0],[-358.0],[1],[0],[0],[1.4000877533599123],835.1405319598421,835.143821712998,,,,,,,,,,,,,,ED14,1,2024-01-23_13h42.14.522,rating,2023.2.3,60.000615819234966,2024-01-23 13h42.30.089819 +0800,
neg_26.jpg,0.0,166.0,166.0,111.0,853.6224401706259,,,,,,,,,,,,,,,,,,,,,,,853.5942022911668,,853.5942350775099,853.5942427751729,853.6224401706259,854.6057778659683,854.6224407408231,855.6057827126451,855.6057827126451,855.9058310653736,855.8393460635575,855.839354901615,855.9058310653736,855.9058310653736,855.9058310653736,855.9058310653736,855.9058310653736,855.9058310653736,0.0616461652234647,858.3065808177653,[-417.0],[-365.0],[1],[0],[0],[2.400037005802915],858.3073314824728,858.3106246568123,,,,,,,,,,,,,,ED14,1,2024-01-23_13h42.14.522,rating,2023.2.3,60.000615819234966,2024-01-23 13h42.30.089819 +0800,
neg_27.jpg,0.0,136.0,136.0,112.0,724.371594710622,,,,,,,,,,,,,,,,,,,,,,,724.3430791450919,,724.3431105059417,724.3431179185063,724.371594710622,725.354957779743,725.3715707623364,726.3549104533695,726.3549104533695,726.6382582982233,726.5884715234929,726.5884806466493,726.6382582982233,726.6382582982233,726.6382582982233,726.6382582982233,726.6382582982233,726.6382582982233,0.04519882493787,728.488905101498,[-362.0],[-338.0],[1],[0],[0],[1.8500267137419542],728.4897073690586,728.4929375365996,,,,,,,,,,,,,,ED14,1,2024-01-23_13h42.14.522,rating,2023.2.3,60.000615819234966,2024-01-23 13h42.30.089819 +0800,
neg_28.jpg,0.0,122.0,122.0,113.0,668.0711925504866,,,,,,,,,,,,,,,,,,,,,,,668.0426698574906,,668.0427012183404,668.042708630905,668.0711925504866,669.0545020210643,669.071166321412,670.0545299607306,670.0545299607306,670.3378681122308,670.2881146940408,670.2881246724928,670.3378681122308,670.3378681122308,670.3378681122308,670.3378681122308,670.3378681122308,670.3378681122308,0.0452184967430184,671.5385091280032,[-370.0],[-337.0],[1],[0],[0],[1.2000827926435704],671.5391776843035,671.542449761344,,,,,,,,,,,,,,ED14,1,2024-01-23_13h42.14.522,rating,2023.2.3,60.000615819234966,2024-01-23 13h42.30.089819 +0800,
neg_29.jpg,0.0,30.0,30.0,114.0,200.1013628284977,,,,,,,,,,,,,,,,,,,,,,,200.0857094879116,200.1013628284977,201.0848969568001,201.0849052246604,201.11803967318565,202.08471107248988,202.1180405284817,203.08471620426508,203.08471620426508,203.3513834981486,203.31827584889515,203.31828468695312,203.3513834981486,203.3513834981486,203.3513834981486,203.3513834981486,203.3513834981486,203.3513834981486,0.0158983828637246,206.7518974739692,[-18.0],[-346.0],[1],[0],[0],[3.4001761339372933],206.75235876356143,206.75564309984335,,,,,,201.11803967318565,,,,,,,,ED14,1,2024-01-23_13h42.14.522,rating,2023.2.3,60.000615819234966,2024-01-23 13h42.30.089819 +0800,
neg_3.jpg,0.0,46.0,46.0,115.0,290.7353323879461,,,,,,,,,,,,,,,,,,,,,,,290.70644961537346,,290.706478125237,290.7064846825056,290.7353323879461,291.71865725384987,291.7353312475516,292.7186532624692,292.7186532624692,292.9853604701616,292.9522086306197,292.9522168984804,292.9853604701616,292.9853604701616,292.9853604701616,292.9853604701616,292.9853604701616,292.9853604701616,0.0289316669891377,296.31918959002223,[-21.0],[-364.0],[1],[0],[0],[3.3334296966718284],296.31969877618576,296.3230124776269,,,,,,,,,,,,,,ED14,1,2024-01-23_13h42.14.522,rating,2023.2.3,60.000615819234966,2024-01-23 13h42.30.089819 +0800,
neg_30.jpg,0.0,356.0,356.0,116.0,1621.460941486926,,,,,,,,,,,,,,,,,,,,,,,1621.4337305327522,,1621.4337598979114,1621.4337667402792,1621.460941486926,1622.4442831736492,1622.4609651501128,1623.444286879932,1623.444286879932,1623.7943141638711,1623.6778459543643,1623.677854222225,1623.7943141638711,1623.7943141638711,1623.7943141638711,1623.7943141638711,1623.7943141638711,1623.7943141638711,0.1106138515742714,1624.4960294313018,[-353.0],[305.0],[1],[0],[0],[0.7000725290927221],1624.4971575666036,1624.500390300032,,,,,,,,,,,,,,ED14,1,2024-01-23_13h42.14.522,rating,2023.2.3,60.000615819234966,2024-01-23 13h42.30.089819 +0800,
neg_31.jpg,0.0,211.0,211.0,117.0,1037.9236859376238,,,,,,,,,,,,,,,,,,,,,,,1037.895510209667,,1037.895540145024,1037.8955467022924,1037.9236859376238,1038.9070162204016,1038.9236830866375,1039.907044160068,1039.907044160068,1040.223696372234,1040.140596107035,1040.140604945093,1040.223696372234,1040.223696372234,1040.223696372234,1040.223696372234,1040.223696372234,1040.223696372234,0.0782081151619422,1041.8080228466642,[-34.0],[-344.0],[1],[0],[0],[1.583409882317028],1041.8088752915846,1041.8121507898086,,,,,,,,,,,,,,ED14,1,2024-01-23_13h42.14.522,rating,2023.2.3,60.000615819234966,2024-01-23 13h42.30.089819 +0800,
neg_32.jpg,0.0,18.0,18.0,118.0,128.48426626159835,,,,,,,,,,,,,,,,,,,,,,,128.45529681904054,,128.45532875008757,128.4553361626522,128.48426626159835,129.46758713612144,129.48421779483033,130.4675894169104,130.4675894169104,130.71758841906512,130.70109432260278,130.7011031606603,130.71758841906512,130.71758841906512,130.71758841906512,130.71758841906512,130.71758841906512,130.71758841906512,0.0123104165345466,137.55124990092827,[-11.0],[-350.0],[1],[0],[0],[6.833362413393843],137.55169493989845,137.55493508589143,,,,,,,,,,,,,,ED14,1,2024-01-23_13h42.14.522,rating,2023.2.3,60.000615819234966,2024-01-23 13h42.30.089819 +0800,
neg_33.jpg,0.0,179.0,179.0,119.0,907.6061365200516,,,,,,,,,,,,,,,,,,,,,,,907.5778994958888,,907.5779311418368,907.5779385544016,907.6061365200516,908.5894702240134,908.6061370902488,909.5894779216763,909.5894779216763,909.889483224511,909.8230267325584,909.8230350004192,909.889483224511,909.889483224511,909.889483224511,909.889483224511,909.889483224511,909.889483224511,0.0616045408228274,914.1571224196437,[-257.0],[-367.0],[1],[0],[0],[4.266827234217999],914.1579132832584,916.1399252699456,space,914.1728407627188,914.1728407627188,1.9620279978266808,,,,,,,,,,ED14,1,2024-01-23_13h42.14.522,rating,2023.2.3,60.000615819234966,2024-01-23 13h42.30.089819 +0800,
neg_34.jpg,0.0,349.0,349.0,120.0,1591.2440737972115,,,,,,,,,,,,,,,,,,,,,,,1591.2169988350863,,1591.2170310512324,1591.217038463797,1591.2440737972115,1592.2274117776528,1592.2440755078037,1593.2274360110364,1593.2274360110364,1593.5774222407722,1593.4610079149084,1593.4610173231636,1593.5774222407722,1593.5774222407722,1593.5774222407722,1593.5774222407722,1593.5774222407722,1593.5774222407722,0.110447639069207,1594.1623505584223,[-366.0],[-346.0],[1],[0],[0],[0.5833845085389839],1594.1635248797024,1594.1666794961052,,,,,,,,,,,,,,ED14,1,2024-01-23_13h42.14.522,rating,2023.2.3,60.000615819234966,2024-01-23 13h42.30.089819 +0800,
neg_35.jpg,0.0,309.0,309.0,121.0,1430.9596867678306,,,,,,,,,,,,,,,,,,,,,,,1430.9322026891646,,1430.9322357606056,1430.9322434582696,1430.9596867678306,1431.9429965235072,1431.959671657603,1432.9430005148884,1432.9430005148884,1433.2930047058376,1433.1765573085318,1433.1765664316886,1433.2930047058376,1433.2930047058376,1433.2930047058376,1433.2930047058376,1433.2930047058376,1433.2930047058376,0.1108225437756118,1433.7943671922171,[-47.0],[-349.0],[1],[0],[0],[0.5000256588764387],1433.7953627566526,1433.7985053989128,,,,,,,,,,,,,,ED14,1,2024-01-23_13h42.14.522,rating,2023.2.3,60.000615819234966,2024-01-23 13h42.30.089819 +0800,
neg_36.jpg,0.0,368.0,368.0,122.0,1667.4112533563234,,,,,,,,,,,,,,,,,,,,,,,1667.3841997765962,,1667.384231992742,1667.384239690406,1667.4112533563234,1668.3945890559758,1668.4112593433952,1669.394598464231,1669.394598464231,1669.7612692363175,1669.628157253565,1669.6281663767209,1669.7612692363175,1669.7612692363175,1669.7612692363175,1669.7612692363175,1669.7612692363175,1669.7612692363175,0.1270959738940291,1673.49640804229,[35.0],[-344.0],[1],[0],[0],[3.7334418988939433],1673.497579227485,1673.5008618531751,,,,,,,,,,,,,,ED14,1,2024-01-23_13h42.14.522,rating,2023.2.3,60.000615819234966,2024-01-23 13h42.30.089819 +0800,
neg_37.jpg,0.0,2.0,2.0,123.0,22.93350302404133,,,,,,,,,,,,,,,,,,,,,,,22.9044893911946,,22.90452103714324,22.904528734806263,22.93350302404133,23.91684357037002,23.93350758561928,24.916888615954576,24.916888615954576,25.166871082388298,25.150408916972992,25.150418040129352,25.166871082388298,25.166871082388298,25.166871082388298,25.166871082388298,25.166871082388298,25.166871082388298,0.0123979418158342,27.8338333963402,[-56.0],[-187.0],[1],[0],[0],[2.6666846278808407],27.83428641807177,27.83752827465696,,,,,,,,,,,,,,ED14,1,2024-01-23_13h42.14.522,rating,2023.2.3,60.000615819234966,2024-01-23 13h42.30.089819 +0800,
neg_38.jpg,0.0,109.0,109.0,124.0,607.1707783591887,,,,,,,,,,,,,,,,,,,,,,,607.1421555965717,,607.1421869574215,607.142194655085,607.1707783591887,608.1541160545312,608.1708025925727,609.1541237521947,609.1541237521947,609.4375026727998,609.3876853925153,609.3876942305728,609.4375026727998,609.4375026727998,609.4375026727998,609.4375026727998,609.4375026727998,609.4375026727998,0.0453638970475367,613.3881079086932,[-348.0],[-338.0],[1],[0],[0],[3.9501000411114546],613.3887211558581,613.3919336472841,,,,,,,,,,,,,,ED14,1,2024-01-23_13h42.14.522,rating,2023.2.3,60.000615819234966,2024-01-23 13h42.30.089819 +0800,
neg_39.jpg,0.0,285.0,285.0,125.0,1327.1756273167823,,,,,,,,,,,,,,,,,,,,,,,1327.1479368267037,,1327.1479690428496,1327.1479764554142,1327.1756273167823,1328.158990100805,1328.1756301677692,1329.1589567442647,1329.1589567442647,1329.492363633046,1329.3925320693202,1329.392541477575,1329.492363633046,1329.492363633046,1329.492363633046,1329.492363633046,1329.492363633046,1329.492363633046,0.0944470483450459,1332.793708044172,[-92.0],[31.0],[1],[0],[0],[3.3001053724556186],1332.794707885087,1332.797951452264,,,,,,,,,,,,,,ED14,1,2024-01-23_13h42.14.522,rating,2023.2.3,60.000615819234966,2024-01-23 13h42.30.089819 +0800,
neg_4.jpg,0.0,213.0,213.0,126.0,1045.007061323006,,,,,,,,,,,,,,,,,,,,,,,1044.9790623562037,,1044.979094572349,1044.9791022700124,1045.007061323006,1045.9903987332495,1046.0070898328695,1046.9904104222935,1046.9904104222935,1047.3070751787996,1047.2239523908088,1047.223960658669,1047.3070751787996,1047.3070751787996,1047.3070751787996,1047.3070751787996,1047.3070751787996,1047.3070751787996,0.0780353453887983,1049.641369009436,[-417.0],[377.0],[1],[0],[0],[2.33338864246889],1049.6422012123537,1049.645562525267,,,,,,,,,,,,,,ED14,1,2024-01-23_13h42.14.522,rating,2023.2.3,60.000615819234966,2024-01-23 13h42.30.089819 +0800,
neg_40.jpg,0.0,367.0,367.0,127.0,1663.8612644466607,,,,,,,,,,,,,,,,,,,,,,,1663.8344033085127,,1663.834434954461,1663.834442652124,1663.8612644466607,1664.8445653642789,1664.8612721443235,1665.8445944443397,1665.8445944443397,1666.211246399917,1666.0781287151915,1666.078138408545,1666.211246399917,1666.211246399917,1666.211246399917,1666.211246399917,1666.211246399917,1666.211246399917,0.1268676098870855,1667.3796430451043,[-209.0],[-343.0],[1],[0],[0],[1.166737941325664],1667.3808005455644,1667.383959723545,,,,,,,,,,,,,,ED14,1,2024-01-23_13h42.14.522,rating,2023.2.3,60.000615819234966,2024-01-23 13h42.30.089819 +0800,
neg_41.jpg,0.0,197.0,197.0,128.0,982.6900182406108,,,,,,,,,,,,,,,,,,,,,,,982.66184336795,,982.6618752989972,982.66188299666,982.6900182406108,983.6733108903686,983.6900005644952,984.6733163072428,984.6733163072428,984.9899918974966,984.9068668287168,984.9068756667745,984.9899918974966,984.9899918974966,984.9899918974966,984.9899918974966,984.9899918974966,984.9899918974966,0.0781673460569436,986.1909054675644,[-84.0],[-367.0],[1],[0],[0],[1.2000611251478404],986.1916541365816,986.1948027659128,,,,,,,,,,,,,,ED14,1,2024-01-23_13h42.14.522,rating,2023.2.3,60.000615819234966,2024-01-23 13h42.30.089819 +0800,
neg_42.jpg,0.0,326.0,326.0,129.0,1494.5267664854005,,,,,,,,,,,,,,,,,,,,,,,1494.4994531808163,,1494.4994853969624,1494.499492809527,1494.5267664854005,1495.5100956277845,1495.526754511258,1496.5100967681788,1496.5100967681788,1496.86010495051,1496.7436643955712,1496.7436729485305,1496.86010495051,1496.86010495051,1496.86010495051,1496.86010495051,1496.86010495051,1496.86010495051,0.110677428569943,1497.5615784542974,[-404.0],[-357.0],[1],[0],[0],[0.7000329003822117],1497.5626846370037,1497.565887435076,,,,,,,,,,,,,,ED14,1,2024-01-23_13h42.14.522,rating,2023.2.3,60.000615819234966,2024-01-23 13h42.30.089819 +0800,
neg_43.jpg,0.0,97.0,97.0,130.0,549.770389256571,,,,,,,,,,,,,,,,,,,,,,,549.7416980702815,,549.7417300013285,549.7417374138931,549.770389256571,550.7537283774068,550.7703901118671,551.753736645267,551.753736645267,552.0371030215324,551.9873054130535,551.9873148213087,552.0371030215324,552.0371030215324,552.0371030215324,552.0371030215324,552.0371030215324,552.0371030215324,0.0454249081558373,554.9876184513555,[-348.0],[-329.0],[1],[0],[0],[2.950013086027411],554.9882393961839,554.9915493913427,,,,,,,,,,,,,,ED14,1,2024-01-23_13h42.14.522,rating,2023.2.3,60.000615819234966,2024-01-23 13h42.30.089819 +0800,
neg_44.jpg,0.0,298.0,298.0,131.0,1382.225997973519,,,,,,,,,,,,,,,,,,,,,,,1382.1985244435018,,1382.1985578000422,1382.198564927508,1382.225997973519,1383.2093373794532,1383.225999399012,1384.209360187344,1384.209360187344,1384.559352404151,1384.4429608861778,1384.442971719926,1384.559352404151,1384.559352404151,1384.559352404151,1384.559352404151,1384.559352404151,1384.559352404151,0.1108482026525052,1385.9606957319024,[-389.0],[-364.0],[1],[0],[0],[1.4000911745433768],1385.9616727649263,1385.9649308721337,,,,,,,,,,,,,,ED14,1,2024-01-23_13h42.14.522,rating,2023.2.3,60.000615819234966,2024-01-23 13h42.30.089819 +0800,
neg_45.jpg,0.0,329.0,329.0,132.0,1507.4601802735692,,,,,,,,,,,,,,,,,,,,,,,1507.433134106407,,1507.4331663225526,1507.4331740202156,1507.4601802735692,1508.4435128371365,1508.4602027963615,1509.443517113616,1509.443517113616,1509.7935543760073,1509.677090442981,1509.6771001363345,1509.7935543760073,1509.7935543760073,1509.7935543760073,1509.7935543760073,1509.7935543760073,1509.7935543760073,0.1104430774921638,1511.7783503508713,[-386.0],[-364.0],[1],[0],[0],[1.983366205206039],1511.7795397823788,1512.7106990105362,space,1511.793463429543,1511.793463429543,0.904178063485233,,,,,,,,,,ED14,1,2024-01-23_13h42.14.522,rating,2023.2.3,60.000615819234966,2024-01-23 13h42.30.089819 +0800,
neg_46.jpg,0.0,352.0,352.0,133.0,1603.4774626677597,,,,,,,,,,,,,,,,,,,,,,,1603.4503728805053,,1603.4504053817495,1603.4504130794137,1603.4774626677597,1604.4608494000672,1604.477501441174,1605.460849114968,1605.460849114968,1605.8108829561766,1605.6943990662453,1605.694407334105,1605.8108829561766,1605.8108829561766,1605.8108829561766,1605.8108829561766,1605.8108829561766,1605.8108829561766,0.1105345941532505,1606.512514974806,[-352.0],[-335.0],[1],[0],[0],[0.6999995438427504],1606.5136576501368,1606.5170235246292,,,,,,,,,,,,,,ED14,1,2024-01-23_13h42.14.522,rating,2023.2.3,60.000615819234966,2024-01-23 13h42.30.089819 +0800,
neg_47.jpg,0.0,313.0,313.0,134.0,1442.343097961602,,,,,,,,,,,,,,,,,,,,,,,1442.298974671267,,1442.2990063172151,1442.2990137297795,1442.343097961602,1443.30974341693,1443.343107369857,1444.3097921687963,1444.3097921687963,1444.6597786836314,1444.543313895308,1444.543323018465,1444.6597786836314,1444.6597786836314,1444.6597786836314,1444.6597786836314,1444.6597786836314,1444.6597786836314,0.1108353732142859,1445.661148012378,[-384.0],[-347.0],[1],[0],[0],[1.0000017105912775],1445.662134738756,1445.6653982628372,,,,,,,,,,,,,,ED14,1,2024-01-23_13h42.14.522,rating,2023.2.3,60.000615819234966,2024-01-23 13h42.30.089819 +0800,
neg_48.jpg,0.0,271.0,271.0,135.0,1268.6752427187234,,,,,,,,,,,,,,,,,,,,,,,1268.647771754594,,1268.647801975049,1268.6478088174167,1268.6752427187234,1269.6585744269946,1269.6752353061588,1270.6585789885726,1270.6585789885726,1270.9919548016028,1270.8921397735976,1270.8921483265565,1270.9919548016028,1270.9919548016028,1270.9919548016028,1270.9919548016028,1270.9919548016028,1270.9919548016028,0.0942052847021841,1273.2930890950342,[-421.0],[-376.0],[1],[0],[0],[2.2999947541848087],1273.294049877436,1273.2973641490744,,,,,,,,,,,,,,ED14,1,2024-01-23_13h42.14.522,rating,2023.2.3,60.000615819234966,2024-01-23 13h42.30.089819 +0800,
neg_49.jpg,0.0,52.0,52.0,136.0,317.76885827689784,,,,,,,,,,,,,,,,,,,,,,,317.7398258275416,,317.7398580436875,317.73986545625166,317.76885827689784,318.7521629007988,318.76886198318016,319.75216917296893,319.75216917296893,320.0188652618144,319.9857242560206,319.9857336642758,320.0188652618144,320.0188652618144,320.0188652618144,320.0188652618144,320.0188652618144,320.0188652618144,0.0290525488103412,324.61936566693976,[-133.0],[-338.0],[1],[0],[0],[4.600118658052452],324.61982895222263,324.62293282106793,,,,,,,,,,,,,,ED14,1,2024-01-23_13h42.14.522,rating,2023.2.3,60.000615819234966,2024-01-23 13h42.30.089819 +0800,
neg_5.jpg,0.0,68.0,68.0,137.0,404.5694081181264,,,,,,,,,,,,,,,,,,,,,,,404.5406864262827,,404.54071892752745,404.5407263400916,404.5694081181264,405.5527500899484,405.56941610088825,406.55276006840086,406.55276006840086,406.8194256516927,406.7863083090856,406.7863171471431,406.8194256516927,406.8194256516927,406.8194256516927,406.8194256516927,406.8194256516927,406.8194256516927,0.028756331328168,410.6533554113717,[-17.0],[-365.0],[1],[0],[0],[3.833518932544848],410.65389481799,410.65723845478806,,,,,,,,,,,,,,ED14,1,2024-01-23_13h42.14.522,rating,2023.2.3,60.000615819234966,2024-01-23 13h42.30.089819 +0800,
neg_50.jpg,0.0,240.0,240.0,138.0,1147.974416388838,,,,,,,,,,,,,,,,,,,,,,,1147.9585740278562,1147.974416388838,1148.9579510873375,1148.957959355198,1148.9910926633288,1149.9577823089453,1149.991094659019,1150.9577694795066,1150.9577694795066,1151.2744422187743,1151.1913046056543,1151.1913128735146,1151.2744422187743,1151.2744422187743,1151.2744422187743,1151.2744422187743,1151.2744422187743,1151.2744422187743,0.0660939890371992,1155.1088252852835,[-79.0],[-365.0],[1],[0],[0],[3.8333581369147396],1155.1096979722074,1155.112992286941,,,,,,1148.9910926633288,,,,,,,,ED14,1,2024-01-23_13h42.14.522,rating,2023.2.3,60.000615819234966,2024-01-23 13h42.30.089819 +0800,
neg_51.jpg,0.0,261.0,261.0,139.0,1231.291671014421,,,,,,,,,,,,,,,,,,,,,,,1231.26398508592,,1231.264018157362,1231.264025855025,1231.291671014421,1232.2749901783518,1232.2916513426148,1233.2750021524948,1233.2750021524948,1233.608363710593,1233.5085535292646,1233.5085623673222,1233.608363710593,1233.608363710593,1233.608363710593,1233.608363710593,1233.608363710593,1233.608363710593,0.0943997219715129,1234.6096221359703,[12.0],[-345.0],[1],[0],[0],[1.000126013596855],1234.6105601104814,1234.61376775523,,,,,,,,,,,,,,ED14,1,2024-01-23_13h42.14.522,rating,2023.2.3,60.000615819234966,2024-01-23 13h42.30.089819 +0800,
neg_52.jpg,0.0,229.0,229.0,140.0,1106.0074915368468,,,,,,,,,,,,,,,,,,,,,,,1105.979582661213,,1105.9796151624578,1105.9796228601208,1106.0074915368468,1106.9908238153153,1107.007473575633,1107.9908126964683,1107.9908126964683,1108.3074860059332,1108.2243797536637,1108.224388591721,1108.3074860059332,1108.3074860059332,1108.3074860059332,1108.3074860059332,1108.3074860059332,1108.3074860059332,0.0779241569202895,1109.225154081557,[-353.0],[-368.0],[1],[0],[0],[0.9166593966515393],1109.2260515720625,1109.2293849453094,,,,,,,,,,,,,,ED14,1,2024-01-23_13h42.14.522,rating,2023.2.3,60.000615819234966,2024-01-23 13h42.30.089819 +0800,
neg_53.jpg,0.0,71.0,71.0,141.0,419.9195454501392,,,,,,,,,,,,,,,,,,,,,,,419.8906022366559,,419.8906310316179,419.8906375888864,419.9195454501392,420.90283410851634,420.91951865086776,421.9028589120976,421.9028589120976,422.16952877186895,422.1364105739663,422.13641941202377,422.16952877186895,422.16952877186895,422.16952877186895,422.16952877186895,422.16952877186895,422.16952877186895,0.0289487729069151,425.2034920021279,[-23.0],[-353.0],[1],[0],[0],[3.033503651257888],425.2040180091108,425.20728181829054,,,,,,,,,,,,,,ED14,1,2024-01-23_13h42.14.522,rating,2023.2.3,60.000615819234966,2024-01-23 13h42.30.089819 +0800,
neg_54.jpg,0.0,90.0,90.0,142.0,515.5701562169461,,,,,,,,,,,,,,,,,,,,,,,515.5543104347812,515.5701562169461,516.5537185700136,516.5537259825783,516.5868421847904,517.5535375323802,517.5868381934097,518.5535195711659,518.5535195711659,518.836895355686,518.7870689522451,518.7870780754015,518.836895355686,518.836895355686,518.836895355686,518.836895355686,518.836895355686,518.836895355686,0.0328095786298945,522.337516015416,[-336.0],[-340.0],[1],[0],[0],[3.500122307314541],522.3381209947206,522.3414882947054,,,,,,516.5868421847904,,,,,,,,ED14,1,2024-01-23_13h42.14.522,rating,2023.2.3,60.000615819234966,2024-01-23 13h42.30.089819 +0800,
neg_55.jpg,0.0,375.0,375.0,143.0,1694.3614432035051,,,,,,,,,,,,,,,,,,,,,,,1694.3346490635363,,1694.334680424386,1694.3346878369507,1694.3614432035051,1695.344775481973,1695.3614394972224,1696.3447786180582,1696.3447786180582,1696.7114522411316,1696.5783354117025,1696.57834424976,1696.7114522411316,1696.7114522411316,1696.7114522411316,1696.7114522411316,1696.7114522411316,1696.7114522411316,0.1268265556827827,1697.179929170095,[-426.0],[392.0],[1],[0],[0],[0.46676035007840255],1697.1810940831197,1697.184255256791,,,,,,,,,,,,,,ED14,1,2024-01-23_13h42.14.522,rating,2023.2.3,60.000615819234966,2024-01-23 13h42.30.089819 +0800,
neg_56.jpg,0.0,152.0,152.0,144.0,799.522089727383,,,,,,,,,,,,,,,,,,,,,,,799.4938558393046,,799.4938874852533,799.4938948978179,799.522089727383,800.5054351203885,800.522075472451,801.5054396819669,801.5054396819669,801.8054925962733,801.7389520002234,801.7389605531826,801.8054925962733,801.8054925962733,801.8054925962733,801.8054925962733,801.8054925962733,801.8054925962733,0.0616547181830355,804.8728055245274,[-310.0],[-350.0],[1],[0],[0],[3.066662333167642],804.8735145648338,804.8767914885511,,,,,,,,,,,,,,ED14,1,2024-01-23_13h42.14.522,rating,2023.2.3,60.000615819234966,2024-01-23 13h42.30.089819 +0800,
neg_57.jpg,0.0,86.0,86.0,145.0,495.0867144606018,,,,,,,,,,,,,,,,,,,,,,,495.05783796019887,,495.0578698912464,495.0578775889094,495.0867144606018,496.0700504453525,496.0866987801769,497.0700239311796,497.0700239311796,497.3533883117543,497.3036189280406,497.3036274809997,497.3533883117543,497.3533883117543,497.3533883117543,497.3533883117543,497.3533883117543,497.3533883117543,0.0455814273063879,499.2871787152199,[-33.0],[-360.0],[1],[0],[0],[1.9333219864074636],499.2877463466034,499.2909232006996,,,,,,,,,,,,,,ED14,1,2024-01-23_13h42.14.522,rating,2023.2.3,60.000615819234966,2024-01-23 13h42.30.089819 +0800,
neg_58.jpg,0.0,255.0,255.0,146.0,1207.524825248791,,,,,,,,,,,,,,,,,,,,,,,1207.4969865074218,,1207.4970192937649,1207.4970267063295,1207.524825248791,1208.5081618037393,1208.5248266742842,1209.508163514331,1209.508163514331,1209.8415045453276,1209.7417000659716,1209.7417089040296,1209.8415045453276,1209.8415045453276,1209.8415045453276,1209.8415045453276,1209.8415045453276,1209.8415045453276,0.0945399905003796,1211.5926402357422,[-322.0],[82.0],[1],[0],[0],[1.7499739134750598],1211.593579920845,1211.5968559892667,,,,,,,,,,,,,,ED14,1,2024-01-23_13h42.14.522,rating,2023.2.3,60.000615819234966,2024-01-23 13h42.30.089819 +0800,
neg_59.jpg,0.0,294.0,294.0,147.0,1366.8259432916009,,,,,,,,,,,,,,,,,,,,,,,1366.7984127418565,,1366.7984415368182,1366.7984480940872,1366.8259432916009,1367.8092330903723,1367.8259495637703,1368.809233945668,1368.809233945668,1369.142584955117,1369.042813547203,1369.042822670359,1369.142584955117,1369.142584955117,1369.142584955117,1369.142584955117,1369.142584955117,1369.142584955117,0.0942375008480667,1370.6438892813744,[-379.0],[-356.0],[1],[0],[0],[1.4999472567524208],1370.6449096493911,1370.6481438083133,,,,,,,,,,,,,,ED14,1,2024-01-23_13h42.14.522,rating,2023.2.3,60.000615819234966,2024-01-23 13h42.30.089819 +0800,
neg_6.jpg,0.0,254.0,254.0,148.0,1204.2581328662277,,,,,,,,,,,,,,,,,,,,,,,1204.230359412446,,1204.2303919136905,1204.230399041156,1204.2581328662277,1205.2414679956823,1205.2581513976388,1206.2414759784442,1206.2414759784442,1206.574816724342,1206.4750601415572,1206.4750686945165,1206.574816724342,1206.574816724342,1206.574816724342,1206.574816724342,1206.574816724342,1206.574816724342,0.0945052084666713,1207.4926019755053,[-42.0],[-347.0],[1],[0],[0],[0.9166750770764338],1207.4934872067688,1207.496745599075,,,,,,,,,,,,,,ED14,1,2024-01-23_13h42.14.522,rating,2023.2.3,60.000615819234966,2024-01-23 13h42.30.089819 +0800,
neg_60.jpg,0.0,25.0,25.0,149.0,166.98447694949027,,,,,,,,,,,,,,,,,,,,,,,166.95557422001275,,166.9556058659614,166.9556135636244,166.98447694949027,167.96781749581896,167.9844806557726,168.96782718917257,168.96782718917257,169.2344884959848,169.2014315942888,169.2014415727408,169.2344884959848,169.2344884959848,169.2344884959848,169.2344884959848,169.2344884959848,169.2344884959848,0.0289407901450431,176.61838065115398,[-17.0],[-348.0],[1],[0],[0],[7.383392092162012],176.61909510833448,176.62238628698378,,,,,,,,,,,,,,ED14,1,2024-01-23_13h42.14.522,rating,2023.2.3,60.000615819234966,2024-01-23 13h42.30.089819 +0800,
neg_61.jpg,0.0,347.0,347.0,150.0,1583.827357095734,,,,,,,,,,,,,,,,,,,,,,,1583.8001931828353,,1583.8002259691789,1583.800233666842,1583.827357095734,1584.8106859530194,1584.82735795103,1585.8106982122604,1585.8106982122604,1586.160704398901,1586.044252154918,1586.044261278074,1586.160704398901,1586.160704398901,1586.160704398901,1586.160704398901,1586.160704398901,1586.160704398901,0.1105348792525546,1587.445669608314,[-332.0],[-350.0],[1],[0],[0],[1.2834060049754044],1587.44681342404,1587.45007723322,,,,,,,,,,,,,,ED14,1,2024-01-23_13h42.14.522,rating,2023.2.3,60.000615819234966,2024-01-23 13h42.30.089819 +0800,
neg_62.jpg,0.0,110.0,110.0,151.0,613.420822406928,,,,,,,,,,,,,,,,,,,,,,,613.392173130138,,613.3922056313822,613.3922133290453,613.420822406928,614.4041572512842,614.4208229771252,615.4041783485832,615.4041783485832,615.6875031004474,615.6377000750949,615.6377097684485,615.6875031004474,615.6875031004474,615.6875031004474,615.6875031004474,615.6875031004474,615.6875031004474,0.0453490719182809,616.0547794220365,[-348.0],[-338.0],[1],[0],[0],[0.36671980905248347],616.0554280214324,616.0586561932832,,,,,,,,,,,,,,ED14,1,2024-01-23_13h42.14.522,rating,2023.2.3,60.000615819234966,2024-01-23 13h42.30.089819 +0800,
neg_63.jpg,0.0,6.0,6.0,152.0,56.48373398244576,,,,,,,,,,,,,,,,,,,,,,,56.45468642286187,,56.45471892410615,56.45472662176917,56.48373398244576,57.467093915481655,57.48373597813634,58.46707367347881,58.46707367347881,58.71707695211308,58.70060908472488,58.70061906317733,58.71707695211308,58.71707695211308,58.71707695211308,58.71707695211308,58.71707695211308,58.71707695211308,0.0124062096761008,65.75088394831937,[-266.0],[16.0],[1],[0],[0],[7.033531305825818],65.75127310795688,65.75444426008062,,,,,,,,,,,,,,ED14,1,2024-01-23_13h42.14.522,rating,2023.2.3,60.000615819234966,2024-01-23 13h42.30.089819 +0800,
neg_64.jpg,0.0,314.0,314.0,153.0,1445.6931386451774,,,,,,,,,,,,,,,,,,,,,,,1445.6656320437182,,1445.6656639747655,1445.6656713873294,1445.6931386451774,1446.6764295843436,1446.6930973058747,1447.6764364267106,1447.6764364267106,1448.026440617661,1447.9100123219628,1447.9100211600205,1448.026440617661,1448.026440617661,1448.026440617661,1448.026440617661,1448.026440617661,1448.026440617661,0.1108302414386344,1450.4112257017564,[-324.0],[200.0],[1],[0],[0],[2.3833872454861194],1450.4122477803644,1450.4155181468136,,,,,,,,,,,,,,ED14,1,2024-01-23_13h42.14.522,rating,2023.2.3,60.000615819234966,2024-01-23 13h42.30.089819 +0800,
neg_65.jpg,0.0,88.0,88.0,154.0,503.0200940369341,,,,,,,,,,,,,,,,,,,,,,,502.99142195225295,,502.99145331310274,502.9914604405685,503.0200940369341,504.0034140561611,504.02013452094025,505.0034251750076,505.0034251750076,505.2867487864778,505.236981683553,505.2369913769066,505.2867487864778,505.2867487864778,505.2867487864778,505.2867487864778,505.2867487864778,505.2867487864778,0.0453787221767925,509.0373202666924,[-336.0],[-335.0],[1],[0],[0],[3.7500528857972313],509.0379303777727,509.0412178501397,,,,,,,,,,,,,,ED14,1,2024-01-23_13h42.14.522,rating,2023.2.3,60.000615819234966,2024-01-23 13h42.30.089819 +0800,
neg_66.jpg,0.0,95.0,95.0,155.0,541.8704018579306,,,,,,,,,,,,,,,,,,,,,,,541.8415923557072,,541.8416208655708,541.8416277079382,541.8704018579306,542.8536976437736,542.8704012877333,543.8536816782503,543.8536816782503,544.1370198297504,544.0872444589654,544.0872530119245,544.1370198297504,544.1370198297504,544.1370198297504,544.1370198297504,544.1370198297504,544.1370198297504,0.0454491415393931,544.9375924788696,[-396.0],[388.0],[1],[0],[0],[0.8000608970683061],544.9382045856405,544.9415091639253,,,,,,,,,,,,,,ED14,1,2024-01-23_13h42.14.522,rating,2023.2.3,60.000615819234966,2024-01-23 13h42.30.089819 +0800,
neg_67.jpg,0.0,77.0,77.0,156.0,447.2197289396213,,,,,,,,,,,,,,,,,,,,,,,447.1909359731185,,447.1909647680809,447.19097132534944,447.2197289396213,448.2030369847057,448.2197195313661,449.203074902824,449.203074902824,449.46971083585777,449.4366265646927,449.4366362580463,449.46971083585777,449.46971083585777,449.46971083585777,449.46971083585777,449.46971083585777,449.46971083585777,0.0287911133614215,454.2702196228829,[-364.0],[-17.0],[1],[0],[0],[4.800069450027877],454.2707952370279,454.2740453614738,,,,,,,,,,,,,,ED14,1,2024-01-23_13h42.14.522,rating,2023.2.3,60.000615819234966,2024-01-23 13h42.30.089819 +0800,
neg_68.jpg,0.0,156.0,156.0,157.0,814.7888436912517,,,,,,,,,,,,,,,,,,,,,,,814.7605562046301,,814.7605858548882,814.7605926972556,814.7888436912517,815.7721819567914,815.7888468273368,816.7721876587643,816.7721876587643,817.0721923914016,817.0057478735916,817.0057567116496,817.0721923914016,817.0721923914016,817.0721923914016,817.0721923914016,817.0721923914016,817.0721923914016,0.0616581393665001,819.3396927434983,[-104.0],[-352.0],[1],[0],[0],[2.2668292299090353],819.340385533183,819.3436764267335,,,,,,,,,,,,,,ED14,1,2024-01-23_13h42.14.522,rating,2023.2.3,60.000615819234966,2024-01-23 13h42.30.089819 +0800,
neg_69.jpg,0.0,3.0,3.0,158.0,27.86687119642784,,,,,,,,,,,,,,,,,,,,,,,27.837773174384893,,27.83780510543238,27.837812803095403,27.86687119642784,28.8502197255184,28.866874047414058,29.8502148788416,29.8502148788416,30.10021872767311,30.083785642318617,30.083794195277733,30.10021872767311,30.10021872767311,30.10021872767311,30.10021872767311,30.10021872767311,30.10021872767311,0.0124620890087499,36.067331174566334,[-88.0],[-188.0],[1],[0],[0],[5.966818795298877],36.06774285699612,36.07094308918067,,,,,,,,,,,,,,ED14,1,2024-01-23_13h42.14.522,rating,2023.2.3,60.000615819234966,2024-01-23 13h42.30.089819 +0800,
neg_7.jpg,0.0,289.0,289.0,159.0,1345.6757570366617,,,,,,,,,,,,,,,,,,,,,,,1345.648150935779,,1345.648183151925,1345.648190849588,1345.6757570366617,1346.6591118379224,1346.675758462155,1347.6591283736434,1347.6591283736434,1347.992436333198,1347.8926404068015,1347.892648959761,1347.992436333198,1347.992436333198,1347.992436333198,1347.992436333198,1347.992436333198,1347.992436333198,0.0943062096193898,1349.7938357683606,[-182.0],[-363.0],[1],[0],[0],[1.8001236187687937],1349.7948376049662,1349.7980902952995,,,,,,,,,,,,,,ED14,1,2024-01-23_13h42.14.522,rating,2023.2.3,60.000615819234966,2024-01-23 13h42.30.089819 +0800,
neg_70.jpg,0.0,191.0,191.0,160.0,958.5064785813948,,,,,,,,,,,,,,,,,,,,,,,958.4783832512536,,958.4784154673994,958.4784228799635,958.5064785813948,959.4898171320332,959.5064817174798,960.4898194128224,960.4898194128224,960.7898215795716,960.7233525432794,960.7233613813368,960.7898215795716,960.7898215795716,960.7898215795716,960.7898215795716,960.7898215795716,960.7898215795716,0.0614577150254262,962.4574826702792,[-44.0],[-368.0],[1],[0],[0],[1.666837440749532],962.458285793136,962.4615359175814,,,,,,,,,,,,,,ED14,1,2024-01-23_13h42.14.522,rating,2023.2.3,60.000615819234966,2024-01-23 13h42.30.089819 +0800,
neg_71.jpg,0.0,127.0,127.0,161.0,686.5713148578011,,,,,,,,,,,,,,,,,,,,,,,686.5428825410727,,686.542915042317,686.5429227399804,686.5713148578011,687.5547144195475,687.5713148578011,688.5546722249496,688.5546722249496,688.8380095211542,688.7882218911277,688.788230158988,688.8380095211542,688.8380095211542,688.8380095211542,688.8380095211542,688.8380095211542,688.8380095211542,0.0451466518875349,689.6886044364769,[-424.0],[400.0],[1],[0],[0],[0.8500024803583983],689.6892427723219,689.6924632465093,,,,,,,,,,,,,,ED14,1,2024-01-23_13h42.14.522,rating,2023.2.3,60.000615819234966,2024-01-23 13h42.30.089819 +0800,
neg_72.jpg,0.0,123.0,123.0,162.0,671.5712159285749,,,,,,,,,,,,,,,,,,,,,,,671.5426900994935,,671.5427217454421,671.5427291580068,671.5712159285749,672.5545499176351,672.5712136477855,673.5545772871042,673.5545772871042,673.8378929158121,673.7880981583198,673.7881069963773,673.8378929158121,673.8378929158121,673.8378929158121,673.8378929158121,673.8378929158121,673.8378929158121,0.0452222030253324,674.9385940303764,[-362.0],[220.0],[1],[0],[0],[1.1001420361399141],674.9392258089529,674.9424536957049,,,,,,,,,,,,,,ED14,1,2024-01-23_13h42.14.522,rating,2023.2.3,60.000615819234966,2024-01-23 13h42.30.089819 +0800,
neg_73.jpg,0.0,275.0,275.0,163.0,1286.6753544773885,,,,,,,,,,,,,,,,,,,,,,,1286.647696203455,,1286.6477287047,1286.6477361172642,1286.6753544773885,1287.6586893217443,1287.6753576134734,1288.6587141253258,1288.6587141253258,1288.992036054714,1288.892229294569,1288.8922384177254,1288.992036054714,1288.992036054714,1288.992036054714,1288.992036054714,1288.992036054714,1288.992036054714,0.0943600932614572,1290.893349447108,[-22.0],[-363.0],[1],[0],[0],[1.9001362201279335],1290.894282289844,1290.8975335546838,,,,,,,,,,,,,,ED14,1,2024-01-23_13h42.14.522,rating,2023.2.3,60.000615819234966,2024-01-23 13h42.30.089819 +0800,
neg_74.jpg,0.0,47.0,47.0,164.0,296.3520189830074,,,,,,,,,,,,,,,,,,,,,,,296.3232559518615,,296.32328446172505,296.3232910189936,296.3520189830074,297.33535183167305,297.3520167022184,298.33535553795537,298.33535553795537,298.6020276785157,298.5688912343003,298.56890064255504,298.6020276785157,298.6020276785157,298.6020276785157,298.6020276785157,298.6020276785157,298.6020276785157,0.0287891176708399,300.13580160328047,[-109.0],[-344.0],[1],[0],[0],[1.5333739313791739],300.1362991003998,300.13941209240147,,,,,,,,,,,,,,ED14,1,2024-01-23_13h42.14.522,rating,2023.2.3,60.000615819234966,2024-01-23 13h42.30.089819 +0800,
neg_75.jpg,0.0,244.0,244.0,165.0,1168.0579109454495,,,,,,,,,,,,,,,,,,,,,,,1168.0301269430183,,1168.0301597293617,1168.030167141926,1168.0579109454495,1169.0412275434933,1169.0578907034464,1170.0412312497756,1170.0412312497756,1170.3579031337472,1170.2747820563482,1170.2747906093068,1170.3579031337472,1170.3579031337472,1170.3579031337472,1170.3579031337472,1170.3579031337472,1170.3579031337472,0.0777975731261904,1171.275621386731,[-259.0],[-363.0],[1],[0],[0],[0.9166685198078994],1171.276556225157,1171.2798220300278,,,,,,,,,,,,,,ED14,1,2024-01-23_13h42.14.522,rating,2023.2.3,60.000615819234966,2024-01-23 13h42.30.089819 +0800,
neg_76.jpg,0.0,243.0,243.0,166.0,1163.724547391661,,,,,,,,,,,,,,,,,,,,,,,1163.6966664556935,,1163.696698101642,1163.6967057993052,1163.724547391661,1164.7078662704937,1164.7245893011604,1165.7078691214797,1165.7078691214797,1166.024590042417,1165.94145385479,1165.9414626928478,1166.024590042417,1166.024590042417,1166.024590042417,1166.024590042417,1166.024590042417,1166.024590042417,0.0779512412909753,1168.025602427672,[-154.0],[-366.0],[1],[0],[0],[1.9999538140209552],1168.0265720481316,1168.0298897409534,,,,,,,,,,,,,,ED14,1,2024-01-23_13h42.14.522,rating,2023.2.3,60.000615819234966,2024-01-23 13h42.30.089819 +0800,
neg_77.jpg,0.0,228.0,228.0,167.0,1100.8407678504532,,,,,,,,,,,,,,,,,,,,,,,1100.8127221274744,,1100.8127543436203,1100.8127617561845,1100.8407678504532,1101.8241081116837,1101.8407724120311,1102.8241106775708,1102.8241106775708,1103.1407728681893,1103.0577051042346,1103.0577133720951,1103.1407728681893,1103.1407728681893,1103.1407728681893,1103.1407728681893,1103.1407728681893,1103.1407728681893,0.0780866631430399,1105.9752029759734,[-186.0],[-368.0],[1],[0],[0],[2.833432262560109],1105.9760993260838,1105.9793451740495,,,,,,,,,,,,,,ED14,1,2024-01-23_13h42.14.522,rating,2023.2.3,60.000615819234966,2024-01-23 13h42.30.089819 +0800,
neg_78.jpg,0.0,144.0,144.0,168.0,761.2718352768507,,,,,,,,,,,,,,,,,,,,,,,761.2434251978157,,761.2434574139616,761.2434648265262,761.2718352768507,762.2551547258804,762.2718726247717,763.255159857656,763.255159857656,763.5551688667729,763.4887363231055,763.4887454462619,763.5551688667729,763.5551688667729,763.5551688667729,763.5551688667729,763.5551688667729,763.5551688667729,0.0617787360893089,766.7225799259768,[-240.0],[-358.0],[1],[0],[0],[3.166724256591351],766.72325418425,766.7266400156464,,,,,,,,,,,,,,ED14,1,2024-01-23_13h42.14.522,rating,2023.2.3,60.000615819234966,2024-01-23 13h42.30.089819 +0800,
neg_79.jpg,0.0,364.0,364.0,169.0,1652.5944868196052,,,,,,,,,,,,,,,,,,,,,,,1652.5676402214872,,1652.567672437633,1652.5676798501977,1652.5944868196052,1653.5778487483317,1653.594488245098,1654.577871271124,1654.577871271124,1654.9778686482164,1654.811404686679,1654.8114138098358,1654.9778686482164,1654.9778686482164,1654.9778686482164,1654.9778686482164,1654.9778686482164,1654.9778686482164,0.1602532303104453,1656.496205052062,[27.0],[-360.0],[1],[0],[0],[1.5167084906361197],1656.497306958288,1656.500563354904,,,,,,,,,,,,,,ED14,1,2024-01-23_13h42.14.522,rating,2023.2.3,60.000615819234966,2024-01-23 13h42.30.089819 +0800,
neg_8.jpg,0.0,354.0,354.0,170.0,1614.627564248403,,,,,,,,,,,,,,,,,,,,,,,1614.6005471613012,,1614.600579377447,1614.60058707511,1614.627564248403,1615.61090507983,1615.6275670993896,1616.6109546869934,1616.6109546869934,1616.9609389210386,1616.844469286039,1616.8444781240964,1616.9609389210386,1616.9609389210386,1616.9609389210386,1616.9609389210386,1616.9609389210386,1616.9609389210386,0.1104516304503704,1618.596016373785,[-25.0],[-341.0],[1],[0],[0],[1.633411336320023],1618.5972839223182,1618.6004265645784,,,,,,,,,,,,,,ED14,1,2024-01-23_13h42.14.522,rating,2023.2.3,60.000615819234966,2024-01-23 13h42.30.089819 +0800,
neg_80.jpg,0.0,112.0,112.0,171.0,619.4875286452852,,,,,,,,,,,,,,,,,,,,,,,619.4588602668864,,619.45888877675,619.4588953340185,619.4875286452852,620.470881165757,620.4875346323565,621.4708820210526,621.4708820210526,621.754208483509,621.7044046028604,621.704413440918,621.754208483509,621.754208483509,621.754208483509,621.754208483509,621.754208483509,621.754208483509,0.0453676033298506,626.4548321082643,[-99.0],[-184.0],[1],[0],[0],[4.70008307774242],626.4554827033508,626.4587311172045,,,,,,,,,,,,,,ED14,1,2024-01-23_13h42.14.522,rating,2023.2.3,60.000615819234966,2024-01-23 13h42.30.089819 +0800,
neg_81.jpg,0.0,54.0,54.0,172.0,327.76890360758125,,,,,,,,,,,,,,,,,,,,,,,327.7398919704251,,327.7399233312749,327.7399307438395,327.76890360758125,328.7522310393724,328.7689503637571,329.75223845193705,329.75223845193705,330.0189499361095,329.9857838416356,329.9857923945947,330.0189499361095,330.0189499361095,330.0189499361095,330.0189499361095,330.0189499361095,330.0189499361095,0.0290727908131884,332.85268183733524,[-267.0],[-330.0],[1],[0],[0],[2.8333433117859386],332.8532098400083,332.856328248884,,,,,,,,,,,,,,ED14,1,2024-01-23_13h42.14.522,rating,2023.2.3,60.000615819234966,2024-01-23 13h42.30.089819 +0800,
neg_82.jpg,0.0,363.0,363.0,173.0,1649.627803446158,,,,,,,,,,,,,,,,,,,,,,,1649.6006361120758,,1649.60066861332,1649.6006765960817,1649.627803446158,1650.6111648046876,1650.6278048716515,1651.6111476987694,1651.6111476987694,1651.9778335810838,1651.8447156112602,1651.84472387912,1651.9778335810838,1651.9778335810838,1651.9778335810838,1651.9778335810838,1651.9778335810838,1651.9778335810838,0.1272231278853723,1652.5628739424978,[-45.0],[-356.0],[1],[0],[0],[0.5833916360043077],1652.564055106145,1652.567400168436,,,,,,,,,,,,,,ED14,1,2024-01-23_13h42.14.522,rating,2023.2.3,60.000615819234966,2024-01-23 13h42.30.089819 +0800,
neg_83.jpg,0.0,224.0,224.0,174.0,1087.4240118053644,,,,,,,,,,,,,,,,,,,,,,,1087.3959395682125,,1087.3959714992598,1087.395978911824,1087.4240118053644,1088.4073660364274,1088.424018077534,1089.4073802913597,1089.4073802913597,1089.7240439074708,1089.6408906139254,1089.6409000221806,1089.7240439074708,1089.7240439074708,1089.7240439074708,1089.7240439074708,1089.7240439074708,1089.7240439074708,0.0781342746149675,1091.1418217460696,[-354.0],[-362.0],[1],[0],[0],[1.4168130648158694],1091.1427001349657,1091.1459291621122,,,,,,,,,,,,,,ED14,1,2024-01-23_13h42.14.522,rating,2023.2.3,60.000615819234966,2024-01-23 13h42.30.089819 +0800,
neg_84.jpg,0.0,196.0,196.0,175.0,978.5566117509676,,,,,,,,,,,,,,,,,,,,,,,978.528434312419,,978.5284665285648,978.5284739411296,978.5566117509676,979.5399545780851,979.5566180231376,980.5399585694664,980.5399585694664,980.8566287428462,980.7734939807124,980.7735031038688,980.8566287428462,980.8566287428462,980.8566287428462,980.8566287428462,980.8566287428462,980.8566287428462,0.0782152426277207,982.6574827843187,[-79.0],[-359.0],[1],[0],[0],[1.800045501742261],982.6582907538524,982.6616027447016,,,,,,,,,,,,,,ED14,1,2024-01-23_13h42.14.522,rating,2023.2.3,60.000615819234966,2024-01-23 13h42.30.089819 +0800,
neg_85.jpg,0.0,235.0,235.0,176.0,1125.507599304131,,,,,,,,,,,,,,,,,,,,,,,1125.4796756033684,,1125.4797083897115,1125.479715802276,1125.507599304131,1126.4909732070005,1126.5076052912027,1127.4909803344665,1127.4909803344665,1127.807663907482,1127.7244960739067,1127.7245049119642,1127.807663907482,1127.807663907482,1127.807663907482,1127.807663907482,1127.807663907482,1127.807663907482,0.0780125374976705,1129.308640940506,[-35.0],[-368.0],[1],[0],[0],[1.500011689044186],1129.3094950960185,1129.3127455055624,,,,,,,,,,,,,,ED14,1,2024-01-23_13h42.14.522,rating,2023.2.3,60.000615819234966,2024-01-23 13h42.30.089819 +0800,
neg_86.jpg,0.0,342.0,342.0,177.0,1561.6105424343664,,,,,,,,,,,,,,,,,,,,,,,1561.58337795127,,1561.5834070313308,1561.5834138736975,1561.6105424343664,1562.5938781340178,1562.6105692336373,1563.5938832657937,1563.5938832657937,1563.943890022631,1563.8274223833218,1563.8274306511826,1563.943890022631,1563.943890022631,1563.943890022631,1563.943890022631,1563.943890022631,1563.943890022631,0.110539725928902,1564.7622451289476,[-62.0],[-345.0],[1],[0],[0],[0.8168227011501585],1564.763339907708,1564.7666416350062,,,,,,,,,,,,,,ED14,1,2024-01-23_13h42.14.522,rating,2023.2.3,60.000615819234966,2024-01-23 13h42.30.089819 +0800,
neg_87.jpg,0.0,286.0,286.0,178.0,1332.82567387339,,,,,,,,,,,,,,,,,,,,,,,1332.798190935118,,1332.7982231512638,1332.798230563828,1332.82567387339,1333.8090021604776,1333.8256676012195,1334.8090095730415,1334.8090095730415,1335.1423517444327,1335.0425327250468,1335.0425415631044,1335.1423517444327,1335.1423517444327,1335.1423517444327,1335.1423517444327,1335.1423517444327,1335.1423517444327,0.0941987274336497,1338.6436617726636,[-113.0],[-356.0],[1],[0],[0],[3.500039343611661],1338.6446801449897,1338.6478473057325,,,,,,,,,,,,,,ED14,1,2024-01-23_13h42.14.522,rating,2023.2.3,60.000615819234966,2024-01-23 13h42.30.089819 +0800,
neg_88.jpg,0.0,44.0,44.0,179.0,279.60190252021494,,,,,,,,,,,,,,,,,,,,,,,279.57301119468275,,279.5730439810259,279.5730513935905,279.60190252021494,280.58526416384257,280.60190423080667,281.58524563243145,281.58524563243145,281.8519115008221,281.8187978644969,281.8188075578505,281.8519115008221,281.8519115008221,281.8519115008221,281.8519115008221,281.8519115008221,281.8519115008221,0.0289137057748121,284.8857763720512,[-12.0],[-361.0],[1],[0],[0],[3.033483979452285],284.8862824221296,284.88948522020155,,,,,,,,,,,,,,ED14,1,2024-01-23_13h42.14.522,rating,2023.2.3,60.000615819234966,2024-01-23 13h42.30.089819 +0800,
neg_89.jpg,0.0,107.0,107.0,180.0,596.3207028935799,,,,,,,,,,,,,,,,,,,,,,,596.2923409962145,,596.2923729272616,596.2923803398262,596.3207028935799,597.3040377379361,597.3207100210461,598.3040633968135,598.3040633968135,598.5873838721982,598.5375811319441,598.5375905401993,598.5873838721982,598.5873838721982,598.5873838721982,598.5873838721982,598.5873838721982,598.5873838721982,0.0450585564085486,603.5881040313516,[-345.0],[95.0],[1],[0],[0],[5.000133426161483],603.5886927600341,603.5919502970441,,,,,,,,,,,,,,ED14,1,2024-01-23_13h42.14.522,rating,2023.2.3,60.000615819234966,2024-01-23 13h42.30.089819 +0800,
neg_9.jpg,0.0,281.0,281.0,181.0,1308.675531523641,,,,,,,,,,,,,,,,,,,,,,,1308.648035185733,,1308.648067401879,1308.6480748144436,1308.675531523641,1309.6588398538242,1309.675510426342,1310.6588449855994,1310.6588449855994,1310.9921851613003,1310.892402349441,1310.8924117576958,1310.9921851613003,1310.9921851613003,1310.9921851613003,1310.9921851613003,1310.9921851613003,1310.9921851613003,0.0942038592093013,1311.8935812322989,[-46.0],[-358.0],[1],[0],[0],[0.9001345095362012],1311.89459646854,1311.8979825850347,,,,,,,,,,,,,,ED14,1,2024-01-23_13h42.14.522,rating,2023.2.3,60.000615819234966,2024-01-23 13h42.30.089819 +0800,
neg_90.jpg,0.0,370.0,370.0,182.0,1677.777993977576,,,,,,,,,,,,,,,,,,,,,,,1677.7509646312333,,1677.7509962771824,1677.751003689746,1677.777993977576,1678.761327111341,1678.7779922669847,1679.7613322431157,1679.7613322431157,1680.128021261516,1679.994895879127,1679.9949050022838,1680.128021261516,1680.128021261516,1680.128021261516,1680.128021261516,1680.128021261516,1680.128021261516,0.1270825742576562,1681.1797703701543,[18.0],[-358.0],[1],[0],[0],[1.0500624651103863],1681.1808902375956,1681.184146064014,,,,,,,,,,,,,,ED14,1,2024-01-23_13h42.14.522,rating,2023.2.3,60.000615819234966,2024-01-23 13h42.30.089819 +0800,
neg_91.jpg,0.0,268.0,268.0,183.0,1257.5084885267756,,,,,,,,,,,,,,,,,,,,,,,1257.4806489301104,,1257.4806811462563,1257.4806885588205,1257.5084885267756,1258.4918245115264,1258.5084930883536,1259.4918572978695,1259.4918572978695,1259.825172955087,1259.7253784541836,1259.72538757734,1259.825172955087,1259.825172955087,1259.825172955087,1259.825172955087,1259.825172955087,1259.825172955087,0.0945454073744258,1260.026333420573,[-108.0],[-369.0],[1],[0],[0],[0.2000320450865729],1260.0272979092574,1260.0305697011995,,,,,,,,,,,,,,ED14,1,2024-01-23_13h42.14.522,rating,2023.2.3,60.000615819234966,2024-01-23 13h42.30.089819 +0800,
neg_92.jpg,0.0,116.0,116.0,184.0,639.7876665189856,,,,,,,,,,,,,,,,,,,,,,,639.7590993506024,,639.7591327071427,639.759140975003,639.7876665189856,640.7710059249198,640.7876896119751,641.771008775906,641.771008775906,642.0543474976039,642.0045607228731,642.0045701311283,642.0543474976039,642.0543474976039,642.0543474976039,642.0543474976039,642.0543474976039,642.0543474976039,0.0452658231170062,644.0050251485504,[-341.0],[-335.0],[1],[0],[0],[1.9501020368015816],644.0056460933788,644.0089019197972,,,,,,,,,,,,,,ED14,1,2024-01-23_13h42.14.522,rating,2023.2.3,60.000615819234966,2024-01-23 13h42.30.089819 +0800,
neg_93.jpg,0.0,67.0,67.0,185.0,396.3860443647686,,,,,,,,,,,,,,,,,,,,,,,396.3573357874625,,396.35736458242445,396.357371139693,396.3860443647686,397.3694077189885,397.38607829150624,398.3693740773497,398.3693740773497,398.6360581920526,398.6029405643472,398.6029499726019,398.6360581920526,398.6360581920526,398.6360581920526,398.6360581920526,398.6360581920526,398.6360581920526,0.0287389403110864,404.53652569679525,[-339.0],[-344.0],[1],[0],[0],[5.9000746388228436],404.5370631077235,404.5404403861603,,,,,,,,,,,,,,ED14,1,2024-01-23_13h42.14.522,rating,2023.2.3,60.000615819234966,2024-01-23 13h42.30.089819 +0800,
neg_94.jpg,0.0,308.0,308.0,186.0,1426.5929698097652,,,,,,,,,,,,,,,,,,,,,,,1426.5654917181696,,1426.5655239343157,1426.56553134688,1426.5929698097652,1427.576301518036,1427.592990621965,1428.57630693491,1428.57630693491,1428.9263293721729,1428.8098816897675,1428.8098899576285,1428.9263293721729,1428.9263293721729,1428.9263293721729,1428.9263293721729,1428.9263293721729,1428.9263293721729,0.1108630277822158,1430.9276878671712,[-47.0],[-349.0],[1],[0],[0],[2.0000131145370688],1430.928681435916,1430.9319634914086,,,,,,,,,,,,,,ED14,1,2024-01-23_13h42.14.522,rating,2023.2.3,60.000615819234966,2024-01-23 13h42.30.089819 +0800,
neg_95.jpg,0.0,245.0,245.0,187.0,1171.307906241322,,,,,,,,,,,,,,,,,,,,,,,1171.2800598022895,,1171.280091733337,1171.2800991459017,1171.307906241322,1172.291249353539,1172.3079122283934,1173.291263608471,1173.291263608471,1173.6079437603023,1173.5247881859686,1173.5247970240262,1173.6079437603023,1173.6079437603023,1173.6079437603023,1173.6079437603023,1173.6079437603023,1173.6079437603023,0.0779076211997562,1173.9423467837169,[-259.0],[-363.0],[1],[0],[0],[0.3333464478705537],1173.943262805633,1173.9465277552076,,,,,,,,,,,,,,ED14,1,2024-01-23_13h42.14.522,rating,2023.2.3,60.000615819234966,2024-01-23 13h42.30.089819 +0800,
neg_96.jpg,0.0,377.0,377.0,188.0,1701.7114853125736,,,,,,,,,,,,,,,,,,,,,,,1701.684583690419,,1701.6846161916642,1701.6846238893272,1701.7114853125736,1702.6948472413,1702.711520379706,1703.6948657727112,1703.6948657727112,1704.0615003372718,1703.9283800866583,1703.928388354519,1704.0615003372718,1704.0615003372718,1704.0615003372718,1704.0615003372718,1704.0615003372718,1704.0615003372718,0.1269636881270344,1704.6465903058483,[-46.0],[-341.0],[1],[0],[0],[0.5833357566716586],1704.6477854393283,1704.650953740466,,,,,,,,,,,,,,ED14,1,2024-01-23_13h42.14.522,rating,2023.2.3,60.000615819234966,2024-01-23 13h42.30.089819 +0800,
neg_97.jpg,0.0,302.0,302.0,189.0,1400.6761211076196,,,,,,,,,,,,,,,,,,,,,,,1400.6487755868898,,1400.6488086583313,1400.6488163559948,1400.6761211076196,1401.6594585178632,1401.6761236735074,1402.6594653602306,1402.6594653602306,1402.9927966978737,1402.8930275707485,1402.8930466723573,1402.9927966978737,1402.9927966978737,1402.9927966978737,1402.9927966978737,1402.9927966978737,1402.9927966978737,0.094045344368169,1404.594154394596,[-35.0],[-358.0],[1],[0],[0],[1.600007469583943],1404.5951371295928,1404.598402079167,,,,,,,,,,,,,,ED14,1,2024-01-23_13h42.14.522,rating,2023.2.3,60.000615819234966,2024-01-23 13h42.30.089819 +0800,
neg_98.jpg,0.0,242.0,242.0,190.0,1158.807828409395,,,,,,,,,,,,,,,,,,,,,,,1158.7799112659004,,1158.7799437671451,1158.779950894611,1158.807828409395,1159.7911658196383,1159.8078266988027,1160.791169240822,1160.791169240822,1161.107839414202,1161.0247040818713,1161.0247132050276,1161.107839414202,1161.107839414202,1161.107839414202,1161.107839414202,1161.107839414202,1161.107839414202,0.0779492456008483,1163.692246856645,[-56.0],[-363.0],[1],[0],[0],[2.5833522923926466],1163.6931169776808,1163.696428113234,,,,,,,,,,,,,,ED14,1,2024-01-23_13h42.14.522,rating,2023.2.3,60.000615819234966,2024-01-23 13h42.30.089819 +0800,
neg_99.jpg,0.0,172.0,172.0,191.0,878.3892702558305,,,,,,,,,,,,,,,,,,,,,,,878.3608898270536,,878.3609214730018,878.3609291706653,878.3892702558305,879.3726110872576,879.3892716813234,880.3726595540256,880.3726595540256,880.6726212367694,880.6061650299152,880.6061738679732,880.6726212367694,880.6726212367694,880.6726212367694,880.6726212367694,880.6726212367694,880.6726212367694,0.0617513666206832,882.2735053846577,[-16.0],[-366.0],[1],[0],[0],[1.6001277812083572],882.2742671682122,882.2774893529913,,,,,,,,,,,,,,ED14,1,2024-01-23_13h42.14.522,rating,2023.2.3,60.000615819234966,2024-01-23 13h42.30.089819 +0800,
neu_1.jpg,0.0,320.0,320.0,192.0,1471.3099324373256,,,,,,,,,,,,,,,,,,,,,,,1471.2825635385077,,1471.28259632485,1471.2826037374148,1471.3099324373256,1472.2933083358853,1472.309955815413,1473.2933051998002,1473.2933051998002,1473.643347308869,1473.5268143819717,1473.5268229349308,1473.643347308869,1473.643347308869,1473.643347308869,1473.643347308869,1473.643347308869,1473.643347308869,0.1108102845337271,1475.2615092893689,[305.0],[-375.0],[1],[0],[0],[1.6167726948488053],1475.2625179683414,1475.2657692331818,,,,,,,,,,,,,,ED14,1,2024-01-23_13h42.14.522,rating,2023.2.3,60.000615819234966,2024-01-23 13h42.30.089819 +0800,
neu_10.jpg,0.0,371.0,371.0,193.0,1681.211348750327,,,,,,,,,,,,,,,,,,,,,,,1681.18438298098,,1681.184415197126,1681.184422894789,1681.211348750327,1682.1946867307684,1682.2113476099323,1683.1947115343496,1683.1947115343496,1683.5613654856174,1683.428255213456,1683.4282640515137,1683.5613654856174,1683.5613654856174,1683.5613654856174,1683.5613654856174,1683.5613654856174,1683.5613654856174,0.1270298310109865,1684.146453173404,[332.0],[-354.0],[1],[0],[0],[0.5833394629544273],1684.1476830889185,1684.150829152362,,,,,,,,,,,,,,ED14,1,2024-01-23_13h42.14.522,rating,2023.2.3,60.000615819234966,2024-01-23 13h42.30.089819 +0800,
neu_100.jpg,0.0,337.0,337.0,194.0,1541.493740089259,,,,,,,,,,,,,,,,,,,,,,,1541.4665194417316,,1541.466551942976,1541.4665593555403,1541.493740089259,1542.4770749336144,1542.4937412296536,1543.4770806355878,1543.4770806355878,1543.8270873924253,1543.7106154766366,1543.7106245997925,1543.8270873924253,1543.8270873924253,1543.8270873924253,1543.8270873924253,1543.8270873924253,1543.8270873924253,0.1105936095709694,1544.2953288299154,[16.0],[-358.0],[1],[0],[0],[0.46669107111029007],1544.2963854054583,1544.299671452332,,,,,,,,,,,,,,ED14,1,2024-01-23_13h42.14.522,rating,2023.2.3,60.000615819234966,2024-01-23 13h42.30.089819 +0800,
neu_101.jpg,0.0,10.0,10.0,195.0,84.11725109035979,,,,,,,,,,,,,,,,,,,,,,,84.0881522130212,,84.08818414406824,84.08819184173126,84.11725109035979,85.10061529987524,85.11724709897862,86.10059363237906,86.10059363237906,86.3505952004216,86.33415413230523,86.33416382565883,86.3505952004216,86.3505952004216,86.3505952004216,86.3505952004216,86.3505952004216,86.3505952004216,0.0124595231213788,88.91770399805227,[-79.0],[-188.0],[1],[0],[0],[2.5668125801485075],88.91810399143787,88.92132503582252,,,,,,,,,,,,,,ED14,1,2024-01-23_13h42.14.522,rating,2023.2.3,60.000615819234966,2024-01-23 13h42.30.089819 +0800,
neu_102.jpg,0.0,33.0,33.0,196.0,218.11816255069743,,,,,,,,,,,,,,,,,,,,,,,218.08926181691092,,218.08929346285916,218.0893011605226,218.11816255069743,219.10151792215535,219.11815770402063,220.10149910564544,220.10149910564544,220.3681663995294,220.33508098796935,220.33509039622413,220.3681663995294,220.3681663995294,220.3681663995294,220.3681663995294,220.3681663995294,220.3681663995294,0.0289179822543701,225.0353895787325,[122.0],[-354.0],[1],[0],[0],[4.666824611310858],225.0358599914812,225.03916713565377,,,,,,,,,,,,,,ED14,1,2024-01-23_13h42.14.522,rating,2023.2.3,60.000615819234966,2024-01-23 13h42.30.089819 +0800,
neu_103.jpg,0.0,382.0,382.0,197.0,1719.1116221028992,,,,,,,,,,,,,,,,,,,,,,,1719.0845690933688,,1719.084598458529,1719.084605300896,1719.1116221028992,1720.0949398413372,1720.111624098589,1721.0949495346908,1721.0949495346908,1721.4616525229235,1721.328515451491,1721.3285242895486,1721.4616525229235,1721.4616525229235,1721.4616525229235,1721.4616525229235,1721.4616525229235,1721.4616525229235,0.1271145053051441,1722.6300049778224,[351.0],[-361.0],[1],[0],[0],[1.1666384419013411],1722.631173597129,1722.634409181545,,,,,,,,,,,,,,ED14,1,2024-01-23_13h42.14.522,rating,2023.2.3,60.000615819234966,2024-01-23 13h42.30.089819 +0800,
neu_104.jpg,0.0,344.0,344.0,198.0,1571.243937805163,,,,,,,,,,,,,,,,,,,,,,,1571.2168388947523,,1571.2168711108984,1571.216878523463,1571.243937805163,1572.2272774961953,1572.2439423667406,1573.2273054358616,1573.2273054358616,1573.5772902401045,1573.4608154733291,1573.460824596486,1573.5772902401045,1573.5772902401045,1573.5772902401045,1573.5772902401045,1573.5772902401045,1573.5772902401045,0.1104770042293239,1576.2622228912535,[29.0],[123.0],[1],[0],[0],[2.6833905526291346],1576.2633572987247,1576.2666305161597,,,,,,,,,,,,,,ED14,1,2024-01-23_13h42.14.522,rating,2023.2.3,60.000615819234966,2024-01-23 13h42.30.089819 +0800,
neu_105.jpg,0.0,35.0,35.0,199.0,229.38489655766216,,,,,,,,,,,,,,,,,,,,,,,229.35604628633385,,229.3560776471836,229.35608534484663,229.38489655766216,230.3682114451135,230.3849216463418,231.36824024007592,231.36824024007592,231.63492093359537,231.6017890509579,231.60179788901544,231.63492093359537,231.63492093359537,231.63492093359537,231.63492093359537,231.63492093359537,231.63492093359537,0.0288934637715101,233.1020598946616,[182.0],[-354.0],[1],[0],[0],[1.4667971278026926],233.10252203955,233.10575106669648,,,,,,,,,,,,,,ED14,1,2024-01-23_13h42.14.522,rating,2023.2.3,60.000615819234966,2024-01-23 13h42.30.089819 +0800,
neu_106.jpg,0.0,190.0,190.0,200.0,955.8565249669429,,,,,,,,,,,,,,,,,,,,,,,955.8283309926732,,955.8283643492136,955.8283720468772,955.8565249669429,956.8398084935444,956.8564616750456,957.83980108098,957.83980108098,958.139809804998,958.0733319306478,958.0733404836068,958.139809804998,958.139809804998,958.139809804998,958.139809804998,958.139809804998,958.139809804998,0.0615013351171001,958.474041769231,[26.0],[-351.0],[1],[0],[0],[0.33342342450214346],958.474846602679,958.4781454789912,,,,,,,,,,,,,,ED14,1,2024-01-23_13h42.14.522,rating,2023.2.3,60.000615819234966,2024-01-23 13h42.30.089819 +0800,
neu_107.jpg,0.0,139.0,139.0,201.0,739.3716691213658,,,,,,,,,,,,,,,,,,,,,,,739.3431578323152,,739.3431900484611,739.3431971759269,739.3716691213658,740.355000829637,740.3716964908349,741.3550746701835,741.3550746701835,741.6550839643992,741.5885593338726,741.5885832821582,741.6550839643992,741.6550839643992,741.6550839643992,741.6550839643992,741.6550839643992,741.6550839643992,0.0619449485939185,742.6557841666481,[332.0],[-363.0],[1],[0],[0],[1.000067568376835],742.6564872198833,742.6597339231453,,,,,,,,,,,,,,ED14,1,2024-01-23_13h42.14.522,rating,2023.2.3,60.000615819234966,2024-01-23 13h42.30.089819 +0800,
neu_108.jpg,0.0,125.0,125.0,202.0,678.3213024560105,,,,,,,,,,,,,,,,,,,,,,,678.2926366434995,,678.2926665788564,678.2926731361249,678.3213024560105,679.3045959610645,679.32126710378,680.3046016630374,680.3046016630374,680.5879617671326,680.5382459819625,680.5382551051189,680.5879617671326,680.5879617671326,680.5879617671326,680.5879617671326,680.5879617671326,680.5879617671326,0.0453467911293046,682.1385619282701,[21.0],[-358.0],[1],[0],[0],[1.5500111473565994],682.1391942770438,682.1424920129616,,,,,,,,,,,,,,ED14,1,2024-01-23_13h42.14.522,rating,2023.2.3,60.000615819234966,2024-01-23 13h42.30.089819 +0800,
neu_109.jpg,0.0,233.0,233.0,203.0,1119.840896144839,,,,,,,,,,,,,,,,,,,,,,,1119.8128934717545,,1119.8129256879,1119.8129333855632,1119.840896144839,1120.8242332699842,1120.8409001362202,1121.824241537845,1121.824241537845,1122.1409105708303,1122.0577986165872,1122.0578077397436,1122.1409105708303,1122.1409105708303,1122.1409105708303,1122.1409105708303,1122.1409105708303,1122.1409105708303,0.0780381963750187,1122.7253297023171,[360.0],[-365.0],[1],[0],[0],[0.5834058909363193],1122.7262334649918,1122.7294593560532,,,,,,,,,,,,,,ED14,1,2024-01-23_13h42.14.522,rating,2023.2.3,60.000615819234966,2024-01-23 13h42.30.089819 +0800,
neu_11.jpg,0.0,227.0,227.0,204.0,1097.9240839353192,,,,,,,,,,,,,,,,,,,,,,,1097.8961898848142,,1097.89622210096,1097.8962295135248,1097.9240839353192,1098.9074632550623,1098.9240862161082,1099.907461829569,1099.907461829569,1100.2240989315071,1100.1410411460051,1100.1410511244576,1100.2240989315071,1100.2240989315071,1100.2240989315071,1100.2240989315071,1100.2240989315071,1100.2240989315071,0.077930999288128,1100.808402312948,[283.0],[-365.0],[1],[0],[0],[0.5833585645627863],1100.8092410731342,1100.8124832148178,,,,,,,,,,,,,,ED14,1,2024-01-23_13h42.14.522,rating,2023.2.3,60.000615819234966,2024-01-23 13h42.30.089819 +0800,
neu_110.jpg,0.0,23.0,23.0,205.0,158.78443293026066,,,,,,,,,,,,,,,,,,,,,,,158.75533975489498,,158.75536854985694,158.755388221663,158.78443293026066,159.76781709668103,159.7844403428253,160.7677794636611,160.7677794636611,161.01770405507204,161.00131458980877,161.00132342786628,161.01770405507204,161.01770405507204,161.01770405507204,161.01770405507204,161.01770405507204,161.01770405507204,0.0123794104047192,163.90143883579412,[13.0],[-352.0],[1],[0],[0],[2.883435712253231],163.90188444496152,163.9051237356589,,,,,,,,,,,,,,ED14,1,2024-01-23_13h42.14.522,rating,2023.2.3,60.000615819234966,2024-01-23 13h42.30.089819 +0800,
neu_111.jpg,0.0,194.0,194.0,206.0,970.189894222704,,,,,,,,,,,,,,,,,,,,,,,970.1618727331092,,970.1619046641569,970.1619120767208,970.189894222704,971.1732282117646,971.1899127541157,972.173248168669,972.173248168669,972.4732577479832,972.4067941285648,972.4068026815236,972.4732577479832,972.4732577479832,972.4732577479832,972.4732577479832,972.4732577479832,972.4732577479832,0.0614052568766965,975.0075662326894,[-20.0],[-351.0],[1],[0],[0],[2.533464877843471],975.008405277974,975.0116787805076,,,,,,,,,,,,,,ED14,1,2024-01-23_13h42.14.522,rating,2023.2.3,60.000615819234966,2024-01-23 13h42.30.089819 +0800,
neu_112.jpg,0.0,163.0,163.0,207.0,841.5390317138022,,,,,,,,,,,,,,,,,,,,,,,841.5106264814435,,841.5106586975894,841.5106663952529,841.5390317138022,842.522393927627,842.5390194545607,843.5223944978243,843.5223944978243,843.8223678696118,843.7559450192985,843.7559535722571,843.8223678696118,843.8223678696118,843.8223678696118,843.8223678696118,843.8223678696118,843.8223678696118,0.0617584940864617,844.6231440791571,[18.0],[-368.0],[1],[0],[0],[0.8000457868411104],844.6239087136978,844.6271388812388,,,,,,,,,,,,,,ED14,1,2024-01-23_13h42.14.522,rating,2023.2.3,60.000615819234966,2024-01-23 13h42.30.089819 +0800,
neu_113.jpg,0.0,161.0,161.0,208.0,835.1723087686646,,,,,,,,,,,,,,,,,,,,,,,835.1440611958519,,835.1440945523923,835.1441019649569,835.1723087686646,836.1556476044016,836.1723213130044,837.1556590083469,837.1556590083469,837.4556777108173,837.3891830156481,837.3891915686067,837.4556777108173,837.4556777108173,837.4556777108173,837.4556777108173,837.4556777108173,837.4556777108173,0.0616530075913033,838.523148013518,[14.0],[-368.0],[1],[0],[0],[1.0667447266728232],838.5238801468145,838.5271037570869,,,,,,,,,,,,,,ED14,1,2024-01-23_13h42.14.522,rating,2023.2.3,60.000615819234966,2024-01-23 13h42.30.089819 +0800,
neu_114.jpg,0.0,154.0,154.0,209.0,808.2221397336834,,,,,,,,,,,,,,,,,,,,,,,808.1938074865761,,808.1938359964397,808.1938428388071,808.2221397336834,809.2054711568562,809.222141729374,810.2054742929413,810.2054742929413,810.5054852977482,810.4390205379354,810.4390296610918,810.5054852977482,810.5054852977482,810.5054852977482,810.5054852977482,810.5054852977482,810.5054852977482,0.0617003339643815,811.5062527832752,[23.0],[-364.0],[1],[0],[0],[1.0000889507741704],811.5069857718672,811.5103077411691,,,,,,,,,,,,,,ED14,1,2024-01-23_13h42.14.522,rating,2023.2.3,60.000615819234966,2024-01-23 13h42.30.089819 +0800,
neu_115.jpg,0.0,311.0,311.0,210.0,1436.2930292243204,,,,,,,,,,,,,,,,,,,,,,,1436.2655528433174,,1436.2655844892656,1436.2655919018302,1436.2930292243204,1437.2763646388744,1437.293030364715,1438.2763703408468,1438.2763703408468,1438.6263902122214,1438.509903186205,1438.5099120242626,1438.6263902122214,1438.6263902122214,1438.6263902122214,1438.6263902122214,1438.6263902122214,1438.6263902122214,0.1108641681767039,1439.2279169724347,[28.0],[-340.0],[1],[0],[0],[0.6001058286137777],1439.2289607185398,1439.2321943072643,,,,,,,,,,,,,,ED14,1,2024-01-23_13h42.14.522,rating,2023.2.3,60.000615819234966,2024-01-23 13h42.30.089819 +0800,
neu_116.jpg,0.0,38.0,38.0,211.0,245.7016759238195,,,,,,,,,,,,,,,,,,,,,,,245.67295252138365,,245.6729878736146,245.6729955712776,245.7016759238195,246.6850104830769,246.70167563872064,247.68501789564107,247.68501789564107,247.95168290873607,247.91858010615945,247.91858951441415,247.95168290873607,247.95168290873607,247.95168290873607,247.95168290873607,247.95168290873607,247.95168290873607,0.0287435018894939,249.9853855588417,[13.0],[-346.0],[1],[0],[0],[2.0333685145051277],249.98583829547488,249.988985499313,,,,,,,,,,,,,,ED14,1,2024-01-23_13h42.14.522,rating,2023.2.3,60.000615819234966,2024-01-23 13h42.30.089819 +0800,
neu_117.jpg,0.0,183.0,183.0,212.0,927.6396242057864,,,,,,,,,,,,,,,,,,,,,,,927.611463873156,,927.611496089302,927.6115035018664,927.6396242057864,928.622974445469,928.6396090955586,929.622947076,929.622947076,929.9229481023548,929.8565543321024,929.8565628850612,929.9229481023548,929.9229481023548,929.9229481023548,929.9229481023548,929.9229481023548,929.9229481023548,0.0615061817934474,931.3237514532902,[4.0],[-359.0],[1],[0],[0],[1.4000156234051246],931.3245465933846,931.3277083372532,,,,,,,,,,,,,,ED14,1,2024-01-23_13h42.14.522,rating,2023.2.3,60.000615819234966,2024-01-23 13h42.30.089819 +0800,
neu_118.jpg,0.0,236.0,236.0,213.0,1129.3409947889672,,,,,,,,,,,,,,,,,,,,,,,1129.312984418219,,1129.3130169194635,1129.313024332028,1129.3409947889672,1130.324302263854,1130.3409639983142,1131.324302263854,1131.324302263854,1131.640974147826,1131.5578604829911,1131.5578698912464,1131.640974147826,1131.640974147826,1131.640974147826,1131.640974147826,1131.640974147826,1131.640974147826,0.0780131076949146,1132.6420056346892,[337.0],[-355.0],[1],[0],[0],[1.0000273694690804],1132.6429216566053,1132.6461637982893,,,,,,,,,,,,,,ED14,1,2024-01-23_13h42.14.522,rating,2023.2.3,60.000615819234966,2024-01-23 13h42.30.089819 +0800,
neu_119.jpg,0.0,159.0,159.0,214.0,825.6722488979512,,,,,,,,,,,,,,,,,,,,,,,825.6438767370346,,825.6439086680816,825.6439163657451,825.6722488979512,826.655590299576,826.6722565956143,827.6556353451601,827.6556353451601,827.955620120893,827.8891257108221,827.8891348339785,827.955620120893,827.955620120893,827.955620120893,827.955620120893,827.955620120893,827.955620120893,0.0617641960589026,831.4231525180767,[13.0],[-369.0],[1],[0],[0],[3.46683875220333],831.4239028976854,831.4271786810082,,,,,,,,,,,,,,ED14,1,2024-01-23_13h42.14.522,rating,2023.2.3,60.000615819234966,2024-01-23 13h42.30.089819 +0800,
neu_12.jpg,0.0,215.0,215.0,215.0,1053.0904426954594,,,,,,,,,,,,,,,,,,,,,,,1053.0624611196736,,1053.0624933358197,1053.0625018887786,1053.0904426954594,1054.0737875182676,1054.0904532441086,1055.0737917947472,1055.0737917947472,1055.390491048188,1055.3073294867827,1055.3073380397414,1055.390491048188,1055.390491048188,1055.390491048188,1055.390491048188,1055.390491048188,1055.390491048188,0.0780515960104821,1056.1414063573577,[16.0],[-336.0],[1],[0],[0],[0.7500012829436855],1056.1422488238254,1056.145516339288,,,,,,,,,,,,,,ED14,1,2024-01-23_13h42.14.522,rating,2023.2.3,60.000615819234966,2024-01-23 13h42.30.089819 +0800,
neu_120.jpg,0.0,17.0,17.0,216.0,121.43419125214724,,,,,,,,,,,,,,,,,,,,,,,121.38839300732889,,121.38842465327708,121.38843235094056,121.43419125214724,122.40084012865918,122.434221472603,123.40084326474424,123.40084326474424,123.65084597318128,123.63437810579308,123.63438694385104,123.65084597318128,123.65084597318128,123.65084597318128,123.65084597318128,123.65084597318128,123.65084597318128,0.0124706419683207,128.45134962843076,[5.0],[-347.0],[1],[0],[0],[4.800108223442294],128.451795522697,128.45505277460825,,,,,,,,,,,,,,ED14,1,2024-01-23_13h42.14.522,rating,2023.2.3,60.000615819234966,2024-01-23 13h42.30.089819 +0800,
neu_121.jpg,0.0,226.0,226.0,217.0,1095.007398309593,,,,,,,,,,,,,,,,,,,,,,,1094.9794626346877,,1094.979494280636,1094.9795016932007,1095.007398309593,1095.9907357198367,1096.0074242535688,1096.9907571022345,1096.9907571022345,1097.3074229991348,1097.2242922283822,1097.2243007813413,1097.3074229991348,1097.3074229991348,1097.3074229991348,1097.3074229991348,1097.3074229991348,1097.3074229991348,0.0780190947662049,1097.8918084889829,[28.0],[-363.0],[1],[0],[0],[0.5833987634700861],1097.8927108261646,1097.8959495466647,,,,,,,,,,,,,,ED14,1,2024-01-23_13h42.14.522,rating,2023.2.3,60.000615819234966,2024-01-23 13h42.30.089819 +0800,
neu_122.jpg,0.0,62.0,62.0,218.0,371.4025626946154,,,,,,,,,,,,,,,,,,,,,,,371.3736268936964,,371.3736579694478,371.3736656671108,371.4025626946154,372.3858601910501,372.4025313337656,373.3858650377269,373.3858650377269,373.6525351825972,373.6194175548912,373.6194261078504,373.6525351825972,373.6525351825972,373.6525351825972,373.6525351825972,373.6525351825972,373.6525351825972,0.0289225438323228,375.4197778055273,[2.0],[-363.0],[1],[0],[0],[1.7668275193168483],375.42030808898926,375.4235505157717,,,,,,,,,,,,,,ED14,1,2024-01-23_13h42.14.522,rating,2023.2.3,60.000615819234966,2024-01-23 13h42.30.089819 +0800,
neu_123.jpg,0.0,171.0,171.0,219.0,875.2726053282654,,,,,,,,,,,,,,,,,,,,,,,875.2441693052547,,875.2442009512029,875.2442083637675,875.2726053282654,876.2559202157167,876.272595349813,877.2559287686759,877.2559287686759,877.5559326460175,877.4894735881771,877.4894818560379,877.5559326460175,877.5559326460175,877.5559326460175,877.5559326460175,877.5559326460175,877.5559326460175,0.061785293358298,878.35672824227,[32.0],[-361.0],[1],[0],[0],[0.8000486378273308],878.3575000042765,878.3606531951859,,,,,,,,,,,,,,ED14,1,2024-01-23_13h42.14.522,rating,2023.2.3,60.000615819234966,2024-01-23 13h42.30.089819 +0800,
neu_124.jpg,0.0,137.0,137.0,220.0,728.5215976471377,,,,,,,,,,,,,,,,,,,,,,,728.4931807257358,,728.493210090895,728.4932169332624,728.5215976471377,729.5049450358338,729.5215996428283,730.5049418997492,730.5049418997492,730.7882991528577,730.7384704686278,730.7384795917842,730.7882991528577,730.7882991528577,730.7882991528577,730.7882991528577,730.7882991528577,730.7882991528577,0.0451415201118834,732.4388979455221,[-53.0],[-346.0],[1],[0],[0],[1.650004647107835],732.4395736292886,732.4428397192578,,,,,,,,,,,,,,ED14,1,2024-01-23_13h42.14.522,rating,2023.2.3,60.000615819234966,2024-01-23 13h42.30.089819 +0800,
neu_125.jpg,0.0,258.0,258.0,221.0,1218.4915625058802,,,,,,,,,,,,,,,,,,,,,,,1218.4638340976826,,1218.46386602873,1218.4638734412945,1218.4915625058802,1219.474910179675,1219.4915850286725,1220.4749332726642,1220.4749332726642,1220.808240376923,1220.7084427399343,1220.7084518630909,1220.808240376923,1220.808240376923,1220.808240376923,1220.808240376923,1220.808240376923,1220.808240376923,0.0944288020327803,1224.3927507399735,[41.0],[-355.0],[1],[0],[0],[3.583397623075598],1224.3936527920564,1224.3969362730422,,,,,,,,,,,,,,ED14,1,2024-01-23_13h42.14.522,rating,2023.2.3,60.000615819234966,2024-01-23 13h42.30.089819 +0800,
neu_126.jpg,0.0,232.0,232.0,222.0,1116.2575683709292,,,,,,,,,,,,,,,,,,,,,,,1116.229624428163,,1116.2296572145065,1116.229664627071,1116.2575683709292,1117.2408866795645,1117.2575592477729,1118.2408849689728,1118.2408849689728,1118.5575896392877,1118.4744637152116,1118.4744722681708,1118.5575896392877,1118.5575896392877,1118.5575896392877,1118.5575896392877,1118.5575896392877,1118.5575896392877,0.077988874310904,1119.8086053031766,[364.0],[-364.0],[1],[0],[0],[1.2499924448861748],1119.8095042191749,1119.8126554143937,,,,,,,,,,,,,,ED14,1,2024-01-23_13h42.14.522,rating,2023.2.3,60.000615819234966,2024-01-23 13h42.30.089819 +0800,
neu_127.jpg,0.0,93.0,93.0,223.0,532.9703118237817,,,,,,,,,,,,,,,,,,,,,,,532.9415413800712,,532.941570460132,532.9415770174005,532.9703118237817,533.9536155923865,533.970320946938,534.9536195837672,534.9536195837672,535.236959730958,535.1872154359244,535.1872234186862,535.236959730958,535.236959730958,535.236959730958,535.236959730958,535.236959730958,535.236959730958,0.045459119991392,537.337583298694,[16.0],[-363.0],[1],[0],[0],[2.100126070616625],537.3381683210941,537.3414543679678,,,,,,,,,,,,,,ED14,1,2024-01-23_13h42.14.522,rating,2023.2.3,60.000615819234966,2024-01-23 13h42.30.089819 +0800,
neu_128.jpg,0.0,8.0,8.0,224.0,73.85051708339506,,,,,,,,,,,,,,,,,,,,,,,73.82167194384238,,73.82170387488941,73.82171128745404,73.85051708339506,74.83385164265292,74.85052164497347,75.8338576297242,75.8338576297242,76.0838586275695,76.06739218567463,76.06740102373215,76.0838586275695,76.0838586275695,76.0838586275695,76.0838586275695,76.0838586275695,76.0838586275695,0.0122037896449,78.21759982301091,[9.0],[-351.0],[1],[0],[0],[2.133437850493465],78.21799553991696,78.22130667547026,,,,,,,,,,,,,,ED14,1,2024-01-23_13h42.14.522,rating,2023.2.3,60.000615819234966,2024-01-23 13h42.30.089819 +0800,
neu_129.jpg,0.0,41.0,41.0,225.0,258.21842090708105,,,,,,,,,,,,,,,,,,,,,,,258.18953015174657,,258.18956236789245,258.1895700655555,258.21842090708105,259.20178939307607,259.21842689415234,260.201766300087,260.201766300087,260.4684378704501,260.4353812538525,260.43538952171275,260.4684378704501,260.4684378704501,260.4684378704501,260.4684378704501,260.4684378704501,260.4684378704501,0.0289265352134862,264.5357134507826,[9.0],[-375.0],[1],[0],[0],[4.066901816021527],264.5362206412551,264.5394508087961,,,,,,,,,,,,,,ED14,1,2024-01-23_13h42.14.522,rating,2023.2.3,60.000615819234966,2024-01-23 13h42.30.089819 +0800,
neu_13.jpg,0.0,358.0,358.0,226.0,1627.4776628070017,,,,,,,,,,,,,,,,,,,,,,,1627.4506457199,,1627.4506782211442,1627.4506856337089,1627.4776628070017,1628.4610110509934,1628.4776562497325,1629.4609896685956,1629.4609896685956,1629.810998706222,1629.6945490281273,1629.6945578661848,1629.810998706222,1629.810998706222,1629.810998706222,1629.810998706222,1629.810998706222,1629.810998706222,0.1103775048059105,1632.4959972151569,[33.0],[-362.0],[1],[0],[0],[2.6833660341462746],1632.497167830154,1632.5003107575126,,,,,,,,,,,,,,ED14,1,2024-01-23_13h42.14.522,rating,2023.2.3,60.000615819234966,2024-01-23 13h42.30.089819 +0800,
neu_130.jpg,0.0,81.0,81.0,227.0,469.0531800186909,,,,,,,,,,,,,,,,,,,,,,,469.0244888324014,,469.02451734226497,469.02452361443466,469.0531800186909,470.0364940508466,470.0531603468853,471.0365214203157,471.0365214203157,471.3031180097378,471.2700525550822,471.2700619633374,471.3031180097378,471.3031180097378,471.3031180097378,471.3031180097378,471.3031180097378,471.3031180097378,0.0286497044385214,472.7370515327189,[19.0],[-343.0],[1],[0],[0],[1.4334733737828174],472.7376396912041,472.74082367276606,,,,,,,,,,,,,,ED14,1,2024-01-23_13h42.14.522,rating,2023.2.3,60.000615819234966,2024-01-23 13h42.30.089819 +0800,
neu_131.jpg,0.0,348.0,348.0,228.0,1587.4773811295497,,,,,,,,,,,,,,,,,,,,,,,1587.4503170011726,,1587.4503495024169,1587.4503572000808,1587.4773811295497,1588.4607647257722,1588.4773825550424,1589.4607219609766,1589.4607219609766,1589.810730143308,1589.6942739079436,1589.6942821758043,1589.810730143308,1589.810730143308,1589.810730143308,1589.810730143308,1589.810730143308,1589.810730143308,0.110465315185138,1591.212462345598,[112.0],[-359.0],[1],[0],[0],[1.4001199695057949],1591.2135930467862,1591.2167590671347,,,,,,,,,,,,,,ED14,1,2024-01-23_13h42.14.522,rating,2023.2.3,60.000615819234966,2024-01-23 13h42.30.089819 +0800,
neu_132.jpg,0.0,74.0,74.0,229.0,435.602955389476,,,,,,,,,,,,,,,,,,,,,,,435.574319227223,,435.5743508731716,435.57435828573625,435.602955389476,436.5863264413588,436.6029610914488,437.5863218797808,437.5863218797808,437.8529820461986,437.8198530145473,437.8198621377037,437.8529820461986,437.8529820461986,437.8529820461986,437.8529820461986,437.8529820461986,437.8529820461986,0.0286879076556942,439.1201012214197,[389.0],[-370.0],[1],[0],[0],[1.2666724256591806],439.12065659356176,439.1238591065349,,,,,,,,,,,,,,ED14,1,2024-01-23_13h42.14.522,rating,2023.2.3,60.000615819234966,2024-01-23 13h42.30.089819 +0800,
neu_133.jpg,0.0,119.0,119.0,230.0,650.354403262897,,,,,,,,,,,,,,,,,,,,,,,650.3091640965026,,650.3091957424508,650.3092031550154,650.354403262897,651.321077513187,651.3544026926998,652.3211065932478,652.3211065932478,652.6044179454766,652.5546191966032,652.5546283197596,652.6044179454766,652.6044179454766,652.6044179454766,652.6044179454766,652.6044179454766,652.6044179454766,0.045271525089447,657.1051734568609,[-382.0],[-342.0],[1],[0],[0],[4.500170488983713],657.1058291837226,659.3049357986383,space,657.1211138917729,657.1211138917729,2.177102132024629,,,,,,,,,,ED14,1,2024-01-23_13h42.14.522,rating,2023.2.3,60.000615819234966,2024-01-23 13h42.30.089819 +0800,
neu_134.jpg,0.0,373.0,373.0,231.0,1687.7280566707664,,,,,,,,,,,,,,,,,,,,,,,1687.7012753602362,,1687.7013078614805,1687.701315274045,1687.7280566707664,1688.7113943661084,1688.7280603770482,1689.7113989276872,1689.7113989276872,1690.078075971944,1689.944977673926,1689.944986797082,1690.078075971944,1690.078075971944,1690.078075971944,1690.078075971944,1690.078075971944,1690.078075971944,0.1268262705843881,1691.3631600674885,[140.0],[-359.0],[1],[0],[0],[1.283383482183126],1691.364323269922,1691.3676768851717,,,,,,,,,,,,,,ED14,1,2024-01-23_13h42.14.522,rating,2023.2.3,60.000615819234966,2024-01-23 13h42.30.089819 +0800,
neu_135.jpg,0.0,307.0,307.0,232.0,1422.2262919102122,,,,,,,,,,,,,,,,,,,,,,,1422.1987593647773,,1422.1987915809232,1422.1987989934878,1422.2262919102122,1423.209616776116,1423.2263112969194,1424.209643575388,1424.209643575388,1424.5596155501917,1424.443222891824,1424.4432320149804,1424.5596155501917,1424.5596155501917,1424.5596155501917,1424.5596155501917,1424.5596155501917,1424.5596155501917,0.1108821293901201,1426.5609629263436,[42.0],[-343.0],[1],[0],[0],[2.000030790652545],1426.561969609626,1426.565250524724,,,,,,,,,,,,,,ED14,1,2024-01-23_13h42.14.522,rating,2023.2.3,60.000615819234966,2024-01-23 13h42.30.089819 +0800,
neu_136.jpg,0.0,217.0,217.0,233.0,1059.340514397766,,,,,,,,,,,,,,,,,,,,,,,1059.3124823595217,,1059.3125217031334,1059.3125282604024,1059.340514397766,1060.3238412593605,1060.3404918749738,1061.3238329914998,1061.3238329914998,1061.640506871162,1061.5574134483309,1061.5574225714868,1061.640506871162,1061.640506871162,1061.640506871162,1061.640506871162,1061.640506871162,1061.640506871162,0.078040477163995,1062.1415414941107,[206.0],[-358.0],[1],[0],[0],[0.5000664279823468],1062.142403632385,1062.1457301632645,,,,,,,,,,,,,,ED14,1,2024-01-23_13h42.14.522,rating,2023.2.3,60.000615819234966,2024-01-23 13h42.30.089819 +0800,
neu_137.jpg,0.0,181.0,181.0,234.0,920.6728895145852,,,,,,,,,,,,,,,,,,,,,,,920.6447226246864,,920.6447554110296,920.6447628235942,920.6728895145852,921.6562252142372,921.672892080473,922.6562343373936,922.6562343373936,922.9562402104256,922.8897714592316,922.8897800121908,922.9562402104256,922.9562402104256,922.9562402104256,922.9562402104256,922.9562402104256,922.9562402104256,0.0615395383342729,923.8904083695834,[352.0],[-364.0],[1],[0],[0],[0.9333619002163687],923.8912086414534,923.8944630423788,,,,,,,,,,,,,,ED14,1,2024-01-23_13h42.14.522,rating,2023.2.3,60.000615819234966,2024-01-23 13h42.30.089819 +0800,
neu_138.jpg,0.0,304.0,304.0,235.0,1408.176172995571,,,,,,,,,,,,,,,,,,,,,,,1408.1487570554782,,1408.1487904120186,1408.1487978245832,1408.176172995571,1409.1595109760124,1409.1761752763605,1410.1595232352538,1410.1595232352538,1410.4928634109542,1410.393049238245,1410.3930586465,1410.4928634109542,1410.4928634109542,1410.4928634109542,1410.4928634109542,1410.4928634109542,1410.4928634109542,0.094126027281618,1413.7943854385303,[328.0],[140.0],[1],[0],[0],[3.30017208553636],1413.7954172104924,1413.7987628429803,,,,,,,,,,,,,,ED14,1,2024-01-23_13h42.14.522,rating,2023.2.3,60.000615819234966,2024-01-23 13h42.30.089819 +0800,
neu_139.jpg,0.0,260.0,260.0,236.0,1227.4416428751856,,,,,,,,,,,,,,,,,,,,,,,1227.414140550206,,1227.414173336549,1227.4141807491137,1227.4416428751856,1228.4249566222425,1228.4416226331823,1229.4249591881303,1229.4249591881303,1229.7583036403105,1229.658515411577,1229.658523964536,1229.7583036403105,1229.7583036403105,1229.7583036403105,1229.7583036403105,1229.7583036403105,1229.7583036403105,0.0942041443076959,1231.2595010545797,[385.0],[-347.0],[1],[0],[0],[1.5000416244006374],1231.2604735260256,1231.263742466981,,,,,,,,,,,,,,ED14,1,2024-01-23_13h42.14.522,rating,2023.2.3,60.000615819234966,2024-01-23 13h42.30.089819 +0800,
neu_14.jpg,0.0,372.0,372.0,237.0,1684.178054931665,,,,,,,,,,,,,,,,,,,,,,,1684.1510680650183,,1684.1511008513612,1684.1511082639258,1684.178054931665,1685.1613732402998,1685.17806633561,1686.1613720999053,1686.1613720999053,1686.528047433571,1686.3949579736104,1686.3949670967663,1686.528047433571,1686.528047433571,1686.528047433571,1686.528047433571,1686.528047433571,1686.528047433571,0.127005312527217,1687.6966088657696,[154.0],[-362.0],[1],[0],[0],[1.16683259407273],1687.6978048545457,1687.701035022087,,,,,,,,,,,,,,ED14,1,2024-01-23_13h42.14.522,rating,2023.2.3,60.000615819234966,2024-01-23 13h42.30.089819 +0800,
neu_140.jpg,0.0,361.0,361.0,238.0,1642.6610870012696,,,,,,,,,,,,,,,,,,,,,,,1642.6339612915876,,1642.633995503424,1642.6340029159887,1642.6610870012696,1643.6444631849276,1643.6610961244264,1644.644432679374,1644.644432679374,1645.0111120044198,1644.877971511804,1644.877980064763,1645.0111120044198,1645.0111120044198,1645.0111120044198,1645.0111120044198,1645.0111120044198,1645.0111120044198,0.1271738058221672,1645.7128118765245,[359.0],[-358.0],[1],[0],[0],[0.7000596996549575],1645.7139842021147,1645.717277661552,,,,,,,,,,,,,,ED14,1,2024-01-23_13h42.14.522,rating,2023.2.3,60.000615819234966,2024-01-23 13h42.30.089819 +0800,
neu_141.jpg,0.0,312.0,312.0,239.0,1439.259716589148,,,,,,,,,,,,,,,,,,,,,,,1439.2324275179485,,1439.2324591638967,1439.2324668615595,1439.259716589148,1440.2430542844909,1440.2597359758552,1441.2430788029735,1441.2430788029735,1441.5931043763208,1441.476591691427,1441.4766005294855,1441.5931043763208,1441.5931043763208,1441.5931043763208,1441.5931043763208,1441.5931043763208,1441.5931043763208,0.1106999513622213,1442.2944974822935,[28.0],[-340.0],[1],[0],[0],[0.7000320450861182],1442.2955725892484,1442.2987420307804,,,,,,,,,,,,,,ED14,1,2024-01-23_13h42.14.522,rating,2023.2.3,60.000615819234966,2024-01-23 13h42.30.089819 +0800,
neu_142.jpg,0.0,324.0,324.0,240.0,1485.210023611869,,,,,,,,,,,,,,,,,,,,,,,1485.1828696774223,,1485.182902463765,1485.1829098763296,1485.210023611869,1486.1933627327048,1486.21002959894,1487.1933692899734,1487.1933692899734,1487.5433820338826,1487.426913254178,1487.4269215220388,1487.5433820338826,1487.5433820338826,1487.5433820338826,1487.5433820338826,1487.5433820338826,1487.5433820338826,0.1105394408305073,1491.211504129083,[344.0],[302.0],[1],[0],[0],[3.666667521962154],1491.212608601198,1491.215876401759,,,,,,,,,,,,,,ED14,1,2024-01-23_13h42.14.522,rating,2023.2.3,60.000615819234966,2024-01-23 13h42.30.089819 +0800,
neu_143.jpg,0.0,187.0,187.0,241.0,942.1730363403826,,,,,,,,,,,,,,,,,,,,,,,942.1448033076005,,942.1448355237462,942.144842651212,942.1730363403826,943.156390571446,943.1730363403826,944.156430485255,944.156430485255,944.456410129212,944.3899131532536,944.3899222764098,944.456410129212,944.456410129212,944.456410129212,944.456410129212,944.456410129212,944.456410129212,0.0616256381222228,945.5906952928505,[13.0],[-354.0],[1],[0],[0],[1.1334751984140894],945.5914798842956,945.5947263024586,,,,,,,,,,,,,,ED14,1,2024-01-23_13h42.14.522,rating,2023.2.3,60.000615819234966,2024-01-23 13h42.30.089819 +0800,
neu_144.jpg,0.0,143.0,143.0,242.0,757.4551234790702,,,,,,,,,,,,,,,,,,,,,,,757.4266139006113,,757.4266461167567,757.4266535293214,757.4551234790702,758.4384634552016,758.4551266151548,759.4384654508922,759.4384654508922,759.7384696133322,759.6720000068422,759.6720091299985,759.7384696133322,759.7384696133322,759.7384696133322,759.7384696133322,759.7384696133322,759.7384696133322,0.0618736739352243,761.2391544202546,[291.0],[-364.0],[1],[0],[0],[1.5000476114719277],761.2398569032925,761.2431860000602,,,,,,,,,,,,,,ED14,1,2024-01-23_13h42.14.522,rating,2023.2.3,60.000615819234966,2024-01-23 13h42.30.089819 +0800,
neu_145.jpg,0.0,338.0,338.0,243.0,1544.3270959453844,,,,,,,,,,,,,,,,,,,,,,,1544.2999126457776,,1544.2999457172195,1544.2999531297842,1544.3270959453844,1545.3104285089507,1545.327095660286,1546.3104421936855,1546.3104421936855,1546.660457503482,1546.5439679115784,1546.543976749636,1546.660457503482,1546.660457503482,1546.660457503482,1546.660457503482,1546.660457503482,1546.660457503482,0.110569376186504,1547.4787570155645,[117.0],[-350.0],[1],[0],[0],[0.8167357460661151],1547.4798315523217,1547.4831355604097,,,,,,,,,,,,,,ED14,1,2024-01-23_13h42.14.522,rating,2023.2.3,60.000615819234966,2024-01-23 13h42.30.089819 +0800,
neu_146.jpg,0.0,170.0,170.0,244.0,871.2225593988751,,,,,,,,,,,,,,,,,,,,,,,871.1942148925264,,871.1942473937706,871.1942548063353,871.2225593988751,872.2058956687242,872.2225802110756,873.2059013706971,873.2059013706971,873.5059066735316,873.4394575941437,873.439465862004,873.5059066735316,873.5059066735316,873.5059066735316,873.5059066735316,873.5059066735316,873.5059066735316,0.0617134485014503,875.2400176989231,[356.0],[-371.0],[1],[0],[0],[1.733349241837459],875.2407729252091,875.2439321031898,,,,,,,,,,,,,,ED14,1,2024-01-23_13h42.14.522,rating,2023.2.3,60.000615819234966,2024-01-23 13h42.30.089819 +0800,
neu_147.jpg,0.0,84.0,84.0,245.0,486.8699636613278,,,,,,,,,,,,,,,,,,,,,,,486.8411253641421,,486.8411550144001,486.8411618567675,486.8699636613278,487.8533022119664,487.86996879310345,488.8533087692349,488.8533087692349,489.1366449250445,489.08684532087545,489.0868544440318,489.1366449250445,489.1366449250445,489.1366449250445,489.1366449250445,489.1366449250445,489.1366449250445,0.0455392327085064,490.8539120379478,[14.0],[-368.0],[1],[0],[0],[1.716813235875179],490.8544810948242,490.8577851029122,,,,,,,,,,,,,,ED14,1,2024-01-23_13h42.14.522,rating,2023.2.3,60.000615819234966,2024-01-23 13h42.30.089819 +0800,
neu_148.jpg,0.0,225.0,225.0,246.0,1091.1740378918894,,,,,,,,,,,,,,,,,,,,,,,1091.1461729214457,,1091.1462048524927,1091.146212265057,1091.1740378918894,1092.1573770127252,1092.17403988758,1093.157381004106,1093.157381004106,1093.4740537433736,1093.3909474911034,1093.3909560440625,1093.4740537433736,1093.4740537433736,1093.4740537433736,1093.4740537433736,1093.4740537433736,1093.4740537433736,0.0779061957064186,1094.975014240677,[327.0],[-367.0],[1],[0],[0],[1.500015395326045],1094.9758635495125,1094.979221441242,,,,,,,,,,,,,,ED14,1,2024-01-23_13h42.14.522,rating,2023.2.3,60.000615819234966,2024-01-23 13h42.30.089819 +0800,
neu_149.jpg,0.0,1.0,1.0,247.0,17.816809301513786,,,,,,,,,,,,,,,,,,,,,,,17.789730633106956,,17.78976484494342,17.789772542606443,17.816809301513786,18.800174651424182,18.81681186740161,19.80014671175786,19.80014671175786,20.05015170098386,20.033706926585182,20.033715764643148,20.05015170098386,20.05015170098386,20.05015170098386,20.05015170098386,20.05015170098386,20.05015170098386,0.0104319016249974,22.90062060270975,[26.0],[-189.0],[1],[0],[0],[2.8502051854879937],22.901016319616247,22.904251904031295,,,,,,,,,,,,,,ED14,1,2024-01-23_13h42.14.522,rating,2023.2.3,60.000615819234966,2024-01-23 13h42.30.089819 +0800,
neu_15.jpg,0.0,133.0,133.0,248.0,710.971484149371,,,,,,,,,,,,,,,,,,,,,,,710.9429831238713,,710.9430122039321,710.9430187612006,710.971484149371,711.954810725867,711.971481868582,712.954839520829,712.954839520829,713.2381574303263,713.1883566857623,713.1883658089187,713.2381574303263,713.2381574303263,713.2381574303263,713.2381574303263,713.2381574303263,713.2381574303263,0.0451934080633691,716.3388049463474,[111.0],[-361.0],[1],[0],[0],[3.100037119842],716.3394549712361,716.3427586942253,,,,,,,,,,,,,,ED14,1,2024-01-23_13h42.14.522,rating,2023.2.3,60.000615819234966,2024-01-23 13h42.30.089819 +0800,
neu_150.jpg,0.0,142.0,142.0,249.0,753.3384665342669,,,,,,,,,,,,,,,,,,,,,,,753.3099586663998,,753.3099905974468,753.3099982951103,753.3384665342669,754.3218147782586,754.3384699554504,755.3217722985619,755.3217722985619,755.6217761759035,755.5553521851953,755.5553615934505,755.6217761759035,755.6217761759035,755.6217761759035,755.6217761759035,755.6217761759035,755.6217761759035,0.061835185619202,757.422460583688,[23.0],[-364.0],[1],[0],[0],[1.8000335275996804],757.4231188764375,757.4263784091381,,,,,,,,,,,,,,ED14,1,2024-01-23_13h42.14.522,rating,2023.2.3,60.000615819234966,2024-01-23 13h42.30.089819 +0800,
neu_151.jpg,0.0,70.0,70.0,250.0,416.5695030559723,,,,,,,,,,,,,,,,,,,,,,,416.5408589109575,,416.54089027180726,416.5408979694703,416.5695030559723,417.5528307728623,417.5695173109039,418.5528373301309,418.5528373301309,418.8195248660177,418.7864454415294,418.78645456468576,418.8195248660177,418.8195248660177,418.8195248660177,418.8195248660177,418.8195248660177,418.8195248660177,0.028684486471775,419.8866444973969,[13.0],[-359.0],[1],[0],[0],[1.0667105148368137],419.8871585302368,419.8903841361994,,,,,,,,,,,,,,ED14,1,2024-01-23_13h42.14.522,rating,2023.2.3,60.000615819234966,2024-01-23 13h42.30.089819 +0800,
neu_152.jpg,0.0,201.0,201.0,251.0,997.8900802210542,,,,,,,,,,,,,,,,,,,,,,,997.8619942991676,,997.862026800412,997.8620342129766,997.8900802210542,998.8734144952128,998.8900802210542,999.873418486594,999.873418486594,1000.1900929364532,1000.1069738547444,1000.1069829779008,1000.1900929364532,1000.1900929364532,1000.1900929364532,1000.1900929364532,1000.1900929364532,1000.1900929364532,0.0781191643873171,1002.1244415630476,[364.0],[-357.0],[1],[0],[0],[1.9334728035855733],1002.1252800381347,1002.1286635887418,,,,,,,,,,,,,,ED14,1,2024-01-23_13h42.14.522,rating,2023.2.3,60.000615819234966,2024-01-23 13h42.30.089819 +0800,
neu_153.jpg,0.0,283.0,283.0,252.0,1316.075553134118,,,,,,,,,,,,,,,,,,,,,,,1316.0481947839494,,1316.0482272851937,1316.0482349828571,1316.075553134118,1317.0588896890658,1317.0755554149068,1318.0589307432692,1318.0589307432692,1318.392233000851,1318.2924322277777,1318.2924407807368,1318.392233000851,1318.392233000851,1318.392233000851,1318.392233000851,1318.392233000851,1318.392233000851,0.0940607396942141,1323.693523528335,[334.0],[-374.0],[1],[0],[0],[5.300063748054981],1323.6945404751682,1323.6978151180963,,,,,,,,,,,,,,ED14,1,2024-01-23_13h42.14.522,rating,2023.2.3,60.000615819234966,2024-01-23 13h42.30.089819 +0800,
neu_154.jpg,0.0,189.0,189.0,253.0,952.4064388956645,,,,,,,,,,,,,,,,,,,,,,,952.3784208272536,,952.3784527583008,952.3784601708652,952.4064388956645,953.3897837184732,953.406440891355,954.3897968330102,954.3897968330102,954.6898175311712,954.623338231328,954.6233479246816,954.6898175311712,954.6898175311712,954.6898175311712,954.6898175311712,954.6898175311712,954.6898175311712,0.0614195118082534,955.8239923616376,[26.0],[-351.0],[1],[0],[0],[1.1333637248476407],955.8248168668916,955.8280875184388,,,,,,,,,,,,,,ED14,1,2024-01-23_13h42.14.522,rating,2023.2.3,60.000615819234966,2024-01-23 13h42.30.089819 +0800,
neu_155.jpg,0.0,98.0,98.0,254.0,555.0204270321401,,,,,,,,,,,,,,,,,,,,,,,554.9917917251832,,554.9918247966248,554.9918322091894,555.0204270321401,556.0037627317924,556.0204390062831,557.0037695741594,557.0037695741594,557.2871080107584,557.2373246572115,557.2373332101706,557.2871080107584,557.2871080107584,557.2871080107584,557.2871080107584,557.2871080107584,557.2871080107584,0.0453319660000488,558.8877649350343,[17.0],[-358.0],[1],[0],[0],[1.6001560059735311],558.8883853096654,558.8917015769944,,,,,,,,,,,,,,ED14,1,2024-01-23_13h42.14.522,rating,2023.2.3,60.000615819234966,2024-01-23 13h42.30.089819 +0800,
neu_156.jpg,0.0,69.0,69.0,255.0,410.6861440352518,,,,,,,,,,,,,,,,,,,,,,,410.6574819290231,,410.6575144302674,410.657521842832,410.6861440352518,411.66945664191417,411.68612436344574,412.6694589227036,412.6694589227036,412.93613106326393,412.9031123647847,412.9031240538288,412.93613106326393,412.93613106326393,412.93613106326393,412.93613106326393,412.93613106326393,412.93613106326393,0.0286668103562988,416.5367018877519,[13.0],[-359.0],[1],[0],[0],[3.6001528698884613],416.5372378731868,416.5406182877091,,,,,,,,,,,,,,ED14,1,2024-01-23_13h42.14.522,rating,2023.2.3,60.000615819234966,2024-01-23 13h42.30.089819 +0800,
neu_157.jpg,0.0,237.0,237.0,256.0,1132.6743349646677,,,,,,,,,,,,,,,,,,,,,,,1132.646404991735,,1132.646437778078,1132.646445190643,1132.6743349646677,1133.6576498521194,1133.6743195693412,1134.6576606858675,1134.6576606858675,1134.9743579436176,1134.8912727886468,1134.891281056507,1134.9743579436176,1134.9743579436176,1134.9743579436176,1134.9743579436176,1134.9743579436176,1134.9743579436176,0.0779746193793471,1137.5587311742242,[-49.0],[-357.0],[1],[0],[0],[2.583343454334681],1137.5596369325897,1137.5629033076575,,,,,,,,,,,,,,ED14,1,2024-01-23_13h42.14.522,rating,2023.2.3,60.000615819234966,2024-01-23 13h42.30.089819 +0800,
neu_158.jpg,0.0,12.0,12.0,257.0,96.38402444093572,,,,,,,,,,,,,,,,,,,,,,,96.35497802174632,,96.35500995279337,96.35501765045638,96.38402444093572,97.3673453154588,97.38400647972183,98.36734360486707,98.36734360486707,98.61734659840248,98.60088984986125,98.6009086663712,98.61734659840248,98.61734659840248,98.61734659840248,98.61734659840248,98.61734659840248,98.61734659840248,0.0123836868842772,102.75113426492136,[7.0],[-349.0],[1],[0],[0],[4.133470351737742],102.75157673800412,102.7549175238155,,,,,,,,,,,,,,ED14,1,2024-01-23_13h42.14.522,rating,2023.2.3,60.000615819234966,2024-01-23 13h42.30.089819 +0800,
neu_159.jpg,0.0,128.0,128.0,258.0,689.7213357555311,,,,,,,,,,,,,,,,,,,,,,,689.6926790661764,,689.6927087164345,689.692715273703,689.7213357555311,690.7046996799481,690.7213497253642,691.7047059521183,691.7047059521183,691.9880141682615,691.9382114280079,691.9382199809666,691.9880141682615,691.9880141682615,691.9880141682615,691.9880141682615,691.9880141682615,691.9880141682615,0.045357624877397,695.3387718749054,[-192.0],[-339.0],[1],[0],[0],[3.3501567187199726],695.3393885432542,695.3426312551351,,,,,,,,,,,,,,ED14,1,2024-01-23_13h42.14.522,rating,2023.2.3,60.000615819234966,2024-01-23 13h42.30.089819 +0800,
neu_16.jpg,0.0,265.0,265.0,259.0,1245.5917934927947,,,,,,,,,,,,,,,,,,,,,,,1245.5474138987863,,1245.5474455447352,1245.5474532423982,1245.5917934927947,1246.5584141445415,1246.5917467366185,1247.5584189912183,1247.5584189912183,1247.891757456327,1247.7919521216754,1247.791961815029,1247.891757456327,1247.891757456327,1247.891757456327,1247.891757456327,1247.891757456327,1247.891757456327,0.0943663654311421,1249.3263324512382,[9.0],[-369.0],[1],[0],[0],[1.4334300387904477],1249.3273052077825,1249.3305410772964,,,,,,,,,,,,,,ED14,1,2024-01-23_13h42.14.522,rating,2023.2.3,60.000615819234966,2024-01-23 13h42.30.089819 +0800,
neu_160.jpg,0.0,262.0,262.0,260.0,1234.6416697884963,,,,,,,,,,,,,,,,,,,,,,,1234.614004101999,,1234.6140377436382,1234.6140451562028,1234.6416697884963,1235.6250054881489,1235.6416732096804,1236.6250191728832,1236.6250191728832,1236.9583470893426,1236.8585503076497,1236.858559430806,1236.9583470893426,1236.9583470893426,1236.9583470893426,1236.9583470893426,1236.9583470893426,1236.9583470893426,0.0943660803327475,1237.4594259025794,[361.0],[-373.0],[1],[0],[0],[0.49996122658558306],1237.4604283093822,1237.4636818550111,,,,,,,,,,,,,,ED14,1,2024-01-23_13h42.14.522,rating,2023.2.3,60.000615819234966,2024-01-23 13h42.30.089819 +0800,
neu_161.jpg,0.0,198.0,198.0,261.0,986.2233525432794,,,,,,,,,,,,,,,,,,,,,,,986.195041393471,,986.195074179814,986.1950815923784,986.2233525432794,987.206671137013,987.2233337267694,988.2066739879996,988.2066739879996,988.5233681096648,988.4402074035552,988.4402159565144,988.5233681096648,988.5233681096648,988.5233681096648,988.5233681096648,988.5233681096648,988.5233681096648,0.0783452476052843,989.8576428386928,[39.0],[-365.0],[1],[0],[0],[1.3334026123020521],989.858467914144,989.8616430576484,,,,,,,,,,,,,,ED14,1,2024-01-23_13h42.14.522,rating,2023.2.3,60.000615819234966,2024-01-23 13h42.30.089819 +0800,
neu_162.jpg,0.0,222.0,222.0,262.0,1079.8406529557028,,,,,,,,,,,,,,,,,,,,,,,1079.812661116366,,1079.8126930474136,1079.8127004599785,1079.8406529557028,1080.8239806725933,1080.840629292516,1081.8239684133518,1081.8239684133518,1082.1406420079156,1082.0575337599548,1082.05754316821,1082.1406420079156,1082.1406420079156,1082.1406420079156,1082.1406420079156,1082.1406420079156,1082.1406420079156,0.0780014186507287,1083.974934983256,[-305.0],[-357.0],[1],[0],[0],[1.8333378949114376],1083.9757278425618,1083.97895230813,,,,,,,,,,,,,,ED14,1,2024-01-23_13h42.14.522,rating,2023.2.3,60.000615819234966,2024-01-23 13h42.30.089819 +0800,
neu_163.jpg,0.0,291.0,291.0,263.0,1355.77582010048,,,,,,,,,,,,,,,,,,,,,,,1355.7481897662133,,1355.7482225525564,1355.748229965121,1355.77582010048,1356.759157510724,1356.7758258024528,1357.7591977096315,1357.7591977096315,1358.092528477077,1357.9927505118944,1357.9927587797551,1358.092528477077,1358.092528477077,1358.092528477077,1358.092528477077,1358.092528477077,1358.092528477077,0.0943637995433164,1358.8939102361242,[259.0],[-364.0],[1],[0],[0],[0.8001107893296648],1358.8949266127602,1358.898161626978,,,,,,,,,,,,,,ED14,1,2024-01-23_13h42.14.522,rating,2023.2.3,60.000615819234966,2024-01-23 13h42.30.089819 +0800,
neu_164.jpg,0.0,178.0,178.0,264.0,904.8228123383848,,,,,,,,,,,,,,,,,,,,,,,904.7945177242968,,904.7945490851472,904.79455678281,904.8228123383848,905.8061440466558,905.8228037854255,906.806125230146,906.806125230146,907.1061296776847,907.0396996999052,907.0397088230616,907.1061296776847,907.1061296776847,907.1061296776847,907.1061296776847,907.1061296776847,907.1061296776847,0.0616333357852454,907.5735962170834,[31.0],[-359.0],[1],[0],[0],[0.46667653107942897],907.5742978448252,907.5776585875416,,,,,,,,,,,,,,ED14,1,2024-01-23_13h42.14.522,rating,2023.2.3,60.000615819234966,2024-01-23 13h42.30.089819 +0800,
neu_165.jpg,0.0,346.0,346.0,265.0,1580.0606638578752,,,,,,,,,,,,,,,,,,,,,,,1580.0336946673438,,1580.033727453687,1580.033734866252,1580.0606638578752,1581.0440046893025,1581.0606669939602,1582.044007540289,1582.044007540289,1582.394012301436,1582.2775691806096,1582.2775788739632,1582.394012301436,1582.394012301436,1582.394012301436,1582.394012301436,1582.394012301436,1582.394012301436,0.1103447184623291,1583.795608511677,[30.0],[-331.0],[1],[0],[0],[1.400054111721147],1583.796696733169,1583.7999511340936,,,,,,,,,,,,,,ED14,1,2024-01-23_13h42.14.522,rating,2023.2.3,60.000615819234966,2024-01-23 13h42.30.089819 +0800,
neu_166.jpg,0.0,167.0,167.0,266.0,858.3391425031318,,,,,,,,,,,,,,,,,,,,,,,858.3108615737788,,858.310893219727,858.3109006322916,858.3391425031318,859.3225035765622,859.3391413627373,860.3224836196578,860.3224836196578,860.6224852162104,860.5560250179756,860.5560335709347,860.6224852162104,860.6224852162104,860.6224852162104,860.6224852162104,860.6224852162104,860.6224852162104,0.0616815174544171,862.5565544461415,[281.0],[-368.0],[1],[0],[0],[1.9332703835543725],862.5572908559175,862.5606550198172,,,,,,,,,,,,,,ED14,1,2024-01-23_13h42.14.522,rating,2023.2.3,60.000615819234966,2024-01-23 13h42.30.089819 +0800,
neu_167.jpg,0.0,83.0,83.0,267.0,480.1365861947256,,,,,,,,,,,,,,,,,,,,,,,480.10777526700895,,480.1078037768725,480.1078106192399,480.1365861947256,481.1199275963504,481.13659275199416,482.1199563913128,482.1199563913128,482.4032663180478,482.3534667138788,482.3534758370352,482.4032663180478,482.4032663180478,482.4032663180478,482.4032663180478,482.4032663180478,482.4032663180478,0.0455127185355195,486.8371202985095,[0.0],[-372.0],[1],[0],[0],[4.433390410079937],486.8376619859173,486.8408833154008,,,,,,,,,,,,,,ED14,1,2024-01-23_13h42.14.522,rating,2023.2.3,60.000615819234966,2024-01-23 13h42.30.089819 +0800,
neu_168.jpg,0.0,288.0,288.0,268.0,1341.9257226822765,,,,,,,,,,,,,,,,,,,,,,,1341.898224348678,,1341.898256564824,1341.898263977388,1341.9257226822765,1342.9090640839008,1342.9257546133235,1343.9090652242958,1343.9090652242958,1344.2424062552925,1344.1426225881369,1344.1426319963916,1344.2424062552925,1344.2424062552925,1344.2424062552925,1344.2424062552925,1344.2424062552925,1344.2424062552925,0.0942038592093013,1345.6437207880808,[347.0],[-368.0],[1],[0],[0],[1.400055252115635],1345.6447217693903,1345.6479174399965,,,,,,,,,,,,,,ED14,1,2024-01-23_13h42.14.522,rating,2023.2.3,60.000615819234966,2024-01-23 13h42.30.089819 +0800,
neu_169.jpg,0.0,99.0,99.0,269.0,558.9204512085043,,,,,,,,,,,,,,,,,,,,,,,558.8919419151443,,558.8919732759941,558.8919806885588,558.9204512085043,559.9037877634523,559.9204745865927,560.903798312102,560.903798312102,561.1871350381089,561.137399010936,561.1374095595852,561.1871350381089,561.1871350381089,561.1871350381089,561.1871350381089,561.1871350381089,561.1871350381089,0.04521136927724,563.537887898076,[378.0],[-370.0],[1],[0],[0],[2.3502328400559236],563.538521672343,563.5417903281996,,,,,,,,,,,,,,ED14,1,2024-01-23_13h42.14.522,rating,2023.2.3,60.000615819234966,2024-01-23 13h42.30.089819 +0800,
neu_17.jpg,0.0,60.0,60.0,270.0,359.1691304890751,,,,,,,,,,,,,,,,,,,,,,,359.1532476440875,359.1691304890751,360.15264409027577,360.152653498531,360.18578338547786,361.1524596314584,361.1857990659028,362.1524667589247,362.1524667589247,362.4191380441889,362.3860127188205,362.386021556878,362.4191380441889,362.4191380441889,362.4191380441889,362.4191380441889,362.4191380441889,362.4191380441889,0.0160939605275416,365.45288117830114,[96.0],[-352.0],[1],[0],[0],[3.0333539744747213],365.4534026237056,365.4566718497599,,,,,,360.18578338547786,,,,,,,,ED14,1,2024-01-23_13h42.14.522,rating,2023.2.3,60.000615819234966,2024-01-23 13h42.30.089819 +0800,
neu_170.jpg,0.0,362.0,362.0,271.0,1645.7444911816142,,,,,,,,,,,,,,,,,,,,,,,1645.7174946216142,,1645.717523701675,1645.717530544042,1645.7444911816142,1646.7277784144976,1646.744468658822,1647.7277846866675,1647.7277846866675,1648.0777184582553,1647.9613625776103,1647.9613708454713,1648.0777184582553,1648.0777184582553,1648.0777184582553,1648.0777184582553,1648.0777184582553,1648.0777184582553,0.1102540570964265,1649.5960876484437,[267.0],[-365.0],[1],[0],[0],[1.5167649401664676],1649.597186988782,1649.600398624912,,,,,,,,,,,,,,ED14,1,2024-01-23_13h42.14.522,rating,2023.2.3,60.000615819234966,2024-01-23 13h42.30.089819 +0800,
neu_171.jpg,0.0,105.0,105.0,272.0,586.0206414263143,,,,,,,,,,,,,,,,,,,,,,,585.9918769696751,,585.991909185821,585.9919165983856,586.0206414263143,587.0039722792894,587.0206365796375,588.0039805471497,588.0039805471497,588.2873164178609,588.2375108266206,588.2375199497769,588.2873164178609,588.2873164178609,588.2873164178609,588.2873164178609,588.2873164178609,588.2873164178609,0.0454531329205565,591.6879136424827,[-48.0],[-343.0],[1],[0],[0],[3.4000820513870167],591.6885505528348,591.6917872776444,,,,,,,,,,,,,,ED14,1,2024-01-23_13h42.14.522,rating,2023.2.3,60.000615819234966,2024-01-23 13h42.30.089819 +0800,
neu_172.jpg,0.0,175.0,175.0,273.0,894.2727082488727,,,,,,,,,,,,,,,,,,,,,,,894.2445054365458,,894.2445376526916,894.2445447801574,894.2727082488727,895.2560496504975,895.2727159465358,896.256061909739,896.256061909739,896.5560615106006,896.4896255457502,896.4896338136105,896.5560615106006,896.5560615106006,896.5560615106006,896.5560615106006,896.5560615106006,896.5560615106006,0.0615857243133177,897.4903417135224,[25.0],[-369.0],[1],[0],[0],[0.9334719482899345],897.4911471171681,897.4943915396411,,,,,,,,,,,,,,ED14,1,2024-01-23_13h42.14.522,rating,2023.2.3,60.000615819234966,2024-01-23 13h42.30.089819 +0800,
neu_173.jpg,0.0,381.0,381.0,274.0,1715.561578169199,,,,,,,,,,,,,,,,,,,,,,,1715.5347221628267,,1715.5347549491694,1715.534762646833,1715.561578169199,1716.544918430429,1716.5616283465592,1717.5449207112183,1717.5449207112183,1717.9115940491934,1717.7784541267742,1717.7784629648318,1717.9115940491934,1717.9115940491934,1717.9115940491934,1717.9115940491934,1717.9115940491934,1717.9115940491934,0.1268952644541059,1719.0799479295852,[47.0],[-363.0],[1],[0],[0],[1.1666472799597614],1719.0811171190894,1719.0843498525187,,,,,,,,,,,,,,ED14,1,2024-01-23_13h42.14.522,rating,2023.2.3,60.000615819234966,2024-01-23 13h42.30.089819 +0800,
neu_174.jpg,0.0,13.0,13.0,275.0,102.78404833220156,,,,,,,,,,,,,,,,,,,,,,,102.7551641341356,,102.75519635028104,102.75520376284568,102.78404833220156,103.76740855033631,103.78404747690549,104.7673846020507,104.7673846020507,105.01738160851482,105.00094595727296,105.00095479533049,105.01738160851482,105.01738160851482,105.01738160851482,105.01738160851482,105.01738160851482,105.01738160851482,0.0122331548045622,107.00119057190204,[10.0],[-350.0],[1],[0],[0],[1.9835013419592542],107.00163361518162,107.00497040961272,,,,,,,,,,,,,,ED14,1,2024-01-23_13h42.14.522,rating,2023.2.3,60.000615819234966,2024-01-23 13h42.30.089819 +0800,
neu_175.jpg,0.0,79.0,79.0,276.0,460.0864530251529,,,,,,,,,,,,,,,,,,,,,,,460.0576067452057,,460.0576381060555,460.0576458037185,460.0864530251529,461.069787014213,461.08645502084346,462.0698232217401,462.0698232217401,462.336478541481,462.3033267019391,462.30333611019387,462.336478541481,462.336478541481,462.336478541481,462.336478541481,462.336478541481,462.336478541481,0.0288874767002198,463.9037823465783,[16.0],[-343.0],[1],[0],[0],[1.5668422304061096],463.9043485524685,463.9076192040161,,,,,,,,,,,,,,ED14,1,2024-01-23_13h42.14.522,rating,2023.2.3,60.000615819234966,2024-01-23 13h42.30.089819 +0800,
neu_176.jpg,0.0,250.0,250.0,277.0,1187.2246833837105,,,,,,,,,,,,,,,,,,,,,,,1187.196967804951,,1187.1969997359988,1187.1970068634646,1187.2246833837105,1188.2080515846064,1188.2246868048935,1189.2080290618146,1189.2080290618146,1189.5247725055438,1189.441606097461,1189.441615790815,1189.5247725055438,1189.5247725055438,1189.5247725055438,1189.5247725055438,1189.5247725055438,1189.5247725055438,0.0778252276941202,1190.192457259438,[15.0],[-358.0],[1],[0],[0],[0.66660223437475],1190.1933806939187,1190.1966171336298,,,,,,,,,,,,,,ED14,1,2024-01-23_13h42.14.522,rating,2023.2.3,60.000615819234966,2024-01-23 13h42.30.089819 +0800,
neu_177.jpg,0.0,209.0,209.0,278.0,1029.3736211917235,,,,,,,,,,,,,,,,,,,,,,,1029.345625361006,,1029.345657577152,1029.3456649897166,1029.3736211917235,1030.3569814098582,1030.3736283191895,1031.3569970902831,1031.3569970902831,1031.6736387537994,1031.5905025661727,1031.590510834033,1031.6736387537994,1031.6736387537994,1031.6736387537994,1031.6736387537994,1031.6736387537994,1031.6736387537994,0.0780421877557273,1032.341231135736,[31.0],[-347.0],[1],[0],[0],[0.6667094314620954],1032.3420753127955,1033.990810130581,space,1032.357008779327,1032.357008779327,1.6287724964208792,,,,,,,,,,ED14,1,2024-01-23_13h42.14.522,rating,2023.2.3,60.000615819234966,2024-01-23 13h42.30.089819 +0800,
neu_178.jpg,0.0,155.0,155.0,279.0,811.5388176047268,,,,,,,,,,,,,,,,,,,,,,,811.5105497899108,,811.5105794401688,811.5105862825362,811.5388176047268,812.5221675593102,812.5388384169269,813.5221675593102,813.5221675593102,813.8221708664546,813.7557414588723,813.7557500118314,813.8221708664546,813.8221708664546,813.8221708664546,813.8221708664546,813.8221708664546,813.8221708664546,0.0616447397305819,814.7562483642464,[201.0],[-372.0],[1],[0],[0],[0.9333567684411719],814.756982493233,814.7603372488779,,,,,,,,,,,,,,ED14,1,2024-01-23_13h42.14.522,rating,2023.2.3,60.000615819234966,2024-01-23 13h42.30.089819 +0800,
neu_179.jpg,0.0,177.0,177.0,280.0,900.7060898208952,,,,,,,,,,,,,,,,,,,,,,,900.6778322696305,,900.6778636304803,900.6778713281433,900.7060898208952,901.6894275162376,901.7061345813808,902.6894337884078,902.6894337884078,902.9894339594672,902.922966633766,902.922975471824,902.9894339594672,902.9894339594672,902.9894339594672,902.9894339594672,902.9894339594672,902.9894339594672,0.0616236424316412,904.7902435255525,[31.0],[-359.0],[1],[0],[0],[1.8000403699666094],904.7910241256168,904.7942788116402,,,,,,,,,,,,,,ED14,1,2024-01-23_13h42.14.522,rating,2023.2.3,60.000615819234966,2024-01-23 13h42.30.089819 +0800,
neu_18.jpg,0.0,115.0,115.0,281.0,633.0376207606546,,,,,,,,,,,,,,,,,,,,,,,633.0090005639249,,633.0090324949724,633.0090399075366,633.0376207606546,634.0209655834628,634.0376213308518,635.0209621622794,635.0209621622794,635.3043020243713,635.2545032754983,635.2545118284575,635.3043020243713,635.3043020243713,635.3043020243713,635.3043020243713,635.3043020243713,635.3043020243713,0.0453162855751543,639.7549343446353,[358.0],[-359.0],[1],[0],[0],[4.450083220291617],639.755595488371,639.7588458979153,,,,,,,,,,,,,,ED14,1,2024-01-23_13h42.14.522,rating,2023.2.3,60.000615819234966,2024-01-23 13h42.30.089819 +0800,
neu_180.jpg,0.0,31.0,31.0,282.0,206.7847790400042,,,,,,,,,,,,,,,,,,,,,,,206.75588258269727,,206.75591508394157,206.75592278160457,206.7847790400042,207.768132415772,207.78478502707597,208.7680887956808,208.7680887956808,209.034778897455,209.0016512912971,209.0016598442562,209.034778897455,209.034778897455,209.034778897455,209.034778897455,209.034778897455,209.034778897455,0.028909429295254,210.93510812935935,[13.0],[-350.0],[1],[0],[0],[1.9000147681094859],210.9355263690577,210.9388129861286,,,,,,,,,,,,,,ED14,1,2024-01-23_13h42.14.522,rating,2023.2.3,60.000615819234966,2024-01-23 13h42.30.089819 +0800,
neu_181.jpg,0.0,249.0,249.0,283.0,1184.224666277792,,,,,,,,,,,,,,,,,,,,,,,1184.1970225438895,,1184.197054189838,1184.1970618875011,1184.224666277792,1185.2080250704337,1185.224666277792,1186.2080036880357,1186.2080036880357,1186.524681559079,1186.441559626384,1186.4415684644414,1186.524681559079,1186.524681559079,1186.524681559079,1186.524681559079,1186.524681559079,1186.524681559079,0.0776823932774277,1187.1924817779204,[15.0],[-358.0],[1],[0],[0],[0.6667145632372922],1187.1934348626592,1187.196727181703,,,,,,,,,,,,,,ED14,1,2024-01-23_13h42.14.522,rating,2023.2.3,60.000615819234966,2024-01-23 13h42.30.089819 +0800,
neu_182.jpg,0.0,203.0,203.0,284.0,1005.156791990325,,,,,,,,,,,,,,,,,,,,,,,1005.128749973628,,1005.1287816195768,1005.1287893172398,1005.156791990325,1006.1401313962592,1006.1567982624948,1007.1401641826023,1007.1401641826023,1007.4568067014144,1007.3737132785828,1007.3737215464434,1007.4568067014144,1007.4568067014144,1007.4568067014144,1007.4568067014144,1007.4568067014144,1007.4568067014144,0.0780783952823185,1008.1243891048985,[30.0],[-345.0],[1],[0],[0],[0.6667262522814781],1008.1252241588022,1008.1285079248868,,,,,,,,,,,,,,ED14,1,2024-01-23_13h42.14.522,rating,2023.2.3,60.000615819234966,2024-01-23 13h42.30.089819 +0800,
neu_183.jpg,0.0,336.0,336.0,285.0,1534.1103517033785,,,,,,,,,,,,,,,,,,,,,,,1534.0832163003438,,1534.0832490866865,1534.0832562141527,1534.1103517033785,1535.0936908242145,1535.1103571202525,1536.09369595599,1536.09369595599,1536.4437021426306,1536.327232792729,1536.3272416307868,1536.4437021426306,1536.4437021426306,1536.4437021426306,1536.4437021426306,1536.4437021426306,1536.4437021426306,0.1105100756713,1541.461920515641,[16.0],[-360.0],[1],[0],[0],[5.0167047843542605],1541.462985644143,1541.4662791035812,,,,,,,,,,,,,,ED14,1,2024-01-23_13h42.14.522,rating,2023.2.3,60.000615819234966,2024-01-23 13h42.30.089819 +0800,
neu_184.jpg,0.0,56.0,56.0,286.0,338.6689665573599,,,,,,,,,,,,,,,,,,,,,,,338.6400219183829,,338.6400509984437,338.6400578408111,338.6689665573599,339.6523207884229,339.6689705487406,340.65232335431074,340.65232335431074,340.9189883674053,340.88584365532915,340.8858527784855,340.9189883674053,340.9189883674053,340.9189883674053,340.9189883674053,340.9189883674053,340.9189883674053,0.0289844102367169,342.9194533632799,[63.0],[-345.0],[1],[0],[0],[2.0000715597575436],342.91997509378325,342.9231884405049,,,,,,,,,,,,,,ED14,1,2024-01-23_13h42.14.522,rating,2023.2.3,60.000615819234966,2024-01-23 13h42.30.089819 +0800,
neu_185.jpg,0.0,135.0,135.0,287.0,720.1715492658996,,,,,,,,,,,,,,,,,,,,,,,720.142956438639,,720.1429877994888,720.142994926955,720.1715492658996,721.1548761274939,721.1715438490255,722.154883825157,722.154883825157,722.4382419335616,722.3884340615323,722.388443469787,722.4382419335616,722.4382419335616,722.4382419335616,722.4382419335616,722.4382419335616,722.4382419335616,0.0453054518275166,724.3389386576073,[323.0],[-358.0],[1],[0],[0],[1.9000677964554598],724.3395661597042,724.3428408026325,,,,,,,,,,,,,,ED14,1,2024-01-23_13h42.14.522,rating,2023.2.3,60.000615819234966,2024-01-23 13h42.30.089819 +0800,
neu_186.jpg,0.0,241.0,241.0,288.0,1155.1411748572657,,,,,,,,,,,,,,,,,,,,,,,1155.113236616472,,1155.113269687914,1155.113277385577,1155.1411748572657,1156.124472068601,1156.141162598024,1157.1244746344892,1157.1244746344892,1157.441177594212,1157.3580687760546,1157.358077899211,1157.441177594212,1157.441177594212,1157.441177594212,1157.441177594212,1157.441177594212,1157.441177594212,0.0779606495457301,1158.7755421293105,[188.0],[-360.0],[1],[0],[0],[1.3333550008296697],1158.776395714625,1158.7796709277509,,,,,,,,,,,,,,ED14,1,2024-01-23_13h42.14.522,rating,2023.2.3,60.000615819234966,2024-01-23 13h42.30.089819 +0800,
neu_187.jpg,0.0,9.0,9.0,289.0,78.25054411074598,,,,,,,,,,,,,,,,,,,,,,,78.221546443423,,78.22157865956888,78.2215860721335,78.25054411074598,79.23388237628569,79.25054525114047,80.23393340894154,80.23393340894154,80.48388936120227,80.4674240597019,80.46743318285826,80.48388936120227,80.48388936120227,80.48388936120227,80.48388936120227,80.48388936120227,80.48388936120227,0.0123603087963601,84.08420901379259,[-9.0],[-351.0],[1],[0],[0],[3.600041111223163],84.0846740096672,84.08791215997007,,,,,,,,,,,,,,ED14,1,2024-01-23_13h42.14.522,rating,2023.2.3,60.000615819234966,2024-01-23 13h42.30.089819 +0800,
neu_188.jpg,0.0,174.0,174.0,290.0,890.4893512808626,,,,,,,,,,,,,,,,,,,,,,,890.4610005023437,,890.4610327184896,890.4610401310542,890.4893512808626,891.4726923973885,891.4893569828355,892.472724328436,892.472724328436,892.7727002661109,892.7062474804407,892.7062563184986,892.7727002661109,892.7727002661109,892.7727002661109,892.7727002661109,892.7727002661109,892.7727002661109,0.0617205759676835,894.2402098554035,[164.0],[-367.0],[1],[0],[0],[1.4667007644634396],894.2410183951342,894.2442622474096,,,,,,,,,,,,,,ED14,1,2024-01-23_13h42.14.522,rating,2023.2.3,60.000615819234966,2024-01-23 13h42.30.089819 +0800,
neu_189.jpg,0.0,63.0,63.0,291.0,375.4525487532919,,,,,,,,,,,,,,,,,,,,,,,375.42376975662273,,375.4237985515847,375.4238051088532,375.4525487532919,376.4358818870565,376.4525527446731,377.4359155286952,377.4359155286952,377.7025614401814,377.6694244257688,377.6694332638263,377.7025614401814,377.7025614401814,377.7025614401814,377.7025614401814,377.7025614401814,377.7025614401814,0.0288096447725365,380.96967776441625,[11.0],[-375.0],[1],[0],[0],[3.266708918284621],380.9701687042666,380.9733928847363,,,,,,,,,,,,,,ED14,1,2024-01-23_13h42.14.522,rating,2023.2.3,60.000615819234966,2024-01-23 13h42.30.089819 +0800,
neu_19.jpg,0.0,168.0,168.0,292.0,862.5891711555446,,,,,,,,,,,,,,,,,,,,,,,862.5608888006982,,862.5609210168441,862.5609284294087,862.5891711555446,863.5724991575335,863.5891680194595,864.5725125571694,864.5725125571694,864.8725158643133,864.8060351389768,864.8060434068375,864.8725158643133,864.8725158643133,864.8725158643133,864.8725158643133,864.8725158643133,864.8725158643133,0.0616461652234647,865.8066415437747,[316.0],[-363.0],[1],[0],[0],[0.9333670319920202],865.8073873618055,865.8104809670999,,,,,,,,,,,,,,ED14,1,2024-01-23_13h42.14.522,rating,2023.2.3,60.000615819234966,2024-01-23 13h42.30.089819 +0800,
neu_190.jpg,0.0,176.0,176.0,293.0,897.5227343353981,,,,,,,,,,,,,,,,,,,,,,,897.4946295970017,,897.4946618131476,897.4946692257117,897.5227343353981,898.506072315839,898.5227617048668,899.506077732713,899.506077732713,899.8061064136359,899.7396108631701,899.7396191310308,899.8061064136359,899.8061064136359,899.8061064136359,899.8061064136359,899.8061064136359,899.8061064136359,0.0615341214597719,900.6735651983518,[31.0],[-359.0],[1],[0],[0],[0.866653095971742],900.6743503599942,900.6775936420722,,,,,,,,,,,,,,ED14,1,2024-01-23_13h42.14.522,rating,2023.2.3,60.000615819234966,2024-01-23 13h42.30.089819 +0800,
neu_191.jpg,0.0,57.0,57.0,294.0,342.95234405247174,,,,,,,,,,,,,,,,,,,,,,,342.92342535747093,,342.9234561481235,342.9234638457865,342.95234405247174,343.9356683481783,343.9523317932303,344.9356706289673,344.9356706289673,345.20236215623527,345.1692450987266,345.16925536227745,345.20236215623527,345.20236215623527,345.20236215623527,345.20236215623527,345.20236215623527,345.20236215623527,0.0289533344853225,347.0360826535157,[10.0],[-344.0],[1],[0],[0],[1.833345592574915],347.0366140773722,347.0399417486469,,,,,,,,,,,,,,ED14,1,2024-01-23_13h42.14.522,rating,2023.2.3,60.000615819234966,2024-01-23 13h42.30.089819 +0800,
neu_192.jpg,0.0,301.0,301.0,295.0,1397.2261114427756,,,,,,,,,,,,,,,,,,,,,,,1397.1986550186766,,1397.1986880901186,1397.1986955026832,1397.2261114427756,1398.209455695387,1398.2261008941264,1399.209440585159,1399.209440585159,1399.5427990071726,1399.4430455604725,1399.4430546836288,1399.5427990071726,1399.5427990071726,1399.5427990071726,1399.5427990071726,1399.5427990071726,1399.5427990071726,0.094165370893279,1400.644120496368,[-106.0],[-358.0],[1],[0],[0],[1.0999832361999324],1400.6452511975567,1400.648533538148,,,,,,,,,,,,,,ED14,1,2024-01-23_13h42.14.522,rating,2023.2.3,60.000615819234966,2024-01-23 13h42.30.089819 +0800,
neu_2.jpg,0.0,96.0,96.0,296.0,544.970360860747,,,,,,,,,,,,,,,,,,,,,,,544.9417486467792,,544.9417805778266,544.9417877052924,544.970360860747,545.9536948498071,545.9703705541006,546.9537014070756,546.9537014070756,547.2370392734774,547.1872348226316,547.1872439457879,547.2370392734774,547.2370392734774,547.2370392734774,547.2370392734774,547.2370392734774,547.2370392734774,0.0453088730105264,549.7376915791556,[-352.0],[-334.0],[1],[0],[0],[2.500146825797401],549.7382517979745,549.7414528854547,,,,,,,,,,,,,,ED14,1,2024-01-23_13h42.14.522,rating,2023.2.3,60.000615819234966,2024-01-23 13h42.30.089819 +0800,
neu_20.jpg,0.0,315.0,315.0,297.0,1450.4431273837813,,,,,,,,,,,,,,,,,,,,,,,1450.4157579147654,,1450.4157904160097,1450.4157978285743,1450.4431273837813,1451.4264796191542,1451.4431268135836,1452.4264998611566,1452.4264998611566,1452.7764940736547,1452.659999920172,1452.6600096135255,1452.7764940736547,1452.7764940736547,1452.7764940736547,1452.7764940736547,1452.7764940736547,1452.7764940736547,0.1107606773712177,1454.077926580259,[338.0],[319.0],[1],[0],[0],[1.3000617523648543],1454.0789098854534,1454.082154307926,,,,,,,,,,,,,,ED14,1,2024-01-23_13h42.14.522,rating,2023.2.3,60.000615819234966,2024-01-23 13h42.30.089819 +0800,
neu_21.jpg,0.0,256.0,256.0,298.0,1211.6248552411676,,,,,,,,,,,,,,,,,,,,,,,1211.5970977529096,,1211.5971316796472,1211.5971390922118,1211.6248552411676,1212.6081869494387,1212.624857236858,1213.6081912259183,1213.6081912259183,1213.941555064806,1213.841791354555,1213.841799907514,1213.941555064806,1213.941555064806,1213.941555064806,1213.941555064806,1213.941555064806,1213.941555064806,0.0944789793925338,1215.026017816384,[16.0],[-356.0],[1],[0],[0],[1.083356853971054],1215.02695265481,1215.0301876690278,,,,,,,,,,,,,,ED14,1,2024-01-23_13h42.14.522,rating,2023.2.3,60.000615819234966,2024-01-23 13h42.30.089819 +0800,
neu_22.jpg,0.0,72.0,72.0,299.0,425.23621704901234,,,,,,,,,,,,,,,,,,,,,,,425.207523296835,,425.2075557980793,425.2075634957428,425.23621704901234,426.2195533188615,426.2362213254919,427.21958040323216,427.21958040323216,427.4862308762963,427.453153732597,427.4531634259506,427.4862308762963,427.4862308762963,427.4862308762963,427.4862308762963,427.4862308762963,427.4862308762963,0.0287221194917037,430.18671195173374,[17.0],[-353.0],[1],[0],[0],[2.7000488659064104],430.187283574498,430.190679099248,,,,,,,,,,,,,,ED14,1,2024-01-23_13h42.14.522,rating,2023.2.3,60.000615819234966,2024-01-23 13h42.30.089819 +0800,
neu_23.jpg,0.0,277.0,277.0,300.0,1294.6754391516831,,,,,,,,,,,,,,,,,,,,,,,1294.6477934220902,,1294.6478273488278,1294.647835616688,1294.6754391516831,1295.6587457712744,1295.67541890968,1296.658772000349,1296.658772000349,1296.9921096101616,1296.8922885950851,1296.8922968629454,1296.9921096101616,1296.9921096101616,1296.9921096101616,1296.9921096101616,1296.9921096101616,1296.9921096101616,0.0943384257652724,1298.293438055764,[296.0],[-363.0],[1],[0],[0],[1.3000557652931093],1298.2943714686971,1298.297640694751,,,,,,,,,,,,,,ED14,1,2024-01-23_13h42.14.522,rating,2023.2.3,60.000615819234966,2024-01-23 13h42.30.089819 +0800,
neu_24.jpg,0.0,206.0,206.0,301.0,1016.0235326115776,,,,,,,,,,,,,,,,,,,,,,,1015.9952354316024,,1015.9952673626494,1015.9952750603125,1016.0235326115776,1017.006869451624,1017.0235320413803,1018.0069028081645,1018.0069028081645,1018.3235584415138,1018.2404256750706,1018.2404339429312,1018.3235584415138,1018.3235584415138,1018.3235584415138,1018.3235584415138,1018.3235584415138,1018.3235584415138,0.0783478134931101,1019.257732872842,[17.0],[-365.0],[1],[0],[0],[0.9332723792449542],1019.2585756244088,1019.2619109933462,,,,,,,,,,,,,,ED14,1,2024-01-23_13h42.14.522,rating,2023.2.3,60.000615819234966,2024-01-23 13h42.30.089819 +0800,
neu_25.jpg,0.0,341.0,341.0,302.0,1555.7438574073472,,,,,,,,,,,,,,,,,,,,,,,1555.716773892263,,1555.716806963705,1555.716814661368,1555.7438574073472,1556.7271691587134,1556.7438482841912,1557.7271794222647,1557.7271794222647,1558.077181332426,1557.9607464794594,1557.9607544622208,1558.077181332426,1558.077181332426,1558.077181332426,1558.077181332426,1558.077181332426,1558.077181332426,0.1104328139399513,1561.5787590682744,[122.0],[-364.0],[1],[0],[0],[3.5000521730498804],1561.5799245514968,1561.5831592806169,,,,,,,,,,,,,,ED14,1,2024-01-23_13h42.14.522,rating,2023.2.3,60.000615819234966,2024-01-23 13h42.30.089819 +0800,
neu_26.jpg,0.0,369.0,369.0,303.0,1673.527962759276,,,,,,,,,,,,,,,,,,,,,,,1673.5011004807334,,1673.5011326968793,1673.501140109444,1673.527962759276,1674.5113486362875,1674.5279601933885,1675.5113061565912,1675.5113061565912,1675.8779783541709,1675.744848695303,1675.7448566780645,1675.8779783541709,1675.8779783541709,1675.8779783541709,1675.8779783541709,1675.8779783541709,1675.8779783541709,0.1269063833015025,1677.7463101109092,[350.0],[-370.0],[1],[0],[0],[1.8666878780049956],1677.7474268422643,1677.7507265738727,,,,,,,,,,,,,,ED14,1,2024-01-23_13h42.14.522,rating,2023.2.3,60.000615819234966,2024-01-23 13h42.30.089819 +0800,
neu_27.jpg,0.0,216.0,216.0,304.0,1056.1738012600215,,,,,,,,,,,,,,,,,,,,,,,1056.145744703295,,1056.145774353553,1056.1457811959203,1056.1738012600215,1057.1571395255614,1057.173804966304,1058.1571677503266,1058.1571677503266,1058.4738196773935,1058.3907322416335,1058.390742220086,1058.4738196773935,1058.4738196773935,1058.4738196773935,1058.4738196773935,1058.4738196773935,1058.4738196773935,0.0781037690608172,1059.308216428638,[18.0],[-334.0],[1],[0],[0],[0.833482725018257],1059.3090788520103,1059.312243446865,,,,,,,,,,,,,,ED14,1,2024-01-23_13h42.14.522,rating,2023.2.3,60.000615819234966,2024-01-23 13h42.30.089819 +0800,
neu_28.jpg,0.0,102.0,102.0,305.0,573.7205508789875,,,,,,,,,,,,,,,,,,,,,,,573.6918691009528,,573.6919018872959,573.6919095849589,573.7205508789875,574.7038899998233,574.7205551554671,575.7038942763029,575.7038942763029,575.9872312874086,575.93742740676,575.9374365299163,575.9872312874086,575.9872312874086,575.9872312874086,575.9872312874086,575.9872312874086,575.9872312874086,0.0453761562889667,578.3877877429254,[4.0],[-355.0],[1],[0],[0],[2.4000427077753557],578.3884186662058,578.3916827604844,,,,,,,,,,,,,,ED14,1,2024-01-23_13h42.14.522,rating,2023.2.3,60.000615819234966,2024-01-23 13h42.30.089819 +0800,
neu_29.jpg,0.0,239.0,239.0,306.0,1140.8410424004392,,,,,,,,,,,,,,,,,,,,,,,1140.813235590117,,1140.8132683764602,1140.8132760741232,1140.8410424004392,1141.8243766745982,1141.8410404047486,1142.8244091758424,1142.8244091758424,1143.1410554009371,1143.057914651732,1143.0579237748884,1143.1410554009371,1143.1410554009371,1143.1410554009371,1143.1410554009371,1143.1410554009371,1143.1410554009371,0.0778429038095964,1145.6421444777247,[29.0],[-338.0],[1],[0],[0],[2.500044190288463],1145.6430465298076,1147.9581820172325,space,1145.6577681680528,1145.6577681680528,2.292729300555948,,,,,,,,,,ED14,1,2024-01-23_13h42.14.522,rating,2023.2.3,60.000615819234966,2024-01-23 13h42.30.089819 +0800,
neu_3.jpg,0.0,353.0,353.0,307.0,1606.544180880259,,,,,,,,,,,,,,,,,,,,,,,1606.5172413399864,,1606.5172701349488,1606.5172772624142,1606.544180880259,1607.527577591019,1607.5441803100616,1608.5275393878023,1608.5275393878023,1608.8775273281294,1608.761067956681,1608.7610773649362,1608.8775273281294,1608.8775273281294,1608.8775273281294,1608.8775273281294,1608.8775273281294,1608.8775273281294,0.1103432929685368,1614.5959921404003,[16.0],[173.0],[1],[0],[0],[5.716761347923239],1614.5971336753378,1614.600307963546,,,,,,,,,,,,,,ED14,1,2024-01-23_13h42.14.522,rating,2023.2.3,60.000615819234966,2024-01-23 13h42.30.089819 +0800,
neu_30.jpg,0.0,20.0,20.0,308.0,142.0343090549036,,,,,,,,,,,,,,,,,,,,,,,142.0052304195683,,142.00526235061534,142.00527004827836,142.0343090549036,143.01764560985157,143.0343124760875,144.01765045652837,144.01765045652837,144.2676511692748,144.25118558267604,144.2511947058324,144.2676511692748,144.2676511692748,144.2676511692748,144.2676511692748,144.2676511692748,144.2676511692748,0.0124355748357629,147.43479993773417,[-15.0],[-351.0],[1],[0],[0],[3.1668354450584957],147.43524070022477,147.43864420773662,,,,,,,,,,,,,,ED14,1,2024-01-23_13h42.14.522,rating,2023.2.3,60.000615819234966,2024-01-23 13h42.30.089819 +0800,
neu_31.jpg,0.0,278.0,278.0,309.0,1298.3254303991553,,,,,,,,,,,,,,,,,,,,,,,1298.2978816030982,,1298.2979141043425,1298.297921516907,1298.3254303991553,1299.3087735113718,1299.3254395223116,1300.3087857706132,1300.3087857706132,1300.6421470436126,1300.5423476960325,1300.542355963893,1300.6421470436126,1300.6421470436126,1300.6421470436126,1300.6421470436126,1300.6421470436126,1300.6421470436126,0.0942873931094254,1301.44347235313,[7.0],[-363.0],[1],[0],[0],[0.8001498478424764],1301.444426008066,1301.44769523412,,,,,,,,,,,,,,ED14,1,2024-01-23_13h42.14.522,rating,2023.2.3,60.000615819234966,2024-01-23 13h42.30.089819 +0800,
neu_32.jpg,0.0,195.0,195.0,310.0,975.039929774504,,,,,,,,,,,,,,,,,,,,,,,975.0119199739534,,975.0119521900992,975.011959602664,975.039929774504,976.0232603423806,976.0399243576298,977.0232666145508,977.0232666145508,977.3231980768388,977.256859045524,977.2568684537788,977.3231980768388,977.3231980768388,977.3231980768388,977.3231980768388,977.3231980768388,977.3231980768388,0.061315735905282,978.5241891937352,[19.0],[-349.0],[1],[0],[0],[1.2000728141915715],978.5250037205368,978.5281956848612,,,,,,,,,,,,,,ED14,1,2024-01-23_13h42.14.522,rating,2023.2.3,60.000615819234966,2024-01-23 13h42.30.089819 +0800,
neu_33.jpg,0.0,117.0,117.0,311.0,644.0376948863,,,,,,,,,,,,,,,,,,,,,,,644.0091439685389,,644.0091761846847,644.0091835972489,644.0376948863,645.021030300853,645.0376897545243,646.0210579554209,646.0210579554209,646.3043750096222,646.2545739799598,646.2545831031161,646.3043750096222,646.3043750096222,646.3043750096222,646.3043750096222,646.3043750096222,646.3043750096222,0.0452498575932622,646.8051176915678,[-341.0],[-337.0],[1],[0],[0],[0.5001468257974011],646.8057731333311,646.8090072922528,,,,,,,,,,,,,,ED14,1,2024-01-23_13h42.14.522,rating,2023.2.3,60.000615819234966,2024-01-23 13h42.30.089819 +0800,
neu_34.jpg,0.0,248.0,248.0,312.0,1181.141310564216,,,,,,,,,,,,,,,,,,,,,,,1181.113716437476,,1181.1137486536218,1181.1137563512848,1181.141310564216,1182.1246479744595,1182.1413336572057,1183.1246502552483,1183.1246502552483,1183.4413754526654,1183.3581899429746,1183.358199066131,1183.4413754526654,1183.4413754526654,1183.4413754526654,1183.4413754526654,1183.4413754526654,1183.4413754526654,0.0776801124884514,1184.19257386478,[-8.0],[-360.0],[1],[0],[0],[0.750055736782997],1184.1935272346172,1184.1967767888657,,,,,,,,,,,,,,ED14,1,2024-01-23_13h42.14.522,rating,2023.2.3,60.000615819234966,2024-01-23 13h42.30.089819 +0800,
neu_35.jpg,0.0,299.0,299.0,313.0,1385.992733976174,,,,,,,,,,,,,,,,,,,,,,,1385.9651706400864,,1385.965202286035,1385.9652096985992,1385.992733976174,1386.976051429513,1386.9927296996943,1387.9760337533976,1387.9760337533976,1388.3093944562002,1388.2095953937182,1388.2096045168746,1388.3093944562002,1388.3093944562002,1388.3093944562002,1388.3093944562002,1388.3093944562002,1388.3093944562002,0.0942785550519147,1389.0107274063607,[41.0],[-360.0],[1],[0],[0],[0.7000061011108301],1389.0118002325262,1391.259790429695,space,1389.0261483915588,1389.0261483915588,2.221451505577079,,,,,,,,,,ED14,1,2024-01-23_13h42.14.522,rating,2023.2.3,60.000615819234966,2024-01-23 13h42.30.089819 +0800,
neu_36.jpg,0.0,280.0,280.0,314.0,1305.2254828002842,,,,,,,,,,,,,,,,,,,,,,,1305.1978390663817,,1305.1978718527248,1305.1978795503878,1305.2254828002842,1306.2088390270385,1306.2254796641992,1307.2088207807255,1307.2088207807255,1307.5421814835277,1307.4423744382843,1307.4423835614407,1307.5421814835277,1307.5421814835277,1307.5421814835277,1307.5421814835277,1307.5421814835277,1307.5421814835277,0.094366935628841,1308.6435069641043,[23.0],[-351.0],[1],[0],[0],[1.100149448704542],1308.6444911245944,1308.647795987978,,,,,,,,,,,,,,ED14,1,2024-01-23_13h42.14.522,rating,2023.2.3,60.000615819234966,2024-01-23 13h42.30.089819 +0800,
neu_37.jpg,0.0,365.0,365.0,315.0,1656.5278703873178,,,,,,,,,,,,,,,,,,,,,,,1656.5008091099276,,1656.500841040975,1656.500848738638,1656.5278703873178,1657.511186700263,1657.5278532813995,1658.5112092230552,1658.5112092230552,1658.8778643147166,1658.7447466299914,1658.7447557531482,1658.8778643147166,1658.8778643147166,1658.8778643147166,1658.8778643147166,1658.8778643147166,1658.8778643147166,0.127082289160171,1660.6295904444064,[49.0],[-355.0],[1],[0],[0],[1.7500611536570432],1660.6307673315737,1660.6339182416937,,,,,,,,,,,,,,ED14,1,2024-01-23_13h42.14.522,rating,2023.2.3,60.000615819234966,2024-01-23 13h42.30.089819 +0800,
neu_38.jpg,0.0,276.0,276.0,316.0,1290.9254256094982,,,,,,,,,,,,,,,,,,,,,,,1290.8977721822416,,1290.8978049685848,1290.8978126662482,1290.9254256094982,1291.9087310886948,1291.925386265886,1292.9087273824125,1292.9087273824125,1293.242062996535,1293.142261938363,1293.1422702062232,1293.242062996535,1293.242062996535,1293.242062996535,1293.242062996535,1293.242062996535,1293.242062996535,0.0943127668879242,1294.6432817361824,[31.0],[-340.0],[1],[0],[0],[1.4000455587620309],1294.6442601946997,1294.647545671376,,,,,,,,,,,,,,ED14,1,2024-01-23_13h42.14.522,rating,2023.2.3,60.000615819234966,2024-01-23 13h42.30.089819 +0800,
neu_39.jpg,0.0,66.0,66.0,317.0,390.9026530708829,,,,,,,,,,,,,,,,,,,,,,,390.8737087170048,,390.87373722686834,390.8737437841369,390.9026530708829,391.88598934073207,391.9026582026581,392.88599532780336,392.88599532780336,393.1526668981669,393.119527317866,393.1195361559239,393.1526668981669,393.1526668981669,393.1526668981669,393.1526668981669,393.1526668981669,393.1526668981669,0.0289761423759955,396.3532010019508,[11.0],[-366.0],[1],[0],[0],[3.200115578986697],396.3537669227421,396.3570994406932,,,,,,,,,,,,,,ED14,1,2024-01-23_13h42.14.522,rating,2023.2.3,60.000615819234966,2024-01-23 13h42.30.089819 +0800,
neu_4.jpg,0.0,140.0,140.0,318.0,742.6883575410584,,,,,,,,,,,,,,,,,,,,,,,742.6599731209008,,742.660005622145,742.6600133198081,742.6883575410584,743.671701508571,743.6883589665517,744.6717174740943,744.6717174740943,744.9550065886292,744.9052417664939,744.9052511747491,744.9550065886292,744.9550065886292,744.9550065886292,744.9550065886292,744.9550065886292,744.9550065886292,0.0450502885482819,748.1057102975915,[-185.0],[-361.0],[1],[0],[0],[3.150080768443331],748.1064190527995,748.1096235614636,,,,,,,,,,,,,,ED14,1,2024-01-23_13h42.14.522,rating,2023.2.3,60.000615819234966,2024-01-23 13h42.30.089819 +0800,
neu_40.jpg,0.0,7.0,7.0,319.0,65.78379516461291,,,,,,,,,,,,,,,,,,,,,,,65.75469001510464,,65.75472308654616,65.75473049911079,65.78379516461291,66.76713371525148,66.78379830069798,67.76719016478137,67.76719016478137,68.01713727898414,68.00069649596662,68.00070561912298,68.01713727898414,68.01713727898414,68.01713727898414,68.01713727898414,68.01713727898414,68.01713727898414,0.0124637996004821,73.8177042261309,[9.0],[-351.0],[1],[0],[0],[5.8002319562501725],73.81813871645181,73.82142903980503,,,,,,,,,,,,,,ED14,1,2024-01-23_13h42.14.522,rating,2023.2.3,60.000615819234966,2024-01-23 13h42.30.089819 +0800,
neu_41.jpg,0.0,330.0,330.0,320.0,1512.7268923279385,,,,,,,,,,,,,,,,,,,,,,,1512.7110684983686,1512.7268923279385,1513.7104084950265,1513.7104164777888,1513.74357259381,1514.710224606407,1514.743552636906,1515.7102263169986,1515.7102263169986,1516.0602305079487,1515.9437965102784,1515.9438050632375,1516.0602305079487,1516.0602305079487,1516.0602305079487,1516.0602305079487,1516.0602305079487,1516.0602305079487,0.0993900884886898,1516.6450630324575,[23.0],[-369.0],[1],[0],[0],[0.5833705387049122],1516.6461843253903,1516.6493406523855,,,,,,1513.74357259381,,,,,,,,ED14,1,2024-01-23_13h42.14.522,rating,2023.2.3,60.000615819234966,2024-01-23 13h42.30.089819 +0800,
neu_42.jpg,0.0,343.0,343.0,321.0,1564.7938959241724,,,,,,,,,,,,,,,,,,,,,,,1564.766881402959,,1564.7669104830195,1564.7669173253869,1564.7938959241724,1565.7772267771484,1565.7939461015326,1566.7772544317154,1566.7772544317154,1567.1273244804502,1567.010777868819,1567.0107869919752,1567.1273244804502,1567.1273244804502,1567.1273244804502,1567.1273244804502,1567.1273244804502,1567.1273244804502,0.110469591664696,1571.2121510178872,[28.0],[123.0],[1],[0],[0],[4.083306391511542],1571.213293693219,1571.2165996969975,,,,,,,,,,,,,,ED14,1,2024-01-23_13h42.14.522,rating,2023.2.3,60.000615819234966,2024-01-23 13h42.30.089819 +0800,
neu_43.jpg,0.0,162.0,162.0,322.0,838.5556797635277,,,,,,,,,,,,,,,,,,,,,,,838.5273389634613,,838.5273708945083,838.5273783070729,838.5556797635277,839.5390188843635,839.5556814741194,840.5390049145303,840.5390049145303,840.8390589692317,840.772545457552,840.7725540105112,840.8390589692317,840.8390589692317,840.8390589692317,840.8390589692317,840.8390589692317,840.8390589692317,0.0617365414909727,841.5064534927146,[30.0],[-362.0],[1],[0],[0],[0.6666869086698171],841.5071918981807,841.5103912750692,,,,,,,,,,,,,,ED14,1,2024-01-23_13h42.14.522,rating,2023.2.3,60.000615819234966,2024-01-23 13h42.30.089819 +0800,
neu_44.jpg,0.0,153.0,153.0,323.0,804.9054436163278,,,,,,,,,,,,,,,,,,,,,,,804.8770292608133,,804.8770617620576,804.8770691746222,804.9054436163278,805.8887841626565,805.9054478928074,806.88879186032,806.88879186032,807.1887923164777,807.1223774489258,807.1223857167865,807.1887923164777,807.1887923164777,807.1887923164777,807.1887923164777,807.1887923164777,807.1887923164777,0.0617832976672616,808.1896191025207,[23.0],[-363.0],[1],[0],[0],[1.0001391281339238],808.1902833823419,808.19358938612,,,,,,,,,,,,,,ED14,1,2024-01-23_13h42.14.522,rating,2023.2.3,60.000615819234966,2024-01-23 13h42.30.089819 +0800,
neu_45.jpg,0.0,147.0,147.0,324.0,775.2885785495209,,,,,,,,,,,,,,,,,,,,,,,775.2599552167062,,775.2599880030493,775.259995415614,775.2885785495209,776.2719427590364,776.2885805452111,777.2719182405535,777.2719182405535,777.5719218327963,777.5054510859122,777.5054607792658,777.5719218327963,777.5719218327963,777.5719218327963,777.5719218327963,777.5719218327963,777.5719218327963,0.0619848624028236,780.7058956687242,[-352.0],[67.0],[1],[0],[0],[3.1333201047564216],780.7065707822935,780.7098494166025,,,,,,,,,,,,,,ED14,1,2024-01-23_13h42.14.522,rating,2023.2.3,60.000615819234966,2024-01-23 13h42.30.089819 +0800,
neu_46.jpg,0.0,50.0,50.0,325.0,309.06876122932226,,,,,,,,,,,,,,,,,,,,,,,309.0402237111971,,309.04025592734297,309.0402633399076,309.06876122932226,310.05210348624314,310.06877263326805,311.0521342768957,311.0521342768957,311.31877306091565,311.2856431739688,311.2856522971251,311.31877306091565,311.31877306091565,311.31877306091565,311.31877306091565,311.31877306091565,311.31877306091565,0.0285758638915467,314.352524747987,[12.0],[-336.0],[1],[0],[0],[3.0333793482527653],314.35300570938534,314.3560973189892,,,,,,,,,,,,,,ED14,1,2024-01-23_13h42.14.522,rating,2023.2.3,60.000615819234966,2024-01-23 13h42.30.089819 +0800,
neu_47.jpg,0.0,80.0,80.0,326.0,463.9364911428406,,,,,,,,,,,,,,,,,,,,,,,463.9078578315739,,463.9078897626209,463.9078974602844,463.9364911428406,464.91981771933615,464.9365096742517,465.9198314040709,465.9198314040709,466.1865360458755,466.15339446988446,466.1534030228436,466.1865360458755,466.1865360458755,466.1865360458755,466.1865360458755,466.1865360458755,466.1865360458755,0.0286924692336469,469.0203306688013,[19.0],[-338.0],[1],[0],[0],[2.833343026687089],469.0209148359058,469.0242234055718,,,,,,,,,,,,,,ED14,1,2024-01-23_13h42.14.522,rating,2023.2.3,60.000615819234966,2024-01-23 13h42.30.089819 +0800,
neu_48.jpg,0.0,221.0,221.0,327.0,1074.7572544773316,,,,,,,,,,,,,,,,,,,,,,,1074.7292540850358,,1074.7292863011817,1074.7292937137463,1074.7572544773316,1075.7405961640548,1075.7572596091068,1076.7406050021127,1076.7406050021127,1077.0572740350976,1076.9741569490798,1076.974166072236,1077.0572740350976,1077.0572740350976,1077.0572740350976,1077.0572740350976,1077.0572740350976,1077.0572740350976,0.078040477163995,1079.808277154647,[-11.0],[-365.0],[1],[0],[0],[2.750052600698382],1079.8091615306148,1079.812419637822,,,,,,,,,,,,,,ED14,1,2024-01-23_13h42.14.522,rating,2023.2.3,60.000615819234966,2024-01-23 13h42.30.089819 +0800,
neu_49.jpg,0.0,333.0,333.0,328.0,1523.8602837073545,,,,,,,,,,,,,,,,,,,,,,,1523.8331522957,,1523.8331850820427,1523.8331924946074,1523.8602837073545,1524.843608003061,1524.8602683120275,1525.843656469829,1525.843656469829,1526.1936327211129,1526.0772192505442,1526.077237496857,1526.1936327211129,1526.1936327211129,1526.1936327211129,1526.1936327211129,1526.1936327211129,1526.1936327211129,0.1105052289940431,1527.5951374146912,[399.0],[-373.0],[1],[0],[0],[1.4000432779730545],1527.59621793852,1527.5994292895516,,,,,,,,,,,,,,ED14,1,2024-01-23_13h42.14.522,rating,2023.2.3,60.000615819234966,2024-01-23 13h42.30.089819 +0800,
neu_5.jpg,0.0,204.0,204.0,329.0,1008.1568093813416,,,,,,,,,,,,,,,,,,,,,,,1008.1287474077408,,1008.128779908985,1008.128787606648,1008.1568093813416,1009.1401670335886,1009.156836465712,1010.1401915520714,1010.1401915520714,1010.4568246626286,1010.3736924663826,1010.3737010193418,1010.4568246626286,1010.4568246626286,1010.4568246626286,1010.4568246626286,1010.4568246626286,1010.4568246626286,0.078097781989527,1011.4077400858372,[15.0],[-341.0],[1],[0],[0],[0.9500584167103625],1011.4085822672068,1011.4119039514098,,,,,,,,,,,,,,ED14,1,2024-01-23_13h42.14.522,rating,2023.2.3,60.000615819234966,2024-01-23 13h42.30.089819 +0800,
neu_50.jpg,0.0,37.0,37.0,330.0,240.75163974480256,,,,,,,,,,,,,,,,,,,,,,,240.72259218521825,,240.72262411626525,240.72263152882988,240.75163974480256,241.7349794358352,241.75164002990093,242.73498371231472,242.73498371231472,243.00166298034128,242.96852653612584,242.96853565928177,243.00166298034128,243.00166298034128,243.00166298034128,243.00166298034128,243.00166298034128,243.00166298034128,0.0290836245617356,245.66889357210903,[13.0],[-346.0],[1],[0],[0],[2.6668753588678555],245.6693984817925,245.67270819185296,,,,,,,,,,,,,,ED14,1,2024-01-23_13h42.14.522,rating,2023.2.3,60.000615819234966,2024-01-23 13h42.30.089819 +0800,
neu_51.jpg,0.0,16.0,16.0,331.0,117.86747503533796,,,,,,,,,,,,,,,,,,,,,,,117.8385221285007,,117.83855149366036,117.83855862112614,117.86747503533796,118.85081387107492,118.86747959691591,119.8508218538368,119.8508218538368,120.10082370697774,120.08436610314084,120.08437494119836,120.10082370697774,120.10082370697774,120.10082370697774,120.10082370697774,120.10082370697774,120.10082370697774,0.0123203949870003,121.38453590788777,[10.0],[-350.0],[1],[0],[0],[1.283401443396997],121.38498522333748,121.3881529542773,,,,,,,,,,,,,,ED14,1,2024-01-23_13h42.14.522,rating,2023.2.3,60.000615819234966,2024-01-23 13h42.30.089819 +0800,
neu_52.jpg,0.0,186.0,186.0,332.0,938.6563486619466,,,,,,,,,,,,,,,,,,,,,,,938.628063456114,,938.62809567226,938.628103084824,938.6563486619466,939.6396820808096,939.6563517980316,940.6396889231768,940.6396889231768,940.9396930856168,940.8732223387324,940.8732308916916,940.9396930856168,940.9396930856168,940.9396930856168,940.9396930856168,940.9396930856168,940.9396930856168,0.0616478758156517,942.1405493508588,[7.0],[-335.0],[1],[0],[0],[1.200044874525247],942.1413407846712,942.1445666757328,,,,,,,,,,,,,,ED14,1,2024-01-23_13h42.14.522,rating,2023.2.3,60.000615819234966,2024-01-23 13h42.30.089819 +0800,
neu_53.jpg,0.0,40.0,40.0,333.0,254.03506399609068,,,,,,,,,,,,,,,,,,,,,,,254.00618721058936,,254.0062191416364,254.00622683929944,254.03506399609068,255.01841423577295,255.0350628556962,256.0184048275182,256.0184048275182,256.285074972388,256.2519382430737,256.25194736623007,256.285074972388,256.285074972388,256.285074972388,256.285074972388,256.285074972388,256.285074972388,0.0289003061388939,258.1855883780113,[15.0],[-353.0],[1],[0],[0],[1.900145058185899],258.1860502378008,258.18928439672254,,,,,,,,,,,,,,ED14,1,2024-01-23_13h42.14.522,rating,2023.2.3,60.000615819234966,2024-01-23 13h42.30.089819 +0800,
neu_54.jpg,0.0,323.0,323.0,334.0,1482.1433535810388,,,,,,,,,,,,,,,,,,,,,,,1482.1159658657102,,1482.11599722656,1482.1160046391246,1482.1433535810388,1483.1267269137102,1483.143341606895,1484.1266918465783,1484.1266918465783,1484.476687769668,1484.3602532018,1484.360261754759,1484.476687769668,1484.476687769668,1484.476687769668,1484.476687769668,1484.476687769668,1484.476687769668,0.1107469926373596,1485.178334043229,[299.0],[-369.0],[1],[0],[0],[0.7001523567105323],1485.179384916799,1485.182637892232,,,,,,,,,,,,,,ED14,1,2024-01-23_13h42.14.522,rating,2023.2.3,60.000615819234966,2024-01-23 13h42.30.089819 +0800,
neu_55.jpg,0.0,334.0,334.0,335.0,1527.6269772303126,,,,,,,,,,,,,,,,,,,,,,,1527.5996721935885,,1527.5997044097344,1527.599711822299,1527.6269772303126,1528.610320627627,1528.6269815067922,1529.6102978197364,1529.6102978197364,1529.9603259589717,1529.8439119182062,1529.843920186067,1529.9603259589717,1529.9603259589717,1529.9603259589717,1529.9603259589717,1529.9603259589717,1529.9603259589717,0.1106871219235472,1531.128578059151,[37.0],[-355.0],[1],[0],[0],[1.166752196257221],1531.1296899438298,1531.1329976581997,,,,,,,,,,,,,,ED14,1,2024-01-23_13h42.14.522,rating,2023.2.3,60.000615819234966,2024-01-23 13h42.30.089819 +0800,
neu_56.jpg,0.0,157.0,157.0,336.0,819.3722230680146,,,,,,,,,,,,,,,,,,,,,,,819.3439179052775,,819.3439501214234,819.3439578190864,819.3722230680146,820.3555493594117,820.3722621265279,821.3555590527653,821.3555590527653,821.6556088309871,821.589153764528,821.5891623174871,821.6556088309871,821.6556088309871,821.6556088309871,821.6556088309871,821.6556088309871,821.6556088309871,0.0617097422195911,822.3229642959573,[245.0],[-367.0],[1],[0],[0],[0.6666458544664238],822.3236225887072,822.3269069249886,,,,,,,,,,,,,,ED14,1,2024-01-23_13h42.14.522,rating,2023.2.3,60.000615819234966,2024-01-23 13h42.30.089819 +0800,
neu_57.jpg,0.0,327.0,327.0,337.0,1497.5934712982648,,,,,,,,,,,,,,,,,,,,,,,1497.5661266328311,,1497.566158848977,1497.56616654664,1497.5934712982648,1498.5767813390398,1498.5934541923466,1499.5767836198288,1499.5767836198288,1499.926790091568,1499.8103367071903,1499.8103452601497,1499.926790091568,1499.926790091568,1499.926790091568,1499.926790091568,1499.926790091568,1499.926790091568,0.1106882623180354,1504.1284067148713,[262.0],[22.0],[1],[0],[0],[4.200148080230974],1504.1294983575467,1504.1327299505806,,,,,,,,,,,,,,ED14,1,2024-01-23_13h42.14.522,rating,2023.2.3,60.000615819234966,2024-01-23 13h42.30.089819 +0800,
neu_58.jpg,0.0,14.0,14.0,338.0,107.03406985714857,,,,,,,,,,,,,,,,,,,,,,,107.00520333519762,,107.00524524469712,107.0052617804181,107.03406985714857,108.01740755249102,108.03407470382535,109.01741382466072,109.01741382466072,109.2674193840844,109.25095009120288,109.25095892926085,109.2674193840844,109.2674193840844,109.2674193840844,109.2674193840844,109.2674193840844,109.2674193840844,0.0122876086438736,113.3679377504236,[37.0],[-351.0],[1],[0],[0],[4.1001423212387635],113.36834515637383,113.37162920755692,,,,,,,,,,,,,,ED14,1,2024-01-23_13h42.14.522,rating,2023.2.3,60.000615819234966,2024-01-23 13h42.30.089819 +0800,
neu_59.jpg,0.0,43.0,43.0,339.0,272.8518576171796,,,,,,,,,,,,,,,,,,,,,,,272.8229429135599,,272.82297227871913,272.8229791210865,272.8518576171796,273.8351973082126,273.8518601830674,274.835214129032,274.835214129032,275.1018973884393,275.0687754842543,275.0687851776079,275.1018973884393,275.1018973884393,275.1018973884393,275.1018973884393,275.1018973884393,275.1018973884393,0.0289881165185761,279.5690577319033,[3.0],[-340.0],[1],[0],[0],[4.466767192445332],279.5695669180664,279.5727634439686,,,,,,,,,,,,,,ED14,1,2024-01-23_13h42.14.522,rating,2023.2.3,60.000615819234966,2024-01-23 13h42.30.089819 +0800,
neu_6.jpg,0.0,188.0,188.0,340.0,945.6230913359096,,,,,,,,,,,,,,,,,,,,,,,945.5949617939318,,945.5949928696832,945.5950002822474,945.6230913359096,946.6064030872762,946.6231021696576,947.606399380994,947.606399380994,947.906432338396,947.8399342220428,947.8399430601004,947.906432338396,947.906432338396,947.906432338396,947.906432338396,947.906432338396,947.906432338396,0.0614924970591346,952.374095025656,[-49.0],[235.0],[1],[0],[0],[4.466861845192852],952.3749044206824,952.378176497723,,,,,,,,,,,,,,ED14,1,2024-01-23_13h42.14.522,rating,2023.2.3,60.000615819234966,2024-01-23 13h42.30.089819 +0800,
neu_60.jpg,0.0,132.0,132.0,341.0,706.8714504507125,,,,,,,,,,,,,,,,,,,,,,,706.8430449332554,,706.843073443119,706.8430800003875,706.8714504507125,707.8547875758577,707.8714544420932,708.8547630573748,708.8547630573748,709.1381297187386,709.0883483608823,709.0883571989402,709.1381297187386,709.1381297187386,709.1381297187386,709.1381297187386,709.1381297187386,709.1381297187386,0.0451073082754192,710.9387784891937,[30.0],[-356.0],[1],[0],[0],[1.8000272554295407],710.9394256630967,710.9427638830207,,,,,,,,,,,,,,ED14,1,2024-01-23_13h42.14.522,rating,2023.2.3,60.000615819234966,2024-01-23 13h42.30.089819 +0800,
neu_61.jpg,0.0,108.0,108.0,342.0,603.6207552376895,,,,,,,,,,,,,,,,,,,,,,,603.5921923457859,,603.5922245619317,603.5922319744964,603.6207552376895,604.6040912224403,604.620756378084,605.6041245789806,605.6041245789806,605.8874373567023,605.8376625561145,605.8376708239748,605.8874373567023,605.8874373567023,605.8874373567023,605.8874373567023,605.8874373567023,605.8874373567023,0.045262972130331,607.1380393424711,[13.0],[-345.0],[1],[0],[0],[1.250058017572428],607.1386779634149,607.1419132627316,,,,,,,,,,,,,,ED14,1,2024-01-23_13h42.14.522,rating,2023.2.3,60.000615819234966,2024-01-23 13h42.30.089819 +0800,
neu_62.jpg,0.0,376.0,376.0,343.0,1697.2114587984,,,,,,,,,,,,,,,,,,,,,,,1697.1844938843492,,1697.184525815397,1697.1845335130597,1697.2114587984,1698.1947927874603,1698.211457943105,1699.1947927874603,1699.1947927874603,1699.5614732529016,1699.4283296241997,1699.4283504364007,1699.5614732529016,1699.5614732529016,1699.5614732529016,1699.5614732529016,1699.5614732529016,1699.5614732529016,0.1270013211469631,1701.6798735758607,[9.0],[-352.0],[1],[0],[0],[2.1167128241359023],1701.681042765366,1701.684343067171,,,,,,,,,,,,,,ED14,1,2024-01-23_13h42.14.522,rating,2023.2.3,60.000615819234966,2024-01-23 13h42.30.089819 +0800,
neu_63.jpg,0.0,192.0,192.0,344.0,962.4898385144306,,,,,,,,,,,,,,,,,,,,,,,962.4617759706324,,962.4618081867784,962.461815599343,962.4898385144306,963.473217263977,963.4898439313048,964.4732477695306,964.4732477695306,964.7732114479644,964.7067398457845,964.7067483987436,964.7732114479644,964.7732114479644,964.7732114479644,964.7732114479644,964.7732114479644,964.7732114479644,0.0614568597297875,965.9074256220424,[302.0],[-366.0],[1],[0],[0],[1.1333469040287127],965.9082387233512,965.9114443724092,,,,,,,,,,,,,,ED14,1,2024-01-23_13h42.14.522,rating,2023.2.3,60.000615819234966,2024-01-23 13h42.30.089819 +0800,
neu_64.jpg,0.0,269.0,269.0,345.0,1260.0585492812947,,,,,,,,,,,,,,,,,,,,,,,1260.0308049075738,,1260.0308365535225,1260.030843966087,1260.0585492812947,1261.0418462075322,1261.05853360087,1262.0418536200968,1262.0418536200968,1262.3752094762226,1262.2754332216318,1262.2754423447882,1262.3752094762226,1262.3752094762226,1262.3752094762226,1262.3752094762226,1262.3752094762226,1262.3752094762226,0.094437069893047,1263.4764001051444,[34.0],[-375.0],[1],[0],[0],[1.100039400631431],1263.4773645938285,1264.6089145211567,space,1263.4918709826038,1263.4918709826038,1.106471225849873,,,,,,,,,,ED14,1,2024-01-23_13h42.14.522,rating,2023.2.3,60.000615819234966,2024-01-23 13h42.30.089819 +0800,
neu_65.jpg,0.0,150.0,150.0,346.0,790.8886869440221,,,,,,,,,,,,,,,,,,,,,,,790.8728887733287,790.8886869440221,791.8722370378478,791.8722458759057,791.9053552357509,792.8720619872856,792.9053572314415,793.8720434558745,793.8720434558745,794.1720604477532,794.1055831436001,794.1055914114604,794.1720604477532,794.1720604477532,794.1720604477532,794.1720604477532,794.1720604477532,794.1720604477532,0.049388919584544,795.172746680169,[24.0],[-344.0],[1],[0],[0],[1.0000102635508483],795.1734702605058,795.1767460438286,,,,,,791.9053552357509,,,,,,,,ED14,1,2024-01-23_13h42.14.522,rating,2023.2.3,60.000615819234966,2024-01-23 13h42.30.089819 +0800,
neu_66.jpg,0.0,202.0,202.0,347.0,1002.1568031091716,,,,,,,,,,,,,,,,,,,,,,,1002.128903356694,,1002.12893557284,1002.1289427003056,1002.1568031091716,1003.1401296856676,1003.1567882840428,1004.1401191370178,1004.1401191370178,1004.456798433554,1004.3737891148198,1004.3737990932724,1004.456798433554,1004.456798433554,1004.456798433554,1004.456798433554,1004.456798433554,1004.456798433554,0.0779164592572669,1005.1244124829868,[18.0],[-355.0],[1],[0],[0],[0.6667544770461973],1005.1252623620194,1005.1285082099852,,,,,,,,,,,,,,ED14,1,2024-01-23_13h42.14.522,rating,2023.2.3,60.000615819234966,2024-01-23 13h42.30.089819 +0800,
neu_67.jpg,0.0,296.0,296.0,348.0,1373.825941581009,,,,,,,,,,,,,,,,,,,,,,,1373.7984469536923,,1373.7984797400354,1373.7984871526,1373.825941581009,1374.8092849783238,1374.8259532700529,1375.809313203089,1375.809313203089,1376.1426237285314,1376.0428309382196,1376.0428394911787,1376.1426237285314,1376.1426237285314,1376.1426237285314,1376.1426237285314,1376.1426237285314,1376.1426237285314,0.0942024337159637,1377.3439241774477,[41.0],[-348.0],[1],[0],[0],[1.1999907057843302],1377.3448795429754,1377.34800450912,,,,,,,,,,,,,,ED14,1,2024-01-23_13h42.14.522,rating,2023.2.3,60.000615819234966,2024-01-23 13h42.30.089819 +0800,
neu_68.jpg,0.0,5.0,5.0,349.0,43.80031377955811,,,,,,,,,,,,,,,,,,,,,,,43.77124911405599,,43.77128161530027,43.77128931296375,43.80031377955811,44.78367884436966,44.80032290271447,45.7836548960845,45.7836548960845,46.03365874491601,46.01721054933387,46.01721938739138,46.03365874491601,46.03365874491601,46.03365874491601,46.03365874491601,46.03365874491601,46.03365874491601,0.0124552466418208,56.45078684372447,[11.0],[-354.0],[1],[0],[0],[10.416803656561115],56.45119767085816,56.454446369810285,,,,,,,,,,,,,,ED14,1,2024-01-23_13h42.14.522,rating,2023.2.3,60.000615819234966,2024-01-23 13h42.30.089819 +0800,
neu_69.jpg,0.0,290.0,290.0,350.0,1349.8257805002795,,,,,,,,,,,,,,,,,,,,,,,1349.7983249314766,,1349.7983571476225,1349.7983645601869,1349.8257805002795,1350.8091153446358,1350.8258015975784,1351.8091224721015,1351.8091224721015,1352.1424609372102,1352.0426707127865,1352.042678980647,1352.1424609372102,1352.1424609372102,1352.1424609372102,1352.1424609372102,1352.1424609372102,1352.1424609372102,0.0941585285263499,1355.7437328192436,[326.0],[141.0],[1],[0],[0],[3.600045672801116],1355.7447175499306,1355.747949142965,,,,,,,,,,,,,,ED14,1,2024-01-23_13h42.14.522,rating,2023.2.3,60.000615819234966,2024-01-23 13h42.30.089819 +0800,
neu_7.jpg,0.0,321.0,321.0,351.0,1475.2932915150654,,,,,,,,,,,,,,,,,,,,,,,1475.2661210448982,,1475.266153261044,1475.2661606736078,1475.2932915150654,1476.2766314911971,1476.2932923703615,1477.2766329166902,1477.2766329166902,1477.6266428096128,1477.510204535463,1477.510213088422,1477.6266428096128,1477.6266428096128,1477.6266428096128,1477.6266428096128,1477.6266428096128,1477.6266428096128,0.1105502745785997,1478.6280551882533,[31.0],[-352.0],[1],[0],[0],[1.00002451848286],1478.6291023555418,1478.6323399356477,,,,,,,,,,,,,,ED14,1,2024-01-23_13h42.14.522,rating,2023.2.3,60.000615819234966,2024-01-23 13h42.30.089819 +0800,
neu_70.jpg,0.0,15.0,15.0,352.0,113.40078168343916,,,,,,,,,,,,,,,,,,,,,,,113.3718627033395,,113.37189178340032,113.3718986257677,113.40078168343916,114.38414047608056,114.4007825387348,115.38412422545844,115.38412422545844,115.63412408290878,115.6177548596488,115.6177648381008,115.63412408290878,115.63412408290878,115.63412408290878,115.63412408290878,115.63412408290878,115.63412408290878,0.0122799109808511,117.83456467434053,[10.0],[-357.0],[1],[0],[0],[2.200150075921556],117.83500059015432,117.83829062840869,,,,,,,,,,,,,,ED14,1,2024-01-23_13h42.14.522,rating,2023.2.3,60.000615819234966,2024-01-23 13h42.30.089819 +0800,
neu_71.jpg,0.0,279.0,279.0,353.0,1301.4754518670825,,,,,,,,,,,,,,,,,,,,,,,1301.4479304404945,,1301.447962086443,1301.4479694990073,1301.4754518670825,1302.4587901326222,1302.4754555733648,1303.4587961196935,1303.4587961196935,1303.7921345848022,1303.692338088208,1303.6923466411672,1303.7921345848022,1303.7921345848022,1303.7921345848022,1303.7921345848022,1303.7921345848022,1303.7921345848022,0.0942309435795323,1305.1933518989565,[258.0],[-371.0],[1],[0],[0],[1.400026457153217],1305.1942955754405,1305.1975992984294,,,,,,,,,,,,,,ED14,1,2024-01-23_13h42.14.522,rating,2023.2.3,60.000615819234966,2024-01-23 13h42.30.089819 +0800,
neu_72.jpg,0.0,39.0,39.0,354.0,250.01837033058337,,,,,,,,,,,,,,,,,,,,,,,249.98923667121107,,249.9892680320609,249.98927572972437,250.01837033058337,251.0017162937861,251.01837432196407,252.00171315770103,252.00171315770103,252.2683815919795,252.2352893380521,252.2352978910112,252.2683815919795,252.2683815919795,252.2683815919795,252.2683815919795,252.2683815919795,252.2683815919795,0.0291617415878135,254.00222291406132,[334.0],[-348.0],[1],[0],[0],[1.7335003441139634],254.0027095774326,254.00594316615707,,,,,,,,,,,,,,ED14,1,2024-01-23_13h42.14.522,rating,2023.2.3,60.000615819234966,2024-01-23 13h42.30.089819 +0800,
neu_73.jpg,0.0,19.0,19.0,355.0,137.58427772256346,,,,,,,,,,,,,,,,,,,,,,,137.55517684953475,,137.55520849548293,137.5552161931464,137.58427772256346,138.56761627320202,138.58428085864853,139.56763081323243,139.56763081323243,139.81765005739044,139.8011913131586,139.8012001512161,139.81765005739044,139.81765005739044,139.81765005739044,139.81765005739044,139.81765005739044,139.81765005739044,0.0124866074916099,142.00129805408778,[12.0],[-348.0],[1],[0],[0],[2.183355200398637],142.00172940832317,142.00498894102384,,,,,,,,,,,,,,ED14,1,2024-01-23_13h42.14.522,rating,2023.2.3,60.000615819234966,2024-01-23 13h42.30.089819 +0800,
neu_74.jpg,0.0,55.0,55.0,356.0,332.8855939089244,,,,,,,,,,,,,,,,,,,,,,,332.8565506258201,,332.8565797058809,332.8565885439384,332.8855939089244,333.86895526745366,333.8855996108973,334.86893759133864,334.86893759133864,335.1356028895316,335.10247955985324,335.10248811281235,335.1356028895316,335.1356028895316,335.1356028895316,335.1356028895316,335.1356028895316,335.1356028895316,0.0290682292352357,338.6360832807327,[11.0],[-342.0],[1],[0],[0],[3.5000575899243813],338.63659474768474,338.6397764484577,,,,,,,,,,,,,,ED14,1,2024-01-23_13h42.14.522,rating,2023.2.3,60.000615819234966,2024-01-23 13h42.30.089819 +0800,
neu_75.jpg,0.0,164.0,164.0,357.0,844.6557165982713,,,,,,,,,,,,,,,,,,,,,,,844.6273752280076,,844.6274068739563,844.6274142865204,844.6557165982713,845.6390508724303,845.6557593630669,846.6390579998961,846.6390579998961,846.939067864309,846.8726085213702,846.8726173594277,846.939067864309,846.939067864309,846.939067864309,846.939067864309,846.939067864309,846.939067864309,0.0617137336002997,850.3399841143041,[108.0],[-363.0],[1],[0],[0],[3.400206639490989],850.3407364896034,850.3438908209073,,,,,,,,,,,,,,ED14,1,2024-01-23_13h42.14.522,rating,2023.2.3,60.000615819234966,2024-01-23 13h42.30.089819 +0800,
neu_76.jpg,0.0,350.0,350.0,358.0,1594.1940931554086,,,,,,,,,,,,,,,,,,,,,,,1594.166920119354,,1594.1669526205983,1594.1669611735574,1594.1940931554086,1595.177474185744,1595.1940962914937,1596.1775209419206,1596.1775209419206,1596.5274547135073,1596.410989925184,1596.410998478143,1596.5274547135073,1596.5274547135073,1596.5274547135073,1596.5274547135073,1596.5274547135073,1596.5274547135073,0.1105591126361105,1599.3294155078834,[264.0],[-369.0],[1],[0],[0],[2.800297243838031],1599.330879489377,1599.334268171759,,,,,,,,,,,,,,ED14,1,2024-01-23_13h42.14.522,rating,2023.2.3,60.000615819234966,2024-01-23 13h42.30.089819 +0800,
neu_77.jpg,0.0,231.0,231.0,359.0,1112.9241837198415,,,,,,,,,,,,,,,,,,,,,,,1112.8961582388656,,1112.896190169913,1112.8961975824775,1112.9241837198415,1113.9075373807077,1113.9241897069128,1114.9075390912994,1114.9075390912994,1115.2241981458324,1115.141060247614,1115.1410685154742,1115.2241981458324,1115.2241981458324,1115.2241981458324,1115.2241981458324,1115.2241981458324,1115.2241981458324,0.0780618595617852,1116.22521623306,[267.0],[-368.0],[1],[0],[0],[1.0000416244010921],1116.2261014643236,1116.2293832347175,,,,,,,,,,,,,,ED14,1,2024-01-23_13h42.14.522,rating,2023.2.3,60.000615819234966,2024-01-23 13h42.30.089819 +0800,
neu_78.jpg,0.0,274.0,274.0,360.0,1281.8253608350878,,,,,,,,,,,,,,,,,,,,,,,1281.797729930624,,1281.7977590106848,1281.7977658530522,1281.8253608350878,1282.8086603272131,1282.825372524132,1283.808676292737,1283.808676292737,1284.142002783703,1284.042244490326,1284.0422536134824,1284.142002783703,1284.142002783703,1284.142002783703,1284.142002783703,1284.142002783703,1284.142002783703,0.0943016480414371,1286.6432124572138,[277.0],[-359.0],[1],[0],[0],[2.500027084370231],1286.64415356781,1286.6474567206014,,,,,,,,,,,,,,ED14,1,2024-01-23_13h42.14.522,rating,2023.2.3,60.000615819234966,2024-01-23 13h42.30.089819 +0800,
neu_79.jpg,0.0,131.0,131.0,361.0,702.0214174648004,,,,,,,,,,,,,,,,,,,,,,,701.9928349010906,,701.9928668321377,701.9928742447023,702.0214174648004,703.004754875044,703.0214368515076,704.0047580111291,704.0047580111291,704.2880984434182,704.2383187961536,704.2383282044088,704.2880984434182,704.2880984434182,704.2880984434182,704.2880984434182,704.2880984434182,704.2880984434182,0.0452840694292717,706.8389292493525,[342.0],[22.0],[1],[0],[0],[2.550220979952428],706.8396143413738,706.8428271178977,,,,,,,,,,,,,,ED14,1,2024-01-23_13h42.14.522,rating,2023.2.3,60.000615819234966,2024-01-23 13h42.30.089819 +0800,
neu_8.jpg,0.0,246.0,246.0,362.0,1173.9745957158798,,,,,,,,,,,,,,,,,,,,,,,1173.9467663827654,,1173.9467983138125,1173.946805726377,1173.9745957158798,1174.957968193256,1174.9746091155157,1175.9579545085212,1175.9579545085212,1176.2746497705812,1176.1914711032578,1176.1914799413153,1176.2746497705812,1176.2746497705812,1176.2746497705812,1176.2746497705812,1176.2746497705812,1176.2746497705812,0.0779389820495453,1177.0257253051836,[366.0],[-361.0],[1],[0],[0],[0.7499744836718492],1177.0266379059162,1177.0299792619253,,,,,,,,,,,,,,ED14,1,2024-01-23_13h42.14.522,rating,2023.2.3,60.000615819234966,2024-01-23 13h42.30.089819 +0800,
neu_80.jpg,0.0,287.0,287.0,363.0,1338.6757313777848,,,,,,,,,,,,,,,,,,,,,,,1338.648087073685,,1338.648121285521,1338.648128983184,1338.6757313777848,1339.6590417036582,1339.675723395023,1340.6590491162228,1340.6590491162228,1340.9923861558382,1340.8927470336912,1340.8927584376363,1340.9923861558382,1340.9923861558382,1340.9923861558382,1340.9923861558382,1340.9923861558382,1340.9923861558382,0.0943370002719348,1341.8936741744542,[344.0],[-369.0],[1],[0],[0],[0.8999854029498238],1341.894737307266,1341.8979854360214,,,,,,,,,,,,,,ED14,1,2024-01-23_13h42.14.522,rating,2023.2.3,60.000615819234966,2024-01-23 13h42.30.089819 +0800,
neu_81.jpg,0.0,335.0,335.0,364.0,1531.160338332253,,,,,,,,,,,,,,,,,,,,,,,1531.133240277139,,1531.133272493284,1531.133279905849,1531.160338332253,1532.1436734617075,1532.160340613042,1533.143677453088,1533.143677453088,1533.4936856354193,1533.3772265490693,1533.3772351020284,1533.4936856354193,1533.4936856354193,1533.4936856354193,1533.4936856354193,1533.4936856354193,1533.4936856354193,0.110472157552067,1534.078534980747,[360.0],[-369.0],[1],[0],[0],[0.5833605602538228],1534.0796605501605,1534.0829736814044,,,,,,,,,,,,,,ED14,1,2024-01-23_13h42.14.522,rating,2023.2.3,60.000615819234966,2024-01-23 13h42.30.089819 +0800,
neu_82.jpg,0.0,339.0,339.0,365.0,1547.510470817589,,,,,,,,,,,,,,,,,,,,,,,1547.4833736177702,,1547.48340725941,1547.4834146719736,1547.510470817589,1548.4937834242514,1548.5104890639018,1549.4937882709278,1549.4937882709278,1549.843844064731,1549.727376995619,1549.7273855485778,1549.843844064731,1549.843844064731,1549.843844064731,1549.843844064731,1549.843844064731,1549.843844064731,0.1104921144569743,1551.3620156815657,[255.0],[-363.0],[1],[0],[0],[1.5166560324878446],1551.363117302693,1551.366508550963,,,,,,,,,,,,,,ED14,1,2024-01-23_13h42.14.522,rating,2023.2.3,60.000615819234966,2024-01-23 13h42.30.089819 +0800,
neu_83.jpg,0.0,73.0,73.0,366.0,430.21958439461287,,,,,,,,,,,,,,,,,,,,,,,430.19092371387705,,430.1909553598257,430.1909627723903,430.21958439461287,431.2029255111388,431.21958639030345,432.2029343491968,432.2029343491968,432.4695973666008,432.43645778630025,432.4364669094566,432.4695973666008,432.4695973666008,432.4695973666008,432.4695973666008,432.4695973666008,432.4695973666008,0.0286893331485771,435.57022064923785,[386.0],[-365.0],[1],[0],[0],[3.1001551506774376],435.57079455279154,435.57407831887576,,,,,,,,,,,,,,ED14,1,2024-01-23_13h42.14.522,rating,2023.2.3,60.000615819234966,2024-01-23 13h42.30.089819 +0800,
neu_84.jpg,0.0,101.0,101.0,367.0,568.4205164960922,,,,,,,,,,,,,,,,,,,,,,,568.3917571712286,,568.3917891022757,568.3917965148403,568.4205164960922,569.4038983817231,569.4205216278674,570.4038598934071,570.4038598934071,570.687210874346,570.6374648687206,570.637473991877,570.687210874346,570.687210874346,570.687210874346,570.687210874346,570.687210874346,570.687210874346,0.0454753706139854,573.6877556978388,[22.0],[-349.0],[1],[0],[0],[2.999965503065141],573.688386050922,573.6916261969154,,,,,,,,,,,,,,ED14,1,2024-01-23_13h42.14.522,rating,2023.2.3,60.000615819234966,2024-01-23 13h42.30.089819 +0800,
neu_85.jpg,0.0,134.0,134.0,368.0,716.3715741835204,,,,,,,,,,,,,,,,,,,,,,,716.3429987472764,,716.3430306783239,716.3430380908881,716.3715741835204,717.354863982292,717.3715171637932,718.3548545740368,718.3548545740368,718.6381910149453,718.5883899852834,718.588398538242,718.6381910149453,718.6381910149453,718.6381910149453,718.6381910149453,718.6381910149453,718.6381910149453,0.0452153606584033,720.1388538692731,[323.0],[-366.0],[1],[0],[0],[1.5000228078911277],720.1394753842987,720.1426998498669,,,,,,,,,,,,,,ED14,1,2024-01-23_13h42.14.522,rating,2023.2.3,60.000615819234966,2024-01-23 13h42.30.089819 +0800,
neu_86.jpg,0.0,34.0,34.0,369.0,225.06821127405465,,,,,,,,,,,,,,,,,,,,,,,225.03940433771868,,225.03943683896296,225.03944453662643,225.06821127405465,226.0515743431756,226.0682181164216,227.05159772126356,227.05159772126356,227.3182108464066,227.2850775382758,227.2850872316294,227.3182108464066,227.3182108464066,227.3182108464066,227.3182108464066,227.3182108464066,227.3182108464066,0.0288592519355006,229.3520332379394,[29.0],[-349.0],[1],[0],[0],[2.0334246789361714],229.35250536127975,229.35581079486064,,,,,,,,,,,,,,ED14,1,2024-01-23_13h42.14.522,rating,2023.2.3,60.000615819234966,2024-01-23 13h42.30.089819 +0800,
neu_87.jpg,0.0,24.0,24.0,370.0,163.9344541130895,,,,,,,,,,,,,,,,,,,,,,,163.90536236321668,,163.90539400916532,163.90540170682834,163.9344541130895,164.91779950609498,164.9344578193718,165.91783115204362,165.91783115204362,166.16772067632246,166.15139279236428,166.15140277081673,166.16772067632246,166.16772067632246,166.16772067632246,166.16772067632246,166.16772067632246,166.16772067632246,0.0123862527716482,166.95158084342438,[11.0],[-345.0],[1],[0],[0],[0.7835337291639917],166.9520136231531,166.95533701794784,,,,,,,,,,,,,,ED14,1,2024-01-23_13h42.14.522,rating,2023.2.3,60.000615819234966,2024-01-23 13h42.30.089819 +0800,
neu_88.jpg,0.0,103.0,103.0,371.0,578.4205837793702,,,,,,,,,,,,,,,,,,,,,,,578.391925094325,,578.3919573104708,578.391964723035,578.4205837793702,579.4039582524365,579.4205849197647,580.4039297425729,580.4039297425729,580.6873106588687,580.6375586661716,580.6375683595252,580.6873106588687,580.6873106588687,580.6873106588687,580.6873106588687,580.6873106588687,580.6873106588687,0.0454055214481741,581.2878444205339,[4.0],[-355.0],[1],[0],[0],[0.6000080397816419],581.2885836812961,581.2919669468047,,,,,,,,,,,,,,ED14,1,2024-01-23_13h42.14.522,rating,2023.2.3,60.000615819234966,2024-01-23 13h42.30.089819 +0800,
neu_89.jpg,0.0,106.0,106.0,372.0,591.7206982749822,,,,,,,,,,,,,,,,,,,,,,,591.6920301816817,,591.692061542532,591.6920689550961,591.7206982749822,592.7039892141484,592.7206529442992,593.7040145879268,593.7040145879268,593.9873564457093,593.9376018871249,593.9376112953796,593.9873564457093,593.9873564457093,593.9873564457093,593.9873564457093,593.9873564457093,593.9873564457093,0.0453439401430841,596.2879416391688,[397.0],[-361.0],[1],[0],[0],[2.299972231392985],596.2885833961977,596.2921000878673,,,,,,,,,,,,,,ED14,1,2024-01-23_13h42.14.522,rating,2023.2.3,60.000615819234966,2024-01-23 13h42.30.089819 +0800,
neu_9.jpg,0.0,234.0,234.0,373.0,1122.757570936817,,,,,,,,,,,,,,,,,,,,,,,1122.7296985538087,,1122.7297304848555,1122.7297378974204,1122.757570936817,1123.740920891401,1123.757580915269,1124.7409459800806,1124.7409459800806,1125.0575979071475,1124.9744605791266,1124.974471412875,1125.0575979071475,1125.0575979071475,1125.0575979071475,1125.0575979071475,1125.0575979071475,1125.0575979071475,0.0779210208352196,1125.475297343622,[335.0],[-369.0],[1],[0],[0],[0.41671784187155936],1125.476199110606,1125.479433554627,,,,,,,,,,,,,,ED14,1,2024-01-23_13h42.14.522,rating,2023.2.3,60.000615819234966,2024-01-23 13h42.30.089819 +0800,
neu_90.jpg,0.0,355.0,355.0,374.0,1618.6275921880692,,,,,,,,,,,,,,,,,,,,,,,1618.6006660474327,,1618.6006982635786,1618.6007056761423,1618.6275921880692,1619.610927317524,1619.6275916178715,1620.610961244262,1620.610961244262,1620.960941486926,1620.8444898131406,1620.8444995064942,1620.960941486926,1620.960941486926,1620.960941486926,1620.960941486926,1620.960941486926,1620.960941486926,0.1103010983706553,1621.4292108640825,[30.0],[-336.0],[1],[0],[0],[0.4666417490461754],1621.4303820492771,1621.4335132875915,,,,,,,,,,,,,,ED14,1,2024-01-23_13h42.14.522,rating,2023.2.3,60.000615819234966,2024-01-23 13h42.30.089819 +0800,
neu_91.jpg,0.0,292.0,292.0,375.0,1358.9258834779066,,,,,,,,,,,,,,,,,,,,,,,1358.8985100175105,,1358.8985430889525,1358.898550501517,1358.9258834779066,1359.9091789786512,1359.9258432789993,1360.9091841104264,1360.9091841104264,1361.2425225755355,1361.142762286468,1361.142772550019,1361.2425225755355,1361.2425225755355,1361.2425225755355,1361.2425225755355,1361.2425225755355,1361.2425225755355,0.0940365063102035,1363.2438095107764,[27.0],[27.0],[1],[0],[0],[2.000041054203848],1363.2447526170629,1363.2480244090048,,,,,,,,,,,,,,ED14,1,2024-01-23_13h42.14.522,rating,2023.2.3,60.000615819234966,2024-01-23 13h42.30.089819 +0800,
neu_92.jpg,0.0,141.0,141.0,376.0,748.1383991369494,,,,,,,,,,,,,,,,,,,,,,,748.1098533509639,,748.1098915541811,748.109898396548,748.1383991369494,749.1217339813056,749.1383974263576,750.1217405385742,750.1217405385742,750.4050079856129,750.3552693925517,750.3552782306092,750.4050079856129,750.4050079856129,750.4050079856129,750.4050079856129,750.4050079856129,750.4050079856129,0.0451660385942886,753.3057708525416,[-52.0],[-357.0],[1],[0],[0],[2.9001550366383526],753.3064436853219,753.3097180431514,,,,,,,,,,,,,,ED14,1,2024-01-23_13h42.14.522,rating,2023.2.3,60.000615819234966,2024-01-23 13h42.30.089819 +0800,
neu_93.jpg,0.0,129.0,129.0,377.0,695.3713694826997,,,,,,,,,,,,,,,,,,,,,,,695.3428690273972,,695.3429006733459,695.3429083710089,695.3713694826997,696.3547530789228,696.3714031243389,697.3547137353107,697.3547137353107,697.6380567334882,697.5882611206998,697.5882702438562,697.6380567334882,697.6380567334882,697.6380567334882,697.6380567334882,697.6380567334882,697.6380567334882,0.0452139351650657,698.8387017406412,[215.0],[-361.0],[1],[0],[0],[1.200028338804259],698.839385692268,698.8426549183218,,,,,,,,,,,,,,ED14,1,2024-01-23_13h42.14.522,rating,2023.2.3,60.000615819234966,2024-01-23 13h42.30.089819 +0800,
neu_94.jpg,0.0,87.0,87.0,378.0,499.320051158099,,,,,,,,,,,,,,,,,,,,,,,499.291166960033,,499.29119889108006,499.2912063036447,499.320051158099,500.3034016828801,500.3200537239868,501.3034093805432,501.3034093805432,501.5867312814212,501.5369285411675,501.5369370941262,501.5867312814212,501.5867312814212,501.5867312814212,501.5867312814212,501.5867312814212,501.5867312814212,0.0455845633914577,502.9873359186077,[18.0],[-345.0],[1],[0],[0],[1.4001496197638517],502.98791637942986,502.9911799035112,,,,,,,,,,,,,,ED14,1,2024-01-23_13h42.14.522,rating,2023.2.3,60.000615819234966,2024-01-23 13h42.30.089819 +0800,
neu_95.jpg,0.0,100.0,100.0,379.0,563.5704971949144,,,,,,,,,,,,,,,,,,,,,,,563.5420332322374,,563.542064878186,563.5420722907502,563.5704971949144,564.5538212055226,564.5704897823498,565.5538582683448,565.5538582683448,565.8371627782062,565.7873854117306,565.7873948199858,565.8371627782062,565.8371627782062,565.8371627782062,565.8371627782062,565.8371627782062,565.8371627782062,0.0451480773804178,568.3877116215895,[325.0],[158.0],[1],[0],[0],[2.5500399423185627],568.3882818188608,568.3915159777825,,,,,,,,,,,,,,ED14,1,2024-01-23_13h42.14.522,rating,2023.2.3,60.000615819234966,2024-01-23 13h42.30.089819 +0800,
neu_96.jpg,0.0,351.0,351.0,380.0,1599.3608142759151,,,,,,,,,,,,,,,,,,,,,,,1599.334496535766,,1599.334528181715,1599.3345353091804,1599.3608142759151,1600.3441325845502,1600.360832522228,1601.3441160488296,1601.3441160488296,1601.6941533112208,1601.577671987177,1601.5776811103335,1601.6941533112208,1601.6941533112208,1601.6941533112208,1601.6941533112208,1601.6941533112208,1601.6941533112208,0.109680153543195,1603.4457209260686,[29.0],[-353.0],[1],[0],[0],[1.7499861727164898],1603.4468399382135,1603.4501308317635,,,,,,,,,,,,,,ED14,1,2024-01-23_13h42.14.522,rating,2023.2.3,60.000615819234966,2024-01-23 13h42.30.089819 +0800,
neu_97.jpg,0.0,305.0,305.0,381.0,1413.8262095737264,,,,,,,,,,,,,,,,,,,,,,,1413.7990054619197,,1413.7990379631642,1413.7990456608272,1413.8262095737264,1414.8095595283098,1414.8262144204032,1415.809552685943,1415.809552685943,1416.142894857334,1416.0431060584028,1416.0431148964608,1416.142894857334,1416.142894857334,1416.142894857334,1416.142894857334,1416.142894857334,1416.142894857334,0.0939119182062313,1418.3442845421228,[18.0],[-334.0],[1],[0],[0],[2.200044874525247],1418.345357653387,1418.3486582402911,,,,,,,,,,,,,,ED14,1,2024-01-23_13h42.14.522,rating,2023.2.3,60.000615819234966,2024-01-23 13h42.30.089819 +0800,
neu_98.jpg,0.0,27.0,27.0,382.0,183.884593782911,,,,,,,,,,,,,,,,,,,,,,,183.85555021470785,,183.85558214575485,183.85558955831948,183.884593782911,184.86792577628057,184.8845926425165,185.86798023012037,185.86798023012037,186.1346044741099,186.10146432361216,186.10147344676847,186.1346044741099,186.1346044741099,186.1346044741099,186.1346044741099,186.1346044741099,186.1346044741099,0.0290676590379916,189.01825087425505,[-12.0],[-352.0],[1],[0],[0],[2.883317681418248],189.0187255634833,189.0219679902657,,,,,,,,,,,,,,ED14,1,2024-01-23_13h42.14.522,rating,2023.2.3,60.000615819234966,2024-01-23 13h42.30.089819 +0800,
neu_99.jpg,0.0,61.0,61.0,383.0,365.4858143471897,,,,,,,,,,,,,,,,,,,,,,,365.457024516772,,365.45705701801626,365.4570647156797,365.4858143471897,366.4691520425322,366.4858274617268,367.4691540382223,367.4691540382223,367.73583074036105,367.7027085510772,367.7027179593324,367.73583074036105,367.73583074036105,367.73583074036105,367.73583074036105,367.73583074036105,367.73583074036105,0.028820193422689,371.36964406575726,[-1.0],[-368.0],[1],[0],[0],[3.6334110512216284],371.3701740641209,371.37338883633583,,,,,,,,,,,,,,ED14,1,2024-01-23_13h42.14.522,rating,2023.2.3,60.000615819234966,2024-01-23 13h42.30.089819 +0800,
,,,,,,,0.0167714974350019,0.050122620923048,0.050122620923048,9.10048215881261,space,9.038095449882803,,,,,,,,,,,,,,,,,,,,,,,,,,,,,,,,,,,,,,,,,,,,,,,,,,,,,,,,,ED14,1,2024-01-23_13h42.14.522,rating,2023.2.3,60.000615819234966,2024-01-23 13h42.30.089819 +0800,
,,,,,,,,,,,,,,9.10050154551982,9.133411621418418,9.133411621418418,10.483782449213775,space,1.3348631726116764,,,,,,,,,,,,,,,,,,,,,,,,,,,,,,,,,,,,,,,,,,,,,,,,,,ED14,1,2024-01-23_13h42.14.522,rating,2023.2.3,60.000615819234966,2024-01-23 13h42.30.089819 +0800,
,,,,,,,,,,,,,,,,,,,,,10.483800980625348,10.516753251122282,10.516753251122282,12.40048518085814,return,1.876592774802248,,,,,,,,,,,,,,,,,,,,,,,,,,,,,,,,,,,,,,,,,,,ED14,1,2024-01-23_13h42.14.522,rating,2023.2.3,60.000615819234966,2024-01-23 13h42.30.089819 +0800,
,,,,,,,,,,,,,,,,,,,,,,,,,,,,,,,,,,,,,,,,,,,,,,,,,,,,,,,,,,,,,,1725.668018319298,1725.6949775313765,1725.6949775313765,2015.7140015931316,space,290.0055329092211,,ED14,1,2024-01-23_13h42.14.522,rating,2023.2.3,60.000615819234966,2024-01-23 13h42.30.089819 +0800,
