stimulus_filename,trials.thisRepN,trials.thisTrialN,trials.thisN,trials.thisIndex,thisRow.t,notes,welcome.started,welcome_image.started,welcome_key_resp.started,welcome.stopped,welcome_key_resp.keys,welcome_key_resp.rt,welcome_key_resp.duration,instruction.started,instruction_image.started,instruction_key_resp.started,instruction.stopped,instruction_key_resp.keys,instruction_key_resp.rt,instruction_key_resp.duration,start.started,start_image.started,key_resp.started,start.stopped,key_resp.keys,key_resp.rt,key_resp.duration,block_info.started,block_text.started,block_info.stopped,img_presentation.started,ISI_text.started,stimulus_image.started,ISI_text.stopped,stimulus_image.stopped,text.started,text.stopped,img_presentation.stopped,evaluation.started,horizontal_polygon.started,vertical_polygon.started,ha_text.started,la_text.started,negative_text.started,positive_text.started,mouse.started,evaluation.stopped,mouse.x,mouse.y,mouse.leftButton,mouse.midButton,mouse.rightButton,mouse.time,rest.started,rest.stopped,key_resp_2.keys,rest_image.started,key_resp_2.started,key_resp_2.rt,key_resp_2.duration,block_text.stopped,end.started,end_image.started,key_resp_3.started,end.stopped,key_resp_3.keys,key_resp_3.rt,key_resp_3.duration,participant,session,date,expName,psychopyVersion,frameRate,expStart,Unnamed: 76
neg_1.jpg,0.0,311.0,311.0,0.0,1571.500743252143,,,,,,,,,,,,,,,,,,,,,,,1571.473330733234,,1571.4733615238863,1571.473368081155,1571.500743252143,1572.4840624160745,1572.5007238654357,1573.4840684031456,1573.4840684031456,1573.8174185572984,1573.717642872905,1573.7176508556668,1573.8174185572984,1573.8174185572984,1573.8174185572984,1573.8174185572984,1573.8174185572984,1573.8174185572984,0.0941317292545136,1575.218806930634,[-339.0],[-185.0],[1],[0],[0],[1.3999891092321377],1575.2198672124596,1575.2230420708652,,,,,,,,,,,,,,ED19,1,2024-01-26_13h37.28.320,rating,2023.2.3,60.006774708499975,2024-01-26 13h37.41.406117 +0800,
neg_10.jpg,0.0,257.0,257.0,1.0,1287.0988029278492,,,,,,,,,,,,,,,,,,,,,,,1287.0706924874798,,1287.070722993034,1287.0707298354014,1287.0988029278492,1288.0821480357558,1288.0988080596244,1289.0821962174257,1289.0821962174257,1289.3987549172389,1289.315682876805,1289.3156917148626,1289.3987549172389,1289.3987549172389,1289.3987549172389,1289.3987549172389,1289.3987549172389,1289.3987549172389,0.078087233340284,1292.1500080682913,[351.0],[296.0],[1],[0],[0],[2.7501617934753995],1292.1508870273851,1292.1539156301906,,,,,,,,,,,,,,ED19,1,2024-01-26_13h37.28.320,rating,2023.2.3,60.006774708499975,2024-01-26 13h37.41.406117 +0800,
neg_100.jpg,0.0,195.0,195.0,2.0,952.5132117558716,,,,,,,,,,,,,,,,,,,,,,,952.4848957593858,,952.484927120236,952.484934247702,952.5132117558716,953.496546885326,953.5132120409698,954.4965511618057,954.4965511618057,954.796556749739,954.7301641198806,954.7301721026424,954.796556749739,954.796556749739,954.796556749739,954.796556749739,954.796556749739,954.796556749739,0.0616823727505106,961.7975722710788,[-159.0],[174.0],[1],[0],[0],[7.000187024705156],961.7983289228578,961.8014709949202,,,,,,,,,,,,,,ED19,1,2024-01-26_13h37.28.320,rating,2023.2.3,60.006774708499975,2024-01-26 13h37.41.406117 +0800,
neg_101.jpg,0.0,51.0,51.0,3.0,302.19217558198625,,,,,,,,,,,,,,,,,,,,,,,302.1629957366349,,302.1630270974852,302.1630339398521,302.19217558198625,303.17547878039386,303.1921581909696,304.1754816313801,304.1754816313801,304.44217059276025,304.40907320705765,304.4090814749179,304.44217059276025,304.44217059276025,304.44217059276025,304.44217059276025,304.44217059276025,304.44217059276025,0.0291925322403585,309.47589548055976,[-327.0],[-288.0],[1],[0],[0],[5.033363382729931],309.4764106537941,309.4794133126238,,,,,,,,,,,,,,ED19,1,2024-01-26_13h37.28.320,rating,2023.2.3,60.006774708499975,2024-01-26 13h37.41.406117 +0800,
neg_102.jpg,0.0,287.0,287.0,4.0,1440.1331747044528,,,,,,,,,,,,,,,,,,,,,,,1440.1053921275145,,1440.1054229181673,1440.105430045633,1440.1331747044528,1441.1165098339077,1441.133201788823,1442.1165317865025,1442.1165317865025,1442.449853145693,1442.3500646318607,1442.3500823079762,1442.449853145693,1442.449853145693,1442.449853145693,1442.449853145693,1442.449853145693,1442.449853145693,0.094486962153951,1444.4511942496747,[-261.0],[114.0],[1],[0],[0],[2.0000846742946123],1444.4522063498312,1444.4554610358546,,,,,,,,,,,,,,ED19,1,2024-01-26_13h37.28.320,rating,2023.2.3,60.006774708499975,2024-01-26 13h37.41.406117 +0800,
neg_103.jpg,0.0,174.0,174.0,5.0,856.6958952638847,,,,,,,,,,,,,,,,,,,,,,,856.6675065672471,,856.6675379280973,856.6675447704642,856.6958952638847,857.6792420823836,857.6958955489831,858.6792748687267,858.6792748687267,858.979270763306,858.912788897575,858.9127968803368,858.979270763306,858.979270763306,858.979270763306,858.979270763306,858.979270763306,858.979270763306,0.0617855784566927,861.046722819694,[-60.0],[-303.0],[1],[0],[0],[2.066730186642417],861.0474663569357,861.0505887571926,,,,,,,,,,,,,,ED19,1,2024-01-26_13h37.28.320,rating,2023.2.3,60.006774708499975,2024-01-26 13h37.41.406117 +0800,
neg_104.jpg,0.0,49.0,49.0,6.0,293.8587475959057,,,,,,,,,,,,,,,,,,,,,,,293.82971058497105,,293.829738239539,293.8297442266103,293.8587475959057,294.84208529124817,294.8587589998515,295.8420927038128,295.8420927038128,296.1087599976963,296.0756449358787,296.0756523484433,296.1087599976963,296.1087599976963,296.1087599976963,296.1087599976963,296.1087599976963,296.1087599976963,0.029069939826968,298.00924489345607,[-380.0],[-316.0],[1],[0],[0],[1.9001268118731787],298.0097204379799,298.01283228958755,,,,,,,,,,,,,,ED19,1,2024-01-26_13h37.28.320,rating,2023.2.3,60.006774708499975,2024-01-26 13h37.41.406117 +0800,
neg_105.jpg,0.0,16.0,16.0,7.0,109.54083125639,,,,,,,,,,,,,,,,,,,,,,,109.51165996399776,,109.5116924652425,109.51169987780668,109.54083125639,110.52420116787836,110.54086005135196,111.5242045890618,111.5242045890618,111.7742152802607,111.7577017970907,111.75771006495144,111.7742152802607,111.7742152802607,111.7742152802607,111.7742152802607,111.7742152802607,111.7742152802607,0.0125715668850716,117.14127065040702,[-334.0],[-67.0],[1],[0],[0],[5.366690158793972],117.14170000895228,117.14484179591636,,,,,,,,,,,,,,ED19,1,2024-01-26_13h37.28.320,rating,2023.2.3,60.006774708499975,2024-01-26 13h37.41.406117 +0800,
neg_106.jpg,0.0,65.0,65.0,8.0,385.5927132209931,,,,,,,,,,,,,,,,,,,,,,,385.56372125564303,,385.5637526164928,385.5637594588602,385.5927132209931,386.5760420782781,386.5927368841799,387.5760494908423,387.5760494908423,387.84273531613735,387.80957720442575,387.8095851871872,387.84273531613735,387.84273531613735,387.84273531613735,387.84273531613735,387.84273531613735,387.84273531613735,0.0290325919058886,390.67651939041343,[-258.0],[77.0],[1],[0],[0],[2.8333464478705537],390.6770365593384,390.6801715039355,,,,,,,,,,,,,,ED19,1,2024-01-26_13h37.28.320,rating,2023.2.3,60.006774708499975,2024-01-26 13h37.41.406117 +0800,
neg_107.jpg,0.0,313.0,313.0,9.0,1580.417461379113,,,,,,,,,,,,,,,,,,,,,,,1580.3898187856053,,1580.3898492911594,1580.3898561335268,1580.417461379113,1581.400792802286,1581.4174551069436,1582.4007936575815,1582.4007936575815,1582.7508018399126,1582.6343222264609,1582.634329924124,1582.7508018399126,1582.7508018399126,1582.7508018399126,1582.7508018399126,1582.7508018399126,1582.7508018399126,0.1110067174940923,1584.952350324642,[-215.0],[-334.0],[1],[0],[0],[2.200135250792755],1584.9534060448896,1584.9565652228705,,,,,,,,,,,,,,ED19,1,2024-01-26_13h37.28.320,rating,2023.2.3,60.006774708499975,2024-01-26 13h37.41.406117 +0800,
neg_108.jpg,0.0,212.0,212.0,10.0,1040.8138399992245,,,,,,,,,,,,,,,,,,,,,,,1040.7855425341509,,1040.7855738950009,1040.785580737368,1040.8138399992245,1041.7971440529282,1041.8138405694222,1042.7971480443089,1042.7971480443089,1043.1138304769302,1043.0307401901837,1043.0307478878467,1043.1138304769302,1043.1138304769302,1043.1138304769302,1043.1138304769302,1043.1138304769302,1043.1138304769302,0.0783116059660642,1044.9481807570965,[-318.0],[-115.0],[1],[0],[0],[1.8334755975524786],1044.9490032666604,1044.9522120518036,,,,,,,,,,,,,,ED19,1,2024-01-26_13h37.28.320,rating,2023.2.3,60.006774708499975,2024-01-26 13h37.41.406117 +0800,
neg_109.jpg,0.0,10.0,10.0,11.0,75.79059875845269,,,,,,,,,,,,,,,,,,,,,,,75.761515561539,,75.76154321610647,75.76154920317776,75.79059875845269,76.77393844948529,76.79060417532673,77.77396695934885,77.77396695934885,78.02394571950072,78.00752232749983,78.00753002516285,78.02394571950072,78.02394571950072,78.02394571950072,78.02394571950072,78.02394571950072,78.02394571950072,0.012450970161808,83.85761546922413,[-160.0],[-332.0],[1],[0],[0],[5.833389782862923],83.85805338072805,83.86118661473301,,,,,,,,,,,,,,ED19,1,2024-01-26_13h37.28.320,rating,2023.2.3,60.006774708499975,2024-01-26 13h37.41.406117 +0800,
neg_11.jpg,0.0,112.0,112.0,12.0,580.7940438903647,,,,,,,,,,,,,,,,,,,,,,,580.7652771529365,,580.7653093690824,580.7653162114498,580.7940438903647,581.7773767390304,581.7940304907288,582.7773992618227,582.7773992618227,583.0607240136869,583.0109249797156,583.0109326773786,583.0607240136869,583.0607240136869,583.0607240136869,583.0607240136869,583.0607240136869,583.0607240136869,0.0454668176548693,583.661414579602,[-103.0],[-183.0],[1],[0],[0],[0.6001414659431248],583.6620423667978,583.6651445250513,,,,,,,,,,,,,,ED19,1,2024-01-26_13h37.28.320,rating,2023.2.3,60.006774708499975,2024-01-26 13h37.41.406117 +0800,
neg_110.jpg,0.0,262.0,262.0,13.0,1315.08232479691,,,,,,,,,,,,,,,,,,,,,,,1315.0542710911695,,1315.054302166921,1315.054309009288,1315.08232479691,1316.065665913436,1316.082330498883,1317.0656730409023,1317.0656730409023,1317.3990097954193,1317.2992056011622,1317.2992135839236,1317.3990097954193,1317.3990097954193,1317.3990097954193,1317.3990097954193,1317.3990097954193,1317.3990097954193,0.0947617972387888,1318.900159313118,[-315.0],[203.0],[1],[0],[0],[1.5000236631863118],1318.9010493910578,1318.9041854760494,,,,,,,,,,,,,,ED19,1,2024-01-26_13h37.28.320,rating,2023.2.3,60.006774708499975,2024-01-26 13h37.41.406117 +0800,
neg_111.jpg,0.0,264.0,264.0,14.0,1325.465732854596,,,,,,,,,,,,,,,,,,,,,,,1325.437904661876,,1325.4379328866407,1325.4379391588109,1325.465732854596,1326.4490682691494,1326.4657331396943,1327.4490756817136,1327.4490756817136,1327.7824150021183,1327.6826136588477,1327.682621641609,1327.7824150021183,1327.7824150021183,1327.7824150021183,1327.7824150021183,1327.7824150021183,1327.7824150021183,0.0945391352047408,1331.2836172630646,[-192.0],[320.0],[1],[0],[0],[3.5000815382095425],1331.2845364210657,1331.2876636679994,,,,,,,,,,,,,,ED19,1,2024-01-26_13h37.28.320,rating,2023.2.3,60.006774708499975,2024-01-26 13h37.41.406117 +0800,
neg_112.jpg,0.0,236.0,236.0,15.0,1163.8146354244177,,,,,,,,,,,,,,,,,,,,,,,1163.786603956371,,1163.7866341768265,1163.786641304292,1163.8146354244177,1164.79799193627,1164.8146394157989,1165.7980144590624,1165.7980144590624,1166.1146723732013,1166.0315179392614,1166.031525922023,1166.1146723732013,1166.1146723732013,1166.1146723732013,1166.1146723732013,1166.1146723732013,1166.1146723732013,0.078091509819842,1169.1990236512129,[-329.0],[-158.0],[1],[0],[0],[3.0833463053213563],1169.199866687878,1169.2029620037647,,,,,,,,,,,,,,ED19,1,2024-01-26_13h37.28.320,rating,2023.2.3,60.006774708499975,2024-01-26 13h37.41.406117 +0800,
neg_113.jpg,0.0,277.0,277.0,16.0,1387.7328420513643,,,,,,,,,,,,,,,,,,,,,,,1387.705195181377,,1387.7052262571283,1387.7052330994957,1387.7328420513643,1388.716169483156,1388.732843191759,1389.7161557984218,1389.7161557984218,1390.049501105898,1389.9496926351612,1389.9497003328242,1390.049501105898,1390.049501105898,1390.049501105898,1390.049501105898,1390.049501105898,1390.049501105898,0.0943310132006445,1390.5508470565564,[-84.0],[-325.0],[1],[0],[0],[0.5001394132327732],1390.55181582172,1390.5549695828267,,,,,,,,,,,,,,ED19,1,2024-01-26_13h37.28.320,rating,2023.2.3,60.006774708499975,2024-01-26 13h37.41.406117 +0800,
neg_114.jpg,0.0,346.0,346.0,17.0,1716.601704661762,,,,,,,,,,,,,,,,,,,,,,,1716.574475746374,,1716.5745065370263,1716.574513379394,1716.601704661762,1717.585043497499,1717.6017103637346,1718.5850491994715,1718.5850491994715,1718.9350553861125,1718.8186233841325,1718.8186313668944,1718.9350553861125,1718.9350553861125,1718.9350553861125,1718.9350553861125,1718.9350553861125,1718.9350553861125,0.1106064390100982,1720.336648460268,[-289.0],[71.0],[1],[0],[0],[1.4000543968199963],1720.3377107377842,1720.340875332639,,,,,,,,,,,,,,ED19,1,2024-01-26_13h37.28.320,rating,2023.2.3,60.006774708499975,2024-01-26 13h37.41.406117 +0800,
neg_115.jpg,0.0,244.0,244.0,18.0,1222.3316934459815,,,,,,,,,,,,,,,,,,,,,,,1222.3036494335947,,1222.3036807944443,1222.3036879219103,1222.3316934459815,1223.3150411197762,1223.3317008585464,1224.315070484936,1224.315070484936,1224.6317130037482,1224.54861672993,1224.5486244275935,1224.6317130037482,1224.6317130037482,1224.6317130037482,1224.6317130037482,1224.6317130037482,1224.6317130037482,0.0780866631425851,1227.216147530561,[-323.0],[-319.0],[1],[0],[0],[2.583382227749098],1227.2170501528417,1227.2202766141004,,,,,,,,,,,,,,ED19,1,2024-01-26_13h37.28.320,rating,2023.2.3,60.006774708499975,2024-01-26 13h37.41.406117 +0800,
neg_116.jpg,0.0,91.0,91.0,19.0,498.2934659954308,,,,,,,,,,,,,,,,,,,,,,,498.2646938411285,,498.2647252019783,498.2647320443457,498.2934659954308,499.2767988440965,499.2934791099679,500.2768093927457,500.2768093927457,500.5601595183889,500.5103550675431,500.5103627652061,500.5601595183889,500.5601595183889,500.5601595183889,500.5601595183889,500.5601595183889,500.5601595183889,0.0454901957432412,501.1606277073679,[-306.0],[176.0],[1],[0],[0],[0.5999969209347],501.1611856453978,501.164364780283,,,,,,,,,,,,,,ED19,1,2024-01-26_13h37.28.320,rating,2023.2.3,60.006774708499975,2024-01-26 13h37.41.406117 +0800,
neg_117.jpg,0.0,138.0,138.0,20.0,700.5948380611239,,,,,,,,,,,,,,,,,,,,,,,700.5663102363528,,700.5663413121038,700.56634843957,700.5948380611239,701.5781749011708,701.5948420525051,702.5781814584393,702.5781814584393,702.8614933808649,702.8117793062866,702.8117884294429,702.8614933808649,702.8614933808649,702.8614933808649,702.8614933808649,702.8614933808649,702.8614933808649,0.0452133649678216,704.6622405103494,[-317.0],[235.0],[1],[0],[0],[1.8001290356423851],704.6628845481673,704.6659738769822,,,,,,,,,,,,,,ED19,1,2024-01-26_13h37.28.320,rating,2023.2.3,60.006774708499975,2024-01-26 13h37.41.406117 +0800,
neg_118.jpg,0.0,3.0,3.0,21.0,33.173644170673924,,,,,,,,,,,,,,,,,,,,,,,33.144389914578824,,33.144420420132974,33.14442754759875,33.173644170673924,34.157001537822,34.17364930244912,35.15698357660813,35.15698357660813,35.406996263497604,35.39052326433375,35.39053124709562,35.406996263497604,35.406996263497604,35.406996263497604,35.406996263497604,35.406996263497604,35.406996263497604,0.012625450527139,37.09074547021055,[-357.0],[320.0],[1],[0],[0],[1.6834484276523654],37.09113577024255,37.09421740139442,,,,,,,,,,,,,,ED19,1,2024-01-26_13h37.28.320,rating,2023.2.3,60.006774708499975,2024-01-26 13h37.41.406117 +0800,
neg_119.jpg,0.0,183.0,183.0,22.0,894.312813359038,,,,,,,,,,,,,,,,,,,,,,,894.2843853187887,,894.2844163945401,894.2844235220059,894.312813359038,895.2961781387507,895.3128070868679,896.2961604626353,896.2961604626353,896.5961637697797,896.5297500426223,896.5297580253841,896.5961637697797,896.5961637697797,896.5961637697797,896.5961637697797,896.5961637697797,896.5961637697797,0.0618023992760754,898.9971242100632,[-351.0],[219.0],[1],[0],[0],[2.400136505226783],898.9979045250288,899.0009282811575,,,,,,,,,,,,,,ED19,1,2024-01-26_13h37.28.320,rating,2023.2.3,60.006774708499975,2024-01-26 13h37.41.406117 +0800,
neg_12.jpg,0.0,272.0,272.0,23.0,1367.5826820255006,,,,,,,,,,,,,,,,,,,,,,,1367.5547178407314,,1367.554748631384,1367.5547554737514,1367.5826820255006,1368.566032265183,1368.582684591388,1369.5660604899476,1369.5660604899476,1369.899374436574,1369.7995722380074,1369.7995802207693,1369.899374436574,1369.899374436574,1369.899374436574,1369.899374436574,1369.899374436574,1369.899374436574,0.0946802590292463,1370.400673916155,[-300.0],[101.0],[1],[0],[0],[0.5001111884675993],1370.4016614978286,1370.404841202911,,,,,,,,,,,,,,ED19,1,2024-01-26_13h37.28.320,rating,2023.2.3,60.006774708499975,2024-01-26 13h37.41.406117 +0800,
neg_120.jpg,0.0,316.0,316.0,24.0,1593.4175394961394,,,,,,,,,,,,,,,,,,,,,,,1593.3898655417815,,1593.389896902631,1593.3899040300976,1593.4175394961394,1594.4008808977642,1594.4175551765647,1595.4009042758526,1595.4009042758526,1595.750921866438,1595.6344305639425,1595.6344473847616,1595.750921866438,1595.750921866438,1595.750921866438,1595.750921866438,1595.750921866438,1595.750921866438,0.1110799878433681,1598.6523130907603,[-249.0],[-353.0],[1],[0],[0],[2.900039286591891],1598.6533126465763,1598.6564952026456,,,,,,,,,,,,,,ED19,1,2024-01-26_13h37.28.320,rating,2023.2.3,60.006774708499975,2024-01-26 13h37.41.406117 +0800,
neg_121.jpg,0.0,95.0,95.0,25.0,510.5935488450941,,,,,,,,,,,,,,,,,,,,,,,510.56475616369016,,510.5647869543427,510.5647940818085,510.5935488450941,511.5769079228344,511.59355910864497,512.5769139099057,512.5769139099057,512.8602309641069,512.810431074839,512.810438772502,512.8602309641069,512.8602309641069,512.8602309641069,512.8602309641069,512.8602309641069,512.8602309641069,0.0454924765322175,513.5107744476359,[-354.0],[84.0],[1],[0],[0],[0.6500545393687389],513.5113147095503,513.5144450925686,,,,,,,,,,,,,,ED19,1,2024-01-26_13h37.28.320,rating,2023.2.3,60.006774708499975,2024-01-26 13h37.41.406117 +0800,
neg_122.jpg,0.0,323.0,323.0,26.0,1620.6843898233474,,,,,,,,,,,,,,,,,,,,,,,1620.6567483702338,,1620.6567800161824,1620.6567871436482,1620.6843898233474,1621.667728088887,1621.684394384925,1622.6677608752302,1622.6677608752302,1623.0177396924014,1622.9012700574017,1622.9012777550652,1623.0177396924014,1623.0177396924014,1623.0177396924014,1623.0177396924014,1623.0177396924014,1623.0177396924014,0.1110158406504524,1624.1191615363168,[-319.0],[-332.0],[1],[0],[0],[1.1000311327711643],1624.1201770576567,1624.123288909264,,,,,,,,,,,,,,ED19,1,2024-01-26_13h37.28.320,rating,2023.2.3,60.006774708499975,2024-01-26 13h37.41.406117 +0800,
neg_123.jpg,0.0,258.0,258.0,27.0,1292.182211099574,,,,,,,,,,,,,,,,,,,,,,,1292.1541417134083,,1292.1541725040615,1292.15417906133,1292.182211099574,1293.1655091662064,1293.1821891469797,1294.165532259196,1294.165532259196,1294.498852192893,1294.399086486952,1294.399094469714,1294.498852192893,1294.498852192893,1294.498852192893,1294.498852192893,1294.498852192893,1294.498852192893,0.0947464019127437,1295.833304253273,[-358.0],[259.0],[1],[0],[0],[1.3333344737275183],1295.834202028876,1295.8373386840644,,,,,,,,,,,,,,ED19,1,2024-01-26_13h37.28.320,rating,2023.2.3,60.006774708499975,2024-01-26 13h37.41.406117 +0800,
neg_124.jpg,0.0,357.0,357.0,28.0,1776.1187752276655,,,,,,,,,,,,,,,,,,,,,,,1776.0915830900017,,1776.0916135955558,1776.0916207230216,1776.1187752276655,1777.1021146335995,1777.118771806482,1778.1021417179704,1778.1021417179704,1778.4521293731996,1778.3356597382,1778.335667435863,1778.4521293731996,1778.4521293731996,1778.4521293731996,1778.4521293731996,1778.4521293731996,1778.4521293731996,0.1105739377653662,1782.0704196480856,[-216.0],[140.0],[1],[0],[0],[3.6167031307818434],1782.0715261158905,1782.0746744601229,,,,,,,,,,,,,,ED19,1,2024-01-26_13h37.28.320,rating,2023.2.3,60.006774708499975,2024-01-26 13h37.41.406117 +0800,
neg_125.jpg,0.0,344.0,344.0,29.0,1709.6516607850815,,,,,,,,,,,,,,,,,,,,,,,1709.6242955925463,,1709.624326953396,1709.6243337957635,1709.6516607850815,1710.6350004761148,1710.651683307874,1711.6350056078904,1711.6350056078904,1711.9850103690374,1711.8685395936432,1711.868547576405,1711.9850103690374,1711.9850103690374,1711.9850103690374,1711.9850103690374,1711.9850103690374,1711.9850103690374,0.1107421459601027,1713.6198942398105,[-246.0],[162.0],[1],[0],[0],[1.6333802605690835],1713.6209770444284,1713.6241279545484,,,,,,,,,,,,,,ED19,1,2024-01-26_13h37.28.320,rating,2023.2.3,60.006774708499975,2024-01-26 13h37.41.406117 +0800,
neg_126.jpg,0.0,58.0,58.0,30.0,340.1423950794256,,,,,,,,,,,,,,,,,,,,,,,340.1134564275203,,340.1134866479756,340.113493490343,340.1423950794256,341.1257669866045,341.1424004962996,342.1257652760128,342.1257652760128,342.3924302891073,342.35927132209963,342.35927901976265,342.3924302891073,342.3924302891073,342.3924302891073,342.3924302891073,342.3924302891073,342.3924302891073,0.0289921078997394,344.2262728086039,[-371.0],[332.0],[1],[0],[0],[1.833444521801539],344.22679168812056,344.22988586361225,,,,,,,,,,,,,,ED19,1,2024-01-26_13h37.28.320,rating,2023.2.3,60.006774708499975,2024-01-26 13h37.41.406117 +0800,
neg_127.jpg,0.0,157.0,157.0,31.0,781.4953859636821,,,,,,,,,,,,,,,,,,,,,,,781.4670069603981,,781.4670360404589,781.4670420275302,781.4953859636821,782.4787478924086,782.4953885295695,783.4787524539865,783.4787524539865,783.7787734372464,783.7123257833514,783.712333195916,783.7787734372464,783.7787734372464,783.7787734372464,783.7787734372464,783.7787734372464,783.7787734372464,0.061789854935796,785.8461542189752,[-338.0],[-82.0],[1],[0],[0],[2.066691128129605],785.846878939707,785.8499950677938,,,,,,,,,,,,,,ED19,1,2024-01-26_13h37.28.320,rating,2023.2.3,60.006774708499975,2024-01-26 13h37.41.406117 +0800,
neg_128.jpg,0.0,324.0,324.0,32.0,1624.151098855671,,,,,,,,,,,,,,,,,,,,,,,1624.1234964610708,,1624.123524400737,1624.1235306729072,1624.151098855671,1625.1344288533503,1625.1511116851098,1626.1344242917726,1626.1344242917726,1626.4844313337085,1626.3679776642325,1626.3679856469944,1626.4844313337085,1626.4844313337085,1626.4844313337085,1626.4844313337085,1626.4844313337085,1626.4844313337085,0.1109636676001173,1627.6858806041128,[-332.0],[53.0],[1],[0],[0],[1.2000172199577719],1627.6868838662112,1627.689987735057,,,,,,,,,,,,,,ED19,1,2024-01-26_13h37.28.320,rating,2023.2.3,60.006774708499975,2024-01-26 13h37.41.406117 +0800,
neg_129.jpg,0.0,369.0,369.0,33.0,1835.9025076705789,,,,,,,,,,,,,,,,,,,,,,,1835.8754652096984,,1835.875495430154,1835.87550255762,1835.9025076705789,1836.885884139336,1836.902515368242,1837.8858921220976,1837.8858921220976,1838.2525363800116,1838.1193884748309,1838.119396172494,1838.2525363800116,1838.2525363800116,1838.2525363800116,1838.2525363800116,1838.2525363800116,1838.2525363800116,0.127099109979099,1839.8875650808916,[-157.0],[-316.0],[1],[0],[0],[1.6333802605686287],1839.888686658924,1839.8917517543543,,,,,,,,,,,,,,ED19,1,2024-01-26_13h37.28.320,rating,2023.2.3,60.006774708499975,2024-01-26 13h37.41.406117 +0800,
neg_13.jpg,0.0,115.0,115.0,34.0,593.7441142812181,,,,,,,,,,,,,,,,,,,,,,,593.7155397002703,,593.7155702058244,593.7155770481913,593.7441142812181,594.72744998087,594.7441456420679,595.7274608146181,595.7274608146181,596.0107912684553,595.9610429820405,595.9610509648023,596.0107912684553,596.0107912684553,596.0107912684553,596.0107912684553,596.0107912684553,596.0107912684553,0.0452743760761222,597.6115437007743,[-341.0],[-28.0],[1],[0],[0],[1.6001619930443667],597.612176049548,597.6153489122635,,,,,,,,,,,,,,ED19,1,2024-01-26_13h37.28.320,rating,2023.2.3,60.006774708499975,2024-01-26 13h37.41.406117 +0800,
neg_130.jpg,0.0,249.0,249.0,35.0,1246.415195415158,,,,,,,,,,,,,,,,,,,,,,,1246.387347550632,,1246.3873803369752,1246.387388319737,1246.415195415158,1247.3985356763883,1247.4152028277226,1248.3985390975718,1248.3985390975718,1248.7152118368394,1248.6320961763145,1248.6321038739777,1248.7152118368394,1248.7152118368394,1248.7152118368394,1248.7152118368394,1248.7152118368394,1248.7152118368394,0.077885668604722,1250.7996392361863,[-369.0],[318.0],[1],[0],[0],[2.0834070313308075],1250.8005341608036,1250.8036779434583,,,,,,,,,,,,,,ED19,1,2024-01-26_13h37.28.320,rating,2023.2.3,60.006774708499975,2024-01-26 13h37.41.406117 +0800,
neg_131.jpg,0.0,83.0,83.0,36.0,452.6264874308568,,,,,,,,,,,,,,,,,,,,,,,452.5975690209543,,452.5976000967057,452.5976069390727,452.6264874308568,453.6098251261992,453.6264939881253,454.6098348195528,454.6098348195528,454.8932228633144,454.8434164167779,454.8434243995398,454.8932228633144,454.8932228633144,454.8932228633144,454.8932228633144,454.8932228633144,454.8932228633144,0.0456737992640228,455.527133407345,[-332.0],[149.0],[1],[0],[0],[0.6334324336189638],455.5277001834325,455.5308462468761,,,,,,,,,,,,,,ED19,1,2024-01-26_13h37.28.320,rating,2023.2.3,60.006774708499975,2024-01-26 13h37.41.406117 +0800,
neg_132.jpg,0.0,207.0,207.0,37.0,1012.5469437711369,,,,,,,,,,,,,,,,,,,,,,,1012.518652293134,,1012.5186833688854,1012.5186904963512,1012.5469437711369,1013.5302977171012,1013.5469503284052,1014.5303359203184,1014.5303359203184,1014.8469641841988,1014.763832843249,1014.763840540912,1014.8469641841988,1014.8469641841988,1014.8469641841988,1014.8469641841988,1014.8469641841988,1014.8469641841988,0.0783389754355994,1015.447951252695,[-355.0],[333.0],[1],[0],[0],[0.6001109603889745],1015.4487595073268,1015.45192239159,,,,,,,,,,,,,,ED19,1,2024-01-26_13h37.28.320,rating,2023.2.3,60.006774708499975,2024-01-26 13h37.41.406117 +0800,
neg_133.jpg,0.0,126.0,126.0,38.0,642.8444584522908,,,,,,,,,,,,,,,,,,,,,,,642.8157527259709,,642.8157832315246,642.815790073892,642.8444584522908,643.8277836032935,643.8444473334439,644.8278072664802,644.8278072664802,645.1111294524567,645.0613210102301,645.0613284227948,645.1111294524567,645.1111294524567,645.1111294524567,645.1111294524567,645.1111294524567,645.1111294524567,0.0454063767442676,646.5117543316464,[-321.0],[-102.0],[1],[0],[0],[1.4000230359697525],646.5124186114672,646.5155475689926,,,,,,,,,,,,,,ED19,1,2024-01-26_13h37.28.320,rating,2023.2.3,60.006774708499975,2024-01-26 13h37.41.406117 +0800,
neg_134.jpg,0.0,295.0,295.0,39.0,1477.233425363173,,,,,,,,,,,,,,,,,,,,,,,1477.2056752874792,,1477.2057037973427,1477.2057097844145,1477.233425363173,1478.2167530800634,1478.233423082384,1479.2167713263757,1479.2167713263757,1479.5501220507258,1479.4502993250576,1479.4503070227206,1479.5501220507258,1479.5501220507258,1479.5501220507258,1479.5501220507258,1479.5501220507258,1479.5501220507258,0.0944727072228488,1482.1514235830173,[-345.0],[-293.0],[1],[0],[0],[2.600071331678919],1482.152384365419,1482.1555101868594,,,,,,,,,,,,,,ED19,1,2024-01-26_13h37.28.320,rating,2023.2.3,60.006774708499975,2024-01-26 13h37.41.406117 +0800,
neg_135.jpg,0.0,21.0,21.0,40.0,140.29106090334108,,,,,,,,,,,,,,,,,,,,,,,140.26189645331624,,140.26192809926442,140.2619349416318,140.29106090334108,141.27439004572443,141.29107202218756,142.2743817778637,142.2743817778637,142.5243824906106,142.5079160487153,142.50792374637876,142.5243824906106,142.5243824906106,142.5243824906106,142.5243824906106,142.5243824906106,142.5243824906106,0.0125042836070861,145.57481244786277,[-209.0],[43.0],[1],[0],[0],[3.05013060368492],145.57521215614997,145.57835422821245,,,,,,,,,,,,,,ED19,1,2024-01-26_13h37.28.320,rating,2023.2.3,60.006774708499975,2024-01-26 13h37.41.406117 +0800,
neg_136.jpg,0.0,315.0,315.0,41.0,1590.2508531576673,,,,,,,,,,,,,,,,,,,,,,,1590.223371074691,,1590.2233990143573,1590.223405286527,1590.2508531576673,1591.2342108099142,1591.2508582894425,1592.2341974102785,1592.2341974102785,1592.5842021714252,1592.4677442254697,1592.4677522082316,1592.5842021714252,1592.5842021714252,1592.5842021714252,1592.5842021714252,1592.5842021714252,1592.5842021714252,0.1108593214994471,1593.385615576421,[-220.0],[-341.0],[1],[0],[0],[0.800013000497529],1593.386615417336,1593.3896303354072,,,,,,,,,,,,,,ED19,1,2024-01-26_13h37.28.320,rating,2023.2.3,60.006774708499975,2024-01-26 13h37.41.406117 +0800,
neg_137.jpg,0.0,206.0,206.0,42.0,1008.4135840376698,,,,,,,,,,,,,,,,,,,,,,,1008.3852837216092,,1008.3853116612754,1008.3853179334455,1008.4135840376698,1009.396952238566,1009.4135771953024,1010.3969300008724,1010.3969300008724,1010.7136204162556,1010.6304825180368,1010.6304902157,1010.7136204162556,1010.7136204162556,1010.7136204162556,1010.7136204162556,1010.7136204162556,1010.7136204162556,0.0783603578329348,1012.5145440217952,[-178.0],[281.0],[1],[0],[0],[1.8000543398002264],1012.5153192049856,1012.5184242142254,,,,,,,,,,,,,,ED19,1,2024-01-26_13h37.28.320,rating,2023.2.3,60.006774708499975,2024-01-26 13h37.41.406117 +0800,
neg_138.jpg,0.0,370.0,370.0,43.0,1839.91920475727,,,,,,,,,,,,,,,,,,,,,,,1839.8919784077696,,1839.8920091984223,1839.8920160407897,1839.91920475727,1840.902542737711,1840.9192364032187,1841.9025450185004,1841.9025450185004,1842.2692212074608,1842.136082425437,1842.1360901231,1842.2692212074608,1842.2692212074608,1842.2692212074608,1842.2692212074608,1842.2692212074608,1842.2692212074608,0.1272693138648719,1843.4376663194168,[-277.0],[126.0],[1],[0],[0],[1.1668100712804517],1843.43879188883,1843.4419359565832,,,,,,,,,,,,,,ED19,1,2024-01-26_13h37.28.320,rating,2023.2.3,60.006774708499975,2024-01-26 13h37.41.406117 +0800,
neg_139.jpg,0.0,161.0,161.0,44.0,796.9621557220153,,,,,,,,,,,,,,,,,,,,,,,796.933617348594,,796.9336475690498,796.9336544114167,796.9621557220153,797.9454951279495,797.962159713396,798.9455011150208,798.9455011150208,799.2455010009812,799.1790510662977,799.1790587639607,799.2455010009812,799.2455010009812,799.2455010009812,799.2455010009812,799.2455010009812,799.2455010009812,0.0619067453762909,800.3130049453212,[-301.0],[307.0],[1],[0],[0],[1.066816001331972],800.313692033033,800.3168189948678,,,,,,,,,,,,,,ED19,1,2024-01-26_13h37.28.320,rating,2023.2.3,60.006774708499975,2024-01-26 13h37.41.406117 +0800,
neg_14.jpg,0.0,6.0,6.0,45.0,50.72376251511741,,,,,,,,,,,,,,,,,,,,,,,50.69448374053991,,50.6945151013897,50.69452222885548,50.72376251511741,51.70710135085437,51.72380727560312,52.70710648263002,52.70710648263002,52.957119454617896,52.940642464073335,52.94065044683521,52.957119454617896,52.957119454617896,52.957119454617896,52.957119454617896,52.957119454617896,52.957119454617896,0.0126565262785334,61.84091125506711,[-18.0],[-332.0],[1],[0],[0],[8.883418036137755],61.84128901075928,61.84443792518914,,,,,,,,,,,,,,ED19,1,2024-01-26_13h37.28.320,rating,2023.2.3,60.006774708499975,2024-01-26 13h37.41.406117 +0800,
neg_140.jpg,0.0,228.0,228.0,46.0,1115.9809970355443,,,,,,,,,,,,,,,,,,,,,,,1115.9528991395157,,1115.9529302152669,1115.9529367725354,1115.9809970355443,1116.964326177928,1116.9809996014324,1117.9643307395063,1117.9643307395063,1118.281026856862,1118.1978795503885,1118.1978872480513,1118.281026856862,1118.281026856862,1118.281026856862,1118.281026856862,1118.281026856862,1118.281026856862,0.0781488146453739,1124.5320288360167,[338.0],[-58.0],[1],[0],[0],[6.250006699817732],1124.5328262569,1124.5359603462011,,,,,,,,,,,,,,ED19,1,2024-01-26_13h37.28.320,rating,2023.2.3,60.006774708499975,2024-01-26 13h37.41.406117 +0800,
neg_141.jpg,0.0,222.0,222.0,47.0,1091.0641417761303,,,,,,,,,,,,,,,,,,,,,,,1091.0360558542438,,1091.0360875001925,1091.03609434256,1091.0641417761303,1092.0474814671634,1092.0641882472082,1093.0474900201225,1093.0474900201225,1093.3641613338968,1093.2810188741,1093.281026571763,1093.3641613338968,1093.3641613338968,1093.3641613338968,1093.3641613338968,1093.3641613338968,1093.3641613338968,0.0781274322475837,1096.4485593680847,[-97.0],[-304.0],[1],[0],[0],[3.083466902044165],1096.4493884349172,1096.4525028524122,,,,,,,,,,,,,,ED19,1,2024-01-26_13h37.28.320,rating,2023.2.3,60.006774708499975,2024-01-26 13h37.41.406117 +0800,
neg_142.jpg,0.0,168.0,168.0,48.0,829.1123790397764,,,,,,,,,,,,,,,,,,,,,,,829.0839356042011,,829.0839672501497,829.0839740925171,829.1123790397764,830.0957184457106,830.1123781844808,831.0957369771222,831.0957369771222,831.3957471266335,831.3292946260617,831.3293026088236,831.3957471266335,831.3957471266335,831.3957471266335,831.3957471266335,831.3957471266335,831.3957471266335,0.0618331899286204,832.1465937270318,[-356.0],[-272.0],[1],[0],[0],[0.75013984088082],832.1473056183249,832.1503345062292,,,,,,,,,,,,,,ED19,1,2024-01-26_13h37.28.320,rating,2023.2.3,60.006774708499975,2024-01-26 13h37.41.406117 +0800,
neg_143.jpg,0.0,232.0,232.0,49.0,1144.9811966045895,,,,,,,,,,,,,,,,,,,,,,,1144.953035701762,,1144.9530664924146,1144.9530736198803,1144.9811966045895,1145.9645217555917,1145.9811997406746,1146.964520045,1146.964520045,1147.2812295619915,1147.198077408841,1147.198085391603,1147.2812295619915,1147.2812295619915,1147.2812295619915,1147.2812295619915,1147.2812295619915,1147.2812295619915,0.0782143873316272,1150.5322249838778,[-332.0],[-77.0],[1],[0],[0],[3.249980755841989],1150.5330637440638,1150.5362166498744,,,,,,,,,,,,,,ED19,1,2024-01-26_13h37.28.320,rating,2023.2.3,60.006774708499975,2024-01-26 13h37.41.406117 +0800,
neg_144.jpg,0.0,328.0,328.0,50.0,1637.751221790203,,,,,,,,,,,,,,,,,,,,,,,1637.723645909775,,1637.7236769855267,1637.7236841129925,1637.751221790203,1638.7345209972295,1638.7511787403091,1639.734514439961,1639.734514439961,1640.0845251881797,1639.9680564084756,1639.9680643912377,1640.0845251881797,1640.0845251881797,1640.0845251881797,1640.0845251881797,1640.0845251881797,1640.0845251881797,0.1109066478729801,1641.735979561849,[-108.0],[-55.0],[1],[0],[0],[1.6500303059847283],1641.737000500063,1641.7403743573163,,,,,,,,,,,,,,ED19,1,2024-01-26_13h37.28.320,rating,2023.2.3,60.006774708499975,2024-01-26 13h37.41.406117 +0800,
neg_145.jpg,0.0,4.0,4.0,51.0,37.12367094143565,,,,,,,,,,,,,,,,,,,,,,,37.094425238299664,,37.0944528928676,37.09445945013613,37.12367094143565,38.107010062271456,38.12367493281681,39.10704113802285,39.10704113802285,39.35701761738528,39.34056771121095,39.34057540887443,39.35701761738528,39.35701761738528,39.35701761738528,39.35701761738528,39.35701761738528,39.35701761738528,0.0126151869762907,45.257575213296604,[-57.0],[-334.0],[1],[0],[0],[5.900250829779452],45.25797292589323,45.26106710138538,,,,,,,,,,,,,,ED19,1,2024-01-26_13h37.28.320,rating,2023.2.3,60.006774708499975,2024-01-26 13h37.41.406117 +0800,
neg_146.jpg,0.0,213.0,213.0,52.0,1044.980499823524,,,,,,,,,,,,,,,,,,,,,,,1044.952440130712,,1044.9524703511674,1044.9524771935348,1044.980499823524,1045.9638560502776,1045.980502959609,1046.9638437910369,1046.9638437910369,1047.2805156750082,1047.1973783469866,1047.1973863297485,1047.2805156750082,1047.2805156750082,1047.2805156750082,1047.2805156750082,1047.2805156750082,1047.2805156750082,0.0780972117922829,1048.3647665983003,[-327.0],[131.0],[1],[0],[0],[1.0833377523617855],1048.3655337987284,1048.3687859188644,,,,,,,,,,,,,,ED19,1,2024-01-26_13h37.28.320,rating,2023.2.3,60.006774708499975,2024-01-26 13h37.41.406117 +0800,
neg_147.jpg,0.0,102.0,102.0,53.0,537.6937322205363,,,,,,,,,,,,,,,,,,,,,,,537.665116585385,,537.665147376038,537.665154218405,537.6937322205363,538.6770719115693,538.6937630111893,539.6770739072599,539.6770739072599,539.9604137693518,539.910642389948,539.9106503727094,539.9604137693518,539.9604137693518,539.9604137693518,539.9604137693518,539.9604137693518,539.9604137693518,0.0453171408712478,540.2610773649362,[-298.0],[203.0],[1],[0],[0],[0.3001475670535001],540.2616863356216,540.264781081311,,,,,,,,,,,,,,ED19,1,2024-01-26_13h37.28.320,rating,2023.2.3,60.006774708499975,2024-01-26 13h37.41.406117 +0800,
neg_148.jpg,0.0,325.0,325.0,54.0,1627.7177871328145,,,,,,,,,,,,,,,,,,,,,,,1627.6901967123567,,1627.6902249371217,1627.6902312092916,1627.7177871328145,1628.701119411283,1628.7178256211305,1629.701116560297,1629.701116560297,1630.0511233171342,1629.934647980162,1629.934655677825,1630.0511233171342,1630.0511233171342,1630.0511233171342,1630.0511233171342,1630.0511233171342,1630.0511233171342,0.1109545444437571,1631.25254920945,[-335.0],[227.0],[1],[0],[0],[1.2000152242671902],1631.253565586086,1631.2566854204551,,,,,,,,,,,,,,ED19,1,2024-01-26_13h37.28.320,rating,2023.2.3,60.006774708499975,2024-01-26 13h37.41.406117 +0800,
neg_149.jpg,0.0,379.0,379.0,55.0,1874.0861023538316,,,,,,,,,,,,,,,,,,,,,,,1874.0589988818435,,1874.0590299575947,1874.0590367999616,1874.0861023538316,1875.0694694143333,1875.0861080558043,1876.0694879457449,1876.0694879457449,1876.4361247910945,1876.3029828729848,1876.3029908557464,1876.4361247910945,1876.4361247910945,1876.4361247910945,1876.4361247910945,1876.4361247910945,1876.4361247910945,0.1271521383255276,1877.8379108770264,[-365.0],[249.0],[1],[0],[0],[1.4000920298394703],1877.8390378719328,1877.8421511490333,,,,,,,,,,,,,,ED19,1,2024-01-26_13h37.28.320,rating,2023.2.3,60.006774708499975,2024-01-26 13h37.41.406117 +0800,
neg_15.jpg,0.0,87.0,87.0,56.0,471.9599524797595,,,,,,,,,,,,,,,,,,,,,,,471.9309359959266,,471.9309667865791,471.9309736289465,471.9599524797595,472.9433104171053,472.9599578966336,473.9433052853296,473.9433052853296,474.2266599725508,474.17685552170497,474.1768783295957,474.2266599725508,474.2266599725508,474.2266599725508,474.2266599725508,474.2266599725508,474.2266599725508,0.0457419378381018,479.3605177733343,[29.0],[-171.0],[1],[0],[0],[5.133384822146581],479.36107599646266,479.3642306128654,,,,,,,,,,,,,,ED19,1,2024-01-26_13h37.28.320,rating,2023.2.3,60.006774708499975,2024-01-26 13h37.41.406117 +0800,
neg_150.jpg,0.0,125.0,125.0,57.0,639.7944233566486,,,,,,,,,,,,,,,,,,,,,,,639.7656825631966,,639.7657127836519,639.7657196260193,639.7944233566486,640.7777633327805,640.7944367562845,641.7777670390628,641.7777670390628,642.0611080415492,642.0113024503089,642.0113101479719,642.0611080415492,642.0611080415492,642.0611080415492,642.0611080415492,642.0611080415492,642.0611080415492,0.0454462905531727,642.8117795913854,[-339.0],[323.0],[1],[0],[0],[0.7501113310167966],642.8124250546962,642.8155235066679,,,,,,,,,,,,,,ED19,1,2024-01-26_13h37.28.320,rating,2023.2.3,60.006774708499975,2024-01-26 13h37.41.406117 +0800,
neg_151.jpg,0.0,60.0,60.0,58.0,359.9425352339149,,,,,,,,,,,,,,,,,,,,,,,359.9267088384568,359.9425352339149,360.9260628049488,360.92607021751337,360.9592140742934,361.9258894649784,361.9592346013951,362.9258792014275,362.9258792014275,363.1925479208044,363.1594328589863,363.1594402715509,363.1925479208044,363.1925479208044,363.1925479208044,363.1925479208044,363.1925479208044,363.1925479208044,0.0160366557015549,365.8264151298426,[-331.0],[340.0],[1],[0],[0],[2.6334552415100916],365.826889533972,365.8299891263382,,,,,,360.9592140742934,,,,,,,,ED19,1,2024-01-26_13h37.28.320,rating,2023.2.3,60.006774708499975,2024-01-26 13h37.41.406117 +0800,
neg_152.jpg,0.0,68.0,68.0,59.0,396.3761032604452,,,,,,,,,,,,,,,,,,,,,,,396.34716717442734,,396.34719710978425,396.3472039521516,396.3761032604452,397.35947288683474,397.37613148521,398.3594537852264,398.3594537852264,398.6261618482149,398.59302055732223,398.5930285400841,398.6261618482149,398.6261618482149,398.6261618482149,398.6261618482149,398.6261618482149,398.6261618482149,0.0290197624672146,400.49342220428025,[-329.0],[67.0],[1],[0],[0],[1.866817882983014],400.4939536281368,400.4971561411103,,,,,,,,,,,,,,ED19,1,2024-01-26_13h37.28.320,rating,2023.2.3,60.006774708499975,2024-01-26 13h37.41.406117 +0800,
neg_153.jpg,0.0,285.0,285.0,60.0,1430.0331036578727,,,,,,,,,,,,,,,,,,,,,,,1430.0054026191442,,1430.0054342650928,1430.0054411074602,1430.0331036578727,1431.0164396426237,1431.0331247551717,1432.016445344596,1432.016445344596,1432.3497863755924,1432.2499998574508,1432.250008125311,1432.3497863755924,1432.3497863755924,1432.3497863755924,1432.3497863755924,1432.3497863755924,1432.3497863755924,0.0944097004239665,1433.5510480510943,[-331.0],[295.0],[1],[0],[0],[1.2000280537058643],1433.5520721253934,1433.555209635878,,,,,,,,,,,,,,ED19,1,2024-01-26_13h37.28.320,rating,2023.2.3,60.006774708499975,2024-01-26 13h37.41.406117 +0800,
neg_154.jpg,0.0,210.0,210.0,61.0,1027.397068843908,,,,,,,,,,,,,,,,,,,,,,,1027.3811546380705,1027.397068843908,1028.3805881470812,1028.3805955596458,1028.4137231658035,1029.3803922843183,1029.413727727382,1030.3804073945466,1030.3804073945466,1030.6970704404605,1030.6139302614529,1030.613937959116,1030.6970704404605,1030.6970704404605,1030.6970704404605,1030.6970704404605,1030.6970704404605,1030.6970704404605,0.0661145161388958,1033.781400621173,[-156.0],[-144.0],[1],[0],[0],[3.08342385215019],1033.782245653529,1033.785389436183,,,,,,1028.4137231658035,,,,,,,,ED19,1,2024-01-26_13h37.28.320,rating,2023.2.3,60.006774708499975,2024-01-26 13h37.41.406117 +0800,
neg_155.jpg,0.0,268.0,268.0,62.0,1344.5991937980784,,,,,,,,,,,,,,,,,,,,,,,1344.5711058805018,,1344.57113752645,1344.571144083719,1344.5991937980784,1345.5825303530264,1345.5992151804762,1346.5825548715088,1346.5825548715088,1346.9158753754036,1346.816072321541,1346.8160808745,1346.9158753754036,1346.9158753754036,1346.9158753754036,1346.9158753754036,1346.9158753754036,1346.9158753754036,0.0947934431874273,1349.8004685881174,[-124.0],[311.0],[1],[0],[0],[2.883417180842116],1349.8014558846926,1349.8045811359357,,,,,,,,,,,,,,ED19,1,2024-01-26_13h37.28.320,rating,2023.2.3,60.006774708499975,2024-01-26 13h37.41.406117 +0800,
neg_156.jpg,0.0,13.0,13.0,63.0,93.84072679624978,,,,,,,,,,,,,,,,,,,,,,,93.81152385790938,,93.8115520826741,93.81155835484424,93.84072679624978,94.82406192570444,94.8407342088144,95.82409243125858,95.82409243125858,96.07406634473364,96.05759990283832,96.05760731540296,96.07406634473364,96.07406634473364,96.07406634473364,96.07406634473364,96.07406634473364,96.07406634473364,0.0125655798137813,98.57442956039496,[-314.0],[294.0],[1],[0],[0],[2.50003364163922],98.57484352361416,98.57804004951596,,,,,,,,,,,,,,ED19,1,2024-01-26_13h37.28.320,rating,2023.2.3,60.006774708499975,2024-01-26 13h37.41.406117 +0800,
neg_157.jpg,0.0,2.0,2.0,64.0,26.74026601983496,,,,,,,,,,,,,,,,,,,,,,,26.710983538975142,,26.711014044529293,26.71102117199507,26.74026601983496,27.7236273783642,27.74027314730074,28.72360343007904,28.72360343007904,28.973613551080238,28.95718702299428,28.957195005756148,28.973613551080238,28.973613551080238,28.973613551080238,28.973613551080238,28.973613551080238,28.973613551080238,0.0126519647001259,33.1407366606627,[-75.0],[317.0],[1],[0],[0],[4.166809786181602],33.14109788063388,33.14415755919072,,,,,,,,,,,,,,ED19,1,2024-01-26_13h37.28.320,rating,2023.2.3,60.006774708499975,2024-01-26 13h37.41.406117 +0800,
neg_158.jpg,0.0,278.0,278.0,65.0,1390.5828359787638,,,,,,,,,,,,,,,,,,,,,,,1390.5551999425245,,1390.555231303374,1390.5552381457414,1390.5828359787638,1391.5661742443035,1391.5828405403415,1392.5661793760787,1392.5661793760787,1392.899519836878,1392.7997398760049,1392.7997478587668,1392.899519836878,1392.899519836878,1392.899519836878,1392.899519836878,1392.899519836878,1392.899519836878,0.0943432724420745,1395.6007763806049,[-291.0],[322.0],[1],[0],[0],[2.7000799416578047],1395.6016995299865,1395.604885792338,,,,,,,,,,,,,,ED19,1,2024-01-26_13h37.28.320,rating,2023.2.3,60.006774708499975,2024-01-26 13h37.41.406117 +0800,
neg_159.jpg,0.0,290.0,290.0,66.0,1450.68324002055,,,,,,,,,,,,,,,,,,,,,,,1450.6554186701974,,1450.6554491757515,1450.655456018119,1450.68324002055,1451.666580566879,1451.6832457225228,1452.666585983753,1452.666585983753,1452.9999478269497,1452.9001353648323,1452.9001433475942,1452.9999478269497,1452.9999478269497,1452.9999478269497,1452.9999478269497,1452.9999478269497,1452.9999478269497,0.0945513944457161,1453.7012214765946,[-281.0],[310.0],[1],[0],[0],[0.7000383172567126],1453.702197369224,1453.7052376610736,,,,,,,,,,,,,,ED19,1,2024-01-26_13h37.28.320,rating,2023.2.3,60.006774708499975,2024-01-26 13h37.41.406117 +0800,
neg_16.jpg,0.0,73.0,73.0,67.0,415.059573925791,,,,,,,,,,,,,,,,,,,,,,,415.0304636445071,,415.03049415006126,415.03050099242864,415.059573925791,416.0429244505722,416.0595759214816,417.0429407011943,417.0429407011943,417.3095997272176,417.27644788767566,417.2764561555364,417.3095997272176,417.3095997272176,417.3095997272176,417.3095997272176,417.3095997272176,417.3095997272176,0.0291546141215803,419.0433968590114,[-358.0],[-329.0],[1],[0],[0],[1.733383168574619],419.043921440501,419.047157024916,,,,,,,,,,,,,,ED19,1,2024-01-26_13h37.28.320,rating,2023.2.3,60.006774708499975,2024-01-26 13h37.41.406117 +0800,
neg_160.jpg,0.0,129.0,129.0,68.0,659.1445777945796,,,,,,,,,,,,,,,,,,,,,,,659.1157012941767,,659.1157323699281,659.1157389271966,659.1445777945796,660.1279006647933,660.1445598333657,661.1279012349905,661.1279012349905,661.4112311186304,661.3614423482095,661.3614503309709,661.4112311186304,661.4112311186304,661.4112311186304,661.4112311186304,661.4112311186304,661.4112311186304,0.0455509217522376,663.6118804022631,[-319.0],[161.0],[1],[0],[0],[2.2000611251473856],663.6124850964688,663.6156151943887,,,,,,,,,,,,,,ED19,1,2024-01-26_13h37.28.320,rating,2023.2.3,60.006774708499975,2024-01-26 13h37.41.406117 +0800,
neg_161.jpg,0.0,342.0,342.0,69.0,1699.9016346985568,,,,,,,,,,,,,,,,,,,,,,,1699.8741671556108,,1699.874197376066,1699.8742045035324,1699.9016346985568,1700.884931909893,1700.9015956400435,1701.884939607556,1701.884939607556,1702.234944083605,1702.1185135071182,1702.1185212047812,1702.234944083605,1702.234944083605,1702.234944083605,1702.234944083605,1702.234944083605,1702.234944083605,0.1108042974628915,1703.8699571040593,[-239.0],[275.0],[1],[0],[0],[1.6333893837254436],1703.8710122541097,1703.874141496734,,,,,,,,,,,,,,ED19,1,2024-01-26_13h37.28.320,rating,2023.2.3,60.006774708499975,2024-01-26 13h37.41.406117 +0800,
neg_162.jpg,0.0,71.0,71.0,70.0,406.1262006216293,,,,,,,,,,,,,,,,,,,,,,,406.0971570534257,,406.0971847079936,406.0971906950649,406.1262006216293,407.1095343255906,407.12617923923153,408.1095537122978,408.1095537122978,408.3761902155288,408.34305434151065,408.3430620391737,408.3761902155288,408.3761902155288,408.3761902155288,408.3761902155288,408.3761902155288,408.3761902155288,0.0290548295993176,409.6767580179717,[-321.0],[319.0],[1],[0],[0],[1.3001595411965354],409.6772723359104,409.6803208956203,,,,,,,,,,,,,,ED19,1,2024-01-26_13h37.28.320,rating,2023.2.3,60.006774708499975,2024-01-26 13h37.41.406117 +0800,
neg_163.jpg,0.0,279.0,279.0,71.0,1395.6328707893072,,,,,,,,,,,,,,,,,,,,,,,1395.605114726542,,1395.6051458022937,1395.6051529297592,1395.6328707893072,1396.6162090548469,1396.6328762061812,1397.6162392753022,1397.6162392753022,1397.949557498408,1397.8497972093403,1397.8498051921024,1397.949557498408,1397.949557498408,1397.949557498408,1397.949557498408,1397.949557498408,1397.949557498408,0.0944655797566156,1399.5507814838702,[-335.0],[365.0],[1],[0],[0],[1.6000394006318857],1399.5517089097316,1399.5548706536,,,,,,,,,,,,,,ED19,1,2024-01-26_13h37.28.320,rating,2023.2.3,60.006774708499975,2024-01-26 13h37.41.406117 +0800,
neg_164.jpg,0.0,151.0,151.0,72.0,755.2618784921019,,,,,,,,,,,,,,,,,,,,,,,755.2332870903347,,755.2333181660861,755.2333247233546,755.2618784921019,756.2452156172471,756.2618887556528,757.2452198937267,757.2452198937267,757.5452243412656,757.478815460785,757.4788228733496,757.5452243412656,757.5452243412656,757.5452243412656,757.5452243412656,757.5452243412656,757.5452243412656,0.0619554972436162,758.2126704676016,[-295.0],[285.0],[1],[0],[0],[0.6667864080936852],758.2133261944637,758.21642778252,,,,,,,,,,,,,,ED19,1,2024-01-26_13h37.28.320,rating,2023.2.3,60.006774708499975,2024-01-26 13h37.41.406117 +0800,
neg_165.jpg,0.0,205.0,205.0,73.0,1005.080246998054,,,,,,,,,,,,,,,,,,,,,,,1005.0519532392624,,1005.0519837448164,1005.0519905871834,1005.080246998054,1006.0635932463556,1006.0802353090098,1007.0635787063252,1007.0635787063252,1007.3802451734228,1007.2971537462818,1007.297162014142,1007.3802451734228,1007.3802451734228,1007.3802451734228,1007.3802451734228,1007.3802451734228,1007.3802451734228,0.0783164526428663,1008.3811363917577,[-358.0],[298.0],[1],[0],[0],[1.000019101608359],1008.381919272611,1008.3850755996054,,,,,,,,,,,,,,ED19,1,2024-01-26_13h37.28.320,rating,2023.2.3,60.006774708499975,2024-01-26 13h37.41.406117 +0800,
neg_166.jpg,0.0,163.0,163.0,74.0,806.1288796935078,,,,,,,,,,,,,,,,,,,,,,,806.1004969839419,,806.1005280596928,806.1005346169613,806.1288796935078,807.1122248014149,807.1288885315653,808.1122313586834,808.1122313586834,808.4122338105317,808.3457964201875,808.3458135261058,808.4122338105317,808.4122338105317,808.4122338105317,808.4122338105317,808.4122338105317,808.4122338105317,0.0617584940860069,811.1464762663941,[-325.0],[330.0],[1],[0],[0],[2.73352087121566],811.1472123910712,811.1503307999469,,,,,,,,,,,,,,ED19,1,2024-01-26_13h37.28.320,rating,2023.2.3,60.006774708499975,2024-01-26 13h37.41.406117 +0800,
neg_167.jpg,0.0,148.0,148.0,75.0,735.6284075701674,,,,,,,,,,,,,,,,,,,,,,,735.5998124621178,,735.5998398315865,735.5998461037566,735.6284075701674,736.6117475462988,736.628410706252,737.6118156848725,737.6118156848725,737.9117582660074,737.8453302839184,737.8453394070748,737.9117582660074,737.9117582660074,737.9117582660074,737.9117582660074,737.9117582660074,737.9117582660074,0.0619951259536719,738.4623906432912,[-283.0],[168.0],[1],[0],[0],[0.5499296091466022],738.4630934114275,738.4662534447043,,,,,,,,,,,,,,ED19,1,2024-01-26_13h37.28.320,rating,2023.2.3,60.006774708499975,2024-01-26 13h37.41.406117 +0800,
neg_168.jpg,0.0,220.0,220.0,76.0,1079.564063088907,,,,,,,,,,,,,,,,,,,,,,,1079.5358426004643,,1079.535873676216,1079.535880518583,1079.564063088907,1080.5474275835213,1080.5640921689678,1081.547410477603,1081.547410477603,1081.8641117267343,1081.780942752764,1081.780950735526,1081.8641117267343,1081.8641117267343,1081.8641117267343,1081.8641117267343,1081.8641117267343,1081.8641117267343,0.0783064741908674,1084.9484225207398,[291.0],[116.0],[1],[0],[0],[3.0833177954577877],1084.9492031208038,1084.9523605881927,,,,,,,,,,,,,,ED19,1,2024-01-26_13h37.28.320,rating,2023.2.3,60.006774708499975,2024-01-26 13h37.41.406117 +0800,
neg_169.jpg,0.0,31.0,31.0,77.0,193.29139788992825,,,,,,,,,,,,,,,,,,,,,,,193.26231098673225,,193.26234377307537,193.26235090054115,193.29139788992825,194.2747370107636,194.2913998856184,195.2747435680321,195.2747435680321,195.54141171721176,195.50827783888417,195.50829665539413,195.54141171721176,195.54141171721176,195.54141171721176,195.54141171721176,195.54141171721176,195.54141171721176,0.0291175512993504,200.1419312239459,[58.0],[-156.0],[1],[0],[0],[4.600178813864204],200.1423925135382,200.14551833497853,,,,,,,,,,,,,,ED19,1,2024-01-26_13h37.28.320,rating,2023.2.3,60.006774708499975,2024-01-26 13h37.41.406117 +0800,
neg_17.jpg,0.0,137.0,137.0,78.0,695.144799601318,,,,,,,,,,,,,,,,,,,,,,,695.1160990067733,,695.1161295123275,695.116136069596,695.144799601318,696.1281418582389,696.1447976056279,697.128158108861,697.128158108861,697.4115162172657,697.3616781247811,697.3616858224441,697.4115162172657,697.4115162172657,697.4115162172657,697.4115162172657,697.4115162172657,697.4115162172657,0.045436312100719,700.5622108030716,[-185.0],[74.0],[1],[0],[0],[3.150099014756506],700.5628813550625,700.5660793064576,,,,,,,,,,,,,,ED19,1,2024-01-26_13h37.28.320,rating,2023.2.3,60.006774708499975,2024-01-26 13h37.41.406117 +0800,
neg_170.jpg,0.0,214.0,214.0,79.0,1048.3971905810254,,,,,,,,,,,,,,,,,,,,,,,1048.3690168487592,,1048.3690476394115,1048.3690541966807,1048.3971905810254,1049.3805279912694,1049.3972282140453,1050.3805334081435,1050.3805334081435,1050.6972494824035,1050.614075946855,1050.6140839296172,1050.6972494824035,1050.6972494824035,1050.6972494824035,1050.6972494824035,1050.6972494824035,1050.6972494824035,0.0782540160416829,1054.3648338815783,[-146.0],[129.0],[1],[0],[0],[3.6666817768941655],1054.365653825254,1054.3688041651772,,,,,,,,,,,,,,ED19,1,2024-01-26_13h37.28.320,rating,2023.2.3,60.006774708499975,2024-01-26 13h37.41.406117 +0800,
neg_171.jpg,0.0,146.0,146.0,80.0,727.1950177302842,,,,,,,,,,,,,,,,,,,,,,,727.1664585446629,,727.1664887651182,727.166495892584,727.1950177302842,728.178355995824,728.1950211514677,729.1783682550654,729.1783682550654,729.478365575138,729.4118951133523,729.4119028110158,729.478365575138,729.478365575138,729.478365575138,729.478365575138,729.478365575138,729.478365575138,0.061929268169024,732.879092519639,[-310.0],[342.0],[1],[0],[0],[3.4000532564250534],732.8797947175785,732.8829196837232,,,,,,,,,,,,,,ED19,1,2024-01-26_13h37.28.320,rating,2023.2.3,60.006774708499975,2024-01-26 13h37.41.406117 +0800,
neg_172.jpg,0.0,39.0,39.0,81.0,240.22505800331737,,,,,,,,,,,,,,,,,,,,,,,240.1959109443096,,240.19593916907436,240.19594544124448,240.22505800331737,241.2084082430001,241.22505629272564,242.2083937029697,242.2083937029697,242.47506612862844,242.4419427989501,242.4419504966136,242.47506612862844,242.47506612862844,242.47506612862844,242.47506612862844,242.47506612862844,242.47506612862844,0.0291765667170693,245.74222379216556,[-358.0],[354.0],[1],[0],[0],[3.266821532245558],245.74268308606725,245.74579351218156,,,,,,,,,,,,,,ED19,1,2024-01-26_13h37.28.320,rating,2023.2.3,60.006774708499975,2024-01-26 13h37.41.406117 +0800,
neg_173.jpg,0.0,224.0,224.0,82.0,1099.3142046403796,,,,,,,,,,,,,,,,,,,,,,,1099.28602748693,,1099.2860577073852,1099.2860645497526,1099.3142046403796,1100.297541480426,1100.314208061563,1101.297544616511,1101.297544616511,1101.6142259087378,1101.5310979889714,1101.5311059717333,1101.6142259087378,1101.6142259087378,1101.6142259087378,1101.6142259087378,1101.6142259087378,1101.6142259087378,0.0782209446001616,1102.8651959568451,[-291.0],[247.0],[1],[0],[0],[1.2500189590596165],1102.866009628351,1102.8692232601716,,,,,,,,,,,,,,ED19,1,2024-01-26_13h37.28.320,rating,2023.2.3,60.006774708499975,2024-01-26 13h37.41.406117 +0800,
neg_174.jpg,0.0,108.0,108.0,83.0,558.9939025954809,,,,,,,,,,,,,,,,,,,,,,,558.9651652232124,,558.9651957287665,558.9652025711339,558.9939025954809,559.9772097852697,559.9939025954809,560.9772209041162,560.9772209041162,561.260559625814,561.2107566004611,561.2107640130257,561.260559625814,561.260559625814,561.260559625814,561.260559625814,561.260559625814,561.260559625814,0.045412934012802,565.9113018230919,[-177.0],[299.0],[1],[0],[0],[4.650196518489338],565.9119239083147,565.9150659803772,,,,,,,,,,,,,,ED19,1,2024-01-26_13h37.28.320,rating,2023.2.3,60.006774708499975,2024-01-26 13h37.41.406117 +0800,
neg_175.jpg,0.0,37.0,37.0,84.0,224.891615192108,,,,,,,,,,,,,,,,,,,,,,,224.862547105422,,224.8625753301872,224.8625816023573,224.891615192108,225.87502530250413,225.891624030166,226.87498424830076,226.87498424830076,227.14166494182015,227.1085031238258,227.10851053639044,227.14166494182015,227.14166494182015,227.14166494182015,227.14166494182015,227.14166494182015,227.14166494182015,0.029137508203803,232.30876866469495,[-158.0],[291.0],[1],[0],[0],[5.166776144542837],232.3092336605696,232.31234978865632,,,,,,,,,,,,,,ED19,1,2024-01-26_13h37.28.320,rating,2023.2.3,60.006774708499975,2024-01-26 13h37.41.406117 +0800,
neg_176.jpg,0.0,79.0,79.0,85.0,438.1597604373187,,,,,,,,,,,,,,,,,,,,,,,438.1307813014069,,438.13081123676375,438.13081807913113,438.1597604373187,439.1430639208247,439.1597567310364,440.1430693376988,440.1430693376988,440.4097386272729,440.3766677557437,440.3766757385056,440.4097386272729,440.4097386272729,440.4097386272729,440.4097386272729,440.4097386272729,440.4097386272729,0.0289758572776008,441.5435585099376,[-311.0],[48.0],[1],[0],[0],[1.1333688566232922],441.54406313452273,441.5471935175415,,,,,,,,,,,,,,ED19,1,2024-01-26_13h37.28.320,rating,2023.2.3,60.006774708499975,2024-01-26 13h37.41.406117 +0800,
neg_177.jpg,0.0,239.0,239.0,86.0,1179.4814098583688,,,,,,,,,,,,,,,,,,,,,,,1179.4534242912025,,1179.4534545116576,1179.453461354025,1179.4814098583688,1180.46474783881,1180.4814135646511,1181.4647504046975,1181.4647504046975,1181.7814254247542,1181.6983294360352,1181.698337418797,1181.7814254247542,1181.7814254247542,1181.7814254247542,1181.7814254247542,1181.7814254247542,1181.7814254247542,0.0780236563441576,1182.2826057331058,[-340.0],[286.0],[1],[0],[0],[0.5001357069504593],1182.2835132020627,1201.1486059532017,space,1182.2980917207929,1182.2980917207929,18.838998813419494,,,,,,,,,,ED19,1,2024-01-26_13h37.28.320,rating,2023.2.3,60.006774708499975,2024-01-26 13h37.41.406117 +0800,
neg_178.jpg,0.0,332.0,332.0,87.0,1657.3346616078766,,,,,,,,,,,,,,,,,,,,,,,1657.3073457374048,,1657.307376242959,1657.3073828002275,1657.3346616078766,1658.3179833376953,1658.3346405105776,1659.3179859035831,1659.3179859035831,1659.6679878137445,1659.5515178936455,1659.5515258764076,1659.6679878137445,1659.6679878137445,1659.6679878137445,1659.6679878137445,1659.6679878137445,1659.6679878137445,0.1106680203151881,1663.286199401407,[-51.0],[-289.0],[1],[0],[0],[3.6167028456834487],1663.2872725126713,1663.290450507162,,,,,,,,,,,,,,ED19,1,2024-01-26_13h37.28.320,rating,2023.2.3,60.006774708499975,2024-01-26 13h37.41.406117 +0800,
neg_179.jpg,0.0,178.0,178.0,88.0,874.0293486237433,,,,,,,,,,,,,,,,,,,,,,,874.0009493784564,,874.0009804542078,874.0009872965752,874.0293486237433,875.0126820426062,875.0293474833488,876.0126877445791,876.0126877445791,876.312686775244,876.2462453935191,876.2462530911821,876.312686775244,876.312686775244,876.312686775244,876.312686775244,876.312686775244,876.312686775244,0.0617619152699262,876.8468393109965,[-336.0],[303.0],[1],[0],[0],[0.5333693698012212],876.8475349516675,876.8507329030626,,,,,,,,,,,,,,ED19,1,2024-01-26_13h37.28.320,rating,2023.2.3,60.006774708499975,2024-01-26 13h37.41.406117 +0800,
neg_18.jpg,0.0,352.0,352.0,89.0,1748.418586663428,,,,,,,,,,,,,,,,,,,,,,,1748.3913620245198,,1748.3913922449751,1748.3913988022437,1748.418586663428,1749.4019252140663,1749.4185880889213,1750.4019292054472,1750.4019292054472,1750.7519393834689,1750.635515079152,1750.6355227768154,1750.7519393834689,1750.7519393834689,1750.7519393834689,1750.7519393834689,1750.7519393834689,1750.7519393834689,0.1106052986151553,1753.6702338207951,[-175.0],[41.0],[1],[0],[0],[2.916700735953782],1753.6713120638346,1753.6746289013613,,,,,,,,,,,,,,ED19,1,2024-01-26_13h37.28.320,rating,2023.2.3,60.006774708499975,2024-01-26 13h37.41.406117 +0800,
neg_180.jpg,0.0,361.0,361.0,90.0,1802.0022990353973,,,,,,,,,,,,,,,,,,,,,,,1801.975111459312,,1801.9751393989784,1801.975145671148,1802.0022990353973,1802.985621905611,1803.0022864910572,1803.9856276075836,1803.9856276075836,1804.335625241265,1804.2192069240195,1804.2192149067812,1804.335625241265,1804.335625241265,1804.335625241265,1804.335625241265,1804.335625241265,1804.335625241265,0.1105437173100654,1807.3708252294043,[-319.0],[226.0],[1],[0],[0],[3.033565232563433],1807.3719382544784,1807.375133354887,,,,,,,,,,,,,,ED19,1,2024-01-26_13h37.28.320,rating,2023.2.3,60.006774708499975,2024-01-26 13h37.41.406117 +0800,
neg_181.jpg,0.0,339.0,339.0,91.0,1683.9348170436529,,,,,,,,,,,,,,,,,,,,,,,1683.9073939760942,,1683.9074216306617,1683.9074279028318,1683.9348170436529,1684.918177546886,1684.934822460527,1685.9181812531683,1685.9181812531683,1686.2681657723124,1686.1517095369486,1686.1517169495132,1686.2681657723124,1686.2681657723124,1686.2681657723124,1686.2681657723124,1686.2681657723124,1686.2681657723124,0.1108399347922386,1687.5530138061868,[-325.0],[265.0],[1],[0],[0],[1.2832896847321535],1687.5540566969958,1687.5572586397716,,,,,,,,,,,,,,ED19,1,2024-01-26_13h37.28.320,rating,2023.2.3,60.006774708499975,2024-01-26 13h37.41.406117 +0800,
neg_182.jpg,0.0,5.0,5.0,92.0,45.29039633842149,,,,,,,,,,,,,,,,,,,,,,,45.26129860147739,,45.26132939212994,45.26133651959572,45.29039633842149,46.27373032748165,46.29043967341386,47.27373716984857,47.27373716984857,47.52376069048614,47.5073221882576,47.50732988592063,47.52376069048614,47.52376069048614,47.52376069048614,47.52376069048614,47.52376069048614,47.52376069048614,0.0124809055187142,50.69074866331539,[-345.0],[-133.0],[1],[0],[0],[3.166693751036746],50.69114951199663,50.69425566163136,,,,,,,,,,,,,,ED19,1,2024-01-26_13h37.28.320,rating,2023.2.3,60.006774708499975,2024-01-26 13h37.41.406117 +0800,
neg_183.jpg,0.0,317.0,317.0,93.0,1598.684240431662,,,,,,,,,,,,,,,,,,,,,,,1598.6567318345128,,1598.6567609145736,1598.6567671867438,1598.684240431662,1599.667611483545,1599.6842449932406,1600.6676117686438,1600.6676117686438,1601.017594292097,1600.9011394822269,1600.9011474649888,1601.017594292097,1601.017594292097,1601.017594292097,1601.017594292097,1601.017594292097,1601.017594292097,0.1109243239884563,1603.4190356937793,[-338.0],[60.0],[1],[0],[0],[2.4000150532078806],1603.420068321037,1603.4232523025994,,,,,,,,,,,,,,ED19,1,2024-01-26_13h37.28.320,rating,2023.2.3,60.006774708499975,2024-01-26 13h37.41.406117 +0800,
neg_184.jpg,0.0,0.0,0.0,94.0,13.606848981542498,,,,,,,,,,,,,,,,,,,,,,,13.594317756114378,13.606848981542498,14.590250538979037,14.590258236642056,14.623518413665806,15.573535491073926,15.623561178460932,16.57352893380539,16.57352893380539,16.823534493228635,16.80710682474819,16.80711509260891,16.823534493228635,16.823534493228635,16.823534493228635,16.823534493228635,16.823534493228635,16.823534493228635,-0.0003570860408217,19.75722539727076,[-342.0],[-113.0],[1],[0],[0],[2.933375014753892],19.75856821184425,19.762675342788494,,,,,,,,,,,,,,ED19,1,2024-01-26_13h37.28.320,rating,2023.2.3,60.006774708499975,2024-01-26 13h37.41.406117 +0800,
neg_185.jpg,0.0,26.0,26.0,95.0,166.6912187909652,,,,,,,,,,,,,,,,,,,,,,,166.66207942962046,,166.6621353089531,166.6621415811228,166.6912187909652,167.6745784389027,167.69122192705026,168.67458385577677,168.67458385577677,168.94123974571494,168.9080961740333,168.90810387169677,168.94123974571494,168.94123974571494,168.94123974571494,168.94123974571494,168.94123974571494,168.94123974571494,0.029152333332604,171.90832567843518,[-129.0],[93.0],[1],[0],[0],[2.966731840214834],171.90877670447662,171.91190651729812,,,,,,,,,,,,,,ED19,1,2024-01-26_13h37.28.320,rating,2023.2.3,60.006774708499975,2024-01-26 13h37.41.406117 +0800,
neg_186.jpg,0.0,318.0,318.0,96.0,1603.4509425075794,,,,,,,,,,,,,,,,,,,,,,,1603.423458428913,,1603.4234860834804,1603.4234920705517,1603.4509425075794,1604.4342850495989,1604.450947639355,1605.4343070021937,1605.4343070021937,1605.7843072017629,1605.667818750253,1605.6678401326508,1605.7843072017629,1605.7843072017629,1605.7843072017629,1605.7843072017629,1605.7843072017629,1605.7843072017629,0.1108775678121674,1607.685714676707,[-309.0],[334.0],[1],[0],[0],[1.900042992874205],1607.6867170835094,1607.689720882734,,,,,,,,,,,,,,ED19,1,2024-01-26_13h37.28.320,rating,2023.2.3,60.006774708499975,2024-01-26 13h37.41.406117 +0800,
neg_187.jpg,0.0,191.0,191.0,97.0,935.9797634137484,,,,,,,,,,,,,,,,,,,,,,,935.95148562048,,935.951515555837,935.9515223982044,935.9797634137484,936.963138457012,936.9797671200308,937.9631609798045,937.9631609798045,938.2631115437008,938.196671017272,938.1966792851326,938.2631115437008,938.2631115437008,938.2631115437008,938.2631115437008,938.2631115437008,938.2631115437008,0.0616849386383364,939.3973291389624,[-296.0],[220.0],[1],[0],[0],[1.1333429126475494],939.3980775228806,939.4011839576136,,,,,,,,,,,,,,ED19,1,2024-01-26_13h37.28.320,rating,2023.2.3,60.006774708499975,2024-01-26 13h37.41.406117 +0800,
neg_188.jpg,0.0,356.0,356.0,98.0,1769.3187311514166,,,,,,,,,,,,,,,,,,,,,,,1769.2915293203991,,1769.2915603961503,1769.291566953419,1769.3187311514166,1770.3020990672144,1770.318736568291,1771.3021016331022,1771.3021016331022,1771.6521126664193,1771.5356042580052,1771.5356119556686,1771.6521126664193,1771.6521126664193,1771.6521126664193,1771.6521126664193,1771.6521126664193,1771.6521126664193,0.1106078645029811,1776.0870751103762,[360.0],[162.0],[1],[0],[0],[4.433373589261009],1776.0881858546604,1776.0913541557975,,,,,,,,,,,,,,ED19,1,2024-01-26_13h37.28.320,rating,2023.2.3,60.006774708499975,2024-01-26 13h37.41.406117 +0800,
neg_189.jpg,0.0,233.0,233.0,99.0,1150.5645469012916,,,,,,,,,,,,,,,,,,,,,,,1150.536446439375,,1150.5364778002245,1150.5364849276907,1150.5645469012916,1151.5479099704123,1151.5645540287574,1152.5478937197904,1152.5478937197904,1152.864562467677,1152.781460776985,1152.781468759747,1152.864562467677,1152.864562467677,1152.864562467677,1152.864562467677,1152.864562467677,1152.864562467677,0.0781399765878632,1153.615697302796,[-237.0],[142.0],[1],[0],[0],[0.7501284369354835],1153.6165788277772,1153.6197080704014,,,,,,,,,,,,,,ED19,1,2024-01-26_13h37.28.320,rating,2023.2.3,60.006774708499975,2024-01-26 13h37.41.406117 +0800,
neg_19.jpg,0.0,359.0,359.0,100.0,1785.4021701137945,,,,,,,,,,,,,,,,,,,,,,,1785.3750518166771,,1785.3750828924285,1785.3750900198943,1785.4021701137945,1786.3855095197289,1786.4021649820188,1787.3855348935072,1787.3855348935072,1787.7355259699198,1787.6190560498217,1787.619064317682,1787.7355259699198,1787.7355259699198,1787.7355259699198,1787.7355259699198,1787.7355259699198,1787.7355259699198,0.1105006674156356,1788.087103335141,[331.0],[142.0],[1],[0],[0],[0.34999307210318875],1788.0882103731428,1796.752747067903,space,1788.1021120677124,1788.1021120677124,8.642703556149172,,,,,,,,,,ED19,1,2024-01-26_13h37.28.320,rating,2023.2.3,60.006774708499975,2024-01-26 13h37.41.406117 +0800,
neg_190.jpg,0.0,34.0,34.0,101.0,210.4748463175806,,,,,,,,,,,,,,,,,,,,,,,210.4457371766912,,210.44576597165317,210.4457719587249,210.4748463175806,211.4581868639093,211.47485430034249,212.45818914469876,212.45818914469876,212.7248618554563,212.69172541124044,212.69173310890392,212.7248618554563,212.7248618554563,212.7248618554563,212.7248618554563,212.7248618554563,212.7248618554563,0.0291437803739427,215.2919384369411,[-360.0],[269.0],[1],[0],[0],[2.566733037629092],215.29240884968976,215.29560337990145,,,,,,,,,,,,,,ED19,1,2024-01-26_13h37.28.320,rating,2023.2.3,60.006774708499975,2024-01-26 13h37.41.406117 +0800,
neg_191.jpg,0.0,336.0,336.0,102.0,1672.634739895962,,,,,,,,,,,,,,,,,,,,,,,1672.6074371400273,,1672.6074685008775,1672.607475058146,1672.634739895962,1673.6181026799843,1673.6347379002714,1674.618143449089,1674.618143449089,1674.9681182748795,1674.8516623246146,1674.8516703073765,1674.9681182748795,1674.9681182748795,1674.9681182748795,1674.9681182748795,1674.9681182748795,1674.9681182748795,0.1107073639268492,1675.6695974806407,[-178.0],[-316.0],[1],[0],[0],[0.7000217815357246],1675.6706355247725,1675.6737758862437,,,,,,,,,,,,,,ED19,1,2024-01-26_13h37.28.320,rating,2023.2.3,60.006774708499975,2024-01-26 13h37.41.406117 +0800,
neg_192.jpg,0.0,221.0,221.0,103.0,1084.980772092721,,,,,,,,,,,,,,,,,,,,,,,1084.9525889522,,1084.9526208832472,1084.9526277256143,1084.980772092721,1085.9641260386857,1085.98077237782,1086.964114064543,1086.964114064543,1087.2808070458136,1087.1976560330577,1087.1976634456223,1087.2808070458136,1087.2808070458136,1087.2808070458136,1087.2808070458136,1087.2808070458136,1087.2808070458136,0.0782411866034635,1091.0317947700369,[-124.0],[-303.0],[1],[0],[0],[3.7500055594232435],1091.0326526318313,1091.0358272051385,,,,,,,,,,,,,,ED19,1,2024-01-26_13h37.28.320,rating,2023.2.3,60.006774708499975,2024-01-26 13h37.41.406117 +0800,
neg_2.jpg,0.0,17.0,17.0,104.0,117.17421408284643,,,,,,,,,,,,,,,,,,,,,,,117.1450761469946,,117.14510750784484,117.14511435021176,117.17421408284643,118.15757116489613,118.17421721893152,119.15760566183098,119.15760566183098,119.40756132899332,119.39109260630904,119.39110001887366,119.40756132899332,119.40756132899332,119.40756132899332,119.40756132899332,119.40756132899332,119.40756132899332,0.0125020028181097,122.09125408617638,[-336.0],[-59.0],[1],[0],[0],[2.683378863585858],122.09168515531336,122.09480755557024,,,,,,,,,,,,,,ED19,1,2024-01-26_13h37.28.320,rating,2023.2.3,60.006774708499975,2024-01-26 13h37.41.406117 +0800,
neg_20.jpg,0.0,208.0,208.0,105.0,1015.4802985438872,,,,,,,,,,,,,,,,,,,,,,,1015.452151325794,,1015.4521818313484,1015.4521886737156,1015.4802985438872,1016.4636393753148,1016.4803236325674,1017.4636427964984,1017.4636427964984,1017.7803172463578,1017.6971767822516,1017.6971847650134,1017.7803172463578,1017.7803172463578,1017.7803172463578,1017.7803172463578,1017.7803172463578,1017.7803172463578,0.0781858774680586,1019.3645969646118,[363.0],[343.0],[1],[0],[0],[1.5833656920285648],1019.3653861176354,1019.3685287598952,,,,,,,,,,,,,,ED19,1,2024-01-26_13h37.28.320,rating,2023.2.3,60.006774708499975,2024-01-26 13h37.41.406117 +0800,
neg_21.jpg,0.0,23.0,23.0,106.0,152.54114657548098,,,,,,,,,,,,,,,,,,,,,,,152.51199067841526,,152.5120217541662,152.51202859653358,152.54114657548098,153.5244586119461,153.54112234209697,154.524464313919,154.524464313919,154.77448099218918,154.7579954486855,154.75800257615128,154.77448099218918,154.77448099218918,154.77448099218918,154.77448099218918,154.77448099218918,154.77448099218918,0.0125085600866441,156.65813024332056,[333.0],[347.0],[1],[0],[0],[1.883344765788479],156.65853223239674,156.66165691344258,,,,,,,,,,,,,,ED19,1,2024-01-26_13h37.28.320,rating,2023.2.3,60.006774708499975,2024-01-26 13h37.41.406117 +0800,
neg_22.jpg,0.0,243.0,243.0,107.0,1214.5816502535386,,,,,,,,,,,,,,,,,,,,,,,1214.55361279842,,1214.5536438741717,1214.5536510016373,1214.5816502535386,1215.565003629306,1215.581675627317,1216.564994791248,1216.564994791248,1216.881712005903,1216.798525640916,1216.798533623678,1216.881712005903,1216.881712005903,1216.881712005903,1216.881712005903,1216.881712005903,1216.881712005903,0.0781325640232353,1222.299426267506,[-70.0],[-332.0],[1],[0],[0],[5.416701876347815],1222.3002838442017,1222.30342049939,,,,,,,,,,,,,,ED19,1,2024-01-26_13h37.28.320,rating,2023.2.3,60.006774708499975,2024-01-26 13h37.41.406117 +0800,
neg_23.jpg,0.0,8.0,8.0,108.0,65.457205269307,,,,,,,,,,,,,,,,,,,,,,,65.42792735002558,,65.42795785557928,65.42796469794666,65.457205269307,66.44058287845837,66.45719899713731,67.44053840307151,67.44053840307151,67.69054310719912,67.67413596582037,67.67414366348339,67.69054310719912,67.69054310719912,67.69054310719912,67.69054310719912,67.69054310719912,67.69054310719912,0.0126328630917669,70.22430733861029,[-241.0],[-164.0],[1],[0],[0],[2.533479702972727],70.2247113233766,70.22784199149373,,,,,,,,,,,,,,ED19,1,2024-01-26_13h37.28.320,rating,2023.2.3,60.006774708499975,2024-01-26 13h37.41.406117 +0800,
neg_24.jpg,0.0,52.0,52.0,109.0,309.50885487852247,,,,,,,,,,,,,,,,,,,,,,,309.4796319832772,,309.4796622037329,309.4796696162971,309.50885487852247,310.49220141192245,310.50885829970593,311.492197990739,311.492197990739,311.75886699521425,311.72576248204587,311.72577017970934,311.75886699521425,311.75886699521425,311.75886699521425,311.75886699521425,311.75886699521425,311.75886699521425,0.0292526880525656,312.092588917988,[-321.0],[-299.0],[1],[0],[0],[0.33335756671704075],312.0930502075803,312.0961529360316,,,,,,,,,,,,,,ED19,1,2024-01-26_13h37.28.320,rating,2023.2.3,60.006774708499975,2024-01-26 13h37.41.406117 +0800,
neg_25.jpg,0.0,234.0,234.0,110.0,1153.6479020446704,,,,,,,,,,,,,,,,,,,,,,,1153.6199392853946,,1153.6199700760471,1153.6199772035134,1153.6479020446704,1154.631246012183,1154.6479028999663,1155.6312440164925,1155.6312440164925,1155.9479170408586,1155.8648250435203,1155.864833311381,1155.9479170408586,1155.9479170408586,1155.9479170408586,1155.9479170408586,1155.9479170408586,1155.9479170408586,0.0780014186511834,1158.11567763099,[-320.0],[-83.0],[1],[0],[0],[2.166757042934023],1158.1165736960015,1158.119611992161,,,,,,,,,,,,,,ED19,1,2024-01-26_13h37.28.320,rating,2023.2.3,60.006774708499975,2024-01-26 13h37.41.406117 +0800,
neg_26.jpg,0.0,113.0,113.0,111.0,583.6940486800218,,,,,,,,,,,,,,,,,,,,,,,583.6653751698477,,583.6654073859936,583.6654145134594,583.6940486800218,584.6773846647725,584.694068066729,585.6773880859564,585.6773880859564,585.9607310841334,585.9109320501616,585.9109397478246,585.9607310841334,585.9607310841334,585.9607310841334,585.9607310841334,585.9607310841334,585.9607310841334,0.0453735904006862,590.611443916252,[-103.0],[-182.0],[1],[0],[0],[4.650167438428525],590.6120734140391,590.6151998056771,,,,,,,,,,,,,,ED19,1,2024-01-26_13h37.28.320,rating,2023.2.3,60.006774708499975,2024-01-26 13h37.41.406117 +0800,
neg_27.jpg,0.0,280.0,280.0,112.0,1399.58290155145,,,,,,,,,,,,,,,,,,,,,,,1399.555101583495,,1399.5551332294435,1399.5551403569093,1399.58290155145,1400.5662338299185,1400.58290155145,1401.5662381063976,1401.5662381063976,1401.8995831287752,1401.7998054486911,1401.7998131463542,1401.8995831287752,1401.8995831287752,1401.8995831287752,1401.8995831287752,1401.8995831287752,1401.8995831287752,0.0945057786643701,1402.5008929289263,[-147.0],[-311.0],[1],[0],[0],[0.600122364334311],1402.5018209249856,1402.5049838092486,,,,,,,,,,,,,,ED19,1,2024-01-26_13h37.28.320,rating,2023.2.3,60.006774708499975,2024-01-26 13h37.41.406117 +0800,
neg_28.jpg,0.0,371.0,371.0,113.0,1843.4692287340652,,,,,,,,,,,,,,,,,,,,,,,1843.44216432059,,1843.4421951112429,1843.4422022387084,1843.4692287340652,1844.452569565493,1844.4692307297555,1845.4525758376624,1845.4525758376624,1845.8192734090217,1845.686104976739,1845.6861129595009,1845.8192734090217,1845.8192734090217,1845.8192734090217,1845.8192734090217,1845.8192734090217,1845.8192734090217,0.1271344622100514,1849.321019067967,[-186.0],[-356.0],[1],[0],[0],[3.5000193867072085],1849.322156611523,1849.3253226318711,,,,,,,,,,,,,,ED19,1,2024-01-26_13h37.28.320,rating,2023.2.3,60.006774708499975,2024-01-26 13h37.41.406117 +0800,
neg_29.jpg,0.0,123.0,123.0,114.0,631.8443720674045,,,,,,,,,,,,,,,,,,,,,,,631.815741607124,,631.8157718275793,631.8157789550451,631.8443720674045,632.8277091925493,632.8443917392101,633.8277160349166,633.8277160349166,634.1110544715157,634.0612488802753,634.0612565779384,634.1110544715157,634.1110544715157,634.1110544715157,634.1110544715157,634.1110544715157,634.1110544715157,0.0453322510988982,635.9116715960222,[55.0],[-338.0],[1],[0],[0],[1.8000321021063428],635.9122962471329,635.9153775931859,,,,,,,,,,,,,,ED19,1,2024-01-26_13h37.28.320,rating,2023.2.3,60.006774708499975,2024-01-26 13h37.41.406117 +0800,
neg_3.jpg,0.0,284.0,284.0,115.0,1425.0830957036203,,,,,,,,,,,,,,,,,,,,,,,1425.0553484789134,,1425.0553806950593,1425.055387822525,1425.0830957036203,1426.066414867552,1426.083076031815,1427.066434254259,1427.066434254259,1427.3997761405517,1427.2999716611955,1427.2999796439576,1427.3997761405517,1427.3997761405517,1427.3997761405517,1427.3997761405517,1427.3997761405517,1427.3997761405517,0.0944498993317211,1430.0010115299592,[-331.0],[-335.0],[1],[0],[0],[2.600028281784944],1430.0019905586737,1430.0051733998412,,,,,,,,,,,,,,ED19,1,2024-01-26_13h37.28.320,rating,2023.2.3,60.006774708499975,2024-01-26 13h37.41.406117 +0800,
neg_30.jpg,0.0,63.0,63.0,116.0,373.9926247833964,,,,,,,,,,,,,,,,,,,,,,,373.9636214141005,,373.963652489852,373.9636596173177,373.9926247833964,374.9759616234428,374.9926276343826,375.9759864270245,375.9759864270245,376.2426423169627,376.20950273666176,376.2095107194236,376.2426423169627,376.2426423169627,376.2426423169627,376.2426423169627,376.2426423169627,376.2426423169627,0.0290400044705165,377.3097311576889,[-329.0],[99.0],[1],[0],[0],[1.066669745731815],377.3102374928653,377.3133176985243,,,,,,,,,,,,,,ED19,1,2024-01-26_13h37.28.320,rating,2023.2.3,60.006774708499975,2024-01-26 13h37.41.406117 +0800,
neg_31.jpg,0.0,62.0,62.0,117.0,369.7759549521347,,,,,,,,,,,,,,,,,,,,,,,369.74681302490217,,369.7468406794701,369.7468469516398,369.7759549521347,370.7592661333042,370.775958658417,371.7592695544877,371.7592695544877,372.0259756217861,371.9928311948088,371.9928391775702,372.0259756217861,372.0259756217861,372.0259756217861,372.0259756217861,372.0259756217861,372.0259756217861,0.0291834090839984,373.9598107857378,[320.0],[73.0],[1],[0],[0],[1.933427472902622],373.9602883259522,373.9633916246007,,,,,,,,,,,,,,ED19,1,2024-01-26_13h37.28.320,rating,2023.2.3,60.006774708499975,2024-01-26 13h37.41.406117 +0800,
neg_32.jpg,0.0,365.0,365.0,118.0,1821.2690843601165,,,,,,,,,,,,,,,,,,,,,,,1821.241955799448,,1821.241987730495,1821.2419945728625,1821.2690843601165,1822.2524183491764,1822.269086070708,1823.252423480952,1823.252423480952,1823.6023572525387,1823.48600450798,1823.48601277584,1823.6023572525387,1823.6023572525387,1823.6023572525387,1823.6023572525387,1823.6023572525387,1823.6023572525387,0.1104279672640586,1824.77077813111,[-115.0],[-309.0],[1],[0],[0],[1.1668037991107667],1824.77187519066,1824.7750406408104,,,,,,,,,,,,,,ED19,1,2024-01-26_13h37.28.320,rating,2023.2.3,60.006774708499975,2024-01-26 13h37.41.406117 +0800,
neg_33.jpg,0.0,338.0,338.0,119.0,1679.5847883342203,,,,,,,,,,,,,,,,,,,,,,,1679.5573786662972,,1679.5574097420483,1679.5574168695143,1679.5847883342203,1680.5681699347524,1680.5847920405022,1681.5681331570286,1681.5681331570286,1681.918140198965,1681.8016813977133,1681.801688810278,1681.918140198965,1681.918140198965,1681.918140198965,1681.918140198965,1681.918140198965,1681.918140198965,0.1107883319391476,1683.9029946190485,[-1.0],[-276.0],[1],[0],[0],[1.9833878727022238],1683.9040700111018,1683.9071852838929,,,,,,,,,,,,,,ED19,1,2024-01-26_13h37.28.320,rating,2023.2.3,60.006774708499975,2024-01-26 13h37.41.406117 +0800,
neg_34.jpg,0.0,15.0,15.0,120.0,103.9741244478355,,,,,,,,,,,,,,,,,,,,,,,103.94489984199843,,103.944930632651,103.94493747501838,103.9741244478355,104.95747297692606,104.97412900941345,105.95746898554488,105.95746898554488,106.2074688429957,106.19100240110085,106.19101009876384,106.2074688429957,106.2074688429957,106.2074688429957,106.2074688429957,106.2074688429957,106.2074688429957,0.0125858218170833,109.50794227778988,[-2.0],[-93.0],[1],[0],[0],[3.300143290573942],109.508331152329,109.51143045959634,,,,,,,,,,,,,,ED19,1,2024-01-26_13h37.28.320,rating,2023.2.3,60.006774708499975,2024-01-26 13h37.41.406117 +0800,
neg_35.jpg,0.0,147.0,147.0,121.0,732.9117197776918,,,,,,,,,,,,,,,,,,,,,,,732.8831474775329,,732.8831785532843,732.8831853956513,732.9117197776918,733.8950985272377,733.9117283306505,734.8951093609858,734.8951093609858,735.1950918559296,735.1285994415489,735.1286074243108,735.1950918559296,735.1950918559296,735.1950918559296,735.1950918559296,735.1950918559296,735.1950918559296,0.0619643353011269,735.5958076815837,[-268.0],[245.0],[1],[0],[0],[0.40005211603056523],735.5964711061088,735.5995772557435,,,,,,,,,,,,,,ED19,1,2024-01-26_13h37.28.320,rating,2023.2.3,60.006774708499975,2024-01-26 13h37.41.406117 +0800,
neg_36.jpg,0.0,144.0,144.0,122.0,719.761666663816,,,,,,,,,,,,,,,,,,,,,,,719.7331094738847,,719.73313969434,719.7331465367074,719.761666663816,720.7449698622236,720.7616353029657,721.7449784151822,721.7449784151822,722.04498314782,721.9785115456398,721.9785192433028,722.04498314782,722.04498314782,722.04498314782,722.04498314782,722.04498314782,722.04498314782,0.061894771234165,723.0456648186573,[-308.0],[-133.0],[1],[0],[0],[1.0000333565403707],723.0463239667029,723.0495535640466,,,,,,,,,,,,,,ED19,1,2024-01-26_13h37.28.320,rating,2023.2.3,60.006774708499975,2024-01-26 13h37.41.406117 +0800,
neg_37.jpg,0.0,119.0,119.0,123.0,610.1609287715273,,,,,,,,,,,,,,,,,,,,,,,610.1322030883025,,610.132233878955,610.1322410064213,610.1609287715273,611.1442305444416,611.1609279162312,612.144225412666,612.144225412666,612.4275712618296,612.3778229754148,612.3778303879794,612.4275712618296,612.4275712618296,612.4275712618296,612.4275712618296,612.4275712618296,612.4275712618296,0.0454186359856976,613.1781732475988,[-328.0],[233.0],[1],[0],[0],[0.7500195292564058],613.1787799374952,615.3780578966907,space,613.1942453980805,613.1942453980805,2.1825338312291933,,,,,,,,,,ED19,1,2024-01-26_13h37.28.320,rating,2023.2.3,60.006774708499975,2024-01-26 13h37.41.406117 +0800,
neg_38.jpg,0.0,341.0,341.0,124.0,1694.7349224161085,,,,,,,,,,,,,,,,,,,,,,,1694.707787868369,,1694.7078189441204,1694.7078260715862,1694.7349224161085,1695.7182318866858,1695.734907020782,1696.7182595412537,1696.7182595412537,1697.0682429200033,1696.951817475292,1696.951825172955,1697.0682429200033,1697.0682429200033,1697.0682429200033,1697.0682429200033,1697.0682429200033,1697.0682429200033,0.1104815658072766,1699.8698074272756,[79.0],[-111.0],[1],[0],[0],[2.800036948783145],1699.8708554498603,1699.8739405021956,,,,,,,,,,,,,,ED19,1,2024-01-26_13h37.28.320,rating,2023.2.3,60.006774708499975,2024-01-26 13h37.41.406117 +0800,
neg_39.jpg,0.0,203.0,203.0,125.0,995.813505008328,,,,,,,,,,,,,,,,,,,,,,,995.7851873012504,,995.7852178068048,995.785224649172,995.813505008328,996.7968404228814,996.8135015871444,997.796841278177,997.796841278177,998.113513162149,998.0303786851136,998.0303866678756,998.113513162149,998.113513162149,998.113513162149,998.113513162149,998.113513162149,998.113513162149,0.078347243295866,1000.5145160821288,[-301.0],[-35.0],[1],[0],[0],[2.400119114210156],1000.5152926908122,1000.5184296310996,,,,,,,,,,,,,,ED19,1,2024-01-26_13h37.28.320,rating,2023.2.3,60.006774708499975,2024-01-26 13h37.41.406117 +0800,
neg_4.jpg,0.0,19.0,19.0,126.0,127.57428872166928,,,,,,,,,,,,,,,,,,,,,,,127.54508321744106,,127.54511343789636,127.54512056536214,127.57428872166928,128.5576235660251,128.57428729617595,129.55762926799798,129.55762926799798,129.80763226153385,129.79119832088327,129.7912060185463,129.80763226153385,129.80763226153385,129.80763226153385,129.80763226153385,129.80763226153385,129.80763226153385,0.0125670053066642,136.27468968439007,[-330.0],[183.0],[1],[0],[0],[6.466738397483368],136.27513700414966,136.2782403027977,,,,,,,,,,,,,,ED19,1,2024-01-26_13h37.28.320,rating,2023.2.3,60.006774708499975,2024-01-26 13h37.41.406117 +0800,
neg_40.jpg,0.0,165.0,165.0,127.0,815.5623026048324,,,,,,,,,,,,,,,,,,,,,,,815.533704075599,,815.5337320152653,815.5337380023366,815.5623026048324,816.5456166369881,816.562263831418,817.5456263303417,817.5456263303417,817.845631062979,817.7791814133939,817.7791893961557,817.845631062979,817.845631062979,817.845631062979,817.845631062979,817.845631062979,817.845631062979,0.0619569227364991,818.7797000078117,[-335.0],[-110.0],[1],[0],[0],[0.9333704531754847],818.7803962186799,818.7835348695589,,,,,,,,,,,,,,ED19,1,2024-01-26_13h37.28.320,rating,2023.2.3,60.006774708499975,2024-01-26 13h37.41.406117 +0800,
neg_41.jpg,0.0,177.0,177.0,128.0,867.5793036066689,,,,,,,,,,,,,,,,,,,,,,,867.5508695793483,,867.5509003700013,867.550907497467,867.5793036066689,868.5626489996744,868.5793284102501,869.5626709522694,869.5626709522694,869.8627079010525,869.7961792791452,869.7961869768087,869.8627079010525,869.8627079010525,869.8627079010525,869.8627079010525,869.8627079010525,869.8627079010525,0.0618585637071191,873.9968861527022,[-342.0],[-167.0],[1],[0],[0],[4.133444407761544],873.9976188561959,874.0007201591534,,,,,,,,,,,,,,ED19,1,2024-01-26_13h37.28.320,rating,2023.2.3,60.006774708499975,2024-01-26 13h37.41.406117 +0800,
neg_42.jpg,0.0,40.0,40.0,129.0,245.77509766053757,,,,,,,,,,,,,,,,,,,,,,,245.74600220438288,,245.746029573852,245.74603584602164,245.77509766053757,246.7584399174584,246.77509908603088,247.75843421548552,247.75843421548552,248.02509865838283,247.99197162242217,247.99197960518404,248.02509865838283,248.02509865838283,248.02509865838283,248.02509865838283,248.02509865838283,248.02509865838283,0.0291201171871762,248.5588472093691,[-240.0],[232.0],[1],[0],[0],[0.5333921776918942],248.55932132840007,248.5623975426779,,,,,,,,,,,,,,ED19,1,2024-01-26_13h37.28.320,rating,2023.2.3,60.006774708499975,2024-01-26 13h37.41.406117 +0800,
neg_43.jpg,0.0,89.0,89.0,130.0,485.11004265645806,,,,,,,,,,,,,,,,,,,,,,,485.081109136328,,485.08113964188215,485.0811467693479,485.11004265645806,486.0933812070962,486.1100435117537,487.093386053773,487.093386053773,487.3767353241201,487.32693914113497,487.326946838798,487.3767353241201,487.3767353241201,487.3767353241201,487.3767353241201,487.3767353241201,487.3767353241201,0.0456447192032101,491.0772246674183,[-118.0],[-234.0],[1],[0],[0],[3.700031189790934],491.0777751928836,493.4771407913995,space,491.09341342324205,491.09341342324205,2.3742917437148208,,,,,,,,,,ED19,1,2024-01-26_13h37.28.320,rating,2023.2.3,60.006774708499975,2024-01-26 13h37.41.406117 +0800,
neg_44.jpg,0.0,116.0,116.0,131.0,597.6441381724835,,,,,,,,,,,,,,,,,,,,,,,597.6155556087742,,597.6155832633417,597.6155895355118,597.6441381724835,598.6274784337138,598.6441433042592,599.6275003863088,599.6275003863088,599.9108194362007,599.8610155555521,599.8610238234123,599.9108194362007,599.9108194362007,599.9108194362007,599.9108194362007,599.9108194362007,599.9108194362007,0.0452854949226093,602.3282622839024,[-364.0],[223.0],[1],[0],[0],[2.4168632421760776],602.3288444553164,602.3320737675613,,,,,,,,,,,,,,ED19,1,2024-01-26_13h37.28.320,rating,2023.2.3,60.006774708499975,2024-01-26 13h37.41.406117 +0800,
neg_45.jpg,0.0,164.0,164.0,132.0,811.1789375970407,,,,,,,,,,,,,,,,,,,,,,,811.1505583086582,,811.1505882440151,811.150595086382,811.1789375970407,812.162287836723,812.1789430139147,813.1622821347505,813.1622821347505,813.4622840164011,813.3957973039933,813.3958047165579,813.4622840164011,813.4622840164011,813.4622840164011,813.4622840164011,813.4622840164011,813.4622840164011,0.0617493709301015,815.5296801934564,[-337.0],[-146.0],[1],[0],[0],[2.0667008214832094],815.530402063202,815.5334962386937,,,,,,,,,,,,,,ED19,1,2024-01-26_13h37.28.320,rating,2023.2.3,60.006774708499975,2024-01-26 13h37.41.406117 +0800,
neg_46.jpg,0.0,98.0,98.0,133.0,522.7436435833706,,,,,,,,,,,,,,,,,,,,,,,522.7148232473992,,522.7148531827556,522.714860025123,522.7436435833706,523.7269849849954,523.7436373112005,524.7270174862397,524.7270174862397,525.0103171494243,524.9605249578199,524.9605329405817,525.0103171494243,525.0103171494243,525.0103171494243,525.0103171494243,525.0103171494243,525.0103171494243,0.0455124334366701,527.0609181658579,[-337.0],[249.0],[1],[0],[0],[2.0501194848379782],527.0614880780304,527.0646369924602,,,,,,,,,,,,,,ED19,1,2024-01-26_13h37.28.320,rating,2023.2.3,60.006774708499975,2024-01-26 13h37.41.406117 +0800,
neg_47.jpg,0.0,124.0,124.0,134.0,635.9443245129519,,,,,,,,,,,,,,,,,,,,,,,635.9156085230807,,635.915636462747,635.9156427349171,635.9443245129519,636.9277349084464,636.944424582573,637.9277411806165,637.9277411806165,638.2111183906295,638.1613088080085,638.1613170758687,638.2111183906295,638.2111183906295,638.2111183906295,638.2111183906295,638.2111183906295,638.2111183906295,0.0455341009328549,639.7617060074276,[-344.0],[297.0],[1],[0],[0],[1.5500299638665638],639.7623312287355,639.7654530587947,,,,,,,,,,,,,,ED19,1,2024-01-26_13h37.28.320,rating,2023.2.3,60.006774708499975,2024-01-26 13h37.41.406117 +0800,
neg_48.jpg,0.0,314.0,314.0,135.0,1584.984147945665,,,,,,,,,,,,,,,,,,,,,,,1584.9567924464827,,1584.9568232371353,1584.9568297944045,1584.984147945665,1585.9674876366976,1585.984152507243,1586.9674941939666,1586.9674941939666,1587.3175015210013,1587.201027609522,1587.2010353071855,1587.3175015210013,1587.3175015210013,1587.3175015210013,1587.3175015210013,1587.3175015210013,1587.3175015210013,0.1107313122120103,1590.2189548968258,[-220.0],[-298.0],[1],[0],[0],[2.900095165924995],1590.2200268676957,1590.2231355832178,,,,,,,,,,,,,,ED19,1,2024-01-26_13h37.28.320,rating,2023.2.3,60.006774708499975,2024-01-26 13h37.41.406117 +0800,
neg_49.jpg,0.0,347.0,347.0,136.0,1720.3683970443258,,,,,,,,,,,,,,,,,,,,,,,1720.3411031264486,,1720.3411342022,1720.3411410445674,1720.3683970443258,1721.3517378757529,1721.3684033164957,1722.3517444330214,1722.3517444330214,1722.7017514749575,1722.585317192189,1722.5853254600495,1722.7017514749575,1722.7017514749575,1722.7017514749575,1722.7017514749575,1722.7017514749575,1722.7017514749575,0.1106748626821172,1725.6200062835742,[-1.0],[-65.0],[1],[0],[0],[2.916705582630584],1725.6211372698613,1725.6242625211044,,,,,,,,,,,,,,ED19,1,2024-01-26_13h37.28.320,rating,2023.2.3,60.006774708499975,2024-01-26 13h37.41.406117 +0800,
neg_5.jpg,0.0,136.0,136.0,137.0,690.5447687536457,,,,,,,,,,,,,,,,,,,,,,,690.5161864750348,,690.5162172656874,690.5162241080548,690.5447687536457,691.528109014876,691.5447741705198,692.528113576454,692.528113576454,692.8114514428557,692.7616481324044,692.7616558300679,692.8114514428557,692.8114514428557,692.8114514428557,692.8114514428557,692.8114514428557,692.8114514428557,0.0452840694297265,695.1121167490319,[325.0],[257.0],[1],[0],[0],[2.3000472123339932],695.1127339875779,695.1158697874703,,,,,,,,,,,,,,ED19,1,2024-01-26_13h37.28.320,rating,2023.2.3,60.006774708499975,2024-01-26 13h37.41.406117 +0800,
neg_50.jpg,0.0,255.0,255.0,138.0,1278.498743000116,,,,,,,,,,,,,,,,,,,,,,,1278.4707759643609,,1278.470805899717,1278.4708127420845,1278.498743000116,1279.482085542135,1279.498789756292,1280.482091814305,1280.482091814305,1280.7987882167597,1280.7156212384798,1280.7156289361433,1280.7987882167597,1280.7987882167597,1280.7987882167597,1280.7987882167597,1280.7987882167597,1280.7987882167597,0.0780390516706575,1282.7165714722323,[-55.0],[124.0],[1],[0],[0],[1.916681064147724],1282.7175000384889,1282.7206167367726,,,,,,,,,,,,,,ED19,1,2024-01-26_13h37.28.320,rating,2023.2.3,60.006774708499975,2024-01-26 13h37.41.406117 +0800,
neg_51.jpg,0.0,271.0,271.0,139.0,1364.0826595027083,,,,,,,,,,,,,,,,,,,,,,,1364.054792536574,,1364.05482674841,1364.0548335907774,1364.0826595027083,1365.0659957725577,1365.0826871572758,1366.066000334136,1366.066000334136,1366.3993553349655,1366.2995431579466,1366.2995514258068,1366.3993553349655,1366.3993553349655,1366.3993553349655,1366.3993553349655,1366.3993553349655,1366.3993553349655,0.0945838956904481,1367.550445922776,[327.0],[276.0],[1],[0],[0],[1.1499005861055593],1367.5513562427195,1367.5544917575137,,,,,,,,,,,,,,ED19,1,2024-01-26_13h37.28.320,rating,2023.2.3,60.006774708499975,2024-01-26 13h37.41.406117 +0800,
neg_52.jpg,0.0,305.0,305.0,140.0,1543.417201939355,,,,,,,,,,,,,,,,,,,,,,,1543.3897332560146,,1543.3897640466676,1543.3897708890345,1543.417201939355,1544.4005413452892,1544.4172236068512,1545.4005459068676,1545.4005459068676,1545.7338843719765,1545.6340816032125,1545.6340893008755,1545.7338843719765,1545.7338843719765,1545.7338843719765,1545.7338843719765,1545.7338843719765,1545.7338843719765,0.0941782003319531,1547.7352428669749,[-240.0],[-333.0],[1],[0],[0],[2.0000498922613588],1547.7362247466758,1547.739369384626,,,,,,,,,,,,,,ED19,1,2024-01-26_13h37.28.320,rating,2023.2.3,60.006774708499975,2024-01-26 13h37.41.406117 +0800,
neg_53.jpg,0.0,162.0,162.0,141.0,800.34550761527,,,,,,,,,,,,,,,,,,,,,,,800.317044792987,,800.3170752985411,800.3170821409085,800.34550761527,801.3288689737992,801.3455144576369,802.3289066068187,802.3289066068187,802.6288891017625,802.5623915556066,802.5623995383685,802.6288891017625,802.6288891017625,802.6288891017625,802.6288891017625,802.6288891017625,802.6288891017625,0.0618651209756535,806.0964323326943,[-307.0],[152.0],[1],[0],[0],[3.4668264929619],806.0971707381605,806.100269760329,,,,,,,,,,,,,,ED19,1,2024-01-26_13h37.28.320,rating,2023.2.3,60.006774708499975,2024-01-26 13h37.41.406117 +0800,
neg_54.jpg,0.0,276.0,276.0,142.0,1383.5827909331792,,,,,,,,,,,,,,,,,,,,,,,1383.5549165544803,,1383.554949055725,1383.554955898092,1383.5827909331792,1384.56614573444,1384.582793499067,1385.566135470889,1385.566135470889,1385.8994739359978,1385.7996988218017,1385.7997068045634,1385.8994739359978,1385.8994739359978,1385.8994739359978,1385.8994739359978,1385.8994739359978,1385.8994739359978,0.0945807596053782,1387.7008288957732,[-105.0],[-320.0],[1],[0],[0],[1.8001495627440818],1387.7018187582355,1387.70496681737,,,,,,,,,,,,,,ED19,1,2024-01-26_13h37.28.320,rating,2023.2.3,60.006774708499975,2024-01-26 13h37.41.406117 +0800,
neg_55.jpg,0.0,153.0,153.0,143.0,762.3619287264814,,,,,,,,,,,,,,,,,,,,,,,762.333375242833,,762.3334060334855,762.3334128758529,762.3619287264814,763.3453214458609,763.3619264456925,764.3452923658001,764.3452923658001,764.645303370607,764.5788123817197,764.5788203644815,764.645303370607,764.645303370607,764.645303370607,764.645303370607,764.645303370607,764.645303370607,0.0619480846789883,765.1792865577704,[-326.0],[-172.0],[1],[0],[0],[0.5333382940498268],765.1799648074248,765.183108590079,,,,,,,,,,,,,,ED19,1,2024-01-26_13h37.28.320,rating,2023.2.3,60.006774708499975,2024-01-26 13h37.41.406117 +0800,
neg_56.jpg,0.0,181.0,181.0,144.0,887.2127471591348,,,,,,,,,,,,,,,,,,,,,,,887.1844499791596,,887.1844819102066,887.1844890376724,887.2127471591348,888.1961045262833,888.2127702521243,889.196130470259,889.196130470259,889.4961357730936,889.4296607497299,889.4296684473929,889.4961357730936,889.4961357730936,889.4961357730936,889.4961357730936,889.4961357730936,889.4961357730936,0.061727703433462,890.8969556597499,[-316.0],[-160.0],[1],[0],[0],[1.4000027939669053],890.8977399660962,890.9008466859282,,,,,,,,,,,,,,ED19,1,2024-01-26_13h37.28.320,rating,2023.2.3,60.006774708499975,2024-01-26 13h37.41.406117 +0800,
neg_57.jpg,0.0,166.0,166.0,145.0,818.8123036026777,,,,,,,,,,,,,,,,,,,,,,,818.783764088862,,818.7837940242189,818.7838011516847,818.8123036026777,819.7956487105844,819.8123543502347,820.7956920455772,820.7956920455772,821.0957093225543,821.0291818410415,821.0291895387049,821.0957093225543,821.0957093225543,821.0957093225543,821.0957093225543,821.0957093225543,821.0957093225543,0.0619674713857421,821.7630824636399,[-325.0],[-130.0],[1],[0],[0],[0.6666794961056439],821.7637729725357,821.7669523925192,,,,,,,,,,,,,,ED19,1,2024-01-26_13h37.28.320,rating,2023.2.3,60.006774708499975,2024-01-26 13h37.41.406117 +0800,
neg_58.jpg,0.0,27.0,27.0,146.0,171.941252860252,,,,,,,,,,,,,,,,,,,,,,,171.9121380173901,,171.91216852294383,171.9121753653112,171.941252860252,172.92459483207404,172.94125428574534,173.92462362703645,173.92462362703645,174.19126668753597,174.1581296731233,174.15813708568749,174.19126668753597,174.19126668753597,174.19126668753597,174.19126668753597,174.19126668753597,174.19126668753597,0.0291446356695814,176.97491103497077,[-378.0],[348.0],[1],[0],[0],[2.783336155809593],176.97532243230216,176.97842972233138,,,,,,,,,,,,,,ED19,1,2024-01-26_13h37.28.320,rating,2023.2.3,60.006774708499975,2024-01-26 13h37.41.406117 +0800,
neg_59.jpg,0.0,134.0,134.0,147.0,683.794723565512,,,,,,,,,,,,,,,,,,,,,,,683.7660959562181,,683.7661273170679,683.7661344445337,683.794723565512,684.7780832134495,684.7947349694573,685.7780994640716,685.7780994640716,686.0614059696236,686.0115995230872,686.0116072207502,686.0614059696236,686.0614059696236,686.0614059696236,686.0614059696236,686.0614059696236,686.0614059696236,0.0453308256055606,686.5620289101421,[-246.0],[103.0],[1],[0],[0],[0.5000116890437312],686.5626361702361,686.5657699744384,,,,,,,,,,,,,,ED19,1,2024-01-26_13h37.28.320,rating,2023.2.3,60.006774708499975,2024-01-26 13h37.41.406117 +0800,
neg_6.jpg,0.0,44.0,44.0,148.0,265.97526797846285,,,,,,,,,,,,,,,,,,,,,,,265.9459760893478,,265.94600288861966,265.94600916078934,265.97526797846285,266.95856404940423,266.975229205048,267.95856889608103,267.95856889608103,268.22523904095124,268.19211057949724,268.19211827716026,268.22523904095124,268.22523904095124,268.22523904095124,268.22523904095124,268.22523904095124,268.22523904095124,0.0292843340012041,270.6589510422923,[-30.0],[-288.0],[1],[0],[0],[2.4333288287748474],270.6593955110652,270.66238619575233,,,,,,,,,,,,,,ED19,1,2024-01-26_13h37.28.320,rating,2023.2.3,60.006774708499975,2024-01-26 13h37.41.406117 +0800,
neg_60.jpg,0.0,331.0,331.0,149.0,1654.0346161061343,,,,,,,,,,,,,,,,,,,,,,,1654.007207863705,,1654.007238939456,1654.0072457818233,1654.0346161061343,1655.0179612140414,1655.0346149657398,1656.0179729030856,1656.0179729030856,1656.367981940712,1656.2515237096582,1656.2515316924196,1656.367981940712,1656.367981940712,1656.367981940712,1656.367981940712,1656.367981940712,1656.367981940712,0.1107988805883906,1657.3028953477035,[-25.0],[-311.0],[1],[0],[0],[0.9334739439805162],1657.3039328216382,1657.3071145224117,,,,,,,,,,,,,,ED19,1,2024-01-26_13h37.28.320,rating,2023.2.3,60.006774708499975,2024-01-26 13h37.41.406117 +0800,
neg_61.jpg,0.0,92.0,92.0,150.0,501.1934853251182,,,,,,,,,,,,,,,,,,,,,,,501.16459656547386,,501.164627071028,501.1646339133949,501.1934853251182,502.1768492495348,502.1934987247541,503.1768292926304,503.1768292926304,503.4601879712327,503.4103863713731,503.4103940690361,503.4601879712327,503.4601879712327,503.4601879712327,503.4601879712327,503.4601879712327,503.4601879712327,0.0456159242412468,503.96069002993,[-309.0],[260.0],[1],[0],[0],[0.5000022807889763],503.961282179796,503.964409711828,,,,,,,,,,,,,,ED19,1,2024-01-26_13h37.28.320,rating,2023.2.3,60.006774708499975,2024-01-26 13h37.41.406117 +0800,
neg_62.jpg,0.0,192.0,192.0,151.0,939.4297867633268,,,,,,,,,,,,,,,,,,,,,,,939.4014097557332,,939.4014408314848,939.4014473887532,939.4297867633268,940.4131244586692,940.4297987374694,941.4131255990636,941.4131255990636,941.7131385995611,941.6466664271838,941.6466744099456,941.7131385995611,941.7131385995611,941.7131385995611,941.7131385995611,941.7131385995611,941.7131385995611,0.0617490858312521,945.9140159621024,[-317.0],[282.0],[1],[0],[0],[4.200067112218676],945.9147723287828,945.9179275153824,,,,,,,,,,,,,,ED19,1,2024-01-26_13h37.28.320,rating,2023.2.3,60.006774708499975,2024-01-26 13h37.41.406117 +0800,
neg_63.jpg,0.0,259.0,259.0,152.0,1295.8655286669532,,,,,,,,,,,,,,,,,,,,,,,1295.8375673331702,,1295.8375981238232,1295.837605251289,1295.8655286669532,1296.848868928183,1296.865532658334,1297.848850396772,1297.848850396772,1298.1822082485878,1298.0824020586406,1298.082410041402,1298.1822082485878,1298.1822082485878,1298.1822082485878,1298.1822082485878,1298.1822082485878,1298.1822082485878,0.0946662891956293,1308.6834022416738,[135.0],[239.0],[1],[0],[0],[10.50012857948468],1308.6842829113589,1308.6875606903725,,,,,,,,,,,,,,ED19,1,2024-01-26_13h37.28.320,rating,2023.2.3,60.006774708499975,2024-01-26 13h37.41.406117 +0800,
neg_64.jpg,0.0,99.0,99.0,153.0,527.0936606037594,,,,,,,,,,,,,,,,,,,,,,,527.0648667819605,,527.0648970024163,527.0649035596848,527.0936606037594,528.0770179709075,528.0936623143511,529.0770065669622,529.0770065669622,529.3603518459281,529.3105388421232,529.3105462546878,529.3603518459281,529.3603518459281,529.3603518459281,529.3603518459281,529.3603518459281,529.3603518459281,0.0455058761681357,529.8109776089236,[-333.0],[277.0],[1],[0],[0],[0.45011572153634916],529.8115828733266,529.8146915888492,,,,,,,,,,,,,,ED19,1,2024-01-26_13h37.28.320,rating,2023.2.3,60.006774708499975,2024-01-26 13h37.41.406117 +0800,
neg_65.jpg,0.0,348.0,348.0,154.0,1725.6517676970702,,,,,,,,,,,,,,,,,,,,,,,1725.6244897447173,,1725.6245213906654,1725.6245282330328,1725.6517676970702,1726.6351053924127,1726.651772828846,1727.6351096688925,1727.6351096688925,1727.985117281026,1727.8686604754648,1727.8686684582267,1727.985117281026,1727.985117281026,1727.985117281026,1727.985117281026,1727.985117281026,1727.985117281026,0.1106537653831765,1734.7535393570115,[167.0],[57.0],[1],[0],[0],[6.766851752700859],1734.7546093321907,1734.7577434214918,,,,,,,,,,,,,,ED19,1,2024-01-26_13h37.28.320,rating,2023.2.3,60.006774708499975,2024-01-26 13h37.41.406117 +0800,
neg_66.jpg,0.0,50.0,50.0,155.0,298.0421096386717,,,,,,,,,,,,,,,,,,,,,,,298.0130401264928,,298.0130677810603,298.0130740532304,298.0421096386717,299.0254481893103,299.04211134926345,300.02548069055456,300.02548069055456,300.2921496950303,300.25898559624693,300.2589930088116,300.2921496950303,300.2921496950303,300.2921496950303,300.2921496950303,300.2921496950303,300.2921496950303,0.0291303807380245,302.1592820418082,[-371.0],[288.0],[1],[0],[0],[1.8667671354260165],302.1597487482745,302.16275996006334,,,,,,,,,,,,,,ED19,1,2024-01-26_13h37.28.320,rating,2023.2.3,60.006774708499975,2024-01-26 13h37.41.406117 +0800,
neg_67.jpg,0.0,47.0,47.0,156.0,282.42535633052967,,,,,,,,,,,,,,,,,,,,,,,282.3962067056341,,282.39623521549765,282.3962414876678,282.42535633052967,283.4086769199539,283.4253951039441,284.4086803411378,284.4086803411378,284.67537985116724,284.64226364895467,284.64227163171654,284.67537985116724,284.67537985116724,284.67537985116724,284.67537985116724,284.67537985116724,284.67537985116724,0.0291925322403585,287.17583686428,[-217.0],[-292.0],[1],[0],[0],[2.5001012100156004],287.1763178256783,287.17941057567714,,,,,,,,,,,,,,ED19,1,2024-01-26_13h37.28.320,rating,2023.2.3,60.006774708499975,2024-01-26 13h37.41.406117 +0800,
neg_68.jpg,0.0,265.0,265.0,157.0,1331.31579463547,,,,,,,,,,,,,,,,,,,,,,,1331.2878977339792,,1331.2879282395334,1331.2879353669991,1331.31579463547,1332.2991061017383,1332.3157991970484,1333.2991146546974,1333.2991146546974,1333.6324559707923,1333.532712787643,1333.5327204853063,1333.6324559707923,1333.6324559707923,1333.6324559707923,1333.6324559707923,1333.6324559707923,1333.6324559707923,0.0946420558120735,1335.8003465659017,[-297.0],[327.0],[1],[0],[0],[2.166658683905098],1335.8012902423852,1335.8044482799714,,,,,,,,,,,,,,ED19,1,2024-01-26_13h37.28.320,rating,2023.2.3,60.006774708499975,2024-01-26 13h37.41.406117 +0800,
neg_69.jpg,0.0,11.0,11.0,158.0,83.8906909023317,,,,,,,,,,,,,,,,,,,,,,,83.86141725952939,,83.86144890547803,83.86145574784541,83.8906909023317,84.87397214814428,84.89065954148191,85.87397414383486,85.87397414383486,86.1240002303598,86.10753492885942,86.10754262652245,86.1240002303598,86.1240002303598,86.1240002303598,86.1240002303598,86.1240002303598,86.1240002303598,0.0126000767486402,90.90774521761296,[-188.0],[195.0],[1],[0],[0],[4.783442497600845],90.90816801888968,90.91126304967749,,,,,,,,,,,,,,ED19,1,2024-01-26_13h37.28.320,rating,2023.2.3,60.006774708499975,2024-01-26 13h37.41.406117 +0800,
neg_7.jpg,0.0,59.0,59.0,159.0,344.25908851685426,,,,,,,,,,,,,,,,,,,,,,,344.23009427071474,,344.23012221038107,344.2301284825512,344.25908851685426,345.24242991847905,345.2591124651399,346.2424341949586,346.2424341949586,346.50910491002605,346.47596190854165,346.4759698913035,346.50910491002605,346.50910491002605,346.50910491002605,346.50910491002605,346.50910491002605,346.50910491002605,0.0290311664125511,350.7762491739268,[-259.0],[-323.0],[1],[0],[0],[4.266745125811212],350.77676406206274,359.92635446085296,space,350.7924946643793,350.7924946643793,9.131677366418444,,,,,,,,,,ED19,1,2024-01-26_13h37.28.320,rating,2023.2.3,60.006774708499975,2024-01-26 13h37.41.406117 +0800,
neg_70.jpg,0.0,335.0,335.0,160.0,1669.8013886014146,,,,,,,,,,,,,,,,,,,,,,,1669.773949853431,,1669.7739780781958,1669.7739846354643,1669.8013886014146,1670.7847274371516,1670.801392022598,1671.78473399442,1671.78473399442,1672.134743887343,1672.0182825202037,1672.0182902178667,1672.134743887343,1672.134743887343,1672.134743887343,1672.134743887343,1672.134743887343,1672.134743887343,0.1108268202547151,1672.602924028626,[160.0],[-322.0],[1],[0],[0],[0.4666950624909987],1672.60406413807,1672.6072099164148,,,,,,,,,,,,,,ED19,1,2024-01-26_13h37.28.320,rating,2023.2.3,60.006774708499975,2024-01-26 13h37.41.406117 +0800,
neg_71.jpg,0.0,199.0,199.0,161.0,972.6466809672144,,,,,,,,,,,,,,,,,,,,,,,972.6183139380732,,972.6183450138246,972.618351856192,972.6466809672144,973.6300349131787,973.6466838182008,974.6300825246512,974.6300825246512,974.9466922571204,974.8635971236972,974.863606531952,974.9466922571204,974.9466922571204,974.9466922571204,974.9466922571204,974.9466922571204,974.9466922571204,0.0783994163462011,981.1475947083412,[-261.0],[336.0],[1],[0],[0],[6.200087354221978],981.1483579173888,981.1514965682676,,,,,,,,,,,,,,ED19,1,2024-01-26_13h37.28.320,rating,2023.2.3,60.006774708499975,2024-01-26 13h37.41.406117 +0800,
neg_72.jpg,0.0,253.0,253.0,162.0,1269.74868783353,,,,,,,,,,,,,,,,,,,,,,,1269.7205480280013,,1269.7205791037527,1269.7205862312185,1269.74868783353,1270.7320243884778,1270.7486875484317,1271.732029805352,1271.732029805352,1272.0486985532384,1271.9655974327438,1271.9656051304073,1272.0486985532384,1272.0486985532384,1272.0486985532384,1272.0486985532384,1272.0486985532384,1272.0486985532384,0.0781741884238726,1274.4664980593338,[-328.0],[305.0],[1],[0],[0],[2.416716131279827],1274.4674448719024,1274.4705618552853,,,,,,,,,,,,,,ED19,1,2024-01-26_13h37.28.320,rating,2023.2.3,60.006774708499975,2024-01-26 13h37.41.406117 +0800,
neg_73.jpg,0.0,380.0,380.0,163.0,1877.8694761426611,,,,,,,,,,,,,,,,,,,,,,,1877.8423800832372,,1877.8424103036928,1877.8424168609613,1877.8694761426611,1878.852801293664,1878.8694884019023,1879.8528052850447,1879.8528052850447,1880.219480333611,1880.086387167368,1880.0863945799329,1880.219480333611,1880.219480333611,1880.219480333611,1880.219480333611,1880.219480333611,1880.219480333611,0.1271287602371558,1883.721222856472,[212.0],[-329.0],[1],[0],[0],[3.500042194598336],1883.7223561235485,1883.7254961999208,,,,,,,,,,,,,,ED19,1,2024-01-26_13h37.28.320,rating,2023.2.3,60.006774708499975,2024-01-26 13h37.41.406117 +0800,
neg_74.jpg,0.0,201.0,201.0,164.0,985.6467662117066,,,,,,,,,,,,,,,,,,,,,,,985.6184867078464,,985.6185177835978,985.6185249110636,985.6467662117066,986.6301252894464,986.64676963289,987.6301090388242,987.6301090388242,987.9467814929932,987.8636618410874,987.8636695387504,987.9467814929932,987.9467814929932,987.9467814929932,987.9467814929932,987.9467814929932,987.9467814929932,0.0783167377417157,989.681018246883,[-351.0],[-309.0],[1],[0],[0],[1.733357224599331],989.6818339140796,989.6850672177056,,,,,,,,,,,,,,ED19,1,2024-01-26_13h37.28.320,rating,2023.2.3,60.006774708499975,2024-01-26 13h37.41.406117 +0800,
neg_75.jpg,0.0,101.0,101.0,165.0,533.7437507804575,,,,,,,,,,,,,,,,,,,,,,,533.7149934512845,,533.7150236717398,533.7150305141072,533.7437507804575,534.7270488470899,534.7437293980602,535.7270499874844,535.7270499874844,536.0103895644779,535.9606446992466,535.9606526820085,536.0103895644779,536.0103895644779,536.0103895644779,536.0103895644779,536.0103895644779,536.0103895644779,0.0454440097641963,537.6610582063076,[-284.0],[184.0],[1],[0],[0],[1.650104716728947],537.6616728789659,537.6648845150958,,,,,,,,,,,,,,ED19,1,2024-01-26_13h37.28.320,rating,2023.2.3,60.006774708499975,2024-01-26 13h37.41.406117 +0800,
neg_76.jpg,0.0,171.0,171.0,166.0,840.3457810248615,,,,,,,,,,,,,,,,,,,,,,,840.3173142111978,,840.3173418657652,840.3173481379354,840.3457810248615,841.3291603446046,841.3457847311433,842.3292022541041,842.3292022541041,842.6291317207015,842.5626686714804,842.5626763691434,842.6291317207015,842.6291317207015,842.6291317207015,842.6291317207015,842.6291317207015,842.6291317207015,0.0618802312033039,848.9633767994715,[-49.0],[-99.0],[1],[0],[0],[6.33345621084527],848.9641411489133,848.9671366802772,,,,,,,,,,,,,,ED19,1,2024-01-26_13h37.28.320,rating,2023.2.3,60.006774708499975,2024-01-26 13h37.41.406117 +0800,
neg_77.jpg,0.0,172.0,172.0,167.0,848.9959151067496,,,,,,,,,,,,,,,,,,,,,,,848.9673453724786,,848.9673735972437,848.9673798694134,848.9959151067496,849.9791709787837,849.9958814651104,850.9791858039125,850.9791858039125,851.2791908216486,851.2127887835354,851.2127964811989,851.2791908216486,851.2791908216486,851.2791908216486,851.2791908216486,851.2791908216486,851.2791908216486,0.0618719633434921,852.479982939698,[-340.0],[341.0],[1],[0],[0],[1.20004287883512],852.4806911247088,852.483695779229,,,,,,,,,,,,,,ED19,1,2024-01-26_13h37.28.320,rating,2023.2.3,60.006774708499975,2024-01-26 13h37.41.406117 +0800,
neg_78.jpg,0.0,194.0,194.0,168.0,948.9298352300948,,,,,,,,,,,,,,,,,,,,,,,948.9015044084804,,948.9015354842318,948.9015426116976,948.9298352300948,949.9132116988516,949.92985917838,950.9131943078346,950.9131943078346,951.2131984702752,951.1467955768658,951.1468035596276,951.2131984702752,951.2131984702752,951.2131984702752,951.2131984702752,951.2131984702752,951.2131984702752,0.0617165845865201,952.4807316087148,[-6.0],[-243.0],[1],[0],[0],[1.266686395491888],952.4815307401904,952.4846676804776,,,,,,,,,,,,,,ED19,1,2024-01-26_13h37.28.320,rating,2023.2.3,60.006774708499975,2024-01-26 13h37.41.406117 +0800,
neg_79.jpg,0.0,217.0,217.0,169.0,1064.563966155371,,,,,,,,,,,,,,,,,,,,,,,1064.5357690450164,,1064.5358001207678,1064.5358069631352,1064.563966155371,1065.5473052762063,1065.5639701467517,1066.5473106930808,1066.5473106930808,1066.863981436658,1066.7808697675137,1066.780877465177,1066.863981436658,1066.863981436658,1066.863981436658,1066.863981436658,1066.863981436658,1066.863981436658,0.0782351995321732,1071.6149765734451,[-135.0],[-331.0],[1],[0],[0],[4.750051460303439],1071.6157785559071,1071.6189012412624,,,,,,,,,,,,,,ED19,1,2024-01-26_13h37.28.320,rating,2023.2.3,60.006774708499975,2024-01-26 13h37.41.406117 +0800,
neg_8.jpg,0.0,204.0,204.0,170.0,1000.5468653690118,,,,,,,,,,,,,,,,,,,,,,,1000.5186628417836,,1000.5186942026336,1000.5187010450009,1000.5468653690118,1001.5302193149764,1001.5468710709848,1002.5302592287852,1002.5302592287852,1002.8468817906931,1002.7637430371788,1002.7637507348418,1002.8468817906931,1002.8468817906931,1002.8468817906931,1002.8468817906931,1002.8468817906931,1002.8468817906931,0.0782386207156378,1005.0477648552068,[-299.0],[-55.0],[1],[0],[0],[2.200049721202049],1005.048544029778,1005.0517220242688,,,,,,,,,,,,,,ED19,1,2024-01-26_13h37.28.320,rating,2023.2.3,60.006774708499975,2024-01-26 13h37.41.406117 +0800,
neg_80.jpg,0.0,14.0,14.0,171.0,98.60742488078633,,,,,,,,,,,,,,,,,,,,,,,98.57827154960796,,98.57830262535936,98.57830975282512,98.60742488078633,99.59078395852612,99.60742545098356,100.59079393697856,100.59079393697856,100.84079151363994,100.82433448000027,100.82434246276216,100.84079151363994,100.84079151363994,100.84079151363994,100.84079151363994,100.84079151363994,100.84079151363994,0.0125533205723513,103.94118814286183,[-228.0],[-43.0],[1],[0],[0],[3.100081025032523],103.94160068058773,103.94466976739976,,,,,,,,,,,,,,ED19,1,2024-01-26_13h37.28.320,rating,2023.2.3,60.006774708499975,2024-01-26 13h37.41.406117 +0800,
neg_81.jpg,0.0,53.0,53.0,172.0,312.1255728344336,,,,,,,,,,,,,,,,,,,,,,,312.09638187023575,,312.0964123757899,312.0964192181568,312.1255728344336,313.10889941092955,313.1255699834473,314.1088857261948,314.1088857261948,314.37557354718047,314.34247530618177,314.3424830038448,314.37557354718047,314.37557354718047,314.37557354718047,314.37557354718047,314.37557354718047,314.37557354718047,0.0292167656243691,315.94263786942383,[-326.0],[208.0],[1],[0],[0],[1.5666549206025593],315.94309687822715,315.9460964009718,,,,,,,,,,,,,,ED19,1,2024-01-26_13h37.28.320,rating,2023.2.3,60.006774708499975,2024-01-26 13h37.41.406117 +0800,
neg_82.jpg,0.0,343.0,343.0,173.0,1703.9016398303324,,,,,,,,,,,,,,,,,,,,,,,1703.8743476230477,,1703.874375562713,1703.8743818348837,1703.9016398303324,1704.8849846531407,1704.9016238648087,1705.8849658366307,1705.8849658366307,1706.234983142118,1706.1184969713972,1706.1185046690605,1706.234983142118,1706.234983142118,1706.234983142118,1706.234983142118,1706.234983142118,1706.234983142118,0.1107122106036513,1709.619849194226,[-263.0],[271.0],[1],[0],[0],[3.3833111241497136],1709.620912897235,1709.6240632371582,,,,,,,,,,,,,,ED19,1,2024-01-26_13h37.28.320,rating,2023.2.3,60.006774708499975,2024-01-26 13h37.41.406117 +0800,
neg_83.jpg,0.0,330.0,330.0,174.0,1647.5512376416868,,,,,,,,,,,,,,,,,,,,,,,1647.535347669233,1647.5512376416868,1648.53479885436,1648.5348059818257,1648.567933873082,1649.5345838899884,1649.567913060882,1650.534589021764,1650.534589021764,1650.8845960637004,1650.7681235777145,1650.7681312753775,1650.8845960637004,1650.8845960637004,1650.8845960637004,1650.8845960637004,1650.8845960637004,1650.8845960637004,0.0994513846958398,1654.0027854136697,[-10.0],[-315.0],[1],[0],[0],[3.116687165258554],1654.003817755829,1654.0069780742049,,,,,,1648.567933873082,,,,,,,,ED19,1,2024-01-26_13h37.28.320,rating,2023.2.3,60.006774708499975,2024-01-26 13h37.41.406117 +0800,
neg_84.jpg,0.0,84.0,84.0,175.0,455.5598422036073,,,,,,,,,,,,,,,,,,,,,,,455.5310731853901,,455.53110454623993,455.5311113886073,455.5598422036073,456.5431804691471,456.5598439141991,457.54320840881337,457.54320840881337,457.8265228971268,457.7767401137771,457.776748096539,457.8265228971268,457.8265228971268,457.8265228971268,457.8265228971268,457.8265228971268,457.8265228971268,0.0454673878521134,461.5604124008783,[278.0],[223.0],[1],[0],[0],[3.73342251218628],461.5609871597276,461.564122674522,,,,,,,,,,,,,,ED19,1,2024-01-26_13h37.28.320,rating,2023.2.3,60.006774708499975,2024-01-26 13h37.41.406117 +0800,
neg_85.jpg,0.0,367.0,367.0,176.0,1827.8691234756488,,,,,,,,,,,,,,,,,,,,,,,1827.841964979624,,1827.841996340474,1827.8420031828412,1827.8691234756488,1828.8524908212491,1828.8691756486992,1829.85248454908,1829.85248454908,1830.219141636432,1830.0860014289144,1830.0860091265777,1830.219141636432,1830.219141636432,1830.219141636432,1830.219141636432,1830.219141636432,1830.219141636432,0.1272239831814658,1831.037489900381,[-93.0],[-357.0],[1],[0],[0],[0.8166681776892801],1831.0386257333453,1831.0417623885337,,,,,,,,,,,,,,ED19,1,2024-01-26_13h37.28.320,rating,2023.2.3,60.006774708499975,2024-01-26 13h37.41.406117 +0800,
neg_86.jpg,0.0,282.0,282.0,177.0,1407.9829710584972,,,,,,,,,,,,,,,,,,,,,,,1407.955411428692,,1407.9554419342462,1407.955449061712,1407.9829710584972,1408.9662950691054,1408.9829773306674,1409.9663002008806,1409.9663002008806,1410.2996375255948,1410.1998817981057,1410.1998892106703,1410.2996375255948,1410.2996375255948,1410.2996375255948,1410.2996375255948,1410.2996375255948,1410.2996375255948,0.0942526110757171,1415.600897262426,[-202.0],[-325.0],[1],[0],[0],[5.300050348419063],1415.6019241877116,1415.6050876421718,,,,,,,,,,,,,,ED19,1,2024-01-26_13h37.28.320,rating,2023.2.3,60.006774708499975,2024-01-26 13h37.41.406117 +0800,
neg_87.jpg,0.0,299.0,299.0,178.0,1498.433560328867,,,,,,,,,,,,,,,,,,,,,,,1498.405959074661,,1498.405986729229,1498.4059930013989,1498.433560328867,1499.4168960285192,1499.433568881826,1500.4169567545289,1500.4169567545289,1500.7502493187571,1500.6504402778232,1500.6504479754865,1500.7502493187571,1500.7502493187571,1500.7502493187571,1500.7502493187571,1500.7502493187571,1500.7502493187571,0.0943164731702381,1502.051570066696,[-101.0],[-126.0],[1],[0],[0],[1.3000258299366578],1502.052506900813,1522.6509198137285,space,1502.0669728055818,1502.0669728055818,20.579465257595075,,,,,,,,,,ED19,1,2024-01-26_13h37.28.320,rating,2023.2.3,60.006774708499975,2024-01-26 13h37.41.406117 +0800,
neg_88.jpg,0.0,88.0,88.0,179.0,479.3933331964863,,,,,,,,,,,,,,,,,,,,,,,479.3644618278586,,479.3644923334127,479.36449889068126,479.3933331964863,480.37667687890007,480.3933443153328,481.3766811553796,481.3766811553796,481.6600173111892,481.610254484744,481.6102624675059,481.6600173111892,481.6600173111892,481.6600173111892,481.6600173111892,481.6600173111892,481.6600173111892,0.0455745849394588,485.0772135485713,[-75.0],[-226.0],[1],[0],[0],[3.4167107144062356],485.0777942944924,485.0808756405454,,,,,,,,,,,,,,ED19,1,2024-01-26_13h37.28.320,rating,2023.2.3,60.006774708499975,2024-01-26 13h37.41.406117 +0800,
neg_89.jpg,0.0,275.0,275.0,180.0,1378.032751275959,,,,,,,,,,,,,,,,,,,,,,,1378.005073615319,,1378.0051044059717,1378.0051112483388,1378.032751275959,1379.0160906818933,1379.032783492105,1380.016086975611,1380.016086975611,1380.3494319979886,1380.2496491861289,1380.2496568837923,1380.3494319979886,1380.3494319979886,1380.3494319979886,1380.3494319979886,1380.3494319979886,1380.3494319979886,0.0944102706212106,1383.5506685848104,[-337.0],[-264.0],[1],[0],[0],[3.2000223517329687],1383.551563794526,1383.55468476929,,,,,,,,,,,,,,ED19,1,2024-01-26_13h37.28.320,rating,2023.2.3,60.006774708499975,2024-01-26 13h37.41.406117 +0800,
neg_9.jpg,0.0,72.0,72.0,181.0,409.7095321018214,,,,,,,,,,,,,,,,,,,,,,,409.6805523957123,,409.68058290126646,409.68058974363385,409.7095321018214,410.6928911795617,410.7095500630353,411.6928786352214,411.6928786352214,411.9595476396971,411.9264722065896,411.9264804744498,411.9595476396971,411.9595476396971,411.9595476396971,411.9595476396971,411.9595476396971,411.9595476396971,0.0290129201002855,415.0266906491638,[146.0],[316.0],[1],[0],[0],[3.0667310419385103],415.0271909972694,415.0302329997112,,,,,,,,,,,,,,ED19,1,2024-01-26_13h37.28.320,rating,2023.2.3,60.006774708499975,2024-01-26 13h37.41.406117 +0800,
neg_90.jpg,0.0,156.0,156.0,182.0,773.3786919560562,,,,,,,,,,,,,,,,,,,,,,,773.3502579287356,,773.3502901448815,773.3502975574461,773.3786919560562,774.3620039925213,774.3786816925053,775.362006843508,775.362006843508,775.6620551962365,775.5955542288966,775.5955619265596,775.6620551962365,775.6620551962365,775.6620551962365,775.6620551962365,775.6620551962365,775.6620551962365,0.0618152287147495,781.4627971939453,[291.0],[-12.0],[1],[0],[0],[5.8000121452014355],781.4636051634784,781.4667743199116,,,,,,,,,,,,,,ED19,1,2024-01-26_13h37.28.320,rating,2023.2.3,60.006774708499975,2024-01-26 13h37.41.406117 +0800,
neg_91.jpg,0.0,294.0,294.0,183.0,1468.883362441904,,,,,,,,,,,,,,,,,,,,,,,1468.8559370935563,,1468.8559690246034,1468.8559758669708,1468.883362441904,1469.8667061243182,1469.8833698544686,1470.8667001372464,1470.8667001372464,1471.2000525721887,1471.1002586414825,1471.1002666242443,1471.2000525721887,1471.2000525721887,1471.2000525721887,1471.2000525721887,1471.2000525721887,1471.2000525721887,0.0941385716214426,1477.2013549027556,[14.0],[199.0],[1],[0],[0],[6.000051032655392],1477.202313974566,1477.205440651302,,,,,,,,,,,,,,ED19,1,2024-01-26_13h37.28.320,rating,2023.2.3,60.006774708499975,2024-01-26 13h37.41.406117 +0800,
neg_92.jpg,0.0,12.0,12.0,184.0,90.9407031900828,,,,,,,,,,,,,,,,,,,,,,,90.91147259717444,,90.91150025174238,90.91150652391208,90.9407031900828,91.9240471575954,91.94070433047727,92.9240551403568,92.9240551403568,93.17406526135846,93.15762248265035,93.1576301803134,93.17406526135846,93.17406526135846,93.17406526135846,93.17406526135846,93.17406526135846,93.17406526135846,0.0126228846393132,93.80773461194394,[-283.0],[147.0],[1],[0],[0],[0.633352891100003],93.80814829006384,93.81131659120138,,,,,,,,,,,,,,ED19,1,2024-01-26_13h37.28.320,rating,2023.2.3,60.006774708499975,2024-01-26 13h37.41.406117 +0800,
neg_93.jpg,0.0,103.0,103.0,185.0,540.2937508089676,,,,,,,,,,,,,,,,,,,,,,,540.265010300614,,540.2650408061677,540.2650473634367,540.2937508089676,541.2770996231566,541.2937548003483,542.2771463793329,542.2771463793329,542.5604349236705,542.510674948212,542.5106957604125,542.5604349236705,542.5604349236705,542.5604349236705,542.5604349236705,542.5604349236705,542.5604349236705,0.0454462905531727,543.1609729618158,[-310.0],[111.0],[1],[0],[0],[0.6000088950777354],543.1615833579945,543.1647853007707,,,,,,,,,,,,,,ED19,1,2024-01-26_13h37.28.320,rating,2023.2.3,60.006774708499975,2024-01-26 13h37.41.406117 +0800,
neg_94.jpg,0.0,85.0,85.0,186.0,461.593217275381,,,,,,,,,,,,,,,,,,,,,,,461.5643615871786,,461.5643929480284,461.5644000754942,461.593217275381,462.57653216283234,462.59320330554783,463.5765620981893,463.5765620981893,463.859905381465,463.8101131898602,463.8101211726221,463.859905381465,463.859905381465,463.859905381465,463.859905381465,463.859905381465,463.859905381465,0.04556175550033,465.09371790858495,[-283.0],[-222.0],[1],[0],[0],[1.233340688878343],465.0942353626088,465.0973663158243,,,,,,,,,,,,,,ED19,1,2024-01-26_13h37.28.320,rating,2023.2.3,60.006774708499975,2024-01-26 13h37.41.406117 +0800,
neg_95.jpg,0.0,104.0,104.0,187.0,543.1937784065153,,,,,,,,,,,,,,,,,,,,,,,543.1650122392844,,543.1650433150357,543.1650501574031,543.1937784065153,544.1771483180037,544.1937980783214,545.1771246548169,545.1771246548169,545.460470789079,545.4106563597811,545.4106643425425,545.460470789079,545.460470789079,545.460470789079,545.460470789079,545.460470789079,545.460470789079,0.0454759408112295,546.3610027261134,[-338.0],[24.0],[1],[0],[0],[0.9000164787012181],546.3616165434755,546.3647517731711,,,,,,,,,,,,,,ED19,1,2024-01-26_13h37.28.320,rating,2023.2.3,60.006774708499975,2024-01-26 13h37.41.406117 +0800,
neg_96.jpg,0.0,267.0,267.0,188.0,1339.8824946016575,,,,,,,,,,,,,,,,,,,,,,,1339.8545150215623,,1339.8545438165245,1339.8545500886944,1339.8824946016575,1340.8658519688056,1340.8825156989565,1341.8658371436768,1341.8658371436768,1342.1991773193772,1342.099367708246,1342.099375405909,1342.1991773193772,1342.1991773193772,1342.1991773193772,1342.1991773193772,1342.1991773193772,1342.1991773193772,0.0946868162977807,1344.5669274748984,[-82.0],[-166.0],[1],[0],[0],[2.366627437094394],1344.5678318077707,1344.570874095311,,,,,,,,,,,,,,ED19,1,2024-01-26_13h37.28.320,rating,2023.2.3,60.006774708499975,2024-01-26 13h37.41.406117 +0800,
neg_97.jpg,0.0,215.0,215.0,189.0,1054.3972307799331,,,,,,,,,,,,,,,,,,,,,,,1054.3690336695786,,1054.3690650304288,1054.3690721578946,1054.3972307799331,1055.380566479585,1055.3972607152896,1056.3805733219524,1056.3805733219524,1056.697244350628,1056.61412726461,1056.6141352473717,1056.697244350628,1056.697244350628,1056.697244350628,1056.697244350628,1056.697244350628,1056.697244350628,0.0782326336438927,1061.531662199171,[338.0],[-325.0],[1],[0],[0],[4.833537178858023],1061.5324616157454,1061.535576888536,,,,,,,,,,,,,,ED19,1,2024-01-26_13h37.28.320,rating,2023.2.3,60.006774708499975,2024-01-26 13h37.41.406117 +0800,
neg_98.jpg,0.0,375.0,375.0,190.0,1858.369368660476,,,,,,,,,,,,,,,,,,,,,,,1858.342414295074,,1858.3424467963184,1858.3424536386856,1858.369368660476,1859.3526772757573,1859.369331882752,1860.3526729992775,1860.3526729992775,1860.7193657239595,1860.5862049893403,1860.5862129721024,1860.7193657239595,1860.7193657239595,1860.7193657239595,1860.7193657239595,1860.7193657239595,1860.7193657239595,0.1270047423304277,1862.9377507086128,[-29.0],[-334.0],[1],[0],[0],[2.2166333386362567],1862.9388623081927,1862.9420274732447,,,,,,,,,,,,,,ED19,1,2024-01-26_13h37.28.320,rating,2023.2.3,60.006774708499975,2024-01-26 13h37.41.406117 +0800,
neg_99.jpg,0.0,118.0,118.0,191.0,605.160857781967,,,,,,,,,,,,,,,,,,,,,,,605.1319476399253,,605.1319755795912,605.1319818517613,605.160857781967,606.144196617704,606.1608589223615,607.1441994686902,607.1441994686902,607.4275390456837,607.3777348799367,607.3777425775997,607.4275390456837,607.4275390456837,607.4275390456837,607.4275390456837,607.4275390456837,607.4275390456837,0.0456144987483639,610.1281968822755,[-307.0],[133.0],[1],[0],[0],[2.700074524783304],610.1288323671342,610.1319735839011,,,,,,,,,,,,,,ED19,1,2024-01-26_13h37.28.320,rating,2023.2.3,60.006774708499975,2024-01-26 13h37.41.406117 +0800,
neu_1.jpg,0.0,340.0,340.0,192.0,1687.5848419327635,,,,,,,,,,,,,,,,,,,,,,,1687.5574656213812,,1687.5574941312448,1687.557500403415,1687.5848419327635,1688.5681990148132,1688.5848459241447,1689.5681813386975,1689.5681813386975,1689.9181946528042,1689.8017255880018,1689.8017335707636,1689.9181946528042,1689.9181946528042,1689.9181946528042,1689.9181946528042,1689.9181946528042,1689.9181946528042,0.1107586816810908,1694.7032319921725,[107.0],[-361.0],[1],[0],[0],[4.783547413898759],1694.7043105203106,1694.707556083178,,,,,,,,,,,,,,ED19,1,2024-01-26_13h37.28.320,rating,2023.2.3,60.006774708499975,2024-01-26 13h37.41.406117 +0800,
neu_10.jpg,0.0,29.0,29.0,193.0,182.191323992362,,,,,,,,,,,,,,,,,,,,,,,182.1621199136266,,182.1621501340819,182.1621569764493,182.191323992362,183.174659406915,183.19132826884152,184.17466738967687,184.17466738967687,184.44135663615543,184.40820365621903,184.40821135388205,184.44135663615543,184.44135663615543,184.44135663615543,184.44135663615543,184.44135663615543,184.44135663615543,0.0292552539399366,187.1417134085882,[99.0],[-335.0],[1],[0],[0],[2.7000414533417825],187.14215502637444,189.058467172888,space,187.17468991246915,187.17468991246915,1.867366697856596,,,,,,,,,,ED19,1,2024-01-26_13h37.28.320,rating,2023.2.3,60.006774708499975,2024-01-26 13h37.41.406117 +0800,
neu_100.jpg,0.0,211.0,211.0,194.0,1033.8137573206204,,,,,,,,,,,,,,,,,,,,,,,1033.7856192256836,,1033.7856508716322,1033.785657999098,1033.8137573206204,1034.7970953010613,1034.8137630225929,1035.7971015732314,1035.7971015732314,1036.1138042478556,1036.0306338483929,1036.030641546056,1036.1138042478556,1036.1138042478556,1036.1138042478556,1036.1138042478556,1036.1138042478556,1036.1138042478556,0.078205264175267,1040.7813912129182,[344.0],[-80.0],[1],[0],[0],[4.666689189458793],1040.7821626898258,1040.7853116042556,,,,,,,,,,,,,,ED19,1,2024-01-26_13h37.28.320,rating,2023.2.3,60.006774708499975,2024-01-26 13h37.41.406117 +0800,
neu_101.jpg,0.0,145.0,145.0,195.0,723.0783211567709,,,,,,,,,,,,,,,,,,,,,,,723.0497836386457,,723.0498141441994,723.0498207014684,723.0783211567709,724.0616779537218,724.0783282842367,725.0617067486842,725.0617067486842,725.3616975114883,725.2952002504308,725.2952082331926,725.3616975114883,725.3616975114883,725.3616975114883,725.3616975114883,725.3616975114883,725.3616975114883,0.0619341148458261,727.1623579709872,[-280.0],[-129.0],[1],[0],[0],[1.8000181322731805],727.1630550371515,727.1662276147681,,,,,,,,,,,,,,ED19,1,2024-01-26_13h37.28.320,rating,2023.2.3,60.006774708499975,2024-01-26 13h37.41.406117 +0800,
neu_102.jpg,0.0,304.0,304.0,196.0,1538.3671714052912,,,,,,,,,,,,,,,,,,,,,,,1538.3396465575197,,1538.3396782034683,1538.339685330934,1538.3671714052912,1539.3505242108613,1539.3671734009818,1540.350545593259,1540.350545593259,1540.683852697518,1540.5840467926691,1540.5840547754306,1540.683852697518,1540.683852697518,1540.683852697518,1540.683852697518,1540.683852697518,1540.683852697518,0.0942272372972183,1543.385303678514,[5.0],[-348.0],[1],[0],[0],[2.7001329700037786],1543.3862787158473,1543.3895026112186,,,,,,,,,,,,,,ED19,1,2024-01-26_13h37.28.320,rating,2023.2.3,60.006774708499975,2024-01-26 13h37.41.406117 +0800,
neu_103.jpg,0.0,362.0,362.0,197.0,1807.4023229266631,,,,,,,,,,,,,,,,,,,,,,,1807.3753642847817,,1807.375392224448,1807.375398496618,1807.4023229266631,1808.3856991103207,1808.4023180799863,1809.3857065228856,1809.3857065228856,1809.7357186965976,1809.6191906163776,1809.6191980289425,1809.7357186965976,1809.7357186965976,1809.7357186965976,1809.7357186965976,1809.7357186965976,1809.7357186965976,0.1103826365806526,1810.5540763688011,[377.0],[-317.0],[1],[0],[0],[0.8167545625756247],1810.5552826211288,1810.5585438644207,,,,,,,,,,,,,,ED19,1,2024-01-26_13h37.28.320,rating,2023.2.3,60.006774708499975,2024-01-26 13h37.41.406117 +0800,
neu_104.jpg,0.0,109.0,109.0,198.0,565.9439242344674,,,,,,,,,,,,,,,,,,,,,,,565.9152966251736,,565.915327700925,565.9153348283908,565.9439242344674,566.9272625000071,566.9439789734056,567.9272690572757,567.9272690572757,568.2106052130857,568.1608207191443,568.1608284168074,568.2106052130857,568.2106052130857,568.2106052130857,568.2106052130857,568.2106052130857,568.2106052130857,0.0453262640276079,569.9611687105389,[-14.0],[-167.0],[1],[0],[0],[1.7500218100453822],569.9617340611335,569.9647341540754,,,,,,,,,,,,,,ED19,1,2024-01-26_13h37.28.320,rating,2023.2.3,60.006774708499975,2024-01-26 13h37.41.406117 +0800,
neu_105.jpg,0.0,269.0,269.0,199.0,1349.8325635670176,,,,,,,,,,,,,,,,,,,,,,,1349.8047855516577,,1349.8048134913238,1349.804819763494,1349.8325635670176,1350.8159052537408,1350.8325786772452,1351.8159075345295,1351.8159075345295,1352.1492440039483,1352.0494725960343,1352.0494802936971,1352.1492440039483,1352.1492440039483,1352.1492440039483,1352.1492440039483,1352.1492440039483,1352.1492440039483,0.0944969406064046,1357.983810673979,[-4.0],[238.0],[1],[0],[0],[5.833387502073947],1357.9848353184752,1360.0163518322431,space,1357.999332013897,1357.999332013897,2.011350346879226,,,,,,,,,,ED19,1,2024-01-26_13h37.28.320,rating,2023.2.3,60.006774708499975,2024-01-26 13h37.41.406117 +0800,
neu_106.jpg,0.0,25.0,25.0,200.0,160.07450511153365,,,,,,,,,,,,,,,,,,,,,,,160.04547950454435,,160.04551058029574,160.04551770776152,160.07450511153365,161.05788186538894,161.0745105284077,162.05784366217176,162.05784366217176,162.3245155176337,162.29140188130896,162.29140957897198,162.3245155176337,162.3245155176337,162.3245155176337,162.3245155176337,162.3245155176337,162.3245155176337,0.0290516935142477,166.65831641272962,[-1.0],[137.0],[1],[0],[0],[4.333507813698361],166.6587280951594,166.66186959702463,,,,,,,,,,,,,,ED19,1,2024-01-26_13h37.28.320,rating,2023.2.3,60.006774708499975,2024-01-26 13h37.41.406117 +0800,
neu_107.jpg,0.0,288.0,288.0,201.0,1444.4832017032936,,,,,,,,,,,,,,,,,,,,,,,1444.4557019442018,,1444.455734730545,1444.4557429984052,1444.4832017032936,1445.4665508025814,1445.4832259366776,1446.4665833038257,1446.4665833038257,1446.7998841359145,1446.7000768055727,1446.7000845032358,1446.7998841359145,1446.7998841359145,1446.7998841359145,1446.7998841359145,1446.7998841359145,1446.7998841359145,0.0942075654916152,1447.5011754616744,[287.0],[184.0],[1],[0],[0],[0.7000257729164332],1447.502196970086,1447.5053042601148,,,,,,,,,,,,,,ED19,1,2024-01-26_13h37.28.320,rating,2023.2.3,60.006774708499975,2024-01-26 13h37.41.406117 +0800,
neu_108.jpg,0.0,374.0,374.0,202.0,1855.169308960821,,,,,,,,,,,,,,,,,,,,,,,1855.142218888469,,1855.1422499642204,1855.142257091686,1855.169308960821,1856.152694267636,1856.169312382005,1857.152674025633,1857.152674025633,1857.519335389465,1857.3862245471068,1857.386231959671,1857.519335389465,1857.519335389465,1857.519335389465,1857.519335389465,1857.519335389465,1857.519335389465,0.1271430151691674,1858.3377401029436,[377.0],[-286.0],[1],[0],[0],[0.8166730243660822],1858.3389246877744,1858.3421805141925,,,,,,,,,,,,,,ED19,1,2024-01-26_13h37.28.320,rating,2023.2.3,60.006774708499975,2024-01-26 13h37.41.406117 +0800,
neu_109.jpg,0.0,1.0,1.0,203.0,19.79022100276052,,,,,,,,,,,,,,,,,,,,,,,19.76306136634093,,19.76309415268406,19.76310128014984,19.79022100276052,20.77356440007543,20.79022385374674,21.77361201154781,21.77361201154781,22.023566538315208,22.007127750988275,22.007135733750147,22.023566538315208,22.023566538315208,22.023566538315208,22.023566538315208,22.023566538315208,22.023566538315208,0.0105214225964118,26.707218811492567,[174.0],[224.0],[1],[0],[0],[4.6833831400649615],26.707614813497003,26.71075374947486,,,,,,,,,,,,,,ED19,1,2024-01-26_13h37.28.320,rating,2023.2.3,60.006774708499975,2024-01-26 13h37.41.406117 +0800,
neu_11.jpg,0.0,182.0,182.0,204.0,890.929457759501,,,,,,,,,,,,,,,,,,,,,,,890.9010522420444,,890.9010798966119,890.9010858836832,890.929457759501,891.9128231094114,891.9294611806849,892.9128020121125,892.9128020121125,893.2128018980729,893.1463955834802,893.1464032811432,893.2128018980729,893.2128018980729,893.2128018980729,893.2128018980729,893.2128018980729,893.2128018980729,0.0617741745113562,894.2802585160389,[349.0],[306.0],[1],[0],[0],[1.0666666096467452],894.2810311333415,894.2841541037956,,,,,,,,,,,,,,ED19,1,2024-01-26_13h37.28.320,rating,2023.2.3,60.006774708499975,2024-01-26 13h37.41.406117 +0800,
neu_110.jpg,0.0,20.0,20.0,205.0,136.30767588162507,,,,,,,,,,,,,,,,,,,,,,,136.27847180288973,,136.27850230844388,136.27850915081126,136.30767588162507,137.29101671305216,137.307682723992,138.29101671305216,138.29101671305216,138.54105021214218,138.52457664278108,138.5245840553457,138.54105021214218,138.54105021214218,138.54105021214218,138.54105021214218,138.54105021214218,138.54105021214218,0.0125958002690822,140.25815367842824,[134.0],[120.0],[1],[0],[0],[1.7167650542055526],140.25855110592647,140.26166552342147,,,,,,,,,,,,,,ED19,1,2024-01-26_13h37.28.320,rating,2023.2.3,60.006774708499975,2024-01-26 13h37.41.406117 +0800,
neu_111.jpg,0.0,180.0,180.0,206.0,882.8293981168667,,,,,,,,,,,,,,,,,,,,,,,882.813499306355,882.8293981168667,883.8130012390388,883.8130086516035,883.8460783827381,884.8127472161545,884.8460609917215,885.8127762962154,885.8127762962154,886.1127602166521,886.0462883293735,886.0462965972338,886.1127602166521,886.1127602166521,886.1127602166521,886.1127602166521,886.1127602166521,886.1127602166521,0.0494562028620748,887.1803035046037,[265.0],[253.0],[1],[0],[0],[1.0666965450036514],887.1811186016025,887.1842167684754,,,,,,883.8460783827381,,,,,,,,ED19,1,2024-01-26_13h37.28.320,rating,2023.2.3,60.006774708499975,2024-01-26 13h37.41.406117 +0800,
neu_112.jpg,0.0,33.0,33.0,207.0,204.2248051208276,,,,,,,,,,,,,,,,,,,,,,,204.1955976209092,,204.19562556057556,204.1956318327452,204.2248051208276,205.2081861511629,205.22481281849105,206.20817873859824,206.20817873859824,206.4748317775502,206.4417021757017,206.44171044356244,206.4748317775502,206.4748317775502,206.4748317775502,206.4748317775502,206.4748317775502,206.4748317775502,0.0292541135459032,210.44199582729647,[234.0],[316.0],[1],[0],[0],[3.9668199356933656],210.44241691798103,210.44552848448984,,,,,,,,,,,,,,ED19,1,2024-01-26_13h37.28.320,rating,2023.2.3,60.006774708499975,2024-01-26 13h37.41.406117 +0800,
neu_113.jpg,0.0,159.0,159.0,208.0,789.6621233348101,,,,,,,,,,,,,,,,,,,,,,,789.6335134016317,,789.633543622087,789.6335507495528,789.6621233348101,790.6454590344624,790.6621278963885,791.6454929612,791.6454929612,791.945508242487,791.8789858927494,791.878993305314,791.945508242487,791.945508242487,791.945508242487,791.945508242487,791.945508242487,791.945508242487,0.0620165083514621,792.67949353938,[41.0],[-289.0],[1],[0],[0],[0.7333175958888205],792.68017264433,792.6833016018554,,,,,,,,,,,,,,ED19,1,2024-01-26_13h37.28.320,rating,2023.2.3,60.006774708499975,2024-01-26 13h37.41.406117 +0800,
neu_114.jpg,0.0,41.0,41.0,209.0,248.59179833947155,,,,,,,,,,,,,,,,,,,,,,,248.56263560003845,,248.5626661055926,248.56267294796,248.59179833947155,249.57510952064104,249.5917712551013,250.57511522261348,250.57511522261348,250.84178251649743,250.80867258645503,250.80868028411803,250.84178251649743,250.84178251649743,250.84178251649743,250.84178251649743,250.84178251649743,250.84178251649743,0.0291779922099522,253.2089604790572,[-1.0],[-207.0],[1],[0],[0],[2.3668272912382236],253.2094009564489,253.212491995856,,,,,,,,,,,,,,ED19,1,2024-01-26_13h37.28.320,rating,2023.2.3,60.006774708499975,2024-01-26 13h37.41.406117 +0800,
neu_115.jpg,0.0,351.0,351.0,210.0,1743.1352174361764,,,,,,,,,,,,,,,,,,,,,,,1743.1080831735358,,1743.108111683399,1743.108117955569,1743.1352174361764,1744.118555986815,1744.1352228530504,1745.1185633993796,1745.1185633993796,1745.4685690158226,1745.352101661612,1745.3521093592751,1745.4685690158226,1745.4685690158226,1745.4685690158226,1745.4685690158226,1745.4685690158226,1745.4685690158226,0.1105314580681806,1748.386833802891,[155.0],[-363.0],[1],[0],[0],[2.9166668092157124],1748.38791432672,1748.3911330903152,,,,,,,,,,,,,,ED19,1,2024-01-26_13h37.28.320,rating,2023.2.3,60.006774708499975,2024-01-26 13h37.41.406117 +0800,
neu_116.jpg,0.0,248.0,248.0,211.0,1241.415163199012,,,,,,,,,,,,,,,,,,,,,,,1241.3871628067163,,1241.3871935973689,1241.3872004397365,1241.415163199012,1242.3984983284668,1242.4151937045665,1243.3985165747797,1243.3985165747797,1243.7152038540776,1243.6320702323385,1243.6320779300015,1243.7152038540776,1243.7152038540776,1243.7152038540776,1243.7152038540776,1243.7152038540776,1243.7152038540776,0.0780638552519121,1246.382954750855,[-35.0],[-306.0],[1],[0],[0],[2.6666786408090957],1246.3838613645166,1246.3871117740605,,,,,,,,,,,,,,ED19,1,2024-01-26_13h37.28.320,rating,2023.2.3,60.006774708499975,2024-01-26 13h37.41.406117 +0800,
neu_117.jpg,0.0,245.0,245.0,212.0,1227.2483993137107,,,,,,,,,,,,,,,,,,,,,,,1227.220506973798,,1227.2205386197463,1227.2205457472123,1227.2483993137107,1228.2317370090532,1228.2484024497958,1229.2317429961245,1229.2317429961245,1229.5484365475927,1229.4653177509826,1229.4653254486457,1229.5484365475927,1229.5484365475927,1229.5484365475927,1229.5484365475927,1229.5484365475927,1229.5484365475927,0.0779495306987883,1235.1328830485486,[340.0],[71.0],[1],[0],[0],[5.583417009782806],1235.133780824152,1235.136858463923,,,,,,,,,,,,,,ED19,1,2024-01-26_13h37.28.320,rating,2023.2.3,60.006774708499975,2024-01-26 13h37.41.406117 +0800,
neu_118.jpg,0.0,64.0,64.0,213.0,377.3426472206593,,,,,,,,,,,,,,,,,,,,,,,377.3135272460213,,377.3135546154904,377.3135608876605,377.3426472206593,378.3259860563962,378.3426503567439,379.3259951795526,379.3259951795526,379.5926601926472,379.5595645175363,379.5595727853965,379.5926601926472,379.5926601926472,379.5926601926472,379.5926601926472,379.5926601926472,379.5926601926472,0.0291568949105567,385.5598174000261,[-1.0],[2.0],[1],[0],[0],[5.966717585282822],385.5603473983897,385.56348547907146,,,,,,,,,,,,,,ED19,1,2024-01-26_13h37.28.320,rating,2023.2.3,60.006774708499975,2024-01-26 13h37.41.406117 +0800,
neu_119.jpg,0.0,281.0,281.0,214.0,1402.532918058661,,,,,,,,,,,,,,,,,,,,,,,1402.505213598749,,1402.5052446745003,1402.505251801966,1402.532918058661,1403.516256609299,1403.5329388708617,1404.5162580347924,1404.5162580347924,1404.8496036273673,1404.7498019989976,1404.7498099817594,1404.8496036273673,1404.8496036273673,1404.8496036273673,1404.8496036273673,1404.8496036273673,1404.8496036273673,0.0944156874952568,1407.9508963216003,[25.0],[-237.0],[1],[0],[0],[3.100088437596696],1407.9519018644885,1407.9551770776138,,,,,,,,,,,,,,ED19,1,2024-01-26_13h37.28.320,rating,2023.2.3,60.006774708499975,2024-01-26 13h37.41.406117 +0800,
neu_12.jpg,0.0,43.0,43.0,215.0,261.29185946461894,,,,,,,,,,,,,,,,,,,,,,,261.26286863966334,,261.262900285612,261.26290741307776,261.29185946461894,262.27519972584923,262.29186288580286,263.27520115134257,263.27520115134257,263.54187272170566,263.50876450225496,263.508772199918,263.54187272170566,263.54187272170566,263.54187272170566,263.54187272170566,263.54187272170566,263.54187272170566,0.0290214730589468,265.9422775047483,[246.0],[79.0],[1],[0],[0],[2.4000327293233568],265.9427493429903,265.94576768224533,,,,,,,,,,,,,,ED19,1,2024-01-26_13h37.28.320,rating,2023.2.3,60.006774708499975,2024-01-26 13h37.41.406117 +0800,
neu_120.jpg,0.0,32.0,32.0,216.0,200.17477857814487,,,,,,,,,,,,,,,,,,,,,,,200.14572702717987,,200.1457552519446,200.14576152411476,200.17477857814487,201.15816331476208,201.17478171423,202.15812254565708,202.15812254565708,202.42479212033004,202.39170670877,202.3917144064335,202.42479212033004,202.42479212033004,202.42479212033004,202.42479212033004,202.42479212033004,202.42479212033004,0.0290856202518625,204.19185855230356,[278.0],[-207.0],[1],[0],[0],[1.7666958037470977],204.1923075826544,204.19538864360905,,,,,,,,,,,,,,ED19,1,2024-01-26_13h37.28.320,rating,2023.2.3,60.006774708499975,2024-01-26 13h37.41.406117 +0800,
neu_121.jpg,0.0,300.0,300.0,217.0,1522.6670586772907,,,,,,,,,,,,,,,,,,,,,,,1522.6513200922122,1522.6670586772907,1523.6506290131197,1523.650636140586,1523.6837358070777,1524.6504063510856,1524.6837403686554,1525.6504109126636,1525.6504109126636,1525.9837536542518,1525.8839503152908,1525.8839577278554,1525.9837536542518,1525.9837536542518,1525.9837536542518,1525.9837536542518,1525.9837536542518,1525.9837536542518,0.0826536581862456,1527.8850895694386,[2.0],[-195.0],[1],[0],[0],[1.9000301634359857],1527.8861068013705,1527.889262843266,,,,,,1523.6837358070777,,,,,,,,ED19,1,2024-01-26_13h37.28.320,rating,2023.2.3,60.006774708499975,2024-01-26 13h37.41.406117 +0800,
neu_122.jpg,0.0,80.0,80.0,218.0,441.57641612768793,,,,,,,,,,,,,,,,,,,,,,,441.5474295792114,,441.5474609400617,441.5474674973302,441.57641612768793,442.5597549634249,442.5764206892659,443.5597586697072,443.5597586697072,443.82642995497145,443.7932909448682,443.7932992127289,443.82642995497145,443.82642995497145,443.82642995497145,443.82642995497145,443.82642995497145,443.82642995497145,0.0290194773688199,446.4269500319028,[282.0],[88.0],[1],[0],[0],[2.5999989166252817],446.4274649200384,446.4306568843626,,,,,,,,,,,,,,ED19,1,2024-01-26_13h37.28.320,rating,2023.2.3,60.006774708499975,2024-01-26 13h37.41.406117 +0800,
neu_123.jpg,0.0,30.0,30.0,219.0,189.0746989786057,,,,,,,,,,,,,,,,,,,,,,,189.059054761176,189.0746989786057,190.0582556297004,190.05826332736345,190.09137582329367,191.05805862654324,191.09137981467484,192.05805492026093,192.05805492026093,192.32471993335548,192.2915851997318,192.2915928973948,192.32471993335548,192.32471993335548,192.32471993335548,192.32471993335548,192.32471993335548,192.32471993335548,0.0158861236222946,193.2585673565486,[272.0],[135.0],[1],[0],[0],[0.9335295382143158],193.25898331545795,193.26207463996343,,,,,,190.09137582329367,,,,,,,,ED19,1,2024-01-26_13h37.28.320,rating,2023.2.3,60.006774708499975,2024-01-26 13h37.41.406117 +0800,
neu_124.jpg,0.0,77.0,77.0,220.0,430.7930337858989,,,,,,,,,,,,,,,,,,,,,,,430.76399021769566,,430.7640178722636,430.7640241444333,430.7930337858989,431.7763461074628,431.7930055611341,432.7763520945341,432.7763520945341,433.043023949996,433.0098866504845,433.0098943481476,433.043023949996,433.043023949996,433.043023949996,433.043023949996,433.043023949996,433.043023949996,0.0290553997965616,434.0768563199813,[321.0],[37.0],[1],[0],[0],[1.0333613870393492],434.07741112192616,434.08050928879857,,,,,,,,,,,,,,ED19,1,2024-01-26_13h37.28.320,rating,2023.2.3,60.006774708499975,2024-01-26 13h37.41.406117 +0800,
neu_125.jpg,0.0,227.0,227.0,221.0,1112.147620367219,,,,,,,,,,,,,,,,,,,,,,,1112.1195082162576,,1112.119539292009,1112.1195461343764,1112.147620367219,1113.1309597731529,1113.1476252138957,1114.1309631943363,1114.1309631943363,1114.447638499492,1114.364519417783,1114.3645274005448,1114.447638499492,1114.447638499492,1114.447638499492,1114.447638499492,1114.447638499492,1114.447638499492,0.0781516656315943,1115.9487478182828,[296.0],[77.0],[1],[0],[0],[1.5001428344166925],1115.9496641252977,1115.9526713457058,,,,,,,,,,,,,,ED19,1,2024-01-26_13h37.28.320,rating,2023.2.3,60.006774708499975,2024-01-26 13h37.41.406117 +0800,
neu_126.jpg,0.0,286.0,286.0,222.0,1433.5831475915725,,,,,,,,,,,,,,,,,,,,,,,1433.5554399955754,,1433.5554705011295,1433.555477628595,1433.5831475915725,1434.5664653300105,1434.5831507276575,1435.5664616237282,1435.5664616237282,1435.8998311645882,1435.8000531994055,1435.8000608970688,1435.8998311645882,1435.8998311645882,1435.8998311645882,1435.8998311645882,1435.8998311645882,1435.8998311645882,0.0944262361449546,1440.1010891338078,[-304.0],[290.0],[0],[0],[1],[4.2000360364672815],1440.1020330953902,1440.105160057225,,,,,,,,,,,,,,ED19,1,2024-01-26_13h37.28.320,rating,2023.2.3,60.006774708499975,2024-01-26 13h37.41.406117 +0800,
neu_127.jpg,0.0,345.0,345.0,223.0,1713.6517098220477,,,,,,,,,,,,,,,,,,,,,,,1713.6243566036542,,1713.6243876794056,1713.6243948068714,1713.6517098220477,1714.6350272753866,1714.6516930012276,1715.6350281306827,1715.6350281306827,1715.9850408745915,1715.8685951878774,1715.8686028855404,1715.9850408745915,1715.9850408745915,1715.9850408745915,1715.9850408745915,1715.9850408745915,1715.9850408745915,0.1107119255052566,1716.5700433178868,[201.0],[324.0],[1],[0],[0],[0.5834948417104897],1716.5711018891209,1716.5742488078604,,,,,,,,,,,,,,ED19,1,2024-01-26_13h37.28.320,rating,2023.2.3,60.006774708499975,2024-01-26 13h37.41.406117 +0800,
neu_128.jpg,0.0,190.0,190.0,224.0,929.596390993392,,,,,,,,,,,,,,,,,,,,,,,929.5679512640992,,929.5679814845544,929.5679883269216,929.596390993392,930.5797460797512,930.5963941294772,931.5797318248196,931.5797318248196,931.879736272358,931.8132857674772,931.8132934651404,931.879736272358,931.879736272358,931.879736272358,931.879736272358,931.879736272358,931.879736272358,0.0618083863473657,935.9472895387617,[270.0],[26.0],[1],[0],[0],[4.066700536384815],935.948005421436,935.9512601074592,,,,,,,,,,,,,,ED19,1,2024-01-26_13h37.28.320,rating,2023.2.3,60.006774708499975,2024-01-26 13h37.41.406117 +0800,
neu_129.jpg,0.0,111.0,111.0,225.0,577.1940064854239,,,,,,,,,,,,,,,,,,,,,,,577.165200404384,,577.1652320503326,577.1652388927,577.1940064854239,578.1773829541808,578.1940070556211,579.1773738310244,579.1773738310244,579.4607307990345,579.4109132336516,579.4109215015119,579.4607307990345,579.4607307990345,579.4607307990345,579.4607307990345,579.4607307990345,579.4607307990345,0.0455514919494817,580.7613017375625,[49.0],[-221.0],[1],[0],[0],[1.3000286809224235],580.7619306651522,580.7650485038312,,,,,,,,,,,,,,ED19,1,2024-01-26_13h37.28.320,rating,2023.2.3,60.006774708499975,2024-01-26 13h37.41.406117 +0800,
neu_13.jpg,0.0,97.0,97.0,226.0,519.5436066916072,,,,,,,,,,,,,,,,,,,,,,,519.5146865711131,,519.5147145107794,519.5147204978507,519.5436066916072,520.5269483783304,520.5436135339746,521.5269540803033,521.5269540803033,521.8102999294665,521.7605120143417,521.7605197120047,521.8102999294665,521.8102999294665,521.8102999294665,521.8102999294665,521.8102999294665,521.8102999294665,0.0456344556523617,522.7109125494148,[275.0],[342.0],[1],[0],[0],[0.9001139824345046],522.7114573729073,522.7145960237863,,,,,,,,,,,,,,ED19,1,2024-01-26_13h37.28.320,rating,2023.2.3,60.006774708499975,2024-01-26 13h37.41.406117 +0800,
neu_130.jpg,0.0,167.0,167.0,227.0,821.7956857734071,,,,,,,,,,,,,,,,,,,,,,,821.7671799012305,,821.7672106918831,821.7672175342504,821.7956857734071,822.7789969545765,822.7956775055468,823.7789960992804,823.7789960992804,824.0790059636934,824.0125805474922,824.0125885302541,824.0790059636934,824.0790059636934,824.0790059636934,824.0790059636934,824.0790059636934,824.0790059636934,0.0618491554523643,829.0798222010872,[-84.0],[-308.0],[1],[0],[0],[5.000047611472382],829.0804964593603,829.0837078103914,,,,,,,,,,,,,,ED19,1,2024-01-26_13h37.28.320,rating,2023.2.3,60.006774708499975,2024-01-26 13h37.41.406117 +0800,
neu_131.jpg,0.0,54.0,54.0,228.0,315.9755850081456,,,,,,,,,,,,,,,,,,,,,,,315.94633417323394,,315.94636439368924,315.9463712360566,315.9755850081456,316.95890246148474,316.9755693277202,317.95890816345764,317.95890816345764,318.2255800189191,318.1925952471779,318.19260579582715,318.2255800189191,318.2255800189191,318.2255800189191,318.2255800189191,318.2255800189191,318.2255800189191,0.0292712194641353,320.79267712750607,[27.0],[-308.0],[1],[0],[0],[2.566692838721792],320.7931409829862,320.7962619577497,,,,,,,,,,,,,,ED19,1,2024-01-26_13h37.28.320,rating,2023.2.3,60.006774708499975,2024-01-26 13h37.41.406117 +0800,
neu_132.jpg,0.0,309.0,309.0,229.0,1565.2006832103702,,,,,,,,,,,,,,,,,,,,,,,1565.173094215406,,1565.1731250060584,1565.1731318484258,1565.2006832103702,1566.1840206206143,1566.2006863464553,1567.184048845379,1567.184048845379,1567.5174118289706,1567.417561163636,1567.417568861299,1567.5174118289706,1567.5174118289706,1567.5174118289706,1567.5174118289706,1567.5174118289706,1567.5174118289706,0.0943427022448304,1568.218725392424,[307.0],[253.0],[1],[0],[0],[0.6999784465429002],1568.219735781989,1568.2229112105915,,,,,,,,,,,,,,ED19,1,2024-01-26_13h37.28.320,rating,2023.2.3,60.006774708499975,2024-01-26 13h37.41.406117 +0800,
neu_133.jpg,0.0,219.0,219.0,230.0,1075.397395281846,,,,,,,,,,,,,,,,,,,,,,,1075.369170516924,,1075.3692021628726,1075.3692095754368,1075.397395281846,1076.3807113096918,1076.3973761802372,1077.3807187222565,1077.3807187222565,1077.6974085674424,1077.614246150741,1077.614253848404,1077.6974085674424,1077.6974085674424,1077.6974085674424,1077.6974085674424,1077.6974085674424,1077.6974085674424,0.0782568670283581,1079.5316681862423,[370.0],[129.0],[1],[0],[0],[1.8333358992213107],1079.532470453803,1079.5356162321482,,,,,,,,,,,,,,ED19,1,2024-01-26_13h37.28.320,rating,2023.2.3,60.006774708499975,2024-01-26 13h37.41.406117 +0800,
neu_134.jpg,0.0,187.0,187.0,231.0,910.3129239773084,,,,,,,,,,,,,,,,,,,,,,,910.2843773360268,,910.2844084117784,910.284415539244,910.3129239773084,911.296286476232,911.3129256879006,912.2962659491304,912.2962659491304,912.5962692562748,912.5298176109992,912.5298250235636,912.5962692562748,912.5962692562748,912.5962692562748,912.5962692562748,912.5962692562748,912.5962692562748,0.0619130175468853,916.1971123499598,[225.0],[134.0],[1],[0],[0],[3.6000482386889416],916.1979026433778,916.2010233330424,,,,,,,,,,,,,,ED19,1,2024-01-26_13h37.28.320,rating,2023.2.3,60.006774708499975,2024-01-26 13h37.41.406117 +0800,
neu_135.jpg,0.0,154.0,154.0,232.0,765.2119602869006,,,,,,,,,,,,,,,,,,,,,,,765.1833440815521,,765.183376297698,765.183383995361,765.2119602869006,766.1952803061276,766.2119394747001,767.1953108116818,767.1953108116818,767.4952918811323,767.4288342487853,767.4288422315472,767.4952918811323,767.4952918811323,767.4952918811323,767.4952918811323,767.4952918811323,767.4952918811323,0.0619666160901033,768.2959740081278,[269.0],[290.0],[1],[0],[0],[0.8000224087527386],768.2966807676453,768.3000101495118,,,,,,,,,,,,,,ED19,1,2024-01-26_13h37.28.320,rating,2023.2.3,60.006774708499975,2024-01-26 13h37.41.406117 +0800,
neu_136.jpg,0.0,48.0,48.0,233.0,287.20871957070995,,,,,,,,,,,,,,,,,,,,,,,287.17964407145973,,287.17967457701343,287.1796814193808,287.20871957070995,288.19204044523303,288.2087036051862,289.19204814289606,289.19204814289606,289.4587154367796,289.4255829839449,289.4255912518056,289.4587154367796,289.4587154367796,289.4587154367796,289.4587154367796,289.4587154367796,289.4587154367796,0.0290887563369324,293.8259253303868,[-196.0],[-291.0],[1],[0],[0],[4.366855516002488],293.82639089645863,293.82950331826305,,,,,,,,,,,,,,ED19,1,2024-01-26_13h37.28.320,rating,2023.2.3,60.006774708499975,2024-01-26 13h37.41.406117 +0800,
neu_137.jpg,0.0,293.0,293.0,234.0,1463.433360189625,,,,,,,,,,,,,,,,,,,,,,,1463.4056890862537,,1463.405719876906,1463.4057270043718,1463.433360189625,1464.4166853406273,1464.433359334329,1465.416671655893,1465.416671655893,1465.750081965858,1465.6502766312065,1465.650284613968,1465.750081965858,1465.750081965858,1465.750081965858,1465.750081965858,1465.750081965858,1465.750081965858,0.0944367847946523,1468.8514636108655,[344.0],[-290.0],[1],[0],[0],[3.10009527996408],1468.8524298101415,1468.8557092997466,,,,,,,,,,,,,,ED19,1,2024-01-26_13h37.28.320,rating,2023.2.3,60.006774708499975,2024-01-26 13h37.41.406117 +0800,
neu_138.jpg,0.0,133.0,133.0,235.0,675.5446937727047,,,,,,,,,,,,,,,,,,,,,,,675.5160980944579,,675.5161291702093,675.5161360125762,675.5446937727047,676.5280078048604,676.5447202868777,677.5280103707482,677.5280103707482,677.8113736109285,677.7615908275789,677.7615988103407,677.8113736109285,677.8113736109285,677.8113736109285,677.8113736109285,677.8113736109285,677.8113736109285,0.0452937627833307,683.7620407132258,[249.0],[115.0],[1],[0],[0],[5.950082079897129],683.7627286562333,683.7658667369151,,,,,,,,,,,,,,ED19,1,2024-01-26_13h37.28.320,rating,2023.2.3,60.006774708499975,2024-01-26 13h37.41.406117 +0800,
neu_139.jpg,0.0,307.0,307.0,236.0,1552.7006002466674,,,,,,,,,,,,,,,,,,,,,,,1552.672968201809,,1552.6729989924615,1552.673005834829,1552.7006002466674,1553.683936231418,1553.7006028125552,1554.6839422184894,1554.6839422184894,1555.0172818239926,1554.9174744936508,1554.917482191314,1555.0172818239926,1555.0172818239926,1555.0172818239926,1555.0172818239926,1555.0172818239926,1555.0172818239926,0.0943372853707842,1558.6186700262692,[374.0],[-258.0],[1],[0],[0],[3.600076178355721],1558.6196772797484,1558.622831325954,,,,,,,,,,,,,,ED19,1,2024-01-26_13h37.28.320,rating,2023.2.3,60.006774708499975,2024-01-26 13h37.41.406117 +0800,
neu_14.jpg,0.0,81.0,81.0,237.0,446.4597859821565,,,,,,,,,,,,,,,,,,,,,,,446.4309012138933,,446.4309325747431,446.4309394171101,446.4597859821565,447.4431453449952,447.4598067943566,448.443139072825,448.443139072825,448.7098650970279,448.6766573781533,448.6766653609152,448.7098650970279,448.7098650970279,448.7098650970279,448.7098650970279,448.7098650970279,448.7098650970279,0.0290037969439254,449.4103250751664,[342.0],[193.0],[1],[0],[0],[0.6999639065129486],449.41088957046486,449.4139797545759,,,,,,,,,,,,,,ED19,1,2024-01-26_13h37.28.320,rating,2023.2.3,60.006774708499975,2024-01-26 13h37.41.406117 +0800,
neu_140.jpg,0.0,24.0,24.0,238.0,156.6911663328165,,,,,,,,,,,,,,,,,,,,,,,156.6618944006059,,156.66192177007497,156.6619280422451,156.6911663328165,157.6744966155943,157.69117117949327,158.67449262421314,158.67449262421314,158.92442377289262,158.9080300311498,158.90803744371442,158.92442377289262,158.92442377289262,158.92442377289262,158.92442377289262,158.92442377289262,158.92442377289262,0.0125533205723513,160.041626111386,[368.0],[318.0],[1],[0],[0],[1.116886449204685],160.04205775072023,160.04525256603029,,,,,,,,,,,,,,ED19,1,2024-01-26_13h37.28.320,rating,2023.2.3,60.006774708499975,2024-01-26 13h37.41.406117 +0800,
neu_141.jpg,0.0,200.0,200.0,239.0,981.1800671578349,,,,,,,,,,,,,,,,,,,,,,,981.1517274981624,,981.1517591441112,981.1517659864784,981.1800671578349,982.1634362140272,982.1800734300044,983.1634430563944,983.1634430563944,983.4800870006998,983.3969736209638,983.3969813186268,983.4800870006998,983.4800870006998,983.4800870006998,983.4800870006998,983.4800870006998,983.4800870006998,0.0783803147373873,985.614317140301,[328.0],[-339.0],[1],[0],[0],[2.1333816860619663],985.615137369076,985.6182583438394,,,,,,,,,,,,,,ED19,1,2024-01-26_13h37.28.320,rating,2023.2.3,60.006774708499975,2024-01-26 13h37.41.406117 +0800,
neu_142.jpg,0.0,377.0,377.0,240.0,1866.63608385093,,,,,,,,,,,,,,,,,,,,,,,1866.6088962748445,,1866.608927065497,1866.6089344780617,1866.63608385093,1867.6193930364088,1867.6360886976067,1868.619393321508,1868.619393321508,1868.9860800591184,1868.8529626594916,1868.852970927352,1868.9860800591184,1868.9860800591184,1868.9860800591184,1868.9860800591184,1868.9860800591184,1868.9860800591184,0.1272094431510595,1871.204468464955,[179.0],[369.0],[1],[0],[0],[2.21670803447887],1871.2055891876912,1871.2089316840948,,,,,,,,,,,,,,ED19,1,2024-01-26_13h37.28.320,rating,2023.2.3,60.006774708499975,2024-01-26 13h37.41.406117 +0800,
neu_143.jpg,0.0,173.0,173.0,241.0,852.5125309403297,,,,,,,,,,,,,,,,,,,,,,,852.4839047565288,,852.4839321259979,852.4839383981675,852.5125309403297,853.4958706313623,853.5125357870065,854.495878899223,854.495878899223,854.7958839169587,854.7294163061597,854.72942457402,854.7958839169587,854.7958839169587,854.7958839169587,854.7958839169587,854.7958839169587,854.7958839169587,0.0620088106879848,856.6633178980933,[-1.0],[-323.0],[1],[0],[0],[1.8667098306000298],856.6641418331501,856.6672779181413,,,,,,,,,,,,,,ED19,1,2024-01-26_13h37.28.320,rating,2023.2.3,60.006774708499975,2024-01-26 13h37.41.406117 +0800,
neu_144.jpg,0.0,140.0,140.0,242.0,708.3449014955704,,,,,,,,,,,,,,,,,,,,,,,708.3162935580826,,708.3163246338336,708.3163317612998,708.3449014955704,709.3282659901847,709.3448883810333,710.3282651348886,710.3282651348886,710.611590742049,710.561789712387,710.5617974100501,710.611590742049,710.611590742049,710.611590742049,710.611590742049,710.611590742049,710.611590742049,0.0453174259700972,711.3622563048139,[294.0],[339.0],[1],[0],[0],[0.7499981468590704],711.3629408266379,711.3660612312042,,,,,,,,,,,,,,ED19,1,2024-01-26_13h37.28.320,rating,2023.2.3,60.006774708499975,2024-01-26 13h37.41.406117 +0800,
neu_145.jpg,0.0,235.0,235.0,243.0,1158.1479265631533,,,,,,,,,,,,,,,,,,,,,,,1158.1198397859707,,1158.119870861722,1158.119877989188,1158.1479265631533,1159.131269390271,1159.147935971408,1160.1312745220466,1160.1312745220466,1160.447946691117,1160.364807937602,1160.364815920364,1160.447946691117,1160.447946691117,1160.447946691117,1160.447946691117,1160.447946691117,1160.447946691117,0.0781305683326536,1163.7823029583546,[82.0],[-254.0],[1],[0],[0],[3.3333649792821234],1163.783160820149,1163.78637217118,,,,,,,,,,,,,,ED19,1,2024-01-26_13h37.28.320,rating,2023.2.3,60.006774708499975,2024-01-26 13h37.41.406117 +0800,
neu_146.jpg,0.0,75.0,75.0,244.0,423.3929577215831,,,,,,,,,,,,,,,,,,,,,,,423.3640002531679,,423.3640281928342,423.3640344650039,423.3929577215831,424.3762959871228,424.3929634235556,425.3763222161974,425.3763222161974,425.6429743998533,425.6098835714192,425.6099012475347,425.6429743998533,425.6429743998533,425.6429743998533,425.6429743998533,425.6429743998533,425.6429743998533,0.0289983800698792,426.11017009554826,[381.0],[230.0],[1],[0],[0],[0.4667463802452403],426.1106747201329,426.1137791591759,,,,,,,,,,,,,,ED19,1,2024-01-26_13h37.28.320,rating,2023.2.3,60.006774708499975,2024-01-26 13h37.41.406117 +0800,
neu_147.jpg,0.0,383.0,383.0,245.0,1893.5362839331524,,,,,,,,,,,,,,,,,,,,,,,1893.509155372484,,1893.5091892992216,1893.509197281984,1893.5362839331524,1894.5195711660365,1894.536277375884,1895.519579148798,1895.519579148798,1895.8862721585788,1895.7531399338231,1895.753147916585,1895.8862721585788,1895.8862721585788,1895.8862721585788,1895.8862721585788,1895.8862721585788,1895.8862721585788,0.1271398790840976,1899.3881925829885,[320.0],[94.0],[1],[0],[0],[3.500163646616784],1899.3893828697917,1899.3925118273169,,,,,,,,,,,,,,ED19,1,2024-01-26_13h37.28.320,rating,2023.2.3,60.006774708499975,2024-01-26 13h37.41.406117 +0800,
neu_148.jpg,0.0,274.0,274.0,246.0,1373.9827275842626,,,,,,,,,,,,,,,,,,,,,,,1373.9549572665655,,1373.954988342317,1373.9549951846843,1373.9827275842626,1374.9660641392102,1374.9827697788603,1375.966068985887,1375.966068985887,1376.2994080211934,1376.1996006908512,1376.1996089587117,1376.2994080211934,1376.2994080211934,1376.2994080211934,1376.2994080211934,1376.2994080211934,1376.2994080211934,0.0944744178141263,1378.0007372650716,[350.0],[347.0],[1],[0],[0],[1.7001683222342763],1378.0017148682932,1378.0048483873966,,,,,,,,,,,,,,ED19,1,2024-01-26_13h37.28.320,rating,2023.2.3,60.006774708499975,2024-01-26 13h37.41.406117 +0800,
neu_149.jpg,0.0,61.0,61.0,247.0,365.8592362549671,,,,,,,,,,,,,,,,,,,,,,,365.8301998142297,,365.8302280389949,365.830234311165,365.8592362549671,366.8425907711294,366.8592784495654,367.8425802224797,367.8425802224797,368.10922556376863,368.0761643855926,368.0761723683545,368.10922556376863,368.10922556376863,368.10922556376863,368.10922556376863,368.10922556376863,368.10922556376863,0.0290485574291778,369.74301522597807,[307.0],[197.0],[1],[0],[0],[1.633384251949792],369.7434842132334,369.7466077538848,,,,,,,,,,,,,,ED19,1,2024-01-26_13h37.28.320,rating,2023.2.3,60.006774708499975,2024-01-26 13h37.41.406117 +0800,
neu_15.jpg,0.0,150.0,150.0,248.0,751.1452027307887,,,,,,,,,,,,,,,,,,,,,,,751.1292617256795,751.1452027307887,752.1287203233705,752.1287277359347,752.1618738735042,753.1285267413969,753.1618961111976,754.1285418516245,754.1285418516245,754.4285579882071,754.3620909476053,754.3620992154656,754.4285579882071,754.4285579882071,754.4285579882071,754.4285579882071,754.4285579882071,754.4285579882071,0.0494944060797024,755.2292358387231,[252.0],[168.0],[1],[0],[0],[0.800031246810704],755.2299083864045,755.2330578710316,,,,,,752.1618738735042,,,,,,,,ED19,1,2024-01-26_13h37.28.320,rating,2023.2.3,60.006774708499975,2024-01-26 13h37.41.406117 +0800,
neu_150.jpg,0.0,184.0,184.0,249.0,899.029556460649,,,,,,,,,,,,,,,,,,,,,,,899.0011603514467,,899.0011911420997,899.0011979844667,899.029556460649,900.0128588037605,900.029515691544,901.0128573782672,901.0128573782672,901.3128626811016,901.2464392605912,901.246447243353,901.3128626811016,901.3128626811016,901.3128626811016,901.3128626811016,901.3128626811016,901.3128626811016,0.0617234269539039,901.9137069151816,[354.0],[265.0],[1],[0],[0],[0.6000536555629878],901.9144915066267,901.9176190386588,,,,,,,,,,,,,,ED19,1,2024-01-26_13h37.28.320,rating,2023.2.3,60.006774708499975,2024-01-26 13h37.41.406117 +0800,
neu_151.jpg,0.0,170.0,170.0,250.0,836.4957583025002,,,,,,,,,,,,,,,,,,,,,,,836.4672718170305,,836.4673031778807,836.4673097351492,836.4957583025002,837.4790925766588,837.4957580174014,838.4791464603009,838.4791464603009,838.7791081430446,838.7126636252347,838.7126710377993,838.7791081430446,838.7791081430446,838.7791081430446,838.7791081430446,838.7791081430446,838.7791081430446,0.061859133904818,840.3132515556408,[334.0],[-354.0],[1],[0],[0],[1.533391037297406],840.3139355072676,840.3170946852483,,,,,,,,,,,,,,ED19,1,2024-01-26_13h37.28.320,rating,2023.2.3,60.006774708499975,2024-01-26 13h37.41.406117 +0800,
neu_152.jpg,0.0,261.0,261.0,251.0,1311.73230178945,,,,,,,,,,,,,,,,,,,,,,,1311.7044564908124,,1311.7044878516622,1311.704494979128,1311.73230178945,1312.7156411953847,1312.7323046404367,1313.715647182456,1313.715647182456,1314.0489850773674,1313.9491945678446,1313.949202265508,1314.0489850773674,1314.0489850773674,1314.0489850773674,1314.0489850773674,1314.0489850773674,1314.0489850773674,0.0945516795445655,1315.0501006683285,[321.0],[254.0],[1],[0],[0],[0.9999954384215926],1315.0509898909727,1315.0540418718665,,,,,,,,,,,,,,ED19,1,2024-01-26_13h37.28.320,rating,2023.2.3,60.006774708499975,2024-01-26 13h37.41.406117 +0800,
neu_153.jpg,0.0,216.0,216.0,252.0,1061.5639479090582,,,,,,,,,,,,,,,,,,,,,,,1061.5358069631352,,1061.5358374686894,1061.5358443110565,1061.5639479090582,1062.547314399363,1062.563950474946,1063.5472887404858,1063.5472887404858,1063.8639597691613,1063.7808227262385,1063.7808309940992,1063.8639597691613,1063.8639597691613,1063.8639597691613,1063.8639597691613,1063.8639597691613,1063.8639597691613,0.0781773245089425,1064.5315914947096,[344.0],[-312.0],[1],[0],[0],[0.6666623901874118],1064.5323823583244,1064.5355401108122,,,,,,,,,,,,,,ED19,1,2024-01-26_13h37.28.320,rating,2023.2.3,60.006774708499975,2024-01-26 13h37.41.406117 +0800,
neu_154.jpg,0.0,231.0,231.0,253.0,1139.9811424358486,,,,,,,,,,,,,,,,,,,,,,,1139.953129499213,,1139.9531602898655,1139.953167132233,1139.9811424358486,1140.9644795609938,1140.981145857032,1141.9644952414187,1141.9644952414187,1142.281156576741,1142.1980198189167,1142.1980278016786,1142.281156576741,1142.281156576741,1142.281156576741,1142.281156576741,1142.281156576741,1142.281156576741,0.0780518811093315,1144.948854160074,[227.0],[-182.0],[1],[0],[0],[2.666681491795771],1144.9496929202596,1144.95280420167,,,,,,,,,,,,,,ED19,1,2024-01-26_13h37.28.320,rating,2023.2.3,60.006774708499975,2024-01-26 13h37.41.406117 +0800,
neu_155.jpg,0.0,364.0,364.0,254.0,1814.935703985508,,,,,,,,,,,,,,,,,,,,,,,1814.9086432783151,,1814.90867150308,1814.9086780603488,1814.935703985508,1815.9190587867688,1815.935706551396,1816.9190676248263,1816.9190676248263,1817.2690698200856,1817.1525819387732,1817.152589351338,1817.2690698200856,1817.2690698200856,1817.2690698200856,1817.2690698200856,1817.2690698200856,1817.2690698200856,0.1104539112398015,1821.237445824132,[388.0],[-352.0],[1],[0],[0],[3.9667375421877296],1821.238619290116,1821.2417231589616,,,,,,,,,,,,,,ED19,1,2024-01-26_13h37.28.320,rating,2023.2.3,60.006774708499975,2024-01-26 13h37.41.406117 +0800,
neu_156.jpg,0.0,78.0,78.0,255.0,434.1097005380952,,,,,,,,,,,,,,,,,,,,,,,434.0807464908635,,434.080777281516,434.0807841238834,434.1097005380952,435.093036522846,435.1097005380952,436.0930430801145,436.0930430801145,436.35974629642624,436.32659588237766,436.32660386513953,436.35974629642624,436.35974629642624,436.35974629642624,436.35974629642624,436.35974629642624,436.35974629642624,0.0290197624672146,438.1268763053954,[349.0],[65.0],[1],[0],[0],[1.766705497100702],438.12740658885787,438.1305458099341,,,,,,,,,,,,,,ED19,1,2024-01-26_13h37.28.320,rating,2023.2.3,60.006774708499975,2024-01-26 13h37.41.406117 +0800,
neu_157.jpg,0.0,67.0,67.0,256.0,393.5594242490074,,,,,,,,,,,,,,,,,,,,,,,393.53025495230577,,393.5302860280572,393.53029287042455,393.5594242490074,394.5427619443499,394.5594293807831,395.54276394004046,395.54276394004046,395.8094395017847,395.776319308191,395.7763275760517,395.8094395017847,395.8094395017847,395.8094395017847,395.8094395017847,395.8094395017847,395.8094395017847,0.0292019404955681,396.3433040879154,[323.0],[227.0],[1],[0],[0],[0.5334235385416832],396.3438232525309,396.3469359594342,,,,,,,,,,,,,,ED19,1,2024-01-26_13h37.28.320,rating,2023.2.3,60.006774708499975,2024-01-26 13h37.41.406117 +0800,
neu_158.jpg,0.0,327.0,327.0,257.0,1634.3511491470704,,,,,,,,,,,,,,,,,,,,,,,1634.323578683517,,1634.323607763578,1634.323614035748,1634.3511491470704,1635.3345412962526,1635.351154278846,1636.3345335985891,1636.3345335985891,1636.684528666383,1636.568045916846,1636.5680538996075,1636.684528666383,1636.684528666383,1636.684528666383,1636.684528666383,1636.684528666383,1636.684528666383,0.1109784927293731,1637.7193018618657,[339.0],[-10.0],[1],[0],[0],[1.0333360132603957],1637.720323370277,1637.7234175457684,,,,,,,,,,,,,,ED19,1,2024-01-26_13h37.28.320,rating,2023.2.3,60.006774708499975,2024-01-26 13h37.41.406117 +0800,
neu_159.jpg,0.0,141.0,141.0,258.0,711.3949283233524,,,,,,,,,,,,,,,,,,,,,,,711.3662867442249,,711.3663172497791,711.3663240921464,711.3949283233524,712.3782708653716,712.3949174896038,713.3782759971468,713.3782759971468,713.6615186406043,713.6118595900625,713.6118672877255,713.6615186406043,713.6615186406043,713.6615186406043,713.6615186406043,713.6615186406043,713.6615186406043,0.0452544191716697,714.112289518805,[330.0],[335.0],[1],[0],[0],[0.45010289209767507],714.1129726151357,714.116133788807,,,,,,,,,,,,,,ED19,1,2024-01-26_13h37.28.320,rating,2023.2.3,60.006774708499975,2024-01-26 13h37.41.406117 +0800,
neu_16.jpg,0.0,266.0,266.0,259.0,1335.8324683440733,,,,,,,,,,,,,,,,,,,,,,,1335.8046774992745,,1335.804708289927,1335.8047154173933,1335.8324683440733,1336.815822290038,1336.8324783225253,1337.8158402512518,1337.8158402512518,1338.1491693081057,1338.04937110092,1338.0493790836815,1338.1491693081057,1338.1491693081057,1338.1491693081057,1338.1491693081057,1338.1491693081057,1338.1491693081057,0.0945177528069507,1339.850318654745,[-6.0],[-115.0],[1],[0],[0],[1.7000080968014117],1339.8512172856445,1339.8543057591637,,,,,,,,,,,,,,ED19,1,2024-01-26_13h37.28.320,rating,2023.2.3,60.006774708499975,2024-01-26 13h37.41.406117 +0800,
neu_160.jpg,0.0,289.0,289.0,260.0,1447.5332205483132,,,,,,,,,,,,,,,,,,,,,,,1447.5055306284316,,1447.5055611339858,1447.5055682614516,1447.5332205483132,1448.5165876088154,1448.533224539694,1449.5165648009242,1449.5165648009242,1449.849936337475,1449.7501193137791,1449.750127296541,1449.849936337475,1449.849936337475,1449.849936337475,1449.849936337475,1449.849936337475,1449.849936337475,0.0944285169339309,1450.6511547350035,[280.0],[-361.0],[1],[0],[0],[0.7999904777057054],1450.652087862838,1450.6551820383297,,,,,,,,,,,,,,ED19,1,2024-01-26_13h37.28.320,rating,2023.2.3,60.006774708499975,2024-01-26 13h37.41.406117 +0800,
neu_161.jpg,0.0,292.0,292.0,261.0,1457.783290825127,,,,,,,,,,,,,,,,,,,,,,,1457.7555584255488,,1457.755590071497,1457.755596628766,1457.783290825127,1458.766627950272,1458.783294531409,1459.766653894248,1459.766653894248,1460.099973257748,1460.0001827482256,1460.0001904458886,1460.099973257748,1460.099973257748,1460.099973257748,1460.099973257748,1460.099973257748,1460.099973257748,0.0944399208792674,1463.401275189177,[350.0],[-60.0],[1],[0],[0],[3.300009864412914],1463.4022319801984,1463.4054624328378,,,,,,,,,,,,,,ED19,1,2024-01-26_13h37.28.320,rating,2023.2.3,60.006774708499975,2024-01-26 13h37.41.406117 +0800,
neu_162.jpg,0.0,306.0,306.0,262.0,1547.767232644478,,,,,,,,,,,,,,,,,,,,,,,1547.739598033732,,1547.7396291094833,1547.7396359518502,1547.767232644478,1548.7505720504123,1548.7672323593797,1549.750595713599,1549.750595713599,1550.0839472932453,1549.9841490860597,1549.984157068821,1550.0839472932453,1550.0839472932453,1550.0839472932453,1550.0839472932453,1550.0839472932453,1550.0839472932453,0.0943732077985259,1552.668613605249,[-2.0],[-305.0],[1],[0],[0],[2.583361415549007],1552.6695934892596,1552.6727398378016,,,,,,,,,,,,,,ED19,1,2024-01-26_13h37.28.320,rating,2023.2.3,60.006774708499975,2024-01-26 13h37.41.406117 +0800,
neu_163.jpg,0.0,337.0,337.0,263.0,1675.7014293134998,,,,,,,,,,,,,,,,,,,,,,,1675.6740019694616,,1675.6740327601142,1675.6740396024816,1675.7014293134998,1676.6847650131515,1676.7014338750778,1677.6847784127876,1677.6847784127876,1678.0347788974557,1677.9183081220613,1677.9183158197245,1678.0347788974557,1678.0347788974557,1678.0347788974557,1678.0347788974557,1678.0347788974557,1678.0347788974557,0.110827960649658,1679.5529584970511,[-2.0],[-84.0],[1],[0],[0],[1.516645483838147],1679.5539896988162,1679.5571517277835,,,,,,,,,,,,,,ED19,1,2024-01-26_13h37.28.320,rating,2023.2.3,60.006774708499975,2024-01-26 13h37.41.406117 +0800,
neu_164.jpg,0.0,38.0,38.0,264.0,232.34166077938016,,,,,,,,,,,,,,,,,,,,,,,232.31258014835385,,232.31261122410524,232.31261835157105,232.34166077938016,233.32500816807624,233.3416664813526,234.32500959356912,234.32500959356912,234.59169884004768,234.558564106424,234.55857151898863,234.59169884004768,234.59169884004768,234.59169884004768,234.59169884004768,234.59169884004768,234.59169884004768,0.0291383634998965,240.19218071376145,[107.0],[288.0],[1],[0],[0],[5.600122364334311],240.19261634447685,240.19569968622045,,,,,,,,,,,,,,ED19,1,2024-01-26_13h37.28.320,rating,2023.2.3,60.006774708499975,2024-01-26 13h37.41.406117 +0800,
neu_165.jpg,0.0,355.0,355.0,265.0,1763.3353943113702,,,,,,,,,,,,,,,,,,,,,,,1763.3080581988952,,1763.3080867087588,1763.308092980929,1763.3353943113702,1764.3186900972132,1764.3353555379558,1765.3186983650735,1765.3186983650735,1765.6687011305305,1765.5522314955306,1765.5522394782924,1765.6687011305305,1765.6687011305305,1765.6687011305305,1765.6687011305305,1765.6687011305305,1765.6687011305305,0.1106703011041645,1769.287010792124,[-1.0],[260.0],[1],[0],[0],[3.6167293598564356],1769.288117545027,1769.2912981054055,,,,,,,,,,,,,,ED19,1,2024-01-26_13h37.28.320,rating,2023.2.3,60.006774708499975,2024-01-26 13h37.41.406117 +0800,
neu_166.jpg,0.0,263.0,263.0,266.0,1318.9324031135052,,,,,,,,,,,,,,,,,,,,,,,1318.904413269859,,1318.9044440605117,1318.904450902879,1318.9324031135052,1319.9156912016851,1319.9323957009406,1320.9156986142498,1320.9156986142498,1321.249073286885,1321.149279926376,1321.1492876240395,1321.249073286885,1321.249073286885,1321.249073286885,1321.249073286885,1321.249073286885,1321.249073286885,0.094685961002142,1325.433605089353,[360.0],[-310.0],[1],[0],[0],[4.183424479367204],1325.4345667270509,1325.4376971100692,,,,,,,,,,,,,,ED19,1,2024-01-26_13h37.28.320,rating,2023.2.3,60.006774708499975,2024-01-26 13h37.41.406117 +0800,
neu_167.jpg,0.0,74.0,74.0,267.0,419.0762618893259,,,,,,,,,,,,,,,,,,,,,,,419.0473873846136,,419.04741760506886,419.0474244474362,419.0762618893259,420.0596032909507,420.0762872631044,421.0596035760496,421.0596035760496,421.32627771230045,421.2931378469011,421.293145829663,421.32627771230045,421.32627771230045,421.32627771230045,421.32627771230045,421.32627771230045,421.32627771230045,0.0289085739991605,423.36024322334833,[-112.0],[-331.0],[1],[0],[0],[2.033517050894261],423.3607883319392,423.3637946970516,,,,,,,,,,,,,,ED19,1,2024-01-26_13h37.28.320,rating,2023.2.3,60.006774708499975,2024-01-26 13h37.41.406117 +0800,
neu_168.jpg,0.0,188.0,188.0,268.0,916.2296466658572,,,,,,,,,,,,,,,,,,,,,,,916.2012534076416,,916.2012841982942,916.2012910406615,916.2296466658572,917.2129703913664,917.2296905710468,918.2129732423527,918.2129732423527,918.5129774047928,918.4465505630984,918.4465582607618,918.5129774047928,918.5129774047928,918.5129774047928,918.5129774047928,918.5129774047928,918.5129774047928,0.06174423915445,922.0472702090742,[364.0],[-81.0],[1],[0],[0],[3.533476566888112],922.0480465326592,922.0511304446,,,,,,,,,,,,,,ED19,1,2024-01-26_13h37.28.320,rating,2023.2.3,60.006774708499975,2024-01-26 13h37.41.406117 +0800,
neu_169.jpg,0.0,247.0,247.0,269.0,1238.4151421017132,,,,,,,,,,,,,,,,,,,,,,,1238.3871206121185,,1238.3871516878694,1238.3871585302368,1238.4151421017132,1239.3984812225483,1239.4151452377982,1240.3984852139297,1240.3984852139297,1240.71517619951,1240.63201349771,1240.632021195373,1240.71517619951,1240.71517619951,1240.71517619951,1240.71517619951,1240.71517619951,1240.71517619951,0.078077539986225,1241.3828826209003,[280.0],[298.0],[1],[0],[0],[0.6666430034802033],1241.383740197596,1241.386933302315,,,,,,,,,,,,,,ED19,1,2024-01-26_13h37.28.320,rating,2023.2.3,60.006774708499975,2024-01-26 13h37.41.406117 +0800,
neu_17.jpg,0.0,128.0,128.0,270.0,654.9445511663671,,,,,,,,,,,,,,,,,,,,,,,654.9158326106085,,654.9158631161622,654.9158702436284,654.9445511663671,655.9278825895394,655.9445320647587,656.9278877213151,656.9278877213151,657.211208766897,657.1614065968406,657.161414579602,657.211208766897,657.211208766897,657.211208766897,657.211208766897,657.211208766897,657.211208766897,0.0453935473055935,659.1118325056923,[335.0],[-130.0],[1],[0],[0],[1.900023891265846],659.112458297197,659.1154703642819,,,,,,,,,,,,,,ED19,1,2024-01-26_13h37.28.320,rating,2023.2.3,60.006774708499975,2024-01-26 13h37.41.406117 +0800,
neu_170.jpg,0.0,319.0,319.0,271.0,1607.7176360305375,,,,,,,,,,,,,,,,,,,,,,,1607.6899526679244,,1607.6899808926896,1607.6899871648598,1607.7176360305375,1608.7009802831485,1608.7176408772143,1609.7010150651822,1609.7010150651822,1610.0509884654791,1609.93453137482,1609.9345393575818,1610.0509884654791,1610.0509884654791,1610.0509884654791,1610.0509884654791,1610.0509884654791,1610.0509884654791,0.1111042212273787,1610.8524275293526,[19.0],[-316.0],[1],[0],[0],[0.8000101495113086],1610.8534347828318,1610.8565446387488,,,,,,,,,,,,,,ED19,1,2024-01-26_13h37.28.320,rating,2023.2.3,60.006774708499975,2024-01-26 13h37.41.406117 +0800,
neu_171.jpg,0.0,76.0,76.0,272.0,426.1430228666213,,,,,,,,,,,,,,,,,,,,,,,426.11401579104313,,426.1140460114989,426.1140528538658,426.1430228666213,427.1263428858483,427.1429843783053,428.1263973396876,428.1263973396876,428.3930230091705,428.35985577430256,428.3598634719656,428.3930230091705,428.3930230091705,428.3930230091705,428.3930230091705,428.3930230091705,428.3930230091705,0.0290260346368995,430.7601339735511,[197.0],[3.0],[1],[0],[0],[2.3666687763966365],430.7606437299114,430.76378124039593,,,,,,,,,,,,,,ED19,1,2024-01-26_13h37.28.320,rating,2023.2.3,60.006774708499975,2024-01-26 13h37.41.406117 +0800,
neu_172.jpg,0.0,100.0,100.0,273.0,529.8436755714374,,,,,,,,,,,,,,,,,,,,,,,529.8149270803219,,529.8149570156788,529.8149638580462,529.8436755714374,530.8270198240489,530.8437063620904,531.8270246707257,531.8270246707257,532.1103662434093,532.06055837138,532.0605663541419,532.1103662434093,532.1103662434093,532.1103662434093,532.1103662434093,532.1103662434093,532.1103662434093,0.0454551286106834,533.7110117637399,[154.0],[207.0],[1],[0],[0],[1.6001614228475773],533.7115930798582,533.7147639468826,,,,,,,,,,,,,,ED19,1,2024-01-26_13h37.28.320,rating,2023.2.3,60.006774708499975,2024-01-26 13h37.41.406117 +0800,
neu_173.jpg,0.0,175.0,175.0,274.0,861.0792699650301,,,,,,,,,,,,,,,,,,,,,,,861.0508194019885,,861.0508507628388,861.0508578903045,861.0792699650301,862.0625973968217,862.0792608418737,863.0626005329063,863.0626005329063,863.3626046953464,863.2961789940468,863.2961866917099,863.3626046953464,863.3626046953464,863.3626046953464,863.3626046953464,863.3626046953464,863.3626046953464,0.0618052502622958,864.8967808942862,[356.0],[-342.0],[1],[0],[0],[1.533378778055976],864.8975472394186,864.9006659333932,,,,,,,,,,,,,,ED19,1,2024-01-26_13h37.28.320,rating,2023.2.3,60.006774708499975,2024-01-26 13h37.41.406117 +0800,
neu_174.jpg,0.0,35.0,35.0,275.0,215.3248804438872,,,,,,,,,,,,,,,,,,,,,,,215.2958117870039,,215.29583972667024,215.2958462839388,215.3248804438872,216.30821927962413,216.32488586076124,217.30825149577004,217.30825149577004,217.57489740725623,217.54175782695572,217.541766094816,217.57489740725623,217.57489740725623,217.57489740725623,217.57489740725623,217.57489740725623,217.57489740725623,0.0291047218606763,220.20870189459447,[84.0],[-289.0],[1],[0],[0],[2.633478904696858],220.20921763802653,220.21230297546072,,,,,,,,,,,,,,ED19,1,2024-01-26_13h37.28.320,rating,2023.2.3,60.006774708499975,2024-01-26 13h37.41.406117 +0800,
neu_175.jpg,0.0,256.0,256.0,276.0,1282.748782771375,,,,,,,,,,,,,,,,,,,,,,,1282.7208453858784,,1282.720876176531,1282.7208827337995,1282.748782771375,1283.732116760436,1283.748785622362,1284.7321193263233,1284.7321193263233,1285.065456365939,1284.965660724641,1284.965668422304,1285.065456365939,1285.065456365939,1285.065456365939,1285.065456365939,1285.065456365939,1285.065456365939,0.0946565958424798,1287.0665619784477,[297.0],[309.0],[1],[0],[0],[2.0000028509862204],1287.0674417928371,1287.0704575662044,,,,,,,,,,,,,,ED19,1,2024-01-26_13h37.28.320,rating,2023.2.3,60.006774708499975,2024-01-26 13h37.41.406117 +0800,
neu_176.jpg,0.0,28.0,28.0,277.0,177.0079907445579,,,,,,,,,,,,,,,,,,,,,,,176.97866920518527,,176.9786999958378,176.97870683820474,177.0079907445579,177.991285104908,178.00799331044573,178.99129935983956,178.99129935983956,179.2580313711137,179.2248929312077,179.22490062887073,179.2580313711137,179.2580313711137,179.2580313711137,179.2580313711137,179.2580313711137,179.2580313711137,0.0293815526356411,182.1583169829269,[362.0],[-325.0],[1],[0],[0],[2.899969152327685],182.15876173679817,182.16188499235116,,,,,,,,,,,,,,ED19,1,2024-01-26_13h37.28.320,rating,2023.2.3,60.006774708499975,2024-01-26 13h37.41.406117 +0800,
neu_177.jpg,0.0,179.0,179.0,278.0,876.879361652751,,,,,,,,,,,,,,,,,,,,,,,876.8509626925629,,876.8509929130182,876.8509994702868,876.879361652751,877.8627478148615,877.8793659292305,878.8627138881238,878.8627138881238,879.1627223270434,879.0962857919958,879.0962937747572,879.1627223270434,879.1627223270434,879.1627223270434,879.1627223270434,879.1627223270434,879.1627223270434,0.0617798764842518,880.0968403088418,[267.0],[336.0],[1],[0],[0],[0.9333576237372654],880.0975678805598,882.8131563326965,space,880.112730566394,880.112730566394,2.695144314078334,,,,,,,,,,ED19,1,2024-01-26_13h37.28.320,rating,2023.2.3,60.006774708499975,2024-01-26 13h37.41.406117 +0800,
neu_178.jpg,0.0,283.0,283.0,279.0,1415.6330064962576,,,,,,,,,,,,,,,,,,,,,,,1415.605317431672,,1415.6053479372258,1415.605355064692,1415.6330064962576,1416.616351319066,1416.6330073515535,1417.6163610124197,1417.6163610124197,1417.9496934904569,1417.8499294951075,1417.849938618264,1417.9496934904569,1417.9496934904569,1417.9496934904569,1417.9496934904569,1417.9496934904569,1417.9496934904569,0.0944037133526762,1425.0509998694251,[68.0],[-325.0],[1],[0],[0],[7.100108679599998],1425.0519600816297,1425.0551018685935,,,,,,,,,,,,,,ED19,1,2024-01-26_13h37.28.320,rating,2023.2.3,60.006774708499975,2024-01-26 13h37.41.406117 +0800,
neu_179.jpg,0.0,303.0,303.0,280.0,1535.0171444064504,,,,,,,,,,,,,,,,,,,,,,,1534.989600742169,,1534.989631247723,1534.98963809009,1535.0171444064504,1536.000484952779,1536.0171526743106,1537.0004920802453,1537.0004920802453,1537.3338291198606,1537.2340953449666,1537.2341033277285,1537.3338291198606,1537.3338291198606,1537.3338291198606,1537.3338291198606,1537.3338291198606,1537.3338291198606,0.0942551769635429,1538.3351787768015,[330.0],[-311.0],[1],[0],[0],[1.000023378087917],1538.3361646478834,1538.339412206441,,,,,,,,,,,,,,ED19,1,2024-01-26_13h37.28.320,rating,2023.2.3,60.006774708499975,2024-01-26 13h37.41.406117 +0800,
neu_18.jpg,0.0,117.0,117.0,281.0,602.3608373689049,,,,,,,,,,,,,,,,,,,,,,,602.3323061229494,,602.3323369136019,602.3323437559693,602.3608373689049,603.3441762046418,603.3608425006801,604.3441847576009,604.3441847576009,604.6275211985094,604.5777253006222,604.5777332833841,604.6275211985094,604.6275211985094,604.6275211985094,604.6275211985094,604.6275211985094,604.6275211985094,0.0452353175628559,605.1281079315013,[271.0],[301.0],[1],[0],[0],[0.5000273694690804],605.1287442716557,605.1317423689075,,,,,,,,,,,,,,ED19,1,2024-01-26_13h37.28.320,rating,2023.2.3,60.006774708499975,2024-01-26 13h37.41.406117 +0800,
neu_180.jpg,0.0,322.0,322.0,282.0,1617.6177411749145,,,,,,,,,,,,,,,,,,,,,,,1617.5900700715429,,1617.5901008621954,1617.5901079896612,1617.6177411749145,1618.6010418074345,1618.6177388941255,1619.6010477945056,1619.6010477945056,1619.9511035883088,1619.834616562292,1619.8346251152511,1619.9511035883088,1619.9511035883088,1619.9511035883088,1619.9511035883088,1619.9511035883088,1619.9511035883088,0.1110611713334037,1620.6524981197745,[185.0],[-339.0],[1],[0],[0],[0.6999718892743658],1620.6535067987477,1620.6565154446484,,,,,,,,,,,,,,ED19,1,2024-01-26_13h37.28.320,rating,2023.2.3,60.006774708499975,2024-01-26 13h37.41.406117 +0800,
neu_181.jpg,0.0,273.0,273.0,283.0,1370.432699901185,,,,,,,,,,,,,,,,,,,,,,,1370.4050721328058,,1370.4051029234583,1370.4051097658255,1370.432699901185,1371.4160381667248,1371.4327036074674,1372.416067531884,1372.416067531884,1372.749384044398,1372.649576428957,1372.6495841266203,1372.749384044398,1372.749384044398,1372.749384044398,1372.749384044398,1372.749384044398,1372.749384044398,0.0943355747785972,1373.9506702383824,[116.0],[360.0],[1],[0],[0],[1.2001329700037786],1373.9515842646083,1373.9547289025586,,,,,,,,,,,,,,ED19,1,2024-01-26_13h37.28.320,rating,2023.2.3,60.006774708499975,2024-01-26 13h37.41.406117 +0800,
neu_182.jpg,0.0,358.0,358.0,284.0,1782.1021933208235,,,,,,,,,,,,,,,,,,,,,,,1782.0748842927187,,1782.0749119472866,1782.0749182194563,1782.1021933208235,1783.0854891066665,1783.1021534070142,1784.08549252785,1784.08549252785,1784.435497288997,1784.319025658307,1784.319033641069,1784.435497288997,1784.435497288997,1784.435497288997,1784.435497288997,1784.435497288997,1784.435497288997,0.11064236143784,1785.3705609429694,[240.0],[133.0],[1],[0],[0],[0.9334642506264572],1785.3716500197577,1785.3748177506973,,,,,,,,,,,,,,ED19,1,2024-01-26_13h37.28.320,rating,2023.2.3,60.006774708499975,2024-01-26 13h37.41.406117 +0800,
neu_183.jpg,0.0,45.0,45.0,285.0,270.6919725917578,,,,,,,,,,,,,,,,,,,,,,,270.66264877159574,,270.66267927714944,270.6626861195168,270.6919725917578,271.67526296072674,271.69194436699263,272.67526581171296,272.67526581171296,272.9419601899672,272.9087963762822,272.9088043590441,272.9419601899672,272.9419601899672,272.9419601899672,272.9419601899672,272.9419601899672,272.9419601899672,0.0293285242896672,276.60904281554303,[124.0],[-276.0],[1],[0],[0],[3.666729388366548],276.60952235144805,276.61271631146246,,,,,,,,,,,,,,ED19,1,2024-01-26_13h37.28.320,rating,2023.2.3,60.006774708499975,2024-01-26 13h37.41.406117 +0800,
neu_184.jpg,0.0,94.0,94.0,286.0,507.8435318817251,,,,,,,,,,,,,,,,,,,,,,,507.8147936541605,,507.81482472991183,507.8148315722792,507.8435318817251,508.8268672962786,508.8435575406024,509.8268727131526,509.8268727131526,510.1102137156395,510.0604329279804,510.0604406256434,510.1102137156395,510.1102137156395,510.1102137156395,510.1102137156395,510.1102137156395,510.1102137156395,0.0454403034814276,510.5608169558423,[201.0],[282.0],[1],[0],[0],[0.4500832202916172],510.56136463032135,510.5645252337954,,,,,,,,,,,,,,ED19,1,2024-01-26_13h37.28.320,rating,2023.2.3,60.006774708499975,2024-01-26 13h37.41.406117 +0800,
neu_185.jpg,0.0,18.0,18.0,287.0,122.1242796270226,,,,,,,,,,,,,,,,,,,,,,,122.09504019605674,,122.09507098670927,122.09507782907669,122.1242796270226,123.1076081992087,123.124253397948,124.10759280388264,124.10759280388264,124.35759095074128,124.3411438955536,124.34115187831549,124.35759095074128,124.35759095074128,124.35759095074128,124.35759095074128,124.35759095074128,124.35759095074128,0.0125712817862222,127.5412808569381,[-2.0],[-265.0],[1],[0],[0],[3.1833916930240775],127.5417105005822,127.54484943655962,,,,,,,,,,,,,,ED19,1,2024-01-26_13h37.28.320,rating,2023.2.3,60.006774708499975,2024-01-26 13h37.41.406117 +0800,
neu_186.jpg,0.0,240.0,240.0,288.0,1201.164885085293,,,,,,,,,,,,,,,,,,,,,,,1201.1489925469514,1201.164885085293,1202.148421209286,1202.148428906949,1202.181580746491,1203.1482281975095,1203.1815798911953,1204.1482393163565,1204.1482393163565,1204.4649129109198,1204.3818186327926,1204.3818266155545,1204.4649129109198,1204.4649129109198,1204.4649129109198,1204.4649129109198,1204.4649129109198,1204.4649129109198,0.0661319071559773,1205.3826665161346,[308.0],[331.0],[1],[0],[0],[0.9167338073953033],1205.3835095528002,1205.3867103551815,,,,,,1202.181580746491,,,,,,,,ED19,1,2024-01-26_13h37.28.320,rating,2023.2.3,60.006774708499975,2024-01-26 13h37.41.406117 +0800,
neu_187.jpg,0.0,46.0,46.0,289.0,276.64198767347534,,,,,,,,,,,,,,,,,,,,,,,276.6129469562584,,276.6129783171086,276.6129851594756,276.64198767347534,277.6253019907299,277.64196971226147,278.62530854799843,278.62530854799843,278.8919798332631,278.85891551900204,278.8589246421584,278.8919798332631,278.8919798332631,278.8919798332631,278.8919798332631,278.8919798332631,278.8919798332631,0.0290516935142477,282.3923675674073,[63.0],[-311.0],[1],[0],[0],[3.50003677772429],282.3928177381531,282.39599658793986,,,,,,,,,,,,,,ED19,1,2024-01-26_13h37.28.320,rating,2023.2.3,60.006774708499975,2024-01-26 13h37.41.406117 +0800,
neu_188.jpg,0.0,155.0,155.0,290.0,768.3286505882443,,,,,,,,,,,,,,,,,,,,,,,768.3002476366751,,768.3002789975249,768.3002864100895,768.3286505882443,769.3119674713862,769.3286300611426,770.3119743137536,770.3119743137536,770.611976480503,770.5455077293091,770.5455154269725,770.611976480503,770.611976480503,770.611976480503,770.611976480503,770.611976480503,770.611976480503,0.0617488007324027,773.346127134605,[275.0],[49.0],[1],[0],[0],[2.733462996192884],773.3468082352451,773.3500218670656,,,,,,,,,,,,,,ED19,1,2024-01-26_13h37.28.320,rating,2023.2.3,60.006774708499975,2024-01-26 13h37.41.406117 +0800,
neu_189.jpg,0.0,241.0,241.0,291.0,1205.4149163035936,,,,,,,,,,,,,,,,,,,,,,,1205.3869381489917,,1205.3869700800387,1205.386976922406,1205.4149163035936,1206.3982742409394,1206.4149197247775,1207.398268824065,1207.398268824065,1207.7149332954723,1207.6317936866617,1207.6318013843252,1207.7149332954723,1207.7149332954723,1207.7149332954723,1207.7149332954723,1207.7149332954723,1207.7149332954723,0.0780176692728673,1210.215998994172,[23.0],[-339.0],[1],[0],[0],[2.500055309135405],1210.2168497285006,1210.2201511707008,,,,,,,,,,,,,,ED19,1,2024-01-26_13h37.28.320,rating,2023.2.3,60.006774708499975,2024-01-26 13h37.41.406117 +0800,
neu_19.jpg,0.0,350.0,350.0,292.0,1739.6018597554198,,,,,,,,,,,,,,,,,,,,,,,1739.5746231423686,,1739.5746536479228,1739.5746607753886,1739.6018597554198,1740.5851994464524,1740.6018842739022,1741.5852088547076,1741.5852088547076,1741.9352121903617,1741.8188086982454,1741.818816681007,1741.9352121903617,1741.9352121903617,1741.9352121903617,1741.9352121903617,1741.9352121903617,1741.9352121903617,0.1106169876588865,1743.1035937253214,[308.0],[-354.0],[1],[0],[0],[1.166800092827998],1743.104664270698,1743.1078761919262,,,,,,,,,,,,,,ED19,1,2024-01-26_13h37.28.320,rating,2023.2.3,60.006774708499975,2024-01-26 13h37.41.406117 +0800,
neu_190.jpg,0.0,70.0,70.0,293.0,403.3095096360489,,,,,,,,,,,,,,,,,,,,,,,403.2805045561613,,403.2805347766166,403.280541618984,403.3095096360489,404.2928279446842,404.3094922450323,405.29283393175547,405.29283393175547,405.5595046468229,405.5264215160519,405.52642949881374,405.5595046468229,405.5595046468229,405.5595046468229,405.5595046468229,405.5595046468229,405.5595046468229,0.029020047566064,406.0932831331656,[165.0],[329.0],[1],[0],[0],[0.5333630976306267],406.0938208291923,406.09691386429,,,,,,,,,,,,,,ED19,1,2024-01-26_13h37.28.320,rating,2023.2.3,60.006774708499975,2024-01-26 13h37.41.406117 +0800,
neu_191.jpg,0.0,107.0,107.0,294.0,555.8438603153536,,,,,,,,,,,,,,,,,,,,,,,555.8148672096086,,555.8148974300639,555.8149039873324,555.8438603153536,556.8271943044138,556.8438797020608,557.8272022871756,557.8272022871756,558.1105364472946,558.0607300007587,558.0607379835201,558.1105364472946,558.1105364472946,558.1105364472946,558.1105364472946,558.1105364472946,558.1105364472946,0.0456903349850108,558.9612032074738,[159.0],[-88.0],[1],[0],[0],[0.8501341959276942],558.9618244374005,558.9649354337121,,,,,,,,,,,,,,ED19,1,2024-01-26_13h37.28.320,rating,2023.2.3,60.006774708499975,2024-01-26 13h37.41.406117 +0800,
neu_192.jpg,0.0,56.0,56.0,295.0,327.27563934794534,,,,,,,,,,,,,,,,,,,,,,,327.2464013424724,,327.2464289970403,327.24643526921,327.27563934794534,328.25897846878115,328.2756456201155,329.2590035574608,329.2590035574608,329.5256523199332,329.49254951735657,329.4925577852173,329.5256523199332,329.5256523199332,329.5256523199332,329.5256523199332,329.5256523199332,329.5256523199332,0.0292786320283084,335.89286591982227,[204.0],[-286.0],[1],[0],[0],[6.366827006138919],335.89339021621345,335.89638717307025,,,,,,,,,,,,,,ED19,1,2024-01-26_13h37.28.320,rating,2023.2.3,60.006774708499975,2024-01-26 13h37.41.406117 +0800,
neu_2.jpg,0.0,242.0,242.0,296.0,1210.2482824232702,,,,,,,,,,,,,,,,,,,,,,,1210.220380960201,,1210.220413461445,1210.220420588911,1210.2482824232702,1211.2316232546978,1211.2482844189603,1212.231629241769,1212.231629241769,1212.5482957088666,1212.4651962989635,1212.4652042817256,1212.5482957088666,1212.5482957088666,1212.5482957088666,1212.5482957088666,1212.5482957088666,1212.5482957088666,0.0779367012605689,1214.5493448718453,[380.0],[355.0],[1],[0],[0],[2.0000285098635686],1214.550238085871,1214.553381868525,,,,,,,,,,,,,,ED19,1,2024-01-26_13h37.28.320,rating,2023.2.3,60.006774708499975,2024-01-26 13h37.41.406117 +0800,
neu_20.jpg,0.0,354.0,354.0,297.0,1759.6853300786474,,,,,,,,,,,,,,,,,,,,,,,1759.658016488965,,1759.6580472796177,1759.6580541219846,1759.6853300786474,1760.6686868755985,1760.685333499831,1761.6686977093468,1761.6686977093468,1762.0187301250617,1761.9022279888172,1761.902235971579,1762.0187301250617,1762.0187301250617,1762.0187301250617,1762.0187301250617,1762.0187301250617,1762.0187301250617,0.1107415757633134,1763.30363574886,[182.0],[287.0],[1],[0],[0],[1.2832956718034438],1763.304713421703,1763.3078517874828,,,,,,,,,,,,,,ED19,1,2024-01-26_13h37.28.320,rating,2023.2.3,60.006774708499975,2024-01-26 13h37.41.406117 +0800,
neu_21.jpg,0.0,127.0,127.0,298.0,646.5444973397448,,,,,,,,,,,,,,,,,,,,,,,646.5157756479011,,646.5158055832576,646.515812425625,646.5444973397448,647.5278085209143,647.5445121648736,648.5278150781828,648.5278150781828,648.8111626379382,648.7613741526156,648.7613821353775,648.8111626379382,648.8111626379382,648.8111626379382,648.8111626379382,648.8111626379382,648.8111626379382,0.0454080873359998,654.9119381632463,[297.0],[-96.0],[1],[0],[0],[6.100200481360389],654.9125639547515,654.9156025360094,,,,,,,,,,,,,,ED19,1,2024-01-26_13h37.28.320,rating,2023.2.3,60.006774708499975,2024-01-26 13h37.41.406117 +0800,
neu_22.jpg,0.0,121.0,121.0,299.0,620.4943319540262,,,,,,,,,,,,,,,,,,,,,,,620.4655868840946,,620.4656182449444,620.4656250873118,620.4943319540262,621.4776348673354,621.4943062951493,622.4776382885188,622.4776382885188,622.7609772953151,622.7112004990367,622.7112084817986,622.7609772953151,622.7609772953151,622.7609772953151,622.7609772953151,622.7609772953151,622.7609772953151,0.0454226273664062,628.6116024310932,[297.0],[-325.0],[1],[0],[0],[5.850036692194408],628.6121891640851,628.6153149855259,,,,,,,,,,,,,,ED19,1,2024-01-26_13h37.28.320,rating,2023.2.3,60.006774708499975,2024-01-26 13h37.41.406117 +0800,
neu_23.jpg,0.0,152.0,152.0,300.0,758.2452321529681,,,,,,,,,,,,,,,,,,,,,,,758.216659282612,,758.216690073265,758.2166969156319,758.2452321529681,759.2285439043349,759.2452264509952,760.2285729843957,760.2285729843957,760.5285765766384,760.4621063999512,760.462114382713,760.5285765766384,760.5285765766384,760.5285765766384,760.5285765766384,760.5285765766384,760.5285765766384,0.0619363956348024,762.3292994727385,[246.0],[-287.0],[1],[0],[0],[1.8000549099970158],762.3299828541681,762.333137185472,,,,,,,,,,,,,,ED19,1,2024-01-26_13h37.28.320,rating,2023.2.3,60.006774708499975,2024-01-26 13h37.41.406117 +0800,
neu_24.jpg,0.0,372.0,372.0,301.0,1849.3526020097172,,,,,,,,,,,,,,,,,,,,,,,1849.325550995878,,1849.325583212024,1849.3255903394895,1849.3526020097172,1850.33594597723,1850.352604860704,1851.3359516792025,1851.3359516792025,1851.70261817481,1851.569478252391,1851.569485950054,1851.70261817481,1851.70261817481,1851.70261817481,1851.70261817481,1851.70261817481,1851.70261817481,0.1270905570199829,1852.1710052977028,[-191.0],[-351.0],[1],[0],[0],[0.46671273860602014],1852.172194159013,1852.1753778554769,,,,,,,,,,,,,,ED19,1,2024-01-26_13h37.28.320,rating,2023.2.3,60.006774708499975,2024-01-26 13h37.41.406117 +0800,
neu_25.jpg,0.0,132.0,132.0,302.0,672.1446450778576,,,,,,,,,,,,,,,,,,,,,,,672.116015757972,,672.1160462635257,672.1160528207947,672.1446450778576,673.1279819179044,673.1446510649289,674.1279953175404,674.1279953175404,674.4113271968704,674.3615241715179,674.3615324393782,674.4113271968704,674.4113271968704,674.4113271968704,674.4113271968704,674.4113271968704,674.4113271968704,0.045330540507166,675.5119710066092,[267.0],[-243.0],[1],[0],[0],[1.1000402559275244],675.5126424138962,675.5158711559438,,,,,,,,,,,,,,ED19,1,2024-01-26_13h37.28.320,rating,2023.2.3,60.006774708499975,2024-01-26 13h37.41.406117 +0800,
neu_26.jpg,0.0,260.0,260.0,303.0,1308.7156181023952,,,,,,,,,,,,,,,,,,,,,,,1308.6877904798723,,1308.6878218407223,1308.687828968188,1308.7156181023952,1309.6990093962809,1309.7156218086775,1310.6989811715162,1310.6989811715162,1311.0323261938934,1310.9325202890443,1310.9325285569048,1311.0323261938934,1311.0323261938934,1311.0323261938934,1311.0323261938934,1311.0323261938934,1311.0323261938934,0.0945750576324826,1311.7001460845408,[277.0],[326.0],[1],[0],[0],[0.6666381568029465],1311.7010746507972,1311.704226701312,,,,,,,,,,,,,,ED19,1,2024-01-26_13h37.28.320,rating,2023.2.3,60.006774708499975,2024-01-26 13h37.41.406117 +0800,
neu_27.jpg,0.0,297.0,297.0,304.0,1487.6334923043328,,,,,,,,,,,,,,,,,,,,,,,1487.6057690279108,,1487.6058006738594,1487.6058075162264,1487.6334923043328,1488.6168311400695,1488.6334954404178,1489.6168385526344,1489.6168385526344,1489.950180153828,1489.8503904996014,1489.8503984823633,1489.950180153828,1489.950180153828,1489.950180153828,1489.950180153828,1489.950180153828,1489.950180153828,0.094433363610733,1493.8515631102896,[301.0],[283.0],[1],[0],[0],[3.9000857576697854],1493.852571789262,1493.8557226993826,,,,,,,,,,,,,,ED19,1,2024-01-26_13h37.28.320,rating,2023.2.3,60.006774708499975,2024-01-26 13h37.41.406117 +0800,
neu_28.jpg,0.0,381.0,381.0,305.0,1883.752838869664,,,,,,,,,,,,,,,,,,,,,,,1883.72572199804,,1883.7257525035936,1883.7257593459613,1883.752838869664,1884.7361725736253,1884.7528562606808,1885.7361731438227,1885.7361731438227,1886.1028938081708,1885.9697507496671,1885.9697593026265,1886.1028938081708,1886.1028938081708,1886.1028938081708,1886.1028938081708,1886.1028938081708,1886.1028938081708,0.127198039205723,1888.087941810228,[355.0],[-286.0],[1],[0],[0],[1.9833285721861103],1888.0891064381544,1888.0922490804144,,,,,,,,,,,,,,ED19,1,2024-01-26_13h37.28.320,rating,2023.2.3,60.006774708499975,2024-01-26 13h37.41.406117 +0800,
neu_29.jpg,0.0,321.0,321.0,306.0,1613.7510185148758,,,,,,,,,,,,,,,,,,,,,,,1613.72341925636,,1613.723450047013,1613.72345688938,1613.7510185148758,1614.7343482274564,1614.7510165191852,1615.734349938048,1615.734349938048,1616.0843592607737,1615.9679326756675,1615.9679403733312,1616.0843592607737,1616.0843592607737,1616.0843592607737,1616.0843592607737,1616.0843592607737,1616.0843592607737,0.1109648079946055,1617.5858004343763,[401.0],[-328.0],[1],[0],[0],[1.5000555942337996],1617.5868091133489,1617.5898357204642,,,,,,,,,,,,,,ED19,1,2024-01-26_13h37.28.320,rating,2023.2.3,60.006774708499975,2024-01-26 13h37.41.406117 +0800,
neu_3.jpg,0.0,169.0,169.0,307.0,832.1790610447497,,,,,,,,,,,,,,,,,,,,,,,832.1505591639539,,832.1505902397053,832.150597367171,832.1790610447497,833.1623998804866,833.1790656063281,834.1623967444016,834.1623967444016,834.4624068939133,834.3959572443277,834.3959649419912,834.4624068939133,834.4624068939133,834.4624068939133,834.4624068939133,834.4624068939133,834.4624068939133,0.0618691123568169,836.4631886343718,[306.0],[317.0],[1],[0],[0],[2.000011689043731],836.4639532689125,836.4670443083196,,,,,,,,,,,,,,ED19,1,2024-01-26_13h37.28.320,rating,2023.2.3,60.006774708499975,2024-01-26 13h37.41.406117 +0800,
neu_30.jpg,0.0,254.0,254.0,308.0,1274.4987196220277,,,,,,,,,,,,,,,,,,,,,,,1274.4707725431767,,1274.470800482843,1274.4708067550132,1274.4987196220277,1275.4820578875674,1275.498765522908,1276.4820573173702,1276.4820573173702,1276.7986613478663,1276.7155924435178,1276.715600711378,1276.7986613478663,1276.7986613478663,1276.7986613478663,1276.7986613478663,1276.7986613478663,1276.7986613478663,0.0779158890600228,1278.46653227117,[1.0],[-290.0],[1],[0],[0],[1.6667390817201522],1278.4674095196715,1278.470545034466,,,,,,,,,,,,,,ED19,1,2024-01-26_13h37.28.320,rating,2023.2.3,60.006774708499975,2024-01-26 13h37.41.406117 +0800,
neu_31.jpg,0.0,93.0,93.0,309.0,503.993556200639,,,,,,,,,,,,,,,,,,,,,,,503.9646209699172,,503.9646491946819,503.9646551817532,503.993556200639,504.9768434335229,504.993537384129,505.9768459994106,505.9768459994106,506.2601878571932,506.210425030748,506.210432728411,506.2601878571932,506.2601878571932,506.2601878571932,506.2601878571932,506.2601878571932,506.2601878571932,0.0456122179589328,507.8107994222764,[-1.0],[-7.0],[1],[0],[0],[1.5501200550352223],507.811368194054,507.81456101367394,,,,,,,,,,,,,,ED19,1,2024-01-26_13h37.28.320,rating,2023.2.3,60.006774708499975,2024-01-26 13h37.41.406117 +0800,
neu_32.jpg,0.0,366.0,366.0,310.0,1824.8024354836043,,,,,,,,,,,,,,,,,,,,,,,1824.7752690048176,,1824.775300365668,1824.775307208035,1824.8024354836043,1825.7857743193413,1825.8024585765936,1826.7857820170047,1826.7857820170047,1827.135796756604,1827.0193145772648,1827.019322560026,1827.135796756604,1827.135796756604,1827.135796756604,1827.135796756604,1827.135796756604,1827.135796756604,0.1106175578561305,1827.8374635572677,[-126.0],[-315.0],[1],[0],[0],[0.6995984100617534],1827.838610509078,1827.84173804111,,,,,,,,,,,,,,ED19,1,2024-01-26_13h37.28.320,rating,2023.2.3,60.006774708499975,2024-01-26 13h37.41.406117 +0800,
neu_33.jpg,0.0,55.0,55.0,311.0,320.8255983222516,,,,,,,,,,,,,,,,,,,,,,,320.7964937429406,,320.796525959086,320.7965328014534,320.8255983222516,321.8089719400223,321.82560830070406,322.8089688039372,322.8089688039372,323.07564807196377,323.0424788414048,323.04248682416664,323.07564807196377,323.07564807196377,323.07564807196377,323.07564807196377,323.07564807196377,323.07564807196377,0.0291742859276382,327.2427019025772,[-54.0],[34.0],[1],[0],[0],[4.166673509033899],327.24318999144134,327.2461917949754,,,,,,,,,,,,,,ED19,1,2024-01-26_13h37.28.320,rating,2023.2.3,60.006774708499975,2024-01-26 13h37.41.406117 +0800,
neu_34.jpg,0.0,270.0,270.0,312.0,1360.0326554828175,,,,,,,,,,,,,,,,,,,,,,,1360.0167110565244,1360.0326554828175,1361.0161633820453,1361.0161710797088,1361.0493006815568,1362.0159749318473,1362.0493089494175,1363.015980063623,1363.015980063623,1363.3493213797178,1363.2495086325016,1363.2495166152637,1363.3493213797178,1363.3493213797178,1363.3493213797178,1363.3493213797178,1363.3493213797178,1363.3493213797178,0.0828329852279239,1364.0504906832616,[-267.0],[205.0],[1],[0],[0],[0.7000249176207944],1364.0514032839942,1364.0545621768763,,,,,,1361.0493006815568,,,,,,,,ED19,1,2024-01-26_13h37.28.320,rating,2023.2.3,60.006774708499975,2024-01-26 13h37.41.406117 +0800,
neu_35.jpg,0.0,329.0,329.0,313.0,1641.7678652783509,,,,,,,,,,,,,,,,,,,,,,,1641.740583619715,,1641.7406112742829,1641.7406175464523,1641.7678652783509,1642.751202118397,1642.7678726909148,1643.75120981606,1643.75120981606,1644.1012114411224,1643.984759767337,1643.9847677500989,1644.1012114411224,1644.1012114411224,1644.1012114411224,1644.1012114411224,1644.1012114411224,1644.1012114411224,0.1106603226517108,1644.452773411017,[-79.0],[-46.0],[1],[0],[0],[0.3500774612994064],1644.4538972698388,1647.534992721432,space,1644.4678274742714,1644.4678274742714,3.0537924105601637,,,,,,,,,,ED19,1,2024-01-26_13h37.28.320,rating,2023.2.3,60.006774708499975,2024-01-26 13h37.41.406117 +0800,
neu_36.jpg,0.0,298.0,298.0,314.0,1493.8835394881569,,,,,,,,,,,,,,,,,,,,,,,1493.8559587610523,,1493.8559918324945,1493.8559998152564,1493.8835394881569,1494.8668740474145,1494.8835668576255,1495.8668786089925,1495.8668786089925,1496.2002170741011,1496.100472465459,1496.1004798780236,1496.2002170741011,1496.2002170741011,1496.2002170741011,1496.2002170741011,1496.2002170741011,1496.2002170741011,0.094279125248704,1498.4016714762806,[-2.0],[-156.0],[1],[0],[0],[2.2001429484562323],1498.4026294076962,1498.4057509526574,,,,,,,,,,,,,,ED19,1,2024-01-26_13h37.28.320,rating,2023.2.3,60.006774708499975,2024-01-26 13h37.41.406117 +0800,
neu_37.jpg,0.0,349.0,349.0,315.0,1734.7851607870775,,,,,,,,,,,,,,,,,,,,,,,1734.7579697898082,,1734.7580014357568,1734.7580082781242,1734.7851607870775,1735.7685030439984,1735.7851659188532,1736.7685287028753,1736.7685287028753,1737.118512936921,1737.0020410211323,1737.002048718795,1737.118512936921,1737.118512936921,1737.118512936921,1737.118512936921,1737.118512936921,1737.118512936921,0.1105676655952265,1739.570181590725,[12.0],[-249.0],[1],[0],[0],[2.450146512188894],1739.571248714918,1739.5743947783617,,,,,,,,,,,,,,ED19,1,2024-01-26_13h37.28.320,rating,2023.2.3,60.006774708499975,2024-01-26 13h37.41.406117 +0800,
neu_38.jpg,0.0,135.0,135.0,316.0,686.5947459742647,,,,,,,,,,,,,,,,,,,,,,,686.566000049037,,686.5660296992951,686.5660365416625,686.5947459742647,687.5781076178928,687.5947468295608,688.578132421474,688.578132421474,688.8614252422913,688.811638182462,688.8116458801251,688.8614252422913,688.8614252422913,688.8614252422913,688.8614252422913,688.8614252422913,688.8614252422913,0.0454499968354866,690.5121238194779,[353.0],[175.0],[1],[0],[0],[1.6500248891111369],690.5127997883428,690.5159566855345,,,,,,,,,,,,,,ED19,1,2024-01-26_13h37.28.320,rating,2023.2.3,60.006774708499975,2024-01-26 13h37.41.406117 +0800,
neu_39.jpg,0.0,198.0,198.0,317.0,969.2633219464938,,,,,,,,,,,,,,,,,,,,,,,969.2349318243632,,969.2349591938324,969.2349654660024,969.2633219464938,970.2466582163432,970.2633259378748,971.2466853007136,971.2466853007136,971.546595950801,971.4801990444636,971.4802070272252,971.546595950801,971.546595950801,971.546595950801,971.546595950801,971.546595950801,971.546595950801,0.0616872194273128,972.6141971137754,[280.0],[274.0],[1],[0],[0],[1.0667937636385432],972.6149574718364,972.6180835783756,,,,,,,,,,,,,,ED19,1,2024-01-26_13h37.28.320,rating,2023.2.3,60.006774708499975,2024-01-26 13h37.41.406117 +0800,
neu_4.jpg,0.0,9.0,9.0,318.0,70.25723280983539,,,,,,,,,,,,,,,,,,,,,,,70.22807320648735,,70.22810542263323,70.22811226500062,70.25723280983539,71.24057392636132,71.25723309493378,72.24059901504143,72.24059901504143,72.49064135218896,72.47415181730457,72.47416094046048,72.49064135218896,72.49064135218896,72.49064135218896,72.49064135218896,72.49064135218896,72.49064135218896,0.0125841112248963,75.75773116225037,[348.0],[143.0],[1],[0],[0],[3.2667753462665132],75.7581434148774,75.76129147401161,,,,,,,,,,,,,,ED19,1,2024-01-26_13h37.28.320,rating,2023.2.3,60.006774708499975,2024-01-26 13h37.41.406117 +0800,
neu_40.jpg,0.0,209.0,209.0,319.0,1019.3970169559566,,,,,,,,,,,,,,,,,,,,,,,1019.3687565537052,,1019.3687870592588,1019.3687939016264,1019.3970169559566,1020.3803423920576,1020.3970192367456,1021.3803366900848,1021.3803366900848,1021.6970450666818,1021.613870675838,1021.6138789436982,1021.6970450666818,1021.6970450666818,1021.6970450666818,1021.6970450666818,1021.6970450666818,1021.6970450666818,0.0783093251770878,1022.8812544225924,[331.0],[313.0],[1],[0],[0],[1.183324409746092],1022.8820492775884,1027.3807643380385,space,1022.897041474439,1022.897041474439,4.4768474249035535,,,,,,,,,,ED19,1,2024-01-26_13h37.28.320,rating,2023.2.3,60.006774708499975,2024-01-26 13h37.41.406117 +0800,
neu_41.jpg,0.0,360.0,360.0,320.0,1796.7689341131354,,,,,,,,,,,,,,,,,,,,,,,1796.7531561844453,1796.7689341131354,1797.75244685904,1797.7524542716046,1797.7855887201297,1798.7522763700558,1798.7855895754255,1799.752285778311,1799.752285778311,1800.102321045012,1799.985799236962,1799.9858075048228,1800.102321045012,1800.102321045012,1800.102321045012,1800.102321045012,1800.102321045012,1800.102321045012,0.0993815355295737,1801.9705957820229,[304.0],[-306.0],[1],[0],[0],[1.8666807505392171],1801.971689705488,1801.9748622831044,,,,,,1797.7855887201297,,,,,,,,ED19,1,2024-01-26_13h37.28.320,rating,2023.2.3,60.006774708499975,2024-01-26 13h37.41.406117 +0800,
neu_42.jpg,0.0,308.0,308.0,321.0,1558.6506318641063,,,,,,,,,,,,,,,,,,,,,,,1558.623061400553,,1558.6230921912056,1558.6230996037702,1558.6506318641063,1559.6339772571118,1559.6506378511776,1560.63401317954,1560.63401317954,1560.9673328281388,1560.8675525821668,1560.867560564929,1560.9673328281388,1560.9673328281388,1560.9673328281388,1560.9673328281388,1560.9673328281388,1560.9673328281388,0.0942956609701468,1565.1687222278292,[299.0],[357.0],[1],[0],[0],[4.200059699654503],1565.169702682037,1565.172863285511,,,,,,,,,,,,,,ED19,1,2024-01-26_13h37.28.320,rating,2023.2.3,60.006774708499975,2024-01-26 13h37.41.406117 +0800,
neu_43.jpg,0.0,106.0,106.0,322.0,550.8938477995234,,,,,,,,,,,,,,,,,,,,,,,550.8649510571172,,550.8649789967835,550.8649849838548,550.8938477995234,551.8771595508902,551.8938258469284,552.8771672485532,552.8771672485532,553.1605324844236,553.1107251825915,553.1107331653534,553.1605324844236,553.1605324844236,553.1605324844236,553.1605324844236,553.1605324844236,553.1605324844236,0.045602809704178,555.8110363392425,[158.0],[168.0],[1],[0],[0],[2.6500012259239156],555.8116290593057,555.8146379903055,,,,,,,,,,,,,,ED19,1,2024-01-26_13h37.28.320,rating,2023.2.3,60.006774708499975,2024-01-26 13h37.41.406117 +0800,
neu_44.jpg,0.0,82.0,82.0,323.0,449.4431342261482,,,,,,,,,,,,,,,,,,,,,,,449.41418787658,,449.414215246049,449.4142215182187,449.4431342261482,450.4264759128719,450.44313679203606,451.4264790489565,451.4264790489565,451.6930722171951,451.6600372680937,451.6600455359544,451.6930722171951,451.6930722171951,451.6930722171951,451.6930722171951,451.6930722171951,451.6930722171951,0.0289068634074283,452.5936415021506,[302.0],[290.0],[1],[0],[0],[0.9001111314482841],452.5942071378436,452.5973378059607,,,,,,,,,,,,,,ED19,1,2024-01-26_13h37.28.320,rating,2023.2.3,60.006774708499975,2024-01-26 13h37.41.406117 +0800,
neu_45.jpg,0.0,312.0,312.0,324.0,1575.2507510923556,,,,,,,,,,,,,,,,,,,,,,,1575.223270719971,,1575.2233017957224,1575.2233086380895,1575.2507510923556,1576.2340896429937,1576.250754513539,1577.234134118381,1577.234134118381,1577.5841177822294,1577.467624198944,1577.4676318966076,1577.5841177822294,1577.5841177822294,1577.5841177822294,1577.5841177822294,1577.5841177822294,1577.5841177822294,0.1108712956420276,1580.3854764482871,[-174.0],[-337.0],[1],[0],[0],[2.8000261150350525],1580.3864651703552,1580.389585289823,,,,,,,,,,,,,,ED19,1,2024-01-26_13h37.28.320,rating,2023.2.3,60.006774708499975,2024-01-26 13h37.41.406117 +0800,
neu_46.jpg,0.0,186.0,186.0,325.0,905.6628911054358,,,,,,,,,,,,,,,,,,,,,,,905.6346706169934,,905.634701407646,905.6347082500132,905.6628911054358,906.6462561702474,906.6628959521126,907.6462621573188,907.6462621573188,907.946266889956,907.8797673481096,907.8797750457728,907.946266889956,907.946266889956,907.946266889956,907.946266889956,907.946266889956,907.946266889956,0.0616196510509325,910.280393937891,[76.0],[-339.0],[1],[0],[0],[2.333356711421402],910.2811297774692,910.2841495422172,,,,,,,,,,,,,,ED19,1,2024-01-26_13h37.28.320,rating,2023.2.3,60.006774708499975,2024-01-26 13h37.41.406117 +0800,
neu_47.jpg,0.0,368.0,368.0,326.0,1831.0691469677768,,,,,,,,,,,,,,,,,,,,,,,1831.0419901823436,,1831.0420215431936,1831.0420283855608,1831.0691469677768,1832.052502624333,1832.069149533664,1833.0524886545,1833.0524886545,1833.4191565756005,1833.28605884778,1833.2860668305416,1833.4191565756005,1833.4191565756005,1833.4191565756005,1833.4191565756005,1833.4191565756005,1833.4191565756005,0.127191767036038,1835.8709010656416,[338.0],[29.0],[1],[0],[0],[2.450054425329654],1835.8720437409731,1835.8752337096064,,,,,,,,,,,,,,ED19,1,2024-01-26_13h37.28.320,rating,2023.2.3,60.006774708499975,2024-01-26 13h37.41.406117 +0800,
neu_48.jpg,0.0,149.0,149.0,327.0,738.4950977289614,,,,,,,,,,,,,,,,,,,,,,,738.4664809534156,,738.4665117440682,738.4665185864355,738.4950977289614,739.4784337137121,739.4950994395531,740.478441696474,740.478441696474,740.7784461440124,740.7119896520599,740.7119973497233,740.7784461440124,740.7784461440124,740.7784461440124,740.7784461440124,740.7784461440124,740.7784461440124,0.0619857176989171,742.745719671635,[301.0],[166.0],[1],[0],[0],[1.9666406086512325],742.7464116060237,751.1288976547216,space,742.7617869754399,742.7617869754399,8.35463362259452,,,,,,,,,,ED19,1,2024-01-26_13h37.28.320,rating,2023.2.3,60.006774708499975,2024-01-26 13h37.41.406117 +0800,
neu_49.jpg,0.0,142.0,142.0,328.0,714.1449284659016,,,,,,,,,,,,,,,,,,,,,,,714.1163615826167,,714.1163932285654,714.11640064113,714.1449284659016,715.1282983773899,715.1449304615921,716.1283166237026,716.1283166237026,716.4115393102552,716.3618144019288,716.3618223846906,716.4115393102552,716.4115393102552,716.4115393102552,716.4115393102552,716.4115393102552,716.4115393102552,0.0452011057263916,716.8122608378821,[277.0],[321.0],[1],[0],[0],[0.40010999105379597],716.8128820678089,716.816056926215,,,,,,,,,,,,,,ED19,1,2024-01-26_13h37.28.320,rating,2023.2.3,60.006774708499975,2024-01-26 13h37.41.406117 +0800,
neu_5.jpg,0.0,223.0,223.0,329.0,1096.4808467885637,,,,,,,,,,,,,,,,,,,,,,,1096.4527340674051,,1096.4527651431567,1096.452771985524,1096.4808467885637,1097.4641941772595,1097.4808519203389,1098.4642263934056,1098.4642263934056,1098.7809065452377,1098.6977367159716,1098.697744413635,1098.7809065452377,1098.7809065452377,1098.7809065452377,1098.7809065452377,1098.7809065452377,1098.7809065452377,0.0782138171343831,1099.2818385326773,[306.0],[-299.0],[1],[0],[0],[0.49996892424906036],1099.2826581912543,1099.285797982528,,,,,,,,,,,,,,ED19,1,2024-01-26_13h37.28.320,rating,2023.2.3,60.006774708499975,2024-01-26 13h37.41.406117 +0800,
neu_50.jpg,0.0,320.0,320.0,330.0,1610.8843235094046,,,,,,,,,,,,,,,,,,,,,,,1610.85675333095,,1610.856782125912,1610.8567883980822,1610.8843235094046,1611.8676663365227,1611.8843320623637,1612.867669187509,1612.867669187509,1613.2176659658944,1613.1012254109555,1613.1012333937174,1613.2176659658944,1613.2176659658944,1613.2176659658944,1613.2176659658944,1613.2176659658944,1613.2176659658944,0.110941144807839,1613.7190615237157,[78.0],[-316.0],[1],[0],[0],[0.5000151102276504],1613.7200676368006,1613.7231937433394,,,,,,,,,,,,,,ED19,1,2024-01-26_13h37.28.320,rating,2023.2.3,60.006774708499975,2024-01-26 13h37.41.406117 +0800,
neu_51.jpg,0.0,120.0,120.0,331.0,615.3942517842897,,,,,,,,,,,,,,,,,,,,,,,615.3784097084072,615.3942517842897,616.3778620339281,616.3778691613938,616.4109346160494,617.377605445156,617.4109568537428,618.377637376203,618.377637376203,618.6609490135302,618.6111405713036,618.6111488391639,618.6609490135302,618.6609490135302,618.6609490135302,618.6609490135302,618.6609490135302,618.6609490135302,0.0327414400558154,620.4615732655029,[322.0],[297.0],[1],[0],[0],[1.8000771476904447],620.462220154307,620.46535794989,,,,,,616.4109346160494,,,,,,,,ED19,1,2024-01-26_13h37.28.320,rating,2023.2.3,60.006774708499975,2024-01-26 13h37.41.406117 +0800,
neu_52.jpg,0.0,333.0,333.0,332.0,1663.3180146985455,,,,,,,,,,,,,,,,,,,,,,,1663.2906825774517,,1663.2907139383017,1663.2907207806688,1663.3180146985455,1664.301352393888,1664.3180132730522,1665.3013606617485,1665.3013606617485,1665.651374546052,1665.5349445397624,1665.5349525225242,1665.651374546052,1665.651374546052,1665.651374546052,1665.651374546052,1665.651374546052,1665.651374546052,0.1107193380694298,1666.3528648706592,[294.0],[-331.0],[1],[0],[0],[0.6999559237506219],1666.3539944314534,1666.3571279505572,,,,,,,,,,,,,,ED19,1,2024-01-26_13h37.28.320,rating,2023.2.3,60.006774708499975,2024-01-26 13h37.41.406117 +0800,
neu_53.jpg,0.0,250.0,250.0,333.0,1250.8319166782137,,,,,,,,,,,,,,,,,,,,,,,1250.803907162761,,1250.803937953414,1250.8039447957813,1250.8319166782137,1251.8152307103692,1251.8318964362102,1252.8152361272432,1252.8152361272432,1253.1319071559187,1253.0487903549993,1253.0487986228595,1253.1319071559187,1253.1319071559187,1253.1319071559187,1253.1319071559187,1253.1319071559187,1253.1319071559187,0.0780242265414017,1256.3831546049987,[-1.0],[-220.0],[1],[0],[0],[3.2501475385438425],1256.3840891583263,1256.3871368627406,,,,,,,,,,,,,,ED19,1,2024-01-26_13h37.28.320,rating,2023.2.3,60.006774708499975,2024-01-26 13h37.41.406117 +0800,
neu_54.jpg,0.0,301.0,301.0,334.0,1527.9170978783532,,,,,,,,,,,,,,,,,,,,,,,1527.8894946284568,,1527.8895268446026,1527.88953368697,1527.9170978783532,1528.9004352885968,1528.91712154154,1529.900471211025,1529.900471211025,1530.2337834470595,1530.13397554652,1530.1339829590845,1530.2337834470595,1530.2337834470595,1530.2337834470595,1530.2337834470595,1530.2337834470595,1530.2337834470595,0.0943141923812618,1530.7352320332266,[225.0],[308.0],[1],[0],[0],[0.5001439748111807],1530.7362829067974,1530.7393511383134,,,,,,,,,,,,,,ED19,1,2024-01-26_13h37.28.320,rating,2023.2.3,60.006774708499975,2024-01-26 13h37.41.406117 +0800,
neu_55.jpg,0.0,185.0,185.0,335.0,901.9462010321712,,,,,,,,,,,,,,,,,,,,,,,901.9178471175674,,901.91787790822,901.9178847505872,901.9462010321712,902.9295344510342,902.9462118659194,903.9295412934016,903.9295412934016,904.2295383283754,904.1630735685626,904.1630815513244,904.2295383283754,904.2295383283754,904.2295383283754,904.2295383283754,904.2295383283754,904.2295383283754,0.0617125932058115,905.6304001245312,[357.0],[250.0],[1],[0],[0],[1.40004926504389],905.6312839303014,905.6344413976904,,,,,,,,,,,,,,ED19,1,2024-01-26_13h37.28.320,rating,2023.2.3,60.006774708499975,2024-01-26 13h37.41.406117 +0800,
neu_56.jpg,0.0,310.0,310.0,336.0,1568.2507328460429,,,,,,,,,,,,,,,,,,,,,,,1568.2231404298946,,1568.223171220547,1568.223178348013,1568.2507328460429,1569.2340816602325,1569.2507471009749,1570.2340497291848,1570.2340497291848,1570.567312072958,1570.467659551175,1570.467667248838,1570.567312072958,1570.567312072958,1570.567312072958,1570.567312072958,1570.567312072958,1570.567312072958,0.0942072803927658,1571.468786260983,[336.0],[266.0],[1],[0],[0],[0.9001131271384111],1571.4698402706383,1571.473101799029,,,,,,,,,,,,,,ED19,1,2024-01-26_13h37.28.320,rating,2023.2.3,60.006774708499975,2024-01-26 13h37.41.406117 +0800,
neu_57.jpg,0.0,382.0,382.0,337.0,1888.1195313092471,,,,,,,,,,,,,,,,,,,,,,,1888.092477444421,,1888.092507949976,1888.0925150774412,1888.1195313092471,1889.1028687194912,1889.1195358708253,1890.1028926677764,1890.1028926677764,1890.469548329636,1890.3364098327104,1890.336417815472,1890.469548329636,1890.469548329636,1890.469548329636,1890.469548329636,1890.469548329636,1890.469548329636,0.1270976844862161,1893.5047343479423,[-2.0],[-145.0],[1],[0],[0],[3.0334300958102176],1893.5058995460663,1893.508918740617,,,,,,,,,,,,,,ED19,1,2024-01-26_13h37.28.320,rating,2023.2.3,60.006774708499975,2024-01-26 13h37.41.406117 +0800,
neu_58.jpg,0.0,238.0,238.0,338.0,1176.5647219518537,,,,,,,,,,,,,,,,,,,,,,,1176.5367386654762,,1176.5367694561287,1176.536776298496,1176.5647219518537,1177.5481101096548,1177.5647250879388,1178.5480670597608,1178.5480670597608,1178.8647363778446,1178.7816187216297,1178.7816264192925,1178.8647363778446,1178.8647363778446,1178.8647363778446,1178.8647363778446,1178.8647363778446,1178.8647363778446,0.0780210904567866,1179.4492322008646,[309.0],[277.0],[1],[0],[0],[0.583470038129235],1179.45004387668,1179.4531956420965,,,,,,,,,,,,,,ED19,1,2024-01-26_13h37.28.320,rating,2023.2.3,60.006774708499975,2024-01-26 13h37.41.406117 +0800,
neu_59.jpg,0.0,90.0,90.0,339.0,493.49343189763385,,,,,,,,,,,,,,,,,,,,,,,493.47751455571097,493.49343189763385,494.4769856977418,494.47699311030647,494.51014238396056,495.4767849883024,495.51013725218536,496.4768163491526,496.4768163491526,496.76012770138095,496.71034149684783,496.71034919451085,496.76012770138095,496.76012770138095,496.76012770138095,496.76012770138095,496.76012770138095,496.76012770138095,0.0328206974763816,498.2607363869679,[250.0],[270.0],[1],[0],[0],[1.5001245881039722],498.2613242603543,498.2644609155432,,,,,,494.51014238396056,,,,,,,,ED19,1,2024-01-26_13h37.28.320,rating,2023.2.3,60.006774708499975,2024-01-26 13h37.41.406117 +0800,
neu_6.jpg,0.0,105.0,105.0,340.0,546.3937936307825,,,,,,,,,,,,,,,,,,,,,,,546.364981277573,,546.3650114980283,546.3650183403952,546.3937936307825,547.3771299006316,547.3937930605853,548.3771330367167,548.3771330367167,548.6604686223295,548.6106664522727,548.6106741499357,548.6604686223295,548.6604686223295,548.6604686223295,548.6604686223295,548.6604686223295,548.6604686223295,0.0455055910692863,550.8610346571604,[337.0],[319.0],[1],[0],[0],[2.200055993371734],550.8616456235363,550.864740939423,,,,,,,,,,,,,,ED19,1,2024-01-26_13h37.28.320,rating,2023.2.3,60.006774708499975,2024-01-26 13h37.41.406117 +0800,
neu_60.jpg,0.0,143.0,143.0,341.0,716.8449776169064,,,,,,,,,,,,,,,,,,,,,,,716.816286145518,,716.8163169361706,716.8163237785379,716.8449776169064,717.8282979212318,717.8449468262538,718.8282893682731,718.8282893682731,719.1282983773899,719.0618301963932,719.0618378940562,719.1282983773899,719.1282983773899,719.1282983773899,719.1282983773899,719.1282983773899,719.1282983773899,0.0620310483818684,719.7290334186919,[296.0],[328.0],[1],[0],[0],[0.6001135262763455],719.7296845839755,719.7328805396805,,,,,,,,,,,,,,ED19,1,2024-01-26_13h37.28.320,rating,2023.2.3,60.006774708499975,2024-01-26 13h37.41.406117 +0800,
neu_61.jpg,0.0,36.0,36.0,342.0,220.24158631161615,,,,,,,,,,,,,,,,,,,,,,,220.2125353308484,,220.2125632705147,220.21256982778323,220.24158631161615,221.2249211559724,221.24160626852063,222.22492486225477,222.22492486225477,222.49161695971952,222.4584816558986,222.45848963866047,222.49161695971952,222.49161695971952,222.49161695971952,222.49161695971952,222.49161695971952,222.49161695971952,0.0291075728468968,224.858745885314,[31.0],[-265.0],[1],[0],[0],[2.3667910837116324],224.8592191490493,224.86231760102052,,,,,,,,,,,,,,ED19,1,2024-01-26_13h37.28.320,rating,2023.2.3,60.006774708499975,2024-01-26 13h37.41.406117 +0800,
neu_62.jpg,0.0,86.0,86.0,343.0,465.12657780712425,,,,,,,,,,,,,,,,,,,,,,,465.0975963904234,,465.0976268959776,465.0976337383445,465.12657780712425,466.1099442974287,466.12659861932434,467.10994971430273,467.10994971430273,467.3932485221912,467.3434500584167,467.34345775608017,467.3932485221912,467.3932485221912,467.3932485221912,467.3932485221912,467.3932485221912,467.3932485221912,0.0456698078837689,471.92703755718367,[354.0],[334.0],[1],[0],[0],[4.533343140726629],471.9275627088705,471.9307033554401,,,,,,,,,,,,,,ED19,1,2024-01-26_13h37.28.320,rating,2023.2.3,60.006774708499975,2024-01-26 13h37.41.406117 +0800,
neu_63.jpg,0.0,196.0,196.0,344.0,961.829937808584,,,,,,,,,,,,,,,,,,,,,,,961.8017013546178,,961.8017335707636,961.8017409833284,961.829937808584,962.813270087052,962.8299349575972,963.813289758858,963.813289758858,964.1132873640296,964.0468382846416,964.0468462674036,964.1132873640296,964.1132873640296,964.1132873640296,964.1132873640296,964.1132873640296,964.1132873640296,0.061603970626038,965.9141702004644,[-3.0],[-180.0],[1],[0],[0],[1.8000751520003178],965.9149744637152,965.918226013654,,,,,,,,,,,,,,ED19,1,2024-01-26_13h37.28.320,rating,2023.2.3,60.006774708499975,2024-01-26 13h37.41.406117 +0800,
neu_64.jpg,0.0,229.0,229.0,345.0,1124.5643701401375,,,,,,,,,,,,,,,,,,,,,,,1124.5361898506026,,1124.5362203561567,1124.5362274836225,1124.5643701401375,1125.5477349198504,1125.564375271913,1126.5477158182416,1126.5477158182416,1126.8644062336248,1126.781271471491,1126.7812794542529,1126.8644062336248,1126.8644062336248,1126.8644062336248,1126.8644062336248,1126.8644062336248,1126.8644062336248,0.0782417568007076,1131.7822134373832,[319.0],[56.0],[1],[0],[0],[4.916788831432314],1131.7831197659457,1131.7862361791308,,,,,,,,,,,,,,ED19,1,2024-01-26_13h37.28.320,rating,2023.2.3,60.006774708499975,2024-01-26 13h37.41.406117 +0800,
neu_65.jpg,0.0,130.0,130.0,346.0,663.6445874879332,,,,,,,,,,,,,,,,,,,,,,,663.615846124284,,663.6158774851338,663.6158846125995,663.6445874879332,664.6279263236702,664.6445857773415,665.6279303150513,665.6279303150513,665.9112869979626,665.8614819769195,665.8614893894842,665.9112869979626,665.9112869979626,665.9112869979626,665.9112869979626,665.9112869979626,665.9112869979626,0.0454588348934521,666.8620413404428,[205.0],[196.0],[1],[0],[0],[0.9501371039341393],666.8626759700055,666.8658077785171,,,,,,,,,,,,,,ED19,1,2024-01-26_13h37.28.320,rating,2023.2.3,60.006774708499975,2024-01-26 13h37.41.406117 +0800,
neu_66.jpg,0.0,226.0,226.0,347.0,1106.9809189185185,,,,,,,,,,,,,,,,,,,,,,,1106.9530770410638,,1106.9531081168152,1106.953115244281,1106.9809189185185,1107.964264311524,1107.980921769505,1108.9642640264256,1108.9642640264256,1109.280934770003,1109.1978228157595,1109.1978307985214,1109.280934770003,1109.280934770003,1109.280934770003,1109.280934770003,1109.280934770003,1109.280934770003,0.0778802517306758,1112.115287330958,[331.0],[105.0],[1],[0],[0],[2.833408884471737],1112.1161409162728,1112.1192721545876,,,,,,,,,,,,,,ED19,1,2024-01-26_13h37.28.320,rating,2023.2.3,60.006774708499975,2024-01-26 13h37.41.406117 +0800,
neu_67.jpg,0.0,225.0,225.0,348.0,1102.8975580731667,,,,,,,,,,,,,,,,,,,,,,,1102.8694519092774,,1102.8694832701271,1102.869490397593,1102.8975580731667,1103.8808957685092,1103.8975606390543,1104.8808989045942,1104.8808989045942,1105.1975625207056,1105.1144371668263,1105.11444486449,1105.1975625207056,1105.1975625207056,1105.1975625207056,1105.1975625207056,1105.1975625207056,1105.1975625207056,0.0781334193193288,1106.9485967160058,[293.0],[315.0],[1],[0],[0],[1.7500617238542873],1106.9494642711538,1106.9527055575418,,,,,,,,,,,,,,ED19,1,2024-01-26_13h37.28.320,rating,2023.2.3,60.006774708499975,2024-01-26 13h37.41.406117 +0800,
neu_68.jpg,0.0,139.0,139.0,349.0,704.6948845892216,,,,,,,,,,,,,,,,,,,,,,,704.6662076578637,,704.6662381634173,704.6662450057847,704.6948845892216,705.678197195884,705.6949250732278,706.6782083147309,706.6782083147309,706.9615835290538,706.9117785080107,706.9117862056737,706.9615835290538,706.9615835290538,706.9615835290538,706.9615835290538,706.9615835290538,706.9615835290538,0.0453963982922687,708.3121981161826,[186.0],[-308.0],[1],[0],[0],[1.3499691238175728],708.3128159249259,708.3159591373828,,,,,,,,,,,,,,ED19,1,2024-01-26_13h37.28.320,rating,2023.2.3,60.006774708499975,2024-01-26 13h37.41.406117 +0800,
neu_69.jpg,0.0,7.0,7.0,350.0,61.87384157296901,,,,,,,,,,,,,,,,,,,,,,,61.84466971038,,61.84470135632819,61.844708768892815,61.87384157296901,62.857208633471146,62.87384385375799,63.85721091426012,63.85721091426012,64.10721162700656,64.09071553485364,64.09072323251667,64.10721162700656,64.10721162700656,64.10721162700656,64.10721162700656,64.10721162700656,64.10721162700656,0.0125564566574212,65.424199115168,[66.0],[77.0],[1],[0],[0],[1.316714933865569],65.42457202418336,65.42769527973587,,,,,,,,,,,,,,ED19,1,2024-01-26_13h37.28.320,rating,2023.2.3,60.006774708499975,2024-01-26 13h37.41.406117 +0800,
neu_7.jpg,0.0,66.0,66.0,351.0,390.7094320322003,,,,,,,,,,,,,,,,,,,,,,,390.6804044295204,,390.6804346499762,390.6804414923431,390.7094320322003,391.69274378356704,391.7094080839147,392.6927674467538,392.6927674467538,392.9594187751136,392.9262831861943,392.9262911689557,392.9594187751136,392.9594187751136,392.9594187751136,392.9594187751136,392.9594187751136,392.9594187751136,0.0290331621031327,393.5265010585713,[288.0],[258.0],[1],[0],[0],[0.5666457974466539],393.5270082490442,393.5300265882988,,,,,,,,,,,,,,ED19,1,2024-01-26_13h37.28.320,rating,2023.2.3,60.006774708499975,2024-01-26 13h37.41.406117 +0800,
neu_70.jpg,0.0,122.0,122.0,352.0,628.6443568431373,,,,,,,,,,,,,,,,,,,,,,,628.6155419240395,,628.6155721444948,628.6155789868621,628.6443568431373,629.6277156357787,629.6443639706031,630.6277053722279,630.6277053722279,630.9110318346839,630.8612199712734,630.8612279540353,630.9110318346839,630.9110318346839,630.9110318346839,630.9110318346839,630.9110318346839,630.9110318346839,0.0455087271543561,631.8117710384263,[321.0],[-283.0],[1],[0],[0],[0.9001581727229677],631.812423059006,631.8155046901579,,,,,,,,,,,,,,ED19,1,2024-01-26_13h37.28.320,rating,2023.2.3,60.006774708499975,2024-01-26 13h37.41.406117 +0800,
neu_71.jpg,0.0,230.0,230.0,353.0,1131.81442188554,,,,,,,,,,,,,,,,,,,,,,,1131.78646625373,,1131.786498184777,1131.7865047420455,1131.81442188554,1132.7977601510795,1132.8144224557373,1133.797765282855,1133.797765282855,1134.1144565535335,1134.0313215063015,1134.0313289188662,1134.1144565535335,1134.1144565535335,1134.1144565535335,1134.1144565535335,1134.1144565535335,1134.1144565535335,0.0780113971027276,1139.9488282160985,[227.0],[-79.0],[1],[0],[0],[5.833368400465133],1139.949710596375,1139.9528974289235,,,,,,,,,,,,,,ED19,1,2024-01-26_13h37.28.320,rating,2023.2.3,60.006774708499975,2024-01-26 13h37.41.406117 +0800,
neu_72.jpg,0.0,22.0,22.0,354.0,145.60774077007454,,,,,,,,,,,,,,,,,,,,,,,145.57858686869895,,145.5786173742531,145.57862421662048,145.60774077007454,146.59112750238228,146.60774219556745,147.5910844524883,147.5910844524883,147.8411011307585,147.82470966980463,147.8247190780594,147.8411011307585,147.8411011307585,147.8411011307585,147.8411011307585,147.8411011307585,147.8411011307585,0.0125345040623869,152.50820599402778,[341.0],[-46.0],[1],[0],[0],[4.666791254770487],152.5086384886581,152.51175917832325,,,,,,,,,,,,,,ED19,1,2024-01-26_13h37.28.320,rating,2023.2.3,60.006774708499975,2024-01-26 13h37.41.406117 +0800,
neu_73.jpg,0.0,291.0,291.0,355.0,1453.733262856951,,,,,,,,,,,,,,,,,,,,,,,1453.705465169785,,1453.7054962455363,1453.7055030879033,1453.733262856951,1454.7166190837047,1454.733266563233,1455.7166347641296,1455.7166347641296,1456.0499581190106,1455.9501616224163,1455.95016932008,1456.0499581190106,1456.0499581190106,1456.0499581190106,1456.0499581190106,1456.0499581190106,1456.0499581190106,0.0945151869191249,1457.7512323388523,[-304.0],[-158.0],[1],[0],[0],[1.700042593735816],1457.7522085165806,1457.7553292062455,,,,,,,,,,,,,,ED19,1,2024-01-26_13h37.28.320,rating,2023.2.3,60.006774708499975,2024-01-26 13h37.41.406117 +0800,
neu_74.jpg,0.0,302.0,302.0,356.0,1530.7671528168603,,,,,,,,,,,,,,,,,,,,,,,1530.7395806427153,,1530.7396108631706,1530.7396177055375,1530.7671528168603,1531.7504725509884,1531.767159944326,1532.750461147043,1532.750461147043,1533.0838500746104,1532.9840427442682,1532.984051012129,1533.0838500746104,1533.0838500746104,1533.0838500746104,1533.0838500746104,1533.0838500746104,1533.0838500746104,0.0942970864630297,1534.9851845643038,[313.0],[-321.0],[1],[0],[0],[1.9000284528437987],1534.986225744521,1534.9893686718797,,,,,,,,,,,,,,ED19,1,2024-01-26_13h37.28.320,rating,2023.2.3,60.006774708499975,2024-01-26 13h37.41.406117 +0800,
neu_75.jpg,0.0,131.0,131.0,357.0,666.8946278293902,,,,,,,,,,,,,,,,,,,,,,,666.8660461209765,,666.8660769116291,666.8660837539965,666.8946278293902,667.8779566866751,667.8946144297543,668.8779897581167,668.8779897581167,669.1612948381753,669.111491527724,669.1114995104858,669.1612948381753,669.1612948381753,669.1612948381753,669.1612948381753,669.1612948381753,669.1612948381753,0.0452655380181568,672.1118995038714,[206.0],[-244.0],[1],[0],[0],[2.9500301919451886],672.1125660644816,672.1157891045568,,,,,,,,,,,,,,ED19,1,2024-01-26_13h37.28.320,rating,2023.2.3,60.006774708499975,2024-01-26 13h37.41.406117 +0800,
neu_76.jpg,0.0,69.0,69.0,358.0,400.5261424044879,,,,,,,,,,,,,,,,,,,,,,,400.4973642631144,,400.49739106238576,400.4973973345559,400.5261424044879,401.5095026226227,401.5261406938962,402.5094803849288,402.5094803849288,402.7761530956868,402.74316233687387,402.7431703196357,402.7761530956868,402.7761530956868,402.7761530956868,402.7761530956868,402.7761530956868,402.7761530956868,0.0288150616470375,403.2765830244289,[344.0],[335.0],[1],[0],[0],[0.5000111188469418],403.2770944913814,403.2802713454776,,,,,,,,,,,,,,ED19,1,2024-01-26_13h37.28.320,rating,2023.2.3,60.006774708499975,2024-01-26 13h37.41.406117 +0800,
neu_77.jpg,0.0,197.0,197.0,359.0,965.9466685939336,,,,,,,,,,,,,,,,,,,,,,,965.9184580839432,,965.918489729892,965.9184965722592,965.9466685939336,966.929969511552,966.946651773114,967.9300228249969,967.9300228249969,968.2299266327173,968.1637911618286,968.1638028508723,968.2299266327173,968.2299266327173,968.2299266327173,968.2299266327173,968.2299266327173,968.2299266327173,0.0615264237967494,969.2308494970008,[337.0],[233.0],[1],[0],[0],[0.9999746262215012],969.2316164123304,969.2347222768664,,,,,,,,,,,,,,ED19,1,2024-01-26_13h37.28.320,rating,2023.2.3,60.006774708499975,2024-01-26 13h37.41.406117 +0800,
neu_78.jpg,0.0,251.0,251.0,360.0,1256.4152638388305,,,,,,,,,,,,,,,,,,,,,,,1256.3873726393122,,1256.3874045703592,1256.3874114127266,1256.4152638388305,1257.398609231836,1257.4152666898167,1258.3986117977238,1258.3986117977238,1258.715282541301,1258.632140081504,1258.632148064266,1258.715282541301,1258.715282541301,1258.715282541301,1258.715282541301,1258.715282541301,1258.715282541301,0.0779312843865227,1266.2997632540932,[89.0],[-304.0],[1],[0],[0],[7.583398763470541],1266.3006171245063,1266.3037343929882,,,,,,,,,,,,,,ED19,1,2024-01-26_13h37.28.320,rating,2023.2.3,60.006774708499975,2024-01-26 13h37.41.406117 +0800,
neu_79.jpg,0.0,57.0,57.0,361.0,335.9257189759942,,,,,,,,,,,,,,,,,,,,,,,335.8965955801732,,335.8966229496418,335.8966289367136,335.9257189759942,336.90903699953105,336.9257032955693,337.9090446971941,337.9090446971941,338.1757236801218,338.14257412136885,338.1425821041307,338.1757236801218,338.1757236801218,338.1757236801218,338.1757236801218,338.1757236801218,338.1757236801218,0.0291537588259416,340.1095260577304,[360.0],[280.0],[1],[0],[0],[1.9333559131450784],340.1100366693868,340.11321979565264,,,,,,,,,,,,,,ED19,1,2024-01-26_13h37.28.320,rating,2023.2.3,60.006774708499975,2024-01-26 13h37.41.406117 +0800,
neu_8.jpg,0.0,252.0,252.0,362.0,1266.3319993568175,,,,,,,,,,,,,,,,,,,,,,,1266.3039656079814,,1266.3039963986344,1266.3040035261,1266.3319993568175,1267.3153353415682,1267.3320007823108,1268.315366702418,1268.315366702418,1268.6320137828084,1268.548905534848,1268.548913232511,1268.6320137828084,1268.6320137828084,1268.6320137828084,1268.6320137828084,1268.6320137828084,1268.6320137828084,0.0780738337043658,1269.7164103915034,[323.0],[336.0],[1],[0],[0],[1.083366262225809],1269.7172807976376,1269.7203179534026,,,,,,,,,,,,,,ED19,1,2024-01-26_13h37.28.320,rating,2023.2.3,60.006774708499975,2024-01-26 13h37.41.406117 +0800,
neu_80.jpg,0.0,237.0,237.0,363.0,1169.2313418623444,,,,,,,,,,,,,,,,,,,,,,,1169.20316984067,,1169.203198065435,1169.2032043376048,1169.2313418623444,1170.2147055016626,1170.2313469941196,1171.2146829788703,1171.2146829788703,1171.5313591393217,1171.4482417682048,1171.4482497509666,1171.5313591393217,1171.5313591393217,1171.5313591393217,1171.5313591393217,1171.5313591393217,1171.5313591393217,0.0782169532189982,1176.5325240523466,[309.0],[-309.0],[1],[0],[0],[5.000166497603459],1176.533360816842,1176.5365077355814,,,,,,,,,,,,,,ED19,1,2024-01-26_13h37.28.320,rating,2023.2.3,60.006774708499975,2024-01-26 13h37.41.406117 +0800,
neu_81.jpg,0.0,114.0,114.0,364.0,590.6441261983409,,,,,,,,,,,,,,,,,,,,,,,590.6154301653746,,590.6154609560272,590.6154677983945,590.6441261983409,591.6274331030309,591.6441222069602,592.6274388050033,592.6274388050033,592.9107755310106,592.8610323763714,592.8610400740345,592.9107755310106,592.9107755310106,592.9107755310106,592.9107755310106,592.9107755310106,592.9107755310106,0.0453975386867568,593.7114858827708,[371.0],[331.0],[1],[0],[0],[0.8001164913025605],593.712113955065,593.7153144723479,,,,,,,,,,,,,,ED19,1,2024-01-26_13h37.28.320,rating,2023.2.3,60.006774708499975,2024-01-26 13h37.41.406117 +0800,
neu_82.jpg,0.0,158.0,158.0,365.0,785.8787518267695,,,,,,,,,,,,,,,,,,,,,,,785.8502208659129,,785.8502516565659,785.8502584989328,785.8787518267695,786.8620861009285,786.8787512565723,787.8621177468772,787.8621177468772,788.1620979610316,788.0956200866817,788.0956277843447,788.1620979610316,788.1620979610316,788.1620979610316,788.1620979610316,788.1620979610316,788.1620979610316,0.0618999030093618,789.6294806814317,[66.0],[-273.0],[1],[0],[0],[1.4667127386064749],789.630162352269,789.6332864631177,,,,,,,,,,,,,,ED19,1,2024-01-26_13h37.28.320,rating,2023.2.3,60.006774708499975,2024-01-26 13h37.41.406117 +0800,
neu_83.jpg,0.0,176.0,176.0,366.0,864.9292832791361,,,,,,,,,,,,,,,,,,,,,,,864.9008948675973,,864.9009259433487,864.9009330708145,864.9292832791361,865.9126463482571,865.929288125813,866.912616697999,866.912616697999,867.212653076585,867.1462042822955,867.1462119799589,867.212653076585,867.212653076585,867.212653076585,867.212653076585,867.212653076585,867.212653076585,0.0617781658920648,867.5467661546868,[372.0],[-341.0],[1],[0],[0],[0.33336127299980944],867.5475270829452,867.5506432110319,,,,,,,,,,,,,,ED19,1,2024-01-26_13h37.28.320,rating,2023.2.3,60.006774708499975,2024-01-26 13h37.41.406117 +0800,
neu_84.jpg,0.0,42.0,42.0,367.0,253.2418098289468,,,,,,,,,,,,,,,,,,,,,,,253.21273005321652,,253.21275713758723,253.2127631246585,253.2418098289468,254.22517489375832,254.2418155309192,255.225197701649,255.225197701649,255.49183334958389,255.4586800845491,255.4586877822121,255.49183334958389,255.49183334958389,255.49183334958389,255.49183334958389,255.49183334958389,255.49183334958389,0.0291258191600718,261.25906998544315,[206.0],[47.0],[1],[0],[0],[5.766852607996498],261.2595224369775,261.26263485878235,,,,,,,,,,,,,,ED19,1,2024-01-26_13h37.28.320,rating,2023.2.3,60.006774708499975,2024-01-26 13h37.41.406117 +0800,
neu_85.jpg,0.0,378.0,378.0,368.0,1871.236085333443,,,,,,,,,,,,,,,,,,,,,,,1871.2091606182996,,1871.2091908387547,1871.209197681122,1871.236085333443,1872.2194224585885,1872.236089895021,1873.2194298711524,1873.2194298711524,1873.58612573192,1873.4529903710784,1873.4529983538405,1873.58612573192,1873.58612573192,1873.58612573192,1873.58612573192,1873.58612573192,1873.58612573192,0.1269930532866965,1874.0545345223088,[179.0],[369.0],[1],[0],[0],[0.46673041472149635],1874.055655530144,1874.0587702327373,,,,,,,,,,,,,,ED19,1,2024-01-26_13h37.28.320,rating,2023.2.3,60.006774708499975,2024-01-26 13h37.41.406117 +0800,
neu_86.jpg,0.0,246.0,246.0,369.0,1235.165116870484,,,,,,,,,,,,,,,,,,,,,,,1235.137091389508,,1235.1371224652594,1235.1371293076268,1235.165116870484,1236.1484511446424,1236.165143954854,1237.148461978391,1237.148461978391,1237.4651358580531,1237.3820133551608,1237.382021623021,1237.4651358580531,1237.4651358580531,1237.4651358580531,1237.4651358580531,1237.4651358580531,1237.4651358580531,0.0780698423232024,1238.3828578173193,[313.0],[312.0],[1],[0],[0],[0.9166648135255855],1238.3837116877326,1238.3868874014345,,,,,,,,,,,,,,ED19,1,2024-01-26_13h37.28.320,rating,2023.2.3,60.006774708499975,2024-01-26 13h37.41.406117 +0800,
neu_87.jpg,0.0,376.0,376.0,370.0,1862.969361875128,,,,,,,,,,,,,,,,,,,,,,,1862.9422546968576,,1862.942285202412,1862.9422920447787,1862.969361875128,1863.9526981449767,1863.969362730424,1864.9527021363583,1864.9527021363583,1865.3193743339384,1865.18625522372,1865.1862629213829,1865.3193743339384,1865.3193743339384,1865.3193743339384,1865.3193743339384,1865.3193743339384,1865.3193743339384,0.1271472916482707,1866.604421651759,[164.0],[-347.0],[1],[0],[0],[1.2833424279797327],1866.605538953312,1866.6086653449497,,,,,,,,,,,,,,ED19,1,2024-01-26_13h37.28.320,rating,2023.2.3,60.006774708499975,2024-01-26 13h37.41.406117 +0800,
neu_88.jpg,0.0,218.0,218.0,371.0,1071.6473449619366,,,,,,,,,,,,,,,,,,,,,,,1071.619109078168,,1071.619137017834,1071.619143575103,1071.6473449619366,1072.6307325495404,1072.6473515192051,1073.630690925139,1073.630690925139,1073.947363664407,1073.864223770498,1073.8642311830629,1073.947363664407,1073.947363664407,1073.947363664407,1073.947363664407,1073.947363664407,1073.947363664407,0.0782805302151246,1075.3649895454332,[378.0],[-306.0],[1],[0],[0],[1.4166653837228296],1075.3657975149663,1075.3689401572265,,,,,,,,,,,,,,ED19,1,2024-01-26_13h37.28.320,rating,2023.2.3,60.006774708499975,2024-01-26 13h37.41.406117 +0800,
neu_89.jpg,0.0,326.0,326.0,372.0,1631.2845107621883,,,,,,,,,,,,,,,,,,,,,,,1631.2569063718977,,1631.2569488515942,1631.2569551237643,1631.2845107621883,1632.2678042672424,1632.284467427196,1633.267811394708,1633.267811394708,1633.6178184366445,1633.501340248686,1633.5013479463491,1633.6178184366445,1633.6178184366445,1633.6178184366445,1633.6178184366445,1633.6178184366445,1633.6178184366445,0.1109251792845498,1634.3192936510245,[281.0],[355.0],[1],[0],[0],[0.7000197858455977],1634.320349086173,1634.3233688509213,,,,,,,,,,,,,,ED19,1,2024-01-26_13h37.28.320,rating,2023.2.3,60.006774708499975,2024-01-26 13h37.41.406117 +0800,
neu_9.jpg,0.0,189.0,189.0,373.0,922.0796699584156,,,,,,,,,,,,,,,,,,,,,,,922.051362799988,,922.0513941608378,922.0514010032052,922.0796699584156,923.0630062282648,923.079672809402,924.0630099345472,924.0630099345472,924.363037760174,924.2965650175992,924.2965863999972,924.363037760174,924.363037760174,924.363037760174,924.363037760174,924.363037760174,924.363037760174,0.0616952021891847,929.5638680814404,[-3.0],[-136.0],[1],[0],[0],[5.200031189790479],929.564586530002,929.5677231851904,,,,,,,,,,,,,,ED19,1,2024-01-26_13h37.28.320,rating,2023.2.3,60.006774708499975,2024-01-26 13h37.41.406117 +0800,
neu_90.jpg,0.0,353.0,353.0,374.0,1753.701955035384,,,,,,,,,,,,,,,,,,,,,,,1753.6749273996325,,1753.67495933068,1753.6749673134414,1753.701955035384,1754.6852947264165,1754.7019593118634,1755.6853004283894,1755.6853004283894,1756.035304619339,1755.9188332737476,1755.918840971411,1756.035304619339,1756.035304619339,1756.035304619339,1756.035304619339,1756.035304619339,1756.035304619339,0.110402023287861,1759.6535589717978,[-174.0],[7.0],[1],[0],[0],[3.61668659506131],1759.654609275171,1759.6577889802538,,,,,,,,,,,,,,ED19,1,2024-01-26_13h37.28.320,rating,2023.2.3,60.006774708499975,2024-01-26 13h37.41.406117 +0800,
neu_91.jpg,0.0,373.0,373.0,375.0,1852.2026466846737,,,,,,,,,,,,,,,,,,,,,,,1852.1756056492868,,1852.1756364399396,1852.1756432823065,1852.2026466846737,1853.185959861533,1853.2026258724727,1854.185964423112,1854.185964423112,1854.552639471678,1854.419513519092,1854.4195217869528,1854.552639471678,1854.552639471678,1854.552639471678,1854.552639471678,1854.552639471678,1854.552639471678,0.127062332254809,1855.137666433456,[249.0],[-336.0],[1],[0],[0],[0.5832852942130557],1855.1387731863592,1855.1419882436728,,,,,,,,,,,,,,ED19,1,2024-01-26_13h37.28.320,rating,2023.2.3,60.006774708499975,2024-01-26 13h37.41.406117 +0800,
neu_92.jpg,0.0,363.0,363.0,376.0,1810.585685254528,,,,,,,,,,,,,,,,,,,,,,,1810.558773083724,,1810.558804444574,1810.558811286941,1810.585685254528,1811.569012116122,1811.5856749909767,1812.5690235200675,1812.5690235200675,1812.9190234345376,1812.8025945686431,1812.802602551405,1812.9190234345376,1812.9190234345376,1812.9190234345376,1812.9190234345376,1812.9190234345376,1812.9190234345376,0.110276009691006,1814.9040819852444,[365.0],[-195.0],[1],[0],[0],[1.9834046935216065],1814.9052648594836,1814.9084117782231,,,,,,,,,,,,,,ED19,1,2024-01-26_13h37.28.320,rating,2023.2.3,60.006774708499975,2024-01-26 13h37.41.406117 +0800,
neu_93.jpg,0.0,296.0,296.0,377.0,1482.1834604017954,,,,,,,,,,,,,,,,,,,,,,,1482.1557456783326,,1482.155776468985,1482.1557835964509,1482.1834604017954,1483.1667995226308,1483.1834852053769,1484.166843998018,1484.166843998018,1484.5001445450084,1484.4003417762449,1484.4003494739077,1484.5001445450084,1484.5001445450084,1484.5001445450084,1484.5001445450084,1484.5001445450084,1484.5001445450084,0.0944222447642459,1487.6014409455242,[-2.0],[-14.0],[1],[0],[0],[3.100038830434187],1487.6024045789122,1487.6055400937062,,,,,,,,,,,,,,ED19,1,2024-01-26_13h37.28.320,rating,2023.2.3,60.006774708499975,2024-01-26 13h37.41.406117 +0800,
neu_94.jpg,0.0,160.0,160.0,378.0,792.7121333417722,,,,,,,,,,,,,,,,,,,,,,,792.6835251191856,,792.6835559098381,792.6835627522055,792.7121333417722,793.6954630543532,793.7121783873567,794.6954710371147,794.6954710371147,794.9954880289933,794.92900245698,794.9290107248407,794.9954880289933,794.9954880289933,794.9954880289933,794.9954880289933,794.9954880289933,794.9954880289933,0.0619845773039742,796.9295909005641,[132.0],[337.0],[1],[0],[0],[1.9333482154820558],796.9302546101876,796.9333867037981,,,,,,,,,,,,,,ED19,1,2024-01-26_13h37.28.320,rating,2023.2.3,60.006774708499975,2024-01-26 13h37.41.406117 +0800,
neu_95.jpg,0.0,202.0,202.0,379.0,989.7134584802308,,,,,,,,,,,,,,,,,,,,,,,989.685294441318,,989.6853246617734,989.6853315041408,989.7134584802308,990.6967967457704,990.7134664629924,991.69681983876,991.69681983876,992.0134999905918,991.9303395695812,991.9303484076386,992.0134999905918,992.0134999905918,992.0134999905918,992.0134999905918,992.0134999905918,992.0134999905918,0.0782286422631841,995.7810362651168,[328.0],[-298.0],[1],[0],[0],[3.7667074927912836],995.7818154396878,995.7849575117508,,,,,,,,,,,,,,ED19,1,2024-01-26_13h37.28.320,rating,2023.2.3,60.006774708499975,2024-01-26 13h37.41.406117 +0800,
neu_96.jpg,0.0,96.0,96.0,380.0,513.5435736201657,,,,,,,,,,,,,,,,,,,,,,,513.5146785883512,,513.5147099492015,513.5147167915684,513.5435736201657,514.5269352637933,514.5435947174647,515.5269252853409,515.5269252853409,515.8102488968111,515.7604492926421,515.7604572754035,515.8102488968111,515.8102488968111,515.8102488968111,515.8102488968111,515.8102488968111,515.8102488968111,0.0455888398710158,519.5108109402613,[-241.0],[-70.0],[1],[0],[0],[3.700064546331305],519.51138370342,519.5144775938134,,,,,,,,,,,,,,ED19,1,2024-01-26_13h37.28.320,rating,2023.2.3,60.006774708499975,2024-01-26 13h37.41.406117 +0800,
neu_97.jpg,0.0,193.0,193.0,381.0,945.9464972496536,,,,,,,,,,,,,,,,,,,,,,,945.9181624366583,,945.9181932273108,945.9181997845794,945.9464972496536,946.9298799905804,946.9465163512624,947.9298554720976,947.9298554720976,948.229856498453,948.1633891727524,948.1633968704156,948.229856498453,948.229856498453,948.229856498453,948.229856498453,948.229856498453,948.229856498453,0.061715444192032,948.8973870139852,[334.0],[285.0],[1],[0],[0],[0.6666923255438633],948.8981371084956,948.9012734785856,,,,,,,,,,,,,,ED19,1,2024-01-26_13h37.28.320,rating,2023.2.3,60.006774708499975,2024-01-26 13h37.41.406117 +0800,
neu_98.jpg,0.0,110.0,110.0,382.0,569.9939516324466,,,,,,,,,,,,,,,,,,,,,,,569.9649633733784,,569.9649941640309,569.9650012914972,569.9939516324466,570.9773101399892,570.9940066564832,571.9773147015676,571.9773147015676,572.2606331812617,572.2108287304159,572.2108367131777,572.2606331812617,572.2606331812617,572.2606331812617,572.2606331812617,572.2606331812617,572.2606331812617,0.0456920455771978,577.1612326866725,[179.0],[-189.0],[1],[0],[0],[4.900049265044345],577.1618365255827,577.1649677638975,,,,,,,,,,,,,,ED19,1,2024-01-26_13h37.28.320,rating,2023.2.3,60.006774708499975,2024-01-26 13h37.41.406117 +0800,
neu_99.jpg,0.0,334.0,334.0,383.0,1666.384734906736,,,,,,,,,,,,,,,,,,,,,,,1666.3573594506493,,1666.3573905264006,1666.3573976538664,1666.384734906736,1667.3680372498477,1667.3847423193,1668.3680429518204,1668.3680429518204,1668.718104447596,1668.601623408651,1668.6016313914124,1668.718104447596,1668.718104447596,1668.718104447596,1668.718104447596,1668.718104447596,1668.718104447596,0.1107706558236714,1669.7695493559909,[35.0],[-328.0],[1],[0],[0],[1.0499638209830664],1669.7705928169971,1669.7737437271176,,,,,,,,,,,,,,ED19,1,2024-01-26_13h37.28.320,rating,2023.2.3,60.006774708499975,2024-01-26 13h37.41.406117 +0800,
,,,,,,,0.0235032464183859,0.0568663440490126,0.0568663440490126,9.307195490423965,space,9.239768237617229,,,,,,,,,,,,,,,,,,,,,,,,,,,,,,,,,,,,,,,,,,,,,,,,,,,,,,,,,ED19,1,2024-01-26_13h37.28.320,rating,2023.2.3,60.006774708499975,2024-01-26 13h37.41.406117 +0800,
,,,,,,,,,,,,,,9.307215447328415,9.340147475822503,9.340147475822503,10.607178840663437,space,1.252524405868826,,,,,,,,,,,,,,,,,,,,,,,,,,,,,,,,,,,,,,,,,,,,,,,,,,ED19,1,2024-01-26_13h37.28.320,rating,2023.2.3,60.006774708499975,2024-01-26 13h37.41.406117 +0800,
,,,,,,,,,,,,,,,,,,,,,10.607196801877762,10.64015677003772,10.64015677003772,13.573932633473303,return,2.9226299322776867,,,,,,,,,,,,,,,,,,,,,,,,,,,,,,,,,,,,,,,,,,,ED19,1,2024-01-26_13h37.28.320,rating,2023.2.3,60.006774708499975,2024-01-26 13h37.41.406117 +0800,
,,,,,,,,,,,,,,,,,,,,,,,,,,,,,,,,,,,,,,,,,,,,,,,,,,,,,,,,,,,,,,1899.3926093310504,1899.4196067463463,1899.4196067463463,2409.89018969893,space,510.4616767563075,,ED19,1,2024-01-26_13h37.28.320,rating,2023.2.3,60.006774708499975,2024-01-26 13h37.41.406117 +0800,
