stimulus_filename,trials.thisRepN,trials.thisTrialN,trials.thisN,trials.thisIndex,thisRow.t,notes,welcome.started,welcome_image.started,welcome_key_resp.started,welcome.stopped,welcome_key_resp.keys,welcome_key_resp.rt,welcome_key_resp.duration,instruction.started,instruction_image.started,instruction_key_resp.started,instruction.stopped,instruction_key_resp.keys,instruction_key_resp.rt,instruction_key_resp.duration,start.started,start_image.started,key_resp.started,start.stopped,key_resp.keys,key_resp.rt,key_resp.duration,block_info.started,block_text.started,block_info.stopped,img_presentation.started,ISI_text.started,stimulus_image.started,ISI_text.stopped,stimulus_image.stopped,text.started,text.stopped,img_presentation.stopped,evaluation.started,horizontal_polygon.started,vertical_polygon.started,ha_text.started,la_text.started,negative_text.started,positive_text.started,mouse.started,evaluation.stopped,mouse.x,mouse.y,mouse.leftButton,mouse.midButton,mouse.rightButton,mouse.time,rest.started,rest.stopped,key_resp_2.keys,rest_image.started,key_resp_2.started,key_resp_2.rt,key_resp_2.duration,block_text.stopped,end.started,end_image.started,key_resp_3.started,end.stopped,key_resp_3.keys,key_resp_3.rt,key_resp_3.duration,participant,session,date,expName,psychopyVersion,frameRate,expStart,Unnamed: 76
neg_1.jpg,0.0,376.0,376.0,0.0,1319.2756330063055,,,,,,,,,,,,,,,,,,,,,,,1319.248638365034,,1319.2486694408744,1319.248675998162,1319.2756330063055,1320.258986334613,1320.2756392784922,1321.2589897558064,1321.2589897558064,1321.625657581877,1321.4925246924631,1321.492532390148,1321.625657581877,1321.625657581877,1321.625657581877,1321.625657581877,1321.625657581877,1321.625657581877,0.127048011887382,1322.210800821542,[-557.0],[-342.0],[1],[0],[0],[0.5833864568630815],1322.2120201918842,1322.2151280609703,,,,,,,,,,,,,,ED26,1,2024-01-30_16h38.39.158,rating,2023.2.3,60.04008894224292,2024-01-30 16h38.52.660783 +0800,
neg_10.jpg,0.0,44.0,44.0,1.0,162.81472783836398,,,,,,,,,,,,,,,,,,,,,,,162.7854370061359,,162.78546437568366,162.785470647872,162.81472783836398,163.79802899347305,163.8147084516022,164.7980560779215,164.7980560779215,165.0647090218008,165.03158303179225,165.03159072947892,165.0647090218008,165.0647090218008,165.0647090218008,165.0647090218008,165.0647090218008,165.0647090218008,0.0292894067315501,165.79852649201166,[-492.0],[-315.0],[1],[0],[0],[0.7334793422651273],165.79902570114427,165.80208168213176,,,,,,,,,,,,,,ED26,1,2024-01-30_16h38.39.158,rating,2023.2.3,60.04008894224292,2024-01-30 16h38.52.660783 +0800,
neg_100.jpg,0.0,265.0,265.0,2.0,950.0221448145548,,,,,,,,,,,,,,,,,,,,,,,949.994363013706,,949.9943932342484,949.9944000766354,950.0221448145548,951.0054844580882,951.0221502314434,952.0055585839456,952.0055585839456,952.3388321414276,952.2390362156128,952.2390441983972,952.3388321414276,952.3388321414276,952.3388321414276,952.3388321414276,952.3388321414276,952.3388321414276,0.0944910803791572,953.306695731606,[-518.0],[321.0],[1],[0],[0],[0.9667072268148331],953.3076767588065,953.3107963169714,,,,,,,,,,,,,,ED26,1,2024-01-30_16h38.39.158,rating,2023.2.3,60.04008894224292,2024-01-30 16h38.52.660783 +0800,
neg_101.jpg,0.0,148.0,148.0,3.0,519.7514086763749,,,,,,,,,,,,,,,,,,,,,,,519.7227787046686,,519.7228089252094,519.7228157675963,519.7514086763749,520.7347508858038,520.7514075359759,521.7347637152798,521.7347637152798,522.0347687330286,521.96830207313,521.9683100559141,522.0347687330286,522.0347687330286,522.0347687330286,522.0347687330286,522.0347687330286,522.0347687330286,0.0620102704233431,523.3021201705578,[-474.0],[320.0],[1],[0],[0],[1.2667116743650695],523.3028454635551,523.3058931766573,,,,,,,,,,,,,,ED26,1,2024-01-30_16h38.39.158,rating,2023.2.3,60.04008894224292,2024-01-30 16h38.52.660783 +0800,
neg_102.jpg,0.0,182.0,182.0,4.0,647.519279279999,,,,,,,,,,,,,,,,,,,,,,,647.4907847305294,,647.4908118149779,647.4908180871644,647.519279279999,648.5026234851248,648.5192864074852,649.5026297573113,649.5026297573113,649.8026595787142,649.7361624131736,649.7361718214543,649.8026595787142,649.8026595787142,649.8026595787142,649.8026595787142,649.8026595787142,649.8026595787142,0.0618962306434696,650.4034416635204,[-486.0],[339.0],[1],[0],[0],[0.6000100354995084],650.404266741325,650.4073609256375,,,,,,,,,,,,,,ED26,1,2024-01-30_16h38.39.158,rating,2023.2.3,60.04008894224292,2024-01-30 16h38.52.660783 +0800,
neg_103.jpg,0.0,116.0,116.0,5.0,411.867047008338,,,,,,,,,,,,,,,,,,,,,,,411.8381498984472,,411.8381775530943,411.8381835401833,411.867047008338,412.85038864756825,412.867051855028,413.850399196248,413.850399196248,414.133734164152,414.08395380476577,414.0839617875499,414.133734164152,414.133734164152,414.133734164152,414.133734164152,414.133734164152,414.133734164152,0.0456047928637417,414.43430852550046,[-464.0],[331.0],[1],[0],[0],[0.3000469273683848],414.4349394505789,414.43792301630674,,,,,,,,,,,,,,ED26,1,2024-01-30_16h38.39.158,rating,2023.2.3,60.04008894224292,2024-01-30 16h38.52.660783 +0800,
neg_104.jpg,0.0,61.0,61.0,6.0,221.71524609214248,,,,,,,,,,,,,,,,,,,,,,,221.6862360828709,,221.68626373751613,221.68626972460515,221.71524609214248,222.6986199476105,222.71524894313552,223.69862821549395,223.69862821549395,223.9652925633527,223.9321386335978,223.93214661638197,223.9652925633527,223.9652925633527,223.9652925633527,223.9652925633527,223.9652925633527,223.9652925633527,0.0290781480398436,225.6657137692764,[-485.0],[-289.0],[1],[0],[0],[1.7000425938567787],225.6662010042346,225.66926211701136,,,,,,,,,,,,,,ED26,1,2024-01-30_16h38.39.158,rating,2023.2.3,60.04008894224292,2024-01-30 16h38.52.660783 +0800,
neg_105.jpg,0.0,379.0,379.0,7.0,1328.0590552146405,,,,,,,,,,,,,,,,,,,,,,,1328.0320494544903,,1328.0320799601325,1328.03208651742,1328.0590552146405,1329.042390296583,1329.0590554997398,1330.0423997048656,1330.0423997048656,1330.4090983216774,1330.27595089219,1330.275958874974,1330.4090983216774,1330.4090983216774,1330.4090983216774,1330.4090983216774,1330.4090983216774,1330.4090983216774,0.1270739559367939,1331.344193151455,[-469.0],[371.0],[1],[0],[0],[0.9333505913546105],1331.3454227853765,1331.3485312246612,,,,,,,,,,,,,,ED26,1,2024-01-30_16h38.39.158,rating,2023.2.3,60.04008894224292,2024-01-30 16h38.52.660783 +0800,
neg_106.jpg,0.0,109.0,109.0,8.0,389.8168381444812,,,,,,,,,,,,,,,,,,,,,,,389.7880422448961,,389.7880698995432,389.7880758866304,389.8168381444812,390.8001794986121,390.8168464123664,391.8001866260984,391.8001866260984,392.08352672579167,392.0337614766777,392.03376945946366,392.08352672579167,392.08352672579167,392.08352672579167,392.08352672579167,392.08352672579167,392.08352672579167,0.0455092845495528,392.6840938456153,[-497.0],[337.0],[1],[0],[0],[0.6000305626603222],392.6846825759767,392.6877670669092,,,,,,,,,,,,,,ED26,1,2024-01-30_16h38.39.158,rating,2023.2.3,60.04008894224292,2024-01-30 16h38.52.660783 +0800,
neg_107.jpg,0.0,193.0,193.0,9.0,685.0029684554574,,,,,,,,,,,,,,,,,,,,,,,684.9746754712978,,684.974707117337,684.9747139597239,685.0029684554574,685.9863061032956,686.0029718766509,686.9863263453553,686.9863263453553,687.2863242356198,687.2198718306918,687.2198795283766,687.2863242356198,687.2863242356198,687.2863242356198,687.2863242356198,687.2863242356198,687.2863242356198,0.0616695765820622,687.3538115515457,[-490.0],[333.0],[1],[0],[0],[0.06666622951343015],687.3545870220441,687.3577171288889,,,,,,,,,,,,,,ED26,1,2024-01-30_16h38.39.158,rating,2023.2.3,60.04008894224292,2024-01-30 16h38.52.660783 +0800,
neg_108.jpg,0.0,10.0,10.0,10.0,54.81366014092964,,,,,,,,,,,,,,,,,,,,,,,54.78440893752486,,54.78443915806747,54.78444600045441,54.81366014092964,55.79700349075756,55.813690361472254,56.79701175864102,56.79701175864102,57.04703057520601,57.03056380126509,57.03057149894994,57.04703057520601,57.04703057520601,57.04703057520601,57.04703057520601,57.04703057520601,57.04703057520601,0.0126378883487632,57.98078629287557,[-468.0],[288.0],[1],[0],[0],[0.9334509463587892],57.98122021423478,57.98441960024502,,,,,,,,,,,,,,ED26,1,2024-01-30_16h38.39.158,rating,2023.2.3,60.04008894224292,2024-01-30 16h38.52.660783 +0800,
neg_109.jpg,0.0,72.0,72.0,11.0,258.565594540687,,,,,,,,,,,,,,,,,,,,,,,258.5365340688131,,258.5365611532616,258.5365674254499,258.565594540687,259.54893418422216,259.5655993873788,260.54894729879743,260.54894729879743,260.8156139274506,260.7825378298457,260.7825458126299,260.8156139274506,260.8156139274506,260.8156139274506,260.8156139274506,260.8156139274506,260.8156139274506,0.0291029516920389,262.3161815604526,[-495.0],[-347.0],[1],[0],[0],[1.5001254437574971],262.3166947394584,262.3197618393242,,,,,,,,,,,,,,ED26,1,2024-01-30_16h38.39.158,rating,2023.2.3,60.04008894224292,2024-01-30 16h38.52.660783 +0800,
neg_11.jpg,0.0,107.0,107.0,12.0,382.7167719443896,,,,,,,,,,,,,,,,,,,,,,,382.6879099017315,,382.6879378414778,382.68794411366616,382.7167719443896,383.7001124432227,383.7167995990367,384.7001221366045,384.7001221366045,384.98346508729264,384.9336570732612,384.93366505604536,384.98346508729264,384.98346508729264,384.98346508729264,384.98346508729264,384.98346508729264,384.98346508729264,0.0455768531173816,385.6340030129304,[-484.0],[368.0],[1],[0],[0],[0.6500327294179442],385.634611700254,385.6376782299194,,,,,,,,,,,,,,ED26,1,2024-01-30_16h38.39.158,rating,2023.2.3,60.04008894224292,2024-01-30 16h38.52.660783 +0800,
neg_110.jpg,0.0,83.0,83.0,13.0,297.8659870085885,,,,,,,,,,,,,,,,,,,,,,,297.8369442128805,,297.83697471852065,297.8369815609076,297.8659870085885,298.84930812065795,298.8659918552785,299.84931809913905,299.84931809913905,300.1326767302962,300.0828792649445,300.0828875328298,300.1326767302962,300.1326767302962,300.1326767302962,300.1326767302962,300.1326767302962,300.1326767302962,0.045751333980661,301.4999133297679,[-512.0],[355.0],[1],[0],[0],[1.3667371052379167],301.5005071919186,301.503637868962,,,,,,,,,,,,,,ED26,1,2024-01-30_16h38.39.158,rating,2023.2.3,60.04008894224292,2024-01-30 16h38.52.660783 +0800,
neg_111.jpg,0.0,209.0,209.0,14.0,734.2534328824586,,,,,,,,,,,,,,,,,,,,,,,734.2251179456416,,734.2251481661842,734.2251550085693,734.2534328824586,735.2368027465345,735.2534402950441,736.23678450017,736.23678450017,736.5534558614745,736.4703399639857,736.4703479467717,736.5534558614745,736.5534558614745,736.5534558614745,736.5534558614745,736.5534558614745,736.5534558614745,0.0783610088856221,736.8876996123781,[-524.0],[356.0],[1],[0],[0],[0.33335310022812337],736.8885303921707,763.4874450755906,space,736.9034792966486,736.9034792966486,26.56774362032957,,,,,,,,,,ED26,1,2024-01-30_16h38.39.158,rating,2023.2.3,60.04008894224292,2024-01-30 16h38.52.660783 +0800,
neg_112.jpg,0.0,29.0,29.0,15.0,114.93090044669408,,,,,,,,,,,,,,,,,,,,,,,114.90178751652093,,114.90181745196423,114.90182429435116,114.93090044669408,115.91429055283152,115.93090557848336,116.91424721771364,116.91424721771364,117.1809369394232,117.14780125603464,117.1478089537195,117.1809369394232,117.1809369394232,117.1809369394232,117.1809369394232,117.1809369394232,117.1809369394232,0.0291653884705738,117.61473656240742,[-457.0],[340.0],[1],[0],[0],[0.4334472400660161],117.61515907979084,119.36469607828622,space,117.64759683972989,117.64759683972989,1.703051818534732,,,,,,,,,,ED26,1,2024-01-30_16h38.39.158,rating,2023.2.3,60.04008894224292,2024-01-30 16h38.52.660783 +0800,
neg_113.jpg,0.0,370.0,370.0,16.0,1300.3088114546115,,,,,,,,,,,,,,,,,,,,,,,1300.2817566573576,,1300.2817877331963,1300.2817948606826,1300.3088114546115,1301.2921288603884,1301.3087917827488,1302.292135702775,1302.292135702775,1302.65881236693,1302.5256920218908,1302.5256997195756,1302.65881236693,1302.65881236693,1302.65881236693,1302.65881236693,1302.65881236693,1302.65881236693,0.1270807983237318,1303.827202649829,[-555.0],[-323.0],[1],[0],[0],[1.1667138981429162],1303.8283376307318,1303.8314397978302,,,,,,,,,,,,,,ED26,1,2024-01-30_16h38.39.158,rating,2023.2.3,60.04008894224292,2024-01-30 16h38.52.660783 +0800,
neg_114.jpg,0.0,99.0,99.0,17.0,354.31650087183334,,,,,,,,,,,,,,,,,,,,,,,354.28776284743617,,354.2877933530781,354.287800195465,354.31650087183334,355.2998519193461,355.3165325178725,356.2998513491475,356.2998513491475,356.583189738245,356.53343674840653,356.5334444460914,356.583189738245,356.583189738245,356.583189738245,356.583189738245,356.583189738245,356.583189738245,0.0454591070447349,356.9838394228682,[-536.0],[322.0],[1],[0],[0],[0.40011797415172623],356.9844592290683,356.9875471411942,,,,,,,,,,,,,,ED26,1,2024-01-30_16h38.39.158,rating,2023.2.3,60.04008894224292,2024-01-30 16h38.52.660783 +0800,
neg_115.jpg,0.0,93.0,93.0,18.0,334.2163140746761,,,,,,,,,,,,,,,,,,,,,,,334.1876034198249,,334.1876333552664,334.1876401976533,334.2163140746761,335.1996460205246,335.21631578527195,336.1996796622607,336.1996796622607,336.4829992347932,336.43320233964005,336.4332106075235,336.4829992347932,336.4829992347932,336.4829992347932,336.4829992347932,336.4829992347932,336.4829992347932,0.0454149166307615,337.1336155627814,[-522.0],[341.0],[1],[0],[0],[0.6501179741517262],337.1341695110096,337.1372916350683,,,,,,,,,,,,,,ED26,1,2024-01-30_16h38.39.158,rating,2023.2.3,60.04008894224292,2024-01-30 16h38.52.660783 +0800,
neg_116.jpg,0.0,261.0,261.0,19.0,936.2386784158044,,,,,,,,,,,,,,,,,,,,,,,936.2108056682335,,936.210839309968,936.2108461523547,936.2386784158044,937.2220211954336,937.2386940962753,938.2220286080192,938.2220286080192,938.5553848443416,938.4555817910403,938.455590058924,938.5553848443416,938.5553848443416,938.5553848443416,938.5553848443416,938.5553848443416,938.5553848443416,0.0946016989655618,938.8065084212668,[-534.0],[321.0],[1],[0],[0],[0.25001454007178836],938.8074153226136,938.8104376618649,,,,,,,,,,,,,,ED26,1,2024-01-30_16h38.39.158,rating,2023.2.3,60.04008894224292,2024-01-30 16h38.52.660783 +0800,
neg_117.jpg,0.0,63.0,63.0,20.0,228.8486464048383,,,,,,,,,,,,,,,,,,,,,,,228.8195215004889,,228.819549155136,228.8195554273243,228.8486464048383,229.83198718877065,229.8486515366294,230.8320137030205,230.8320137030205,231.09867947637576,231.06553438470476,231.0655423674889,231.09867947637576,231.09867947637576,231.09867947637576,231.09867947637576,231.09867947637576,231.09867947637576,0.029197034509707,231.86589093007387,[-492.0],[360.0],[1],[0],[0],[0.7668080379789899],231.86638329682137,231.86943500131747,,,,,,,,,,,,,,ED26,1,2024-01-30_16h38.39.158,rating,2023.2.3,60.04008894224292,2024-01-30 16h38.52.660783 +0800,
neg_118.jpg,0.0,257.0,257.0,21.0,923.588560726752,,,,,,,,,,,,,,,,,,,,,,,923.5606697328168,,923.5607002384568,923.5607070808436,923.588560726752,924.5719026510832,924.5885404846922,925.5719263143365,925.5719263143365,925.9052617384004,925.8054800675563,925.8054880503424,925.9052617384004,925.9052617384004,925.9052617384004,925.9052617384004,925.9052617384004,925.9052617384004,0.0946170943352626,926.323012828334,[-507.0],[330.0],[1],[0],[0],[0.4166685673299071],926.3239086108024,926.3270161947894,,,,,,,,,,,,,,ED26,1,2024-01-30_16h38.39.158,rating,2023.2.3,60.04008894224292,2024-01-30 16h38.52.660783 +0800,
neg_119.jpg,0.0,115.0,115.0,22.0,408.9670382272743,,,,,,,,,,,,,,,,,,,,,,,408.9382275025182,,408.9382582932576,408.9382651356445,408.9670382272743,409.9503562032514,409.9670296742916,410.9503678923284,410.9503678923284,411.2337077069224,411.1839481597963,411.1839561425823,411.2337077069224,411.2337077069224,411.2337077069224,411.2337077069224,411.2337077069224,411.2337077069224,0.0455018719640065,411.8342542995852,[-512.0],[347.0],[1],[0],[0],[0.6000202990817343],411.8348646975046,411.83794063545247,,,,,,,,,,,,,,ED26,1,2024-01-30_16h38.39.158,rating,2023.2.3,60.04008894224292,2024-01-30 16h38.52.660783 +0800,
neg_12.jpg,0.0,263.0,263.0,23.0,942.1054540094684,,,,,,,,,,,,,,,,,,,,,,,942.0775544625484,,942.077585253288,942.0775918105757,942.1054540094684,943.088743760598,943.1054058276604,944.0887528837812,944.0887528837812,944.422088878042,944.3223054966038,944.322313479388,944.422088878042,944.422088878042,944.422088878042,944.422088878042,944.422088878042,944.422088878042,0.0945563681525527,946.8565034605364,[-512.0],[-335.0],[1],[0],[0],[2.4332875843756483],946.8574129277767,946.8605059716938,,,,,,,,,,,,,,ED26,1,2024-01-30_16h38.39.158,rating,2023.2.3,60.04008894224292,2024-01-30 16h38.52.660783 +0800,
neg_120.jpg,0.0,369.0,369.0,24.0,1297.342093394018,,,,,,,,,,,,,,,,,,,,,,,1297.3150796510836,,1297.315110726924,1297.315117569311,1297.342093394018,1298.3254344630495,1298.342098240708,1299.3254415905358,1299.3254415905358,1299.6921353606558,1299.559045521259,1299.5590651931216,1299.6921353606558,1299.6921353606558,1299.6921353606558,1299.6921353606558,1299.6921353606558,1299.6921353606558,0.1270733857381856,1300.2771810963095,[-536.0],[375.0],[1],[0],[0],[0.5833764783837978],1300.2783887775731,1300.2815251566044,,,,,,,,,,,,,,ED26,1,2024-01-30_16h38.39.158,rating,2023.2.3,60.04008894224292,2024-01-30 16h38.52.660783 +0800,
neg_121.jpg,0.0,237.0,237.0,25.0,852.7545895309195,,,,,,,,,,,,,,,,,,,,,,,852.7264684617294,,852.7264992524688,852.726506379955,852.7545895309195,853.7378949625199,853.754604926291,854.7378909711279,854.7378909711279,855.0546136503326,854.9715083015253,854.9715165694106,855.0546136503326,855.0546136503326,855.0546136503326,855.0546136503326,855.0546136503326,855.0546136503326,0.0781662859644711,855.3890173420295,[-459.0],[347.0],[1],[0],[0],[0.3333796144779626],855.3899239582752,855.3930244147759,,,,,,,,,,,,,,ED26,1,2024-01-30_16h38.39.158,rating,2023.2.3,60.04008894224292,2024-01-30 16h38.52.660783 +0800,
neg_122.jpg,0.0,39.0,39.0,26.0,149.3645595156504,,,,,,,,,,,,,,,,,,,,,,,149.3355030351686,,149.3355335408105,149.33554066829674,149.3645595156504,150.3478980187865,150.3645643623404,151.34793394131702,151.34793394131702,151.6145800428112,151.58145319750474,151.5814608951896,151.6145800428112,151.6145800428112,151.6145800428112,151.6145800428112,151.6145800428112,151.6145800428112,0.0290935434095445,152.14841307945062,[-471.0],[331.0],[1],[0],[0],[0.5334857855123118],152.1488852041366,152.1519508785059,,,,,,,,,,,,,,ED26,1,2024-01-30_16h38.39.158,rating,2023.2.3,60.04008894224292,2024-01-30 16h38.52.660783 +0800,
neg_123.jpg,0.0,333.0,333.0,27.0,1179.5576602230394,,,,,,,,,,,,,,,,,,,,,,,1179.530238502795,,1179.5302692935347,1179.5302761359217,1179.5576602230394,1180.5409967304804,1180.5576562316471,1181.541014976845,1181.541014976845,1181.8910096169748,1181.7745476327054,1181.7745556154896,1181.8910096169748,1181.8910096169748,1181.8910096169748,1181.8910096169748,1181.8910096169748,1181.8910096169748,0.1107970582306734,1182.3592027821142,[-510.0],[373.0],[1],[0],[0],[0.4667271837770386],1182.3602567947746,1182.3633398602103,,,,,,,,,,,,,,ED26,1,2024-01-30_16h38.39.158,rating,2023.2.3,60.04008894224292,2024-01-30 16h38.52.660783 +0800,
neg_124.jpg,0.0,11.0,11.0,28.0,58.013694752004085,,,,,,,,,,,,,,,,,,,,,,,57.98464882020198,,57.98467733014695,57.98468360233346,58.013694752004085,58.99704237832157,59.01369275630714,59.997048650509896,59.997048650509896,60.24703781673088,60.23059499114424,60.23060268882909,60.24703781673088,60.24703781673088,60.24703781673088,60.24703781673088,60.24703781673088,60.24703781673088,0.012409808789016,60.76403002895495,[-475.0],[290.0],[1],[0],[0],[0.5166920025039872],60.76441633870672,60.76751080812028,,,,,,,,,,,,,,ED26,1,2024-01-30_16h38.39.158,rating,2023.2.3,60.04008894224292,2024-01-30 16h38.52.660783 +0800,
neg_125.jpg,0.0,18.0,18.0,29.0,79.88056528378183,,,,,,,,,,,,,,,,,,,,,,,79.85145206851121,,79.85148000825575,79.85148599534477,79.88056528378183,80.86393714355472,80.88057155597016,81.86395795581484,81.86395795581484,82.11391661639391,82.09750344114946,82.09751284943195,82.11391661639391,82.11391661639391,82.11391661639391,82.11391661639391,82.11391661639391,82.11391661639391,0.0124993300178175,82.7975631409754,[-464.0],[289.0],[1],[0],[0],[0.6833314896903175],82.79797995636909,82.80112146718966,,,,,,,,,,,,,,ED26,1,2024-01-30_16h38.39.158,rating,2023.2.3,60.04008894224292,2024-01-30 16h38.52.660783 +0800,
neg_126.jpg,0.0,129.0,129.0,30.0,463.0508976641231,,,,,,,,,,,,,,,,,,,,,,,463.0221821625819,,463.0222126682238,463.0222192255096,463.0508976641231,464.0342144997012,464.0508725753716,465.03424215434825,465.03424215434825,465.31755260369937,465.2677497214572,465.2677571340428,465.31755260369937,465.31755260369937,465.31755260369937,465.31755260369937,465.31755260369937,465.31755260369937,0.0453881172816181,465.6681391102848,[-487.0],[303.0],[1],[0],[0],[0.3500208692785236],465.6687512188,465.67174932459966,,,,,,,,,,,,,,ED26,1,2024-01-30_16h38.39.158,rating,2023.2.3,60.04008894224292,2024-01-30 16h38.52.660783 +0800,
neg_127.jpg,0.0,88.0,88.0,31.0,314.5661271064564,,,,,,,,,,,,,,,,,,,,,,,314.5372513790262,,314.537305262822,314.5373115350103,314.5661271064564,315.54946732019016,315.5661256809599,316.54947558807544,316.54947558807544,316.83286187387966,316.7830638383275,316.7830715360124,316.83286187387966,316.83286187387966,316.83286187387966,316.83286187387966,316.83286187387966,316.83286187387966,0.0456065034595667,317.6333164934585,[-496.0],[305.0],[1],[0],[0],[0.8000070134476118],317.6338809903664,317.636990284951,,,,,,,,,,,,,,ED26,1,2024-01-30_16h38.39.158,rating,2023.2.3,60.04008894224292,2024-01-30 16h38.52.660783 +0800,
neg_128.jpg,0.0,66.0,66.0,32.0,239.49874898362032,,,,,,,,,,,,,,,,,,,,,,,239.46967340147603,,239.46970048592263,239.46970647301168,239.49874898362032,240.48209432914337,240.4987492687196,241.4820951844431,241.4820951844431,241.7487686554832,241.71567801780657,241.71568628569003,241.7487686554832,241.7487686554832,241.7487686554832,241.7487686554832,241.7487686554832,241.7487686554832,0.0291192023614712,243.11592400160956,[-480.0],[-321.0],[1],[0],[0],[1.3667399562309583],243.11647367334623,243.11958068713463,,,,,,,,,,,,,,ED26,1,2024-01-30_16h38.39.158,rating,2023.2.3,60.04008894224292,2024-01-30 16h38.52.660783 +0800,
neg_129.jpg,0.0,232.0,232.0,33.0,837.2544082076711,,,,,,,,,,,,,,,,,,,,,,,837.2262429480652,,837.226273168606,837.2262800109929,837.2544082076711,838.2377507021993,838.2544141947601,839.2377757909508,839.2377757909508,839.5544280505928,839.471296472635,839.4713050256196,839.5544280505928,839.5544280505928,839.5544280505928,839.5544280505928,839.5544280505928,839.5544280505928,0.0782073402860987,839.8887926836633,[-505.0],[278.0],[1],[0],[0],[0.33334625784118543],839.8897161207769,839.8928467978203,,,,,,,,,,,,,,ED26,1,2024-01-30_16h38.39.158,rating,2023.2.3,60.04008894224292,2024-01-30 16h38.52.660783 +0800,
neg_13.jpg,0.0,251.0,251.0,34.0,905.8217258894256,,,,,,,,,,,,,,,,,,,,,,,905.793799828256,,905.793830333898,905.793837176283,905.8217258894256,906.8050635372638,906.8217324467114,907.8051054468816,907.8051054468816,908.138409795105,908.0386423792352,908.0386503620192,908.138409795105,908.138409795105,908.138409795105,908.138409795105,908.138409795105,908.138409795105,0.094631634405232,908.8894883263184,[-513.0],[-361.0],[1],[0],[0],[0.7500285099449684],908.8903858193808,908.893499675556,,,,,,,,,,,,,,ED26,1,2024-01-30_16h38.39.158,rating,2023.2.3,60.04008894224292,2024-01-30 16h38.52.660783 +0800,
neg_130.jpg,0.0,341.0,341.0,35.0,1203.7412089585089,,,,,,,,,,,,,,,,,,,,,,,1203.713873338298,,1203.7139038439382,1203.713910686325,1203.7412089585089,1204.7245582954238,1204.7412120946028,1205.7245594358228,1205.7245594358228,1206.0745660501289,1205.958126018519,1205.958135996998,1206.0745660501289,1206.0745660501289,1206.0745660501289,1206.0745660501289,1206.0745660501289,1206.0745660501289,0.1107178005840978,1206.7761236624556,[-520.0],[302.0],[1],[0],[0],[0.700024062392913],1206.7771808112102,1206.7803072117622,,,,,,,,,,,,,,ED26,1,2024-01-30_16h38.39.158,rating,2023.2.3,60.04008894224292,2024-01-30 16h38.52.660783 +0800,
neg_131.jpg,0.0,368.0,368.0,36.0,1294.60877085645,,,,,,,,,,,,,,,,,,,,,,,1294.5817688025943,,1294.5817998784332,1294.5818067208202,1294.60877085645,1295.5920996662062,1295.6087389253116,1296.592081704941,1296.592081704941,1296.9587486757137,1296.8256417303492,1296.825649428034,1296.9587486757137,1296.9587486757137,1296.9587486757137,1296.9587486757137,1296.9587486757137,1296.9587486757137,0.1270052469717484,1297.3105850582797,[-536.0],[375.0],[1],[0],[0],[0.35013262826214486],1297.311753966018,1297.314845014238,,,,,,,,,,,,,,ED26,1,2024-01-30_16h38.39.158,rating,2023.2.3,60.04008894224292,2024-01-30 16h38.52.660783 +0800,
neg_132.jpg,0.0,246.0,246.0,37.0,890.8215839098993,,,,,,,,,,,,,,,,,,,,,,,890.7936558530346,,890.7936866437758,890.7936934861627,890.8215839098993,891.8049295405217,891.8215870459935,892.8049711650419,892.8049711650419,893.1216003316276,893.0384929871234,893.0385009699075,893.1216003316276,893.1216003316276,893.1216003316276,893.1216003316276,893.1216003316276,893.1216003316276,0.0779664312503882,893.8726380936205,[-516.0],[368.0],[1],[0],[0],[0.7499307208345272],893.8735501267547,893.8767312664004,,,,,,,,,,,,,,ED26,1,2024-01-30_16h38.39.158,rating,2023.2.3,60.04008894224292,2024-01-30 16h38.52.660783 +0800,
neg_133.jpg,0.0,77.0,77.0,38.0,277.1157714734054,,,,,,,,,,,,,,,,,,,,,,,277.0868814910009,,277.0869117115435,277.08691855393045,277.1157714734054,278.0991116871392,278.1158262124991,279.0991450437741,279.0991450437741,279.36578943467066,279.33265147048587,279.3326591681707,279.36578943467066,279.36578943467066,279.36578943467066,279.36578943467066,279.36578943467066,279.36578943467066,0.0289290410273679,280.3330380653388,[-503.0],[364.0],[1],[0],[0],[0.9668241175877483],280.3336034175445,280.3366656707185,,,,,,,,,,,,,,ED26,1,2024-01-30_16h38.39.158,rating,2023.2.3,60.04008894224292,2024-01-30 16h38.52.660783 +0800,
neg_134.jpg,0.0,0.0,0.0,39.0,17.96333849173243,,,,,,,,,,,,,,,,,,,,,,,17.951100027712528,17.96333849173243,18.946687828647555,18.94669581143353,18.979994001507293,19.93001065131466,19.97999599720424,20.930005234426066,20.930005234426066,21.180008370520227,21.163540741281395,21.16354929426416,21.180008370520227,21.180008370520227,21.180008370520227,21.180008370520227,21.180008370520227,21.180008370520227,-0.0003372726478119,22.297080467607884,[-460.0],[304.0],[1],[0],[0],[1.1167969761208951],22.298475174109623,22.30258003596828,,,,,,,,,,,,,,ED26,1,2024-01-30_16h38.39.158,rating,2023.2.3,60.04008894224292,2024-01-30 16h38.52.660783 +0800,
neg_135.jpg,0.0,119.0,119.0,40.0,419.7671250685671,,,,,,,,,,,,,,,,,,,,,,,419.73841412861657,,419.738444919356,419.7384514766436,419.7671250685671,420.7504621462067,420.76712706426224,421.7505012048296,421.7505012048296,422.03383047074567,421.98401333353104,421.9840221716131,422.03383047074567,422.03383047074567,422.03383047074567,422.03383047074567,422.03383047074567,422.03383047074567,0.0454371543874003,422.83449093212766,[-512.0],[301.0],[1],[0],[0],[0.8000705906233634],422.8351210019082,428.5842505932924,space,422.8505004065519,422.8505004065519,5.725882297261705,,,,,,,,,,ED26,1,2024-01-30_16h38.39.158,rating,2023.2.3,60.04008894224292,2024-01-30 16h38.52.660783 +0800,
neg_136.jpg,0.0,355.0,355.0,41.0,1253.5583564358913,,,,,,,,,,,,,,,,,,,,,,,1253.530972063676,,1253.5310031395147,1253.5310099819017,1253.5583564358913,1254.5416861009453,1254.5583527295985,1255.5417049175085,1255.5417049175085,1255.89169955764,1255.7752783425913,1255.775286040276,1255.89169955764,1255.89169955764,1255.89169955764,1255.89169955764,1255.89169955764,1255.89169955764,0.1107505870204477,1256.2433369407918,[-528.0],[339.0],[1],[0],[0],[0.3500365497493476],1256.2445349286736,1256.24766361002,,,,,,,,,,,,,,ED26,1,2024-01-30_16h38.39.158,rating,2023.2.3,60.04008894224292,2024-01-30 16h38.52.660783 +0800,
neg_137.jpg,0.0,319.0,319.0,42.0,1122.407120301703,,,,,,,,,,,,,,,,,,,,,,,1122.3795731377013,,1122.3796044986411,1122.379611341028,1122.407120301703,1123.3904622260343,1123.407112604018,1124.390453958149,1124.390453958149,1124.7404642787496,1124.6239897501057,1124.6239974477903,1124.7404642787496,1124.7404642787496,1124.7404642787496,1124.7404642787496,1124.7404642787496,1124.7404642787496,0.1109150894026242,1126.3419069389784,[-505.0],[-348.0],[1],[0],[0],[1.6000411113400332],1126.34297577681,1126.3461244151183,,,,,,,,,,,,,,ED26,1,2024-01-30_16h38.39.158,rating,2023.2.3,60.04008894224292,2024-01-30 16h38.52.660783 +0800,
neg_138.jpg,0.0,141.0,141.0,43.0,498.9512046592099,,,,,,,,,,,,,,,,,,,,,,,498.92245836692746,,498.92248858746825,498.9224954298552,498.9512046592099,499.9345434474453,499.951213497292,500.9346038885287,500.9346038885287,501.23458125163233,501.1681265659081,501.16813426359295,501.23458125163233,501.23458125163233,501.23458125163233,501.23458125163233,501.23458125163233,501.23458125163233,0.0621442671617842,501.6852499238776,[-510.0],[335.0],[1],[0],[0],[0.45005798922829854],501.6860915374509,501.6891426717466,,,,,,,,,,,,,,ED26,1,2024-01-30_16h38.39.158,rating,2023.2.3,60.04008894224292,2024-01-30 16h38.52.660783 +0800,
neg_139.jpg,0.0,35.0,35.0,44.0,137.4311137010809,,,,,,,,,,,,,,,,,,,,,,,137.4022077531081,,137.4022379736507,137.40224481603764,137.4311137010809,138.41447985886407,138.4311279560534,139.41446218269812,139.41446218269812,139.68113194744546,139.64801365512358,139.64802135280843,139.68113194744546,139.68113194744546,139.68113194744546,139.68113194744546,139.68113194744546,139.68113194744546,0.0289404450049914,140.41500130575514,[-483.0],[323.0],[1],[0],[0],[0.7335161200917355],140.41547856223224,140.41856105746774,,,,,,,,,,,,,,ED26,1,2024-01-30_16h38.39.158,rating,2023.2.3,60.04008894224292,2024-01-30 16h38.52.660783 +0800,
neg_14.jpg,0.0,366.0,366.0,45.0,1289.2587038010606,,,,,,,,,,,,,,,,,,,,,,,1289.2315024626896,,1289.2315326832304,1289.2315398107166,1289.2587038010606,1290.24202491313,1290.2587052265571,1291.2420551336709,1291.2420551336709,1291.6087084196715,1291.4755641262782,1291.4755721090623,1291.6087084196715,1291.6087084196715,1291.6087084196715,1291.6087084196715,1291.6087084196715,1291.6087084196715,0.1272304755348159,1291.9603509346125,[-494.0],[-353.0],[1],[0],[0],[0.3500051888095186],1291.9614725158426,1291.964561853465,,,,,,,,,,,,,,ED26,1,2024-01-30_16h38.39.158,rating,2023.2.3,60.04008894224292,2024-01-30 16h38.52.660783 +0800,
neg_140.jpg,0.0,217.0,217.0,46.0,787.0872763537373,,,,,,,,,,,,,,,,,,,,,,,787.0592690392259,,787.0592986895681,787.0593058170543,787.0872763537373,788.0706365244332,788.087286047119,789.0706239800566,789.0706239800566,789.3872896393714,789.3041455170387,789.304153784924,789.3872896393714,789.3872896393714,789.3872896393714,789.3872896393714,789.3872896393714,789.3872896393714,0.0780844624223391,791.2216271879952,[-541.0],[-304.0],[1],[0],[0],[1.833319458492042],791.2225149876776,791.2256257077588,,,,,,,,,,,,,,ED26,1,2024-01-30_16h38.39.158,rating,2023.2.3,60.04008894224292,2024-01-30 16h38.52.660783 +0800,
neg_141.jpg,0.0,329.0,329.0,47.0,1153.2073975894273,,,,,,,,,,,,,,,,,,,,,,,1153.1798897691497,,1153.1799197045912,1153.179926546978,1153.2073975894273,1154.1907412243545,1154.2074269546702,1155.1907457859452,1155.1907457859452,1155.5407717870148,1155.4243306150056,1155.4243400232865,1155.5407717870148,1155.5407717870148,1155.5407717870148,1155.5407717870148,1155.5407717870148,1155.5407717870148,0.110909387412903,1155.8922392508955,[-487.0],[349.0],[1],[0],[0],[0.3500051888095186],1155.8933103695235,1169.8079821003157,space,1155.90734467497,1155.90734467497,13.895882536746283,,,,,,,,,,ED26,1,2024-01-30_16h38.39.158,rating,2023.2.3,60.04008894224292,2024-01-30 16h38.52.660783 +0800,
neg_142.jpg,0.0,290.0,290.0,48.0,1029.7395605134989,,,,,,,,,,,,,,,,,,,,,,,1029.7116800682415,,1029.7117105738816,1029.711717701368,1029.7395605134989,1030.722923535188,1030.7395673558858,1031.7229121312105,1031.7229121312105,1032.0562732142223,1031.9564941092758,1031.9565032324572,1032.0562732142223,1032.0562732142223,1032.0562732142223,1032.0562732142223,1032.0562732142223,1032.0562732142223,0.0946136731399747,1032.3576087910988,[-509.0],[345.0],[1],[0],[0],[0.3001050876555382],1032.3585943798917,1032.361653211874,,,,,,,,,,,,,,ED26,1,2024-01-30_16h38.39.158,rating,2023.2.3,60.04008894224292,2024-01-30 16h38.52.660783 +0800,
neg_143.jpg,0.0,311.0,311.0,49.0,1098.0735468196017,,,,,,,,,,,,,,,,,,,,,,,1098.04597884334,,1098.046009348982,1098.046017331766,1098.0735468196017,1099.056882756844,1099.073547959999,1100.0569055647993,1100.0569055647993,1100.406897068835,1100.2904253911856,1100.2904342292677,1100.406897068835,1100.406897068835,1100.406897068835,1100.406897068835,1100.406897068835,1100.406897068835,0.1109438844450778,1101.208299358983,[-511.0],[-354.0],[1],[0],[0],[0.8000283959045191],1101.2093103216266,1101.2123449201554,,,,,,,,,,,,,,ED26,1,2024-01-30_16h38.39.158,rating,2023.2.3,60.04008894224292,2024-01-30 16h38.52.660783 +0800,
neg_144.jpg,0.0,223.0,223.0,50.0,809.3375030077987,,,,,,,,,,,,,,,,,,,,,,,809.3092587756455,,809.3092887110888,809.3092955534757,809.3375030077987,810.3208252602672,810.3374839061362,811.3208278261627,811.3208278261627,811.6375020384603,811.5544043873379,811.5544123701238,811.6375020384603,811.6375020384603,811.6375020384603,811.6375020384603,811.6375020384603,811.6375020384603,0.0782672111690772,812.3885745825864,[-479.0],[326.0],[1],[0],[0],[0.7501191715709865],812.3894065027762,812.3924835811231,,,,,,,,,,,,,,ED26,1,2024-01-30_16h38.39.158,rating,2023.2.3,60.04008894224292,2024-01-30 16h38.52.660783 +0800,
neg_145.jpg,0.0,207.0,207.0,51.0,727.7867105453715,,,,,,,,,,,,,,,,,,,,,,,727.7584514880473,,727.7584791426943,727.7584851297834,727.7867105453715,728.7700652991771,728.786713966565,729.7701131958856,729.7701131958856,730.0867369455809,730.0035911126524,730.0035993805359,730.0867369455809,730.0867369455809,730.0867369455809,730.0867369455809,730.0867369455809,730.0867369455809,0.0783091207886172,730.8876742385273,[-517.0],[-294.0],[1],[0],[0],[0.8000939687790378],730.8885075842154,730.8916473844401,,,,,,,,,,,,,,ED26,1,2024-01-30_16h38.39.158,rating,2023.2.3,60.04008894224292,2024-01-30 16h38.52.660783 +0800,
neg_146.jpg,0.0,171.0,171.0,52.0,609.9189248443636,,,,,,,,,,,,,,,,,,,,,,,609.8902714945034,,609.8903028554414,609.8903099829276,609.9189248443636,610.9022664835957,610.9189288357557,611.9022733259808,611.9022733259808,612.2022806245277,612.1358350619867,612.1358430447708,612.2022806245277,612.2022806245277,612.2022806245277,612.2022806245277,612.2022806245277,612.2022806245277,0.0620310826816421,612.6698097930512,[-488.0],[296.0],[1],[0],[0],[0.4667668126003264],612.6705385072419,612.673616725986,,,,,,,,,,,,,,ED26,1,2024-01-30_16h38.39.158,rating,2023.2.3,60.04008894224292,2024-01-30 16h38.52.660783 +0800,
neg_147.jpg,0.0,201.0,201.0,53.0,707.6865166207281,,,,,,,,,,,,,,,,,,,,,,,707.6582969071278,,707.6583276978672,707.6583345402541,707.6865166207281,708.6698545536656,708.686522322716,709.6698639619481,709.6698639619481,709.9865356083501,709.9034473655101,709.9034556333936,709.9865356083501,709.9865356083501,709.9865356083501,709.9865356083501,709.9865356083501,709.9865356083501,0.0782606538814434,710.7208454453084,[-517.0],[322.0],[1],[0],[0],[0.7334496919211233],710.7217440787699,710.7249169505303,,,,,,,,,,,,,,ED26,1,2024-01-30_16h38.39.158,rating,2023.2.3,60.04008894224292,2024-01-30 16h38.52.660783 +0800,
neg_148.jpg,0.0,187.0,187.0,54.0,663.7694329486003,,,,,,,,,,,,,,,,,,,,,,,663.7410914975353,,663.7411217180779,663.7411282753656,663.7694329486003,664.7527720219368,664.7694372250935,665.7528053785718,665.7528053785718,666.0527858777696,665.9863138009805,665.9863226390626,666.0527858777696,666.0527858777696,666.0527858777696,666.0527858777696,666.0527858777696,666.0527858777696,0.0617149073932523,666.7869426163234,[-497.0],[318.0],[1],[0],[0],[0.7333045763025439],666.7877460265681,666.7908955201747,,,,,,,,,,,,,,ED26,1,2024-01-30_16h38.39.158,rating,2023.2.3,60.04008894224292,2024-01-30 16h38.52.660783 +0800,
neg_149.jpg,0.0,68.0,68.0,55.0,246.3654783911716,,,,,,,,,,,,,,,,,,,,,,,246.33654592895076,,246.3365761494933,246.33658270677915,246.3654783911716,247.34884426385543,247.36548722925545,248.34887419929876,248.34887419929876,248.61550062893,248.58240856575503,248.5824171187396,248.61550062893,248.61550062893,248.61550062893,248.61550062893,248.61550062893,248.61550062893,0.0289766526348103,249.11601979502484,[-454.0],[364.0],[1],[0],[0],[0.5001086228894565],249.11654665880636,249.11971468387677,,,,,,,,,,,,,,ED26,1,2024-01-30_16h38.39.158,rating,2023.2.3,60.04008894224292,2024-01-30 16h38.52.660783 +0800,
neg_15.jpg,0.0,89.0,89.0,56.0,317.6661559585209,,,,,,,,,,,,,,,,,,,,,,,317.6372309088856,,317.63726198472614,317.6372691122124,317.6661559585209,318.64951555901644,318.6661608052127,319.64952069080755,319.64952069080755,319.9328739050761,319.88309582648617,319.8831038092703,319.9328739050761,319.9328739050761,319.9328739050761,319.9328739050761,319.9328739050761,319.9328739050761,0.0456583915602095,320.5334207828382,[-511.0],[311.0],[1],[0],[0],[0.6000881527506863],320.53398499464674,321.49994754170075,space,320.54950637881484,320.54950637881484,0.9421142632963893,,,,,,,,,,ED26,1,2024-01-30_16h38.39.158,rating,2023.2.3,60.04008894224292,2024-01-30 16h38.52.660783 +0800,
neg_150.jpg,0.0,110.0,110.0,57.0,392.7168665974059,,,,,,,,,,,,,,,,,,,,,,,392.6879797510974,,392.6880076908419,392.6880142481296,392.7168665974059,393.7002293339956,393.7168725844949,394.7002492909578,394.7002492909578,394.98355204262407,394.9337454540892,394.9337540070719,394.98355204262407,394.98355204262407,394.98355204262407,394.98355204262407,394.98355204262407,394.98355204262407,0.0455950994819431,395.2841047364145,[-497.0],[337.0],[1],[0],[0],[0.3000252598121733],395.2847470654706,395.2878090335471,,,,,,,,,,,,,,ED26,1,2024-01-30_16h38.39.158,rating,2023.2.3,60.04008894224292,2024-01-30 16h38.52.660783 +0800,
neg_151.jpg,0.0,134.0,134.0,58.0,477.7010045193965,,,,,,,,,,,,,,,,,,,,,,,477.6724301420818,,477.6724606477237,477.67246720501134,477.7010045193965,478.68434302253263,478.70101022138624,479.6843772344673,479.6843772344673,479.9676996579947,479.9178850866756,479.91789306945975,479.9676996579947,479.9676996579947,479.9676996579947,479.9676996579947,479.9676996579947,479.9676996579947,0.0452917536695167,480.2683470048014,[-492.0],[366.0],[1],[0],[0],[0.30002183861688536],480.2690375156653,480.27219499205785,,,,,,,,,,,,,,ED26,1,2024-01-30_16h38.39.158,rating,2023.2.3,60.04008894224292,2024-01-30 16h38.52.660783 +0800,
neg_152.jpg,0.0,358.0,358.0,59.0,1263.108438430494,,,,,,,,,,,,,,,,,,,,,,,1263.0811566940774,,1263.081187769918,1263.081194612305,1263.108438430494,1264.091821124044,1264.1084458430796,1265.0918142816572,1265.0918142816572,1265.441815764174,1265.3253155765797,1265.3253244146615,1265.441815764174,1265.441815764174,1265.441815764174,1265.441815764174,1265.441815764174,1265.441815764174,0.1106813078531558,1267.5435842930729,[-481.0],[-317.0],[1],[0],[0],[2.1001497342313087],1267.544760043198,1267.5478727589762,,,,,,,,,,,,,,ED26,1,2024-01-30_16h38.39.158,rating,2023.2.3,60.04008894224292,2024-01-30 16h38.52.660783 +0800,
neg_153.jpg,0.0,143.0,143.0,60.0,504.8346143801882,,,,,,,,,,,,,,,,,,,,,,,504.80579025575753,,504.8058204762983,504.80582731868526,504.8346143801882,505.8179374879546,505.8346009805136,506.8179457558381,506.8179457558381,507.11794963319153,507.0514906709759,507.051499509058,507.11794963319153,507.11794963319153,507.11794963319153,507.11794963319153,507.11794963319153,507.11794963319153,0.0621773386992572,507.5186896943396,[-467.0],[323.0],[1],[0],[0],[0.4001270973330975],507.51935853764553,507.5224894997882,,,,,,,,,,,,,,ED26,1,2024-01-30_16h38.39.158,rating,2023.2.3,60.04008894224292,2024-01-30 16h38.52.660783 +0800,
neg_154.jpg,0.0,181.0,181.0,61.0,644.5359213900992,,,,,,,,,,,,,,,,,,,,,,,644.5075574161783,,644.5075882069177,644.5075950493047,644.5359213900992,645.5192621740316,645.5359239559948,646.5192655952251,646.5192655952251,646.8192740341692,646.7528019573783,646.7528107954622,646.8192740341692,646.8192740341692,646.8192740341692,646.8192740341692,646.8192740341692,646.8192740341692,0.0617382855489268,647.4867397395556,[-486.0],[339.0],[1],[0],[0],[0.6667124726445763],647.4875032358796,647.4905734718377,,,,,,,,,,,,,,ED26,1,2024-01-30_16h38.39.158,rating,2023.2.3,60.04008894224292,2024-01-30 16h38.52.660783 +0800,
neg_155.jpg,0.0,241.0,241.0,62.0,876.2381139188965,,,,,,,,,,,,,,,,,,,,,,,876.2100028281857,,876.2100339040262,876.2100410315124,876.2381139188965,877.2214504263375,877.2381355864545,878.2214575538237,878.2214575538237,878.5381306257241,878.4549902096842,878.4549981924702,878.5381306257241,878.5381306257241,878.5381306257241,878.5381306257241,878.5381306257241,878.5381306257241,0.0781491799971263,879.0392174248227,[-485.0],[311.0],[1],[0],[0],[0.5000473265081382],879.0401585381005,879.0432284889612,,,,,,,,,,,,,,ED26,1,2024-01-30_16h38.39.158,rating,2023.2.3,60.04008894224292,2024-01-30 16h38.52.660783 +0800,
neg_156.jpg,0.0,192.0,192.0,63.0,682.4196338866932,,,,,,,,,,,,,,,,,,,,,,,682.3913517363126,,682.3913822419545,682.3913890843396,682.4196338866932,683.40297210473,683.4196170658252,684.4029692537351,684.4029692537351,684.7029816840713,684.6365307046399,684.6365389725252,684.7029816840713,684.7029816840713,684.7029816840713,684.7029816840713,684.7029816840713,684.7029816840713,0.0616510451163776,684.9705090279585,[-498.0],[325.0],[1],[0],[0],[0.26671338496271346],684.9713238421828,684.9744434003478,,,,,,,,,,,,,,ED26,1,2024-01-30_16h38.39.158,rating,2023.2.3,60.04008894224292,2024-01-30 16h38.52.660783 +0800,
neg_157.jpg,0.0,90.0,90.0,64.0,321.5161856658833,,,,,,,,,,,,,,,,,,,,,,,321.5002856696465,321.5161856658833,322.4997716353409,322.4997790479283,322.5328622730176,323.49956949983243,323.53287396209635,324.4995521087658,324.4995521087658,324.78290988462686,324.7331021556947,324.7331107086775,324.78290988462686,324.78290988462686,324.78290988462686,324.78290988462686,324.78290988462686,324.78290988462686,0.0328169422045903,325.08351959830543,[-511.0],[311.0],[1],[0],[0],[0.3001193426280224],325.0841251495349,325.0872549712785,,,,,,322.5328622730176,,,,,,,,ED26,1,2024-01-30_16h38.39.158,rating,2023.2.3,60.04008894224292,2024-01-30 16h38.52.660783 +0800,
neg_158.jpg,0.0,17.0,17.0,65.0,77.0305392827122,,,,,,,,,,,,,,,,,,,,,,,77.00131801475072,,77.00134652469387,77.0013525117829,77.0305392827122,78.01387864114804,78.03054583999983,79.01389973850746,79.01389973850746,79.26389118552288,79.24746404040707,79.24747202319122,79.26389118552288,79.26389118552288,79.26389118552288,79.26389118552288,79.26389118552288,79.26389118552288,0.0125954085306148,79.84769787897494,[-465.0],[294.0],[1],[0],[0],[0.5834853863725584],79.84814291921248,79.85123938432116,,,,,,,,,,,,,,ED26,1,2024-01-30_16h38.39.158,rating,2023.2.3,60.04008894224292,2024-01-30 16h38.52.660783 +0800,
neg_159.jpg,0.0,268.0,268.0,66.0,961.5055868087912,,,,,,,,,,,,,,,,,,,,,,,961.4777117804224,,961.4777428562628,961.4777499837492,961.5055868087912,962.4889264523244,962.5055908001832,963.4889734937332,963.4889734937332,963.8222752760612,963.7224645250752,963.7224725078596,963.8222752760612,963.8222752760612,963.8222752760612,963.8222752760612,963.8222752760612,963.8222752760612,0.0945868737944692,964.1234055813349,[-504.0],[328.0],[1],[0],[0],[0.30000843894231366],964.1243284482498,964.1274659676784,,,,,,,,,,,,,,ED26,1,2024-01-30_16h38.39.158,rating,2023.2.3,60.04008894224292,2024-01-30 16h38.52.660783 +0800,
neg_16.jpg,0.0,347.0,347.0,67.0,1222.1413805313568,,,,,,,,,,,,,,,,,,,,,,,1222.1140069929188,,1222.1140374985607,1222.1140443409477,1222.1413805313568,1223.1247213152892,1223.141387658843,1224.124729012974,1224.124729012974,1224.474738763376,1224.3583343691953,1224.3583432072774,1224.474738763376,1224.474738763376,1224.474738763376,1224.474738763376,1224.474738763376,1224.474738763376,0.1107579996059939,1224.9429587278628,[-543.0],[356.0],[1],[0],[0],[0.46668498905819433],1224.944034408083,1224.9471414218715,,,,,,,,,,,,,,ED26,1,2024-01-30_16h38.39.158,rating,2023.2.3,60.04008894224292,2024-01-30 16h38.52.660783 +0800,
neg_160.jpg,0.0,303.0,303.0,68.0,1073.6233325958765,,,,,,,,,,,,,,,,,,,,,,,1073.5957683259076,,1073.595799401748,1073.5958062441332,1073.6233325958765,1074.6066514271515,1074.6233528379362,1075.6066642566257,1075.6066642566257,1075.940001961484,1075.840302114184,1075.840310096968,1075.940001961484,1075.940001961484,1075.940001961484,1075.940001961484,1075.940001961484,1075.940001961484,0.0942912256650743,1076.241386575466,[-505.0],[335.0],[1],[0],[0],[0.3000224088173127],1076.2424100824846,1076.2455111091858,,,,,,,,,,,,,,ED26,1,2024-01-30_16h38.39.158,rating,2023.2.3,60.04008894224292,2024-01-30 16h38.52.660783 +0800,
neg_161.jpg,0.0,158.0,158.0,69.0,568.4019009861022,,,,,,,,,,,,,,,,,,,,,,,568.3732644571082,,568.3732949627483,568.3733018051353,568.4019009861022,569.385206702802,569.4018796036435,570.3852152557847,570.3852152557847,570.685217992741,570.6188032209393,570.6188112037235,570.685217992741,570.685217992741,570.685217992741,570.685217992741,570.685217992741,570.685217992741,0.0619760584886535,571.3527019444919,[-517.0],[352.0],[1],[0],[0],[0.6667706329317298],571.3533784854826,571.3564954777521,,,,,,,,,,,,,,ED26,1,2024-01-30_16h38.39.158,rating,2023.2.3,60.04008894224292,2024-01-30 16h38.52.660783 +0800,
neg_162.jpg,0.0,155.0,155.0,70.0,558.451770296515,,,,,,,,,,,,,,,,,,,,,,,558.4233319116374,,558.4233627023787,558.4233695447638,558.451770296515,559.4351065188566,559.4517808451947,560.4351196334301,560.4351196334301,560.7351260766773,560.6686645485679,560.6686722462528,560.7351260766773,560.7351260766773,560.7351260766773,560.7351260766773,560.7351260766773,560.7351260766773,0.0618263812775694,561.0024986115659,[-476.0],[335.0],[1],[0],[0],[0.26669770449370844],561.0031948244196,561.0063123868877,,,,,,,,,,,,,,ED26,1,2024-01-30_16h38.39.158,rating,2023.2.3,60.04008894224292,2024-01-30 16h38.52.660783 +0800,
neg_163.jpg,0.0,67.0,67.0,71.0,243.14878285343548,,,,,,,,,,,,,,,,,,,,,,,243.1197979329154,,243.11982587266172,243.11983214484823,243.14878285343548,244.13212449266572,244.14878770012547,245.132131620152,245.132131620152,245.3988276140481,245.36567710548843,245.36568480317328,245.3988276140481,245.3988276140481,245.3988276140481,245.3988276140481,245.3988276140481,245.3988276140481,0.029051063591396,246.3326782698332,[-461.0],[323.0],[1],[0],[0],[0.9334543675522582],246.33317833426736,246.33631385800072,,,,,,,,,,,,,,ED26,1,2024-01-30_16h38.39.158,rating,2023.2.3,60.04008894224292,2024-01-30 16h38.52.660783 +0800,
neg_164.jpg,0.0,364.0,364.0,72.0,1283.358649689184,,,,,,,,,,,,,,,,,,,,,,,1283.3313593997864,,1283.3313901905258,1283.3313970329127,1283.358649689184,1284.3419662396643,1284.358680194826,1285.3419799244366,1285.3419799244366,1285.708674264757,1285.5755316819614,1285.5755396647455,1285.708674264757,1285.708674264757,1285.708674264757,1285.708674264757,1285.708674264757,1285.708674264757,0.1273376729277515,1286.027068196929,[-522.0],[372.0],[1],[0],[0],[0.3167377894751553],1286.028192914253,1286.0313406972618,,,,,,,,,,,,,,ED26,1,2024-01-30_16h38.39.158,rating,2023.2.3,60.04008894224292,2024-01-30 16h38.52.660783 +0800,
neg_165.jpg,0.0,197.0,197.0,73.0,695.6197352110357,,,,,,,,,,,,,,,,,,,,,,,695.5913755136062,,695.5914063043474,695.5914134318336,695.6197352110357,696.6030757098688,696.6197394875289,697.6030854032506,697.6030854032506,697.9197573347537,697.8366488498523,697.8366568326364,697.9197573347537,697.9197573347537,697.9197573347537,697.9197573347537,697.9197573347537,697.9197573347537,0.0784049142021103,698.4539478861025,[-489.0],[333.0],[1],[0],[0],[0.5333580609585624],698.4547310542857,698.4578161154168,,,,,,,,,,,,,,ED26,1,2024-01-30_16h38.39.158,rating,2023.2.3,60.04008894224292,2024-01-30 16h38.52.660783 +0800,
neg_166.jpg,0.0,244.0,244.0,74.0,884.9048720074534,,,,,,,,,,,,,,,,,,,,,,,884.8767734611192,,884.8768039667593,884.8768108091463,884.9048720074534,885.8881988215126,885.9048851220286,886.8882073744971,886.8882073744971,887.2048821569933,887.1217636936108,887.1217716763967,887.2048821569933,887.2048821569933,887.2048821569933,887.2048821569933,887.2048821569933,887.2048821569933,0.0781306485332606,887.5392379519817,[-502.0],[299.0],[1],[0],[0],[0.33336821049852006],887.5401095009966,887.5432307697574,,,,,,,,,,,,,,ED26,1,2024-01-30_16h38.39.158,rating,2023.2.3,60.04008894224292,2024-01-30 16h38.52.660783 +0800,
neg_167.jpg,0.0,332.0,332.0,75.0,1176.7242845999535,,,,,,,,,,,,,,,,,,,,,,,1176.6967722180852,,1176.696803579025,1176.696810421412,1176.7242845999535,1177.7076296603773,1177.7242914423405,1178.7076410643567,1178.7076410643567,1179.0576602230394,1178.9412518374666,1178.9412598202507,1179.0576602230394,1179.0576602230394,1179.0576602230394,1179.0576602230394,1179.0576602230394,1179.0576602230394,0.1109133788049803,1179.52580150008,[-528.0],[313.0],[1],[0],[0],[0.46666275129973656],1179.5268563680384,1179.5300035808486,,,,,,,,,,,,,,ED26,1,2024-01-30_16h38.39.158,rating,2023.2.3,60.04008894224292,2024-01-30 16h38.52.660783 +0800,
neg_168.jpg,0.0,346.0,346.0,76.0,1219.3080220142383,,,,,,,,,,,,,,,,,,,,,,,1219.2806527522937,,1219.2806838281322,1219.280690670519,1219.3080220142383,1220.2913645087683,1220.308054230476,1221.291368215061,1221.291368215061,1221.641399633019,1221.524906002713,1221.5249139854968,1221.641399633019,1221.641399633019,1221.641399633019,1221.641399633019,1221.641399633019,1221.641399633019,0.1107699737822258,1222.109566283911,[-543.0],[356.0],[1],[0],[0],[0.4666251181752159],1222.1106482363175,1222.113776347465,,,,,,,,,,,,,,ED26,1,2024-01-30_16h38.39.158,rating,2023.2.3,60.04008894224292,2024-01-30 16h38.52.660783 +0800,
neg_169.jpg,0.0,266.0,266.0,77.0,953.3388851699256,,,,,,,,,,,,,,,,,,,,,,,953.3110272475242,,953.3110583233648,953.3110651657516,953.3388851699256,954.322184614437,954.3388421199088,955.3221923121218,955.3221923121218,955.6555300169804,955.555761175614,955.555770013696,955.6555300169804,955.6555300169804,955.6555300169804,955.6555300169804,955.6555300169804,955.6555300169804,0.0945292837041051,958.423524353766,[441.0],[-329.0],[1],[0],[0],[2.7668422499136796],958.42449825348,958.4276360580096,,,,,,,,,,,,,,ED26,1,2024-01-30_16h38.39.158,rating,2023.2.3,60.04008894224292,2024-01-30 16h38.52.660783 +0800,
neg_17.jpg,0.0,156.0,156.0,78.0,561.0351789911365,,,,,,,,,,,,,,,,,,,,,,,561.0065225051803,,561.0065498747281,561.0065561469146,561.0351789911365,562.0184693124647,562.0351339454228,563.0184758697524,563.0184758697524,563.3184854490937,563.2520079554142,563.2520165083988,563.3184854490937,563.3184854490937,563.3184854490937,563.3184854490937,563.3184854490937,563.3184854490937,0.061985751868633,564.3192204354727,[-473.0],[328.0],[1],[0],[0],[1.0000581602871534],564.3199651152318,564.3230909455833,,,,,,,,,,,,,,ED26,1,2024-01-30_16h38.39.158,rating,2023.2.3,60.04008894224292,2024-01-30 16h38.52.660783 +0800,
neg_170.jpg,0.0,48.0,48.0,79.0,175.9148633176228,,,,,,,,,,,,,,,,,,,,,,,175.88562893508424,,175.88565887052755,175.8856657129145,175.9148633176228,176.89817245551603,176.91481713151188,177.89816190683632,177.89816190683632,178.16483110138506,178.13171623025482,178.13172392793967,178.16483110138506,178.16483110138506,178.16483110138506,178.16483110138506,178.16483110138506,178.16483110138506,0.0292198424649541,178.6986461767592,[-485.0],[313.0],[1],[0],[0],[0.5334675391459314],178.69909435309273,178.70226836525035,,,,,,,,,,,,,,ED26,1,2024-01-30_16h38.39.158,rating,2023.2.3,60.04008894224292,2024-01-30 16h38.52.660783 +0800,
neg_171.jpg,0.0,46.0,46.0,80.0,168.91474443115294,,,,,,,,,,,,,,,,,,,,,,,168.88553684796352,,168.88556792380405,168.88557476618917,168.91474443115294,169.8980852150853,169.91477579209095,170.8980903468746,170.8980903468746,171.1647772175893,171.13163697260825,171.1316443851938,171.1647772175893,171.1647772175893,171.1647772175893,171.1647772175893,171.1647772175893,171.1647772175893,0.0292546245982521,172.49848384113284,[-471.0],[326.0],[1],[0],[0],[1.3333322879698244],172.49893059196984,172.502107170023,,,,,,,,,,,,,,ED26,1,2024-01-30_16h38.39.158,rating,2023.2.3,60.04008894224292,2024-01-30 16h38.52.660783 +0800,
neg_172.jpg,0.0,283.0,283.0,81.0,1009.5893729750806,,,,,,,,,,,,,,,,,,,,,,,1009.5619575270248,,1009.5619908836596,1009.561998011146,1009.5893729750806,1010.572744549754,1010.589380387666,1011.572722882196,1011.572722882196,1011.906066859241,1011.806275780118,1011.8062837629022,1011.906066859241,1011.906066859241,1011.906066859241,1011.906066859241,1011.906066859241,1011.906066859241,0.09412900407915,1012.207341995034,[-501.0],[323.0],[1],[0],[0],[0.3000486379642098],1012.2082990738836,1012.2114836347208,,,,,,,,,,,,,,ED26,1,2024-01-30_16h38.39.158,rating,2023.2.3,60.04008894224292,2024-01-30 16h38.52.660783 +0800,
neg_173.jpg,0.0,285.0,285.0,82.0,1015.589431705568,,,,,,,,,,,,,,,,,,,,,,,1015.561653611012,,1015.5616838315544,1015.5616903888422,1015.589431705568,1016.5728012845448,1016.58944624564,1017.5728143991182,1017.5728143991182,1017.906116181446,1017.8063131281452,1017.80632082583,1017.906116181446,1017.906116181446,1017.906116181446,1017.906116181446,1017.906116181446,1017.906116181446,0.0944848081908276,1018.2075079229144,[-492.0],[329.0],[1],[0],[0],[0.300163818143119],1018.2085619355748,1018.2116458563067,,,,,,,,,,,,,,ED26,1,2024-01-30_16h38.39.158,rating,2023.2.3,60.04008894224292,2024-01-30 16h38.52.660783 +0800,
neg_174.jpg,0.0,104.0,104.0,83.0,371.9666715893836,,,,,,,,,,,,,,,,,,,,,,,371.9379221610088,,371.93795323684753,371.9379600792345,371.9666715893836,372.95001037761904,372.9666747254778,373.950018360405,373.950018360405,374.2333769915622,374.1835743944212,374.1835823772053,374.2333769915622,374.2333769915622,374.2333769915622,374.2333769915622,374.2333769915622,374.2333769915622,0.0454762130138988,375.63405062453967,[-515.0],[333.0],[1],[0],[0],[1.400133084422123],375.6346253850261,375.63760895075393,,,,,,,,,,,,,,ED26,1,2024-01-30_16h38.39.158,rating,2023.2.3,60.04008894224292,2024-01-30 16h38.52.660783 +0800,
neg_175.jpg,0.0,374.0,374.0,84.0,1312.8756159573586,,,,,,,,,,,,,,,,,,,,,,,1312.8483826878492,,1312.848414048789,1312.848420891176,1312.8756159573586,1313.8589544604947,1313.8755774689323,1314.8589310823409,1314.8589310823409,1315.225596342516,1315.092458321311,1315.092466304097,1315.225596342516,1315.225596342516,1315.225596342516,1315.225596342516,1315.225596342516,1315.225596342516,0.127251572894238,1316.0440247717215,[-518.0],[312.0],[1],[0],[0],[0.8166619530238677],1316.045177998989,1316.0483947760658,,,,,,,,,,,,,,ED26,1,2024-01-30_16h38.39.158,rating,2023.2.3,60.04008894224292,2024-01-30 16h38.52.660783 +0800,
neg_176.jpg,0.0,301.0,301.0,85.0,1067.0232481494186,,,,,,,,,,,,,,,,,,,,,,,1066.9956279999587,,1066.9956630671911,1066.9956710499755,1067.0232481494186,1068.0065994820309,1068.0232567024032,1069.0065991969311,1069.0065991969311,1069.3399483057674,1069.2401492438585,1069.2401569415451,1069.3399483057674,1069.3399483057674,1069.3399483057674,1069.3399483057674,1069.3399483057674,1069.3399483057674,0.0943433988650213,1069.9412435695813,[-506.0],[355.0],[1],[0],[0],[0.6000063292067352],1069.9422642256068,1069.9453604056162,,,,,,,,,,,,,,ED26,1,2024-01-30_16h38.39.158,rating,2023.2.3,60.04008894224292,2024-01-30 16h38.52.660783 +0800,
neg_177.jpg,0.0,7.0,7.0,86.0,45.196927312184926,,,,,,,,,,,,,,,,,,,,,,,45.16767439818432,,45.167704903824415,45.16771174621135,45.196927312184926,46.18024101166884,46.19690764032384,47.1802538411448,47.1802538411448,47.43026496002312,47.41379590528777,47.41380331787332,47.43026496002312,47.43026496002312,47.43026496002312,47.43026496002312,47.43026496002312,47.43026496002312,0.01260624230963,48.44733899578932,[-460.0],[280.0],[1],[0],[0],[1.016787225720691],48.44775809197745,48.45084115741338,,,,,,,,,,,,,,ED26,1,2024-01-30_16h38.39.158,rating,2023.2.3,60.04008894224292,2024-01-30 16h38.52.660783 +0800,
neg_178.jpg,0.0,289.0,289.0,87.0,1026.1895278411012,,,,,,,,,,,,,,,,,,,,,,,1026.1619470353653,,1026.161977255906,1026.1619838131935,1026.1895278411012,1027.172892858487,1027.189539530178,1028.1728797439118,1028.1728797439118,1028.5062234358593,1028.4064223782534,1028.4064303610394,1028.5062234358593,1028.5062234358593,1028.5062234358593,1028.5062234358593,1028.5062234358593,1028.5062234358593,0.0943000637489603,1029.707477987471,[-509.0],[345.0],[1],[0],[0],[1.2000271984888968],1029.7084424789064,1029.7114468568925,,,,,,,,,,,,,,ED26,1,2024-01-30_16h38.39.158,rating,2023.2.3,60.04008894224292,2024-01-30 16h38.52.660783 +0800,
neg_179.jpg,0.0,38.0,38.0,88.0,146.41453459795775,,,,,,,,,,,,,,,,,,,,,,,146.3855964337472,,146.38562750958772,146.38563435197466,146.41453459795775,147.39787053520013,147.41453773405192,148.39787737758706,148.39787737758706,148.66455056352788,148.6314633470447,148.63147047453094,148.66455056352788,148.66455056352788,148.66455056352788,148.66455056352788,148.66455056352788,148.66455056352788,0.0289715208455163,149.33167871116893,[-486.0],[-297.0],[1],[0],[0],[0.666800568375038],149.33213743618035,149.33526896852163,,,,,,,,,,,,,,ED26,1,2024-01-30_16h38.39.158,rating,2023.2.3,60.04008894224292,2024-01-30 16h38.52.660783 +0800,
neg_18.jpg,0.0,278.0,278.0,89.0,994.6392325921132,,,,,,,,,,,,,,,,,,,,,,,994.611619570138,,994.6116506459784,994.6116574883654,994.6392325921132,995.6225748015422,995.6392365835054,996.6225907671104,996.6225907671104,996.9559316080632,996.8561348269504,996.8561428097346,996.9559316080632,996.9559316080632,996.9559316080632,996.9559316080632,996.9559316080632,996.9559316080632,0.0943365564780833,997.6571995593496,[-503.0],[-308.0],[1],[0],[0],[0.7000468703499791],997.658221355774,997.6613520328156,,,,,,,,,,,,,,ED26,1,2024-01-30_16h38.39.158,rating,2023.2.3,60.04008894224292,2024-01-30 16h38.52.660783 +0800,
neg_180.jpg,0.0,291.0,291.0,90.0,1032.3895889664236,,,,,,,,,,,,,,,,,,,,,,,1032.3618639003653,,1032.3618918401116,1032.3618981123,1032.3895889664236,1033.372928609957,1033.3896391439266,1034.3729363076436,1034.3729363076436,1034.7062865568769,1034.606474665492,1034.6064837886752,1034.7062865568769,1034.7062865568769,1034.7062865568769,1034.7062865568769,1034.7062865568769,1034.7062865568769,0.0944477452630963,1035.707600010035,[-509.0],[345.0],[1],[0],[0],[1.0000533135971637],1035.7086035600933,1035.7117137099758,,,,,,,,,,,,,,ED26,1,2024-01-30_16h38.39.158,rating,2023.2.3,60.04008894224292,2024-01-30 16h38.52.660783 +0800,
neg_181.jpg,0.0,296.0,296.0,91.0,1049.0397383015152,,,,,,,,,,,,,,,,,,,,,,,1049.0119040423688,,1049.0119345480089,1049.0119411052965,1049.0397383015152,1050.0230876384303,1050.039751130989,1051.0230959063138,1051.0230959063138,1051.35643446647,1051.2566419618488,1051.256649944633,1051.35643446647,1051.35643446647,1051.35643446647,1051.35643446647,1051.35643446647,1051.35643446647,0.0945546575567277,1051.857813777602,[-502.0],[341.0],[1],[0],[0],[0.5001157503756986],1051.858788532616,1051.8618898444147,,,,,,,,,,,,,,ED26,1,2024-01-30_16h38.39.158,rating,2023.2.3,60.04008894224292,2024-01-30 16h38.52.660783 +0800,
neg_182.jpg,0.0,371.0,371.0,92.0,1303.858821033953,,,,,,,,,,,,,,,,,,,,,,,1303.8316735793778,,1303.8317040850195,1303.8317109274049,1303.858821033953,1304.842164383781,1304.8588253104444,1305.8421700857689,1305.8421700857689,1306.2088504562162,1306.0756993204377,1306.0757078734205,1306.2088504562162,1306.2088504562162,1306.2088504562162,1306.2088504562162,1306.2088504562162,1306.2088504562162,0.1272019655898475,1306.9105383589904,[-505.0],[340.0],[1],[0],[0],[0.7000123733159853],1306.9116759057888,1306.9148071530308,,,,,,,,,,,,,,ED26,1,2024-01-30_16h38.39.158,rating,2023.2.3,60.04008894224292,2024-01-30 16h38.52.660783 +0800,
neg_183.jpg,0.0,186.0,186.0,93.0,660.9861156568641,,,,,,,,,,,,,,,,,,,,,,,660.957640209057,,660.9576704295996,660.9576775570858,660.9861156568641,661.9693957146137,661.9861071038795,662.9694330626407,662.9694330626407,663.2694269615131,663.2030053473245,663.2030136152098,663.2694269615131,663.2694269615131,663.2694269615131,663.2694269615131,663.2694269615131,663.2694269615131,0.0618098455106519,663.7369464366566,[-497.0],[318.0],[1],[0],[0],[0.4667020950237202],663.7377538382934,663.7408611371811,,,,,,,,,,,,,,ED26,1,2024-01-30_16h38.39.158,rating,2023.2.3,60.04008894224292,2024-01-30 16h38.52.660783 +0800,
neg_184.jpg,0.0,380.0,380.0,94.0,1331.3757927190163,,,,,,,,,,,,,,,,,,,,,,,1331.3487664317072,,1331.3487969373473,1331.3488040648335,1331.3757927190163,1332.3591095545944,1332.3757719067562,1333.3590958698203,1333.3590958698203,1333.725791065439,1333.5926878263672,1333.5926960942525,1333.725791065439,1333.725791065439,1333.725791065439,1333.725791065439,1333.725791065439,1333.725791065439,0.1270511479815468,1335.8442290739858,[-492.0],[-331.0],[1],[0],[0],[2.116730547948464],1335.8454236406742,1335.848528088567,,,,,,,,,,,,,,ED26,1,2024-01-30_16h38.39.158,rating,2023.2.3,60.04008894224292,2024-01-30 16h38.52.660783 +0800,
neg_185.jpg,0.0,153.0,153.0,95.0,552.4184056782688,,,,,,,,,,,,,,,,,,,,,,,552.3903134041211,,552.3903436246637,552.3903504670507,552.4184056782688,553.4017176671568,553.4183811597159,554.4017293562338,554.4017293562338,554.7017343739844,554.6352734160737,554.6352813988578,554.7017343739844,554.7017343739844,554.7017343739844,554.7017343739844,554.7017343739844,554.7017343739844,0.0614471990120364,555.3026202349902,[-482.0],[362.0],[1],[0],[0],[0.6001112458052376],555.3033113160527,555.3064474099847,,,,,,,,,,,,,,ED26,1,2024-01-30_16h38.39.158,rating,2023.2.3,60.04008894224292,2024-01-30 16h38.52.660783 +0800,
neg_186.jpg,0.0,318.0,318.0,96.0,1119.5404347994663,,,,,,,,,,,,,,,,,,,,,,,1119.5128864950675,,1119.5129175709062,1119.5129244132931,1119.5404347994663,1120.5237373800735,1120.5404182636994,1121.5237627539243,1121.5237627539243,1121.8737673725354,1121.757359272062,1121.757367254846,1121.8737673725354,1121.8737673725354,1121.8737673725354,1121.8737673725354,1121.8737673725354,1121.8737673725354,0.1109085321131715,1122.3751965760694,[-528.0],[324.0],[1],[0],[0],[0.5000253738508036],1122.3762297764715,1122.3793424922478,,,,,,,,,,,,,,ED26,1,2024-01-30_16h38.39.158,rating,2023.2.3,60.04008894224292,2024-01-30 16h38.52.660783 +0800,
neg_187.jpg,0.0,304.0,304.0,97.0,1076.2733505001215,,,,,,,,,,,,,,,,,,,,,,,1076.24574146954,,1076.2457714049815,1076.2457782473684,1076.2733505001215,1077.256676743982,1077.2733436577346,1078.2567135218103,1078.2567135218103,1078.5900478054757,1078.490244181976,1078.4902527349586,1078.5900478054757,1078.5900478054757,1078.5900478054757,1078.5900478054757,1078.5900478054757,1078.5900478054757,0.0943322799867019,1078.791368215061,[-548.0],[362.0],[1],[0],[0],[0.19999070575795486],1078.7923726204172,1078.7955845508022,,,,,,,,,,,,,,ED26,1,2024-01-30_16h38.39.158,rating,2023.2.3,60.04008894224292,2024-01-30 16h38.52.660783 +0800,
neg_188.jpg,0.0,2.0,2.0,98.0,26.913396195861424,,,,,,,,,,,,,,,,,,,,,,,26.88417977458812,,26.88420999513073,26.88421712261697,26.913396195861424,27.896736409595174,27.91340132765072,28.89674695827489,28.89674695827489,29.146770906627356,29.130277618438413,29.130286171422995,29.146770906627356,29.146770906627356,29.146770906627356,29.146770906627356,29.146770906627356,29.146770906627356,0.0126113740989239,31.31384574067124,[-475.0],[-306.0],[1],[0],[0],[2.1667791859144927],31.31424972658897,31.31732937083143,,,,,,,,,,,,,,ED26,1,2024-01-30_16h38.39.158,rating,2023.2.3,60.04008894224292,2024-01-30 16h38.52.660783 +0800,
neg_189.jpg,0.0,49.0,49.0,99.0,178.73150588388307,,,,,,,,,,,,,,,,,,,,,,,178.70247734314762,,178.70250471269355,178.70251098488188,178.73150588388307,179.7148452423171,179.73151415176653,180.71485208470403,180.71485208470403,180.9815244153469,180.9484086889188,180.94841695680225,180.9815244153469,180.9815244153469,180.9815244153469,180.9815244153469,180.9815244153469,180.9815244153469,0.0290681695587409,184.1819575954487,[-492.0],[-282.0],[1],[0],[0],[3.2000776610912],184.1824257287426,184.18551021967505,,,,,,,,,,,,,,ED26,1,2024-01-30_16h38.39.158,rating,2023.2.3,60.04008894224292,2024-01-30 16h38.52.660783 +0800,
neg_19.jpg,0.0,70.0,70.0,100.0,252.198911604346,,,,,,,,,,,,,,,,,,,,,,,252.17004328949952,,252.17007351004213,252.17008006732976,252.198911604346,253.18220620216744,253.1989212977278,254.18221760614503,254.18221760614503,254.4488990599693,254.4157830484437,254.41579103122783,254.4488990599693,254.4488990599693,254.4488990599693,254.4488990599693,254.4488990599693,254.4488990599693,0.0288751572315959,255.28267410738223,[-508.0],[-303.0],[1],[0],[0],[0.8333434068463248],255.28321579633484,255.2863858171004,,,,,,,,,,,,,,ED26,1,2024-01-30_16h38.39.158,rating,2023.2.3,60.04008894224292,2024-01-30 16h38.52.660783 +0800,
neg_190.jpg,0.0,132.0,132.0,101.0,472.2009526312977,,,,,,,,,,,,,,,,,,,,,,,472.17231809799887,,472.1723486036408,472.1723551609266,472.2009526312977,473.18432905265945,473.2009466442087,474.1843048192077,474.1843048192077,474.46763722121614,474.4178588575269,474.4178665552117,474.46763722121614,474.46763722121614,474.46763722121614,474.46763722121614,474.46763722121614,474.46763722121614,0.0453407907734799,474.8682335922422,[-494.0],[324.0],[1],[0],[0],[0.4000193297415535],474.8688762063976,474.8719701056125,,,,,,,,,,,,,,ED26,1,2024-01-30_16h38.39.158,rating,2023.2.3,60.04008894224292,2024-01-30 16h38.52.660783 +0800,
neg_191.jpg,0.0,160.0,160.0,102.0,573.8352498668592,,,,,,,,,,,,,,,,,,,,,,,573.8066692173561,,573.8066994378987,573.806706565385,573.8352498668592,574.8185909358908,574.8352837936927,575.8185972080773,575.8185972080773,576.1186036513263,576.052129293741,576.0521384169224,576.1186036513263,576.1186036513263,576.1186036513263,576.1186036513263,576.1186036513263,576.1186036513263,0.061956101526448,576.5194400760865,[-517.0],[352.0],[1],[0],[0],[0.40012823773031414],576.5201428462278,576.5232387411379,,,,,,,,,,,,,,ED26,1,2024-01-30_16h38.39.158,rating,2023.2.3,60.04008894224292,2024-01-30 16h38.52.660783 +0800,
neg_192.jpg,0.0,59.0,59.0,103.0,211.59848218755724,,,,,,,,,,,,,,,,,,,,,,,211.56943197926373,,211.56946219980452,211.56946904219149,211.59848218755724,212.5818449241469,212.59848475345095,213.58184036255443,213.58184036255443,213.848503570016,213.81540894094724,213.8154166386321,213.848503570016,213.848503570016,213.848503570016,213.848503570016,213.848503570016,213.848503570016,0.0290872712230338,215.0489515752888,[-481.0],[308.0],[1],[0],[0],[1.200030904779851],215.0494590523067,216.18227206013944,space,215.0651791507917,215.0651791507917,1.1077673063919065,,,,,,,,,,ED26,1,2024-01-30_16h38.39.158,rating,2023.2.3,60.04008894224292,2024-01-30 16h38.52.660783 +0800,
neg_2.jpg,0.0,15.0,15.0,104.0,70.68048648229524,,,,,,,,,,,,,,,,,,,,,,,70.6516506687858,,70.65167803833356,70.65168431052189,70.68048648229524,71.66382527053065,71.6805052988584,72.66383952550314,72.66383952550314,72.91384494239355,72.897371611165,72.89737959394915,72.91384494239355,72.91384494239355,72.91384494239355,72.91384494239355,72.91384494239355,72.91384494239355,0.0122165113625669,73.7975942168141,[-469.0],[289.0],[1],[0],[0],[0.8834433627143881],73.79803184446791,73.80113401156632,,,,,,,,,,,,,,ED26,1,2024-01-30_16h38.39.158,rating,2023.2.3,60.04008894224292,2024-01-30 16h38.52.660783 +0800,
neg_20.jpg,0.0,135.0,135.0,105.0,480.30105589431696,,,,,,,,,,,,,,,,,,,,,,,480.2724247822134,,480.2724544325556,480.2724609898432,480.30105589431696,481.2843738702941,481.30108098306846,482.2843849891724,482.2843849891724,482.5677920872368,482.51798150730974,482.5179897751932,482.5677920872368,482.5677920872368,482.5677920872368,482.5677920872368,482.5677920872368,482.5677920872368,0.0453901129785663,483.36834877241927,[-515.0],[-314.0],[1],[0],[0],[0.7999676697236282],483.3690027905541,483.372067039425,,,,,,,,,,,,,,ED26,1,2024-01-30_16h38.39.158,rating,2023.2.3,60.04008894224292,2024-01-30 16h38.52.660783 +0800,
neg_21.jpg,0.0,205.0,205.0,106.0,720.4866676093952,,,,,,,,,,,,,,,,,,,,,,,720.4583267285288,,720.4583569490715,720.4583635063591,720.4866676093952,721.4699767472885,721.4866775878763,722.4700069678311,722.4700069678311,722.7866569466769,722.7035649975423,722.7035729803265,722.7866569466769,722.7866569466769,722.7866569466769,722.7866569466769,722.7866569466769,722.7866569466769,0.0783527410021633,724.4208221811932,[-513.0],[336.0],[1],[0],[0],[1.633317918955072],724.4216327189242,724.4247776509401,,,,,,,,,,,,,,ED26,1,2024-01-30_16h38.39.158,rating,2023.2.3,60.04008894224292,2024-01-30 16h38.52.660783 +0800,
neg_22.jpg,0.0,254.0,254.0,107.0,914.455137606099,,,,,,,,,,,,,,,,,,,,,,,914.42711888761,,914.427149393252,914.4271565207382,914.455137606099,915.438507470175,915.4551450186846,916.4384889387112,916.4384889387112,916.7718876548516,916.6720683508828,916.6720763336672,916.7718876548516,916.7718876548516,916.7718876548516,916.7718876548516,916.7718876548516,916.7718876548516,0.0947918602960271,917.4397590567552,[-509.0],[-316.0],[1],[0],[0],[0.6667560928617604],917.4407010253308,917.44380775402,,,,,,,,,,,,,,ED26,1,2024-01-30_16h38.39.158,rating,2023.2.3,60.04008894224292,2024-01-30 16h38.52.660783 +0800,
neg_23.jpg,0.0,146.0,146.0,108.0,513.3346773871654,,,,,,,,,,,,,,,,,,,,,,,513.3061050055476,,513.3061363664874,513.306142923775,513.3346773871654,514.3180444002483,514.3346845146516,515.318025298584,515.318025298584,515.618031741833,515.5515935918775,515.5516018597609,515.618031741833,515.618031741833,515.618031741833,515.618031741833,515.618031741833,515.618031741833,0.0619481187422934,516.2520652604035,[-513.0],[343.0],[1],[0],[0],[0.6333393014137982],516.2527896981028,516.2559252218362,,,,,,,,,,,,,,ED26,1,2024-01-30_16h38.39.158,rating,2023.2.3,60.04008894224292,2024-01-30 16h38.52.660783 +0800,
neg_24.jpg,0.0,239.0,239.0,109.0,859.087954890425,,,,,,,,,,,,,,,,,,,,,,,859.0598455103118,,859.0598754457533,859.0598820030409,859.087954890425,860.0712896872683,860.0879537500277,861.0712999508487,861.0712999508487,861.3880200641579,861.3048440106886,861.3048519934728,861.3880200641579,861.3880200641579,861.3880200641579,861.3880200641579,861.3880200641579,861.3880200641579,0.078199072400821,861.8056856242601,[-509.0],[339.0],[1],[0],[0],[0.4166383467872947],861.8065235315389,872.38845911731,space,861.8213053677391,861.8213053677391,10.558755004922205,,,,,,,,,,ED26,1,2024-01-30_16h38.39.158,rating,2023.2.3,60.04008894224292,2024-01-30 16h38.52.660783 +0800,
neg_25.jpg,0.0,361.0,361.0,110.0,1275.058550018417,,,,,,,,,,,,,,,,,,,,,,,1275.031418529412,,1275.0314504605503,1275.0314573029373,1275.058550018417,1276.04189051725,1276.0585591416002,1277.0418970745377,1277.0418970745377,1277.3918315586834,1277.2754485469611,1277.2754568148466,1277.3918315586834,1277.3918315586834,1277.3918315586834,1277.3918315586834,1277.3918315586834,1277.3918315586834,0.1104284246430324,1277.860204051378,[-492.0],[342.0],[1],[0],[0],[0.4667214817873173],1277.8613102372365,1277.8643836092906,,,,,,,,,,,,,,ED26,1,2024-01-30_16h38.39.158,rating,2023.2.3,60.04008894224292,2024-01-30 16h38.52.660783 +0800,
neg_26.jpg,0.0,125.0,125.0,111.0,447.4507610444671,,,,,,,,,,,,,,,,,,,,,,,447.4219682809762,,447.4219987866163,447.42200562900325,447.4507610444671,448.4340641952731,448.4507228411421,449.4340681866652,449.4340681866652,449.7174060055622,449.6676142422002,449.6676225100837,449.7174060055622,449.7174060055622,449.7174060055622,449.7174060055622,449.7174060055622,449.7174060055622,0.0454588219472498,451.0679882356562,[-527.0],[351.0],[1],[0],[0],[1.350021724578255],451.0686502365752,451.07182595933045,,,,,,,,,,,,,,ED26,1,2024-01-30_16h38.39.158,rating,2023.2.3,60.04008894224292,2024-01-30 16h38.52.660783 +0800,
neg_27.jpg,0.0,131.0,131.0,112.0,469.1009237792332,,,,,,,,,,,,,,,,,,,,,,,469.0722818333488,,469.0723126240901,469.0723200366756,469.1009237792332,470.0842659886621,470.1009294812211,471.0842568654807,471.0842568654807,471.36765455526256,471.31784369023626,471.3178513879211,471.36765455526256,471.36765455526256,471.36765455526256,471.36765455526256,471.36765455526256,471.36765455526256,0.0453921086755144,472.1683153017439,[-503.0],[329.0],[1],[0],[0],[0.8000383743856219],472.1689707453752,472.1720814654564,,,,,,,,,,,,,,ED26,1,2024-01-30_16h38.39.158,rating,2023.2.3,60.04008894224292,2024-01-30 16h38.52.660783 +0800,
neg_28.jpg,0.0,28.0,28.0,113.0,112.41420730379104,,,,,,,,,,,,,,,,,,,,,,,112.38502880074702,,112.38505959148642,112.38506643387336,112.41420730379104,113.39754951322176,113.41421528657702,114.39755407481243,114.39755407481243,114.66422612035603,114.63111381512137,114.63112236810412,114.66422612035603,114.66422612035603,114.66422612035603,114.66422612035603,114.66422612035603,114.66422612035603,0.029212714980531,114.898015935918,[-456.0],[349.0],[1],[0],[0],[0.23346480219152],114.89846895894152,114.90155687106744,,,,,,,,,,,,,,ED26,1,2024-01-30_16h38.39.158,rating,2023.2.3,60.04008894224292,2024-01-30 16h38.52.660783 +0800,
neg_29.jpg,0.0,64.0,64.0,114.0,231.8986739454449,,,,,,,,,,,,,,,,,,,,,,,231.86967534015275,,231.86970556069355,231.86971240308048,231.8986739454449,232.8820341161409,232.89868078783184,233.882031265146,233.882031265146,234.14872469314832,234.1155636359072,234.11557190379065,234.14872469314832,234.14872469314832,234.14872469314832,234.14872469314832,234.14872469314832,234.14872469314832,0.0290744417470705,236.08245019027527,[-501.0],[328.0],[1],[0],[0],[1.9333297790944926],236.0829647947794,236.08608834433653,,,,,,,,,,,,,,ED26,1,2024-01-30_16h38.39.158,rating,2023.2.3,60.04008894224292,2024-01-30 16h38.52.660783 +0800,
neg_3.jpg,0.0,106.0,106.0,115.0,379.1667355656991,,,,,,,,,,,,,,,,,,,,,,,379.13788236112487,,379.1379131518661,379.137919994253,379.1667355656991,380.1500763496315,380.1667683521373,381.1500934555989,381.1500934555989,381.4334247172101,381.3836167031786,381.3836246859628,381.4334247172101,381.4334247172101,381.4334247172101,381.4334247172101,381.4334247172101,381.4334247172101,0.0455588918521243,382.6840023286932,[-491.0],[305.0],[1],[0],[0],[1.2500530284978595],382.6846466534462,382.6876972175433,,,,,,,,,,,,,,ED26,1,2024-01-30_16h38.39.158,rating,2023.2.3,60.04008894224292,2024-01-30 16h38.52.660783 +0800,
neg_30.jpg,0.0,249.0,249.0,116.0,900.1550022979009,,,,,,,,,,,,,,,,,,,,,,,900.127010378761,,900.1270414545997,900.127048582086,900.1550022979009,901.1383436520318,901.15500828499,902.1383522050164,902.1383522050164,902.4550244216188,902.3719122304246,902.3719207834074,902.4550244216188,902.4550244216188,902.4550244216188,902.4550244216188,902.4550244216188,902.4550244216188,0.0780359955169842,902.9561035230308,[-505.0],[312.0],[1],[0],[0],[0.5000273695477517],902.9569819144308,902.9605653293984,,,,,,,,,,,,,,ED26,1,2024-01-30_16h38.39.158,rating,2023.2.3,60.04008894224292,2024-01-30 16h38.52.660783 +0800,
neg_31.jpg,0.0,214.0,214.0,117.0,777.1705040102097,,,,,,,,,,,,,,,,,,,,,,,777.1423923492985,,777.1424228549404,777.1424296973273,777.1705040102097,778.1538567683183,778.1705111376959,779.1538550577206,779.1538550577206,779.4705241382308,779.387414227831,779.3874222106151,779.4705241382308,779.4705241382308,779.4705241382308,779.4705241382308,779.4705241382308,779.4705241382308,0.0781560223840642,781.1381526354016,[-540.0],[-299.0],[1],[0],[0],[1.6667124726445763],781.1389449267699,781.1420892885853,,,,,,,,,,,,,,ED26,1,2024-01-30_16h38.39.158,rating,2023.2.3,60.04008894224292,2024-01-30 16h38.52.660783 +0800,
neg_32.jpg,0.0,226.0,226.0,118.0,818.1709022941377,,,,,,,,,,,,,,,,,,,,,,,818.1430857111573,,818.1431159316999,818.1431227740868,818.1709022941377,819.1542388015787,819.1709000133433,820.1542425078715,820.1542425078715,820.4709341112375,820.3878005375827,820.3878085203687,820.4709341112375,820.4709341112375,820.4709341112375,820.4709341112375,820.4709341112375,820.4709341112375,0.0778717782341118,822.1385660296019,[-510.0],[367.0],[1],[0],[0],[1.6667056302576384],822.1393962391958,822.1424083148686,,,,,,,,,,,,,,ED26,1,2024-01-30_16h38.39.158,rating,2023.2.3,60.04008894224292,2024-01-30 16h38.52.660783 +0800,
neg_33.jpg,0.0,236.0,236.0,119.0,849.3378813347681,,,,,,,,,,,,,,,,,,,,,,,849.3098044559902,,849.3098346765328,849.3098418040172,849.3378813347681,850.3211970299471,850.3378650840987,851.3212027319369,851.3212027319369,851.6378792250307,851.554775586821,851.5547835696052,851.6378792250307,851.6378792250307,851.6378792250307,851.6378792250307,851.6378792250307,851.6378792250307,0.0781004279906483,852.7222150630587,[-533.0],[-287.0],[1],[0],[0],[1.0833166074990004],852.723047553447,852.7262355354796,,,,,,,,,,,,,,ED26,1,2024-01-30_16h38.39.158,rating,2023.2.3,60.04008894224292,2024-01-30 16h38.52.660783 +0800,
neg_34.jpg,0.0,114.0,114.0,120.0,405.6669884489111,,,,,,,,,,,,,,,,,,,,,,,405.6383060189055,,405.63835363051294,405.638359617602,405.6669884489111,406.6503303732407,406.66699386579967,407.6503383560248,407.6503383560248,407.9336747494253,407.8838872625547,407.88389553043817,407.9336747494253,407.9336747494253,407.9336747494253,407.9336747494253,407.9336747494253,407.9336747494253,0.0453727219137363,408.9342466589187,[-498.0],[-334.0],[1],[0],[0],[1.000050462602303],408.934849074054,408.9379897295767,,,,,,,,,,,,,,ED26,1,2024-01-30_16h38.39.158,rating,2023.2.3,60.04008894224292,2024-01-30 16h38.52.660783 +0800,
neg_35.jpg,0.0,180.0,180.0,121.0,639.9525377842292,,,,,,,,,,,,,,,,,,,,,,,639.9367033608669,639.9525377842292,640.9361066477213,640.9361134901083,640.9692200933532,641.9358916827368,641.9692540201868,642.9359087887042,642.9359087887042,643.2359052534703,643.1694710949068,643.1694799329907,643.2359052534703,643.2359052534703,643.2359052534703,643.2359052534703,643.2359052534703,643.2359052534703,0.0494157171906408,644.5034186274861,[506.0],[-302.0],[1],[0],[0],[1.2667384737142129],644.5042217526316,644.5073167922437,,,,,,640.9692200933532,,,,,,,,ED26,1,2024-01-30_16h38.39.158,rating,2023.2.3,60.04008894224292,2024-01-30 16h38.52.660783 +0800,
neg_36.jpg,0.0,351.0,351.0,122.0,1240.1248849623737,,,,,,,,,,,,,,,,,,,,,,,1240.0977138445433,,1240.0977457756817,1240.0977526180686,1240.1248849623737,1241.1082251761054,1241.124890379262,1242.1082360098844,1242.1082360098844,1242.4582426241925,1242.3417663849505,1242.3417749379332,1242.4582426241925,1242.4582426241925,1242.4582426241925,1242.4582426241925,1242.4582426241925,1242.4582426241925,0.1105541534998337,1245.4931653109234,[-535.0],[-320.0],[1],[0],[0],[3.033384860307706],1245.4942583822085,1245.4972422330356,,,,,,,,,,,,,,ED26,1,2024-01-30_16h38.39.158,rating,2023.2.3,60.04008894224292,2024-01-30 16h38.52.660783 +0800,
neg_37.jpg,0.0,196.0,196.0,123.0,692.8864175201597,,,,,,,,,,,,,,,,,,,,,,,692.8579805607787,,692.8580079303265,692.8580142025148,692.8864175201597,693.8697169646712,693.8863918612096,694.869726658053,694.869726658053,695.1864236783076,695.1033197549968,695.103327737781,695.1864236783076,695.1864236783076,695.1864236783076,695.1864236783076,695.1864236783076,695.1864236783076,0.0784693466775934,695.587286902417,[-537.0],[-351.0],[1],[0],[0],[0.39999224529492494],695.5880321523746,695.5911383108651,,,,,,,,,,,,,,ED26,1,2024-01-30_16h38.39.158,rating,2023.2.3,60.04008894224292,2024-01-30 16h38.52.660783 +0800,
neg_38.jpg,0.0,300.0,300.0,124.0,1062.173200480791,,,,,,,,,,,,,,,,,,,,,,,1062.157277961698,1062.173200480791,1063.1567587956033,1063.1567659230896,1063.1899070233685,1064.1565840296407,1064.1899258399317,1065.156590301829,1065.156590301829,1065.4899670653122,1065.390136357364,1065.3901446252476,1065.4899670653122,1065.4899670653122,1065.4899670653122,1065.4899670653122,1065.4899670653122,1065.4899670653122,0.082888103028381,1066.991216085995,[-505.0],[-278.0],[1],[0],[0],[1.499961796673233],1066.9922321804297,1066.995381388937,,,,,,1063.1899070233685,,,,,,,,ED26,1,2024-01-30_16h38.39.158,rating,2023.2.3,60.04008894224292,2024-01-30 16h38.52.660783 +0800,
neg_39.jpg,0.0,269.0,269.0,125.0,964.155636929274,,,,,,,,,,,,,,,,,,,,,,,964.1276766561714,,964.127704881017,964.1277111532036,964.155636929274,965.138953764852,965.1556149766166,966.1389594668416,966.1389594668416,966.4723011630922,966.372494973697,966.3725029564812,966.4723011630922,966.4723011630922,966.4723011630922,966.4723011630922,966.4723011630922,966.4723011630922,0.0946518764667416,967.3734549035398,[-538.0],[-347.0],[1],[0],[0],[0.8999839774114662],967.3743712131673,968.8227776212898,space,967.3889948191736,967.3889948191736,1.430351345155941,,,,,,,,,,ED26,1,2024-01-30_16h38.39.158,rating,2023.2.3,60.04008894224292,2024-01-30 16h38.52.660783 +0800,
neg_4.jpg,0.0,98.0,98.0,126.0,350.26646306764815,,,,,,,,,,,,,,,,,,,,,,,350.2376474962002,,350.23767515084546,350.2376814230338,350.26646306764815,351.2498038515787,351.2664713355316,352.24981097906493,352.24981097906493,352.53315107876006,352.4833615961925,352.48336957897664,352.53315107876006,352.53315107876006,352.53315107876006,352.53315107876006,352.53315107876006,352.53315107876006,0.0455275309141143,354.28377573165017,[-523.0],[327.0],[1],[0],[0],[1.7501280096512346],354.28439154646003,354.2875287807892,,,,,,,,,,,,,,ED26,1,2024-01-30_16h38.39.158,rating,2023.2.3,60.04008894224292,2024-01-30 16h38.52.660783 +0800,
neg_40.jpg,0.0,76.0,76.0,127.0,273.8990719442754,,,,,,,,,,,,,,,,,,,,,,,273.8702138930093,,273.870244113552,273.8702512410382,273.8990719442754,274.8824135835057,274.8990787866624,275.88241643450056,275.88241643450056,276.14909446713136,276.11599499137265,276.1160029741568,276.14909446713136,276.14909446713136,276.14909446713136,276.14909446713136,276.14909446713136,276.14909446713136,0.0288991055858787,277.0829824709453,[-481.0],[-339.0],[1],[0],[0],[0.9334700480212632],277.08350021154365,277.08664713925464,,,,,,,,,,,,,,ED26,1,2024-01-30_16h38.39.158,rating,2023.2.3,60.04008894224292,2024-01-30 16h38.52.660783 +0800,
neg_41.jpg,0.0,302.0,302.0,128.0,1069.973281334995,,,,,,,,,,,,,,,,,,,,,,,1069.94559162127,,1069.9456221269102,1069.945628969297,1069.973281334995,1070.956617272237,1070.9732870369844,1071.956635803701,1071.956635803701,1072.2899757893556,1072.1901624724742,1072.190170170159,1072.2899757893556,1072.2899757893556,1072.2899757893556,1072.2899757893556,1072.2899757893556,1072.2899757893556,0.0944084015391126,1073.5913361698822,[-551.0],[-346.0],[1],[0],[0],[1.3000258300107816],1073.5923836252568,1073.595533689062,,,,,,,,,,,,,,ED26,1,2024-01-30_16h38.39.158,rating,2023.2.3,60.04008894224292,2024-01-30 16h38.52.660783 +0800,
neg_42.jpg,0.0,123.0,123.0,129.0,439.10063896488464,,,,,,,,,,,,,,,,,,,,,,,439.07187585173415,,439.0719032212819,439.07190949347023,439.10063896488464,440.0839814594128,440.10064495197184,441.08398716140255,441.08398716140255,441.3673472180562,441.3175551695949,441.3175634374784,441.3673472180562,441.3673472180562,441.3673472180562,441.3673472180562,441.3673472180562,441.3673472180562,0.0454941742773371,442.6679557913394,[-511.0],[-284.0],[1],[0],[0],[1.300038659484926],442.6685701806509,442.67164754409714,,,,,,,,,,,,,,ED26,1,2024-01-30_16h38.39.158,rating,2023.2.3,60.04008894224292,2024-01-30 16h38.52.660783 +0800,
neg_43.jpg,0.0,298.0,298.0,130.0,1054.539797032001,,,,,,,,,,,,,,,,,,,,,,,1054.512226774943,,1054.5122569954856,1054.5122638378723,1054.539797032001,1055.5231794404517,1055.5398309588345,1056.5231500752088,1056.5231500752088,1056.856508307228,1056.756704113528,1056.7567118112147,1056.856508307228,1056.856508307228,1056.856508307228,1056.856508307228,1056.856508307228,1056.856508307228,0.094304625339646,1057.2577760874556,[-479.0],[-320.0],[1],[0],[0],[0.39999766218352306],1057.258769944132,1057.2618960595828,,,,,,,,,,,,,,ED26,1,2024-01-30_16h38.39.158,rating,2023.2.3,60.04008894224292,2024-01-30 16h38.52.660783 +0800,
neg_44.jpg,0.0,350.0,350.0,131.0,1237.4081951266237,,,,,,,,,,,,,,,,,,,,,,,1237.3810892965685,,1237.3811195171093,1237.3811263594962,1237.4081951266237,1238.3915359105558,1238.4082264875633,1239.3915421827442,1239.3915421827442,1239.741578162295,1239.6250890935771,1239.6250970763613,1239.741578162295,1239.741578162295,1239.741578162295,1239.741578162295,1239.741578162295,1239.741578162295,0.1105535833012254,1240.0931474066783,[-519.0],[363.0],[1],[0],[0],[0.34992707156197866],1240.094284383278,1240.0974806331942,,,,,,,,,,,,,,ED26,1,2024-01-30_16h38.39.158,rating,2023.2.3,60.04008894224292,2024-01-30 16h38.52.660783 +0800,
neg_45.jpg,0.0,281.0,281.0,132.0,1004.0893208018824,,,,,,,,,,,,,,,,,,,,,,,1004.061692954736,,1004.0617208944824,1004.0617268815712,1004.0893208018824,1005.0726561689244,1005.0893444651356,1006.0726729897924,1006.0726729897924,1006.4060106946508,1006.306232445002,1006.3062404277862,1006.4060106946508,1006.4060106946508,1006.4060106946508,1006.4060106946508,1006.4060106946508,1006.4060106946508,0.0943468200584902,1006.807195510939,[-495.0],[323.0],[1],[0],[0],[0.40001818934433686],1006.80815544078,1006.8114745685598,,,,,,,,,,,,,,ED26,1,2024-01-30_16h38.39.158,rating,2023.2.3,60.04008894224292,2024-01-30 16h38.52.660783 +0800,
neg_46.jpg,0.0,144.0,144.0,133.0,507.5513093477275,,,,,,,,,,,,,,,,,,,,,,,507.5227224260361,,507.52275264657874,507.5227594889657,507.5513093477275,508.5346296044991,508.5513119136213,509.53463929787904,509.53463929787904,509.8346408944362,509.76819846798935,509.7682075911725,509.8346408944362,509.8346408944362,509.8346408944362,509.8346408944362,509.8346408944362,509.8346408944362,0.0619392806602263,510.1353452611347,[-467.0],[323.0],[1],[0],[0],[0.3000537697553227],510.1360309253069,510.13914278578704,,,,,,,,,,,,,,ED26,1,2024-01-30_16h38.39.158,rating,2023.2.3,60.04008894224292,2024-01-30 16h38.52.660783 +0800,
neg_47.jpg,0.0,20.0,20.0,134.0,86.06395749965486,,,,,,,,,,,,,,,,,,,,,,,86.03468491379135,,86.03471285353771,86.03471884062674,86.06395749965486,87.04730141968139,87.06396348674389,88.04731624485248,88.04731624485248,88.2973119683611,88.28087085337029,88.28087826595583,88.2973119683611,88.2973119683611,88.2973119683611,88.2973119683611,88.2973119683611,88.2973119683611,0.0126487221277784,89.11432715959927,[-471.0],[354.0],[1],[0],[0],[0.8166978755525633],89.11477476573418,89.1178832050191,,,,,,,,,,,,,,ED26,1,2024-01-30_16h38.39.158,rating,2023.2.3,60.04008894224292,2024-01-30 16h38.52.660783 +0800,
neg_48.jpg,0.0,287.0,287.0,135.0,1020.8894857604228,,,,,,,,,,,,,,,,,,,,,,,1020.8617093764642,,1020.8617418778013,1020.861749575486,1020.8894857604228,1021.8728490672112,1021.88948690082,1022.8728613264884,1022.8728613264884,1023.2061690959036,1023.1063626214092,1023.106370604195,1023.2061690959036,1023.2061690959036,1023.2061690959036,1023.2061690959036,1023.2061690959036,1023.2061690959036,0.0944808167969313,1023.5073943392928,[-494.0],[350.0],[1],[0],[0],[0.3000158515278599],1023.5083802131868,1023.5113882974656,,,,,,,,,,,,,,ED26,1,2024-01-30_16h38.39.158,rating,2023.2.3,60.04008894224292,2024-01-30 16h38.52.660783 +0800,
neg_49.jpg,0.0,191.0,191.0,136.0,677.1695603310345,,,,,,,,,,,,,,,,,,,,,,,677.1413314942511,,677.1413634253895,677.1413702677764,677.1695603310345,678.1529045361603,678.169561756531,679.1529068169566,679.1529068169566,679.4530176066019,679.3864428940105,679.3864637062707,679.4530176066019,679.4530176066019,679.4530176066019,679.4530176066019,679.4530176066019,679.4530176066019,0.0617035034174477,682.387213517819,[-514.0],[-319.0],[1],[0],[0],[2.9333696930152655],682.3879801502353,682.3911182398642,,,,,,,,,,,,,,ED26,1,2024-01-30_16h38.39.158,rating,2023.2.3,60.04008894224292,2024-01-30 16h38.52.660783 +0800,
neg_5.jpg,0.0,122.0,122.0,137.0,435.10060019135926,,,,,,,,,,,,,,,,,,,,,,,435.071924033542,,435.0719536838842,435.0719605262712,435.10060019135926,436.0839438262847,436.1006056082479,437.0839483878772,437.0839483878772,437.3673035978409,437.3174850351297,437.31749273281457,437.3673035978409,437.3673035978409,437.3673035978409,437.3673035978409,437.3673035978409,437.3673035978409,0.045398380863844,439.0679015654241,[-528.0],[315.0],[1],[0],[0],[1.7000260580898612],439.06856299614446,439.0716429254844,,,,,,,,,,,,,,ED26,1,2024-01-30_16h38.39.158,rating,2023.2.3,60.04008894224292,2024-01-30 16h38.52.660783 +0800,
neg_50.jpg,0.0,220.0,220.0,138.0,797.4207403576511,,,,,,,,,,,,,,,,,,,,,,,797.3926121609747,,797.39263981562,797.392645802709,797.4207403576511,798.4040546273354,798.4207132732045,799.4040455041522,799.4040455041522,799.7207177207547,799.6375790153124,799.6375878533945,799.7207177207547,799.7207177207547,799.7207177207547,799.7207177207547,799.7207177207547,799.7207177207547,0.0781317889304773,799.8883254056673,[-486.0],[359.0],[1],[0],[0],[0.16668937958820607],799.8891507685712,799.8924063191716,,,,,,,,,,,,,,ED26,1,2024-01-30_16h38.39.158,rating,2023.2.3,60.04008894224292,2024-01-30 16h38.52.660783 +0800,
neg_51.jpg,0.0,267.0,267.0,139.0,958.4555549916912,,,,,,,,,,,,,,,,,,,,,,,958.4278726905522,,958.4279046216908,958.4279111789784,958.4555549916912,959.4389240004692,959.455562689378,960.4388986266184,960.4388986266184,960.77228650898,960.6724595073248,960.6724672050112,960.77228650898,960.77228650898,960.77228650898,960.77228650898,960.77228650898,960.77228650898,0.094435200886437,961.473404783057,[-522.0],[-284.0],[1],[0],[0],[0.6999901355575275],961.4743216628832,961.4774811349688,,,,,,,,,,,,,,ED26,1,2024-01-30_16h38.39.158,rating,2023.2.3,60.04008894224292,2024-01-30 16h38.52.660783 +0800,
neg_52.jpg,0.0,80.0,80.0,140.0,287.3325357201102,,,,,,,,,,,,,,,,,,,,,,,287.3036964854073,,287.3037232847564,287.30372955694475,287.3325357201102,288.31587678914184,288.3325616641596,289.3158859123232,289.3158859123232,289.58248981909856,289.5494342486545,289.54944194633936,289.58248981909856,289.58248981909856,289.58248981909856,289.58248981909856,289.58248981909856,289.58248981909856,0.0288201330386073,291.4830861901246,[-505.0],[-332.0],[1],[0],[0],[1.9001327993228188],291.483664086707,291.4868520687378,,,,,,,,,,,,,,ED26,1,2024-01-30_16h38.39.158,rating,2023.2.3,60.04008894224292,2024-01-30 16h38.52.660783 +0800,
neg_53.jpg,0.0,169.0,169.0,141.0,603.4188629777836,,,,,,,,,,,,,,,,,,,,,,,603.3903747005024,,603.3904052061444,603.3904120485313,603.4188629777836,604.4022080382074,604.4188923430265,605.4022160209915,605.4022160209915,605.7022424212009,605.6357948629648,605.6358045563447,605.7022424212009,605.7022424212009,605.7022424212009,605.7022424212009,605.7022424212009,605.7022424212009,0.0619013624327635,606.2363317622458,[-525.0],[-322.0],[1],[0],[0],[0.5333133003441617],606.2371032413521,606.2401751879097,,,,,,,,,,,,,,ED26,1,2024-01-30_16h38.39.158,rating,2023.2.3,60.04008894224292,2024-01-30 16h38.52.660783 +0800,
neg_54.jpg,0.0,133.0,133.0,142.0,474.9009784042864,,,,,,,,,,,,,,,,,,,,,,,474.8722018914632,,474.8722326822044,474.87223952459135,474.9009784042864,475.8843217541144,475.9009852466734,476.8843591021414,476.8843591021414,477.1676658451997,477.11786153746107,477.1178695202452,477.1676658451997,477.1676658451997,477.1676658451997,477.1676658451997,477.1676658451997,477.1676658451997,0.0454847659966617,477.6683663345448,[-517.0],[360.0],[1],[0],[0],[0.5001160354768217],477.6690155059896,477.67219151384415,,,,,,,,,,,,,,ED26,1,2024-01-30_16h38.39.158,rating,2023.2.3,60.04008894224292,2024-01-30 16h38.52.660783 +0800,
neg_55.jpg,0.0,202.0,202.0,143.0,710.7532495635132,,,,,,,,,,,,,,,,,,,,,,,710.7251475959838,,710.7251781016257,710.7251849440127,710.7532495635132,711.7365529994167,711.7532678098778,712.7365604120023,712.7365604120023,713.0532434623838,712.9701158758198,712.970123858604,713.0532434623838,713.0532434623838,713.0532434623838,713.0532434623838,713.0532434623838,713.0532434623838,0.0781172488586889,713.3874778050085,[-530.0],[305.0],[1],[0],[0],[0.3333702061936492],713.3882949000272,713.391522225782,,,,,,,,,,,,,,ED26,1,2024-01-30_16h38.39.158,rating,2023.2.3,60.04008894224292,2024-01-30 16h38.52.660783 +0800,
neg_56.jpg,0.0,157.0,157.0,144.0,564.3518258338881,,,,,,,,,,,,,,,,,,,,,,,564.3233224463365,,564.3233543774732,564.3233612198601,564.3518258338881,565.3351649072229,565.3518258338881,566.3351754559026,566.3351754559026,566.635155670001,566.5687608551616,566.568771118742,566.635155670001,566.635155670001,566.635155670001,566.635155670001,566.635155670001,566.635155670001,0.0618494743321207,568.3692650820467,[-494.0],[-324.0],[1],[0],[0],[1.7334100630978355],568.3699575886058,568.3730269692678,,,,,,,,,,,,,,ED26,1,2024-01-30_16h38.39.158,rating,2023.2.3,60.04008894224292,2024-01-30 16h38.52.660783 +0800,
neg_57.jpg,0.0,184.0,184.0,145.0,655.0193519803579,,,,,,,,,,,,,,,,,,,,,,,654.9910547197069,,654.9910852253488,654.9910917826364,655.0193519803579,656.0026919089923,656.0193554015514,657.0027004619751,657.0027004619751,657.3027029138302,657.2362311221405,657.2362396751232,657.3027029138302,657.3027029138302,657.3027029138302,657.3027029138302,657.3027029138302,657.3027029138302,0.0616715722771914,658.3701754045851,[-545.0],[-300.0],[1],[0],[0],[1.0667155517203355],658.3710113161669,658.3741231766471,,,,,,,,,,,,,,ED26,1,2024-01-30_16h38.39.158,rating,2023.2.3,60.04008894224292,2024-01-30 16h38.52.660783 +0800,
neg_58.jpg,0.0,274.0,274.0,146.0,981.5391070913356,,,,,,,,,,,,,,,,,,,,,,,981.5112562964204,,981.5112865169632,981.51129335935,981.5391070913356,982.5224467348708,982.5391156443184,983.5224595643448,983.5224595643448,983.8558149453692,983.7560375510184,983.7560455338024,983.8558149453692,983.8558149453692,983.8558149453692,983.8558149453692,983.8558149453692,983.8558149453692,0.0945825973012688,984.4569913227132,[-507.0],[298.0],[1],[0],[0],[0.600012886496188],984.457914759827,984.4610668193272,,,,,,,,,,,,,,ED26,1,2024-01-30_16h38.39.158,rating,2023.2.3,60.04008894224292,2024-01-30 16h38.52.660783 +0800,
neg_59.jpg,0.0,138.0,138.0,147.0,489.45115191581135,,,,,,,,,,,,,,,,,,,,,,,489.422398781142,,489.4224298569825,489.4224366993694,489.45115191581135,490.4345026782248,490.4511222654692,491.4344981166323,491.4344981166323,491.734509121472,491.66800197745033,491.6680105304331,491.734509121472,491.734509121472,491.734509121472,491.734509121472,491.734509121472,491.734509121472,0.062130012191119,492.43512761621423,[-508.0],[347.0],[1],[0],[0],[0.6999750252889498],492.43578705123946,492.4389815905579,,,,,,,,,,,,,,ED26,1,2024-01-30_16h38.39.158,rating,2023.2.3,60.04008894224292,2024-01-30 16h38.52.660783 +0800,
neg_6.jpg,0.0,159.0,159.0,148.0,571.3852263746649,,,,,,,,,,,,,,,,,,,,,,,571.3567292592998,,571.3567603351403,571.3567671775272,571.3852263746649,572.3685911069497,572.3852309362555,573.3685745711828,573.3685745711828,573.6685801591302,573.6021884803849,573.602198458866,573.6685801591302,573.6685801591302,573.6685801591302,573.6685801591302,573.6685801591302,573.6685801591302,0.061867435599197,573.802595431338,[-517.0],[352.0],[1],[0],[0],[0.13332191034896823],573.8033267114242,573.8064391421012,,,,,,,,,,,,,,ED26,1,2024-01-30_16h38.39.158,rating,2023.2.3,60.04008894224292,2024-01-30 16h38.52.660783 +0800,
neg_60.jpg,0.0,95.0,95.0,149.0,339.7663647083373,,,,,,,,,,,,,,,,,,,,,,,339.7374410841985,,339.7374687388456,339.7374750110339,339.7663647083373,340.74970549226964,340.7663698401284,341.7497083432645,341.7497083432645,342.0330532896478,341.9832720749655,341.9832820534466,342.0330532896478,342.0330532896478,342.0330532896478,342.0330532896478,342.0330532896478,342.0330532896478,0.0456333028087101,342.0835774734951,[-523.0],[339.0],[1],[0],[0],[0.05002126842009602],342.0841339876169,342.08727207724587,,,,,,,,,,,,,,ED26,1,2024-01-30_16h38.39.158,rating,2023.2.3,60.04008894224292,2024-01-30 16h38.52.660783 +0800,
neg_61.jpg,0.0,174.0,174.0,150.0,619.4690136813515,,,,,,,,,,,,,,,,,,,,,,,619.440537093149,,619.4405684540889,619.4405752964758,619.4690136813515,620.4523538950853,620.4690504591817,621.4523664394619,621.4523664394619,621.7524293324004,621.6859435708357,621.6859521238202,621.7524293324004,621.7524293324004,621.7524293324004,621.7524293324004,621.7524293324004,621.7524293324004,0.0619127664103871,622.3531834774603,[-529.0],[-331.0],[1],[0],[0],[0.5999649897876225],622.3538836817061,622.3568752302181,,,,,,,,,,,,,,ED26,1,2024-01-30_16h38.39.158,rating,2023.2.3,60.04008894224292,2024-01-30 16h38.52.660783 +0800,
neg_62.jpg,0.0,31.0,31.0,151.0,123.03097890606114,,,,,,,,,,,,,,,,,,,,,,,123.00171572848012,,123.00174680432065,123.00175364670758,123.03097890606114,124.01431854959628,124.03098574844807,125.0143236813874,125.0143236813874,125.2809962971278,125.24793274389958,125.24794186708276,125.2809962971278,125.2809962971278,125.2809962971278,125.2809962971278,125.2809962971278,125.2809962971278,0.0292956789180607,125.98138671231207,[-471.0],[331.0],[1],[0],[0],[0.7000522872385773],125.98181493168522,125.98492166037433,,,,,,,,,,,,,,ED26,1,2024-01-30_16h38.39.158,rating,2023.2.3,60.04008894224292,2024-01-30 16h38.52.660783 +0800,
neg_63.jpg,0.0,36.0,36.0,152.0,140.44781397147017,,,,,,,,,,,,,,,,,,,,,,,140.41879597941443,,140.41882677015383,140.41883361254077,140.44781397147017,141.4311539001028,141.4478162522646,142.43116786997598,142.43116786997598,142.6978259456464,142.66471107451616,142.66471962750074,142.6978259456464,142.6978259456464,142.6978259456464,142.6978259456464,142.6978259456464,142.6978259456464,0.0290493529955711,143.19819457923222,[-487.0],[339.0],[1],[0],[0],[0.5000410543216276],143.19865387444406,143.20180849984172,,,,,,,,,,,,,,ED26,1,2024-01-30_16h38.39.158,rating,2023.2.3,60.04008894224292,2024-01-30 16h38.52.660783 +0800,
neg_64.jpg,0.0,25.0,25.0,153.0,103.31412171693772,,,,,,,,,,,,,,,,,,,,,,,103.28501819504709,,103.28504898578647,103.28505582817344,103.31412171693772,104.29746449656524,104.3141311252184,105.29749956379784,105.29749956379784,105.56415621396992,105.53103763654872,105.53104504913426,105.56415621396992,105.56415621396992,105.56415621396992,105.56415621396992,105.56415621396992,105.56415621396992,0.0291539844911312,106.58132091136032,[-473.0],[346.0],[1],[0],[0],[1.0168285651416227],106.58178077677076,106.58490090513442,,,,,,,,,,,,,,ED26,1,2024-01-30_16h38.39.158,rating,2023.2.3,60.04008894224292,2024-01-30 16h38.52.660783 +0800,
neg_65.jpg,0.0,27.0,27.0,154.0,109.7642441386397,,,,,,,,,,,,,,,,,,,,,,,109.73491196699251,,109.73494361303165,109.73495045541858,109.7642441386397,110.74754700434642,110.76420536511614,111.74753217917532,111.74753217917532,112.01420194392269,111.98106854132855,111.98107652411272,112.01420194392269,112.01420194392269,112.01420194392269,112.01420194392269,112.01420194392269,112.01420194392269,0.0293065126970759,112.38122585920428,[-456.0],[349.0],[1],[0],[0],[0.3666800853461609],112.3816746057364,112.38479216820453,,,,,,,,,,,,,,ED26,1,2024-01-30_16h38.39.158,rating,2023.2.3,60.04008894224292,2024-01-30 16h38.52.660783 +0800,
neg_66.jpg,0.0,219.0,219.0,155.0,794.8373393607162,,,,,,,,,,,,,,,,,,,,,,,794.8090894265733,,794.8091173663197,794.809123638508,794.8373393607162,795.8206829956434,795.8373473435004,796.8207018122066,796.8207018122066,797.1373800158963,797.0542535697296,797.0542618376148,797.1373800158963,797.1373800158963,797.1373800158963,797.1373800158963,797.1373800158963,797.1373800158963,0.0783151078758237,797.3884343136579,[-486.0],[359.0],[1],[0],[0],[0.2501080526908481],797.3893018712788,797.3924028979782,,,,,,,,,,,,,,ED26,1,2024-01-30_16h38.39.158,rating,2023.2.3,60.04008894224292,2024-01-30 16h38.52.660783 +0800,
neg_67.jpg,0.0,315.0,315.0,156.0,1111.440354059303,,,,,,,,,,,,,,,,,,,,,,,1111.4127963466217,,1111.4128262820632,1111.4128334095494,1111.440354059303,1112.4236794478657,1112.4403418000277,1113.423662056799,1113.423662056799,1113.773692619459,1113.6572389030734,1113.65724660076,1113.773692619459,1113.773692619459,1113.773692619459,1113.773692619459,1113.773692619459,1113.773692619459,0.1109592798165977,1114.0751379596222,[-487.0],[314.0],[1],[0],[0],[0.3000221237161895],1114.0762347372,1114.0794646288523,,,,,,,,,,,,,,ED26,1,2024-01-30_16h38.39.158,rating,2023.2.3,60.04008894224292,2024-01-30 16h38.52.660783 +0800,
neg_68.jpg,0.0,330.0,330.0,157.0,1169.8242330539742,,,,,,,,,,,,,,,,,,,,,,,1169.8083840905383,1169.8242330539742,1170.8077685608296,1170.8077756883158,1170.8408985422302,1171.8075764038003,1171.8409016783226,1172.8075772591,1172.8075772591,1173.157582733009,1173.0411110553578,1173.0411196083423,1173.157582733009,1173.157582733009,1173.157582733009,1173.157582733009,1173.157582733009,1173.157582733009,0.0994056246690888,1173.7423718791597,[-485.0],[302.0],[1],[0],[0],[0.5833459727418813],1173.7434347299022,1173.7465408883927,,,,,,1170.8408985422302,,,,,,,,ED26,1,2024-01-30_16h38.39.158,rating,2023.2.3,60.04008894224292,2024-01-30 16h38.52.660783 +0800,
neg_69.jpg,0.0,26.0,26.0,158.0,106.61415353403572,,,,,,,,,,,,,,,,,,,,,,,106.5851372525758,,106.58516804331704,106.58517488570396,106.61415353403572,107.59750315605017,107.61416379761611,108.5975459209676,108.5975459209676,108.86418603537275,108.83105149238143,108.8310600453642,108.86418603537275,108.86418603537275,108.86418603537275,108.86418603537275,108.86418603537275,108.86418603537275,0.0290661738636117,109.7311355396996,[-467.0],[348.0],[1],[0],[0],[0.8666145124752802],109.73158257563408,109.73467904074278,,,,,,,,,,,,,,ED26,1,2024-01-30_16h38.39.158,rating,2023.2.3,60.04008894224292,2024-01-30 16h38.52.660783 +0800,
neg_7.jpg,0.0,30.0,30.0,159.0,119.38098979686038,,,,,,,,,,,,,,,,,,,,,,,119.36530761660288,119.38098979686038,120.36449251727936,120.36450107026394,120.39761850728792,121.3642932327657,121.39762449437694,122.36430036025196,122.36430036025196,122.63099378825244,122.5978720747371,122.59788119792027,122.63099378825244,122.63099378825244,122.63099378825244,122.63099378825244,122.63099378825244,122.63099378825244,0.0159111151151591,122.9979686664301,[-457.0],[339.0],[1],[0],[0],[0.366673242961042],122.99838747752074,123.00148080653526,,,,,,120.39761850728792,,,,,,,,ED26,1,2024-01-30_16h38.39.158,rating,2023.2.3,60.04008894224292,2024-01-30 16h38.52.660783 +0800,
neg_70.jpg,0.0,373.0,373.0,160.0,1310.2588931070932,,,,,,,,,,,,,,,,,,,,,,,1310.231798966115,,1310.2318300419556,1310.2318368843426,1310.2588931070932,1311.2422219168493,1311.2589130640554,1312.24223132513,1312.24223132513,1312.6089393502243,1312.4757907803396,1312.4757987631235,1312.6089393502243,1312.6089393502243,1312.6089393502243,1312.6089393502243,1312.6089393502243,1312.6089393502243,0.1271660430593328,1312.8439285791665,[456.0],[387.0],[1],[0],[0],[0.233308282595317],1312.8450567176842,1312.8481511870978,,,,,,,,,,,,,,ED26,1,2024-01-30_16h38.39.158,rating,2023.2.3,60.04008894224292,2024-01-30 16h38.52.660783 +0800,
neg_71.jpg,0.0,352.0,352.0,161.0,1245.524937363651,,,,,,,,,,,,,,,,,,,,,,,1245.4974546321246,,1245.497482571871,1245.49748855896,1245.524937363651,1246.5082758667886,1246.5249698649875,1247.508286985667,1247.508286985667,1247.8582933148737,1247.7418718147255,1247.7418800826108,1247.8582933148737,1247.8582933148737,1247.8582933148737,1247.8582933148737,1247.8582933148737,1247.8582933148737,0.1108680479919712,1248.09328567991,[-511.0],[349.0],[1],[0],[0],[0.23339865912021196],1248.0944149588267,1248.0975510527587,,,,,,,,,,,,,,ED26,1,2024-01-30_16h38.39.158,rating,2023.2.3,60.04008894224292,2024-01-30 16h38.52.660783 +0800,
neg_72.jpg,0.0,308.0,308.0,162.0,1088.27344914453,,,,,,,,,,,,,,,,,,,,,,,1088.246123217701,,1088.2461531531426,1088.2461599955295,1088.27344914453,1089.2567899284622,1089.2734557018175,1090.2568238552976,1090.2568238552976,1090.6068053808522,1090.4903539452623,1090.490363353545,1090.6068053808522,1090.6068053808522,1090.6068053808522,1090.6068053808522,1090.6068053808522,1090.6068053808522,0.1107081072022992,1091.4081412428277,[-521.0],[-383.0],[1],[0],[0],[0.8000224088173127],1091.4091701667369,1091.4122002036747,,,,,,,,,,,,,,ED26,1,2024-01-30_16h38.39.158,rating,2023.2.3,60.04008894224292,2024-01-30 16h38.52.660783 +0800,
neg_73.jpg,0.0,243.0,243.0,163.0,881.904878564741,,,,,,,,,,,,,,,,,,,,,,,881.8767455213729,,881.876776027013,881.8767828693999,881.904878564741,882.8881711668673,882.9048583226795,883.888180575148,883.888180575148,884.2048616298343,884.1217331879707,884.1217420260527,884.2048616298343,884.2048616298343,884.2048616298343,884.2048616298343,884.2048616298343,884.2048616298343,0.0781394866153277,884.8726107240727,[-486.0],[-340.0],[1],[0],[0],[0.6666930858827982],884.8734526227436,884.8765385391725,,,,,,,,,,,,,,ED26,1,2024-01-30_16h38.39.158,rating,2023.2.3,60.04008894224292,2024-01-30 16h38.52.660783 +0800,
neg_74.jpg,0.0,32.0,32.0,164.0,126.01435846351887,,,,,,,,,,,,,,,,,,,,,,,125.98515458662224,,125.98518509226416,125.98519193465108,126.01435846351887,126.99767586929738,127.01436302510956,127.99768955406944,127.99768955406944,128.2644080708233,128.231266685445,128.23127523842777,128.2644080708233,128.2644080708233,128.2644080708233,128.2644080708233,128.2644080708233,128.2644080708233,0.0292691646700404,128.86471860114216,[-471.0],[331.0],[1],[0],[0],[0.5999983464243996],128.86517105396706,128.86821848197178,,,,,,,,,,,,,,ED26,1,2024-01-30_16h38.39.158,rating,2023.2.3,60.04008894224292,2024-01-30 16h38.52.660783 +0800,
neg_75.jpg,0.0,360.0,360.0,165.0,1271.4585094772756,,,,,,,,,,,,,,,,,,,,,,,1271.4426248764105,1271.4585094772756,1272.4420523967165,1272.4420595242027,1272.475212883759,1273.441866226778,1273.4752080370672,1274.4418947367212,1274.4418947367212,1274.791806983112,1274.6754413624567,1274.6754493452408,1274.791806983112,1274.791806983112,1274.791806983112,1274.791806983112,1274.791806983112,1274.791806983112,0.0994207349413045,1275.0269530167516,[-492.0],[342.0],[1],[0],[0],[0.23346195119847835],1275.028164119209,1275.0311827521673,,,,,,1272.475212883759,,,,,,,,ED26,1,2024-01-30_16h38.39.158,rating,2023.2.3,60.04008894224292,2024-01-30 16h38.52.660783 +0800,
neg_76.jpg,0.0,152.0,152.0,166.0,549.5683511672541,,,,,,,,,,,,,,,,,,,,,,,549.539829533338,,549.5398597538788,549.5398665962657,549.5683511672541,550.5516936617823,550.5683577245418,551.5517187505338,551.5517187505338,551.8517066623172,551.7852317345332,551.7852405726171,551.8517066623172,551.8517066623172,551.8517066623172,551.8517066623172,551.8517066623172,551.8517066623172,0.0618982263404177,552.3858453255671,[-520.0],[-299.0],[1],[0],[0],[0.5334453013892926],552.3866142387797,552.3900787672756,,,,,,,,,,,,,,ED26,1,2024-01-30_16h38.39.158,rating,2023.2.3,60.04008894224292,2024-01-30 16h38.52.660783 +0800,
neg_77.jpg,0.0,204.0,204.0,167.0,716.8199970463702,,,,,,,,,,,,,,,,,,,,,,,716.7917365635476,,716.7917667840902,716.7917739115765,716.8199970463702,717.8032982014793,717.8199431625744,718.8032822359091,718.8032822359091,719.1199573035065,719.0368513845006,719.0368593672847,719.1199573035065,719.1199573035065,719.1199573035065,719.1199573035065,719.1199573035065,719.1199573035065,0.0782458287103509,720.4541919312287,[-525.0],[-345.0],[1],[0],[0],[1.333369921096164],720.4549802312049,720.4580932320805,,,,,,,,,,,,,,ED26,1,2024-01-30_16h38.39.158,rating,2023.2.3,60.04008894224292,2024-01-30 16h38.52.660783 +0800,
neg_78.jpg,0.0,222.0,222.0,168.0,802.7540829091995,,,,,,,,,,,,,,,,,,,,,,,802.7259441638435,,802.7259746694835,802.7259817969698,802.7540829091995,803.7374211272381,803.7541040065589,804.737448496784,804.737448496784,805.054106458414,804.9710470106183,804.9710552785018,805.054106458414,805.054106458414,805.054106458414,805.054106458414,805.054106458414,805.054106458414,0.0781819664334761,809.3050777922363,[-499.0],[-289.0],[1],[0],[0],[4.2500655728727],809.3059296693864,809.3090244238992,,,,,,,,,,,,,,ED26,1,2024-01-30_16h38.39.158,rating,2023.2.3,60.04008894224292,2024-01-30 16h38.52.660783 +0800,
neg_79.jpg,0.0,242.0,242.0,169.0,879.0714701552188,,,,,,,,,,,,,,,,,,,,,,,879.0434617003102,,879.0434922059521,879.043498763238,879.0714701552188,880.054859120959,880.0714761423078,881.0548468616817,881.0548468616817,881.371493419334,881.2883741006535,881.2883826536381,881.371493419334,881.371493419334,881.371493419334,881.371493419334,881.371493419334,881.371493419334,0.0780499653883453,881.8725556998797,[-485.0],[311.0],[1],[0],[0],[0.5000421947188443],881.8734004495454,881.8765128802224,,,,,,,,,,,,,,ED26,1,2024-01-30_16h38.39.158,rating,2023.2.3,60.04008894224292,2024-01-30 16h38.52.660783 +0800,
neg_8.jpg,0.0,252.0,252.0,170.0,908.9217567371852,,,,,,,,,,,,,,,,,,,,,,,908.8937354528008,,908.8937665286412,908.893773371028,908.9217567371852,909.9051203290728,909.9217846769316,910.905112631388,910.905112631388,911.2384640210204,911.1386906180614,911.1387003114432,911.2384640210204,911.2384640210204,911.2384640210204,911.2384640210204,911.2384640210204,911.2384640210204,0.094751661274131,911.7395565221068,[-467.0],[346.0],[1],[0],[0],[0.5000114039776236],911.7405264304288,911.7436220402396,,,,,,,,,,,,,,ED26,1,2024-01-30_16h38.39.158,rating,2023.2.3,60.04008894224292,2024-01-30 16h38.52.660783 +0800,
neg_80.jpg,0.0,94.0,94.0,171.0,337.16633927746625,,,,,,,,,,,,,,,,,,,,,,,337.1375060298542,,337.13753396959873,337.13753995668776,337.16633927746625,338.14972083062094,338.16639886325174,339.1497256773109,339.1497256773109,339.43302529288303,339.3832204149457,339.3832283977299,339.43302529288303,339.43302529288303,339.43302529288303,339.43302529288303,339.43302529288303,339.43302529288303,0.045539219991042,339.7335503320264,[-523.0],[339.0],[1],[0],[0],[0.30002269391661684],339.73410399515524,339.73720131556365,,,,,,,,,,,,,,ED26,1,2024-01-30_16h38.39.158,rating,2023.2.3,60.04008894224292,2024-01-30 16h38.52.660783 +0800,
neg_81.jpg,0.0,199.0,199.0,172.0,701.2198207978909,,,,,,,,,,,,,,,,,,,,,,,701.1915275286319,,701.1915588895718,701.1915657319587,701.2198207978909,702.2031285102876,702.219817946896,703.2031396291659,703.2031396291659,703.5198238199446,703.4367786271214,703.4367866099055,703.5198238199446,703.5198238199446,703.5198238199446,703.5198238199446,703.5198238199446,703.5198238199446,0.0783233757611014,703.9206733592819,[-528.0],[318.0],[1],[0],[0],[0.3999979472846462],703.9214325791127,703.9245196359389,,,,,,,,,,,,,,ED26,1,2024-01-30_16h38.39.158,rating,2023.2.3,60.04008894224292,2024-01-30 16h38.52.660783 +0800,
neg_82.jpg,0.0,117.0,117.0,173.0,414.4670935365666,,,,,,,,,,,,,,,,,,,,,,,414.4382223707271,,414.4382505955728,414.4382565826618,414.4670935365666,415.45043403539967,415.4671086468388,416.4504217761241,416.4504217761241,416.7337755605913,416.6839889290186,416.68399719690206,416.7337755605913,416.7337755605913,416.7337755605913,416.7337755605913,416.7337755605913,416.7337755605913,0.0456267455210763,416.83452542915984,[-458.0],[334.0],[1],[0],[0],[0.10014830873296887],416.8351438098634,416.8381997908509,,,,,,,,,,,,,,ED26,1,2024-01-30_16h38.39.158,rating,2023.2.3,60.04008894224292,2024-01-30 16h38.52.660783 +0800,
neg_83.jpg,0.0,313.0,313.0,174.0,1105.906947246338,,,,,,,,,,,,,,,,,,,,,,,1105.8793607386124,,1105.8793920995522,1105.8793986568398,1105.906947246338,1106.890291736563,1106.906957224819,1107.8902971534535,1107.8902971534535,1108.2403054783572,1108.1238483407778,1108.123856323562,1108.2403054783572,1108.2403054783572,1108.2403054783572,1108.2403054783572,1108.2403054783572,1108.2403054783572,0.1109686880972731,1108.7417053166482,[-493.0],[290.0],[1],[0],[0],[0.5000151102703967],1108.7427159941926,1108.7458395437498,,,,,,,,,,,,,,ED26,1,2024-01-30_16h38.39.158,rating,2023.2.3,60.04008894224292,2024-01-30 16h38.52.660783 +0800,
neg_84.jpg,0.0,102.0,102.0,175.0,364.1166167932697,,,,,,,,,,,,,,,,,,,,,,,364.0876908883365,,364.0877191131804,364.0877253853687,364.1166167932697,365.0999578623014,365.11659427041377,366.099980100058,366.099980100058,366.3832834219229,366.3334899479632,366.3334982158485,366.3832834219229,366.3832834219229,366.3832834219229,366.3832834219229,366.3832834219229,366.3832834219229,0.0456136309476278,367.98383372087847,[-496.0],[345.0],[1],[0],[0],[1.6000356944496161],367.984408766466,367.9875226226413,,,,,,,,,,,,,,ED26,1,2024-01-30_16h38.39.158,rating,2023.2.3,60.04008894224292,2024-01-30 16h38.52.660783 +0800,
neg_85.jpg,0.0,210.0,210.0,176.0,763.5037051524305,,,,,,,,,,,,,,,,,,,,,,,763.4878259684538,763.5037051524305,764.4872740159226,764.4872811434088,764.5204116950081,765.4870627572309,765.5203920231452,766.4870701698164,766.4870701698164,766.803765194376,766.7206008299818,766.7206085276666,766.803765194376,766.803765194376,766.803765194376,766.803765194376,766.803765194376,766.803765194376,0.0661479187165241,768.8880357446287,[-502.0],[-310.0],[1],[0],[0],[2.0833642191064428],768.8889007363541,768.8919889335793,,,,,,764.5204116950081,,,,,,,,ED26,1,2024-01-30_16h38.39.158,rating,2023.2.3,60.04008894224292,2024-01-30 16h38.52.660783 +0800,
neg_86.jpg,0.0,167.0,167.0,177.0,597.2521627644146,,,,,,,,,,,,,,,,,,,,,,,597.2236850358149,,597.2237158265543,597.223722383842,597.2521627644146,598.2354784595955,598.2521687515036,599.2354821658882,599.2354821658882,599.5354951664231,599.4690786840274,599.4690866668116,599.5354951664231,599.5354951664231,599.5354951664231,599.5354951664231,599.5354951664231,599.5354951664231,0.0618298024728574,600.536241841879,[-519.0],[326.0],[1],[0],[0],[1.0000045615906856],600.5370084742954,600.5403227553834,,,,,,,,,,,,,,ED26,1,2024-01-30_16h38.39.158,rating,2023.2.3,60.04008894224292,2024-01-30 16h38.52.660783 +0800,
neg_87.jpg,0.0,162.0,162.0,178.0,580.4019782480518,,,,,,,,,,,,,,,,,,,,,,,580.373436372076,,580.3734671628154,580.373473720103,580.4019782480518,581.3853198872839,581.4019856606374,582.3853261594704,582.3853261594704,582.685333172918,582.6188884656749,582.6188967335584,582.685333172918,582.685333172918,582.685333172918,582.685333172918,582.685333172918,582.685333172918,0.0619173280028917,583.8193900696442,[-481.0],[346.0],[1],[0],[0],[1.1333139275629946],583.8201036735627,583.8232052704625,,,,,,,,,,,,,,ED26,1,2024-01-30_16h38.39.158,rating,2023.2.3,60.04008894224292,2024-01-30 16h38.52.660783 +0800,
neg_88.jpg,0.0,151.0,151.0,179.0,546.2516530066023,,,,,,,,,,,,,,,,,,,,,,,546.22324227637,,546.2232733522105,546.2232799094982,546.2516530066023,547.2350231557775,547.2516618446843,548.2350408319435,548.2350408319435,548.5350452794937,548.4685478288538,548.468555811638,548.5350452794937,548.5350452794937,548.5350452794937,548.5350452794937,548.5350452794937,548.5350452794937,0.0618218196868838,549.5357266671763,[-520.0],[-299.0],[1],[0],[0],[0.9999914470154181],549.5363929445866,549.5395948964924,,,,,,,,,,,,,,ED26,1,2024-01-30_16h38.39.158,rating,2023.2.3,60.04008894224292,2024-01-30 16h38.52.660783 +0800,
neg_89.jpg,0.0,336.0,336.0,180.0,1188.4077606350638,,,,,,,,,,,,,,,,,,,,,,,1188.3804312870416,,1188.3804615075824,1188.3804683499693,1188.4077606350638,1189.3910863087258,1189.4077398228055,1190.3910791812395,1190.3910791812395,1190.741084370049,1190.6246409172454,1190.6246491851289,1190.741084370049,1190.741084370049,1190.741084370049,1190.741084370049,1190.741084370049,1190.741084370049,0.1106938522279961,1191.9092793598263,[-549.0],[349.0],[1],[0],[0],[1.1665998583612236],1191.910330521492,1191.913430122695,,,,,,,,,,,,,,ED26,1,2024-01-30_16h38.39.158,rating,2023.2.3,60.04008894224292,2024-01-30 16h38.52.660783 +0800,
neg_9.jpg,0.0,345.0,345.0,181.0,1216.5913287572969,,,,,,,,,,,,,,,,,,,,,,,1216.5641633414562,,1216.5641941321974,1216.5642009745843,1216.5913287572969,1217.5746963405782,1217.5913795049985,1218.5746946299805,1218.5746946299805,1218.9247291840347,1218.808221583853,1218.8082295666372,1218.9247291840347,1218.9247291840347,1218.9247291840347,1218.9247291840347,1218.9247291840347,1218.9247291840347,0.110591216427565,1219.2762311449478,[-515.0],[337.0],[1],[0],[0],[0.34998551694843627],1219.2773376159075,1219.2804226770386,,,,,,,,,,,,,,ED26,1,2024-01-30_16h38.39.158,rating,2023.2.3,60.04008894224292,2024-01-30 16h38.52.660783 +0800,
neg_90.jpg,0.0,363.0,363.0,182.0,1280.6252726976218,,,,,,,,,,,,,,,,,,,,,,,1280.5982355765336,,1280.5982655119751,1280.598272354362,1280.6252726976218,1281.60863115772,1281.6252744082194,1282.6086049285714,1282.6086049285714,1282.9753163748574,1282.8421501288085,1282.8421581115929,1282.9753163748574,1282.9753163748574,1282.9753163748574,1282.9753163748574,1282.9753163748574,1282.9753163748574,0.1271075976710562,1283.3269192609769,[-539.0],[-318.0],[1],[0],[0],[0.35001744808505464],1283.3280938707048,1283.3311216268469,,,,,,,,,,,,,,ED26,1,2024-01-30_16h38.39.158,rating,2023.2.3,60.04008894224292,2024-01-30 16h38.52.660783 +0800,
neg_91.jpg,0.0,175.0,175.0,183.0,622.3857099033285,,,,,,,,,,,,,,,,,,,,,,,622.357109296865,,622.3571398025051,622.357146644892,622.3857099033285,623.3690501170622,623.3857164606161,624.3691045710566,624.3691045710566,624.6690696748847,624.6026429289068,624.6026517669889,624.6690696748847,624.6690696748847,624.6690696748847,624.6690696748847,624.6690696748847,624.6690696748847,0.0619803349800349,624.9365052167504,[-529.0],[-331.0],[1],[0],[0],[0.2667185167538264],624.937229654448,624.9403218430652,,,,,,,,,,,,,,ED26,1,2024-01-30_16h38.39.158,rating,2023.2.3,60.04008894224292,2024-01-30 16h38.52.660783 +0800,
neg_92.jpg,0.0,8.0,8.0,184.0,48.48029107513321,,,,,,,,,,,,,,,,,,,,,,,48.45107550915964,,48.45110658499834,48.45111342738528,48.48029107513321,49.46360933620781,49.48027225857004,50.46361902958961,50.46361902958961,50.713618459391,50.697182191092,50.69719074407476,50.713618459391,50.713618459391,50.713618459391,50.713618459391,50.713618459391,50.713618459391,0.0125580605035793,50.99738278706354,[-460.0],[280.0],[1],[0],[0],[0.2834792282246781],50.99777337330852,51.000856723841935,,,,,,,,,,,,,,ED26,1,2024-01-30_16h38.39.158,rating,2023.2.3,60.04008894224292,2024-01-30 16h38.52.660783 +0800,
neg_93.jpg,0.0,231.0,231.0,185.0,834.5877296618601,,,,,,,,,,,,,,,,,,,,,,,834.5595666830504,,834.5595980439903,834.5596048863772,834.5877296618601,835.5710641736059,835.5877521847178,836.5710872666605,836.5710872666605,836.8877463686877,836.8046090887419,836.8046179268258,836.8877463686877,836.8877463686877,836.8877463686877,836.8877463686877,836.8877463686877,836.8877463686877,0.0781999276987335,837.2220636752518,[-505.0],[278.0],[1],[0],[0],[0.3333827505703084],837.2229326583692,837.2260120175124,,,,,,,,,,,,,,ED26,1,2024-01-30_16h38.39.158,rating,2023.2.3,60.04008894224292,2024-01-30 16h38.52.660783 +0800,
neg_94.jpg,0.0,126.0,126.0,186.0,451.1007473026748,,,,,,,,,,,,,,,,,,,,,,,451.0720583153816,,451.0720885359224,451.0720953783093,451.1007473026748,452.0840940736944,452.1007846507018,453.0841009160813,453.0841009160813,453.367453275052,453.3176868855389,453.3176960087221,453.367453275052,453.367453275052,453.367453275052,453.367453275052,453.367453275052,453.367453275052,0.0454391500843485,455.0681721248002,[-535.0],[339.0],[1],[0],[0],[1.7001224217037816],455.06880818166974,455.0720041464865,,,,,,,,,,,,,,ED26,1,2024-01-30_16h38.39.158,rating,2023.2.3,60.04008894224292,2024-01-30 16h38.52.660783 +0800,
neg_95.jpg,0.0,211.0,211.0,187.0,768.9204658068829,,,,,,,,,,,,,,,,,,,,,,,768.8922067495587,,768.892235544603,768.8922418167913,768.9204658068829,769.9038083014111,769.9204338757445,770.903777795771,770.903777795771,771.2204488719763,771.1373574930403,771.1373657609256,771.2204488719763,771.2204488719763,771.2204488719763,771.2204488719763,771.2204488719763,771.2204488719763,0.0782663558693457,771.4713423736466,[-475.0],[343.0],[1],[0],[0],[0.25000598708720645],771.4721472093897,771.4753026900835,,,,,,,,,,,,,,ED26,1,2024-01-30_16h38.39.158,rating,2023.2.3,60.04008894224292,2024-01-30 16h38.52.660783 +0800,
neg_96.jpg,0.0,288.0,288.0,188.0,1023.5395350256076,,,,,,,,,,,,,,,,,,,,,,,1023.511624930008,,1023.5116551505488,1023.5116619929358,1023.5395350256076,1024.5228470144957,1024.5395105070547,1025.5228569929768,1025.5228569929768,1025.8562599856086,1025.7564135971916,1025.7564215799755,1025.8562599856086,1025.8562599856086,1025.8562599856086,1025.8562599856086,1025.8562599856086,1025.8562599856086,0.0946621400471485,1026.1575981283786,[-511.0],[-323.0],[1],[0],[0],[0.3000777181096055],1026.158599112543,1026.1617092624256,,,,,,,,,,,,,,ED26,1,2024-01-30_16h38.39.158,rating,2023.2.3,60.04008894224292,2024-01-30 16h38.52.660783 +0800,
neg_97.jpg,0.0,218.0,218.0,189.0,791.2539737161114,,,,,,,,,,,,,,,,,,,,,,,791.2258392472468,,791.2258671869913,791.2258734591796,791.2539737161114,792.2373136447459,792.2539777075035,793.2373495672764,793.2373495672764,793.5539975504253,793.4708631214744,793.4708711042585,793.5539975504253,793.5539975504253,793.5539975504253,793.5539975504253,793.5539975504253,793.5539975504253,0.0781876684213784,794.8049523484788,[-530.0],[-319.0],[1],[0],[0],[1.2500205271608138],794.8057754305864,794.8088778827823,,,,,,,,,,,,,,ED26,1,2024-01-30_16h38.39.158,rating,2023.2.3,60.04008894224292,2024-01-30 16h38.52.660783 +0800,
neg_98.jpg,0.0,230.0,230.0,190.0,831.087693169131,,,,,,,,,,,,,,,,,,,,,,,831.0594574899624,,831.0594879956025,831.0594948379894,831.087693169131,832.0710282510754,832.0877179727831,833.0710362338596,833.0710362338596,833.3877195693403,833.3045646132286,833.3045731662114,833.3877195693403,833.3877195693403,833.3877195693403,833.3877195693403,833.3877195693403,833.3877195693403,0.0782814661415614,834.5553865549373,[-526.0],[304.0],[1],[0],[0],[1.1666762650147575],834.5562318748034,834.5593320462049,,,,,,,,,,,,,,ED26,1,2024-01-30_16h38.39.158,rating,2023.2.3,60.04008894224292,2024-01-30 16h38.52.660783 +0800,
neg_99.jpg,0.0,259.0,259.0,191.0,929.5386229924716,,,,,,,,,,,,,,,,,,,,,,,929.5107733379556,,929.5108041286968,929.5108109710836,929.5386229924716,930.5219979883386,930.5386349666496,931.5219928565476,931.5219928565476,931.8553117448428,931.7555112574372,931.7555195253208,931.8553117448428,931.8553117448428,931.8553117448428,931.8553117448428,931.8553117448428,931.8553117448428,0.0945634956387948,933.356432470775,[-501.0],[337.0],[1],[0],[0],[1.5000253738508036],933.3573390870206,933.3606559340024,,,,,,,,,,,,,,ED26,1,2024-01-30_16h38.39.158,rating,2023.2.3,60.04008894224292,2024-01-30 16h38.52.660783 +0800,
neu_1.jpg,0.0,190.0,190.0,192.0,674.1861918924551,,,,,,,,,,,,,,,,,,,,,,,674.1578515817891,,674.1578818023299,674.1578886447169,674.1861918924551,675.1695395187744,675.1862300957819,676.1695472164593,676.1695472164593,676.4695796037577,676.4030790170236,676.4030878551057,676.4695796037577,676.4695796037577,676.4695796037577,676.4695796037577,676.4695796037577,676.4695796037577,0.0617505448262818,677.1371037545323,[451.0],[-320.0],[1],[0],[0],[0.6667207405280351],677.137918853854,677.1410951468097,,,,,,,,,,,,,,ED26,1,2024-01-30_16h38.39.158,rating,2023.2.3,60.04008894224292,2024-01-30 16h38.52.660783 +0800,
neu_10.jpg,0.0,4.0,4.0,193.0,35.013478361521265,,,,,,,,,,,,,,,,,,,,,,,34.984146474973386,,34.98417669551418,34.98418353790112,35.013478361521265,35.99681315836642,36.01348007211891,36.99685478288484,36.99685478288484,37.24682399214544,37.23035493741008,37.23036349039285,37.24682399214544,37.24682399214544,37.24682399214544,37.24682399214544,37.24682399214544,37.24682399214544,0.0126951933361851,38.63056442848392,[414.0],[-304.0],[1],[0],[0],[1.3834687365651916],38.63097696738623,38.63408597686976,,,,,,,,,,,,,,ED26,1,2024-01-30_16h38.39.158,rating,2023.2.3,60.04008894224292,2024-01-30 16h38.52.660783 +0800,
neu_100.jpg,0.0,14.0,14.0,194.0,68.08045991102699,,,,,,,,,,,,,,,,,,,,,,,68.05137520569951,,68.0514048560417,68.05141198352794,68.08045991102699,69.06380212045588,69.08046247692073,70.06383091550015,70.06383091550015,70.31382179231696,70.2973373422119,70.29734618029397,70.31382179231696,70.31382179231696,70.31382179231696,70.31382179231696,70.31382179231696,70.31382179231696,0.0124662584803445,70.6475925632385,[409.0],[-331.0],[1],[0],[0],[0.3334517446382961],70.6483016055663,70.65142144883066,,,,,,,,,,,,,,ED26,1,2024-01-30_16h38.39.158,rating,2023.2.3,60.04008894224292,2024-01-30 16h38.52.660783 +0800,
neu_101.jpg,0.0,307.0,307.0,195.0,1085.223420463526,,,,,,,,,,,,,,,,,,,,,,,1085.1959006690722,,1085.1959314598116,1085.195938587298,1085.223420463526,1086.2067874766071,1086.2234270208137,1087.2067709408402,1087.2067709408402,1087.5400379410348,1087.4403204175687,1087.4403286854522,1087.5400379410348,1087.5400379410348,1087.5400379410348,1087.5400379410348,1087.5400379410348,1087.5400379410348,0.094162075616623,1088.2416103785326,[-521.0],[-383.0],[1],[0],[0],[0.7002059558417386],1088.2427844180602,1088.2458911467493,,,,,,,,,,,,,,ED26,1,2024-01-30_16h38.39.158,rating,2023.2.3,60.04008894224292,2024-01-30 16h38.52.660783 +0800,
neu_102.jpg,0.0,172.0,172.0,196.0,612.7022831904233,,,,,,,,,,,,,,,,,,,,,,,612.6738473714395,,612.6738778770814,612.673884434369,612.7022831904233,613.6856245445542,613.702314266262,614.6856356634325,614.6856356634325,614.9856594977464,614.9191982547345,614.9192059524212,614.9856594977464,614.9856594977464,614.9856594977464,614.9856594977464,614.9856594977464,614.9856594977464,0.0618312279693782,616.3198083105344,[458.0],[-319.0],[1],[0],[0],[1.3334092648201477],616.3205795045433,616.3236677017685,,,,,,,,,,,,,,ED26,1,2024-01-30_16h38.39.158,rating,2023.2.3,60.04008894224292,2024-01-30 16h38.52.660783 +0800,
neu_103.jpg,0.0,183.0,183.0,197.0,650.4359749317755,,,,,,,,,,,,,,,,,,,,,,,650.4075721843292,,650.4076001240755,650.4076063962639,650.4359749317755,651.4193137200127,651.4359814890631,652.4193462213498,652.4193462213498,652.7193478179051,652.6528842940988,652.6528931321827,652.7193478179051,652.7193478179051,652.7193478179051,652.7193478179051,652.7193478179051,652.7193478179051,0.0617990117316367,654.9868976846501,[471.0],[-331.0],[1],[0],[0],[2.266749022393924],654.9876973886039,654.9908229338562,,,,,,,,,,,,,,ED26,1,2024-01-30_16h38.39.158,rating,2023.2.3,60.04008894224292,2024-01-30 16h38.52.660783 +0800,
neu_104.jpg,0.0,139.0,139.0,198.0,492.4678114169783,,,,,,,,,,,,,,,,,,,,,,,492.4392167976039,,492.4392461628468,492.4392530052337,492.4678114169783,493.4511598985955,493.4678122722762,494.45116132409385,494.45116132409385,494.7511669120431,494.6847096604233,494.6847182134079,494.7511669120431,494.7511669120431,494.7511669120431,494.7511669120431,494.7511669120431,494.7511669120431,0.0619726372951845,495.60187686668905,[469.0],[-325.0],[1],[0],[0],[0.8500257159703324],495.6025499864864,495.6056493025899,,,,,,,,,,,,,,ED26,1,2024-01-30_16h38.39.158,rating,2023.2.3,60.04008894224292,2024-01-30 16h38.52.660783 +0800,
neu_105.jpg,0.0,73.0,73.0,199.0,262.3489839625854,,,,,,,,,,,,,,,,,,,,,,,262.32000474405504,,262.320032113601,262.32003810069,262.3489839625854,263.3323070703518,263.349029863597,264.3323119170436,264.3323119170436,264.5989831072875,264.565845428202,264.56585312588686,264.5989831072875,264.5989831072875,264.5989831072875,264.5989831072875,264.5989831072875,264.5989831072875,0.0289991754925722,267.4661324663266,[466.0],[357.0],[1],[0],[0],[2.866692059524212],267.46669810363164,267.46976919489134,,,,,,,,,,,,,,ED26,1,2024-01-30_16h38.39.158,rating,2023.2.3,60.04008894224292,2024-01-30 16h38.52.660783 +0800,
neu_106.jpg,0.0,334.0,334.0,200.0,1182.391001063992,,,,,,,,,,,,,,,,,,,,,,,1182.3635725013592,,1182.3636032921004,1182.363610134487,1182.391001063992,1183.3743466946144,1183.3910144636648,1184.3743558177955,1184.3743558177955,1184.7243695595898,1184.607950340238,1184.607958323022,1184.7243695595898,1184.7243695595898,1184.7243695595898,1184.7243695595898,1184.7243695595898,1184.7243695595898,0.1108221469821728,1185.659355481379,[512.0],[-318.0],[1],[0],[0],[0.9334974175690149],1185.6604841900953,1185.663630832707,,,,,,,,,,,,,,ED26,1,2024-01-30_16h38.39.158,rating,2023.2.3,60.04008894224292,2024-01-30 16h38.52.660783 +0800,
neu_107.jpg,0.0,306.0,306.0,201.0,1081.4733848260948,,,,,,,,,,,,,,,,,,,,,,,1081.4458279687117,,1081.4458593296513,1081.4458661720382,1081.4733848260948,1082.4567350183097,1082.473393949278,1083.456767804746,1083.456767804746,1083.7900000228074,1083.690269384766,1083.6902776526513,1083.7900000228074,1083.7900000228074,1083.7900000228074,1083.7900000228074,1083.7900000228074,1083.7900000228074,0.0941945769518497,1085.1916065011792,[443.0],[-308.0],[1],[0],[0],[1.4002414222122752],1085.1926131873315,1085.195666317324,,,,,,,,,,,,,,ED26,1,2024-01-30_16h38.39.158,rating,2023.2.3,60.04008894224292,2024-01-30 16h38.52.660783 +0800,
neu_108.jpg,0.0,377.0,377.0,202.0,1322.2423502116017,,,,,,,,,,,,,,,,,,,,,,,1322.2153629829154,,1322.2153943438552,1322.2154009011429,1322.2423502116017,1323.2256704683732,1323.2423707387609,1324.2256778809588,1324.2256778809588,1324.592355115312,1324.4593063302343,1324.4593140279194,1324.592355115312,1324.592355115312,1324.592355115312,1324.592355115312,1324.592355115312,1324.592355115312,0.1270223529372742,1324.9441125253306,[484.0],[338.0],[1],[0],[0],[0.3500248606706009],1324.9453244830856,1324.94844917304,,,,,,,,,,,,,,ED26,1,2024-01-30_16h38.39.158,rating,2023.2.3,60.04008894224292,2024-01-30 16h38.52.660783 +0800,
neu_109.jpg,0.0,324.0,324.0,203.0,1138.3405906348253,,,,,,,,,,,,,,,,,,,,,,,1138.3130046972983,,1138.313032066846,1138.3130383390326,1138.3405906348253,1139.3239311336583,1139.3405940560187,1140.3239362654476,1140.3239362654476,1140.6739477264457,1140.5575538809444,1140.557562433929,1140.6739477264457,1140.6739477264457,1140.6739477264457,1140.6739477264457,1140.6739477264457,1140.6739477264457,0.1109692582958814,1140.9088098010343,[466.0],[337.0],[1],[0],[0],[0.23345225781667978],1140.90981990838,1140.9129380410468,,,,,,,,,,,,,,ED26,1,2024-01-30_16h38.39.158,rating,2023.2.3,60.04008894224292,2024-01-30 16h38.52.660783 +0800,
neu_11.jpg,0.0,81.0,81.0,204.0,291.5159071237231,,,,,,,,,,,,,,,,,,,,,,,291.48708613538656,,291.48711635592736,291.4871231983143,291.5159071237231,292.49924790765544,292.5159171022042,293.499283830186,293.499283830186,293.7825968454308,293.7328042267709,293.73281220955505,293.7825968454308,293.7825968454308,293.7825968454308,293.7825968454308,293.7825968454308,293.7825968454308,0.0455298117085476,295.1163821564241,[454.0],[346.0],[1],[0],[0],[1.3333545257264632],295.1169318281609,295.1199994982253,,,,,,,,,,,,,,ED26,1,2024-01-30_16h38.39.158,rating,2023.2.3,60.04008894224292,2024-01-30 16h38.52.660783 +0800,
neu_110.jpg,0.0,282.0,282.0,205.0,1006.8394026254246,,,,,,,,,,,,,,,,,,,,,,,1006.811708065008,,1006.8117388557476,1006.8117456981344,1006.8394026254246,1007.8226872447648,1007.8393812429658,1008.8227254480915,1008.8227254480915,1009.1560389194964,1009.0562498360688,1009.0562575337536,1009.1560389194964,1009.1560389194964,1009.1560389194964,1009.1560389194964,1009.1560389194964,1009.1560389194964,0.0943892998766386,1009.5574241606956,[451.0],[377.0],[1],[0],[0],[0.4001125572631281],1009.5584046176992,1009.5617240305764,,,,,,,,,,,,,,ED26,1,2024-01-30_16h38.39.158,rating,2023.2.3,60.04008894224292,2024-01-30 16h38.52.660783 +0800,
neu_111.jpg,0.0,227.0,227.0,206.0,822.1709313742813,,,,,,,,,,,,,,,,,,,,,,,822.1426418113169,,822.142672316957,822.1426794444433,822.1709313742813,823.1542955363693,823.1709373613703,824.1542878386845,824.1542878386845,824.4709757357559,824.387886352517,824.3878960458987,824.4709757357559,824.4709757357559,824.4709757357559,824.4709757357559,824.4709757357559,824.4709757357559,0.0783553068977198,825.1387787137901,[-529.0],[-350.0],[1],[0],[0],[0.6668344952086045],825.139667083673,825.1427820802455,,,,,,,,,,,,,,ED26,1,2024-01-30_16h38.39.158,rating,2023.2.3,60.04008894224292,2024-01-30 16h38.52.660783 +0800,
neu_112.jpg,0.0,359.0,359.0,207.0,1267.575143091413,,,,,,,,,,,,,,,,,,,,,,,1267.5481059703252,,1267.548136190866,1267.548143033253,1267.575143091413,1268.558488151837,1268.5751288364409,1269.5585044025063,1269.5585044025063,1269.9084984724377,1269.7920681342057,1269.7920761169917,1269.9084984724377,1269.9084984724377,1269.9084984724377,1269.9084984724377,1269.9084984724377,1269.9084984724377,0.110417305764713,1270.376815370737,[474.0],[-313.0],[1],[0],[0],[0.4665732300727541],1270.3779874145694,1271.442253676927,space,1270.3917628497163,1270.3917628497163,1.043008677286707,,,,,,,,,,ED26,1,2024-01-30_16h38.39.158,rating,2023.2.3,60.04008894224292,2024-01-30 16h38.52.660783 +0800,
neu_113.jpg,0.0,62.0,62.0,208.0,225.6986350578809,,,,,,,,,,,,,,,,,,,,,,,225.6695118641292,,225.6695423697693,225.6695492121562,225.6986350578809,226.68198182890228,226.6986173817149,227.68196557823285,227.68196557823285,227.9486350578809,227.91557521094543,227.9155831937296,227.9486350578809,227.9486350578809,227.9486350578809,227.9486350578809,227.9486350578809,227.9486350578809,0.0291388742225535,228.8157097208641,[452.0],[-360.0],[1],[0],[0],[0.8666946254197683],228.81620037701575,228.8192797361571,,,,,,,,,,,,,,ED26,1,2024-01-30_16h38.39.158,rating,2023.2.3,60.04008894224292,2024-01-30 16h38.52.660783 +0800,
neu_114.jpg,0.0,245.0,245.0,209.0,887.5715471320709,,,,,,,,,,,,,,,,,,,,,,,887.5434639811065,,887.5434947718459,887.5435016142328,887.5715471320709,888.5548927626933,888.5716007307674,889.5549004603781,889.5549004603781,889.871567260092,889.7884596304884,889.7884676132726,889.871567260092,889.871567260092,889.871567260092,889.871567260092,889.871567260092,889.871567260092,0.0781246614460542,890.7893559831537,[425.0],[-318.0],[1],[0],[0],[0.9167295786119212],890.7902797053666,890.7934220714869,,,,,,,,,,,,,,ED26,1,2024-01-30_16h38.39.158,rating,2023.2.3,60.04008894224292,2024-01-30 16h38.52.660783 +0800,
neu_115.jpg,0.0,200.0,200.0,210.0,703.9531464715528,,,,,,,,,,,,,,,,,,,,,,,703.9247582641783,,703.9247856337242,703.9247919059126,703.9531464715528,704.9364852597882,704.9531535990391,705.9364943829714,705.9364943829714,706.2531683101697,706.1700909011088,706.1701005944888,706.2531683101697,706.2531683101697,706.2531683101697,706.2531683101697,706.2531683101697,706.2531683101697,0.0784342794468102,707.6541144982184,[-537.0],[-363.0],[1],[0],[0],[1.4000752092342736],707.6549563968911,707.6580639808781,,,,,,,,,,,,,,ED26,1,2024-01-30_16h38.39.158,rating,2023.2.3,60.04008894224292,2024-01-30 16h38.52.660783 +0800,
neu_116.jpg,0.0,293.0,293.0,211.0,1038.8896499777056,,,,,,,,,,,,,,,,,,,,,,,1038.8621395915325,,1038.8621718077702,1038.862179505455,1038.8896499777056,1039.8729913318366,1039.889656249894,1040.8730266841685,1040.8730266841685,1041.206340725772,1041.1065513572448,1041.106559340029,1041.206340725772,1041.206340725772,1041.206340725772,1041.206340725772,1041.206340725772,1041.206340725772,0.0942242272958537,1042.9076665522462,[-493.0],[-309.0],[1],[0],[0],[1.700039742861918],1042.9087068801346,1042.9118931515695,,,,,,,,,,,,,,ED26,1,2024-01-30_16h38.39.158,rating,2023.2.3,60.04008894224292,2024-01-30 16h38.52.660783 +0800,
neu_117.jpg,0.0,357.0,357.0,212.0,1260.3917440331534,,,,,,,,,,,,,,,,,,,,,,,1260.364466003031,,1260.3644965086714,1260.3645033510584,1260.3917440331534,1261.3750848170855,1261.391749735143,1262.3750947955668,1262.3750947955668,1262.7251008396745,1262.6086186133452,1262.6086265961294,1262.7251008396745,1262.7251008396745,1262.7251008396745,1262.7251008396745,1262.7251008396745,1262.7251008396745,0.1106590700965171,1263.0767370824287,[505.0],[-347.0],[1],[0],[0],[0.35006562989292433],1263.077838421597,1263.0809229125298,,,,,,,,,,,,,,ED26,1,2024-01-30_16h38.39.158,rating,2023.2.3,60.04008894224292,2024-01-30 16h38.52.660783 +0800,
neu_118.jpg,0.0,105.0,105.0,213.0,375.6667056302576,,,,,,,,,,,,,,,,,,,,,,,375.6378207796442,,375.6378484342913,375.6378544213785,375.6667056302576,376.6500612393611,376.6667096216497,377.65005268637833,377.65005268637833,377.9334047602479,377.8835938952234,377.8836030184048,377.9334047602479,377.9334047602479,377.9334047602479,377.9334047602479,377.9334047602479,377.9334047602479,0.0456065034595667,379.1339143470032,[-522.0],[-322.0],[1],[0],[0],[1.2000115180180728],379.1345464124788,379.13764601368166,,,,,,,,,,,,,,ED26,1,2024-01-30_16h38.39.158,rating,2023.2.3,60.04008894224292,2024-01-30 16h38.52.660783 +0800,
neu_119.jpg,0.0,212.0,212.0,214.0,771.5037866908733,,,,,,,,,,,,,,,,,,,,,,,771.4755413183229,,771.4755715388637,771.47557866635,771.5037866908733,772.4871286152029,772.5037960991558,773.4871354575898,773.4871354575898,773.803829056651,773.7207177207547,773.7207257035407,773.803829056651,773.803829056651,773.803829056651,773.803829056651,773.803829056651,773.803829056651,0.0783102611858339,774.304714575539,[446.0],[-339.0],[1],[0],[0],[0.499998289402356],774.3055003096179,774.3087199376878,,,,,,,,,,,,,,ED26,1,2024-01-30_16h38.39.158,rating,2023.2.3,60.04008894224292,2024-01-30 16h38.52.660783 +0800,
neu_12.jpg,0.0,378.0,378.0,215.0,1324.9757069611023,,,,,,,,,,,,,,,,,,,,,,,1324.9486986350585,,1324.948729425798,1324.9487359830855,1324.9757069611023,1325.9590226562832,1325.9756935614278,1326.9590448940398,1326.9590448940398,1327.325710724415,1327.1925678565203,1327.1925769797017,1327.325710724415,1327.325710724415,1327.325710724415,1327.325710724415,1327.325710724415,1327.325710724415,0.1270417397008714,1328.027457927874,[506.0],[343.0],[1],[0],[0],[0.7000260580898612],1328.0286556306564,1328.031815102744,,,,,,,,,,,,,,ED26,1,2024-01-30_16h38.39.158,rating,2023.2.3,60.04008894224292,2024-01-30 16h38.52.660783 +0800,
neu_120.jpg,0.0,215.0,215.0,216.0,781.1705433539319,,,,,,,,,,,,,,,,,,,,,,,781.142323070133,,781.1423538608742,781.1423607032611,781.1705433539319,782.1538872739584,782.1705482006237,783.1538921206502,783.1538921206502,783.4705657627492,783.3874253467093,783.3874341847932,783.4705657627492,783.4705657627492,783.4705657627492,783.4705657627492,783.4705657627492,783.4705657627492,0.0782666409686498,784.2214926210563,[454.0],[-323.0],[1],[0],[0],[0.7500216675580305],784.2223162733626,784.2254646265719,,,,,,,,,,,,,,ED26,1,2024-01-30_16h38.39.158,rating,2023.2.3,60.04008894224292,2024-01-30 16h38.52.660783 +0800,
neu_121.jpg,0.0,3.0,3.0,217.0,31.346775867357792,,,,,,,,,,,,,,,,,,,,,,,31.317563437478384,,31.317593658019177,31.317600500406115,31.346775867357792,32.330157990711086,32.34679012233028,33.33015628011344,33.33015628011344,33.580169679788014,33.563654153842435,33.563661851527286,33.580169679788014,33.580169679788014,33.580169679788014,33.580169679788014,33.580169679788014,33.580169679788014,0.012637603249459,34.98042649736999,[403.0],[-309.0],[1],[0],[0],[1.3999745691289718],34.980831053488146,34.98391212322713,,,,,,,,,,,,,,ED26,1,2024-01-30_16h38.39.158,rating,2023.2.3,60.04008894224292,2024-01-30 16h38.52.660783 +0800,
neu_122.jpg,0.0,264.0,264.0,218.0,946.8887829902832,,,,,,,,,,,,,,,,,,,,,,,946.860739183041,,946.8607699737822,946.86077653107,946.8887829902832,947.8721194977225,947.8888063684371,948.8721317569998,948.8721317569998,949.2054725979524,949.105685795319,949.1056943483018,949.2054725979524,949.2054725979524,949.2054725979524,949.2054725979524,949.2054725979524,949.2054725979524,0.0947582185617648,949.990018953411,[444.0],[-346.0],[1],[0],[0],[0.7834242040316894],949.9909785981544,949.994130087458,,,,,,,,,,,,,,ED26,1,2024-01-30_16h38.39.158,rating,2023.2.3,60.04008894224292,2024-01-30 16h38.52.660783 +0800,
neu_123.jpg,0.0,51.0,51.0,219.0,187.5315801807992,,,,,,,,,,,,,,,,,,,,,,,187.50252655131223,,187.5025544910568,187.50256076324516,187.5315801807992,188.5149269518188,188.53161268213623,189.51493636010127,189.51493636010127,189.7816052695507,189.74846930106105,189.74847756894636,189.7816052695507,189.7816052695507,189.7816052695507,189.7816052695507,189.7816052695507,189.7816052695507,0.0290981050020491,190.4487408297755,[441.0],[-297.0],[1],[0],[0],[0.6667503908702201],190.44923063062924,190.45217656322893,,,,,,,,,,,,,,ED26,1,2024-01-30_16h38.39.158,rating,2023.2.3,60.04008894224292,2024-01-30 16h38.52.660783 +0800,
neu_124.jpg,0.0,280.0,280.0,220.0,1000.439286646968,,,,,,,,,,,,,,,,,,,,,,,1000.4114235927772,,1000.4114543835184,1000.4114615110047,1000.439286646968,1001.4226260054038,1001.4393165824094,1002.4226394050766,1002.4226394050766,1002.7559753993391,1002.6561663589492,1002.656175197033,1002.7559753993391,1002.7559753993391,1002.7559753993391,1002.7559753993391,1002.7559753993391,1002.7559753993391,0.094576040013635,1004.0573235205902,[447.0],[-320.0],[1],[0],[0],[1.3001666691379796],1004.0583091093832,1004.0614594582876,,,,,,,,,,,,,,ED26,1,2024-01-30_16h38.39.158,rating,2023.2.3,60.04008894224292,2024-01-30 16h38.52.660783 +0800,
neu_125.jpg,0.0,297.0,297.0,221.0,1051.8897745661634,,,,,,,,,,,,,,,,,,,,,,,1051.8621247663614,,1051.8621549869022,1051.862161829289,1051.8897745661634,1052.8731410090477,1052.889772285369,1053.8731210520857,1053.8731210520857,1054.206499241065,1054.1067104427366,1054.1067189957191,1054.206499241065,1054.206499241065,1054.206499241065,1054.206499241065,1054.206499241065,1054.206499241065,0.094400418754958,1054.507885565643,[462.0],[-318.0],[1],[0],[0],[0.3001130704415118],1054.508878281922,1054.5119949890925,,,,,,,,,,,,,,ED26,1,2024-01-30_16h38.39.158,rating,2023.2.3,60.04008894224292,2024-01-30 16h38.52.660783 +0800,
neu_126.jpg,0.0,276.0,276.0,222.0,988.0391829277888,,,,,,,,,,,,,,,,,,,,,,,988.0114156670134,,988.0114464577528,988.0114533001396,988.0391829277888,989.0225479451748,989.039175230104,990.0225368262963,990.0225368262963,990.355859991083,990.2560540867872,990.2560623546706,990.355859991083,990.355859991083,990.355859991083,990.355859991083,990.355859991083,990.355859991083,0.0944682724239101,991.0570982920252,[448.0],[332.0],[1],[0],[0],[0.7000645465141133],991.0580619281608,991.0612462039009,,,,,,,,,,,,,,ED26,1,2024-01-30_16h38.39.158,rating,2023.2.3,60.04008894224292,2024-01-30 16h38.52.660783 +0800,
neu_127.jpg,0.0,33.0,33.0,223.0,128.89770118612796,,,,,,,,,,,,,,,,,,,,,,,128.86845340391665,,128.86848305425883,128.86848989664577,128.89770118612796,129.88104054456198,129.89770660301656,130.8810459614524,130.8810459614524,131.14773767885708,131.11458061300982,131.11458831069467,131.14773767885708,131.14773767885708,131.14773767885708,131.14773767885708,131.14773767885708,131.14773767885708,0.0293028064061218,132.51484455807804,[446.0],[-312.0],[1],[0],[0],[1.3667878529395239],132.51529530030712,132.51837979123957,,,,,,,,,,,,,,ED26,1,2024-01-30_16h38.39.158,rating,2023.2.3,60.04008894224292,2024-01-30 16h38.52.660783 +0800,
neu_128.jpg,0.0,234.0,234.0,224.0,842.9211500455585,,,,,,,,,,,,,,,,,,,,,,,842.8929519995163,,842.8929822200589,842.8929887773447,842.9211500455585,843.9044916847888,843.9211762747072,844.904478285116,844.904478285116,845.2211775861651,845.1380859221317,845.1380956155117,845.2211775861651,845.2211775861651,845.2211775861651,845.2211775861651,845.2211775861651,845.2211775861651,0.078252956194774,845.5555316705577,[486.0],[344.0],[1],[0],[0],[0.33334454724536045],845.5564434185926,845.5593996147745,,,,,,,,,,,,,,ED26,1,2024-01-30_16h38.39.158,rating,2023.2.3,60.04008894224292,2024-01-30 16h38.52.660783 +0800,
neu_129.jpg,0.0,58.0,58.0,225.0,208.7817908692905,,,,,,,,,,,,,,,,,,,,,,,208.75275634146783,,208.75278684710796,208.7527936894949,208.7817908692905,209.76512709163217,209.7817965712802,210.76513592971423,210.76513592971423,211.03180854545644,210.9987276011616,210.99873529884644,211.03180854545644,211.03180854545644,211.03180854545644,211.03180854545644,211.03180854545644,211.03180854545644,0.0290675993601325,211.5655663158432,[438.0],[375.0],[1],[0],[0],[0.533366043742717],211.5660843415408,211.569193065925,,,,,,,,,,,,,,ED26,1,2024-01-30_16h38.39.158,rating,2023.2.3,60.04008894224292,2024-01-30 16h38.52.660783 +0800,
neu_13.jpg,0.0,57.0,57.0,226.0,205.831777070478,,,,,,,,,,,,,,,,,,,,,,,205.80272058999617,,205.8027513807374,205.80275850822363,205.831777070478,206.8151050249344,206.83178020657212,207.8151130077185,207.8151130077185,208.0817836277656,208.0486947006848,208.04870239837143,208.0817836277656,208.0817836277656,208.0817836277656,208.0817836277656,208.0817836277656,208.0817836277656,0.0290781480398436,208.7488687253881,[426.0],[371.0],[1],[0],[0],[0.6667193150315143],208.74936736432392,208.75251828342695,,,,,,,,,,,,,,ED26,1,2024-01-30_16h38.39.158,rating,2023.2.3,60.04008894224292,2024-01-30 16h38.52.660783 +0800,
neu_130.jpg,0.0,170.0,170.0,227.0,606.2689077954165,,,,,,,,,,,,,,,,,,,,,,,606.2404092545567,,606.2404397601968,606.2404463174844,606.2689077954165,607.252230047885,607.2688955361409,608.252236034974,608.252236034974,608.5522436186184,608.4857726822265,608.4857812352111,608.5522436186184,608.5522436186184,608.5522436186184,608.5522436186184,608.5522436186184,608.5522436186184,0.061869146196841,609.886312603563,[484.0],[-318.0],[1],[0],[0],[1.3333257306803716],609.8870313392727,609.8900351470602,,,,,,,,,,,,,,ED26,1,2024-01-30_16h38.39.158,rating,2023.2.3,60.04008894224292,2024-01-30 16h38.52.660783 +0800,
neu_131.jpg,0.0,92.0,92.0,228.0,330.26627889340307,,,,,,,,,,,,,,,,,,,,,,,330.2375619663653,,330.2375927571047,330.23759959949166,330.26627889340307,331.2496136902482,331.26627775300585,332.2496185369382,332.2496185369382,332.53295635583527,332.4831768517488,332.4831856898327,332.53295635583527,332.53295635583527,332.53295635583527,332.53295635583527,332.53295635583527,332.53295635583527,0.0454137762317259,334.1835857983988,[443.0],[-374.0],[1],[0],[0],[1.65012795263101],334.1841540015994,334.1873613703938,,,,,,,,,,,,,,ED26,1,2024-01-30_16h38.39.158,rating,2023.2.3,60.04008894224292,2024-01-30 16h38.52.660783 +0800,
neu_132.jpg,0.0,173.0,173.0,229.0,616.3523184857349,,,,,,,,,,,,,,,,,,,,,,,616.3238992025199,,616.323930848559,616.323937690946,616.3523184857349,617.3356609802631,617.3523230473256,618.3356672524515,618.3356672524515,618.6356748360959,618.569199053014,618.5692073208975,618.6356748360959,618.6356748360959,618.6356748360959,618.6356748360959,618.6356748360959,618.6356748360959,0.061796160736776,619.4364402140764,[455.0],[368.0],[1],[0],[0],[0.8000015965571947],619.4372000041058,619.4403064476955,,,,,,,,,,,,,,ED26,1,2024-01-30_16h38.39.158,rating,2023.2.3,60.04008894224292,2024-01-30 16h38.52.660783 +0800,
neu_133.jpg,0.0,258.0,258.0,230.0,926.3552515888588,,,,,,,,,,,,,,,,,,,,,,,926.32724798064,,926.3272787713812,926.327285328669,926.3552515888588,927.338610048957,927.3552590014442,928.3386037767688,928.3386037767688,928.6719896634348,928.5722570296966,928.5722670081776,928.6719896634348,928.6719896634348,928.6719896634348,928.6719896634348,928.6719896634348,928.6719896634348,0.0947642056507902,929.5064195842788,[457.0],[-337.0],[1],[0],[0],[0.83332287968733],929.507397760486,929.5105415521048,,,,,,,,,,,,,,ED26,1,2024-01-30_16h38.39.158,rating,2023.2.3,60.04008894224292,2024-01-30 16h38.52.660783 +0800,
neu_134.jpg,0.0,118.0,118.0,231.0,416.8671145769076,,,,,,,,,,,,,,,,,,,,,,,416.8384327171007,,416.8384632227408,416.8384700651277,416.8671145769076,417.8504359740764,417.8671003219352,418.8504453823589,418.8504453823589,419.133783201256,419.0839991355788,419.0840068332636,419.133783201256,419.133783201256,419.133783201256,419.133783201256,419.133783201256,419.133783201256,0.045368730521659,419.7343973624884,[465.0],[-333.0],[1],[0],[0],[0.6000425368365541],419.7350439680376,419.7381820576648,,,,,,,,,,,,,,ED26,1,2024-01-30_16h38.39.158,rating,2023.2.3,60.04008894224292,2024-01-30 16h38.52.660783 +0800,
neu_135.jpg,0.0,382.0,382.0,232.0,1338.4924830679429,,,,,,,,,,,,,,,,,,,,,,,1338.4655189323148,,1338.4655497230542,1338.4655568505405,1338.4924830679429,1339.4758224263787,1339.4924876295354,1340.475831549562,1340.475831549562,1340.8425056478209,1340.7094155233226,1340.709423791206,1340.8425056478209,1340.8425056478209,1340.8425056478209,1340.8425056478209,1340.8425056478209,1340.8425056478209,0.127013229755903,1341.594274404797,[476.0],[-279.0],[1],[0],[0],[0.7500367778302461],1341.5954253512718,1341.598483898153,,,,,,,,,,,,,,ED26,1,2024-01-30_16h38.39.158,rating,2023.2.3,60.04008894224292,2024-01-30 16h38.52.660783 +0800,
neu_136.jpg,0.0,45.0,45.0,233.0,165.83138163754302,,,,,,,,,,,,,,,,,,,,,,,165.8022889494314,,165.80231660407844,165.80232287626495,165.83138163754302,166.8147480804255,166.83138933522787,167.81474152313783,167.81474152313783,168.08140302000174,168.04827503429806,168.04828358728082,168.08140302000174,168.08140302000174,168.08140302000174,168.08140302000174,168.08140302000174,168.08140302000174,0.0291374487242137,168.8817652673606,[420.0],[-349.0],[1],[0],[0],[0.8000158515296789],168.88222940926244,168.8853044919124,,,,,,,,,,,,,,ED26,1,2024-01-30_16h38.39.158,rating,2023.2.3,60.04008894224292,2024-01-30 16h38.52.660783 +0800,
neu_137.jpg,0.0,198.0,198.0,234.0,698.4864281258597,,,,,,,,,,,,,,,,,,,,,,,698.4580276592078,,698.4580558840535,698.4580621562418,698.4864281258597,699.4697939985417,699.4864369639417,700.4698627075104,700.4698627075104,700.7864531005707,700.7033249438064,700.7033326414912,700.7864531005707,700.7864531005707,700.7864531005707,700.7864531005707,700.7864531005707,700.7864531005707,0.0784513854123361,701.187349681315,[479.0],[363.0],[1],[0],[0],[0.40006893704594404],701.1881733336231,701.1912923215878,,,,,,,,,,,,,,ED26,1,2024-01-30_16h38.39.158,rating,2023.2.3,60.04008894224292,2024-01-30 16h38.52.660783 +0800,
neu_138.jpg,0.0,149.0,149.0,235.0,523.3347680487914,,,,,,,,,,,,,,,,,,,,,,,523.306126102907,,523.3061571787475,523.3061643062338,523.3347680487914,524.318137627768,524.3347771719727,525.3181205218007,525.3181205218007,525.6181261097499,525.5517318651091,525.5517398478933,525.6181261097499,525.6181261097499,525.6181261097499,525.6181261097499,525.6181261097499,525.6181261097499,0.062018823406106,527.2855530416127,[479.0],[-306.0],[1],[0],[0],[1.6667891643955954],527.2862335739956,541.9854317032859,space,527.301470999113,527.301470999113,14.678932120103129,,,,,,,,,,ED26,1,2024-01-30_16h38.39.158,rating,2023.2.3,60.04008894224292,2024-01-30 16h38.52.660783 +0800,
neu_139.jpg,0.0,163.0,163.0,236.0,583.8520097230321,,,,,,,,,,,,,,,,,,,,,,,583.8234370563132,,583.8234675619551,583.823474404342,583.8520097230321,584.8353602003444,584.8520159952186,585.8353650470362,585.8353650470362,586.1353626521995,586.0689618502729,586.0689695479577,586.1353626521995,586.1353626521995,586.1353626521995,586.1353626521995,586.1353626521995,586.1353626521995,0.0619472634443809,586.869470923848,[468.0],[368.0],[1],[0],[0],[0.7334000846185518],586.8702287181823,586.8733120687157,,,,,,,,,,,,,,ED26,1,2024-01-30_16h38.39.158,rating,2023.2.3,60.04008894224292,2024-01-30 16h38.52.660783 +0800,
neu_14.jpg,0.0,273.0,273.0,237.0,978.6891064641168,,,,,,,,,,,,,,,,,,,,,,,978.6612459758215,,978.6612761963625,978.6612833238488,978.6891064641168,979.672424440094,979.6890936346408,980.6724520947392,980.6724520947392,981.005769557538,980.906006988358,980.9060149711422,981.005769557538,981.005769557538,981.005769557538,981.005769557538,981.005769557538,981.005769557538,0.0945634956387948,981.5069686858168,[468.0],[351.0],[1],[0],[0],[0.4999985745016602],981.5079123649904,981.5110250807684,,,,,,,,,,,,,,ED26,1,2024-01-30_16h38.39.158,rating,2023.2.3,60.04008894224292,2024-01-30 16h38.52.660783 +0800,
neu_140.jpg,0.0,69.0,69.0,238.0,249.14883816272777,,,,,,,,,,,,,,,,,,,,,,,249.11995701840715,,249.11998809424767,249.1199946515335,249.14883816272777,250.1321775211636,250.14886781307,251.13219006553845,251.13219006553845,251.39891742037435,251.3657358359742,251.36574410385765,251.39891742037435,251.39891742037435,251.39891742037435,251.39891742037435,251.39891742037435,251.39891742037435,0.0289772228352376,252.16610663631764,[442.0],[349.0],[1],[0],[0],[0.7667678389570938],252.16666486103716,252.16980665695883,,,,,,,,,,,,,,ED26,1,2024-01-30_16h38.39.158,rating,2023.2.3,60.04008894224292,2024-01-30 16h38.52.660783 +0800,
neu_141.jpg,0.0,260.0,260.0,239.0,933.3886760779895,,,,,,,,,,,,,,,,,,,,,,,933.3608891453514,,933.360920221192,933.3609270635789,933.3886760779895,934.3720063132424,934.3886564061268,935.3720017516516,935.3720017516516,935.7053405969071,935.6055620621592,935.6055703300426,935.7053405969071,935.7053405969071,935.7053405969071,935.7053405969071,935.7053405969071,935.7053405969071,0.0944828124938794,936.2064998112636,[465.0],[-345.0],[1],[0],[0],[0.4999840344316908],936.2074520434217,936.2105730270832,,,,,,,,,,,,,,ED26,1,2024-01-30_16h38.39.158,rating,2023.2.3,60.04008894224292,2024-01-30 16h38.52.660783 +0800,
neu_142.jpg,0.0,41.0,41.0,240.0,155.1979921586244,,,,,,,,,,,,,,,,,,,,,,,155.16886668407642,,155.16889376852487,155.16889975561207,155.1979921586244,156.1812990157232,156.1979519596025,157.18131868758428,157.18131868758428,157.44796564437638,157.41485619013656,157.41486417292072,157.44796564437638,157.44796564437638,157.44796564437638,157.44796564437638,157.44796564437638,157.44796564437638,0.0291231937517295,157.7818019881688,[432.0],[-321.0],[1],[0],[0],[0.3335013519426866],157.78228238074007,157.78534349351685,,,,,,,,,,,,,,ED26,1,2024-01-30_16h38.39.158,rating,2023.2.3,60.04008894224292,2024-01-30 16h38.52.660783 +0800,
neu_143.jpg,0.0,97.0,97.0,241.0,346.36642805743577,,,,,,,,,,,,,,,,,,,,,,,346.3374938846173,,346.3375215392625,346.33752781145085,346.36642805743577,347.349787372832,347.366434044523,348.3497919344227,348.3497919344227,348.6331628248572,348.5833856015652,348.58339500984766,348.6331628248572,348.6331628248572,348.6331628248572,348.6331628248572,348.6331628248572,348.6331628248572,0.0456926034948992,350.23371112811583,[480.0],[-289.0],[1],[0],[0],[1.600071902079435],350.2343141134497,350.2374345269109,,,,,,,,,,,,,,ED26,1,2024-01-30_16h38.39.158,rating,2023.2.3,60.04008894224292,2024-01-30 16h38.52.660783 +0800,
neu_144.jpg,0.0,55.0,55.0,242.0,199.73170488329745,,,,,,,,,,,,,,,,,,,,,,,199.70260991438957,,199.7026375690366,199.70264384122493,199.73170488329745,200.71504424173327,200.7317348187389,201.7150516543188,201.7150516543188,201.9817268359548,201.94859856515177,201.9486059777373,201.9817268359548,201.9817268359548,201.9817268359548,201.9817268359548,201.9817268359548,201.9817268359548,0.029138018924641,202.88222399237384,[438.0],[364.0],[1],[0],[0],[0.9001293781293498],202.8827203505134,202.885783173886,,,,,,,,,,,,,,ED26,1,2024-01-30_16h38.39.158,rating,2023.2.3,60.04008894224292,2024-01-30 16h38.52.660783 +0800,
neu_145.jpg,0.0,71.0,71.0,243.0,255.3155634648483,,,,,,,,,,,,,,,,,,,,,,,255.28660420327836,,255.28664554269744,255.28665181488577,255.3155634648483,256.29890310838164,256.3155711625332,257.298935894818,257.298935894818,257.56558655790286,257.53245714670265,257.5324651294868,257.56558655790286,257.56558655790286,257.56558655790286,257.56558655790286,257.56558655790286,257.56558655790286,0.0289903374105051,258.5326866517571,[461.0],[373.0],[1],[0],[0],[0.9666616109025199],258.5332494380691,258.5363216697242,,,,,,,,,,,,,,ED26,1,2024-01-30_16h38.39.158,rating,2023.2.3,60.04008894224292,2024-01-30 16h38.52.660783 +0800,
neu_146.jpg,0.0,112.0,112.0,244.0,399.16692715252975,,,,,,,,,,,,,,,,,,,,,,,399.1379650399649,,399.137992694612,399.137998681701,399.16692715252975,400.1502676513628,400.1669550922761,401.1502799106384,401.1502799106384,401.4336131679447,401.3838584675104,401.3838664502946,401.4336131679447,401.4336131679447,401.4336131679447,401.4336131679447,401.4336131679447,401.4336131679447,0.0456703657364414,402.6843353248478,[469.0],[-289.0],[1],[0],[0],[1.2501630768856558],402.6849240552092,402.687997142164,,,,,,,,,,,,,,ED26,1,2024-01-30_16h38.39.158,rating,2023.2.3,60.04008894224292,2024-01-30 16h38.52.660783 +0800,
neu_147.jpg,0.0,381.0,381.0,245.0,1335.8757918637184,,,,,,,,,,,,,,,,,,,,,,,1335.8487621552158,,1335.8487929459552,1335.848799788342,1335.8757918637184,1336.8591295115566,1336.8757947147133,1337.859139775137,1337.859139775137,1338.225811877699,1338.0926789882851,1338.0926872561686,1338.225811877699,1338.225811877699,1338.225811877699,1338.225811877699,1338.225811877699,1338.225811877699,0.1270748112365254,1338.4609313970905,[-489.0],[-329.0],[1],[0],[0],[0.23340350581202074],1338.4621915366515,1338.4652854358665,,,,,,,,,,,,,,ED26,1,2024-01-30_16h38.39.158,rating,2023.2.3,60.04008894224292,2024-01-30 16h38.52.660783 +0800,
neu_148.jpg,0.0,250.0,250.0,246.0,902.9883970226492,,,,,,,,,,,,,,,,,,,,,,,902.9608019619408,,902.9608321824816,902.960839309968,902.9883970226492,903.97171756452,903.9883690829028,904.9717144284276,904.9717144284276,905.288311663875,905.20524565879,905.2052539266753,905.288311663875,905.288311663875,905.288311663875,905.288311663875,905.288311663875,905.288311663875,0.0775339353876916,905.7894976775806,[471.0],[352.0],[1],[0],[0],[0.5001080526908481],905.7904558968256,905.793567757306,,,,,,,,,,,,,,ED26,1,2024-01-30_16h38.39.158,rating,2023.2.3,60.04008894224292,2024-01-30 16h38.52.660783 +0800,
neu_149.jpg,0.0,142.0,142.0,247.0,501.7179340097409,,,,,,,,,,,,,,,,,,,,,,,501.6893767383936,,501.6894075291348,501.6894140864224,501.7179340097409,502.70124314763416,502.7179208951675,503.7012519857181,503.7012519857181,504.00125415247385,503.934827406496,503.9348356743794,504.00125415247385,504.00125415247385,504.00125415247385,504.00125415247385,504.00125415247385,504.00125415247385,0.0619007922341552,504.8019263029328,[442.0],[359.0],[1],[0],[0],[0.8000198429217562],504.8025700574872,504.805548776525,,,,,,,,,,,,,,ED26,1,2024-01-30_16h38.39.158,rating,2023.2.3,60.04008894224292,2024-01-30 16h38.52.660783 +0800,
neu_15.jpg,0.0,292.0,292.0,248.0,1035.7396531708182,,,,,,,,,,,,,,,,,,,,,,,1035.7119497723197,,1035.7119805630591,1035.7119876905454,1035.7396531708182,1036.7229819805743,1036.7396266565702,1037.7229697212988,1037.7229697212988,1038.0563310894104,1037.956529746707,1037.9565382996898,1038.0563310894104,1038.0563310894104,1038.0563310894104,1038.0563310894104,1038.0563310894104,1038.0563310894104,0.0944457495661481,1038.8575973871211,[479.0],[-301.0],[1],[0],[0],[0.7999773631036078],1038.8585690060409,1038.861897257002,,,,,,,,,,,,,,ED26,1,2024-01-30_16h38.39.158,rating,2023.2.3,60.04008894224292,2024-01-30 16h38.52.660783 +0800,
neu_150.jpg,0.0,179.0,179.0,249.0,635.0525193097856,,,,,,,,,,,,,,,,,,,,,,,635.024093754384,,635.0241248302227,635.0241316726097,635.0525193097856,636.0358526811324,636.0524996379245,637.0358680765021,637.0358680765021,637.3358482906006,637.2693833412977,637.2693916091812,637.3358482906006,637.3358482906006,637.3358482906006,637.3358482906006,637.3358482906006,637.3358482906006,0.0617747782780497,637.8699661415903,[489.0],[353.0],[1],[0],[0],[0.533380013615897],637.870709395851,639.9363176213119,space,637.8858544487484,637.8858544487484,2.0498921183680068,,,,,,,,,,ED26,1,2024-01-30_16h38.39.158,rating,2023.2.3,60.04008894224292,2024-01-30 16h38.52.660783 +0800,
neu_151.jpg,0.0,56.0,56.0,250.0,202.9150677339276,,,,,,,,,,,,,,,,,,,,,,,202.8859989941684,,202.88602636371616,202.88603263590448,202.9150677339276,203.89840880295924,203.91509139718076,204.89843417681004,204.89843417681004,205.16508569519283,205.13196996876468,205.13197738135025,205.16508569519283,205.16508569519283,205.16508569519283,205.16508569519283,205.16508569519283,205.16508569519283,0.0291040920892555,205.7989227802445,[447.0],[359.0],[1],[0],[0],[0.6334747236523981],205.79938977314123,205.80248424255296,,,,,,,,,,,,,,ED26,1,2024-01-30_16h38.39.158,rating,2023.2.3,60.04008894224292,2024-01-30 16h38.52.660783 +0800,
neu_152.jpg,0.0,195.0,195.0,251.0,690.2363676847763,,,,,,,,,,,,,,,,,,,,,,,690.2079153300256,,690.2079466909654,690.2079535333523,690.2363676847763,691.2196919329399,691.2363679698756,692.2196993455254,692.2196993455254,692.5196313778179,692.4533015656525,692.453309833536,692.5196313778179,692.5196313778179,692.5196313778179,692.5196313778179,692.5196313778179,692.5196313778179,0.0617368600505869,692.853913046949,[414.0],[-291.0],[1],[0],[0],[0.33345602112785855],692.8546825303602,692.8577667361933,,,,,,,,,,,,,,ED26,1,2024-01-30_16h38.39.158,rating,2023.2.3,60.04008894224292,2024-01-30 16h38.52.660783 +0800,
neu_153.jpg,0.0,82.0,82.0,252.0,295.149278071176,,,,,,,,,,,,,,,,,,,,,,,295.1202113271156,,295.12023869666154,295.12024468375057,295.149278071176,296.1326154339149,296.14927835627714,297.1326239868995,297.1326239868995,297.41596095049863,297.3661737487273,297.36618144641216,297.41596095049863,297.41596095049863,297.41596095049863,297.41596095049863,297.41596095049863,297.41596095049863,0.0457841204170108,297.83308368124926,[473.0],[348.0],[1],[0],[0],[0.41666315043949],297.8336370592788,297.8367061548415,,,,,,,,,,,,,,ED26,1,2024-01-30_16h38.39.158,rating,2023.2.3,60.04008894224292,2024-01-30 16h38.52.660783 +0800,
neu_154.jpg,0.0,279.0,279.0,253.0,997.6892618433158,,,,,,,,,,,,,,,,,,,,,,,997.6615843888668,,997.6616154647072,997.6616223070924,997.6892618433158,998.6726493835577,998.68926497941,999.6726100398336,999.6726100398336,1000.0059682718528,999.90615552517,999.906163222855,1000.0059682718528,1000.0059682718528,1000.0059682718528,1000.0059682718528,1000.0059682718528,1000.0059682718528,0.0944092568370251,1000.4071436798586,[445.0],[-321.0],[1],[0],[0],[0.3999979472846462],1000.4080773805526,1000.411194087721,,,,,,,,,,,,,,ED26,1,2024-01-30_16h38.39.158,rating,2023.2.3,60.04008894224292,2024-01-30 16h38.52.660783 +0800,
neu_155.jpg,0.0,328.0,328.0,254.0,1149.557373412994,,,,,,,,,,,,,,,,,,,,,,,1149.5300369374854,,1149.5300674431255,1149.5300742855125,1149.557373412994,1150.5407338687874,1150.5573748384904,1151.5407592426382,1151.5407592426382,1151.8907359215043,1151.774244286893,1151.7742534100744,1151.8907359215043,1151.8907359215043,1151.8907359215043,1151.8907359215043,1151.8907359215043,1151.8907359215043,0.1107263535668607,1153.1755554022347,[451.0],[349.0],[1],[0],[0],[1.2833706053352216],1153.1766020023097,1153.1796622597903,,,,,,,,,,,,,,ED26,1,2024-01-30_16h38.39.158,rating,2023.2.3,60.04008894224292,2024-01-30 16h38.52.660783 +0800,
neu_156.jpg,0.0,12.0,12.0,255.0,60.79705623415612,,,,,,,,,,,,,,,,,,,,,,,60.76774487476723,,60.76777566550845,60.76778250789357,60.79705623415612,61.780418400547205,61.79709614807871,62.7804181154479,62.7804181154479,63.0304232472372,63.01393965243005,63.01394849051212,63.0304232472372,63.0304232472372,63.0304232472372,63.0304232472372,63.0304232472372,63.0304232472372,0.0126983294303499,64.64750845890012,[-495.0],[-291.0],[1],[0],[0],[1.6167901337339572],64.64790018554231,64.651076478498,,,,,,,,,,,,,,ED26,1,2024-01-30_16h38.39.158,rating,2023.2.3,60.04008894224292,2024-01-30 16h38.52.660783 +0800,
neu_157.jpg,0.0,165.0,165.0,256.0,590.3520718747113,,,,,,,,,,,,,,,,,,,,,,,590.3236352004315,,590.3236659911709,590.3236728335578,590.3520718747113,591.3354137990409,591.3520801425948,592.3354217818251,592.3354217818251,592.6354239485809,592.5689535823894,592.5689615651736,592.6354239485809,592.6354239485809,592.6354239485809,592.6354239485809,592.6354239485809,592.6354239485809,0.0618084200141311,594.4363073577333,[465.0],[-314.0],[1],[0],[0],[1.8001450015781302],594.4370651520658,594.4401767274467,,,,,,,,,,,,,,ED26,1,2024-01-30_16h38.39.158,rating,2023.2.3,60.04008894224292,2024-01-30 16h38.52.660783 +0800,
neu_158.jpg,0.0,145.0,145.0,257.0,510.167995705262,,,,,,,,,,,,,,,,,,,,,,,510.13947578194166,,510.13950600248427,510.1395128448712,510.167995705262,511.1513581567524,511.1680014072517,512.1513518845641,512.1513518845641,512.4513426473422,512.384859451673,512.3848671493597,512.4513426473422,512.4513426473422,512.4513426473422,512.4513426473422,512.4513426473422,512.4513426473422,0.0618896733558358,513.3020930861112,[483.0],[364.0],[1],[0],[0],[0.8501175179935672],513.3027525211346,513.3058658071113,,,,,,,,,,,,,,ED26,1,2024-01-30_16h38.39.158,rating,2023.2.3,60.04008894224292,2024-01-30 16h38.52.660783 +0800,
neu_159.jpg,0.0,321.0,321.0,258.0,1129.0405017978374,,,,,,,,,,,,,,,,,,,,,,,1129.0131048812457,,1129.0131356719849,1129.0131425143718,1129.0405017978374,1130.0238702364168,1130.0405157677103,1131.0238864870844,1131.0238864870844,1131.3738836931095,1131.2573983306866,1131.2574063134707,1131.3738836931095,1131.3738836931095,1131.3738836931095,1131.3738836931095,1131.3738836931095,1131.3738836931095,0.110803330419003,1132.875431498016,[474.0],[332.0],[1],[0],[0],[1.5001052016959875],1132.876465268615,1132.8795950903586,,,,,,,,,,,,,,ED26,1,2024-01-30_16h38.39.158,rating,2023.2.3,60.04008894224292,2024-01-30 16h38.52.660783 +0800,
neu_16.jpg,0.0,130.0,130.0,259.0,465.7008921902143,,,,,,,,,,,,,,,,,,,,,,,465.6719882379366,,465.6720187435785,465.6720255859655,465.7008921902143,466.68426233938953,466.7008978922022,467.684238105936,467.684238105936,467.9676092814698,467.91777731908405,467.9177853018682,467.9676092814698,467.9676092814698,467.9676092814698,467.9676092814698,467.9676092814698,467.9676092814698,0.0456447067863337,469.0683277891003,[453.0],[-328.0],[1],[0],[0],[1.1000938547385886],469.0689532972883,469.0720460561061,,,,,,,,,,,,,,ED26,1,2024-01-30_16h38.39.158,rating,2023.2.3,60.04008894224292,2024-01-30 16h38.52.660783 +0800,
neu_160.jpg,0.0,34.0,34.0,260.0,132.54774104303033,,,,,,,,,,,,,,,,,,,,,,,132.51861072179236,,132.51864065723385,132.51864749962078,132.54774104303033,133.53107270378132,133.54774246852867,134.53110406471933,134.53110406471933,134.7977552980028,134.76461220202873,134.76461989971358,134.7977552980028,134.7977552980028,134.7977552980028,134.7977552980028,134.7977552980028,134.7977552980028,0.0291608268798881,137.39832270292573,[425.0],[357.0],[1],[0],[0],[2.600216162401921],137.39879226171615,137.40197796295251,,,,,,,,,,,,,,ED26,1,2024-01-30_16h38.39.158,rating,2023.2.3,60.04008894224292,2024-01-30 16h38.52.660783 +0800,
neu_161.jpg,0.0,86.0,86.0,261.0,308.1994062518879,,,,,,,,,,,,,,,,,,,,,,,308.1704851936447,,308.1705122780932,308.1705182651804,308.1994062518879,309.1827387679368,309.19944188931913,310.1827464656217,310.1827464656217,310.4661113689672,310.4163310095828,310.4163415582625,310.4661113689672,310.4661113689672,310.4661113689672,310.4661113689672,310.4661113689672,310.4661113689672,0.0456583915602095,311.73327521105966,[474.0],[-359.0],[1],[0],[0],[1.266676036935678],311.733814619216,311.7369279051927,,,,,,,,,,,,,,ED26,1,2024-01-30_16h38.39.158,rating,2023.2.3,60.04008894224292,2024-01-30 16h38.52.660783 +0800,
neu_162.jpg,0.0,24.0,24.0,262.0,100.63079735473366,,,,,,,,,,,,,,,,,,,,,,,100.60165648481416,,100.6016835692626,100.60168984145092,100.63079735473366,101.61410022043856,101.6307491729258,102.61411333501384,102.61411333501384,102.86404234525072,102.84764285478012,102.84765140776472,102.86404234525072,102.86404234525072,102.86404234525072,102.86404234525072,102.86404234525072,102.86404234525072,0.0124089534911036,103.28117248858688,[-497.0],[-315.0],[1],[0],[0],[0.4168116872533574],103.28161325233486,103.2847678777307,,,,,,,,,,,,,,ED26,1,2024-01-30_16h38.39.158,rating,2023.2.3,60.04008894224292,2024-01-30 16h38.52.660783 +0800,
neu_163.jpg,0.0,213.0,213.0,263.0,774.3371506248805,,,,,,,,,,,,,,,,,,,,,,,774.3089560000317,,774.3089867907729,774.3089936331598,774.3371506248805,775.320483711128,775.3371737179368,776.320518208162,776.320518208162,776.6371938459579,776.5540311921613,776.5540391749455,776.6371938459579,776.6371938459579,776.6371938459579,776.6371938459579,776.6371938459579,776.6371938459579,0.0782595134824077,777.1381169979704,[457.0],[-338.0],[1],[0],[0],[0.5000188165631698],777.1389329525919,777.1421588528519,,,,,,,,,,,,,,ED26,1,2024-01-30_16h38.39.158,rating,2023.2.3,60.04008894224292,2024-01-30 16h38.52.660783 +0800,
neu_164.jpg,0.0,1.0,1.0,264.0,22.33002912576012,,,,,,,,,,,,,,,,,,,,,,,22.302968911615608,,22.303000842754045,22.303007970240287,22.33002912576012,23.313375611680385,23.330024564167616,24.31336677359832,24.31336677359832,24.563346816636116,24.546930505299315,24.54693991357999,24.563346816636116,24.563346816636116,24.563346816636116,24.563346816636116,24.563346816636116,24.563346816636116,0.0104141126503236,26.88043157214088,[426.0],[-372.0],[1],[0],[0],[2.3167916732709273],26.880854944822204,26.88394371224604,,,,,,,,,,,,,,ED26,1,2024-01-30_16h38.39.158,rating,2023.2.3,60.04008894224292,2024-01-30 16h38.52.660783 +0800,
neu_165.jpg,0.0,256.0,256.0,265.0,920.6551981612228,,,,,,,,,,,,,,,,,,,,,,,920.6274078073913,,920.6274380279336,920.6274448703188,920.6551981612228,921.6385648892046,921.65523066256,922.6385554809222,922.6385554809222,922.9718866284928,922.8720764477056,922.8720841453924,922.9718866284928,922.9718866284928,922.9718866284928,922.9718866284928,922.9718866284928,922.9718866284928,0.0944984929647034,923.5563407827922,[484.0],[-323.0],[1],[0],[0],[0.5833511045329942],923.5573058444244,923.5604370916662,,,,,,,,,,,,,,ED26,1,2024-01-30_16h38.39.158,rating,2023.2.3,60.04008894224292,2024-01-30 16h38.52.660783 +0800,
neu_166.jpg,0.0,253.0,253.0,266.0,911.77180554621,,,,,,,,,,,,,,,,,,,,,,,911.74385468139,,911.7438851870302,911.7438920294172,911.77180554621,912.7551605851148,912.7718366220506,913.7551297943756,913.7551297943756,914.0884700651276,913.9886758499106,913.988684117794,914.0884700651276,914.0884700651276,914.0884700651276,914.0884700651276,914.0884700651276,914.0884700651276,0.0946387618914741,914.4229028369682,[486.0],[-323.0],[1],[0],[0],[0.3333482535381336],914.423803751224,914.4268873868588,,,,,,,,,,,,,,ED26,1,2024-01-30_16h38.39.158,rating,2023.2.3,60.04008894224292,2024-01-30 16h38.52.660783 +0800,
neu_167.jpg,0.0,37.0,37.0,267.0,143.23116690063762,,,,,,,,,,,,,,,,,,,,,,,143.20204000059312,,143.2020702211339,143.20207706352085,143.23116690063762,144.21450996536623,144.2311748834236,145.2145179481504,145.2145179481504,145.4812013976716,145.44805345500572,145.448061722891,145.4812013976716,145.4812013976716,145.4812013976716,145.4812013976716,145.4812013976716,145.4812013976716,0.0291813540407019,146.3816948477961,[428.0],[-340.0],[1],[0],[0],[0.9001413523055817],146.38217438506945,146.38526571838702,,,,,,,,,,,,,,ED26,1,2024-01-30_16h38.39.158,rating,2023.2.3,60.04008894224292,2024-01-30 16h38.52.660783 +0800,
neu_168.jpg,0.0,348.0,348.0,268.0,1224.9747667031206,,,,,,,,,,,,,,,,,,,,,,,1224.9473752034191,,1224.9474062792578,1224.9474131216448,1224.9747667031206,1225.958101785065,1225.9747481716568,1226.9581129039434,1226.9581129039434,1227.3081323477254,1227.1916238922458,1227.1916324452304,1227.3081323477254,1227.3081323477254,1227.3081323477254,1227.3081323477254,1227.3081323477254,1227.3081323477254,0.1107790969654161,1234.3098777265477,[487.0],[-313.0],[1],[0],[0],[7.000191016630197],1234.3110095713582,1234.3140960579876,,,,,,,,,,,,,,ED26,1,2024-01-30_16h38.39.158,rating,2023.2.3,60.04008894224292,2024-01-30 16h38.52.660783 +0800,
neu_169.jpg,0.0,87.0,87.0,269.0,311.76609699995606,,,,,,,,,,,,,,,,,,,,,,,311.7371628271376,,311.7371930476784,311.7371998900653,311.76609699995606,312.7494417752805,312.7661052678395,313.749448047467,313.749448047467,314.0327967001449,313.98298754571624,313.982996098699,314.0327967001449,314.0327967001449,314.0327967001449,314.0327967001449,314.0327967001449,314.0327967001449,0.0456529746716114,314.5333640480476,[463.0],[-368.0],[1],[0],[0],[0.5000986444101727],314.5339408042309,314.5370412607317,,,,,,,,,,,,,,ED26,1,2024-01-30_16h38.39.158,rating,2023.2.3,60.04008894224292,2024-01-30 16h38.52.660783 +0800,
neu_17.jpg,0.0,275.0,275.0,270.0,984.4891365706188,,,,,,,,,,,,,,,,,,,,,,,984.4613025965718,,984.4613336724124,984.4613405147976,984.4891365706188,985.4724967413132,985.4891696421546,986.472509570789,986.472509570789,986.8058233272932,986.7060313928704,986.7060390905554,986.8058233272932,986.8058233272932,986.8058233272932,986.8058233272932,986.8058233272932,986.8058233272932,0.094544679073806,988.0070753130112,[442.0],[-293.0],[1],[0],[0],[1.2000559935331694],988.0080600465062,988.011182170565,,,,,,,,,,,,,,ED26,1,2024-01-30_16h38.39.158,rating,2023.2.3,60.04008894224292,2024-01-30 16h38.52.660783 +0800,
neu_170.jpg,0.0,238.0,238.0,271.0,855.4213156883379,,,,,,,,,,,,,,,,,,,,,,,855.3932613324178,,855.3932918380597,855.3932989655459,855.4213156883379,856.4045886186013,856.4212543919566,857.404595175889,857.404595175889,857.7212691030891,857.6381335337392,857.638141231424,857.7212691030891,857.7212691030891,857.7212691030891,857.7212691030891,857.7212691030891,857.7212691030891,0.0780302935272629,859.0556502719282,[407.0],[-307.0],[1],[0],[0],[1.333331717769397],859.0565221060406,859.0596120138634,,,,,,,,,,,,,,ED26,1,2024-01-30_16h38.39.158,rating,2023.2.3,60.04008894224292,2024-01-30 16h38.52.660783 +0800,
neu_171.jpg,0.0,120.0,120.0,272.0,428.6005371843803,,,,,,,,,,,,,,,,,,,,,,,428.5846676937854,428.6005371843803,429.5840709806398,429.5840781081261,429.6172149319118,430.5838893722903,430.6172206339015,431.5839087590539,431.5839087590539,431.8672351739733,431.8174445510085,431.817452818892,431.8672351739733,431.8672351739733,431.8672351739733,431.8672351739733,431.8672351739733,431.8672351739733,0.0327838706707552,432.517827268508,[490.0],[-310.0],[1],[0],[0],[0.6500198999419808],432.5184271177477,432.5215443951165,,,,,,429.6172149319118,,,,,,,,ED26,1,2024-01-30_16h38.39.158,rating,2023.2.3,60.04008894224292,2024-01-30 16h38.52.660783 +0800,
neu_172.jpg,0.0,60.0,60.0,273.0,216.19853783896903,,,,,,,,,,,,,,,,,,,,,,,216.18261047318447,216.19853783896903,217.1820995749731,217.18210670245932,217.215202186826,218.1818777676035,218.21521045471127,219.1818874609835,219.1818874609835,219.4485543747378,219.41541584035255,219.41542410823783,219.4485543747378,219.4485543747378,219.4485543747378,219.4485543747378,219.4485543747378,219.4485543747378,0.0161366287793498,221.68242230754916,[453.0],[-345.0],[1],[0],[0],[2.23348932074623],221.6829041256169,221.6859923228421,,,,,,217.215202186826,,,,,,,,ED26,1,2024-01-30_16h38.39.158,rating,2023.2.3,60.04008894224292,2024-01-30 16h38.52.660783 +0800,
neu_173.jpg,0.0,229.0,229.0,274.0,828.6710254571008,,,,,,,,,,,,,,,,,,,,,,,828.6428636186884,,828.6428952647257,828.6429021071126,828.6710254571008,829.6543343098947,829.6710017938458,830.6543414373809,830.6543414373809,830.9710222069662,830.8878729528442,830.8878812207276,830.9710222069662,830.9710222069662,830.9710222069662,830.9710222069662,830.9710222069662,830.9710222069662,0.0781785452418262,831.0553460708161,[470.0],[356.0],[1],[0],[0],[0.08335481082576734],831.0562478403717,831.0592268445071,,,,,,,,,,,,,,ED26,1,2024-01-30_16h38.39.158,rating,2023.2.3,60.04008894224292,2024-01-30 16h38.52.660783 +0800,
neu_174.jpg,0.0,224.0,224.0,275.0,812.4208407126571,,,,,,,,,,,,,,,,,,,,,,,812.3926985461076,,812.3927262007528,812.3927321878418,812.4208407126571,813.4041800710929,813.4208472699447,814.4041911899712,814.4041911899712,814.7208799423406,814.6377395263007,814.637747794186,814.7208799423406,814.7208799423406,814.7208799423406,814.7208799423406,814.7208799423406,814.7208799423406,0.0782104763784445,815.3884996014312,[426.0],[-311.0],[1],[0],[0],[0.6666617249429692],815.3893215431399,815.3924339738187,,,,,,,,,,,,,,ED26,1,2024-01-30_16h38.39.158,rating,2023.2.3,60.04008894224292,2024-01-30 16h38.52.660783 +0800,
neu_175.jpg,0.0,312.0,312.0,276.0,1101.240241330981,,,,,,,,,,,,,,,,,,,,,,,1101.2125789868023,,1101.2126106328417,1101.2126174752284,1101.240241330981,1102.2236006463772,1102.2402555859535,1103.223615186449,1103.223615186449,1103.5736303537396,1103.4571224684587,1103.4571313065426,1103.5736303537396,1103.5736303537396,1103.5736303537396,1103.5736303537396,1103.5736303537396,1103.5736303537396,0.1110753152916004,1105.875008410434,[432.0],[-336.0],[1],[0],[0],[2.3000047326513595],1105.876063848591,1105.8791258166675,,,,,,,,,,,,,,ED26,1,2024-01-30_16h38.39.158,rating,2023.2.3,60.04008894224292,2024-01-30 16h38.52.660783 +0800,
neu_176.jpg,0.0,262.0,262.0,277.0,938.838704416874,,,,,,,,,,,,,,,,,,,,,,,938.8106685924176,,938.8106988129604,938.8107056553472,938.838704416874,939.822051758094,939.8387086933672,940.8220913869172,940.8220913869172,941.1554279513784,941.0556286043702,941.0556363020552,941.1554279513784,941.1554279513784,941.1554279513784,941.1554279513784,941.1554279513784,941.1554279513784,0.0947827371146559,942.0732899449996,[455.0],[-339.0],[1],[0],[0],[0.9167347104012151],942.0742025483324,942.0773221064974,,,,,,,,,,,,,,ED26,1,2024-01-30_16h38.39.158,rating,2023.2.3,60.04008894224292,2024-01-30 16h38.52.660783 +0800,
neu_177.jpg,0.0,79.0,79.0,278.0,284.1491711588842,,,,,,,,,,,,,,,,,,,,,,,284.12016257510913,,284.1201902297562,284.1201962168452,284.1491711588842,285.13251165771726,285.1491657419938,286.1325173597052,286.1325173597052,286.3992173449951,286.3660987675721,286.36610675035627,286.3992173449951,286.3992173449951,286.3992173449951,286.3992173449951,286.3992173449951,286.3992173449951,0.0290781480398436,287.29980373754006,[453.0],[353.0],[1],[0],[0],[0.9001213953451952],287.300378212929,287.30348437141765,,,,,,,,,,,,,,ED26,1,2024-01-30_16h38.39.158,rating,2023.2.3,60.04008894224292,2024-01-30 16h38.52.660783 +0800,
neu_178.jpg,0.0,194.0,194.0,279.0,687.3863245777393,,,,,,,,,,,,,,,,,,,,,,,687.3579511955359,,687.3579817011778,687.357988828664,687.3863245777393,688.3697081265891,688.38632913933,689.3696756252521,689.3696756252521,689.6696096532396,689.6032091364104,689.6032168340953,689.6696096532396,689.6696096532396,689.6696096532396,689.6696096532396,689.6696096532396,689.6696096532396,0.0616781295648252,690.2038292847319,[460.0],[-301.0],[1],[0],[0],[0.53339911528019],690.2045913555557,690.207683544173,,,,,,,,,,,,,,ED26,1,2024-01-30_16h38.39.158,rating,2023.2.3,60.04008894224292,2024-01-30 16h38.52.660783 +0800,
neu_179.jpg,0.0,52.0,52.0,280.0,190.48162562565085,,,,,,,,,,,,,,,,,,,,,,,190.4523912431141,,190.45241975305908,190.4524260252456,190.48162562565085,191.4649561460028,191.4816216342588,192.46496441388624,192.46496441388624,192.7316612630821,192.6986969244608,192.6987051923461,192.7316612630821,192.7316612630821,192.7316612630821,192.7316612630821,192.7316612630821,192.7316612630821,0.0292899769283394,193.6653562545689,[453.0],[-308.0],[1],[0],[0],[0.9333314896903175],193.66582609846049,193.6688994705128,,,,,,,,,,,,,,ED26,1,2024-01-30_16h38.39.158,rating,2023.2.3,60.04008894224292,2024-01-30 16h38.52.660783 +0800,
neu_18.jpg,0.0,54.0,54.0,281.0,196.88167688653084,,,,,,,,,,,,,,,,,,,,,,,196.85253744210968,,196.8525676626523,196.85257450503923,196.88167688653084,197.86503620192707,197.88168258852056,198.86502166185528,198.86502166185528,199.13169598819516,199.0985511816234,199.0985594495069,199.13169598819516,199.13169598819516,199.13169598819516,199.13169598819516,199.13169598819516,199.13169598819516,0.0291773626486246,199.69883975928497,[456.0],[-325.0],[1],[0],[0],[0.5667768480998348],199.6993438151094,199.70239922589823,,,,,,,,,,,,,,ED26,1,2024-01-30_16h38.39.158,rating,2023.2.3,60.04008894224292,2024-01-30 16h38.52.660783 +0800,
neu_180.jpg,0.0,305.0,305.0,282.0,1078.8233851682144,,,,,,,,,,,,,,,,,,,,,,,1078.795814626057,,1078.7958448465995,1078.7958516889869,1078.8233851682144,1079.8067034292908,1079.8233663516512,1080.8067082759808,1080.8067082759808,1081.1400471212364,1081.0402477742282,1081.0402563272128,1081.1400471212364,1081.1400471212364,1081.1400471212364,1081.1400471212364,1081.1400471212364,1081.1400471212364,0.0942575839308119,1081.441442283898,[458.0],[-343.0],[1],[0],[0],[0.30005519525366253],1081.4424358554752,1081.4455941871638,,,,,,,,,,,,,,ED26,1,2024-01-30_16h38.39.158,rating,2023.2.3,60.04008894224292,2024-01-30 16h38.52.660783 +0800,
neu_181.jpg,0.0,101.0,101.0,283.0,360.6165609137788,,,,,,,,,,,,,,,,,,,,,,,360.58783885495,,360.5878673648949,360.5878733519821,360.6165609137788,361.5999076847984,361.6165683263644,362.5998894384338,362.5998894384338,362.8832797156301,362.83348624167047,362.8334950797544,362.8832797156301,362.8832797156301,362.8832797156301,362.8832797156301,362.8832797156301,362.8832797156301,0.0454642388358479,364.0837813195994,[481.0],[-308.0],[1],[0],[0],[1.1999251328852552],364.084384019834,364.08745283029566,,,,,,,,,,,,,,ED26,1,2024-01-30_16h38.39.158,rating,2023.2.3,60.04008894224292,2024-01-30 16h38.52.660783 +0800,
neu_182.jpg,0.0,340.0,340.0,284.0,1200.907847590397,,,,,,,,,,,,,,,,,,,,,,,1200.8805316420476,,1200.8805618625884,1200.8805687049753,1200.907847590397,1201.8911886594287,1201.9078569986775,1202.8911952167164,1202.8911952167164,1203.241217226392,1203.1247632249087,1203.1247717778915,1203.241217226392,1203.241217226392,1203.241217226392,1203.241217226392,1203.241217226392,1203.241217226392,0.110711243296464,1203.7094166637198,[503.0],[361.0],[1],[0],[0],[0.4666807125649939],1203.7105396704485,1203.7136444034404,,,,,,,,,,,,,,ED26,1,2024-01-30_16h38.39.158,rating,2023.2.3,60.04008894224292,2024-01-30 16h38.52.660783 +0800,
neu_183.jpg,0.0,103.0,103.0,285.0,368.0166911472061,,,,,,,,,,,,,,,,,,,,,,,367.9877626763773,,367.98779033102255,367.9877966032109,368.0166911472061,368.9999860301268,369.01665550977486,369.9999823238341,369.9999823238341,370.2833201427329,370.23351127340175,370.2335198263863,370.2833201427329,370.2833201427329,370.2833201427329,370.2833201427329,370.2833201427329,370.2833201427329,0.0455788488143298,371.93387260844247,[470.0],[-331.0],[1],[0],[0],[1.65003244431864],371.934476163975,371.93768353276937,,,,,,,,,,,,,,ED26,1,2024-01-30_16h38.39.158,rating,2023.2.3,60.04008894224292,2024-01-30 16h38.52.660783 +0800,
neu_184.jpg,0.0,137.0,137.0,286.0,486.3510879965143,,,,,,,,,,,,,,,,,,,,,,,486.3224603056042,,486.32249024104567,486.3224967983333,486.3510879965143,487.33443590793286,487.3510945538019,488.33444560131466,488.33444560131466,488.6177013115721,488.5680381280599,488.5680463959434,488.6177013115721,488.6177013115721,488.6177013115721,488.6177013115721,488.6177013115721,488.6177013115721,0.0452632437245483,489.4184116653578,[456.0],[359.0],[1],[0],[0],[0.8000914028834814],489.41906938978536,489.4221644293957,,,,,,,,,,,,,,ED26,1,2024-01-30_16h38.39.158,rating,2023.2.3,60.04008894224292,2024-01-30 16h38.52.660783 +0800,
neu_185.jpg,0.0,356.0,356.0,287.0,1256.2750687944972,,,,,,,,,,,,,,,,,,,,,,,1256.247897676667,,1256.2479278972096,1256.2479347395963,1256.2750687944972,1257.2583910469657,1257.275043990845,1258.2584064423354,1258.2584064423354,1258.6083973761724,1258.4919222773296,1258.4919308303124,1258.6083973761724,1258.6083973761724,1258.6083973761724,1258.6083973761724,1258.6083973761724,1258.6083973761724,0.1105253584555612,1260.3600580804596,[506.0],[-347.0],[1],[0],[0],[1.7500527433967363],1260.361238107076,1260.364232506583,,,,,,,,,,,,,,ED26,1,2024-01-30_16h38.39.158,rating,2023.2.3,60.04008894224292,2024-01-30 16h38.52.660783 +0800,
neu_186.jpg,0.0,343.0,343.0,288.0,1209.5245989506057,,,,,,,,,,,,,,,,,,,,,,,1209.497292695638,,1209.4973206353843,1209.497326622473,1209.5245989506057,1210.5079385941408,1210.5246020866998,1211.5079428706322,1211.5079428706322,1211.8579537614314,1211.7415046066362,1211.74151344472,1211.8579537614314,1211.8579537614314,1211.8579537614314,1211.8579537614314,1211.8579537614314,1211.8579537614314,0.1106878651407896,1213.3761929986413,[457.0],[-287.0],[1],[0],[0],[1.5166908621049515],1213.3772760914471,1213.380412185379,,,,,,,,,,,,,,ED26,1,2024-01-30_16h38.39.158,rating,2023.2.3,60.04008894224292,2024-01-30 16h38.52.660783 +0800,
neu_187.jpg,0.0,344.0,344.0,289.0,1213.4079650513686,,,,,,,,,,,,,,,,,,,,,,,1213.3806448265275,,1213.380675617269,1213.380682459656,1213.4079650513686,1214.3913069757,1214.40802150106,1215.3913172392786,1215.3913172392786,1215.7413734608908,1215.6248541716325,1215.6248630097143,1215.7413734608908,1215.7413734608908,1215.7413734608908,1215.7413734608908,1215.7413734608908,1215.7413734608908,0.1107514423183602,1216.5596103032658,[457.0],[-287.0],[1],[0],[0],[0.8166830503814708],1216.560797742468,1216.5639275642134,,,,,,,,,,,,,,ED26,1,2024-01-30_16h38.39.158,rating,2023.2.3,60.04008894224292,2024-01-30 16h38.52.660783 +0800,
neu_188.jpg,0.0,124.0,124.0,290.0,442.70067522953286,,,,,,,,,,,,,,,,,,,,,,,442.6718596580868,,442.6718878829306,442.6718938700196,442.70067522953286,443.684014873068,443.7006823570191,444.6840202899584,444.6840202899584,444.9673860486018,444.9175697666851,444.9175777494711,444.9673860486018,444.9673860486018,444.9673860486018,444.9673860486018,444.9673860486018,444.9673860486018,0.0455509090679697,447.41795237014594,[463.0],[-282.0],[1],[0],[0],[2.4499830080731044],447.4186386045185,447.4217353547265,,,,,,,,,,,,,,ED26,1,2024-01-30_16h38.39.158,rating,2023.2.3,60.04008894224292,2024-01-30 16h38.52.660783 +0800,
neu_189.jpg,0.0,325.0,325.0,291.0,1140.9406154954977,,,,,,,,,,,,,,,,,,,,,,,1140.9131738182914,,1140.9132046090326,1140.9132111663184,1140.9406154954977,1141.9239559943308,1141.940611789205,1142.924028124491,1142.924028124491,1143.2739700212223,1143.157496347876,1143.157504045561,1143.2739700212223,1143.2739700212223,1143.2739700212223,1143.2739700212223,1143.2739700212223,1143.2739700212223,0.1108452400367241,1143.5087753610203,[429.0],[-332.0],[1],[0],[0],[0.2333390733365377],1143.509850185941,1143.5129871351728,,,,,,,,,,,,,,ED26,1,2024-01-30_16h38.39.158,rating,2023.2.3,60.04008894224292,2024-01-30 16h38.52.660783 +0800,
neu_19.jpg,0.0,286.0,286.0,292.0,1018.2394490396146,,,,,,,,,,,,,,,,,,,,,,,1018.2118793527552,,1018.2119092881984,1018.2119161305856,1018.2394490396146,1019.2228003722266,1019.2394604435922,1020.222803508319,1020.222803508319,1020.5561426386756,1020.4563350237822,1020.4563430065682,1020.5561426386756,1020.5561426386756,1020.5561426386756,1020.5561426386756,1020.5561426386756,1020.5561426386756,0.0942886597695178,1020.8573798562412,[495.0],[366.0],[1],[0],[0],[0.30001243033439096],1020.8583457731728,1020.8614659015366,,,,,,,,,,,,,,ED26,1,2024-01-30_16h38.39.158,rating,2023.2.3,60.04008894224292,2024-01-30 16h38.52.660783 +0800,
neu_190.jpg,0.0,96.0,96.0,293.0,342.1164106663691,,,,,,,,,,,,,,,,,,,,,,,342.0875135564784,,342.0875440621203,342.0875509045072,342.1164106663691,343.0997283572451,343.11639184980595,344.0997354847313,344.0997354847313,344.3830735887296,344.3332818253657,344.3332895230505,344.3830735887296,344.3830735887296,344.3830735887296,344.3830735887296,344.3830735887296,344.3830735887296,0.0455799892115464,346.3335920135669,[472.0],[-309.0],[1],[0],[0],[1.9500457299527625],346.3342001306901,346.33728063022863,,,,,,,,,,,,,,ED26,1,2024-01-30_16h38.39.158,rating,2023.2.3,60.04008894224292,2024-01-30 16h38.52.660783 +0800,
neu_191.jpg,0.0,53.0,53.0,294.0,193.69835052863164,,,,,,,,,,,,,,,,,,,,,,,193.66916347260303,,193.66919397824316,193.66920082063007,193.69835052863164,194.6816824744801,194.6983476776368,195.68166451321488,195.68166451321488,195.94835195412816,195.91524392538668,195.91525162307155,195.94835195412816,195.94835195412816,195.94835195412816,195.94835195412816,195.94835195412816,195.94835195412816,0.0292067278915055,196.84882145590015,[456.0],[-297.0],[1],[0],[0],[0.900107140372711],196.84931667364253,196.85230793705523,,,,,,,,,,,,,,ED26,1,2024-01-30_16h38.39.158,rating,2023.2.3,60.04008894224292,2024-01-30 16h38.52.660783 +0800,
neu_192.jpg,0.0,342.0,342.0,295.0,1206.8079042681677,,,,,,,,,,,,,,,,,,,,,,,1206.7805347211215,,1206.7805655118627,1206.780572354248,1206.8079042681677,1207.791273847144,1207.8079122509516,1208.7912601623702,1208.7912601623702,1209.1412758998597,1209.024848412624,1209.0248558252097,1209.1412758998597,1209.1412758998597,1209.1412758998597,1209.1412758998597,1209.1412758998597,1209.1412758998597,0.1107671227873652,1209.4928357359622,[-529.0],[-293.0],[1],[0],[0],[0.34994845402070496],1209.4939305178432,1209.497085143239,,,,,,,,,,,,,,ED26,1,2024-01-30_16h38.39.158,rating,2023.2.3,60.04008894224292,2024-01-30 16h38.52.660783 +0800,
neu_2.jpg,0.0,339.0,339.0,296.0,1197.841151995639,,,,,,,,,,,,,,,,,,,,,,,1197.8139138794395,,1197.8139443850796,1197.8139512274663,1197.841151995639,1198.8245480888636,1198.841157982728,1199.824496485864,1199.824496485864,1200.1745056660657,1200.0580969953935,1200.0581075440732,1200.1745056660657,1200.1745056660657,1200.1745056660657,1200.1745056660657,1200.1745056660657,1200.1745056660657,0.1106453853226412,1200.8760612826973,[475.0],[-362.0],[1],[0],[0],[0.7000317600795825],1200.8771075976729,1200.8803029922892,,,,,,,,,,,,,,ED26,1,2024-01-30_16h38.39.158,rating,2023.2.3,60.04008894224292,2024-01-30 16h38.52.660783 +0800,
neu_20.jpg,0.0,21.0,21.0,297.0,89.14734338631933,,,,,,,,,,,,,,,,,,,,,,,89.11811841206509,,89.11814863260588,89.11815547499282,89.14734338631933,90.1306838851524,90.14733283763962,91.13067618746754,91.13067618746754,91.38068730634586,91.36420000524596,91.3642077029308,91.38068730634586,91.38068730634586,91.38068730634586,91.38068730634586,91.38068730634586,91.38068730634586,0.012588851242981,93.96444011600217,[413.0],[365.0],[1],[0],[0],[2.5833990012397408],93.96490140690912,93.96799815711712,,,,,,,,,,,,,,ED26,1,2024-01-30_16h38.39.158,rating,2023.2.3,60.04008894224292,2024-01-30 16h38.52.660783 +0800,
neu_21.jpg,0.0,375.0,375.0,298.0,1316.0756075184145,,,,,,,,,,,,,,,,,,,,,,,1316.0486277023156,,1316.0486582079557,1316.0486647652433,1316.0756075184145,1317.0589468768503,1317.0756320369674,1318.0589525788382,1318.0589525788382,1318.425628672794,1318.2925103234502,1318.2925183062362,1318.425628672794,1318.425628672794,1318.425628672794,1318.425628672794,1318.425628672794,1318.425628672794,0.127027199629083,1319.2440918841312,[439.0],[-320.0],[1],[0],[0],[0.8167201133092021],1319.2453004206927,1319.2484051536849,,,,,,,,,,,,,,ED26,1,2024-01-30_16h38.39.158,rating,2023.2.3,60.04008894224292,2024-01-30 16h38.52.660783 +0800,
neu_22.jpg,0.0,108.0,108.0,299.0,385.6668145382464,,,,,,,,,,,,,,,,,,,,,,,385.6378946204022,,385.63792198994815,385.6379282621365,385.6668145382464,386.65014049700767,386.6668342101093,387.6501461989974,387.6501461989974,387.9334871539886,387.8837430022341,387.8837509850182,387.9334871539886,387.9334871539886,387.9334871539886,387.9334871539886,387.9334871539886,387.9334871539886,0.0456478428804985,389.7841386632481,[488.0],[-293.0],[1],[0],[0],[1.8501029779217788],389.78475048666405,389.78782727991165,,,,,,,,,,,,,,ED26,1,2024-01-30_16h38.39.158,rating,2023.2.3,60.04008894224292,2024-01-30 16h38.52.660783 +0800,
neu_23.jpg,0.0,147.0,147.0,300.0,516.284708291947,,,,,,,,,,,,,,,,,,,,,,,516.2561564374882,,516.2561863729297,516.2561932153167,516.284708291947,517.2680453695866,517.2847102876422,518.2680775858244,518.2680775858244,518.5680583701214,518.5015934208168,518.5016016887002,518.5680583701214,518.5680583701214,518.5680583701214,518.5680583701214,518.5680583701214,518.5680583701214,0.0619258809856546,519.7187414113796,[481.0],[-349.0],[1],[0],[0],[1.150025316830579],519.7194270755517,519.722544923121,,,,,,,,,,,,,,ED26,1,2024-01-30_16h38.39.158,rating,2023.2.3,60.04008894224292,2024-01-30 16h38.52.660783 +0800,
neu_24.jpg,0.0,327.0,327.0,301.0,1146.02399254408,,,,,,,,,,,,,,,,,,,,,,,1145.997045799515,,1145.9970791561518,1145.9970865687374,1146.02399254408,1147.0073384598018,1147.0240019523608,1148.0073418809952,1148.0073418809952,1148.3573527717945,1148.2408753921536,1148.2408850855354,1148.3573527717945,1148.3573527717945,1148.3573527717945,1148.3573527717945,1148.3573527717945,1148.3573527717945,0.1103303504332871,1149.5255106986424,[428.0],[-333.0],[1],[0],[0],[1.1667116173466638],1149.5265661367994,1149.5298037261364,,,,,,,,,,,,,,ED26,1,2024-01-30_16h38.39.158,rating,2023.2.3,60.04008894224292,2024-01-30 16h38.52.660783 +0800,
neu_25.jpg,0.0,294.0,294.0,302.0,1042.9396877818926,,,,,,,,,,,,,,,,,,,,,,,1042.912127788415,,1042.9121585791563,1042.9121654215432,1042.9396877818926,1043.9230476674877,1043.9396926285826,1044.923057931068,1044.923057931068,1045.256377674661,1045.1565657832762,1045.156573480961,1045.256377674661,1045.256377674661,1045.256377674661,1045.256377674661,1045.256377674661,1045.256377674661,0.0942741196977294,1046.2576552052888,[473.0],[-337.0],[1],[0],[0],[1.0000305056400975],1046.2586767166122,1046.2617629181404,,,,,,,,,,,,,,ED26,1,2024-01-30_16h38.39.158,rating,2023.2.3,60.04008894224292,2024-01-30 16h38.52.660783 +0800,
neu_26.jpg,0.0,316.0,316.0,303.0,1114.1070910505005,,,,,,,,,,,,,,,,,,,,,,,1114.079696414703,,1114.0797283458414,1114.0797351882284,1114.1070910505005,1115.090369967853,1115.1070357412063,1116.090377950637,1116.090377950637,1116.4403837096452,1116.3239413972387,1116.3239490949236,1116.4403837096452,1116.4403837096452,1116.4403837096452,1116.4403837096452,1116.4403837096452,1116.4403837096452,0.1107109581971599,1117.0418112596035,[460.0],[330.0],[1],[0],[0],[0.6000334136570018],1117.04290376069,1117.0461712854683,,,,,,,,,,,,,,ED26,1,2024-01-30_16h38.39.158,rating,2023.2.3,60.04008894224292,2024-01-30 16h38.52.660783 +0800,
neu_27.jpg,0.0,225.0,225.0,304.0,815.420880911679,,,,,,,,,,,,,,,,,,,,,,,815.392669465964,,815.3926999716041,815.392706813991,815.420880911679,816.4042114320309,816.4209048600333,817.4042199850155,817.4042199850155,817.720903035397,817.6378079501683,817.6378159329543,817.720903035397,817.720903035397,817.720903035397,817.720903035397,817.720903035397,817.720903035397,0.0782714876604586,818.1385697358946,[452.0],[350.0],[1],[0],[0],[0.4166913752851542],818.1397303757494,818.1428522147089,,,,,,,,,,,,,,ED26,1,2024-01-30_16h38.39.158,rating,2023.2.3,60.04008894224292,2024-01-30 16h38.52.660783 +0800,
neu_28.jpg,0.0,362.0,362.0,305.0,1277.8919082504362,,,,,,,,,,,,,,,,,,,,,,,1277.8646173908382,,1277.8646478964783,1277.864654453766,1277.8919082504362,1278.8752584426493,1278.8919170885183,1279.8752590128497,1279.8752590128497,1280.241933111109,1280.1087962303009,1280.1088044981843,1280.241933111109,1280.241933111109,1280.241933111109,1280.241933111109,1280.241933111109,1280.241933111109,0.1273416643180098,1280.5936258035526,[481.0],[365.0],[1],[0],[0],[0.35005280041696096],1280.5947696225394,1280.598002650284,,,,,,,,,,,,,,ED26,1,2024-01-30_16h38.39.158,rating,2023.2.3,60.04008894224292,2024-01-30 16h38.52.660783 +0800,
neu_29.jpg,0.0,310.0,310.0,306.0,1095.3068476896117,,,,,,,,,,,,,,,,,,,,,,,1095.2793338822448,,1095.279364387885,1095.279371230272,1095.3068476896117,1096.2901930351345,1096.3068568127928,1097.2902021583177,1097.2902021583177,1097.6402076322263,1097.5237288270891,1097.5237373800735,1097.6402076322263,1097.6402076322263,1097.6402076322263,1097.6402076322263,1097.6402076322263,1097.6402076322263,0.1109016897262336,1098.0415817545472,[468.0],[-343.0],[1],[0],[0],[0.40003329961655254],1098.0425964234837,1098.0457433511965,,,,,,,,,,,,,,ED26,1,2024-01-30_16h38.39.158,rating,2023.2.3,60.04008894224292,2024-01-30 16h38.52.660783 +0800,
neu_3.jpg,0.0,111.0,111.0,307.0,395.3168957345697,,,,,,,,,,,,,,,,,,,,,,,395.2880522233773,,395.2880801631218,395.2880864353101,395.3168957345697,396.3002596115584,396.31692880610535,397.30026103705495,397.30026103705495,397.5835954347604,397.5337711700595,397.5337802932426,397.5835954347604,397.5835954347604,397.5835954347604,397.5835954347604,397.5835954347604,397.5835954347604,0.0455660193401854,399.1341395755662,[-499.0],[-303.0],[1],[0],[0],[1.550010719738566],399.1347605221654,399.13775093028016,,,,,,,,,,,,,,ED26,1,2024-01-30_16h38.39.158,rating,2023.2.3,60.04008894224292,2024-01-30 16h38.52.660783 +0800,
neu_30.jpg,0.0,154.0,154.0,308.0,555.3350739604994,,,,,,,,,,,,,,,,,,,,,,,555.306676059743,,555.3067068504843,555.3067136928712,555.3350739604994,556.3184489563646,556.3350788071893,557.3184518073595,557.3184518073595,557.6184266045675,557.5519875993141,557.5519952969989,557.6184266045675,557.6184266045675,557.6184266045675,557.6184266045675,557.6184266045675,557.6184266045675,0.0617759186752664,558.4192880610608,[-507.0],[-329.0],[1],[0],[0],[0.800163818143119],558.4199554788702,558.4230987002884,,,,,,,,,,,,,,ED26,1,2024-01-30_16h38.39.158,rating,2023.2.3,60.04008894224292,2024-01-30 16h38.52.660783 +0800,
neu_31.jpg,0.0,6.0,6.0,309.0,41.396866700042665,,,,,,,,,,,,,,,,,,,,,,,41.3675761529139,,41.36760637345469,41.36761350094093,41.396866700042665,42.380233142925135,42.39687268712987,43.3802166071564,43.3802166071564,43.63022002834987,43.6137803388574,43.61378917694128,43.63022002834987,43.63022002834987,43.63022002834987,43.63022002834987,43.63022002834987,43.63022002834987,0.0126877807524579,45.1639430166033,[-496.0],[-272.0],[1],[0],[0],[1.5334065278657363],45.16434301112895,45.16744517822736,,,,,,,,,,,,,,ED26,1,2024-01-30_16h38.39.158,rating,2023.2.3,60.04008894224292,2024-01-30 16h38.52.660783 +0800,
neu_32.jpg,0.0,255.0,255.0,310.0,917.4718358807912,,,,,,,,,,,,,,,,,,,,,,,917.4441461670668,,917.4441766727068,917.4441835150938,917.4718358807912,918.4551752392272,918.4718361658906,919.4551815114156,919.4551815114156,919.7885440199244,919.6887335540378,919.688741821923,919.7885440199244,919.7885440199244,919.7885440199244,919.7885440199244,919.7885440199244,919.7885440199244,0.0944235118095093,920.6231030908202,[485.0],[-334.0],[1],[0],[0],[0.8334583019241109],920.6240724289456,920.6271728854464,,,,,,,,,,,,,,ED26,1,2024-01-30_16h38.39.158,rating,2023.2.3,60.04008894224292,2024-01-30 16h38.52.660783 +0800,
neu_33.jpg,0.0,23.0,23.0,311.0,97.39740240190622,,,,,,,,,,,,,,,,,,,,,,,97.36817543195502,,97.36820251640164,97.36820850349068,97.39740240190622,98.38074204543956,98.39740439760136,99.38076057690525,99.38076057690525,99.63067732786476,99.61431233442818,99.61432003211304,99.63067732786476,99.63067732786476,99.63067732786476,99.63067732786476,99.63067732786476,99.63067732786476,0.0125358227451215,100.59787749162751,[-497.0],[-315.0],[1],[0],[0],[0.966826968582609],100.59829829841328,100.60142812015692,,,,,,,,,,,,,,ED26,1,2024-01-30_16h38.39.158,rating,2023.2.3,60.04008894224292,2024-01-30 16h38.52.660783 +0800,
neu_34.jpg,0.0,166.0,166.0,312.0,594.4687773339101,,,,,,,,,,,,,,,,,,,,,,,594.4404059474018,,594.4404361679444,594.4404427252321,594.4687773339101,595.4521477681847,595.468783035898,596.4521500489809,596.4521500489809,596.7521599134216,596.6856584713878,596.6856670243706,596.7521599134216,596.7521599134216,596.7521599134216,596.7521599134216,596.7521599134216,596.7521599134216,0.0617784845708229,597.2195519491106,[465.0],[-314.0],[1],[0],[0],[0.4667012397258077],597.2202883609862,597.2234512542673,,,,,,,,,,,,,,ED26,1,2024-01-30_16h38.39.158,rating,2023.2.3,60.04008894224292,2024-01-30 16h38.52.660783 +0800,
neu_35.jpg,0.0,277.0,277.0,313.0,991.0892044813064,,,,,,,,,,,,,,,,,,,,,,,991.0614814109448,,991.061512201686,991.0615190440732,991.0892044813064,992.0725387079528,992.0892027707104,993.0725475460348,993.0725475460348,993.4058875316896,993.3060776360016,993.3060856187858,993.4058875316896,993.4058875316896,993.4058875316896,993.4058875316896,993.4058875316896,993.4058875316896,0.0944297839978389,994.607258974076,[426.0],[-299.0],[1],[0],[0],[1.2001731694053888],994.60824342247,994.6113840779944,,,,,,,,,,,,,,ED26,1,2024-01-30_16h38.39.158,rating,2023.2.3,60.04008894224292,2024-01-30 16h38.52.660783 +0800,
neu_36.jpg,0.0,208.0,208.0,314.0,730.9200954626995,,,,,,,,,,,,,,,,,,,,,,,730.8918803106899,,730.8919102461314,730.891916803419,730.9200954626995,731.9034385274263,731.9200849140198,732.9034191406645,732.9034191406645,733.2200930678646,733.1370310541715,733.1370384667571,733.2200930678646,733.2200930678646,733.2200930678646,733.2200930678646,733.2200930678646,733.2200930678646,0.0782367055289796,734.2209825781429,[486.0],[-289.0],[1],[0],[0],[1.0000165357687365],734.22176489103,734.2248821683988,,,,,,,,,,,,,,ED26,1,2024-01-30_16h38.39.158,rating,2023.2.3,60.04008894224292,2024-01-30 16h38.52.660783 +0800,
neu_37.jpg,0.0,161.0,161.0,315.0,576.5519553830763,,,,,,,,,,,,,,,,,,,,,,,576.5234713822883,,576.5235016028291,576.5235084452161,576.5519553830763,577.5353084262861,577.5519761953365,578.5352967372073,578.5352967372073,578.835334256295,578.7688199847871,578.7688285377699,578.835334256295,578.835334256295,578.835334256295,578.835334256295,578.835334256295,578.835334256295,0.0618822607702895,580.3694096274667,[444.0],[-314.0],[1],[0],[0],[1.5334031066722673],580.3701175293972,580.3732025905283,,,,,,,,,,,,,,ED26,1,2024-01-30_16h38.39.158,rating,2023.2.3,60.04008894224292,2024-01-30 16h38.52.660783 +0800,
neu_38.jpg,0.0,121.0,121.0,316.0,432.55057721234334,,,,,,,,,,,,,,,,,,,,,,,432.5217596452003,,432.5217881551434,432.52179442733177,432.55057721234334,433.53395534430274,433.5506256792487,434.53395078271205,434.53395078271205,434.8172643681573,434.767460345518,434.7674683283021,434.8172643681573,434.8172643681573,434.8172643681573,434.8172643681573,434.8172643681573,434.8172643681573,0.0455263905168976,435.0678670683901,[487.0],[-307.0],[1],[0],[0],[0.2500270844466286],435.0685293544102,435.0716865457016,,,,,,,,,,,,,,ED26,1,2024-01-30_16h38.39.158,rating,2023.2.3,60.04008894224292,2024-01-30 16h38.52.660783 +0800,
neu_39.jpg,0.0,349.0,349.0,317.0,1234.3414989616683,,,,,,,,,,,,,,,,,,,,,,,1234.3143301246346,,1234.314360630275,1234.3143674726616,1234.3414989616683,1235.3248383201026,1235.3415440073804,1236.3248454475888,1236.3248454475888,1236.6748534873932,1236.5584351233392,1236.5584436763238,1236.6748534873932,1236.6748534873932,1236.6748534873932,1236.6748534873932,1236.6748534873932,1236.6748534873932,0.1105436048201227,1237.376437043769,[487.0],[-313.0],[1],[0],[0],[0.7000314749802783],1237.3775577697015,1237.380852664026,,,,,,,,,,,,,,ED26,1,2024-01-30_16h38.39.158,rating,2023.2.3,60.04008894224292,2024-01-30 16h38.52.660783 +0800,
neu_4.jpg,0.0,164.0,164.0,318.0,586.9020384040359,,,,,,,,,,,,,,,,,,,,,,,586.8735546883472,,586.8735854790866,586.8735926065729,586.9020384040359,587.8853806134648,587.9020455315222,588.8854487522331,588.8854487522331,589.1853913332052,589.1189206819126,589.1189286646968,589.1853913332052,589.1853913332052,589.1853913332052,589.1853913332052,589.1853913332052,589.1853913332052,0.0618685759964137,590.3195793756786,[480.0],[-312.0],[1],[0],[0],[1.133436235226327],590.3202992517854,590.3233934360978,,,,,,,,,,,,,,ED26,1,2024-01-30_16h38.39.158,rating,2023.2.3,60.04008894224292,2024-01-30 16h38.52.660783 +0800,
neu_40.jpg,0.0,5.0,5.0,319.0,38.66350881014296,,,,,,,,,,,,,,,,,,,,,,,38.63432203921366,,38.63435225975445,38.63435910214139,38.66350881014296,39.646847883479495,39.663544162474864,40.64685957255642,40.64685957255642,40.89686014275503,40.8803870966276,40.88039450921315,40.89686014275503,40.89686014275503,40.89686014275503,40.89686014275503,40.89686014275503,40.89686014275503,0.0125529287124663,41.36387356637715,[413.0],[-304.0],[1],[0],[0],[0.4667303198693844],41.364272990704194,41.36734550746041,,,,,,,,,,,,,,ED26,1,2024-01-30_16h38.39.158,rating,2023.2.3,60.04008894224292,2024-01-30 16h38.52.660783 +0800,
neu_41.jpg,0.0,113.0,113.0,320.0,402.7169609653247,,,,,,,,,,,,,,,,,,,,,,,402.68823976179374,,402.6882674164408,402.6882736886273,402.7169609653247,403.7003003237587,403.7169663822133,404.7003071661457,404.7003071661457,404.9836732098884,404.93396612106153,404.9339752442447,404.9836732098884,404.9836732098884,404.9836732098884,404.9836732098884,404.9836732098884,404.9836732098884,0.0454559709505701,405.6342530451475,[467.0],[-287.0],[1],[0],[0],[0.6500390016044548],405.63489993579606,405.6380790797448,,,,,,,,,,,,,,ED26,1,2024-01-30_16h38.39.158,rating,2023.2.3,60.04008894224292,2024-01-30 16h38.52.660783 +0800,
neu_42.jpg,0.0,335.0,335.0,321.0,1185.6910693738191,,,,,,,,,,,,,,,,,,,,,,,1185.6638626185595,,1185.6638928391003,1185.6639005367851,1185.6910693738191,1186.6743981835752,1186.6910434297697,1187.6744229872256,1187.6744229872256,1188.024409074373,1187.9079217162523,1187.9079296990385,1188.024409074373,1188.024409074373,1188.024409074373,1188.024409074373,1188.024409074373,1188.024409074373,0.1105721147650911,1188.3759982757183,[511.0],[-337.0],[1],[0],[0],[0.3501426067450666],1188.3770582754678,1188.380203492583,,,,,,,,,,,,,,ED26,1,2024-01-30_16h38.39.158,rating,2023.2.3,60.04008894224292,2024-01-30 16h38.52.660783 +0800,
neu_43.jpg,0.0,43.0,43.0,322.0,160.16465975661595,,,,,,,,,,,,,,,,,,,,,,,160.13564917714575,,160.1356771168921,160.13568310398114,160.16465975661595,161.14800196604665,161.16467002019635,162.1480301908905,162.1480301908905,162.4146805688761,162.38155571926654,162.3815642722493,162.4146805688761,162.4146805688761,162.4146805688761,162.4146805688761,162.4146805688761,162.4146805688761,0.0290499231941794,162.78183049811378,[432.0],[-321.0],[1],[0],[0],[0.3668146522868483],162.7822681257676,162.78522688784324,,,,,,,,,,,,,,ED26,1,2024-01-30_16h38.39.158,rating,2023.2.3,60.04008894224292,2024-01-30 16h38.52.660783 +0800,
neu_44.jpg,0.0,176.0,176.0,323.0,624.9690755479332,,,,,,,,,,,,,,,,,,,,,,,624.9405561948115,,624.9405861302548,624.9405926875406,624.9690755479332,625.952407778881,625.9690661396507,626.9524283060418,626.9524283060418,627.2524219198149,627.1859481324282,627.1859569705102,627.2524219198149,627.2524219198149,627.2524219198149,627.2524219198149,627.2524219198149,627.2524219198149,0.0618856819637585,628.8531789158696,[449.0],[-277.0],[1],[0],[0],[1.6000317030575388],628.8539469737825,628.8570505663793,,,,,,,,,,,,,,ED26,1,2024-01-30_16h38.39.158,rating,2023.2.3,60.04008894224292,2024-01-30 16h38.52.660783 +0800,
neu_45.jpg,0.0,354.0,354.0,324.0,1250.724985374398,,,,,,,,,,,,,,,,,,,,,,,1250.697686817115,,1250.697717322757,1250.697724165144,1250.724985374398,1251.7083233073354,1251.724991361487,1252.7083341411144,1252.7083341411144,1253.0583418958197,1252.9419252423631,1252.9419332251473,1253.0583418958197,1253.0583418958197,1253.0583418958197,1253.0583418958197,1253.0583418958197,1253.0583418958197,0.11068159295246,1253.5265917957497,[479.0],[-338.0],[1],[0],[0],[0.4667134990031627],1253.527697126312,1253.53073685663,,,,,,,,,,,,,,ED26,1,2024-01-30_16h38.39.158,rating,2023.2.3,60.04008894224292,2024-01-30 16h38.52.660783 +0800,
neu_46.jpg,0.0,323.0,323.0,325.0,1135.873899658678,,,,,,,,,,,,,,,,,,,,,,,1135.8464097996657,,1135.846440590407,1135.846447432794,1135.873899658678,1136.8572412979102,1136.87393016432,1137.85727750554,1137.85727750554,1138.2073100638972,1138.0907807961576,1138.090789919339,1138.2073100638972,1138.2073100638972,1138.2073100638972,1138.2073100638972,1138.2073100638972,1138.2073100638972,0.1109276337774645,1138.3086304164626,[466.0],[337.0],[1],[0],[0],[0.09991082089254633],1138.3096639019625,1138.312766069061,,,,,,,,,,,,,,ED26,1,2024-01-30_16h38.39.158,rating,2023.2.3,60.04008894224292,2024-01-30 16h38.52.660783 +0800,
neu_47.jpg,0.0,314.0,314.0,326.0,1108.7736663903106,,,,,,,,,,,,,,,,,,,,,,,1108.7460713296005,,1108.7461018352424,1108.7461086776293,1108.7736663903106,1109.757005178546,1109.7736518502388,1110.7570214292157,1110.7570214292157,1111.1070346008091,1110.9905278559272,1110.9905358387114,1111.1070346008091,1111.1070346008091,1111.1070346008091,1111.1070346008091,1111.1070346008091,1111.1070346008091,0.1109883599601744,1111.4083938409403,[469.0],[-277.0],[1],[0],[0],[0.30000387735162803],1111.4094407261146,1111.4125648458703,,,,,,,,,,,,,,ED26,1,2024-01-30_16h38.39.158,rating,2023.2.3,60.04008894224292,2024-01-30 16h38.52.660783 +0800,
neu_48.jpg,0.0,85.0,85.0,327.0,305.0660367299315,,,,,,,,,,,,,,,,,,,,,,,305.0370312822524,,305.0370586517984,305.0370649239867,305.0660367299315,306.04937494797014,306.06608776273424,307.0493852115487,307.0493852115487,307.3327230304476,307.2829124505206,307.2829215737038,307.3327230304476,307.3327230304476,307.3327230304476,307.3327230304476,307.3327230304476,307.3327230304476,0.0457145561522338,308.1666169643304,[484.0],[-342.0],[1],[0],[0],[0.8334021373339056],308.16720854568484,308.17027536045134,,,,,,,,,,,,,,ED26,1,2024-01-30_16h38.39.158,rating,2023.2.3,60.04008894224292,2024-01-30 16h38.52.660783 +0800,
neu_49.jpg,0.0,365.0,365.0,328.0,1286.0586843002584,,,,,,,,,,,,,,,,,,,,,,,1286.0315787553009,,1286.0316098311414,1286.0316166735283,1286.0586843002584,1287.0419951487474,1287.058661492301,1288.042003701732,1288.042003701732,1288.4087254115984,1288.275587960592,1288.2755953731776,1288.4087254115984,1288.4087254115984,1288.4087254115984,1288.4087254115984,1288.4087254115984,1288.4087254115984,0.1271711748486268,1289.2270195589626,[448.0],[-312.0],[1],[0],[0],[0.8166710762052389],1289.228145416684,1289.2312683960429,,,,,,,,,,,,,,ED26,1,2024-01-30_16h38.39.158,rating,2023.2.3,60.04008894224292,2024-01-30 16h38.52.660783 +0800,
neu_5.jpg,0.0,240.0,240.0,329.0,872.404738866011,,,,,,,,,,,,,,,,,,,,,,,872.3888246148017,872.404738866011,873.388325120568,873.3883325331535,873.4214676463453,874.3881284019499,874.4214585231621,875.3881275466501,875.3881275466501,875.704771823508,875.6216496538327,875.6216582068155,875.704771823508,875.704771823508,875.704771823508,875.704771823508,875.704771823508,875.704771823508,0.0661539058055495,876.2057973262235,[428.0],[-337.0],[1],[0],[0],[0.5000239483524638],876.2066663093428,876.2097679062408,,,,,,873.4214676463453,,,,,,,,ED26,1,2024-01-30_16h38.39.158,rating,2023.2.3,60.04008894224292,2024-01-30 16h38.52.660783 +0800,
neu_50.jpg,0.0,317.0,317.0,330.0,1117.0737284279494,,,,,,,,,,,,,,,,,,,,,,,1117.0464056372148,,1117.0464358577556,1117.0464424150432,1117.0737284279494,1118.0570660757894,1118.0737264322545,1119.0570809009605,1119.0570809009605,1119.407077251686,1119.2906052889375,1119.290613556821,1119.407077251686,1119.407077251686,1119.407077251686,1119.407077251686,1119.407077251686,1119.407077251686,0.1106967032246757,1119.5084643175232,[456.0],[330.0],[1],[0],[0],[0.10002229477686342],1119.5095200407814,1119.5126549943143,,,,,,,,,,,,,,ED26,1,2024-01-30_16h38.39.158,rating,2023.2.3,60.04008894224292,2024-01-30 16h38.52.660783 +0800,
neu_51.jpg,0.0,50.0,50.0,331.0,184.214913951284,,,,,,,,,,,,,,,,,,,,,,,184.18574770751547,,184.1857790684553,184.18578591084224,184.214913951284,185.19824988852636,185.2148957049194,186.1982362037525,186.1982362037525,186.46494331652684,186.4318270199019,186.43183528778536,186.46494331652684,186.46494331652684,186.46494331652684,186.46494331652684,186.46494331652684,186.46494331652684,0.0292135702766245,187.4987720766767,[433.0],[-299.0],[1],[0],[0],[1.033419927540308],187.4992407801692,187.5023158628192,,,,,,,,,,,,,,ED26,1,2024-01-30_16h38.39.158,rating,2023.2.3,60.04008894224292,2024-01-30 16h38.52.660783 +0800,
neu_52.jpg,0.0,78.0,78.0,332.0,280.3658048300404,,,,,,,,,,,,,,,,,,,,,,,280.3369074350521,,280.33693480459806,280.3369407916871,280.3658048300404,281.3491935106813,281.3658470247592,282.34916214974146,282.34916214974146,282.615833054886,282.5826928099068,282.5827013628896,282.615833054886,282.615833054886,282.615833054886,282.615833054886,282.615833054886,282.615833054886,0.0289823546263505,284.116328842827,[478.0],[-303.0],[1],[0],[0],[1.5000248036521953],284.1168514301153,284.1199493207223,,,,,,,,,,,,,,ED26,1,2024-01-30_16h38.39.158,rating,2023.2.3,60.04008894224292,2024-01-30 16h38.52.660783 +0800,
neu_53.jpg,0.0,91.0,91.0,333.0,325.1162276325231,,,,,,,,,,,,,,,,,,,,,,,325.08749131872173,,325.0875235349595,325.0875306624457,325.1162276325231,326.099564995262,326.116255002069,327.0995724078475,327.0995724078475,327.38290994164527,327.3331005021173,327.33310905510007,327.38290994164527,327.38290994164527,327.38290994164527,327.38290994164527,327.38290994164527,327.38290994164527,0.045434873592967,330.2335625913038,[436.0],[-357.0],[1],[0],[0],[2.850173112385164],330.23416985312906,330.23732276792725,,,,,,,,,,,,,,ED26,1,2024-01-30_16h38.39.158,rating,2023.2.3,60.04008894224292,2024-01-30 16h38.52.660783 +0800,
neu_54.jpg,0.0,84.0,84.0,334.0,301.53267296698505,,,,,,,,,,,,,,,,,,,,,,,301.50389274786903,,301.50392353860843,301.5039306660947,301.53267296698505,302.5160114701212,302.5326820901664,303.5160194529053,303.5160194529053,303.7993575569035,303.74956493824175,303.7495726359266,303.7993575569035,303.7993575569035,303.7993575569035,303.7993575569035,303.7993575569035,303.7993575569035,0.0454841957980534,305.0331832949978,[486.0],[-322.0],[1],[0],[0],[1.2333872551425884],305.0337164309658,305.03679636030574,,,,,,,,,,,,,,ED26,1,2024-01-30_16h38.39.158,rating,2023.2.3,60.04008894224292,2024-01-30 16h38.52.660783 +0800,
neu_55.jpg,0.0,178.0,178.0,335.0,632.202468790163,,,,,,,,,,,,,,,,,,,,,,,632.1740668980146,,632.1740971185573,632.1741036758449,632.202468790163,633.1858406499359,633.2024762027486,634.1858372287425,634.1858372287425,634.4858887177033,634.4193744461936,634.4193829991782,634.4858887177033,634.4858887177033,634.4858887177033,634.4858887177033,634.4858887177033,634.4858887177033,0.0618434872449142,635.0199435617124,[482.0],[-339.0],[1],[0],[0],[0.5333161513408413],635.0206859606769,635.0238613983329,,,,,,,,,,,,,,ED26,1,2024-01-30_16h38.39.158,rating,2023.2.3,60.04008894224292,2024-01-30 16h38.52.660783 +0800,
neu_56.jpg,0.0,128.0,128.0,336.0,459.45085056569405,,,,,,,,,,,,,,,,,,,,,,,459.4221955052362,,459.422225725777,459.4222322830647,459.45085056569405,460.4341950559192,460.4508334597267,461.434198762212,461.434198762212,461.7175223261384,461.66771602270273,461.6677237203876,461.7175223261384,461.7175223261384,461.7175223261384,461.7175223261384,461.7175223261384,461.7175223261384,0.0453464927650202,463.0182369564154,[476.0],[-337.0],[1],[0],[0],[1.300113355540816],463.0188681665932,463.0219478108356,,,,,,,,,,,,,,ED26,1,2024-01-30_16h38.39.158,rating,2023.2.3,60.04008894224292,2024-01-30 16h38.52.660783 +0800,
neu_57.jpg,0.0,127.0,127.0,337.0,455.1008031821657,,,,,,,,,,,,,,,,,,,,,,,455.0722376429349,,455.0722684336743,455.0722749909619,455.1008031821657,456.0841328472197,456.10079690997736,457.0841374088104,457.0841374088104,457.3674777936049,457.317719386876,457.3177282249599,457.3674777936049,457.3674777936049,457.3674777936049,457.3674777936049,457.3674777936049,457.3674777936049,0.0452586821320437,459.41819498977566,[450.0],[-288.0],[1],[0],[0],[2.050130746607465],459.41883817413145,459.4219622938872,,,,,,,,,,,,,,ED26,1,2024-01-30_16h38.39.158,rating,2023.2.3,60.04008894224292,2024-01-30 16h38.52.660783 +0800,
neu_58.jpg,0.0,295.0,295.0,338.0,1046.2897422929072,,,,,,,,,,,,,,,,,,,,,,,1046.261996699688,,1046.2620269202307,1046.2620334775183,1046.2897422929072,1047.2730839321375,1047.2897237614416,1048.2730708175625,1048.2730708175625,1048.6064082373214,1048.5066482340371,1048.5066570721192,1048.6064082373214,1048.6064082373214,1048.6064082373214,1048.6064082373214,1048.6064082373214,1048.6064082373214,0.0944371965833852,1049.007682004636,[485.0],[343.0],[1],[0],[0],[0.40002446153266646],1049.0086781421087,1049.011673967114,,,,,,,,,,,,,,ED26,1,2024-01-30_16h38.39.158,rating,2023.2.3,60.04008894224292,2024-01-30 16h38.52.660783 +0800,
neu_59.jpg,0.0,75.0,75.0,339.0,270.11575408233875,,,,,,,,,,,,,,,,,,,,,,,270.08680365885266,,270.0868313134979,270.0868375856862,270.11575408233875,271.0990472546637,271.1157204406045,272.0990538119513,272.0990538119513,272.36576263532334,272.3326317986248,272.33264035160755,272.36576263532334,272.36576263532334,272.36576263532334,272.36576263532334,272.36576263532334,272.36576263532334,0.0289803589275834,273.86627068253983,[469.0],[-330.0],[1],[0],[0],[1.5000918020214158],273.8668112310934,273.8699795412631,,,,,,,,,,,,,,ED26,1,2024-01-30_16h38.39.158,rating,2023.2.3,60.04008894224292,2024-01-30 16h38.52.660783 +0800,
neu_6.jpg,0.0,272.0,272.0,340.0,975.2390806911262,,,,,,,,,,,,,,,,,,,,,,,975.211191692886,,975.211222198528,975.2112290409132,975.2390806911262,976.2223898290194,976.2390761295356,977.2223986671032,977.2223986671032,977.5557432143488,977.4559370249536,977.455945292837,977.5557432143488,977.5557432143488,977.5557432143488,977.5557432143488,977.5557432143488,977.5557432143488,0.094595141676109,978.6569438251444,[-477.0],[-304.0],[1],[0],[0],[1.1000208692785236],978.6578792364344,978.6610144750684,,,,,,,,,,,,,,ED26,1,2024-01-30_16h38.39.158,rating,2023.2.3,60.04008894224292,2024-01-30 16h38.52.660783 +0800,
neu_60.jpg,0.0,270.0,270.0,341.0,968.8389835292346,,,,,,,,,,,,,,,,,,,,,,,968.8231596545502,968.8389835292346,969.8226219569916,969.822629369577,969.855705467182,970.8223665078858,970.8556852251204,971.8223454105264,971.8223454105264,972.1557124806276,972.0559285289892,972.0559365117732,972.1557124806276,972.1557124806276,972.1557124806276,972.1557124806276,972.1557124806276,972.1557124806276,0.0827689314592134,972.5568408472244,[442.0],[-285.0],[1],[0],[0],[0.3999785605210491],972.5577585823484,972.5609593938552,,,,,,969.855705467182,,,,,,,,ED26,1,2024-01-30_16h38.39.158,rating,2023.2.3,60.04008894224292,2024-01-30 16h38.52.660783 +0800,
neu_61.jpg,0.0,235.0,235.0,342.0,845.5878206085854,,,,,,,,,,,,,,,,,,,,,,,845.5596294049283,,845.5596593403716,845.5596658976592,845.5878206085854,846.5711990256441,846.5878294466675,847.5711645286101,847.5711645286101,847.8878415919044,847.8047165712342,847.8047256944174,847.8878415919044,847.8878415919044,847.8878415919044,847.8878415919044,847.8878415919044,847.8878415919044,0.0782332843336917,849.3055208367787,[442.0],[-319.0],[1],[0],[0],[1.4166825372030871],849.3063778457199,849.3095743807353,,,,,,,,,,,,,,ED26,1,2024-01-30_16h38.39.158,rating,2023.2.3,60.04008894224292,2024-01-30 16h38.52.660783 +0800,
neu_62.jpg,0.0,309.0,309.0,343.0,1091.440188701623,,,,,,,,,,,,,,,,,,,,,,,1091.4124351256214,,1091.4124667716587,1091.4124736140457,1091.440188701623,1092.4234861504392,1092.440152493993,1093.4234961289203,1093.4234961289203,1093.7735058793205,1093.6571097530232,1093.657118591107,1093.7735058793205,1093.7735058793205,1093.7735058793205,1093.7735058793205,1093.7735058793205,1093.7735058793205,0.1110927063582494,1095.274894313634,[455.0],[-319.0],[1],[0],[0],[1.500031360939829],1095.2759691385545,1095.2791003857965,,,,,,,,,,,,,,ED26,1,2024-01-30_16h38.39.158,rating,2023.2.3,60.04008894224292,2024-01-30 16h38.52.660783 +0800,
neu_63.jpg,0.0,13.0,13.0,344.0,64.68042119452184,,,,,,,,,,,,,,,,,,,,,,,64.65131225574078,,64.65134247628339,64.65134931866851,64.68042119452184,65.66378649700528,65.68042832200808,66.66377224203279,66.66377224203279,66.91377423772974,66.89733825453004,66.89734595221489,66.91377423772974,66.91377423772974,66.91377423772974,66.91377423772974,66.91377423772974,66.91377423772974,0.0124813687507412,68.04754432441041,[409.0],[-331.0],[1],[0],[0],[1.1334627494761662],68.04797710537423,68.05113258606798,,,,,,,,,,,,,,ED26,1,2024-01-30_16h38.39.158,rating,2023.2.3,60.04008894224292,2024-01-30 16h38.52.660783 +0800,
neu_64.jpg,0.0,206.0,206.0,345.0,724.4533414795751,,,,,,,,,,,,,,,,,,,,,,,724.4250105771898,,724.4250407977306,724.4250476401176,724.4533414795751,725.4366802678105,725.4533463262651,726.4366882505947,726.4366882505947,726.7533627479934,726.670220906457,726.6702303147376,726.7533627479934,726.7533627479934,726.7533627479934,726.7533627479934,726.7533627479934,726.7533627479934,0.0783766893582651,727.7543460559918,[425.0],[-312.0],[1],[0],[0],[1.0000684238675603],727.7551483258394,727.7582365230646,,,,,,,,,,,,,,ED26,1,2024-01-30_16h38.39.158,rating,2023.2.3,60.04008894224292,2024-01-30 16h38.52.660783 +0800,
neu_65.jpg,0.0,271.0,271.0,346.0,972.5890225878592,,,,,,,,,,,,,,,,,,,,,,,972.561197451896,,972.5612285277348,972.5612353701216,972.5890225878592,973.5723645121888,973.5890291451468,974.5723807628584,974.5723807628584,974.9057121955284,974.8059025849398,974.8059114230218,974.9057121955284,974.9057121955284,974.9057121955284,974.9057121955284,974.9057121955284,974.9057121955284,0.0945361260928621,975.206891537906,[442.0],[-285.0],[1],[0],[0],[0.3000198429217562],975.2078141197215,975.2109556305422,,,,,,,,,,,,,,ED26,1,2024-01-30_16h38.39.158,rating,2023.2.3,60.04008894224292,2024-01-30 16h38.52.660783 +0800,
neu_66.jpg,0.0,177.0,177.0,347.0,628.8857760463998,,,,,,,,,,,,,,,,,,,,,,,628.8572826373293,,628.8573125727708,628.8573191300584,628.8857760463998,629.8691114134435,629.8857766166002,630.8691233876198,630.8691233876198,631.169124984177,631.1026571838793,631.1026645964648,631.169124984177,631.169124984177,631.169124984177,631.169124984177,631.169124984177,631.169124984177,0.0618585975153109,632.1699286795229,[493.0],[-350.0],[1],[0],[0],[1.0000447606125817],632.1706759251756,632.1738345419653,,,,,,,,,,,,,,ED26,1,2024-01-30_16h38.39.158,rating,2023.2.3,60.04008894224292,2024-01-30 16h38.52.660783 +0800,
neu_67.jpg,0.0,337.0,337.0,348.0,1191.9410970284662,,,,,,,,,,,,,,,,,,,,,,,1191.913637675094,,1191.913665329741,1191.9136716019275,1191.9410970284662,1192.924435246503,1192.941100734759,1193.9244455100834,1193.9244455100834,1194.2744521243894,1194.157986148728,1194.1579941315122,1194.2744521243894,1194.2744521243894,1194.2744521243894,1194.2744521243894,1194.2744521243894,1194.2744521243894,0.110841533743951,1194.8593136858,[481.0],[387.0],[1],[0],[0],[0.5833622234113136],1194.8604341266328,1194.863498660603,,,,,,,,,,,,,,ED26,1,2024-01-30_16h38.39.158,rating,2023.2.3,60.04008894224292,2024-01-30 16h38.52.660783 +0800,
neu_68.jpg,0.0,216.0,216.0,349.0,784.2539064326411,,,,,,,,,,,,,,,,,,,,,,,784.2256978379191,,784.2257286286604,784.2257354710473,784.2539064326411,785.2372740159226,785.2539124197301,786.2372589056522,786.2372589056522,786.5539288414584,786.4708599853802,786.4708679681644,786.5539288414584,786.5539288414584,786.5539288414584,786.5539288414584,786.5539288414584,786.5539288414584,0.0782523859979846,787.0549560547715,[460.0],[361.0],[1],[0],[0],[0.5001174609733425],787.0558028001324,787.0590335470824,,,,,,,,,,,,,,ED26,1,2024-01-30_16h38.39.158,rating,2023.2.3,60.04008894224292,2024-01-30 16h38.52.660783 +0800,
neu_69.jpg,0.0,383.0,383.0,350.0,1341.6258471730107,,,,,,,,,,,,,,,,,,,,,,,1341.598718820098,,1341.598750466137,1341.5987575936233,1341.6258471730107,1342.6091890973405,1342.625864278978,1343.609168285082,1343.609168285082,1343.975881727065,1343.8427505482468,1343.842759386329,1343.975881727065,1343.975881727065,1343.975881727065,1343.975881727065,1343.975881727065,1343.975881727065,0.1272242033483053,1344.2444790491827,[476.0],[-279.0],[1],[0],[0],[0.2667701197515271],1344.2457052619102,1344.2488251051727,,,,,,,,,,,,,,ED26,1,2024-01-30_16h38.39.158,rating,2023.2.3,60.04008894224292,2024-01-30 16h38.52.660783 +0800,
neu_7.jpg,0.0,228.0,228.0,351.0,825.1709664415139,,,,,,,,,,,,,,,,,,,,,,,825.1430161468925,,825.1430469376319,825.1430534949195,825.1709664415139,826.1543072254462,826.1710166190169,827.1543288930043,827.1543288930043,827.4710005394081,827.3878561319762,827.3878643998596,827.4710005394081,827.4710005394081,827.4710005394081,827.4710005394081,827.4710005394081,827.4710005394081,0.0780362806144694,828.6386475680447,[470.0],[358.0],[1],[0],[0],[1.166680541506139],828.6395082832787,828.6426292669403,,,,,,,,,,,,,,ED26,1,2024-01-30_16h38.39.158,rating,2023.2.3,60.04008894224292,2024-01-30 16h38.52.660783 +0800,
neu_70.jpg,0.0,299.0,299.0,352.0,1057.2898349502266,,,,,,,,,,,,,,,,,,,,,,,1057.262127560336,,1057.2621577808768,1057.2621643381644,1057.2898349502266,1058.2731666109776,1058.289829533338,1059.273174878861,1059.273174878861,1059.6065134390174,1059.5067106708157,1059.5067183685003,1059.6065134390174,1059.6065134390174,1059.6065134390174,1059.6065134390174,1059.6065134390174,1059.6065134390174,0.0944115376332774,1059.9078113827672,[463.0],[-353.0],[1],[0],[0],[0.30001471113064326],1059.9087966864608,1062.1569301403724,space,1059.9231865109195,1059.9231865109195,2.219303912590476,,,,,,,,,,ED26,1,2024-01-30_16h38.39.158,rating,2023.2.3,60.04008894224292,2024-01-30 16h38.52.660783 +0800,
neu_71.jpg,0.0,168.0,168.0,353.0,600.5688375469126,,,,,,,,,,,,,,,,,,,,,,,600.5405553965338,,600.5405859021739,600.5405927445609,600.5688375469126,601.5522111172813,601.5688421085051,602.5521865987303,602.5521865987303,602.8521913313798,602.7857349350597,602.7857429178439,602.8521913313798,602.8521913313798,602.8521913313798,602.8521913313798,602.8521913313798,602.8521913313798,0.061658742803047,603.3862778214298,[435.0],[-339.0],[1],[0],[0],[0.5333572056606499],603.3870455942433,603.3901406338555,,,,,,,,,,,,,,ED26,1,2024-01-30_16h38.39.158,rating,2023.2.3,60.04008894224292,2024-01-30 16h38.52.660783 +0800,
neu_72.jpg,0.0,284.0,284.0,354.0,1012.2393988621116,,,,,,,,,,,,,,,,,,,,,,,1012.21171684607,,1012.2117476368112,1012.211754479198,1012.2393988621116,1013.2227390758452,1013.2394057044984,1014.2227365099498,1014.2227365099498,1014.5560853336864,1014.4562871270756,1014.4562953949588,1014.5560853336864,1014.5560853336864,1014.5560853336864,1014.5560853336864,1014.5560853336864,1014.5560853336864,0.0943941465666284,1015.55733406927,[449.0],[341.0],[1],[0],[0],[1.0000344970321748],1015.5582985607034,1015.5614192592656,,,,,,,,,,,,,,ED26,1,2024-01-30_16h38.39.158,rating,2023.2.3,60.04008894224292,2024-01-30 16h38.52.660783 +0800,
neu_73.jpg,0.0,47.0,47.0,355.0,172.5314692771135,,,,,,,,,,,,,,,,,,,,,,,172.5023386707744,,172.5023683211184,172.50237516350535,172.5314692771135,173.51478611269158,173.53147127280863,174.51479381037643,174.51479381037643,174.78149179996944,174.74832675133803,174.74833501922149,174.78149179996944,174.78149179996944,174.78149179996944,174.78149179996944,174.78149179996944,174.78149179996944,0.0291688096640427,175.88187873694187,[428.0],[354.0],[1],[0],[0],[1.1000388305456],175.8823488659309,175.88539458333798,,,,,,,,,,,,,,ED26,1,2024-01-30_16h38.39.158,rating,2023.2.3,60.04008894224292,2024-01-30 16h38.52.660783 +0800,
neu_74.jpg,0.0,367.0,367.0,356.0,1291.992066252551,,,,,,,,,,,,,,,,,,,,,,,1291.9647924989204,,1291.9648224343618,1291.9648289916497,1291.992066252551,1292.9754039003892,1292.9920807926228,1293.9753933517095,1293.9753933517095,1294.342094534415,1294.208991580443,1294.2089995632268,1294.342094534415,1294.342094534415,1294.342094534415,1294.342094534415,1294.342094534415,1294.342094534415,0.1273282646452571,1294.5773146939118,[491.0],[382.0],[1],[0],[0],[0.2335089926054934],1294.5784733380697,1294.5815318849527,,,,,,,,,,,,,,ED26,1,2024-01-30_16h38.39.158,rating,2023.2.3,60.04008894224292,2024-01-30 16h38.52.660783 +0800,
neu_75.jpg,0.0,150.0,150.0,357.0,542.001611382082,,,,,,,,,,,,,,,,,,,,,,,541.9858396805976,542.001611382082,542.9851842369662,542.9851910793532,543.0182908402112,543.9849595786,544.018294546504,544.9849949309319,544.9849949309319,545.2849779960252,545.218533288782,545.2185412715662,545.2849779960252,545.2849779960252,545.2849779960252,545.2849779960252,545.2849779960252,545.2849779960252,0.0493529953128017,546.2191120406624,[477.0],[-323.0],[1],[0],[0],[0.9334948516734585],546.2197939985417,546.22300535873,,,,,,543.0182908402112,,,,,,,,ED26,1,2024-01-30_16h38.39.158,rating,2023.2.3,60.04008894224292,2024-01-30 16h38.52.660783 +0800,
neu_76.jpg,0.0,9.0,9.0,358.0,51.0302923865911,,,,,,,,,,,,,,,,,,,,,,,51.0010862288982,,51.001116449439,51.00112357692524,51.0302923865911,52.01367365464466,52.030298088579,53.01364257880414,53.01364257880414,53.26364400430248,53.24722028037832,53.247227978063165,53.26364400430248,53.26364400430248,53.26364400430248,53.26364400430248,53.26364400430248,53.26364400430248,0.0125968340271356,54.78070492549159,[440.0],[-343.0],[1],[0],[0],[1.51674389060463],54.78124889524042,54.78417886226998,,,,,,,,,,,,,,ED26,1,2024-01-30_16h38.39.158,rating,2023.2.3,60.04008894224292,2024-01-30 16h38.52.660783 +0800,
neu_77.jpg,0.0,40.0,40.0,359.0,152.18125568060714,,,,,,,,,,,,,,,,,,,,,,,152.15219920012532,,152.15222685477238,152.1522328418596,152.18125568060714,153.16459275824673,153.1812591018006,154.16462411918474,154.16462411918474,154.43128076935864,154.39813396708996,154.39814194987412,154.43128076935864,154.43128076935864,154.43128076935864,154.43128076935864,154.43128076935864,154.43128076935864,0.0291018112930032,155.16509595877324,[436.0],[-323.0],[1],[0],[0],[0.7334628064963908],155.16558604472448,155.1686542849875,,,,,,,,,,,,,,ED26,1,2024-01-30_16h38.39.158,rating,2023.2.3,60.04008894224292,2024-01-30 16h38.52.660783 +0800,
neu_78.jpg,0.0,322.0,322.0,360.0,1132.90720497624,,,,,,,,,,,,,,,,,,,,,,,1132.8798280166084,,1132.8798585222503,1132.8798653646372,1132.90720497624,1133.890547470768,1133.9072166653168,1134.8905531727578,1134.8905531727578,1135.2405614976617,1135.124087539216,1135.124095522,1135.2405614976617,1135.2405614976617,1135.2405614976617,1135.2405614976617,1135.2405614976617,1135.2405614976617,0.1107571443062624,1135.842013566173,[466.0],[337.0],[1],[0],[0],[0.6000274265661574],1135.8430473367716,1135.846176018118,,,,,,,,,,,,,,ED26,1,2024-01-30_16h38.39.158,rating,2023.2.3,60.04008894224292,2024-01-30 16h38.52.660783 +0800,
neu_79.jpg,0.0,353.0,353.0,361.0,1248.1249673561124,,,,,,,,,,,,,,,,,,,,,,,1248.0977885405991,,1248.0978190462392,1248.0978258886262,1248.1249673561124,1249.108304433752,1249.1249702071073,1250.1083061443496,1250.1083061443496,1250.4583176053477,1250.3418650293588,1250.3418727270457,1250.4583176053477,1250.4583176053477,1250.4583176053477,1250.4583176053477,1250.4583176053477,1250.4583176053477,0.1105561491967819,1250.6933507396045,[478.0],[-338.0],[1],[0],[0],[0.23347221477706626],1250.6944392492987,1250.6974541759664,,,,,,,,,,,,,,ED26,1,2024-01-30_16h38.39.158,rating,2023.2.3,60.04008894224292,2024-01-30 16h38.52.660783 +0800,
neu_8.jpg,0.0,185.0,185.0,362.0,658.4027158003246,,,,,,,,,,,,,,,,,,,,,,,658.3743555326964,,658.3743860383383,658.374392595626,658.4027158003246,659.3860568693581,659.402721217215,660.3860657074401,660.3860657074401,660.6860906821512,660.6196442643122,660.6196533874954,660.6860906821512,660.6860906821512,660.6860906821512,660.6860906821512,660.6860906821512,660.6860906821512,0.0617559617148799,660.95351453494,[471.0],[358.0],[1],[0],[0],[0.2666649180555396],660.9542951372296,660.9574050020128,,,,,,,,,,,,,,ED26,1,2024-01-30_16h38.39.158,rating,2023.2.3,60.04008894224292,2024-01-30 16h38.52.660783 +0800,
neu_80.jpg,0.0,42.0,42.0,363.0,157.81471073239845,,,,,,,,,,,,,,,,,,,,,,,157.7855573181041,,157.78558440255074,157.78559038963976,157.81471073239845,158.7979813818656,158.81465941449642,159.79798765405394,159.79798765405394,160.06465627840225,160.03162722220804,160.03163691558802,160.06465627840225,160.06465627840225,160.06465627840225,160.06465627840225,160.06465627840225,160.06465627840225,0.0291169215652189,160.13180404088598,[432.0],[-321.0],[1],[0],[0],[0.06681647692312254],160.13226989338364,160.13530135581823,,,,,,,,,,,,,,ED26,1,2024-01-30_16h38.39.158,rating,2023.2.3,60.04008894224292,2024-01-30 16h38.52.660783 +0800,
neu_81.jpg,0.0,65.0,65.0,364.0,236.11538288285735,,,,,,,,,,,,,,,,,,,,,,,236.0863226960828,,236.0863529166236,236.0863597590105,236.11538288285735,237.0987182498993,237.11538858484528,238.09872879857903,238.09872879857903,238.36540283981776,238.33226943722548,238.33227827530757,238.36540283981776,238.36540283981776,238.36540283981776,238.36540283981776,238.36540283981776,238.36540283981776,0.0290983900995343,239.4658185718345,[468.0],[-351.0],[1],[0],[0],[1.10002486067242],239.4663514227032,239.4694607172878,,,,,,,,,,,,,,ED26,1,2024-01-30_16h38.39.158,rating,2023.2.3,60.04008894224292,2024-01-30 16h38.52.660783 +0800,
neu_82.jpg,0.0,372.0,372.0,365.0,1306.9421832573644,,,,,,,,,,,,,,,,,,,,,,,1306.9150389388833,,1306.9150702998213,1306.9150771422082,1306.9421832573644,1307.9255234710963,1307.9421866785578,1308.9255442833564,1308.9255442833564,1309.2922044117422,1309.1590837816038,1309.1590917643898,1309.2922044117422,1309.2922044117422,1309.2922044117422,1309.2922044117422,1309.2922044117422,1309.2922044117422,0.1271891361157031,1310.2272105755928,[461.0],[387.0],[1],[0],[0],[0.9332476704530563],1310.2283543945796,1310.2315634739716,,,,,,,,,,,,,,ED26,1,2024-01-30_16h38.39.158,rating,2023.2.3,60.04008894224292,2024-01-30 16h38.52.660783 +0800,
neu_83.jpg,0.0,221.0,221.0,366.0,799.9207252473807,,,,,,,,,,,,,,,,,,,,,,,799.8926389603221,,799.8926697510633,799.8926768785495,799.9207252473807,800.9040617548217,800.9207269579783,801.9040951114566,801.9040951114566,802.2207496518931,802.1376029636649,802.1376106613516,802.2207496518931,802.2207496518931,802.2207496518931,802.2207496518931,802.2207496518931,802.2207496518931,0.0781354952232504,802.7217335300902,[477.0],[360.0],[1],[0],[0],[0.5000285099449684],802.7226090704953,802.7257100971965,,,,,,,,,,,,,,ED26,1,2024-01-30_16h38.39.158,rating,2023.2.3,60.04008894224292,2024-01-30 16h38.52.660783 +0800,
neu_84.jpg,0.0,22.0,22.0,367.0,93.9973656810962,,,,,,,,,,,,,,,,,,,,,,,93.96823108336685,,93.9682590231132,93.9682650102004,93.9973656810962,94.98071159681967,94.99740217382714,95.98071501801314,95.98071501801314,96.23076491041684,96.2142525205636,96.21426021824846,96.23076491041684,96.23076491041684,96.23076491041684,96.23076491041684,96.23076491041684,96.23076491041684,0.0125563499059353,97.36443065069945,[440.0],[-330.0],[1],[0],[0],[1.133344148105607],97.36488196312712,97.36796189246706,,,,,,,,,,,,,,ED26,1,2024-01-30_16h38.39.158,rating,2023.2.3,60.04008894224292,2024-01-30 16h38.52.660783 +0800,
neu_85.jpg,0.0,74.0,74.0,368.0,267.49901270060946,,,,,,,,,,,,,,,,,,,,,,,267.4699821641789,,267.4700092486255,267.4700152357145,267.49901270060946,268.4823523441446,268.4990181174999,269.4823614673278,269.4823614673278,269.74903294267096,269.71590980365727,269.71591807154255,269.74903294267096,269.74903294267096,269.74903294267096,269.74903294267096,269.74903294267096,269.74903294267096,0.0290713056529057,270.08293400404,[466.0],[357.0],[1],[0],[0],[0.33348823736741906],270.08347540789146,270.0865895491661,,,,,,,,,,,,,,ED26,1,2024-01-30_16h38.39.158,rating,2023.2.3,60.04008894224292,2024-01-30 16h38.52.660783 +0800,
neu_86.jpg,0.0,140.0,140.0,369.0,495.6345130558439,,,,,,,,,,,,,,,,,,,,,,,495.6058631271753,,495.6058907818224,495.6058967689114,495.6345130558439,496.6178518440811,496.63451277074455,497.6178849156168,497.6178849156168,497.9178642744155,497.8514187118744,497.8514409496329,497.9178642744155,497.9178642744155,497.9178642744155,497.9178642744155,497.9178642744155,497.9178642744155,0.0620268061902606,498.91853083692695,[445.0],[353.0],[1],[0],[0],[1.0000393437239836],498.9191985398338,498.9222237300819,,,,,,,,,,,,,,ED26,1,2024-01-30_16h38.39.158,rating,2023.2.3,60.04008894224292,2024-01-30 16h38.52.660783 +0800,
neu_87.jpg,0.0,188.0,188.0,370.0,666.8194411024451,,,,,,,,,,,,,,,,,,,,,,,666.7911284464244,,666.7911600924635,666.7911672199498,666.8194411024451,667.8028312085826,667.8194684719929,668.8028149579131,668.8028149579131,669.1028154140731,669.036363864443,669.0363727025269,669.1028154140731,669.1028154140731,669.1028154140731,669.1028154140731,669.1028154140731,669.1028154140731,0.0617054991125769,670.5703748031392,[451.0],[-324.0],[1],[0],[0],[1.466752272528538],670.5711382994614,670.574265270212,,,,,,,,,,,,,,ED26,1,2024-01-30_16h38.39.158,rating,2023.2.3,60.04008894224292,2024-01-30 16h38.52.660783 +0800,
neu_88.jpg,0.0,233.0,233.0,371.0,839.9211055700453,,,,,,,,,,,,,,,,,,,,,,,839.8930768730752,,839.8931068085167,839.8931136509036,839.9211055700453,840.9044406519879,840.9211138379287,841.9044965314806,841.9044965314806,842.2211413785353,842.1379887032199,842.1379964009047,842.2211413785353,842.2211413785353,842.2211413785353,842.2211413785353,842.2211413785353,842.2211413785353,0.0780881687151122,842.8888799240958,[494.0],[355.0],[1],[0],[0],[0.6667412676888489],842.8897161207769,842.8927190732666,,,,,,,,,,,,,,ED26,1,2024-01-30_16h38.39.158,rating,2023.2.3,60.04008894224292,2024-01-30 16h38.52.660783 +0800,
neu_89.jpg,0.0,247.0,247.0,372.0,893.9049968810123,,,,,,,,,,,,,,,,,,,,,,,893.876967043645,,893.8769981194837,893.8770052469699,893.9049968810123,894.8882854917447,894.9049495545041,895.8882931894295,895.8882931894295,896.2049682570268,896.1218797290876,896.1218877118718,896.2049682570268,896.2049682570268,896.2049682570268,896.2049682570268,896.2049682570268,896.2049682570268,0.0780225958424125,896.7060664601031,[451.0],[355.0],[1],[0],[0],[0.5000316460391332],896.7070306664373,896.7101371100271,,,,,,,,,,,,,,ED26,1,2024-01-30_16h38.39.158,rating,2023.2.3,60.04008894224292,2024-01-30 16h38.52.660783 +0800,
neu_9.jpg,0.0,338.0,338.0,373.0,1194.8911236567546,,,,,,,,,,,,,,,,,,,,,,,1194.863704217305,,1194.863731871952,1194.8637378590392,1194.8911236567546,1195.874464155586,1195.8911293587423,1196.8744920953322,1196.8744920953322,1197.2245024159329,1197.108050695244,1197.1080583929288,1197.2245024159329,1197.2245024159329,1197.2245024159329,1197.2245024159329,1197.2245024159329,1197.2245024159329,0.1108267085728584,1197.809377377016,[475.0],[-362.0],[1],[0],[0],[0.5833531002281234],1197.8105097920252,1197.8136846594823,,,,,,,,,,,,,,ED26,1,2024-01-30_16h38.39.158,rating,2023.2.3,60.04008894224292,2024-01-30 16h38.52.660783 +0800,
neu_90.jpg,0.0,320.0,320.0,374.0,1126.3738098523536,,,,,,,,,,,,,,,,,,,,,,,1126.3463627582569,,1126.346393548998,1126.346400391385,1126.3738098523536,1127.3571517766832,1127.3738166947387,1128.35715861907,1128.35715861907,1128.7071663737752,1128.5906961216206,1128.5907046746051,1128.7071663737752,1128.7071663737752,1128.7071663737752,1128.7071663737752,1128.7071663737752,1128.7071663737752,0.1108272787714668,1129.0086427897786,[517.0],[-338.0],[1],[0],[0],[0.3000349531921529],1129.009735290863,1129.0128733804922,,,,,,,,,,,,,,ED26,1,2024-01-30_16h38.39.158,rating,2023.2.3,60.04008894224292,2024-01-30 16h38.52.660783 +0800,
neu_91.jpg,0.0,326.0,326.0,375.0,1143.5406663002195,,,,,,,,,,,,,,,,,,,,,,,1143.513223767715,,1143.5132545584547,1143.5132614008417,1143.5406663002195,1144.5239788593062,1144.5406457730587,1145.523988267587,1145.523988267587,1145.8739926010985,1145.7575169320571,1145.7575251999406,1145.8739926010985,1145.8739926010985,1145.8739926010985,1145.8739926010985,1145.8739926010985,1145.8739926010985,0.1107924966399878,1145.9924240523578,[429.0],[-332.0],[1],[0],[0],[0.1168856420499651],1145.9935481994837,1145.9967917759077,,,,,,,,,,,,,,ED26,1,2024-01-30_16h38.39.158,rating,2023.2.3,60.04008894224292,2024-01-30 16h38.52.660783 +0800,
neu_92.jpg,0.0,248.0,248.0,376.0,896.7383052206278,,,,,,,,,,,,,,,,,,,,,,,896.7103726021705,,896.7104031078125,896.7104102352987,896.7383052206278,897.7216468598581,897.7383100673178,898.7216807866916,898.7216807866916,899.0384302652456,898.9552234210332,898.9552319740178,899.0384302652456,899.0384302652456,899.0384302652456,899.0384302652456,899.0384302652456,899.0384302652456,0.0780836071244266,900.1227441506144,[-489.0],[-345.0],[1],[0],[0],[1.083293229343326],900.1236613155397,900.1267757419137,,,,,,,,,,,,,,ED26,1,2024-01-30_16h38.39.158,rating,2023.2.3,60.04008894224292,2024-01-30 16h38.52.660783 +0800,
neu_93.jpg,0.0,203.0,203.0,377.0,713.4199038758707,,,,,,,,,,,,,,,,,,,,,,,713.3917588583245,,713.3917893639664,713.391795921254,713.4199038758707,714.4032443747019,714.4199283944217,715.403249506493,715.403249506493,715.7199257144875,715.6368006938173,715.6368089617026,715.7199257144875,715.7199257144875,715.7199257144875,715.7199257144875,715.7199257144875,715.7199257144875,0.0781876684213784,716.7875356231762,[429.0],[-284.0],[1],[0],[0],[1.0667491934527789],716.7883760963505,716.7915007863048,,,,,,,,,,,,,,ED26,1,2024-01-30_16h38.39.158,rating,2023.2.3,60.04008894224292,2024-01-30 16h38.52.660783 +0800,
neu_94.jpg,0.0,19.0,19.0,378.0,82.83059305246934,,,,,,,,,,,,,,,,,,,,,,,82.80136294642216,,82.80139316696477,82.80140000935171,82.83059305246934,83.81395692945625,83.8306010352535,84.81394352978168,84.81394352978168,85.06394809137237,85.04749614260436,85.0475035551899,85.06394809137237,85.06394809137237,85.06394809137237,85.06394809137237,85.06394809137237,85.06394809137237,0.012601110518517,86.03092274147093,[419.0],[-324.0],[1],[0],[0],[0.9666849890581943],86.03135153104085,86.03445455343717,,,,,,,,,,,,,,ED26,1,2024-01-30_16h38.39.158,rating,2023.2.3,60.04008894224292,2024-01-30 16h38.52.660783 +0800,
neu_95.jpg,0.0,100.0,100.0,379.0,357.0165719756369,,,,,,,,,,,,,,,,,,,,,,,356.98775982538245,,356.9877871949302,356.9877934671167,357.0165719756369,357.99986742875626,358.016580813719,358.99987712213806,358.99987712213806,359.28321294534,359.233426028668,359.2334340114521,359.28321294534,359.28321294534,359.28321294534,359.28321294534,359.28321294534,359.28321294534,0.0455138461384194,360.58389022759,[481.0],[-308.0],[1],[0],[0],[1.3001159214363724],360.5845191569715,360.5876218942685,,,,,,,,,,,,,,ED26,1,2024-01-30_16h38.39.158,rating,2023.2.3,60.04008894224292,2024-01-30 16h38.52.660783 +0800,
neu_96.jpg,0.0,16.0,16.0,380.0,73.83050951832956,,,,,,,,,,,,,,,,,,,,,,,73.8013695037098,,73.80140000935171,73.80140713683795,73.83050951832956,74.81384973206332,74.83051550541859,75.81387824200829,75.81387824200829,76.06385971054442,76.04739521739975,76.04740348528321,76.06385971054442,76.06385971054442,76.06385971054442,76.06385971054442,76.06385971054442,76.06385971054442,0.0125081680998846,76.99754244275573,[436.0],[-341.0],[1],[0],[0],[0.9333714036129095],76.99798776809257,77.00108822459515,,,,,,,,,,,,,,ED26,1,2024-01-30_16h38.39.158,rating,2023.2.3,60.04008894224292,2024-01-30 16h38.52.660783 +0800,
neu_97.jpg,0.0,331.0,331.0,381.0,1173.7742576865658,,,,,,,,,,,,,,,,,,,,,,,1173.7467755252385,,1173.7468071712774,1173.746813728565,1173.7742576865658,1174.7575976152002,1174.7742725117369,1175.7576093042771,1175.7576093042771,1176.1076264672647,1175.9911445260332,1175.991152508817,1176.1076264672647,1176.1076264672647,1176.1076264672647,1176.1076264672647,1176.1076264672647,1176.1076264672647,0.1108751754782133,1176.6924244514976,[415.0],[-306.0],[1],[0],[0],[0.583357661818809],1176.6934687707762,1176.696537866339,,,,,,,,,,,,,,ED26,1,2024-01-30_16h38.39.158,rating,2023.2.3,60.04008894224292,2024-01-30 16h38.52.660783 +0800,
neu_98.jpg,0.0,189.0,189.0,382.0,670.6028316647407,,,,,,,,,,,,,,,,,,,,,,,670.5745041835489,,670.5745344040915,670.5745409613774,670.6028316647407,671.5861724486731,671.602846775013,672.5862080861043,672.5862080861043,672.8862099677608,672.8197361803741,672.8197441631582,672.8862099677608,672.8862099677608,672.8862099677608,672.8862099677608,672.8862099677608,672.8862099677608,0.0617268815694842,674.1536871341468,[451.0],[-320.0],[1],[0],[0],[1.2666994150895334],674.154450630469,674.1576138088494,,,,,,,,,,,,,,ED26,1,2024-01-30_16h38.39.158,rating,2023.2.3,60.04008894224292,2024-01-30 16h38.52.660783 +0800,
neu_99.jpg,0.0,136.0,136.0,383.0,483.4010776188952,,,,,,,,,,,,,,,,,,,,,,,483.37230053587336,,483.3723301862156,483.3723370286025,483.4010776188952,484.3844052882523,484.4010687808113,485.38441241573855,485.38441241573855,485.6677636343102,485.6179661689585,485.6179741517444,485.6677636343102,485.6677636343102,485.6677636343102,485.6677636343102,485.6677636343102,485.6677636343102,0.0454856212945742,486.3185051209566,[458.0],[-324.0],[1],[0],[0],[0.6501270973330975],486.31919107022986,486.32222680915584,,,,,,,,,,,,,,ED26,1,2024-01-30_16h38.39.158,rating,2023.2.3,60.04008894224292,2024-01-30 16h38.52.660783 +0800,
,,,,,,,0.0132212018197606,0.0465883859615132,0.0465883859615132,8.796978687105366,space,8.73415787895101,,,,,,,,,,,,,,,,,,,,,,,,,,,,,,,,,,,,,,,,,,,,,,,,,,,,,,,,,ED26,1,2024-01-30_16h38.39.158,rating,2023.2.3,60.04008894224292,2024-01-30 16h38.52.660783 +0800,
,,,,,,,,,,,,,,8.796998358968267,8.829890567427356,8.829890567427356,10.730268267176143,space,1.896939970600215,,,,,,,,,,,,,,,,,,,,,,,,,,,,,,,,,,,,,,,,,,,,,,,,,,ED26,1,2024-01-30_16h38.39.158,rating,2023.2.3,60.04008894224292,2024-01-30 16h38.52.660783 +0800,
,,,,,,,,,,,,,,,,,,,,,10.730286798641828,10.76326510713443,10.76326510713443,17.93038755278576,return,7.163895404995856,,,,,,,,,,,,,,,,,,,,,,,,,,,,,,,,,,,,,,,,,,,ED26,1,2024-01-30_16h38.39.158,rating,2023.2.3,60.04008894224292,2024-01-30 16h38.52.660783 +0800,
,,,,,,,,,,,,,,,,,,,,,,,,,,,,,,,,,,,,,,,,,,,,,,,,,,,,,,,,,,,,,,1344.2489220389853,1344.275869353747,1344.275869353747,1644.0291152109676,space,299.73650282191375,,ED26,1,2024-01-30_16h38.39.158,rating,2023.2.3,60.04008894224292,2024-01-30 16h38.52.660783 +0800,
