stimulus_filename,trials.thisRepN,trials.thisTrialN,trials.thisN,trials.thisIndex,thisRow.t,notes,welcome.started,welcome_image.started,welcome_key_resp.started,welcome.stopped,welcome_key_resp.keys,welcome_key_resp.rt,welcome_key_resp.duration,instruction.started,instruction_image.started,instruction_key_resp.started,instruction.stopped,instruction_key_resp.keys,instruction_key_resp.rt,instruction_key_resp.duration,start.started,start_image.started,key_resp.started,start.stopped,key_resp.keys,key_resp.rt,key_resp.duration,block_info.started,block_text.started,block_info.stopped,img_presentation.started,ISI_text.started,stimulus_image.started,ISI_text.stopped,text.started,stimulus_image.stopped,img_presentation.stopped,evaluation.started,horizontal_polygon.started,vertical_polygon.started,ha_text.started,la_text.started,negative_text.started,positive_text.started,mouse.started,evaluation.stopped,mouse.x,mouse.y,mouse.leftButton,mouse.midButton,mouse.rightButton,mouse.time,rest.started,rest.stopped,key_resp_2.keys,rest_image.started,key_resp_2.started,key_resp_2.rt,key_resp_2.duration,block_text.stopped,text.stopped,end.started,end_image.started,key_resp_3.started,end.stopped,key_resp_3.keys,key_resp_3.rt,key_resp_3.duration,participant,session,date,expName,psychopyVersion,frameRate,expStart,Unnamed: 76
neg_1.jpg,0.0,202.0,202.0,0.0,1397.7631184232546,,,,,,,,,,,,,,,,,,,,,,,1397.732999499077,,1397.7330308601868,1397.7330379877117,1397.7631184232546,1398.7510900123707,1398.7627740212552,1399.7370122955504,1399.7605356933614,1399.9840497398595,1399.9840580077885,1400.056622197564,1400.056622197564,1400.056622197564,1400.056622197564,1400.056622197564,1400.056622197564,0.0010416877521493,1404.0799186549848,[-243.0],[-207.0],[1],[0],[0],[4.092949766060428],1404.0807232099864,1404.0838724355522,,,,,,,,,,,,,,,ED28,1,2024-02-02_14h00.22.905,rating,2023.2.3,85.10300836343751,2024-02-02 14h00.35.241320 +0800,
neg_10.jpg,0.0,265.0,265.0,1.0,1800.772502807532,,,,,,,,,,,,,,,,,,,,,,,1800.7426761118722,,1800.7427077580828,1800.7427160260113,1800.772502807532,1801.760459571396,1801.7721504227047,1802.746388126798,1802.7699229286488,1802.993423005198,1802.993431273127,1803.08952057132,1803.08952057132,1803.08952057132,1803.08952057132,1803.08952057132,1803.08952057132,0.0007377700940196,1804.2197609770296,[-263.0],[-361.0],[1],[0],[0],[1.2220318064369167],1804.220686129751,1804.2238296532971,,,,,,,,,,,,,,,ED28,1,2024-02-02_14h00.22.905,rating,2023.2.3,85.10300836343751,2024-02-02 14h00.35.241320 +0800,
neg_100.jpg,0.0,60.0,60.0,2.0,502.5917909730754,,,,,,,,,,,,,,,,,,,,,,,502.5809454462101,502.5917909730754,503.58003853995206,503.58004623767897,503.603366928684,504.6030977933467,504.61477952142377,505.5890183659208,505.6125426190347,505.83603072134247,505.8360389892714,505.87336384104015,505.87336384104015,505.87336384104015,505.87336384104015,505.87336384104015,505.87336384104015,0.0052640334549778,508.83767404346463,[-349.0],[-363.0],[1],[0],[0],[3.0008216610610816],508.8381729702021,508.8412788604171,,,,,,503.603366928684,,,,,,,,,ED28,1,2024-02-02_14h00.22.905,rating,2023.2.3,85.10300836343751,2024-02-02 14h00.35.241320 +0800,
neg_101.jpg,0.0,323.0,323.0,3.0,2123.19182963277,,,,,,,,,,,,,,,,,,,,,,,2123.162380410825,,2123.162412057035,2123.16241918456,2123.19182963277,2124.179761307747,2124.1914242191583,2125.165661353049,2125.189187316769,2125.4126950910454,2125.4127033589743,2125.5205530731178,2125.5205530731178,2125.5205530731178,2125.5205530731178,2125.5205530731178,2125.5205530731178,0.0003052718880098,2126.898227498618,[-279.0],[-332.0],[1],[0],[0],[1.479764244287253],2126.8992991932496,2126.902429887251,,,,,,,,,,,,,,,ED28,1,2024-02-02_14h00.22.905,rating,2023.2.3,85.10300836343751,2024-02-02 14h00.35.241320 +0800,
neg_102.jpg,0.0,211.0,211.0,4.0,1471.331589560628,,,,,,,,,,,,,,,,,,,,,,,1471.3017198147186,,1471.3017545970397,1471.3017622947664,1471.331589560628,1472.3195582987337,1472.33130303413,1473.305482007419,1473.3290056903306,1473.5525462512214,1473.5525542340492,1473.6250169278717,1473.6250169278717,1473.6250169278717,1473.6250169278717,1473.6250169278717,1473.6250169278717,0.0008133218570947,1475.249171140139,[-415.0],[-347.0],[1],[0],[0],[1.6934859269877052],1475.250031004733,1475.2531910641364,,,,,,,,,,,,,,,ED28,1,2024-02-02_14h00.22.905,rating,2023.2.3,85.10300836343751,2024-02-02 14h00.35.241320 +0800,
neg_103.jpg,0.0,201.0,201.0,5.0,1392.258716321376,,,,,,,,,,,,,,,,,,,,,,,1392.2284542765003,,1392.22848563761,1392.2284924800338,1392.258716321376,1393.246680212765,1393.2583921615474,1394.232608483066,1394.2561321659778,1394.479646212476,1394.4796541953035,1394.5522443292698,1394.5522443292698,1394.5522443292698,1394.5522443292698,1394.5522443292698,1394.5522443292698,0.0011836680469059,1397.728809369787,[-421.0],[-351.0],[1],[0],[0],[3.2460649648228355],1397.729611643981,1397.7327591589406,,,,,,,,,,,,,,,ED28,1,2024-02-02_14h00.22.905,rating,2023.2.3,85.10300836343751,2024-02-02 14h00.35.241320 +0800,
neg_104.jpg,0.0,69.0,69.0,6.0,558.8237645362306,,,,,,,,,,,,,,,,,,,,,,,558.8046125919413,,558.8046442381517,558.8046513656764,558.8237645362306,559.8235452935671,559.8352338640677,560.8094766999789,560.8330183442531,561.0565090124701,561.0565167101968,561.0937996521197,561.0937996521197,561.0937996521197,561.0937996521197,561.0937996521197,561.0937996521197,0.0018870121957661,562.3292255031961,[-391.0],[-354.0],[1],[0],[0],[1.2717713809349789],562.3297785991219,562.3329586155951,,,,,,,,,,,,,,,ED28,1,2024-02-02_14h00.22.905,rating,2023.2.3,85.10300836343751,2024-02-02 14h00.35.241320 +0800,
neg_105.jpg,0.0,63.0,63.0,7.0,520.6576019756358,,,,,,,,,,,,,,,,,,,,,,,520.6266194805517,,520.6266519820649,520.6266588244887,520.6576019756358,521.6455838283873,521.6572578587375,522.6314984138405,522.6550534578616,522.8785298710288,522.8785375687555,522.9158190851736,522.9158190851736,522.9158190851736,522.9158190851736,522.9158190851736,522.9158190851736,0.0018998417403963,524.7511381944382,[-387.0],[-364.0],[1],[0],[0],[1.8717815305305976],524.7516855883443,524.7547301818458,,,,,,,,,,,,,,,ED28,1,2024-02-02_14h00.22.905,rating,2023.2.3,85.10300836343751,2024-02-02 14h00.35.241320 +0800,
neg_106.jpg,0.0,156.0,156.0,8.0,1112.392733459937,,,,,,,,,,,,,,,,,,,,,,,1112.3623978590056,,1112.3624295052157,1112.3624363476397,1112.392733459937,1113.3807013427402,1113.392422984956,1114.3666304683438,1114.3901490194378,1114.6137140990138,1114.6137232222457,1114.6745298470803,1114.6745298470803,1114.6745298470803,1114.6745298470803,1114.6745298470803,1114.6745298470803,0.0013099677864829,1117.1450950227354,[-255.0],[-260.0],[1],[0],[0],[2.5292643339512324],1117.1457972264805,1117.1490074636588,,,,,,,,,,,,,,,ED28,1,2024-02-02_14h00.22.905,rating,2023.2.3,85.10300836343751,2024-02-02 14h00.35.241320 +0800,
neg_107.jpg,0.0,119.0,119.0,9.0,878.6908390493707,,,,,,,,,,,,,,,,,,,,,,,878.660226615375,,878.6602588317871,878.6602656742111,878.6908390493707,879.6788134894964,879.6904735498979,880.6647143901018,880.6882403538216,880.9117452770881,880.911752974815,880.9608197109703,880.9608197109703,880.9608197109703,880.9608197109703,880.9608197109703,880.9608197109703,0.0015092533803908,887.4068938560451,[-244.0],[-326.0],[1],[0],[0],[6.493592782839414],887.4075122400984,891.6407373966117,space,887.4296460556704,887.4296460556704,4.200887576410651,,,,,,,,,,,ED28,1,2024-02-02_14h00.22.905,rating,2023.2.3,85.10300836343751,2024-02-02 14h00.35.241320 +0800,
neg_108.jpg,0.0,32.0,32.0,10.0,298.7407570970902,,,,,,,,,,,,,,,,,,,,,,,298.7096810888804,,298.70971244998964,298.7097192924134,298.7407570970902,299.7287187076713,299.74040699307125,300.7146481183761,300.73817009068193,300.9616784351604,300.96168556268526,300.98720210153647,300.98720210153647,300.98720210153647,300.98720210153647,300.98720210153647,300.98720210153647,0.0019873677451869,305.2687544422297,[-240.0],[186.0],[1],[0],[0],[4.306522626042579],305.2691820937189,305.2723341702947,,,,,,,,,,,,,,,ED28,1,2024-02-02_14h00.22.905,rating,2023.2.3,85.10300836343751,2024-02-02 14h00.35.241320 +0800,
neg_109.jpg,0.0,346.0,346.0,11.0,2275.91545044959,,,,,,,,,,,,,,,,,,,,,,,2275.8862769203047,,2275.886307711212,2275.886314838737,2275.91545044959,2276.903464518754,2276.915100345571,2277.889337764563,2277.912861732576,2278.1363709323573,2278.136378630084,2278.2559924664915,2278.2559924664915,2278.2559924664915,2278.2559924664915,2278.2559924664915,2278.2559924664915,8.574412368034245e-05,2279.3161456398507,[-108.0],[189.0],[1],[0],[0],[1.1733827432362887],2279.317203649635,2279.32032693101,,,,,,,,,,,,,,,ED28,1,2024-02-02_14h00.22.905,rating,2023.2.3,85.10300836343751,2024-02-02 14h00.35.241320 +0800,
neg_11.jpg,0.0,344.0,344.0,12.0,2264.389152021266,,,,,,,,,,,,,,,,,,,,,,,2264.3599656624365,,2264.3599973086466,2264.3600041510704,2264.389152021266,2265.377123610382,2265.388787662197,2266.363017668564,2266.386534223951,2266.610056253277,2266.6100636659025,2266.729680068219,2266.729680068219,2266.729680068219,2266.729680068219,2266.729680068219,2266.729680068219,8.061230573730427e-05,2271.153615265904,[-175.0],[-327.0],[1],[0],[0],[4.537168473874317],2271.154882254716,2271.158048871442,,,,,,,,,,,,,,,ED28,1,2024-02-02_14h00.22.905,rating,2023.2.3,85.10300836343751,2024-02-02 14h00.35.241320 +0800,
neg_110.jpg,0.0,155.0,155.0,13.0,1107.135317199088,,,,,,,,,,,,,,,,,,,,,,,1107.1048313499332,,1107.1048595749314,1107.1048664173552,1107.135317199088,1108.1233030432534,1108.1349753629977,1109.1092464239068,1109.1327373202046,1109.3562633409445,1109.3562718939745,1109.4170594170423,1109.4170594170423,1109.4170594170423,1109.4170594170423,1109.4170594170423,1109.4170594170423,0.0014271442944391,1112.3582194188557,[-267.0],[198.0],[1],[0],[0],[2.999878546977243],1112.358961251639,1112.362160369879,,,,,,,,,,,,,,,ED28,1,2024-02-02_14h00.22.905,rating,2023.2.3,85.10300836343751,2024-02-02 14h00.35.241320 +0800,
neg_111.jpg,0.0,112.0,112.0,14.0,834.8319440837124,,,,,,,,,,,,,,,,,,,,,,,834.8131416732406,,834.8131704684408,834.8131767406626,834.8319440837124,835.8317869930654,835.8434299474075,836.8176927403879,836.8411947556242,837.0647498566655,837.0647669627249,837.1137812402976,837.1137812402976,837.1137812402976,837.1137812402976,837.1137812402976,837.1137812402976,0.0016307064031479,839.2314532538433,[-402.0],[333.0],[1],[0],[0],[2.165259075548647],839.2320801909264,839.2350620622096,,,,,,,,,,,,,,,ED28,1,2024-02-02_14h00.22.905,rating,2023.2.3,85.10300836343751,2024-02-02 14h00.35.241320 +0800,
neg_112.jpg,0.0,79.0,79.0,15.0,617.5139390151869,,,,,,,,,,,,,,,,,,,,,,,617.4830480375215,,617.4830793986307,617.4830859559536,617.5139390151869,618.5019106043028,618.5135926174808,619.487828896069,619.5113525789807,619.7348828762356,619.7348908590634,619.7721558396238,619.7721558396238,619.7721558396238,619.7721558396238,619.7721558396238,619.7721558396238,0.0018260005833781,623.4070489509852,[-172.0],[-355.0],[1],[0],[0],[3.671085256885817],623.4077041130665,623.4108852699435,,,,,,,,,,,,,,,ED28,1,2024-02-02_14h00.22.905,rating,2023.2.3,85.10300836343751,2024-02-02 14h00.35.241320 +0800,
neg_113.jpg,0.0,141.0,141.0,16.0,1027.4273230527815,,,,,,,,,,,,,,,,,,,,,,,1027.3971185983066,,1027.3971508147188,1027.3971576571423,1027.4273230527815,1028.4153291391176,1028.4269795060852,1029.4012126485625,1029.4247177999098,1029.6482617820122,1029.648269194638,1029.709067551544,1029.709067551544,1029.709067551544,1029.709067551544,1029.709067551544,1029.709067551544,0.0011329200699492,1033.4146163866358,[-151.0],[-344.0],[1],[0],[0],[3.764460678728483],1033.415303480028,1033.4183708816092,,,,,,,,,,,,,,,ED28,1,2024-02-02_14h00.22.905,rating,2023.2.3,85.10300836343751,2024-02-02 14h00.35.241320 +0800,
neg_114.jpg,0.0,106.0,106.0,17.0,804.4519666123929,,,,,,,,,,,,,,,,,,,,,,,804.4211839731047,,804.421212483204,804.4212190405267,804.4519666123929,805.4399139679244,805.4515965513044,806.4258368213063,806.4493599340162,806.6728677082926,806.6728754060193,806.7219213298022,806.7219213298022,806.7219213298022,806.7219213298022,806.7219213298022,806.7219213298022,0.0016771778650763,809.9686502948371,[-241.0],[358.0],[1],[0],[0],[3.2944286419301534],809.9692971889897,809.9723623097627,,,,,,,,,,,,,,,ED28,1,2024-02-02_14h00.22.905,rating,2023.2.3,85.10300836343751,2024-02-02 14h00.35.241320 +0800,
neg_115.jpg,0.0,236.0,236.0,18.0,1620.5503247442855,,,,,,,,,,,,,,,,,,,,,,,1620.5203133031828,,1620.5203446642922,1620.520351506716,1620.5503247442855,1621.538319711683,1621.5499789167816,1622.5242169059757,1622.5477499972203,1622.771249503568,1622.7712580565976,1622.8555880792433,1622.8555880792433,1622.8555880792433,1622.8555880792433,1622.8555880792433,1622.8555880792433,0.0009273622545151,1626.2323131184376,[-248.0],[340.0],[1],[0],[0],[3.457400352213881],1626.2331741234357,1626.2363199277895,,,,,,,,,,,,,,,ED28,1,2024-02-02_14h00.22.905,rating,2023.2.3,85.10300836343751,2024-02-02 14h00.35.241320 +0800,
neg_116.jpg,0.0,134.0,134.0,19.0,974.7473663083042,,,,,,,,,,,,,,,,,,,,,,,974.7168251495568,,974.7168562255648,974.7168630679888,974.7473663083042,975.7353270635824,975.7470090767602,976.7212570444892,976.744781012502,976.9682913526872,976.968299620616,977.0291182196924,977.0291182196924,977.0291182196924,977.0291182196924,977.0291182196924,977.0291182196924,0.0014585054036615,983.67497488973,[-212.0],[77.0],[1],[0],[0],[6.704372508395409],983.6756671149404,983.6788847647448,,,,,,,,,,,,,,,ED28,1,2024-02-02_14h00.22.905,rating,2023.2.3,85.10300836343751,2024-02-02 14h00.35.241320 +0800,
neg_117.jpg,0.0,77.0,77.0,20.0,605.0584576777555,,,,,,,,,,,,,,,,,,,,,,,605.027640826348,,605.0276721874573,605.0276793149822,605.0584576777555,606.0464315476793,606.0581568962082,607.0323427119206,607.0558749478621,607.2794132279448,607.2794220660755,607.3166722213844,607.3166722213844,607.3166722213844,607.3166722213844,607.3166722213844,607.3166722213844,0.0017638485669522,612.1863950376462,[-380.0],[180.0],[1],[0],[0],[4.905997641074464],612.1869544057938,612.190017245759,,,,,,,,,,,,,,,ED28,1,2024-02-02_14h00.22.905,rating,2023.2.3,85.10300836343751,2024-02-02 14h00.35.241320 +0800,
neg_118.jpg,0.0,82.0,82.0,21.0,637.8260367911428,,,,,,,,,,,,,,,,,,,,,,,637.8070242612391,,637.8070556223483,637.8070624647721,637.8260367911428,638.8258577477193,638.837542326806,639.8117803160003,639.835304569114,640.0588120582895,640.0588200411173,640.0961064042522,640.0961064042522,640.0961064042522,640.0961064042522,640.0961064042522,640.0961064042522,0.0017778185156203,646.0597306536881,[-237.0],[371.0],[1],[0],[0],[5.9998640068263285],646.0603108342084,646.0633269176105,,,,,,,,,,,,,,,ED28,1,2024-02-02_14h00.22.905,rating,2023.2.3,85.10300836343751,2024-02-02 14h00.35.241320 +0800,
neg_119.jpg,0.0,144.0,144.0,22.0,1044.375712645569,,,,,,,,,,,,,,,,,,,,,,,1044.3453034885813,,1044.3453325688824,1044.3453388411044,1044.375712645569,1045.3636830942808,1045.375360545843,1046.3496068029658,1046.3731416048165,1046.596641966467,1046.5966505194967,1046.6574825183195,1046.6574825183195,1046.6574825183195,1046.6574825183195,1046.6574825183195,1046.6574825183195,0.0013324907647529,1049.4810283820889,[-240.0],[197.0],[1],[0],[0],[2.8825078851807575],1049.4817149052794,1049.4848339101402,,,,,,,,,,,,,,,ED28,1,2024-02-02_14h00.22.905,rating,2023.2.3,85.10300836343751,2024-02-02 14h00.35.241320 +0800,
neg_12.jpg,0.0,325.0,325.0,23.0,2130.4604269843526,,,,,,,,,,,,,,,,,,,,,,,2130.431120883106,,2130.4311542399223,2130.4311613674467,2130.4604269843526,2131.4483749100864,2131.460098548009,2132.4342997591752,2132.457819735774,2132.6813563052506,2132.6813651433813,2132.789228257272,2132.789228257272,2132.789228257272,2132.789228257272,2132.789228257272,2132.789228257272,0.000225158509238,2142.6350955330663,[-115.0],[-96.0],[1],[0],[0],[9.947894942564744],2142.6361811976467,2142.639341542151,,,,,,,,,,,,,,,ED28,1,2024-02-02_14h00.22.905,rating,2023.2.3,85.10300836343751,2024-02-02 14h00.35.241320 +0800,
neg_120.jpg,0.0,103.0,103.0,24.0,789.0678440577396,,,,,,,,,,,,,,,,,,,,,,,789.0370936348636,,789.0371255661748,789.0371326936997,789.0678440577396,790.0558604077114,790.0674965196297,791.0417393555406,791.0652576215334,791.2887699574258,791.2887773700515,791.3378215832286,791.3378215832286,791.3378215832286,791.3378215832286,791.3378215832286,791.3378215832286,0.0016652036233608,793.3613401343225,[-306.0],[382.0],[1],[0],[0],[2.071272112076713],793.3619687820114,793.3650353282894,,,,,,,,,,,,,,,ED28,1,2024-02-02_14h00.22.905,rating,2023.2.3,85.10300836343751,2024-02-02 14h00.35.241320 +0800,
neg_121.jpg,0.0,89.0,89.0,25.0,692.434896190452,,,,,,,,,,,,,,,,,,,,,,,692.4158771032255,,692.4159104600417,692.4159181577686,692.434896190452,693.4347128705137,693.4464139854581,694.4206964504071,694.4441596919085,694.6677065250208,694.6677142227477,694.7049732161872,694.7049732161872,694.7049732161872,694.7049732161872,694.7049732161872,694.7049732161872,0.0018177326546719,699.3394289826256,[-249.0],[362.0],[1],[0],[0],[4.670614840247936],699.340000610116,702.5620657733691,space,699.3625295756642,699.3625295756642,3.182574969444204,,,,,,,,,,,ED28,1,2024-02-02_14h00.22.905,rating,2023.2.3,85.10300836343751,2024-02-02 14h00.35.241320 +0800,
neg_122.jpg,0.0,368.0,368.0,26.0,2415.2897680960014,,,,,,,,,,,,,,,,,,,,,,,2415.260833766449,,2415.260865127558,2415.260872255083,2415.2897680960014,2416.2777291363805,2416.2894214131943,2417.263661968297,2417.287185081007,2417.5109004088063,2417.510909246937,2417.630266777552,2417.630266777552,2417.630266777552,2417.630266777552,2417.630266777552,2417.630266777552,5.7234024552599294e-05,2419.631445385056,[-227.0],[198.0],[1],[0],[0],[2.113511534758345],2419.632587784734,2419.635657182022,,,,,,,2417.630266777552,,,,,,,,ED28,1,2024-02-02_14h00.22.905,rating,2023.2.3,85.10300836343751,2024-02-02 14h00.35.241320 +0800,
neg_123.jpg,0.0,358.0,358.0,27.0,2353.0124024633865,,,,,,,,,,,,,,,,,,,,,,,2352.9833044858647,,2352.9833358469737,2352.9833429744986,2353.0124024633865,2354.0003432615954,2354.012003321997,2354.986276663714,2355.009773262032,2355.233497998164,2355.233506836294,2355.352932220945,2355.352932220945,2355.352932220945,2355.352932220945,2355.352932220945,2355.352932220945,0.0001843890668169,2360.1768700985795,[-256.0],[333.0],[1],[0],[0],[4.9366343086544475],2360.1780370169427,2360.181157447308,,,,,,,2355.352932220945,,,,,,,,ED28,1,2024-02-02_14h00.22.905,rating,2023.2.3,85.10300836343751,2024-02-02 14h00.35.241320 +0800,
neg_124.jpg,0.0,226.0,226.0,28.0,1564.54185410869,,,,,,,,,,,,,,,,,,,,,,,1564.51177452845,,1564.5118061746605,1564.5118133021851,1564.54185410869,1565.529845654875,1565.5414948814391,1566.5157334408354,1566.5392574088482,1566.7627703149424,1566.762778012669,1566.847135975212,1566.847135975212,1566.847135975212,1566.847135975212,1566.847135975212,1566.847135975212,0.0009858079574769,1568.7416822498117,[-414.0],[354.0],[1],[0],[0],[1.9754528045241386],1568.7425557992533,1568.7456782253262,,,,,,,,,,,,,,,ED28,1,2024-02-02_14h00.22.905,rating,2023.2.3,85.10300836343751,2024-02-02 14h00.35.241320 +0800,
neg_125.jpg,0.0,332.0,332.0,29.0,2188.597744737107,,,,,,,,,,,,,,,,,,,,,,,2188.568407844953,,2188.568437210355,2188.568443767678,2188.597744737107,2189.585695228749,2189.597379807836,2190.5716192225354,2190.595146896861,2190.818651820128,2190.818659802955,2190.9382782009784,2190.9382782009784,2190.9382782009784,2190.9382782009784,2190.9382782009784,2190.9382782009784,0.0002365625487072,2194.0095671340137,[-238.0],[-195.0],[1],[0],[0],[3.184890844808251],2194.010662492028,2194.0138675973885,,,,,,,,,,,,,,,ED28,1,2024-02-02_14h00.22.905,rating,2023.2.3,85.10300836343751,2024-02-02 14h00.35.241320 +0800,
neg_126.jpg,0.0,298.0,298.0,30.0,1970.0329106330985,,,,,,,,,,,,,,,,,,,,,,,1970.003418075802,,1970.003450577315,1970.00345770484,1970.0329106330985,1971.0208939113545,1971.032567656604,1972.006806216,1972.0303298989115,1972.2538390986929,1972.2538470815207,1972.361700216876,1972.361700216876,1972.361700216876,1972.361700216876,1972.361700216876,1972.361700216876,0.0004104741542505,1973.021778864836,[-410.0],[344.0],[1],[0],[0],[0.7627985399408317],1973.022798956188,1973.0258837489296,,,,,,,,,,,,,,,ED28,1,2024-02-02_14h00.22.905,rating,2023.2.3,85.10300836343751,2024-02-02 14h00.35.241320 +0800,
neg_127.jpg,0.0,250.0,250.0,31.0,1706.4213695738508,,,,,,,,,,,,,,,,,,,,,,,1706.3919725253877,,1706.3920073077088,1706.3920150054355,1706.4213695738508,1707.409368532662,1707.4210260271548,1708.4091159331824,1708.4208372902976,1708.6443450645738,1708.6443527623003,1708.7383961757691,1708.7383961757691,1708.7383961757691,1708.7383961757691,1708.7383961757691,1708.7383961757691,0.0023594245408276,1714.502662700722,[-231.0],[-212.0],[1],[0],[0],[5.854337341188057],1714.503554781728,1714.5068277411249,,,,,,,,,,,,,,,ED28,1,2024-02-02_14h00.22.905,rating,2023.2.3,85.10300836343751,2024-02-02 14h00.35.241320 +0800,
neg_128.jpg,0.0,27.0,27.0,32.0,259.045534619956,,,,,,,,,,,,,,,,,,,,,,,259.01438534079125,,259.01441698700137,259.01442382942514,259.045534619956,260.0335030729609,260.0451862265429,261.0194276369489,261.0429601579915,261.26646422595513,261.2664719236818,261.29202752136894,261.29202752136894,261.29202752136894,261.29202752136894,261.29202752136894,261.29202752136894,0.0020689066291197,266.4440020310594,[-362.0],[-202.0],[1],[0],[0],[5.177000959934958],266.44447301789955,266.4475569553381,,,,,,,,,,,,,,,ED28,1,2024-02-02_14h00.22.905,rating,2023.2.3,85.10300836343751,2024-02-02 14h00.35.241320 +0800,
neg_129.jpg,0.0,261.0,261.0,33.0,1775.2852233010758,,,,,,,,,,,,,,,,,,,,,,,1775.2553655294082,,1775.2553974607197,1775.2554043031432,1775.2852233010758,1776.273222259887,1776.2848783288746,1777.259116318069,1777.282640286082,1777.5061517666709,1777.5061597494987,1777.6022493327923,1777.6022493327923,1777.6022493327923,1777.6022493327923,1777.6022493327923,1777.6022493327923,0.0007765438290334,1784.4603976189503,[-242.0],[326.0],[1],[0],[0],[6.949986158346746],1784.4613421585395,1784.4645241707194,,,,,,,,,,,,,,,ED28,1,2024-02-02_14h00.22.905,rating,2023.2.3,85.10300836343751,2024-02-02 14h00.35.241320 +0800,
neg_13.jpg,0.0,296.0,296.0,34.0,1962.6702365112303,,,,,,,,,,,,,,,,,,,,,,,1962.6404106708735,,1962.6404403213771,1962.6404465935989,1962.6702365112303,1963.65814309732,1963.6698499142844,1964.6440773547413,1964.6675976164413,1964.891107386425,1964.8911156543536,1964.998982474557,1964.998982474557,1964.998982474557,1964.998982474557,1964.998982474557,1964.998982474557,0.0006893029249113,1966.505740936141,[-129.0],[-322.0],[1],[0],[0],[1.6095841260330417],1966.5067279557773,1966.5097434689776,,,,,,,,,,,,,,,ED28,1,2024-02-02_14h00.22.905,rating,2023.2.3,85.10300836343751,2024-02-02 14h00.35.241320 +0800,
neg_130.jpg,0.0,115.0,115.0,35.0,849.6162931225942,,,,,,,,,,,,,,,,,,,,,,,849.5857308663733,,849.5857625125836,849.5857696401083,849.6162931225942,850.6042490311554,850.6159301890305,851.5901747355474,851.6136984184593,851.8372067629375,851.8372144606644,851.886270933184,851.886270933184,851.886270933184,851.886270933184,851.886270933184,851.886270933184,0.0014662031305761,855.3682877604147,[-276.0],[199.0],[1],[0],[0],[3.52962641221211],855.3689335141632,855.3719558697876,,,,,,,,,,,,,,,ED28,1,2024-02-02_14h00.22.905,rating,2023.2.3,85.10300836343751,2024-02-02 14h00.35.241320 +0800,
neg_131.jpg,0.0,247.0,247.0,36.0,1694.0482325306502,,,,,,,,,,,,,,,,,,,,,,,1694.0182880882808,,1694.0183205897945,1694.0183277173187,1694.0482325306502,1695.0361941412316,1695.0478790054194,1696.022097892847,1696.0456230012635,1696.2691552942256,1696.2691641323563,1696.3535175332831,1696.3535175332831,1696.3535175332831,1696.3535175332831,1696.3535175332831,1696.3535175332831,0.0008592231170041,1699.2362058873923,[-259.0],[337.0],[1],[0],[0],[2.963249341630217],1699.2371036704185,1699.240232653814,,,,,,,,,,,,,,,ED28,1,2024-02-02_14h00.22.905,rating,2023.2.3,85.10300836343751,2024-02-02 14h00.35.241320 +0800,
neg_132.jpg,0.0,350.0,350.0,37.0,2302.5906696708707,,,,,,,,,,,,,,,,,,,,,,,2302.5613424721505,,2302.561373548159,2302.561380675684,2302.5906696708707,2303.578599920342,2303.5902833590258,2304.564526480038,2304.588049592748,2304.8115764687905,2304.811584736719,2304.9312099771664,2304.9312099771664,2304.9312099771664,2304.9312099771664,2304.9312099771664,2304.9312099771664,0.0002262989128212,2308.2259770339747,[-258.0],[369.0],[1],[0],[0],[3.408011166835877],2308.2271080296127,2308.230206792303,,,,,,,,,,,,,,,ED28,1,2024-02-02_14h00.22.905,rating,2023.2.3,85.10300836343751,2024-02-02 14h00.35.241320 +0800,
neg_133.jpg,0.0,102.0,102.0,38.0,781.7286391644943,,,,,,,,,,,,,,,,,,,,,,,781.697979688835,,781.6980121903482,781.698019032772,781.7286391644943,782.7166073323983,782.7282896306772,783.7025301857802,783.7260672684388,783.9495616429685,783.9495690555943,783.9986132687711,783.9986132687711,783.9986132687711,783.9986132687711,783.9986132687711,783.9986132687711,0.0015708351947978,789.0331914575759,[-229.0],[336.0],[1],[0],[0],[5.082332034888395],789.0337990077915,789.036850443717,,,,,,,,,,,,,,,ED28,1,2024-02-02_14h00.22.905,rating,2023.2.3,85.10300836343751,2024-02-02 14h00.35.241320 +0800,
neg_134.jpg,0.0,222.0,222.0,39.0,1537.6549456896864,,,,,,,,,,,,,,,,,,,,,,,1537.6249356740886,,1537.6249673202988,1537.6249744478237,1537.6549456896864,1538.642920414913,1538.654643197533,1539.6288404172851,1539.652363529995,1539.8758752956855,1539.875883563614,1539.9602087395428,1539.9602087395428,1539.9602087395428,1539.9602087395428,1539.9602087395428,1539.9602087395428,0.0009304983655056,1542.3488746636162,[-278.0],[362.0],[1],[0],[0],[2.469688205001148],1542.349707728717,1542.3528569542832,,,,,,,,,,,,,,,ED28,1,2024-02-02_14h00.22.905,rating,2023.2.3,85.10300836343751,2024-02-02 14h00.35.241320 +0800,
neg_135.jpg,0.0,20.0,20.0,40.0,223.09053781166176,,,,,,,,,,,,,,,,,,,,,,,223.05953051279107,,223.0595624441023,223.0595695716272,223.09053781166176,224.0784703419415,224.0901489339076,225.0643797955768,225.0879046188927,225.311412108068,225.3114195206938,225.32511947869853,225.32511947869853,225.32511947869853,225.32511947869853,225.32511947869853,225.32511947869853,0.0018707614390223,230.61822439671917,[-392.0],[356.0],[1],[0],[0],[5.306329327569529],230.61867172017676,230.62176934246304,,,,,,,,,,,,,,,ED28,1,2024-02-02_14h00.22.905,rating,2023.2.3,85.10300836343751,2024-02-02 14h00.35.241320 +0800,
neg_136.jpg,0.0,300.0,300.0,41.0,1984.076217188796,,,,,,,,,,,,,,,,,,,,,,,1984.065205448052,1984.076217188796,1985.0643569874971,1985.0643652554263,1985.0876876570371,1986.087416811094,1986.0991068071,1987.073344226092,1987.0968670537009,1987.320377678987,1987.320385376714,1987.4282356610595,1987.4282356610595,1987.4282356610595,1987.4282356610595,1987.4282356610595,1987.4282356610595,0.0053450021368917,1989.9700450088933,[-158.0],[-322.0],[1],[0],[0],[2.644584834508805],1989.97107479368,1989.9741735563696,,,,,,1985.0876876570371,,,,,,,,,ED28,1,2024-02-02_14h00.22.905,rating,2023.2.3,85.10300836343751,2024-02-02 14h00.35.241320 +0800,
neg_137.jpg,0.0,122.0,122.0,42.0,907.259620376624,,,,,,,,,,,,,,,,,,,,,,,907.2290062320226,,907.2290373080308,907.2290441504548,907.259620376624,908.247590825336,908.259264855686,909.233510257506,909.2570322298118,909.4805425699972,909.480550552825,909.5295941958,909.5295941958,909.5295941958,909.5295941958,909.5295941958,909.5295941958,0.0015277849447556,912.6352109989682,[-149.0],[-363.0],[1],[0],[0],[3.1531191901763123],912.6358809863012,912.6391376949414,,,,,,,,,,,,,,,ED28,1,2024-02-02_14h00.22.905,rating,2023.2.3,85.10300836343751,2024-02-02 14h00.35.241320 +0800,
neg_138.jpg,0.0,162.0,162.0,43.0,1151.1117524616332,,,,,,,,,,,,,,,,,,,,,,,1151.081248651116,,1151.0812771612152,1151.081283433437,1151.1117524616332,1152.0997117914064,1152.1113929492813,1153.0856343596874,1153.109157472397,1153.3326706635926,1153.3326783613193,1153.3934941093858,1153.3934941093858,1153.3934941093858,1153.3934941093858,1153.3934941093858,1153.3934941093858,0.0014157402547425,1156.3345605980735,[-266.0],[367.0],[1],[0],[0],[2.999616254063767],1156.33531782631,1156.338426852636,,,,,,,,,,,,,,,ED28,1,2024-02-02_14h00.22.905,rating,2023.2.3,85.10300836343751,2024-02-02 14h00.35.241320 +0800,
neg_139.jpg,0.0,264.0,264.0,44.0,1796.6324708933266,,,,,,,,,,,,,,,,,,,,,,,1796.6027588082666,,1796.6027907395778,1796.6027978671025,1796.6324708933266,1797.6203997172938,1797.6320783092597,1798.6063234259786,1798.6298476790926,1798.853356878874,1798.8533654319035,1798.9495627833726,1798.9495627833726,1798.9495627833726,1798.9495627833726,1798.9495627833726,1798.9495627833726,0.0005886622748221,1800.7383579722364,[-419.0],[340.0],[1],[0],[0],[1.880727429480885],1800.7392854057657,1800.7424346313314,,,,,,,,,,,,,,,ED28,1,2024-02-02_14h00.22.905,rating,2023.2.3,85.10300836343751,2024-02-02 14h00.35.241320 +0800,
neg_14.jpg,0.0,56.0,56.0,45.0,467.6012979507796,,,,,,,,,,,,,,,,,,,,,,,467.570215670348,,467.570247031457,467.570253873881,467.6012979507796,468.589242455301,468.600924468479,469.575167589491,469.59869298300873,469.8222016125883,469.8222090252141,469.8595207623373,469.8595207623373,469.8595207623373,469.8595207623373,469.8595207623373,469.8595207623373,0.0019753935034714,475.4702971807217,[-334.0],[-346.0],[1],[0],[0],[5.647298140656858],475.4708109327107,475.4738746279788,,,,,,,,,,,,,,,ED28,1,2024-02-02_14h00.22.905,rating,2023.2.3,85.10300836343751,2024-02-02 14h00.35.241320 +0800,
neg_140.jpg,0.0,10.0,10.0,46.0,136.12561806331462,,,,,,,,,,,,,,,,,,,,,,,136.0946700654506,,136.0947008563578,136.09470769878158,136.12561806331462,137.1136201582367,137.12526482318458,138.0995045229846,138.1230287760984,138.34653626527393,138.34654367789972,138.36023223186464,138.36023223186464,138.36023223186464,138.36023223186464,138.36023223186464,138.36023223186464,0.0018562212885626,147.39358534170344,[-139.0],[-336.0],[1],[0],[0],[9.04663282898025],147.3939736492556,147.39709607532825,,,,,,,,,,,,,,,ED28,1,2024-02-02_14h00.22.905,rating,2023.2.3,85.10300836343751,2024-02-02 14h00.35.241320 +0800,
neg_141.jpg,0.0,215.0,215.0,47.0,1495.5486372315097,,,,,,,,,,,,,,,,,,,,,,,1495.5185479578358,,1495.5185801742482,1495.5185873017726,1495.5486372315097,1496.5365974165857,1496.5482412262309,1497.522515993453,1497.546029127628,1497.76953861251,1497.769546880439,1497.8538729116708,1497.8538729116708,1497.8538729116708,1497.8538729116708,1497.8538729116708,1497.8538729116708,0.0009806761399886,1501.0186937869937,[-138.0],[-334.0],[1],[0],[0],[3.2459369544772017],1501.019572468253,1501.0228337385092,,,,,,,,,,,,,,,ED28,1,2024-02-02_14h00.22.905,rating,2023.2.3,85.10300836343751,2024-02-02 14h00.35.241320 +0800,
neg_142.jpg,0.0,152.0,152.0,48.0,1085.7175510166844,,,,,,,,,,,,,,,,,,,,,,,1085.6870309554104,,1085.6870640271256,1085.6870708695494,1085.7175510166844,1086.7055114868615,1086.7172086103922,1087.691443748576,1087.7149631549732,1087.9384757759665,1087.9384837587943,1087.999290383629,1087.999290383629,1087.999290383629,1087.999290383629,1087.999290383629,1087.999290383629,0.00143341651642,1091.352076062664,[-193.0],[-332.0],[1],[0],[0],[3.411591465102674],1091.3528156146392,1091.3560210051007,,,,,,,,,,,,,,,ED28,1,2024-02-02_14h00.22.905,rating,2023.2.3,85.10300836343751,2024-02-02 14h00.35.241320 +0800,
neg_143.jpg,0.0,185.0,185.0,49.0,1295.367098889275,,,,,,,,,,,,,,,,,,,,,,,1295.3368376997023,,1295.3368664949026,1295.3368727671243,1295.367098889275,1296.3550758953097,1296.366749355458,1297.3409936168737,1297.3645167295836,1297.588030490981,1297.5880384738089,1297.6606294630778,1297.6606294630778,1297.6606294630778,1297.6606294630778,1297.6606294630778,1297.6606294630778,0.0011870892585648,1303.1658124565756,[-222.0],[-199.0],[1],[0],[0],[5.575203512215921],1303.1665793782458,1303.1696926810869,,,,,,,,,,,,,,,ED28,1,2024-02-02_14h00.22.905,rating,2023.2.3,85.10300836343751,2024-02-02 14h00.35.241320 +0800,
neg_144.jpg,0.0,167.0,167.0,50.0,1172.8117971369588,,,,,,,,,,,,,,,,,,,,,,,1172.781393111789,,1172.781424757999,1172.781431885524,1172.8117971369588,1173.7997596028429,1173.8114715516251,1174.7856861625378,1174.8092098454497,1175.0327056454844,1175.032713913413,1175.0935618778915,1175.0935618778915,1175.0935618778915,1175.0935618778915,1175.0935618778915,1175.0935618778915,0.0013045508674167,1181.7983497784337,[-237.0],[-243.0],[1],[0],[0],[6.76339924773265],1181.7990904708129,1181.802192369614,,,,,,,,,,,,,,,ED28,1,2024-02-02_14h00.22.905,rating,2023.2.3,85.10300836343751,2024-02-02 14h00.35.241320 +0800,
neg_145.jpg,0.0,80.0,80.0,51.0,623.4417525842266,,,,,,,,,,,,,,,,,,,,,,,623.4111298865953,,623.4111618179065,623.4111689454314,623.4417525842266,624.4297370028871,624.4414090375303,625.4156481671284,625.4391875305948,625.6626799094176,625.6626876071446,625.6999696937644,625.6999696937644,625.6999696937644,625.6999696937644,625.6999696937644,625.6999696937644,0.0015411846916322,631.7342043358728,[-257.0],[-337.0],[1],[0],[0],[6.070479531316778],631.7347634189196,631.7378787174675,,,,,,,,,,,,,,,ED28,1,2024-02-02_14h00.22.905,rating,2023.2.3,85.10300836343751,2024-02-02 14h00.35.241320 +0800,
neg_146.jpg,0.0,68.0,68.0,52.0,553.8957320096283,,,,,,,,,,,,,,,,,,,,,,,553.8648284875192,,553.8648595635275,553.8648666910522,553.8957320096283,554.8837249813187,554.8953839013163,555.8696364306609,555.8931498499371,556.1166590497185,556.1166664623443,556.153950544671,556.153950544671,556.153950544671,556.153950544671,556.153950544671,556.153950544671,0.0018211538665582,558.8007164017745,[-362.0],[87.0],[1],[0],[0],[2.683154152111001],558.801245264116,558.8043756730165,,,,,,,,,,,,,,,ED28,1,2024-02-02_14h00.22.905,rating,2023.2.3,85.10300836343751,2024-02-02 14h00.35.241320 +0800,
neg_147.jpg,0.0,198.0,198.0,53.0,1376.8746570591434,,,,,,,,,,,,,,,,,,,,,,,1376.844244480944,,1376.844276127154,1376.8442832546789,1376.8746570591434,1377.862616674017,1377.874268751591,1378.8485058854822,1378.8720327045048,1379.0955416191855,1379.095550172215,1379.168117783203,1379.168117783203,1379.168117783203,1379.168117783203,1379.168117783203,1379.168117783203,0.001288300111355,1382.9091411646205,[-155.0],[-364.0],[1],[0],[0],[3.8107305741450546],1382.909941158006,1382.9130319378685,,,,,,,,,,,,,,,ED28,1,2024-02-02_14h00.22.905,rating,2023.2.3,85.10300836343751,2024-02-02 14h00.35.241320 +0800,
neg_148.jpg,0.0,376.0,376.0,54.0,2450.2568560373984,,,,,,,,,,,,,,,,,,,,,,,2450.2279185717352,,2450.2279502179454,2450.2279573454703,2450.2568560373984,2451.2448173628786,2451.2565005164606,2452.2307402162605,2452.254262758768,2452.477927908793,2452.4779358916207,2452.6092092182275,2452.6092092182275,2452.6092092182275,2452.6092092182275,2452.6092092182275,2452.6092092182275,-3.563764039427042e-07,2454.6103427797743,[-411.0],[404.0],[1],[0],[0],[2.1250609759745203],2454.6115179660665,2454.614577669921,,,,,,,2452.6092092182275,,,,,,,,ED28,1,2024-02-02_14h00.22.905,rating,2023.2.3,85.10300836343751,2024-02-02 14h00.35.241320 +0800,
neg_149.jpg,0.0,354.0,354.0,55.0,2331.853357163975,,,,,,,,,,,,,,,,,,,,,,,2331.8241140700475,,2331.824145431157,2331.8241534139847,2331.853357163975,2332.84132846799,2332.853045263489,2333.8272527468766,2333.8507764297888,2334.074311858861,2334.07432012679,2334.1938903427454,2334.1938903427454,2334.1938903427454,2334.1938903427454,2334.1938903427454,2334.1938903427454,0.0001875251782621,2334.9012484287373,[-395.0],[351.0],[1],[0],[0],[0.8206190169771617],2334.9024204789184,2334.905618741855,,,,,,,,,,,,,,,ED28,1,2024-02-02_14h00.22.905,rating,2023.2.3,85.10300836343751,2024-02-02 14h00.35.241320 +0800,
neg_15.jpg,0.0,379.0,379.0,56.0,2464.617719482861,,,,,,,,,,,,,,,,,,,,,,,2464.588775459875,,2464.588806820984,2464.588813948509,2464.617719482861,2465.605661991676,2465.6173428644497,2466.5915879811687,2466.615114800192,2466.838777099206,2466.8387853671343,2466.9700062351585,2466.9700062351585,2466.9700062351585,2466.9700062351585,2466.9700062351585,2466.9700062351585,-7.769002422719495e-06,2470.735447376201,[-129.0],[-304.0],[1],[0],[0],[3.8892824549707257],2470.736638243048,2470.739815978713,,,,,,,2466.9700062351585,,,,,,,,ED28,1,2024-02-02_14h00.22.905,rating,2023.2.3,85.10300836343751,2024-02-02 14h00.35.241320 +0800,
neg_150.jpg,0.0,318.0,318.0,57.0,2096.128476485868,,,,,,,,,,,,,,,,,,,,,,,2096.099047791194,,2096.0990811480106,2096.099088845737,2096.128476485868,2097.1164648959425,2097.1281018631635,2098.102344413973,2098.1258672415825,2098.3493784370708,2098.349386134797,2098.457237844648,2098.457237844648,2098.457237844648,2098.457237844648,2098.457237844648,2098.457237844648,0.0003181014326401,2099.3054882796405,[-409.0],[361.0],[1],[0],[0],[0.9504155204422204],2099.3066010288157,2099.3097790495817,,,,,,,,,,,,,,,ED28,1,2024-02-02_14h00.22.905,rating,2023.2.3,85.10300836343751,2024-02-02 14h00.35.241320 +0800,
neg_151.jpg,0.0,357.0,357.0,58.0,2349.2251627855394,,,,,,,,,,,,,,,,,,,,,,,2349.195922257521,,2349.195953333529,2349.1959601759527,2349.2251627855394,2350.213179135511,2350.224817813338,2351.1990734787937,2351.222580055646,2351.446118050628,2351.4461266036574,2351.565712500168,2351.565712500168,2351.565712500168,2351.565712500168,2351.565712500168,2351.565712500168,0.0002166054791814,2352.978746291192,[-405.0],[348.0],[1],[0],[0],[1.5258103354244668],2352.979873295417,2352.9830635755256,,,,,,,,,,,,,,,ED28,1,2024-02-02_14h00.22.905,rating,2023.2.3,85.10300836343751,2024-02-02 14h00.35.241320 +0800,
neg_152.jpg,0.0,21.0,21.0,59.0,230.64146269353728,,,,,,,,,,,,,,,,,,,,,,,230.62200683158997,,230.62203790759804,230.62204475002204,230.64146269353728,231.6411570652729,231.6528111385537,232.62705511486865,232.65058307429533,232.87408600185472,232.87409341448077,232.89963817832995,232.89963817832995,232.89963817832995,232.89963817832995,232.89963817832995,232.89963817832995,0.0020706172351765,233.4645880333419,[-388.0],[361.0],[1],[0],[0],[0.5900236320212571],233.4650182507401,233.4681557871652,,,,,,,,,,,,,,,ED28,1,2024-02-02_14h00.22.905,rating,2023.2.3,85.10300836343751,2024-02-02 14h00.35.241320 +0800,
neg_153.jpg,0.0,336.0,336.0,60.0,2216.53139489367,,,,,,,,,,,,,,,,,,,,,,,2216.5022521552924,,2216.5022849419065,2216.502292354532,2216.53139489367,2217.5193704742,2217.5310536277816,2218.505292472279,2218.5288155849885,2218.752326780477,2218.752334763305,2218.871975399205,2218.871975399205,2218.871975399205,2218.871975399205,2218.871975399205,2218.871975399205,6.350624607875943e-05,2221.096369267367,[-377.0],[363.0],[1],[0],[0],[2.3378874415579958],2221.0974335493734,2221.100705938568,,,,,,,,,,,,,,,ED28,1,2024-02-02_14h00.22.905,rating,2023.2.3,85.10300836343751,2024-02-02 14h00.35.241320 +0800,
neg_154.jpg,0.0,223.0,223.0,61.0,1542.3830890635545,,,,,,,,,,,,,,,,,,,,,,,1542.353096154016,,1542.353127800226,1542.353134927751,1542.3830890635545,1543.3710828905478,1543.3827691802403,1544.356996905799,1544.380504908156,1544.6040622900057,1544.604070557934,1544.6884042868924,1544.6884042868924,1544.6884042868924,1544.6884042868924,1544.6884042868924,1544.6884042868924,0.0009575829594723,1546.3241655307766,[-362.0],[375.0],[1],[0],[0],[1.7167595763285135],1546.325016842341,1546.3281458257366,,,,,,,,,,,,,,,ED28,1,2024-02-02_14h00.22.905,rating,2023.2.3,85.10300836343751,2024-02-02 14h00.35.241320 +0800,
neg_155.jpg,0.0,128.0,128.0,62.0,942.9676675517152,,,,,,,,,,,,,,,,,,,,,,,942.937085053324,,942.9371169846348,942.9371241121598,942.9676675517152,943.9556499746686,943.967322294413,944.941560283607,944.9650930897506,945.1885968726132,945.18860457034,945.237717777957,945.237717777957,945.237717777957,945.237717777957,945.237717777957,945.237717777957,0.0015015556534763,948.5314467820508,[-379.0],[326.0],[1],[0],[0],[3.3411632519646446],948.5321267479184,948.5352779691914,,,,,,,,,,,,,,,ED28,1,2024-02-02_14h00.22.905,rating,2023.2.3,85.10300836343751,2024-02-02 14h00.35.241320 +0800,
neg_156.jpg,0.0,40.0,40.0,63.0,351.5617812425785,,,,,,,,,,,,,,,,,,,,,,,351.5426027838971,,351.5426344301072,351.5426412725312,351.5617812425785,352.5616623554645,352.57327565930314,353.5475139335981,353.5710373314091,353.79454596098844,353.79455422891715,353.8200767548892,353.8200767548892,353.8200767548892,353.8200767548892,353.8200767548892,353.8200767548892,0.0019337687585903,355.46730875211574,[-402.0],[346.0],[1],[0],[0],[1.6721050631369963],355.46775978188634,355.47087736124195,,,,,,,,,,,,,,,ED28,1,2024-02-02_14h00.22.905,rating,2023.2.3,85.10300836343751,2024-02-02 14h00.35.241320 +0800,
neg_157.jpg,0.0,61.0,61.0,64.0,508.87254873730194,,,,,,,,,,,,,,,,,,,,,,,508.84152974929066,,508.8415619657028,508.8415693783286,508.87254873730194,509.86048383349066,509.872193216364,510.84643263106295,510.8699526076618,511.0934695051701,511.0934774879979,511.13077525517247,511.13077525517247,511.13077525517247,511.13077525517247,511.13077525517247,511.13077525517247,0.0019289220417704,513.3894835937208,[-394.0],[341.0],[1],[0],[0],[2.295181878752828],513.3900372598487,513.3931750813749,,,,,,,,,,,,,,,ED28,1,2024-02-02_14h00.22.905,rating,2023.2.3,85.10300836343751,2024-02-02 14h00.35.241320 +0800,
neg_158.jpg,0.0,139.0,139.0,65.0,1019.1471976425568,,,,,,,,,,,,,,,,,,,,,,,1019.11667387497,,1019.1167058062812,1019.116712933806,1019.1471976425568,1020.1351689465716,1020.1468503895478,1021.1210923701558,1021.1446189040772,1021.368123827344,1021.3681315250708,1021.428951549652,1021.428951549652,1021.428951549652,1021.428951549652,1021.428951549652,1021.428951549652,0.0014396887381735,1023.0762491201068,[-404.0],[381.0],[1],[0],[0],[1.7062747022191616],1023.0769347879946,1023.0801196511844,,,,,,,,,,,,,,,ED28,1,2024-02-02_14h00.22.905,rating,2023.2.3,85.10300836343751,2024-02-02 14h00.35.241320 +0800,
neg_159.jpg,0.0,218.0,218.0,66.0,1514.6258343124175,,,,,,,,,,,,,,,,,,,,,,,1514.5959078314108,,1514.595940618025,1514.5959474604488,1514.6258343124175,1515.6138093227455,1515.625493616731,1516.599735597339,1516.623255859039,1516.8467827350823,1516.846791288112,1516.9311059153038,1516.9311059153038,1516.9311059153038,1516.9311059153038,1516.9311059153038,1516.9311059153038,0.0008657804396534,1518.9903359316486,[-421.0],[373.0],[1],[0],[0],[2.140251156868544],1518.9912014982629,1518.9943709659992,,,,,,,,,,,,,,,ED28,1,2024-02-02_14h00.22.905,rating,2023.2.3,85.10300836343751,2024-02-02 14h00.35.241320 +0800,
neg_16.jpg,0.0,364.0,364.0,67.0,2393.201586929146,,,,,,,,,,,,,,,,,,,,,,,2393.1726528846943,,2393.172684245804,2393.172691088228,2393.201586929146,2394.18954939503,2394.2012385357325,2395.175477095129,2395.1990007780405,2395.4226867404373,2395.4226952934678,2395.542134362966,2395.542134362966,2395.542134362966,2395.542134362966,2395.542134362966,2395.542134362966,2.615801577121601e-05,2396.8375668454914,[-384.0],[-331.0],[1],[0],[0],[1.407876599167139],2396.8387106706746,2396.841878142704,,,,,,,2395.542134362966,,,,,,,,ED28,1,2024-02-02_14h00.22.905,rating,2023.2.3,85.10300836343751,2024-02-02 14h00.35.241320 +0800,
neg_160.jpg,0.0,17.0,17.0,68.0,199.01459945163677,,,,,,,,,,,,,,,,,,,,,,,198.9834279345944,,198.9834592957036,198.9834664232285,199.01459945163677,200.0025653387327,200.014231386255,200.9885030173664,201.0120438063377,201.2355273470298,201.2355350447565,201.24920905857084,201.24920905857084,201.24920905857084,201.24920905857084,201.24920905857084,201.24920905857084,0.0020894339006645,205.62489975136327,[-388.0],[372.0],[1],[0],[0],[4.388927076582831],205.6253179945197,205.6284375695825,,,,,,,,,,,,,,,ED28,1,2024-02-02_14h00.22.905,rating,2023.2.3,85.10300836343751,2024-02-02 14h00.35.241320 +0800,
neg_161.jpg,0.0,165.0,165.0,69.0,1166.119472711416,,,,,,,,,,,,,,,,,,,,,,,1166.0889252804466,,1166.088957496859,1166.0889646243836,1166.119472711416,1167.1074414495215,1167.1191354369414,1168.0933437756323,1168.1168896964216,1168.340400321708,1168.3404085896368,1168.4012619710345,1168.4012619710345,1168.4012619710345,1168.4012619710345,1168.4012619710345,1168.4012619710345,0.0014659180294529,1169.2840578082175,[-405.0],[372.0],[1],[0],[0],[0.9413954952331096],1169.2848101897375,1169.2878091670802,,,,,,,,,,,,,,,ED28,1,2024-02-02_14h00.22.905,rating,2023.2.3,85.10300836343751,2024-02-02 14h00.35.241320 +0800,
neg_162.jpg,0.0,94.0,94.0,70.0,726.2611975553159,,,,,,,,,,,,,,,,,,,,,,,726.2303482023954,,726.2303801337066,726.2303866910295,726.2611975553159,727.2491685742298,727.2608414641761,728.235081734178,728.2586068425949,728.4821163274771,728.4821251656081,728.5311859146425,728.5311859146425,728.5311859146425,728.5311859146425,728.5311859146425,728.5311859146425,0.001759857153047,729.7550506353618,[-377.0],[348.0],[1],[0],[0],[1.2717229137663253],729.7556222628523,729.7587472548337,,,,,,,,,,,,,,,ED28,1,2024-02-02_14h00.22.905,rating,2023.2.3,85.10300836343751,2024-02-02 14h00.35.241320 +0800,
neg_163.jpg,0.0,272.0,272.0,71.0,1842.090807517201,,,,,,,,,,,,,,,,,,,,,,,1842.0610580839104,,1842.0610900152212,1842.0610968576448,1842.090807517201,1843.0787993484876,1843.0904588386863,1844.0647002490928,1844.0882230767013,1844.311733416887,1844.3117413997147,1844.4078703269447,1844.4078703269447,1844.4078703269447,1844.4078703269447,1844.4078703269447,1844.4078703269447,0.0006662097448497,1845.25590294478,[-373.0],[338.0],[1],[0],[0],[0.9396617960965159],1845.2568976621435,1845.2600351985684,,,,,,,,,,,,,,,ED28,1,2024-02-02_14h00.22.905,rating,2023.2.3,85.10300836343751,2024-02-02 14h00.35.241320 +0800,
neg_164.jpg,0.0,373.0,373.0,72.0,2435.566674716018,,,,,,,,,,,,,,,,,,,,,,,2435.5376041081918,,2435.5376354693003,2435.537642311724,2435.566674716018,2436.5546685430118,2436.566327177908,2437.540569158516,2437.564091701024,2437.787755995745,2437.787764833876,2437.918986272102,2437.918986272102,2437.918986272102,2437.918986272102,2437.918986272102,2437.918986272102,0.0001427643219358,2440.743437046422,[-428.0],[347.0],[1],[0],[0],[2.948483391014179],2440.7446073859974,2440.7477115656066,,,,,,,2437.918986272102,,,,,,,,ED28,1,2024-02-02_14h00.22.905,rating,2023.2.3,85.10300836343751,2024-02-02 14h00.35.241320 +0800,
neg_165.jpg,0.0,55.0,55.0,73.0,463.3552811680245,,,,,,,,,,,,,,,,,,,,,,,463.3360471146496,,463.3360759098498,463.3360821820718,463.3552811680245,464.35513149000326,464.3667710231334,465.3410101527313,465.364543243976,465.58804246522254,465.5880504480504,465.62533453037736,465.62533453037736,465.62533453037736,465.62533453037736,465.62533453037736,465.62533453037736,0.0019885081492247,467.5664911109786,[-416.0],[-368.0],[1],[0],[0],[1.9776452311584762],467.5669814846863,467.5699679175853,,,,,,,,,,,,,,,ED28,1,2024-02-02_14h00.22.905,rating,2023.2.3,85.10300836343751,2024-02-02 14h00.35.241320 +0800,
neg_166.jpg,0.0,13.0,13.0,74.0,173.88009165426706,,,,,,,,,,,,,,,,,,,,,,,173.86086301781108,,173.86089181301134,173.8608983703342,173.88009165426706,174.8799203085705,174.891619142707,175.86585371068918,175.88935401531955,176.11288801888736,176.1129048398459,176.12655233926785,176.12655233926785,176.12655233926785,176.12655233926785,176.12655233926785,176.12655233926785,0.0020275669851343,180.1024111276057,[-368.0],[-233.0],[1],[0],[0],[3.98907692566479],180.10284220030678,180.10609577283606,,,,,,,,,,,,,,,ED28,1,2024-02-02_14h00.22.905,rating,2023.2.3,85.10300836343751,2024-02-02 14h00.35.241320 +0800,
neg_167.jpg,0.0,154.0,154.0,75.0,1100.0549050342847,,,,,,,,,,,,,,,,,,,,,,,1100.0244439889163,,1100.0244759202276,1100.0244827626514,1100.0549050342847,1101.0429111206208,1101.0545255648635,1102.028739320473,1102.052263858688,1102.2757978622558,1102.2758055599825,1102.3366138954232,1102.3366138954232,1102.3366138954232,1102.3366138954232,1102.3366138954232,1102.3366138954232,0.0013438948044495,1107.1007412910913,[-127.0],[-339.0],[1],[0],[0],[4.822892697394764],1107.1014728602386,1107.1046126774718,,,,,,,,,,,,,,,ED28,1,2024-02-02_14h00.22.905,rating,2023.2.3,85.10300836343751,2024-02-02 14h00.35.241320 +0800,
neg_168.jpg,0.0,177.0,177.0,76.0,1235.9125042159308,,,,,,,,,,,,,,,,,,,,,,,1235.8820118094532,,1235.8820403195527,1235.8820465917745,1235.9125042159308,1236.9004743795415,1236.9121409972663,1237.8863787013593,1237.909905520382,1238.1334110138505,1238.1334187115772,1238.2059985819078,1238.2059985819078,1238.2059985819078,1238.2059985819078,1238.2059985819078,1238.2059985819078,0.0013929321753494,1243.711190983738,[-242.0],[264.0],[1],[0],[0],[5.5753109952906925],1243.7119821389929,1243.7149831120428,,,,,,,,,,,,,,,ED28,1,2024-02-02_14h00.22.905,rating,2023.2.3,85.10300836343751,2024-02-02 14h00.35.241320 +0800,
neg_169.jpg,0.0,363.0,363.0,77.0,2390.120097652792,,,,,,,,,,,,,,,,,,,,,,,2390.090934102041,,2390.090965748252,2390.0909728757765,2390.120097652792,2391.108053276252,2391.119711055846,2392.093951610949,2392.1174755789616,2392.3411447204,2392.341152703228,2392.46061001919,2392.46061001919,2392.46061001919,2392.46061001919,2392.46061001919,2392.46061001919,0.0002137544693141,2393.1681365998684,[-416.0],[393.0],[1],[0],[0],[0.8199729781276801],2393.1693129265645,2393.1724168210726,,,,,,,2392.46061001919,,,,,,,,ED28,1,2024-02-02_14h00.22.905,rating,2023.2.3,85.10300836343751,2024-02-02 14h00.35.241320 +0800,
neg_17.jpg,0.0,252.0,252.0,78.0,1721.6525964575062,,,,,,,,,,,,,,,,,,,,,,,1721.6228179439145,,1721.6228538666396,1721.6228615643663,1721.6525964575062,1722.6405401067243,1722.6522292474274,1723.6264660962174,1723.6499914897354,1723.8735032554257,1723.8735109531526,1723.969603102355,1723.969603102355,1723.969603102355,1723.969603102355,1723.969603102355,1723.969603102355,0.0006719117645843,1726.2759543827003,[-277.0],[-353.0],[1],[0],[0],[2.3984542964576576],1726.276887233149,1726.2800324673012,,,,,,,,,,,,,,,ED28,1,2024-02-02_14h00.22.905,rating,2023.2.3,85.10300836343751,2024-02-02 14h00.35.241320 +0800,
neg_170.jpg,0.0,316.0,316.0,79.0,2085.154934143096,,,,,,,,,,,,,,,,,,,,,,,2085.125482070141,,2085.125513716351,2085.125520843876,2085.154934143096,2086.142947642058,2086.154581473168,2087.1288200325644,2087.1523431452742,2087.3758509195504,2087.3758589023782,2087.483722301369,2087.483722301369,2087.483722301369,2087.483722301369,2087.483722301369,2087.483722301369,0.0003591559757296,2090.978323201319,[-394.0],[212.0],[1],[0],[0],[3.5966419664673595],2090.979370092165,2090.9825503937386,,,,,,,,,,,,,,,ED28,1,2024-02-02_14h00.22.905,rating,2023.2.3,85.10300836343751,2024-02-02 14h00.35.241320 +0800,
neg_171.jpg,0.0,249.0,249.0,80.0,1702.2695453123838,,,,,,,,,,,,,,,,,,,,,,,1702.2396878258169,,1702.239716335916,1702.239722893239,1702.2695453123838,1703.2575231737214,1703.2691980593745,1704.2434391846796,1704.2669691398132,1704.4904737779789,1704.4904820459074,1704.5747493463346,1704.5747493463346,1704.5747493463346,1704.5747493463346,1704.5747493463346,1704.5747493463346,0.0007805352429386,1706.387621028935,[-379.0],[374.0],[1],[0],[0],[1.8931735133191978],1706.3885755470587,1706.3917301895435,,,,,,,,,,,,,,,ED28,1,2024-02-02_14h00.22.905,rating,2023.2.3,85.10300836343751,2024-02-02 14h00.35.241320 +0800,
neg_172.jpg,0.0,197.0,197.0,81.0,1373.2755863173193,,,,,,,,,,,,,,,,,,,,,,,1373.2454574146072,,1373.2454893459185,1373.2454961883425,1373.2755863173193,1374.263549353405,1374.2752345026938,1375.2494927340583,1375.272997315204,1375.496564390487,1375.4965869134653,1375.5691054870822,1375.5691054870822,1375.5691054870822,1375.5691054870822,1375.5691054870822,1375.5691054870822,0.0011121076972813,1376.8401740940703,[-429.0],[378.0],[1],[0],[0],[1.3407752295133832],1376.8409886276063,1376.8440089875237,,,,,,,,,,,,,,,ED28,1,2024-02-02_14h00.22.905,rating,2023.2.3,85.10300836343751,2024-02-02 14h00.35.241320 +0800,
neg_173.jpg,0.0,337.0,337.0,82.0,2221.13016856026,,,,,,,,,,,,,,,,,,,,,,,2221.100947134008,,2221.10097935042,2221.100986192844,2221.13016856026,2222.118130741043,2222.129813039322,2223.10602221678,2223.117863886514,2223.353132646944,2223.35314034467,2223.47081634963,2223.47081634963,2223.47081634963,2223.47081634963,2223.47081634963,2223.47081634963,0.0021752492993982,2224.4249119536858,[-447.0],[390.0],[1],[0],[0],[1.0656895495376375],2224.4259927715493,2224.4291417120144,,,,,,,,,,,,,,,ED28,1,2024-02-02_14h00.22.905,rating,2023.2.3,85.10300836343751,2024-02-02 14h00.35.241320 +0800,
neg_174.jpg,0.0,328.0,328.0,83.0,2155.4537102900645,,,,,,,,,,,,,,,,,,,,,,,2155.42432150953,,2155.424351445134,2155.424357717356,2155.4537102900645,2156.441655649889,2156.4533593307424,2157.427581924483,2157.451106177597,2157.674616802883,2157.674624785711,2157.7824368665238,2157.7824368665238,2157.7824368665238,2157.7824368665238,2157.7824368665238,2157.7824368665238,0.0002887360305976,2158.7366573448144,[-251.0],[231.0],[1],[0],[0],[1.0560283321960924],2158.73770993768,2158.7408300829443,,,,,,,,,,,,,,,ED28,1,2024-02-02_14h00.22.905,rating,2023.2.3,85.10300836343751,2024-02-02 14h00.35.241320 +0800,
neg_175.jpg,0.0,361.0,361.0,84.0,2379.722853324948,,,,,,,,,,,,,,,,,,,,,,,2379.693916999689,,2379.6939497863027,2379.693956913827,2379.722853324948,2380.7108354628003,2380.722511488857,2381.6967463419405,2381.720268599347,2381.9439340344725,2381.9439423024014,2382.063429268867,2382.063429268867,2382.063429268867,2382.063429268867,2382.063429268867,2382.063429268867,6.200946700118948e-06,2384.2997112782245,[-282.0],[369.0],[1],[0],[0],[2.3489924103264457],2384.30087021376,2384.3039972014485,,,,,,,2382.063429268867,,,,,,,,ED28,1,2024-02-02_14h00.22.905,rating,2023.2.3,85.10300836343751,2024-02-02 14h00.35.241320 +0800,
neg_176.jpg,0.0,294.0,294.0,85.0,1952.766960444233,,,,,,,,,,,,,,,,,,,,,,,1952.7372147172557,,1952.7372463634656,1952.7372534909905,1952.766960444233,1953.754930607844,1953.7666149018296,1954.740852320822,1954.764376573936,1954.9878903353328,1954.987898318161,1955.0957483174047,1955.0957483174047,1955.0957483174047,1955.0957483174047,1955.0957483174047,1955.0957483174047,0.0006664948455181,1957.0729573440449,[-273.0],[349.0],[1],[0],[0],[2.0800797370457076],1957.0739446487828,1957.077069925865,,,,,,,,,,,,,,,ED28,1,2024-02-02_14h00.22.905,rating,2023.2.3,85.10300836343751,2024-02-02 14h00.35.241320 +0800,
neg_177.jpg,0.0,75.0,75.0,86.0,594.7906685874871,,,,,,,,,,,,,,,,,,,,,,,594.7597627845701,,594.7597938605782,594.7598007030019,594.7906685874871,595.7786242109473,595.7902805650358,596.764522545644,596.7880453732528,597.0115545730341,597.011562270761,597.0488546210165,597.0488546210165,597.0488546210165,597.0488546210165,597.0488546210165,597.0488546210165,0.0017818099295254,599.7662801932643,[-387.0],[342.0],[1],[0],[0],[2.7537183584227023],599.7668449783309,599.769948872839,,,,,,,,,,,,,,,ED28,1,2024-02-02_14h00.22.905,rating,2023.2.3,85.10300836343751,2024-02-02 14h00.35.241320 +0800,
neg_178.jpg,0.0,204.0,204.0,87.0,1407.3605407111386,,,,,,,,,,,,,,,,,,,,,,,1407.3304297697896,,1407.3304585649898,1407.3304645521107,1407.3605407111386,1408.3485219936883,1408.360236223279,1409.3344342983337,1409.3579571259424,1409.581469746936,1409.5814780148644,1409.6540442003477,1409.6540442003477,1409.6540442003477,1409.6540442003477,1409.6540442003477,1409.6540442003477,0.0010339900254621,1412.0542957734633,[-257.0],[353.0],[1],[0],[0],[2.4698618315055683],1412.055139957503,1412.0582863320587,,,,,,,,,,,,,,,ED28,1,2024-02-02_14h00.22.905,rating,2023.2.3,85.10300836343751,2024-02-02 14h00.35.241320 +0800,
neg_179.jpg,0.0,145.0,145.0,88.0,1049.515505360041,,,,,,,,,,,,,,,,,,,,,,,1049.4850719694691,,1049.4851033305783,1049.485110173002,1049.515505360041,1050.5035008976404,1050.5151777790004,1051.489442567688,1051.5129260513595,1051.7364942670467,1051.7365019647734,1051.7972472928948,1051.7972472928948,1051.7972472928948,1051.7972472928948,1051.7972472928948,1051.7972472928948,0.001422012476496,1053.1504666105398,[-245.0],[-340.0],[1],[0],[0],[1.4120715751744228],1053.151150567821,1053.1542618749552,,,,,,,,,,,,,,,ED28,1,2024-02-02_14h00.22.905,rating,2023.2.3,85.10300836343751,2024-02-02 14h00.35.241320 +0800,
neg_18.jpg,0.0,111.0,111.0,89.0,828.9630189800284,,,,,,,,,,,,,,,,,,,,,,,828.9322691273542,,828.9322979225547,828.9323041947764,828.9630189800284,829.9509549315201,829.9626600378785,830.9368977419715,830.9604747387691,831.1839300544627,831.1839380372905,831.2329796845586,831.2329796845586,831.2329796845586,831.2329796845586,831.2329796845586,831.2329796845586,0.0016549399874747,834.8090667247511,[-406.0],[78.0],[1],[0],[0],[3.62372142896038],834.8096922363293,834.8128753889134,,,,,,,,,,,,,,,ED28,1,2024-02-02_14h00.22.905,rating,2023.2.3,85.10300836343751,2024-02-02 14h00.35.241320 +0800,
neg_180.jpg,0.0,324.0,324.0,90.0,2126.932004553633,,,,,,,,,,,,,,,,,,,,,,,2126.90266794658,,2126.902699307689,2126.902706435214,2126.932004553633,2127.9199673046182,2127.931591727396,2128.905833137801,2128.929355680309,2129.152864880091,2129.1528728629187,2129.260727423779,2129.260727423779,2129.260727423779,2129.260727423779,2129.260727423779,2129.260727423779,0.0001875251778074,2130.4266542058526,[-437.0],[359.0],[1],[0],[0],[1.267925938744611],2130.4277087944247,2130.430879972767,,,,,,,,,,,,,,,ED28,1,2024-02-02_14h00.22.905,rating,2023.2.3,85.10300836343751,2024-02-02 14h00.35.241320 +0800,
neg_181.jpg,0.0,108.0,108.0,91.0,813.5789001316882,,,,,,,,,,,,,,,,,,,,,,,813.5481759381034,,813.5482070141115,813.5482138565353,813.5789001316882,814.5668697250969,814.5785759718594,815.5527954294889,815.5763199677037,815.7998271717781,815.7998345844039,815.8488830740957,815.8488830740957,815.8488830740957,815.8488830740957,815.8488830740957,815.8488830740957,0.0016421104430719,818.342911206151,[-442.0],[402.0],[1],[0],[0],[2.541681052387503],818.3435529684857,818.346571047595,,,,,,,,,,,,,,,ED28,1,2024-02-02_14h00.22.905,rating,2023.2.3,85.10300836343751,2024-02-02 14h00.35.241320 +0800,
neg_182.jpg,0.0,16.0,16.0,92.0,192.67512371244837,,,,,,,,,,,,,,,,,,,,,,,192.64409759691216,,192.6441298133243,192.6441369408492,192.67512371244837,193.66310185888688,193.6747793104489,194.6490218612589,194.67254411866588,194.89605075253823,194.89605788006315,194.90974500852303,194.90974500852303,194.90974500852303,194.90974500852303,194.90974500852303,194.90974500852303,0.0019414664852774,198.9796232618462,[-379.0],[-348.0],[1],[0],[0],[4.0831354494857806],198.98004749212328,198.9831890199625,,,,,,,,,,,,,,,ED28,1,2024-02-02_14h00.22.905,rating,2023.2.3,85.10300836343751,2024-02-02 14h00.35.241320 +0800,
neg_183.jpg,0.0,8.0,8.0,93.0,111.37935081933745,,,,,,,,,,,,,,,,,,,,,,,111.34815221770076,,111.34818471921392,111.3481918467388,111.37935081933745,112.36728591552628,112.37897249032004,113.35320962421122,113.37676438313122,113.60024336220738,113.6002513450352,113.6139316310713,113.6139316310713,113.6139316310713,113.6139316310713,113.6139316310713,113.6139316310713,0.0020814510728541,124.12922145476192,[-2.0],[-369.0],[1],[0],[0],[10.528590070103405],124.12966678251269,124.13279462550418,,,,,,,,,,,,,,,ED28,1,2024-02-02_14h00.22.905,rating,2023.2.3,85.10300836343751,2024-02-02 14h00.35.241320 +0800,
neg_184.jpg,0.0,166.0,166.0,94.0,1169.3067795020368,,,,,,,,,,,,,,,,,,,,,,,1169.2880272693396,,1169.288055779439,1169.288062336762,1169.3067795020368,1170.3065827823518,1170.3182938758312,1171.2925073463398,1171.3160293186456,1171.5395413694368,1171.5395496373658,1171.6003964614404,1171.6003964614404,1171.6003964614404,1171.6003964614404,1171.6003964614404,1171.6003964614404,0.0015078278754572,1172.7772802448676,[-355.0],[-351.0],[1],[0],[0],[1.2354714672353566],1172.77804773674,1172.78115220145,,,,,,,,,,,,,,,ED28,1,2024-02-02_14h00.22.905,rating,2023.2.3,85.10300836343751,2024-02-02 14h00.35.241320 +0800,
neg_185.jpg,0.0,381.0,381.0,95.0,2475.979393185345,,,,,,,,,,,,,,,,,,,,,,,2475.950458855793,,2475.950490502003,2475.950497629528,2475.979393185345,2476.9673525151184,2476.978996609864,2477.953242866987,2477.976764554192,2478.200431414822,2478.2004536527,2478.331662261381,2478.331662261381,2478.331662261381,2478.331662261381,2478.331662261381,2478.331662261381,-8.624304882687284e-06,2484.567089252861,[-222.0],[-186.0],[1],[0],[0],[6.35912889102292],2484.568244767185,2484.5714153753256,,,,,,,2478.331662261381,,,,,,,,ED28,1,2024-02-02_14h00.22.905,rating,2023.2.3,85.10300836343751,2024-02-02 14h00.35.241320 +0800,
neg_186.jpg,0.0,130.0,130.0,96.0,953.3295958493856,,,,,,,,,,,,,,,,,,,,,,,953.2988648133772,,953.2988956042844,953.298902446708,953.3295958493856,954.3176173311754,954.3292451751644,955.3034828792576,955.3270045664626,955.5505146215468,955.5505223192738,955.5995209162918,955.5995209162918,955.5995209162918,955.5995209162918,955.5995209162918,955.5995209162918,0.0016418253421761,957.1996559401218,[-421.0],[386.0],[1],[0],[0],[1.6474318530224537],957.2003122426072,957.2034426515075,,,,,,,,,,,,,,,ED28,1,2024-02-02_14h00.22.905,rating,2023.2.3,85.10300836343751,2024-02-02 14h00.35.241320 +0800,
neg_187.jpg,0.0,131.0,131.0,97.0,957.2344231508848,,,,,,,,,,,,,,,,,,,,,,,957.2036835618464,,957.2037154931576,957.2037223355816,957.2344231508848,958.2223933144958,958.2340753276736,959.2083164529786,959.2318532505362,959.455350476076,959.4553590291056,959.504418922837,959.504418922837,959.504418922837,959.504418922837,959.504418922837,959.504418922837,0.0016583611995883,960.2106756636938,[-410.0],[361.0],[1],[0],[0],[0.7536202836811299],960.2113656080962,960.2144632303824,,,,,,,,,,,,,,,ED28,1,2024-02-02_14h00.22.905,rating,2023.2.3,85.10300836343751,2024-02-02 14h00.35.241320 +0800,
neg_188.jpg,0.0,347.0,347.0,98.0,2279.3498203436093,,,,,,,,,,,,,,,,,,,,,,,2279.32056499034,,2279.320596636549,2279.320603478973,2279.3498203436093,2280.3377865158063,2280.349492477468,2281.323715356309,2281.3472339074037,2281.570766200365,2281.5707747533947,2281.690366066824,2281.690366066824,2281.690366066824,2281.690366066824,2281.690366066824,2281.690366066824,0.0001929420968735,2289.336941476464,[-138.0],[-322.0],[1],[0],[0],[7.759787873457299],2289.3380536554364,2289.3411966087806,,,,,,,,,,,,,,,ED28,1,2024-02-02_14h00.22.905,rating,2023.2.3,85.10300836343751,2024-02-02 14h00.35.241320 +0800,
neg_189.jpg,0.0,159.0,159.0,99.0,1131.4582003455994,,,,,,,,,,,,,,,,,,,,,,,1131.4277278961913,,1131.4277603977043,1131.4277672401283,1131.4582003455994,1132.4461630965843,1132.457853662792,1133.4320905115824,1133.4556139093932,1133.6791248197806,1133.6791336579113,1133.7399551079975,1133.7399551079975,1133.7399551079975,1133.7399551079975,1133.7399551079975,1133.7399551079975,0.0013872301553874,1135.975378393165,[-423.0],[354.0],[1],[0],[0],[2.294091652556517],1135.976085158526,1135.9792075845987,,,,,,,,,,,,,,,ED28,1,2024-02-02_14h00.22.905,rating,2023.2.3,85.10300836343751,2024-02-02 14h00.35.241320 +0800,
neg_19.jpg,0.0,262.0,262.0,100.0,1784.494515084551,,,,,,,,,,,,,,,,,,,,,,,1784.4647676469672,,1784.4647995782784,1784.4648064207022,1784.494515084551,1785.4824838226568,1785.4941723931574,1786.4684078164428,1786.4919751198067,1786.7154398438329,1786.715448396863,1786.8115396907624,1786.8115396907624,1786.8115396907624,1786.8115396907624,1786.8115396907624,1786.8115396907624,0.0006636438361056,1791.9877492103417,[3.0],[-252.0],[1],[0],[0],[5.26812379883404],1791.988677214073,1791.9918931532711,,,,,,,,,,,,,,,ED28,1,2024-02-02_14h00.22.905,rating,2023.2.3,85.10300836343751,2024-02-02 14h00.35.241320 +0800,
neg_190.jpg,0.0,219.0,219.0,101.0,1519.0247231027884,,,,,,,,,,,,,,,,,,,,,,,1518.99461244654,,1518.994644662952,1518.9946517904768,1519.0247231027884,1520.012665326502,1520.024310561652,1520.9985511167547,1521.0220770804744,1521.245587705761,1521.24559597369,1521.3299211496185,1521.3299211496185,1521.3299211496185,1521.3299211496185,1521.3299211496185,1521.3299211496185,0.0009667061913205,1522.236654636355,[-427.0],[387.0],[1],[0],[0],[0.9878065156412958],1522.2375324623115,1522.2406891005037,,,,,,,,,,,,,,,ED28,1,2024-02-02_14h00.22.905,rating,2023.2.3,85.10300836343751,2024-02-02 14h00.35.241320 +0800,
neg_191.jpg,0.0,19.0,19.0,102.0,212.78729783844983,,,,,,,,,,,,,,,,,,,,,,,212.7679334939212,,212.7679642848284,212.76797112725217,212.78729783844983,213.78715300714543,213.79880565492115,214.7730279635607,214.7965519315735,215.0200634121627,215.0200708247885,215.03375253632976,215.03375253632976,215.03375253632976,215.03375253632976,215.03375253632976,215.03375253632976,0.0021202248078679,223.0556879216108,[-395.0],[361.0],[1],[0],[0],[8.035134991043378],223.05614094708835,223.05928789184625,,,,,,,,,,,,,,,ED28,1,2024-02-02_14h00.22.905,rating,2023.2.3,85.10300836343751,2024-02-02 14h00.35.241320 +0800,
neg_192.jpg,0.0,313.0,313.0,103.0,2059.2207129292447,,,,,,,,,,,,,,,,,,,,,,,2059.1913398292645,,2059.1913691946665,2059.1913754668885,2059.2207129292447,2060.20869022038,2060.220370237851,2061.1946515623963,2061.21813276526,2061.441655364788,2061.441663917818,2061.5495059342347,2061.5495059342347,2061.5495059342347,2061.5495059342347,2061.5495059342347,2061.5495059342347,0.000309263301915,2071.1836267070066,[-325.0],[339.0],[1],[0],[0],[9.736478301390889],2071.184656776893,2071.1877894666018,,,,,,,,,,,,,,,ED28,1,2024-02-02_14h00.22.905,rating,2023.2.3,85.10300836343751,2024-02-02 14h00.35.241320 +0800,
neg_2.jpg,0.0,279.0,279.0,104.0,1873.423568557808,,,,,,,,,,,,,,,,,,,,,,,1873.394045779807,,1873.394077711118,1873.3940845535417,1873.423568557808,1874.4115364406111,1874.423254091413,1875.397475259649,1875.4209832620056,1875.6445366524408,1875.6445446352689,1875.7405903130093,1875.7405903130093,1875.7405903130093,1875.7405903130093,1875.7405903130093,1875.7405903130093,0.0004814643016288,1876.7768853799928,[-285.0],[-326.0],[1],[0],[0],[1.1276228934957544],1876.7778641317004,1876.7810182039836,,,,,,,,,,,,,,,ED28,1,2024-02-02_14h00.22.905,rating,2023.2.3,85.10300836343751,2024-02-02 14h00.35.241320 +0800,
neg_20.jpg,0.0,12.0,12.0,105.0,162.7889685302673,,,,,,,,,,,,,,,,,,,,,,,162.76981829658428,,162.76984680668352,162.76985307890538,162.7889685302673,163.78877551689516,163.80045382376022,164.77469780007516,164.79825084838922,165.02172555095046,165.02173296357626,165.03541381981438,165.03541381981438,165.03541381981438,165.03541381981438,165.03541381981438,165.03541381981438,0.0019009821444342,173.85714045414875,[-373.0],[-238.0],[1],[0],[0],[8.83499580473881],173.85756126321405,173.86062467338115,,,,,,,,,,,,,,,ED28,1,2024-02-02_14h00.22.905,rating,2023.2.3,85.10300836343751,2024-02-02 14h00.35.241320 +0800,
neg_21.jpg,0.0,314.0,314.0,106.0,2071.217493853935,,,,,,,,,,,,,,,,,,,,,,,2071.1880409256773,,2071.1880725718875,2071.1880796994124,2071.217493853935,2072.205480553404,2072.2171577198646,2073.1913874411302,2073.214910838941,2073.438432583166,2073.438440565994,2073.546289995036,2073.546289995036,2073.546289995036,2073.546289995036,2073.546289995036,2073.546289995036,0.0003819640551228,2080.9575447558664,[-114.0],[190.0],[1],[0],[0],[7.513320346032742],2080.9585793873694,2080.961562113956,,,,,,,,,,,,,,,ED28,1,2024-02-02_14h00.22.905,rating,2023.2.3,85.10300836343751,2024-02-02 14h00.35.241320 +0800,
neg_22.jpg,0.0,14.0,14.0,107.0,180.1254723767073,,,,,,,,,,,,,,,,,,,,,,,180.10633240666004,,180.1063654783752,180.10637203569797,180.1254723767073,181.125288771668,181.1370172563078,182.11121248035292,182.13473559306271,182.3582724476404,182.3582804304682,182.37193904882892,182.37193904882892,182.37193904882892,182.37193904882892,182.37193904882892,182.37193904882892,0.0019294922436756,184.65418190412677,[-376.0],[-366.0],[1],[0],[0],[2.2954741072703655],184.65463407430127,184.657751368556,,,,,,,,,,,,,,,ED28,1,2024-02-02_14h00.22.905,rating,2023.2.3,85.10300836343751,2024-02-02 14h00.35.241320 +0800,
neg_23.jpg,0.0,83.0,83.0,108.0,646.094493873037,,,,,,,,,,,,,,,,,,,,,,,646.0635706789594,,646.0636020400686,646.0636088824924,646.094493873037,647.0824845639195,647.0941836831569,648.0683860347269,648.0919088623359,648.3154497083274,648.3154576911552,648.3527069911609,648.3527069911609,648.3527069911609,648.3527069911609,648.3527069911609,648.3527069911609,0.0018704763381265,663.454989538219,[-253.0],[-221.0],[1],[0],[0],[15.138492939046273],663.4555588849016,663.4587463140006,,,,,,,,,,,,,,,ED28,1,2024-02-02_14h00.22.905,rating,2023.2.3,85.10300836343751,2024-02-02 14h00.35.241320 +0800,
neg_24.jpg,0.0,181.0,181.0,109.0,1277.4425035402414,,,,,,,,,,,,,,,,,,,,,,,1277.4123481231372,,1277.4123774885395,1277.4123837607613,1277.4425035402414,1278.4305007884468,1278.4421554319292,1279.4163974125372,1279.4399202401464,1279.6634642222489,1279.6634730603796,1279.736011305965,1279.736011305965,1279.736011305965,1279.736011305965,1279.736011305965,1279.736011305965,0.0011123927984044,1282.2773160250422,[-401.0],[-326.0],[1],[0],[0],[2.611348330975943],1282.278091214641,1282.2812353083896,,,,,,,,,,,,,,,ED28,1,2024-02-02_14h00.22.905,rating,2023.2.3,85.10300836343751,2024-02-02 14h00.35.241320 +0800,
neg_25.jpg,0.0,116.0,116.0,110.0,855.3911183628131,,,,,,,,,,,,,,,,,,,,,,,855.3721956397223,,855.3722270008316,855.3722338432553,855.3911183628131,856.3909607019641,856.4026375833243,857.376853334641,857.4003784430577,857.6238853620312,857.623893344859,857.6729389835407,857.6729389835407,857.6729389835407,857.6729389835407,857.6729389835407,857.6729389835407,0.0016803139760668,863.9777167915076,[-388.0],[-324.0],[1],[0],[0],[6.352359167949999],863.9783787960127,863.981395164516,,,,,,,,,,,,,,,ED28,1,2024-02-02_14h00.22.905,rating,2023.2.3,85.10300836343751,2024-02-02 14h00.35.241320 +0800,
neg_26.jpg,0.0,327.0,327.0,111.0,2147.36175866258,,,,,,,,,,,,,,,,,,,,,,,2147.332353346188,,2147.332384707297,2147.332391834821,2147.36175866258,2148.349714856242,2148.361400290632,2149.335637709624,2149.3591619627377,2149.582675153933,2149.582683421862,2149.7022918413504,2149.7022918413504,2149.7022918413504,2149.7022918413504,2149.7022918413504,2149.7022918413504,0.0003152504227728,2155.4198824870728,[-269.0],[-192.0],[1],[0],[0],[5.8313117297107055],2155.4209653006437,2155.424100841361,,,,,,,,,,,,,,,ED28,1,2024-02-02_14h00.22.905,rating,2023.2.3,85.10300836343751,2024-02-02 14h00.35.241320 +0800,
neg_27.jpg,0.0,15.0,15.0,112.0,184.6890366408944,,,,,,,,,,,,,,,,,,,,,,,184.6579897129859,,184.6580207889941,184.65802791651905,184.6890366408944,185.6770070896064,185.68868910278425,186.66293108339232,186.6864547663041,186.9099616852775,186.9099690979034,186.9236528051514,186.9236528051514,186.9236528051514,186.9236528051514,186.9236528051514,186.9236528051514,0.0019631341608601,192.6403060388095,[-366.0],[-369.0],[1],[0],[0],[5.729882775024862],192.64074766024737,192.6438589673812,,,,,,,,,,,,,,,ED28,1,2024-02-02_14h00.22.905,rating,2023.2.3,85.10300836343751,2024-02-02 14h00.35.241320 +0800,
neg_28.jpg,0.0,317.0,317.0,113.0,2091.0122111606206,,,,,,,,,,,,,,,,,,,,,,,2090.9827910189765,,2090.982822665186,2090.9828295076104,2091.0122111606206,2092.0001719158986,2092.011831120997,2092.9860702505957,2093.009594218608,2093.2331065545004,2093.233113967126,2093.3409770810163,2093.3409770810163,2093.3409770810163,2093.3409770810163,2093.3409770810163,2093.3409770810163,0.0003061271909245,2096.0945776927288,[-160.0],[-333.0],[1],[0],[0],[2.8558258534712877],2096.095629715392,2096.0987980427244,,,,,,,,,,,,,,,ED28,1,2024-02-02_14h00.22.905,rating,2023.2.3,85.10300836343751,2024-02-02 14h00.35.241320 +0800,
neg_29.jpg,0.0,342.0,342.0,114.0,2252.53348839026,,,,,,,,,,,,,,,,,,,,,,,2252.504513861468,,2252.504545507678,2252.504552635203,2252.53348839026,2253.5214659664966,2253.533179910986,2254.5073851135658,2254.530908226276,2254.7545981800863,2254.754607018217,2254.874043236706,2254.874043236706,2254.874043236706,2254.874043236706,2254.874043236706,2254.874043236706,7.548048779426608e-05,2258.2393913207843,[-25.0],[-327.0],[1],[0],[0],[3.4785174976454982],2258.240474134355,2258.243867121269,,,,,,,2254.874043236706,,,,,,,,ED28,1,2024-02-02_14h00.22.905,rating,2023.2.3,85.10300836343751,2024-02-02 14h00.35.241320 +0800,
neg_3.jpg,0.0,220.0,220.0,115.0,1522.2708804403328,,,,,,,,,,,,,,,,,,,,,,,1522.2409314363472,,1522.2409630825573,1522.2409702100822,1522.2708804403328,1523.2588486082368,1523.2704952688914,1524.2447389601057,1524.268264068522,1524.4917761193135,1524.4917849574445,1524.5761315159475,1524.5761315159475,1524.5761315159475,1524.5761315159475,1524.5761315159475,1524.5761315159475,0.0008367001387341,1527.5410196180842,[-402.0],[-346.0],[1],[0],[0],[3.045900119428552],1527.5419077076767,1527.545098272887,,,,,,,,,,,,,,,ED28,1,2024-02-02_14h00.22.905,rating,2023.2.3,85.10300836343751,2024-02-02 14h00.35.241320 +0800,
neg_30.jpg,0.0,266.0,266.0,116.0,1804.2539491476764,,,,,,,,,,,,,,,,,,,,,,,1804.224069993434,,1804.224101354543,1804.2241081969669,1804.2539491476764,1805.241912468864,1805.253564261336,1806.227804816439,1806.251329924856,1806.4748396948396,1806.4748476776672,1806.570962349848,1806.570962349848,1806.570962349848,1806.570962349848,1806.570962349848,1806.570962349848,0.0007602930727443,1808.5481927590615,[-392.0],[86.0],[1],[0],[0],[2.0690183887286366],1808.5491278903185,1808.5522511716936,,,,,,,,,,,,,,,ED28,1,2024-02-02_14h00.22.905,rating,2023.2.3,85.10300836343751,2024-02-02 14h00.35.241320 +0800,
neg_31.jpg,0.0,93.0,93.0,117.0,719.7688540850268,,,,,,,,,,,,,,,,,,,,,,,719.7380309613975,,719.7380620374058,719.7380688798296,719.7688540850268,720.7567857600036,720.7684709092925,721.7427071878806,721.7662311558934,721.9897389301698,721.9897463427958,722.0387774413268,722.0387774413268,722.0387774413268,722.0387774413268,722.0387774413268,722.0387774413268,0.0016991306415548,726.2264266382401,[-250.0],[169.0],[1],[0],[0],[4.235464054609338],726.226978308661,726.2301078622586,,,,,,,,,,,,,,,ED28,1,2024-02-02_14h00.22.905,rating,2023.2.3,85.10300836343751,2024-02-02 14h00.35.241320 +0800,
neg_32.jpg,0.0,148.0,148.0,118.0,1061.3476250659653,,,,,,,,,,,,,,,,,,,,,,,1061.3170727882791,,1061.3171035791863,1061.31711042161,1061.3476250659653,1062.3356091995247,1062.3472820894708,1063.321518368059,1063.345054025213,1063.5685332893895,1063.5685418424196,1063.6293652882127,1063.6293652882127,1063.6293652882127,1063.6293652882127,1063.6293652882127,1063.6293652882127,0.0014539437877374,1064.3945794888652,[-264.0],[-251.0],[1],[0],[0],[0.8240570498489888],1064.3953019347807,1064.39855835832,,,,,,,,,,,,,,,ED28,1,2024-02-02_14h00.22.905,rating,2023.2.3,85.10300836343751,2024-02-02 14h00.35.241320 +0800,
neg_33.jpg,0.0,375.0,375.0,119.0,2445.2817561879037,,,,,,,,,,,,,,,,,,,,,,,2445.25274117477,,2445.252772535879,2445.252779378303,2445.2817561879037,2446.2696784545474,2446.281365884644,2447.2555833465667,2447.279131548164,2447.502794132279,2447.502802685309,2447.634040944494,2447.634040944494,2447.634040944494,2447.634040944494,2447.634040944494,2447.634040944494,4.383427767606918e-05,2450.2233529644373,[-42.0],[-320.0],[1],[0],[0],[2.7132559702286017],2450.2245692052725,2450.227683648517,,,,,,,2447.634040944494,,,,,,,,ED28,1,2024-02-02_14h00.22.905,rating,2023.2.3,85.10300836343751,2024-02-02 14h00.35.241320 +0800,
neg_34.jpg,0.0,110.0,110.0,120.0,824.3524874633965,,,,,,,,,,,,,,,,,,,,,,,824.3218063200618,,824.321837681171,824.3218448086957,824.3524874633965,825.3404453676649,825.3521342232666,826.3263496894822,826.3498947549685,826.5734042398508,826.5734119375777,826.622477533329,826.622477533329,826.622477533329,826.622477533329,826.622477533329,826.622477533329,0.0015885114564753,828.9282506288614,[-367.0],[-337.0],[1],[0],[0],[2.353447968641376],828.9288886848833,828.9320541612058,,,,,,,,,,,,,,,ED28,1,2024-02-02_14h00.22.905,rating,2023.2.3,85.10300836343751,2024-02-02 14h00.35.241320 +0800,
neg_35.jpg,0.0,182.0,182.0,121.0,1282.3117984199134,,,,,,,,,,,,,,,,,,,,,,,1282.281481065445,,1282.281513281857,1282.281520124281,1282.3117984199134,1283.2997640219082,1283.3114366267532,1284.2856777520583,1284.3092002945664,1284.5327097794489,1284.5327171920744,1284.605286228567,1284.605286228567,1284.605286228567,1284.605286228567,1284.605286228567,1284.605286228567,0.0012181652668914,1286.7937471080068,[-192.0],[-336.0],[1],[0],[0],[2.2585116188633947],1286.7945391185644,1286.797678365596,,,,,,,,,,,,,,,ED28,1,2024-02-02_14h00.22.905,rating,2023.2.3,85.10300836343751,2024-02-02 14h00.35.241320 +0800,
neg_36.jpg,0.0,287.0,287.0,122.0,1909.366853987522,,,,,,,,,,,,,,,,,,,,,,,1909.3370458234272,,1909.3370774696373,1909.337084312061,1909.366853987522,1910.3548224405272,1910.366508160018,1911.3407467194145,1911.3642712576288,1911.5877804574104,1911.5877881551369,1911.6838788788343,1911.6838788788343,1911.6838788788343,1911.6838788788343,1911.6838788788343,1911.6838788788343,0.0007249405493894,1915.166579663347,[-61.0],[-298.0],[1],[0],[0],[3.574002951935654],1915.167562976671,1915.1705767792653,,,,,,,,,,,,,,,ED28,1,2024-02-02_14h00.22.905,rating,2023.2.3,85.10300836343751,2024-02-02 14h00.35.241320 +0800,
neg_37.jpg,0.0,263.0,263.0,123.0,1792.021902598667,,,,,,,,,,,,,,,,,,,,,,,1791.992134633812,,1791.9921668502243,1791.99217426285,1792.021902598667,1793.0098493839964,1793.0215331077802,1793.9957896285391,1794.019298201098,1794.2428299238582,1794.242837906686,1794.3389297707872,1794.3389297707872,1794.3389297707872,1794.3389297707872,1794.3389297707872,1794.3389297707872,0.0006844562085461,1796.598292701215,[-244.0],[-355.0],[1],[0],[0],[2.3512506952902186],1796.599234104693,1796.6024454822757,,,,,,,,,,,,,,,ED28,1,2024-02-02_14h00.22.905,rating,2023.2.3,85.10300836343751,2024-02-02 14h00.35.241320 +0800,
neg_38.jpg,0.0,67.0,67.0,124.0,549.3793037776736,,,,,,,,,,,,,,,,,,,,,,,549.3483728858691,,549.3484045320795,549.3484113745033,549.3793037776736,550.3672679541637,550.3789499673417,551.3531928032526,551.3767162010633,551.6002265412487,551.6002342389756,551.6375265892314,551.6375265892314,551.6375265892314,551.6375265892314,551.6375265892314,551.6375265892314,0.0018436768448282,553.8609006511422,[-343.0],[-323.0],[1],[0],[0],[2.2597546591916853],553.8614346453016,553.8645898579882,,,,,,,,,,,,,,,ED28,1,2024-02-02_14h00.22.905,rating,2023.2.3,85.10300836343751,2024-02-02 14h00.35.241320 +0800,
neg_39.jpg,0.0,188.0,188.0,125.0,1316.8907293425086,,,,,,,,,,,,,,,,,,,,,,,1316.8604510468767,,1316.8604832632886,1316.8604903908135,1316.8907293425086,1317.8787411308645,1317.8903818043989,1318.8646331933392,1318.8881454722114,1319.1116321490144,1319.1116401318425,1319.1842282701014,1319.1842282701014,1319.1842282701014,1319.1842282701014,1319.1842282701014,1319.1842282701014,0.0011719789058588,1324.7599951418792,[-239.0],[342.0],[1],[0],[0],[5.645665367271704],1324.7607885779416,1324.7637912615974,,,,,,,,,,,,,,,ED28,1,2024-02-02_14h00.22.905,rating,2023.2.3,85.10300836343751,2024-02-02 14h00.35.241320 +0800,
neg_4.jpg,0.0,221.0,221.0,126.0,1527.5753184079165,,,,,,,,,,,,,,,,,,,,,,,1527.5453403236295,,1527.5453722549405,1527.5453793824654,1527.5753184079165,1528.5632700399624,1528.5749694443011,1529.5491957443546,1529.5727185719634,1529.7962739581053,1529.796281940933,1529.8805626411072,1529.8805626411072,1529.8805626411072,1529.8805626411072,1529.8805626411072,1529.8805626411072,0.0009239410424015,1537.6207669273726,[-437.0],[366.0],[1],[0],[0],[7.821201193204615],1537.621609400806,1537.6246873511236,,,,,,,,,,,,,,,ED28,1,2024-02-02_14h00.22.905,rating,2023.2.3,85.10300836343751,2024-02-02 14h00.35.241320 +0800,
neg_40.jpg,0.0,362.0,362.0,127.0,2384.333375148145,,,,,,,,,,,,,,,,,,,,,,,2384.3042378266864,,2384.3042694728965,2384.3042766004214,2384.333375148145,2385.3213453117564,2385.3330296057425,2386.307274152259,2386.3308252048664,2386.5543084604574,2386.554316158184,2386.6739422539345,2386.6739422539345,2386.6739422539345,2386.6739422539345,2386.6739422539345,2386.6739422539345,6.065523621145985e-05,2390.0864440465066,[-247.0],[-236.0],[1],[0],[0],[3.5251748453115397],2390.087664278756,2390.090693476804,,,,,,,,,,,,,,,ED28,1,2024-02-02_14h00.22.905,rating,2023.2.3,85.10300836343751,2024-02-02 14h00.35.241320 +0800,
neg_41.jpg,0.0,121.0,121.0,128.0,897.097677310722,,,,,,,,,,,,,,,,,,,,,,,897.0671013696535,,897.0671333009648,897.0671407135906,897.097677310722,898.085609841002,898.0972958455939,899.0715335496868,899.0950592283057,899.3185655770772,899.318573559905,899.3676186283849,899.3676186283849,899.3676186283849,899.3676186283849,899.3676186283849,899.3676186283849,0.0014545139897563,907.224939836563,[-270.0],[176.0],[1],[0],[0],[7.904629726511075],907.2255861605136,907.2287664620876,,,,,,,,,,,,,,,ED28,1,2024-02-02_14h00.22.905,rating,2023.2.3,85.10300836343751,2024-02-02 14h00.35.241320 +0800,
neg_42.jpg,0.0,276.0,276.0,129.0,1859.87427701952,,,,,,,,,,,,,,,,,,,,,,,1859.844507344059,,1859.8445395604715,1859.844546687996,1859.87427701952,1860.8622323578795,1860.873917792269,1861.848158632473,1861.871713106292,1862.0951923704688,1862.095200068196,1862.1912913620956,1862.1912913620956,1862.1912913620956,1862.1912913620956,1862.1912913620956,1862.1912913620956,0.0006739074719916,1864.8271757696089,[-159.0],[-304.0],[1],[0],[0],[2.72741579613421],1864.8282055543943,1864.8313556352632,,,,,,,,,,,,,,,ED28,1,2024-02-02_14h00.22.905,rating,2023.2.3,85.10300836343751,2024-02-02 14h00.35.241320 +0800,
neg_43.jpg,0.0,4.0,4.0,130.0,59.68731691170615,,,,,,,,,,,,,,,,,,,,,,,59.65624033329436,,59.65627254970661,59.65627939213039,59.68731691170615,60.675283654105215,60.687005296321104,61.66120992869901,61.68473019039891,61.90826590457266,61.90827331719845,61.92192908454922,61.92192908454922,61.92192908454922,61.92192908454922,61.92192908454922,61.92192908454922,0.0020150225415136,72.29607681076902,[-347.0],[67.0],[1],[0],[0],[10.387438279198932],72.29649134761246,72.29961405878612,,,,,,,,,,,,,,,ED28,1,2024-02-02_14h00.22.905,rating,2023.2.3,85.10300836343751,2024-02-02 14h00.35.241320 +0800,
neg_44.jpg,0.0,345.0,345.0,131.0,2271.187313062843,,,,,,,,,,,,,,,,,,,,,,,2271.158290637084,,2271.158322283294,2271.158329125718,2271.187313062843,2272.175280375444,2272.186956971703,2273.161206650037,2273.184720354415,2273.408441384234,2273.4084519329704,2273.527854509542,2273.527854509542,2273.527854509542,2273.527854509542,2273.527854509542,2273.527854509542,0.0001453302311347,2275.8818014049207,[-154.0],[-310.0],[1],[0],[0],[2.466995711225536],2275.8829201412163,2275.8860402864807,,,,,,,2273.527854509542,,,,,,,,ED28,1,2024-02-02_14h00.22.905,rating,2023.2.3,85.10300836343751,2024-02-02 14h00.35.241320 +0800,
neg_45.jpg,0.0,146.0,146.0,132.0,1053.1851126533809,,,,,,,,,,,,,,,,,,,,,,,1053.154502500193,,1053.1545344315043,1053.1545415590292,1053.1851126533809,1054.17310533997,1054.1847642599676,1055.1590062405755,1055.1825624250005,1055.4060499571065,1055.4060590803383,1055.4668488842144,1055.4668488842144,1055.4668488842144,1055.4668488842144,1055.4668488842144,1055.4668488842144,0.0015488824185467,1057.5846680098723,[-260.0],[-228.0],[1],[0],[0],[2.1766762299043876],1057.5853773411425,1057.5885915697347,,,,,,,,,,,,,,,ED28,1,2024-02-02_14h00.22.905,rating,2023.2.3,85.10300836343751,2024-02-02 14h00.35.241320 +0800,
neg_46.jpg,0.0,160.0,160.0,133.0,1136.0099183784369,,,,,,,,,,,,,,,,,,,,,,,1135.979425686858,,1135.9794544820584,1135.9794610393812,1136.0099183784369,1136.99787770821,1137.0095731211345,1137.9838128209346,1138.0073185424835,1138.2308462738297,1138.2308542566575,1138.2916617367953,1138.2916617367953,1138.2916617367953,1138.2916617367953,1138.2916617367953,1138.2916617367953,0.0014151700527236,1142.7029250506553,[-41.0],[-352.0],[1],[0],[0],[4.469926834532316],1142.703637232935,1142.7067710630474,,,,,,,,,,,,,,,ED28,1,2024-02-02_14h00.22.905,rating,2023.2.3,85.10300836343751,2024-02-02 14h00.35.241320 +0800,
neg_47.jpg,0.0,319.0,319.0,134.0,2099.339352005358,,,,,,,,,,,,,,,,,,,,,,,2099.3100202450214,,2099.3100521763326,2099.3100590187564,2099.339352005358,2100.3273204583625,2100.3390084586613,2101.3132441670477,2101.3367678499594,2101.560279330549,2101.5602875984773,2101.668140733833,2101.668140733833,2101.668140733833,2101.668140733833,2101.668140733833,2101.668140733833,0.0002491069922143,2102.19882544093,[-424.0],[369.0],[1],[0],[0],[0.6327049612423252],2102.1998557959178,2102.202979647496,,,,,,,,,,,,,,,ED28,1,2024-02-02_14h00.22.905,rating,2023.2.3,85.10300836343751,2024-02-02 14h00.35.241320 +0800,
neg_48.jpg,0.0,315.0,315.0,135.0,2080.991350320981,,,,,,,,,,,,,,,,,,,,,,,2080.961811007122,,2080.9618435086354,2080.96185063616,2080.991350320981,2081.979330463126,2081.99098539171,2082.96523649555,2082.988758752957,2083.212267382536,2083.212275365364,2083.3201259348107,2083.3201259348107,2083.3201259348107,2083.3201259348107,2083.3201259348107,2083.3201259348107,0.0004452564753592,2085.1210575878345,[-182.0],[-348.0],[1],[0],[0],[1.9034511190070589],2085.122090508731,2085.1252437257112,,,,,,,,,,,,,,,ED28,1,2024-02-02_14h00.22.905,rating,2023.2.3,85.10300836343751,2024-02-02 14h00.35.241320 +0800,
neg_49.jpg,0.0,377.0,377.0,136.0,2454.6439020176317,,,,,,,,,,,,,,,,,,,,,,,2454.6148188653606,,2454.614850796672,2454.614857639096,2454.6439020176317,2455.631872466343,2455.643556760329,2456.617796460129,2456.6413341129896,2456.8649844377624,2456.864992705691,2456.996205020685,2456.996205020685,2456.996205020685,2456.996205020685,2456.996205020685,2456.996205020685,0.000155593866566,2459.4679068939986,[-139.0],[-343.0],[1],[0],[0],[2.5955141069393903],2459.4690869270075,2459.4722233230286,,,,,,,2456.996205020685,,,,,,,,ED28,1,2024-02-02_14h00.22.905,rating,2023.2.3,85.10300836343751,2024-02-02 14h00.35.241320 +0800,
neg_5.jpg,0.0,22.0,22.0,137.0,233.4876447208276,,,,,,,,,,,,,,,,,,,,,,,233.46839470179725,,233.4684266331083,233.4684334755323,233.4876447208276,234.4874240526592,234.49910920194816,235.47335032725323,235.4968751505689,235.7203817844413,235.7203891970671,235.74591143793828,235.74591143793828,235.74591143793828,235.74591143793828,235.74591143793828,235.74591143793828,0.0019759637054903,240.33326281835437,[-369.0],[-350.0],[1],[0],[0],[4.612395221821316],240.33368448272267,240.33680833430023,,,,,,,,,,,,,,,ED28,1,2024-02-02_14h00.22.905,rating,2023.2.3,85.10300836343751,2024-02-02 14h00.35.241320 +0800,
neg_50.jpg,0.0,100.0,100.0,138.0,763.9451924702546,,,,,,,,,,,,,,,,,,,,,,,763.9145267223735,,763.9145555175737,763.9145620748966,763.9451924702546,764.9331506596238,764.9448326728018,765.919072942804,765.9425966257156,766.166104399992,766.166112097719,766.2152426964965,766.2152426964965,766.2152426964965,766.2152426964965,766.2152426964965,766.2152426964965,0.0015702649927789,773.6491321953431,[-356.0],[-226.0],[1],[0],[0],[7.481769359569171],773.6497602728302,773.6529177663249,,,,,,,,,,,,,,,ED28,1,2024-02-02_14h00.22.905,rating,2023.2.3,85.10300836343751,2024-02-02 14h00.35.241320 +0800,
neg_51.jpg,0.0,199.0,199.0,139.0,1382.9435750923226,,,,,,,,,,,,,,,,,,,,,,,1382.9132517507337,,1382.9132802608333,1382.9132865330548,1382.9435750923226,1383.9315612215892,1383.9432232776976,1384.9174641179015,1384.9410069025805,1385.164498140999,1385.1645061238269,1385.237092266379,1385.237092266379,1385.237092266379,1385.237092266379,1385.237092266379,1385.237092266379,0.0012406882451614,1387.6373110528807,[-269.0],[-358.0],[1],[0],[0],[2.4697492166137636],1387.638168066465,1387.6412759523869,,,,,,,,,,,,,,,ED28,1,2024-02-02_14h00.22.905,rating,2023.2.3,85.10300836343751,2024-02-02 14h00.35.241320 +0800,
neg_52.jpg,0.0,109.0,109.0,140.0,818.3776099926756,,,,,,,,,,,,,,,,,,,,,,,818.3468105324289,,818.3468436041442,818.3468504465679,818.3776099926756,819.3655824370946,819.3772692969894,820.3515081414864,820.3750312541963,820.5985395986747,820.5985467261994,820.6475892287704,820.6475892287704,820.6475892287704,820.6475892287704,820.6475892287704,820.6475892287704,0.0017176622059196,824.3178419907576,[-397.0],[-373.0],[1],[0],[0],[3.7179113843392315],824.3184509664782,824.3215668352279,,,,,,,,,,,,,,,ED28,1,2024-02-02_14h00.22.905,rating,2023.2.3,85.10300836343751,2024-02-02 14h00.35.241320 +0800,
neg_53.jpg,0.0,26.0,26.0,141.0,254.2233005058547,,,,,,,,,,,,,,,,,,,,,,,254.19251444535465,,254.1925458064636,254.1925529339885,254.2233005058547,255.2112849245152,255.22295239754249,256.19719437815047,256.22072946510207,256.44422498003587,256.44423267776256,256.4697777267129,256.4697777267129,256.4697777267129,256.4697777267129,256.4697777267129,256.4697777267129,0.0017008412473842,259.0105749660231,[-345.0],[-354.0],[1],[0],[0],[2.565836233998425],259.01103112761143,259.0141361625235,,,,,,,,,,,,,,,ED28,1,2024-02-02_14h00.22.905,rating,2023.2.3,85.10300836343751,2024-02-02 14h00.35.241320 +0800,
neg_54.jpg,0.0,256.0,256.0,142.0,1743.3409009590514,,,,,,,,,,,,,,,,,,,,,,,1743.3109425467328,,1743.3109721972364,1743.310978469458,1743.3409009590514,1744.3288825267018,1744.3405160727111,1745.314758053319,1745.3382805958267,1745.561792646618,1745.5618006294458,1745.6579138761217,1745.6579138761217,1745.6579138761217,1745.6579138761217,1745.6579138761217,1745.6579138761217,0.0008426872591371,1747.8347965191451,[-161.0],[-342.0],[1],[0],[0],[2.268939472774491],1747.8357037105038,1747.838844668141,,,,,,,,,,,,,,,ED28,1,2024-02-02_14h00.22.905,rating,2023.2.3,85.10300836343751,2024-02-02 14h00.35.241320 +0800,
neg_55.jpg,0.0,1.0,1.0,143.0,26.50796272817695,,,,,,,,,,,,,,,,,,,,,,,26.478809441062253,,26.47884279787843,26.478849640302315,26.50796272817695,27.49595541476629,27.507635147136284,28.481875702239336,28.50541706141269,28.728907444528545,28.72891457205344,28.740629942047462,28.740629942047462,28.740629942047462,28.740629942047462,28.740629942047462,28.740629942047462,8.602922457612294e-05,37.10348367754045,[-220.0],[64.0],[1],[0],[0],[8.374220712073907],37.10388738054621,37.10699184525629,,,,,,,,,,,,,,,ED28,1,2024-02-02_14h00.22.905,rating,2023.2.3,85.10300836343751,2024-02-02 14h00.35.241320 +0800,
neg_56.jpg,0.0,237.0,237.0,144.0,1626.2664399923706,,,,,,,,,,,,,,,,,,,,,,,1626.2365605530276,,1626.2365924843389,1626.2365996118633,1626.2664399923706,1627.2544483595148,1627.277986867678,1628.2403287328484,1628.2638515604576,1628.48736389635,1628.4873718791778,1628.5717130207618,1628.5717130207618,1628.5717130207618,1628.5717130207618,1628.5717130207618,1628.5717130207618,0.0007942200904835,1629.6430164939477,[-240.0],[-344.0],[1],[0],[0],[1.1520543379683659],1629.643877213845,1629.6469580151725,,,,,,,,,,,,,,,ED28,1,2024-02-02_14h00.22.905,rating,2023.2.3,85.10300836343751,2024-02-02 14h00.35.241320 +0800,
neg_57.jpg,0.0,232.0,232.0,145.0,1598.015181627864,,,,,,,,,,,,,,,,,,,,,,,1597.985200692567,,1597.9852337642824,1597.9852408918073,1598.015181627864,1599.0031734591505,1599.014854617025,1599.989095172128,1600.0126294037768,1600.2361277697205,1600.23613632275,1600.3204672006989,1600.3204672006989,1600.3204672006989,1600.3204672006989,1600.3204672006989,1600.3204672006989,0.0009170986181743,1604.3557153768363,[-108.0],[-338.0],[1],[0],[0],[4.116022134100604],1604.3566573505163,1604.359787759417,,,,,,,,,,,,,,,ED28,1,2024-02-02_14h00.22.905,rating,2023.2.3,85.10300836343751,2024-02-02 14h00.35.241320 +0800,
neg_58.jpg,0.0,254.0,254.0,146.0,1733.6846358219705,,,,,,,,,,,,,,,,,,,,,,,1733.6549009288306,,1733.654932575041,1733.6549397025656,1733.6846358219705,1734.6726022792682,1734.6843264873933,1735.6585319750743,1735.682050526168,1735.9055916572606,1735.9055999251896,1736.0016675557067,1736.0016675557067,1736.0016675557067,1736.0016675557067,1736.0016675557067,1736.0016675557067,0.0006816051982241,1738.143254125625,[-315.0],[382.0],[1],[0],[0],[2.2336790372937685],1738.144164453095,1738.1473011342173,,,,,,,,,,,,,,,ED28,1,2024-02-02_14h00.22.905,rating,2023.2.3,85.10300836343751,2024-02-02 14h00.35.241320 +0800,
neg_59.jpg,0.0,142.0,142.0,147.0,1033.4492370554883,,,,,,,,,,,,,,,,,,,,,,,1033.4186120770491,,1033.4186434381584,1033.4186508507842,1033.4492370554883,1034.4372297420775,1034.448892083287,1035.423130357582,1035.4466640190287,1035.670163240275,1035.670170652901,1035.73097841814,1035.73097841814,1035.73097841814,1035.73097841814,1035.73097841814,1035.73097841814,0.0015411846916322,1037.554643169023,[-255.0],[-344.0],[1],[0],[0],[1.8826273424967894],1037.5553208540828,1037.5584238932877,,,,,,,,,,,,,,,ED28,1,2024-02-02_14h00.22.905,rating,2023.2.3,85.10300836343751,2024-02-02 14h00.35.241320 +0800,
neg_6.jpg,0.0,382.0,382.0,148.0,2484.600559254108,,,,,,,,,,,,,,,,,,,,,,,2484.5716579962705,,2484.5716907828846,2484.5716987657124,2484.600559254108,2485.5885522257977,2485.600220269027,2486.574456832716,2486.5979788050217,2486.8216448103494,2486.82165364848,2486.95293923443,2486.95293923443,2486.95293923443,2486.95293923443,2486.95293923443,2486.95293923443,-2.487506162651698e-05,2490.671305925054,[-244.0],[-350.0],[1],[0],[0],[3.842192038896883],2490.672495366396,2490.675612090449,,,,,,,2486.95293923443,,,,,,,,ED28,1,2024-02-02_14h00.22.905,rating,2023.2.3,85.10300836343751,2024-02-02 14h00.35.241320 +0800,
neg_60.jpg,0.0,191.0,191.0,149.0,1337.6380956508128,,,,,,,,,,,,,,,,,,,,,,,1337.6077908407883,,1337.607823057201,1337.6078301847256,1337.6380956508128,1338.6260669548278,1338.6377583763383,1339.6119898082095,1339.6355126358185,1339.859023261105,1339.8590309588317,1339.9316011357282,1339.9316011357282,1339.9316011357282,1339.9316011357282,1339.9316011357282,1339.9316011357282,0.0012230119832565,1342.472918399249,[-144.0],[-313.0],[1],[0],[0],[2.6111761299762293],1342.4736810444049,1342.4768661926955,,,,,,,,,,,,,,,ED28,1,2024-02-02_14h00.22.905,rating,2023.2.3,85.10300836343751,2024-02-02 14h00.35.241320 +0800,
neg_61.jpg,0.0,66.0,66.0,150.0,542.3458138193582,,,,,,,,,,,,,,,,,,,,,,,542.3266604495643,,542.3266898149666,542.3266963722895,542.3458138193582,543.3456299292179,543.3573093764869,544.331551071994,544.3550838781375,544.5785833844852,544.5785910822119,544.615873168832,544.615873168832,544.615873168832,544.615873168832,544.615873168832,544.615873168832,0.001915807396017,549.344486104035,[-364.0],[-217.0],[1],[0],[0],[4.764993817584809],549.3450391999609,549.3481319755304,,,,,,,,,,,,,,,ED28,1,2024-02-02_14h00.22.905,rating,2023.2.3,85.10300836343751,2024-02-02 14h00.35.241320 +0800,
neg_62.jpg,0.0,203.0,203.0,151.0,1404.114355718798,,,,,,,,,,,,,,,,,,,,,,,1404.084117052204,,1404.084149553717,1404.0841563961408,1404.114355718798,1405.1024376419982,1405.114011316799,1406.088248165589,1406.1117712782989,1406.335280763181,1406.3352890311098,1406.4078586378046,1406.4078586378046,1406.4078586378046,1406.4078586378046,1406.4078586378046,1406.4078586378046,0.0011543026444087,1407.326244202115,[-224.0],[-231.0],[1],[0],[0],[0.9880300348195306],1407.3270268043398,1407.3302110973282,,,,,,,,,,,,,,,ED28,1,2024-02-02_14h00.22.905,rating,2023.2.3,85.10300836343751,2024-02-02 14h00.35.241320 +0800,
neg_63.jpg,0.0,209.0,209.0,152.0,1441.0220856335045,,,,,,,,,,,,,,,,,,,,,,,1440.99205936715,,1440.9920912984612,1440.9920984259857,1441.0220856335045,1442.0100566524184,1442.0217734479174,1442.9959803611032,1443.019501193005,1443.2430360518756,1443.2430434645016,1443.3156119307923,1443.3156119307923,1443.3156119307923,1443.3156119307923,1443.3156119307923,1443.3156119307923,0.0009658508884058,1446.8451898758358,[-278.0],[-343.0],[1],[0],[0],[3.5990670355113252],1446.8459824565953,1464.5103245048008,space,1446.8676056562897,1446.8676056562897,17.631430844905026,,,,,,,,,,,ED28,1,2024-02-02_14h00.22.905,rating,2023.2.3,85.10300836343751,2024-02-02 14h00.35.241320 +0800,
neg_64.jpg,0.0,311.0,311.0,153.0,2048.670609993531,,,,,,,,,,,,,,,,,,,,,,,2048.641189281685,,2048.6412186470875,2048.641224919309,2048.670609993531,2049.658588995273,2049.670265306431,2050.644503295625,2050.6680258381325,2050.891539314429,2050.891547582358,2050.999398151804,2050.999398151804,2050.999398151804,2050.999398151804,2050.999398151804,2050.999398151804,0.0003431903201089,2055.023237726616,[-299.0],[331.0],[1],[0],[0],[4.126265812770271],2055.02426123918,2055.0273973501003,,,,,,,,,,,,,,,ED28,1,2024-02-02_14h00.22.905,rating,2023.2.3,85.10300836343751,2024-02-02 14h00.35.241320 +0800,
neg_65.jpg,0.0,322.0,322.0,154.0,2113.841353841978,,,,,,,,,,,,,,,,,,,,,,,2113.812088510173,,2113.812120156384,2113.8121272839085,2113.841353841978,2114.8293448179616,2114.8409889127074,2115.8152317486183,2115.838753720924,2116.0622657717154,2116.062274324745,2116.1701411449485,2116.1701411449485,2116.1701411449485,2116.1701411449485,2116.1701411449485,2116.1701411449485,0.0001684234111962,2123.15793910756,[-128.0],[-317.0],[1],[0],[0],[7.089948222808744],2123.1589760198704,2123.162133513365,,,,,,,,,,,,,,,ED28,1,2024-02-02_14h00.22.905,rating,2023.2.3,85.10300836343751,2024-02-02 14h00.35.241320 +0800,
neg_66.jpg,0.0,147.0,147.0,155.0,1057.619208565346,,,,,,,,,,,,,,,,,,,,,,,1057.5888313396697,,1057.588859564668,1057.5888658368897,1057.619208565346,1058.6071895627947,1058.6188664441547,1059.5931075694598,1059.6166309672706,1059.840139026648,1059.840146439274,1059.9009701701682,1059.9009701701682,1059.9009701701682,1059.9009701701682,1059.9009701701682,1059.9009701701682,0.0013014147566536,1061.3130408900397,[-380.0],[362.0],[1],[0],[0],[1.4709258284108273],1061.3136983329289,1061.3168293120314,,,,,,,,,,,,,,,ED28,1,2024-02-02_14h00.22.905,rating,2023.2.3,85.10300836343751,2024-02-02 14h00.35.241320 +0800,
neg_67.jpg,0.0,267.0,267.0,156.0,1808.5821779378016,,,,,,,,,,,,,,,,,,,,,,,1808.5524937926384,,1808.552526294152,1808.552533136576,1808.5821779378016,1809.5701515226249,1809.581815289339,1810.5560538487352,1810.579577816748,1810.8030867314285,1810.803094714256,1810.899247019768,1810.899247019768,1810.899247019768,1810.899247019768,1810.899247019768,1810.899247019768,0.0005821049521728,1812.4999180334644,[-417.0],[194.0],[1],[0],[0],[1.6925262770455447],1812.5008979255767,1812.5040634018992,,,,,,,,,,,,,,,ED28,1,2024-02-02_14h00.22.905,rating,2023.2.3,85.10300836343751,2024-02-02 14h00.35.241320 +0800,
neg_68.jpg,0.0,33.0,33.0,157.0,305.29185959688425,,,,,,,,,,,,,,,,,,,,,,,305.2725730849268,,305.272604446036,305.27261128845976,305.29185959688425,306.29166743881524,306.3033679835576,307.2775908623992,307.301113404907,307.52462288978927,307.5246305875162,307.5501750662645,307.5501750662645,307.5501750662645,307.5501750662645,307.5501750662645,307.5501750662645,0.0020409667317835,313.26676358199734,[-312.0],[324.0],[1],[0],[0],[5.741554239466041],313.2672320029285,313.2703484418803,,,,,,,,,,,,,,,ED28,1,2024-02-02_14h00.22.905,rating,2023.2.3,85.10300836343751,2024-02-02 14h00.35.241320 +0800,
neg_69.jpg,0.0,85.0,85.0,158.0,668.2179776703199,,,,,,,,,,,,,,,,,,,,,,,668.1872922504704,,668.1873233264785,668.1873304540034,668.2179776703199,669.2059273066595,669.2176144516552,670.1918530110513,670.2154029232545,670.4388856086434,670.4388935914712,670.4762013371806,670.4762013371806,670.4762013371806,670.4762013371806,670.4762013371806,670.4762013371806,0.0015839498403238,675.5929647338623,[-234.0],[-245.0],[1],[0],[0],[5.152955827307551],675.593567722462,675.5968053293359,,,,,,,,,,,,,,,ED28,1,2024-02-02_14h00.22.905,rating,2023.2.3,85.10300836343751,2024-02-02 14h00.35.241320 +0800,
neg_7.jpg,0.0,41.0,41.0,159.0,355.5019810242481,,,,,,,,,,,,,,,,,,,,,,,355.47109489329955,,355.4711239736007,355.4711299607216,355.5019810242481,356.489989106291,356.5016357669458,357.47589913012825,357.49939572844573,357.7229767736774,357.7229941648379,357.7484337264211,357.7484337264211,357.7484337264211,357.7484337264211,357.7484337264211,357.7484337264211,0.0019115308809887,360.2187129457802,[-350.0],[-341.0],[1],[0],[0],[2.4950664698710625],360.2191856432262,360.22217008041844,,,,,,,,,,,,,,,ED28,1,2024-02-02_14h00.22.905,rating,2023.2.3,85.10300836343751,2024-02-02 14h00.35.241320 +0800,
neg_70.jpg,0.0,28.0,28.0,160.0,266.47884279787854,,,,,,,,,,,,,,,,,,,,,,,266.447795584869,,266.44782637577623,266.4478332182,266.47884279787854,267.46680070214666,267.4784904130516,268.4527241257306,268.4762480937434,268.6997601445348,268.6997675571606,268.72528979803155,268.72528979803155,268.72528979803155,268.72528979803155,268.72528979803155,268.72528979803155,0.0019554364339455,274.55945852479044,[1.0],[-336.0],[1],[0],[0],[5.859163530793239],274.5599178224897,274.56302741901777,,,,,,,,,,,,,,,ED28,1,2024-02-02_14h00.22.905,rating,2023.2.3,85.10300836343751,2024-02-02 14h00.35.241320 +0800,
neg_71.jpg,0.0,248.0,248.0,161.0,1699.270352718395,,,,,,,,,,,,,,,,,,,,,,,1699.2404729939508,,1699.2405043550602,1699.240511197484,1699.270352718395,1700.2583391327626,1700.2700060355878,1701.24424345458,1701.2677976432983,1701.4912789031823,1701.49128688601,1701.575637150826,1701.575637150826,1701.575637150826,1701.575637150826,1701.575637150826,1701.575637150826,0.0007970711003508,1702.2353930644622,[-413.0],[370.0],[1],[0],[0],[0.7402034309620831],1702.2363681098573,1702.2394711490624,,,,,,,,,,,,,,,ED28,1,2024-02-02_14h00.22.905,rating,2023.2.3,85.10300836343751,2024-02-02 14h00.35.241320 +0800,
neg_72.jpg,0.0,137.0,137.0,162.0,996.223950536118,,,,,,,,,,,,,,,,,,,,,,,996.193357203889,,996.1933894203012,996.1933962627252,996.223950536118,997.2119127169012,997.223642056844,998.1978404170002,998.2213621042048,998.4448941120656,998.4449018097926,998.505688477558,998.505688477558,998.505688477558,998.505688477558,998.505688477558,998.505688477558,0.0015263594400494,1006.6219737598748,[-209.0],[188.0],[1],[0],[0],[8.175292919887397],1006.6226423217028,1006.6257738710073,,,,,,,,,,,,,,,ED28,1,2024-02-02_14h00.22.905,rating,2023.2.3,85.10300836343751,2024-02-02 14h00.35.241320 +0800,
neg_73.jpg,0.0,260.0,260.0,163.0,1770.3924437973287,,,,,,,,,,,,,,,,,,,,,,,1770.3627818900427,,1770.362816102162,1770.3628240849898,1770.3924437973287,1771.3804085440206,1771.3920626173012,1772.366354490583,1772.3898268553162,1772.613360858884,1772.6133791053471,1772.7094433146526,1772.7094433146526,1772.7094433146526,1772.7094433146526,1772.7094433146526,1772.7094433146526,0.0005766880331066,1775.251053661994,[-238.0],[-338.0],[1],[0],[0],[2.6335502856854873],1775.2519676957768,1775.2551254743726,,,,,,,,,,,,,,,ED28,1,2024-02-02_14h00.22.905,rating,2023.2.3,85.10300836343751,2024-02-02 14h00.35.241320 +0800,
neg_74.jpg,0.0,184.0,184.0,164.0,1290.2861065439515,,,,,,,,,,,,,,,,,,,,,,,1290.2559431440195,,1290.2559747902296,1290.2559819177543,1290.2861065439515,1291.2740787032694,1291.2857644227602,1292.2600058331664,1292.283528090573,1292.5070390009605,1292.5070469837883,1292.579614309675,1292.579614309675,1292.579614309675,1292.579614309675,1292.579614309675,1292.579614309675,0.001086733709144,1295.3327487812644,[-112.0],[-325.0],[1],[0],[0],[2.823101961523207],1295.3334826312198,1295.336618171938,,,,,,,,,,,,,,,ED28,1,2024-02-02_14h00.22.905,rating,2023.2.3,85.10300836343751,2024-02-02 14h00.35.241320 +0800,
neg_75.jpg,0.0,339.0,339.0,165.0,2234.3266159738096,,,,,,,,,,,,,,,,,,,,,,,2234.2973449399847,,2234.297377726599,2234.2973845690226,2234.3266159738096,2235.3146166432266,2235.326292099081,2236.300492169844,2236.324034669421,2236.5475447245053,2236.5475524222325,2236.6671682543465,2236.6671682543465,2236.6671682543465,2236.6671682543465,2236.6671682543465,2236.6671682543465,0.0001886655818452,2239.950097632835,[-143.0],[-308.0],[1],[0],[0],[3.3964047054209914],2239.9512166542318,2239.9543379399,,,,,,,,,,,,,,,ED28,1,2024-02-02_14h00.22.905,rating,2023.2.3,85.10300836343751,2024-02-02 14h00.35.241320 +0800,
neg_76.jpg,0.0,43.0,43.0,166.0,364.5113217880735,,,,,,,,,,,,,,,,,,,,,,,364.48041455965154,,364.4804436399527,364.48044991217466,364.5113217880735,365.4993250233997,365.5109773860743,366.4852250687022,366.50873848797823,366.73224569205263,366.73225338977954,366.7577744902465,366.7577744902465,366.7577744902465,366.7577744902465,366.7577744902465,366.7577744902465,0.0018242899773213,371.3686877571077,[-248.0],[-245.0],[1],[0],[0],[4.63574670373373],371.3691410676861,371.3721468874526,,,,,,,,,,,,,,,ED28,1,2024-02-02_14h00.22.905,rating,2023.2.3,85.10300836343751,2024-02-02 14h00.35.241320 +0800,
neg_77.jpg,0.0,90.0,90.0,167.0,702.5733571981871,,,,,,,,,,,,,,,,,,,,,,,702.5624492342045,702.5733571981871,703.5615942163272,703.561602199155,703.5849277368768,704.5846854010331,704.5963411849195,705.5705823102246,705.594121673691,705.8176137674129,705.8176214651396,705.8550153113488,705.8550153113488,705.8550153113488,705.8550153113488,705.8550153113488,705.8550153113488,0.0053358789050435,710.2308037937819,[-300.0],[173.0],[1],[0],[0],[4.412039358762058],710.2313814083932,710.2344987026479,,,,,,703.5849277368768,,,,,,,,,ED28,1,2024-02-02_14h00.22.905,rating,2023.2.3,85.10300836343751,2024-02-02 14h00.35.241320 +0800,
neg_78.jpg,0.0,105.0,105.0,168.0,799.8884625045152,,,,,,,,,,,,,,,,,,,,,,,799.8578731637001,,799.8579065205163,799.85791336294,799.8884625045152,800.8764537655995,800.8881198131219,801.8623566619121,801.8858923190655,802.1093895446054,802.1093972423321,802.158440600206,802.158440600206,802.158440600206,802.158440600206,802.158440600206,802.158440600206,0.0015046917644667,804.4172136566797,[-161.0],[-352.0],[1],[0],[0],[2.3064576230162857],804.4178559892164,804.4209356501399,,,,,,,,,,,,,,,ED28,1,2024-02-02_14h00.22.905,rating,2023.2.3,85.10300836343751,2024-02-02 14h00.35.241320 +0800,
neg_79.jpg,0.0,180.0,180.0,169.0,1268.0920143497033,,,,,,,,,,,,,,,,,,,,,,,1268.0811562783942,1268.0920143497033,1269.0802396787026,1269.0802488019344,1269.1035692078383,1270.1032838217448,1270.1149792346691,1271.089225206691,1271.1127488896027,1271.3362606552932,1271.336268638121,1271.4088339683008,1271.4088339683008,1271.4088339683008,1271.4088339683008,1271.4088339683008,1271.4088339683008,0.0052819948173237,1277.4081394622822,[-372.0],[-324.0],[1],[0],[0],[6.069124161197124],1277.4089140816795,1277.412125744363,,,,,,1269.1035692078383,,,,,,,,,ED28,1,2024-02-02_14h00.22.905,rating,2023.2.3,85.10300836343751,2024-02-02 14h00.35.241320 +0800,
neg_8.jpg,0.0,206.0,206.0,170.0,1417.522548209865,,,,,,,,,,,,,,,,,,,,,,,1417.492635128605,,1417.492667059916,1417.4926741874406,1417.522548209865,1418.510511531052,1418.5221715914536,1419.4964104359506,1419.5199335486604,1419.743445314351,1419.7434527269766,1419.8160371589229,1419.8160371589229,1419.8160371589229,1419.8160371589229,1419.8160371589229,1419.8160371589229,0.0007996370095497,1423.980500802702,[-244.0],[-348.0],[1],[0],[0],[4.234068200148613],1423.9813515440642,1423.9845261436185,,,,,,,,,,,,,,,ED28,1,2024-02-02_14h00.22.905,rating,2023.2.3,85.10300836343751,2024-02-02 14h00.35.241320 +0800,
neg_80.jpg,0.0,124.0,124.0,171.0,918.4095826435076,,,,,,,,,,,,,,,,,,,,,,,918.378855313812,,918.3788866749212,918.378893802446,918.4095826435076,919.397540547776,919.4092131526212,920.383453422623,920.406980241646,920.6304845947104,920.6304922924372,920.679535935412,920.679535935412,920.679535935412,920.679535935412,920.679535935412,920.679535935412,0.0016198725654703,923.2677312147669,[-241.0],[-226.0],[1],[0],[0],[2.635641501467262],923.2684066190186,923.2715259089804,,,,,,,,,,,,,,,ED28,1,2024-02-02_14h00.22.905,rating,2023.2.3,85.10300836343751,2024-02-02 14h00.35.241320 +0800,
neg_81.jpg,0.0,178.0,178.0,172.0,1243.7456825018412,,,,,,,,,,,,,,,,,,,,,,,1243.7152223117755,,1243.7152542430867,1243.7152613706116,1243.7456825018412,1244.733645252826,1244.745325840499,1245.7195683913092,1245.7431111759877,1245.9665995633964,1245.966607261123,1246.039169170091,1246.039169170091,1246.039169170091,1246.039169170091,1246.039169170091,1246.039169170091,0.0013672730856342,1255.2845048465742,[-273.0],[337.0],[1],[0],[0],[9.31545170403433],1255.2852503856702,1255.2882790135163,,,,,,,,,,,,,,,ED28,1,2024-02-02_14h00.22.905,rating,2023.2.3,85.10300836343751,2024-02-02 14h00.35.241320 +0800,
neg_82.jpg,0.0,331.0,331.0,173.0,2181.576110988676,,,,,,,,,,,,,,,,,,,,,,,2181.546747867231,,2181.546781794249,2181.546789777077,2181.576110988676,2182.56405321239,2182.5757742844035,2183.549976635973,2183.5734988933805,2183.797009518667,2183.7970177865955,2183.904814757056,2183.904814757056,2183.904814757056,2183.904814757056,2183.904814757056,2183.904814757056,0.0002493920933375,2188.5639015386614,[-275.0],[-320.0],[1],[0],[0],[4.760936545357254],2188.564984922434,2188.5681900277946,,,,,,,,,,,,,,,ED28,1,2024-02-02_14h00.22.905,rating,2023.2.3,85.10300836343751,2024-02-02 14h00.35.241320 +0800,
neg_83.jpg,0.0,30.0,30.0,174.0,284.3072932540258,,,,,,,,,,,,,,,,,,,,,,,284.2965309766505,284.3072932540258,285.2955242850451,285.2955322678729,285.32083070446447,286.3088347950936,286.32048487696034,287.3064849927114,287.3182468341672,287.5535170201015,287.5535247178284,287.57904724380046,287.57904724380046,287.57904724380046,287.57904724380046,287.57904724380046,287.57904724380046,0.0071890353578965,290.5669760677674,[-363.0],[-355.0],[1],[0],[0],[3.012907662345924],290.56740628516536,290.570527000632,,,,,,285.32083070446447,,,,,,,,,ED28,1,2024-02-02_14h00.22.905,rating,2023.2.3,85.10300836343751,2024-02-02 14h00.35.241320 +0800,
neg_84.jpg,0.0,257.0,257.0,175.0,1747.8691477675593,,,,,,,,,,,,,,,,,,,,,,,1747.839087289086,,1747.839119790599,1747.8391269181238,1747.8691477675593,1748.8570603407695,1748.8687118481416,1749.8429524032445,1749.8664795073682,1750.0899881369478,1750.0899964048765,1750.1861107919565,1750.1861107919565,1750.1861107919565,1750.1861107919565,1750.1861107919565,1750.1861107919565,0.0008905842259991,1751.2575759174051,[-267.0],[-330.0],[1],[0],[0],[1.163484606970087],1751.258482538562,1751.261640602259,,,,,,,,,,,,,,,ED28,1,2024-02-02_14h00.22.905,rating,2023.2.3,85.10300836343751,2024-02-02 14h00.35.241320 +0800,
neg_85.jpg,0.0,228.0,228.0,176.0,1575.233086882532,,,,,,,,,,,,,,,,,,,,,,,1575.203105662134,,1575.2031378785464,1575.203145291172,1575.233086882532,1576.2210556206378,1576.2327362083106,1577.2069798995249,1577.2305127056684,1577.454015063026,1577.4540230458538,1577.538351072792,1577.538351072792,1577.538351072792,1577.538351072792,1577.538351072792,1577.538351072792,0.0008997074578473,1580.33862898924,[-273.0],[-327.0],[1],[0],[0],[2.8814578582241666],1580.3395458740329,1580.342829097065,,,,,,,,,,,,,,,ED28,1,2024-02-02_14h00.22.905,rating,2023.2.3,85.10300836343751,2024-02-02 14h00.35.241320 +0800,
neg_86.jpg,0.0,274.0,274.0,177.0,1850.6532539003952,,,,,,,,,,,,,,,,,,,,,,,1850.623535543113,,1850.6235674744244,1850.6235746019493,1850.6532539003952,1851.6412086685527,1851.652867303449,1852.6271064330472,1852.6506067376777,1852.8741387455384,1852.8741467283664,1852.970262826052,1852.970262826052,1852.970262826052,1852.970262826052,1852.970262826052,1852.970262826052,0.0005935089920967,1854.570982021816,[-295.0],[-350.0],[1],[0],[0],[1.6923677608938306],1854.5719219997893,1854.5752040824184,,,,,,,,,,,,,,,ED28,1,2024-02-02_14h00.22.905,rating,2023.2.3,85.10300836343751,2024-02-02 14h00.35.241320 +0800,
neg_87.jpg,0.0,369.0,369.0,178.0,2419.665062498414,,,,,,,,,,,,,,,,,,,,,,,2419.635890679735,,2419.635922040844,2419.635929168369,2419.665062498414,2420.653029811015,2420.664718666617,2421.63895637071,2421.662480623824,2421.885986972595,2421.885994670322,2422.0173760502053,2422.0173760502053,2422.0173760502053,2422.0173760502053,2422.0173760502053,2422.0173760502053,8.77398306329269e-05,2423.9008649679017,[-356.0],[-320.0],[1],[0],[0],[2.0078208904328676],2423.9020105036907,2423.905140342389,,,,,,,,,,,,,,,ED28,1,2024-02-02_14h00.22.905,rating,2023.2.3,85.10300836343751,2024-02-02 14h00.35.241320 +0800,
neg_88.jpg,0.0,297.0,297.0,179.0,1966.539732102001,,,,,,,,,,,,,,,,,,,,,,,1966.5099835240133,,1966.5100154553247,1966.5100225828496,1966.539732102001,1967.527703406016,1967.539389695709,1968.5136242636909,1968.5371470913,1968.7606599973944,1968.760667980222,1968.86854477896,1968.86854477896,1968.86854477896,1968.86854477896,1968.86854477896,1968.86854477896,0.0006673501488876,1969.9990232439984,[-217.0],[-324.0],[1],[0],[0],[1.2332593686328437],1970.000034782321,1970.003178020766,,,,,,,,,,,,,,,ED28,1,2024-02-02_14h00.22.905,rating,2023.2.3,85.10300836343751,2024-02-02 14h00.35.241320 +0800,
neg_89.jpg,0.0,64.0,64.0,180.0,524.7740822670319,,,,,,,,,,,,,,,,,,,,,,,524.7549465734994,,524.7549747984976,524.7549810707196,524.7740822670319,525.7738781347209,525.7855644244139,526.7598007030019,526.7833255263179,527.0068313048873,527.006839002614,527.0441210892341,527.0441210892341,527.0441210892341,527.0441210892341,527.0441210892341,527.0441210892341,0.0018784591659368,532.5136735861627,[-396.0],[328.0],[1],[0],[0],[5.505956472491107],532.5141973166865,532.5173756225536,,,,,,,,,,,,,,,ED28,1,2024-02-02_14h00.22.905,rating,2023.2.3,85.10300836343751,2024-02-02 14h00.35.241320 +0800,
neg_9.jpg,0.0,81.0,81.0,181.0,631.7570922435709,,,,,,,,,,,,,,,,,,,,,,,631.7381184874023,,631.7381495634106,631.7381566909353,631.7570922435709,632.7568906771689,632.7685989196382,633.7428226537827,633.7663457664926,633.9898538258699,633.9898612384957,634.027172120316,634.027172120316,634.027172120316,634.027172120316,634.027172120316,634.027172120316,0.0017253599328341,637.8030624978439,[-254.0],[-322.0],[1],[0],[0],[3.81218744021794],637.8036272829106,637.8067745127694,,,,,,,,,,,,,,,ED28,1,2024-02-02_14h00.22.905,rating,2023.2.3,85.10300836343751,2024-02-02 14h00.35.241320 +0800,
neg_90.jpg,0.0,157.0,157.0,182.0,1117.179718257497,,,,,,,,,,,,,,,,,,,,,,,1117.1492483739978,,1117.149279735107,1117.1492868626317,1117.179718257497,1118.1676616216146,1118.1793342264596,1119.1535750666635,1119.1770987495754,1119.4006182129926,1119.4006261958205,1119.4614730198953,1119.4614730198953,1119.4614730198953,1119.4614730198953,1119.4614730198953,1119.4614730198953,0.001361000864108,1124.1079252659065,[-122.0],[-357.0],[1],[0],[0],[4.705200441678471],1124.1086679539926,1124.111873629555,,,,,,,,,,,,,,,ED28,1,2024-02-02_14h00.22.905,rating,2023.2.3,85.10300836343751,2024-02-02 14h00.35.241320 +0800,
neg_91.jpg,0.0,212.0,212.0,183.0,1475.283484470121,,,,,,,,,,,,,,,,,,,,,,,1475.2534328297784,,1475.2534653312914,1475.2534724588163,1475.283484470121,1476.2714540635302,1476.2831209663557,1477.2573620916603,1477.2808840639664,1477.5043966849598,1477.5044049528883,1477.588740107352,1477.588740107352,1477.588740107352,1477.588740107352,1477.588740107352,1477.588740107352,0.0009535915455671,1481.7532935579434,[-266.0],[-346.0],[1],[0],[0],[4.2457718810023835],1481.754089845016,1481.757244772602,,,,,,,,,,,,,,,ED28,1,2024-02-02_14h00.22.905,rating,2023.2.3,85.10300836343751,2024-02-02 14h00.35.241320 +0800,
neg_92.jpg,0.0,5.0,5.0,184.0,72.31914376189047,,,,,,,,,,,,,,,,,,,,,,,72.29985354361997,,72.29988576003211,72.29989288755701,72.31914376189047,73.31895873134613,73.33062991068641,74.30487274659731,74.32839500400416,74.55191019090648,74.5519187439362,74.565613855224,74.565613855224,74.565613855224,74.565613855224,74.565613855224,74.565613855224,0.0020478091556697,77.5416733546607,[-368.0],[-324.0],[1],[0],[0],[2.989381128424043],77.54207563216153,77.5451495910653,,,,,,,,,,,,,,,ED28,1,2024-02-02_14h00.22.905,rating,2023.2.3,85.10300836343751,2024-02-02 14h00.35.241320 +0800,
neg_93.jpg,0.0,334.0,334.0,185.0,2201.9353185675727,,,,,,,,,,,,,,,,,,,,,,,2201.906509112255,,2201.9065407584653,2201.90654788599,2201.9353185675727,2202.923286450376,2202.9349750208767,2203.9092130100707,2203.932762637173,2204.156406404623,2204.1564149576525,2204.2758708481097,2204.2758708481097,2204.2758708481097,2204.2758708481097,2204.2758708481097,2204.2758708481097,-0.0001118308641707,2207.876485982012,[-119.0],[-223.0],[1],[0],[0],[3.7139707184178405],2207.877555110734,2207.8807020554927,,,,,,,2204.2758708481097,,,,,,,,ED28,1,2024-02-02_14h00.22.905,rating,2023.2.3,85.10300836343751,2024-02-02 14h00.35.241320 +0800,
neg_94.jpg,0.0,98.0,98.0,186.0,751.1956633858194,,,,,,,,,,,,,,,,,,,,,,,751.1649035546106,,751.1649346306187,751.1649417581436,751.1956633858194,752.1836281325116,752.1953332388698,753.1695934659413,753.19308179633,753.4166420291892,753.4166497269159,753.46564433252,753.46564433252,753.46564433252,753.46564433252,753.46564433252,753.46564433252,0.0017310619525687,756.8064301107702,[-354.0],[75.0],[1],[0],[0],[3.388566423827342],756.8070539117423,756.8102419110432,,,,,,,,,,,,,,,ED28,1,2024-02-02_14h00.22.905,rating,2023.2.3,85.10300836343751,2024-02-02 14h00.35.241320 +0800,
neg_95.jpg,0.0,92.0,92.0,187.0,715.5698695577428,,,,,,,,,,,,,,,,,,,,,,,715.5508690020808,,715.5509006482912,715.550907490715,715.5698695577428,716.5696965014401,716.5813594128515,717.5555971169447,717.5791199445534,717.8026299996379,717.8026376973646,717.8516935996822,717.8516935996822,717.8516935996822,717.8516935996822,717.8516935996822,717.8516935996822,0.0017510190220946,719.7340965676976,[-364.0],[-363.0],[1],[0],[0],[1.9302001494500018],719.7346442467046,719.7377889106547,,,,,,,,,,,,,,,ED28,1,2024-02-02_14h00.22.905,rating,2023.2.3,85.10300836343751,2024-02-02 14h00.35.241320 +0800,
neg_96.jpg,0.0,216.0,216.0,188.0,1501.0529942874314,,,,,,,,,,,,,,,,,,,,,,,1501.02307521905,,1501.0231065801595,1501.0231137076844,1501.0529942874314,1502.040984408112,1502.052730569013,1503.0269260781592,1503.0504320848097,1503.2740387891304,1503.2740467719582,1503.3582784347614,1503.3582784347614,1503.3582784347614,1503.3582784347614,1503.3582784347614,1503.3582784347614,0.0009541617478134,1508.2638846321724,[-131.0],[-351.0],[1],[0],[0],[4.986662975559284],1508.2647501987867,1508.2678726248591,,,,,,,,,,,,,,,ED28,1,2024-02-02_14h00.22.905,rating,2023.2.3,85.10300836343751,2024-02-02 14h00.35.241320 +0800,
neg_97.jpg,0.0,70.0,70.0,189.0,562.3640654147121,,,,,,,,,,,,,,,,,,,,,,,562.3332115001758,,562.333240010275,562.3332462824969,562.3640654147121,563.3520566757966,563.3636979195326,564.3379153814551,564.361437923963,564.5849733530356,564.5849810507625,564.6222619969785,564.6222619969785,564.6222619969785,564.6222619969785,564.6222619969785,564.6222619969785,0.0017561508400376,565.3637158808949,[-392.0],[-363.0],[1],[0],[0],[0.7778190857438858],565.3642584280842,565.3674090791551,,,,,,,,,,,,,,,ED28,1,2024-02-02_14h00.22.905,rating,2023.2.3,85.10300836343751,2024-02-02 14h00.35.241320 +0800,
neg_98.jpg,0.0,168.0,168.0,190.0,1181.8329607538526,,,,,,,,,,,,,,,,,,,,,,,1181.8024104718734,,1181.8024389819727,1181.8024455392956,1181.8329607538526,1182.820906398778,1182.83255220413,1183.80679190393,1183.830314161337,1184.0538264972292,1184.053834480057,1184.114635973074,1184.114635973074,1184.114635973074,1184.114635973074,1184.114635973074,1184.114635973074,0.0014100382347805,1187.7026496430965,[-398.0],[-351.0],[1],[0],[0],[3.6465409124200505],1187.7033792165366,1187.7064488989256,,,,,,,,,,,,,,,ED28,1,2024-02-02_14h00.22.905,rating,2023.2.3,85.10300836343751,2024-02-02 14h00.35.241320 +0800,
neg_99.jpg,0.0,138.0,138.0,191.0,1006.6564410443932,,,,,,,,,,,,,,,,,,,,,,,1006.6260173472548,,1006.6260501338692,1006.626057261394,1006.6564410443932,1007.6444043655804,1007.6561223014836,1008.6303354868912,1008.653853752884,1008.8774065731176,1008.8774142708442,1008.9381943812866,1008.9381943812866,1008.9381943812866,1008.9381943812866,1008.9381943812866,1008.9381943812866,0.0013786771257855,1019.11254988911,[-384.0],[-229.0],[1],[0],[0],[10.233323801456663],1019.1132780370452,1019.1164278328132,,,,,,,,,,,,,,,ED28,1,2024-02-02_14h00.22.905,rating,2023.2.3,85.10300836343751,2024-02-02 14h00.35.241320 +0800,
neu_1.jpg,0.0,229.0,229.0,192.0,1580.3728964179627,,,,,,,,,,,,,,,,,,,,,,,1580.3430694372018,,1580.3431007983113,1580.3431079258362,1580.3728964179627,1581.3608551775335,1581.3725363354088,1582.3468042602071,1582.3702988628174,1582.593848261839,1582.5938573850708,1582.6781483488803,1582.6781483488803,1582.6781483488803,1582.6781483488803,1582.6781483488803,1582.6781483488803,0.0007925094841993,1584.7374288281007,[-8.0],[-272.0],[1],[0],[0],[2.1382200973962426],1584.7382801396652,1584.741435922554,,,,,,,,,,,,,,,ED28,1,2024-02-02_14h00.22.905,rating,2023.2.3,85.10300836343751,2024-02-02 14h00.35.241320 +0800,
neu_10.jpg,0.0,205.0,205.0,193.0,1412.0886843701078,,,,,,,,,,,,,,,,,,,,,,,1412.0585298083065,,1412.058561169416,1412.0585680118395,1412.0886843701078,1413.0766525380118,1413.0883502317442,1414.0625782424036,1414.0860996445076,1414.3096114101977,1414.3096193930255,1414.382187574215,1414.382187574215,1414.382187574215,1414.382187574215,1414.382187574215,1414.382187574215,0.0010724786593527,1417.4883329546242,[180.0],[-348.0],[1],[0],[0],[3.1756894953682604],1417.4892350141654,1417.492390511953,,,,,,,,,,,,,,,ED28,1,2024-02-02_14h00.22.905,rating,2023.2.3,85.10300836343751,2024-02-02 14h00.35.241320 +0800,
neu_100.jpg,0.0,302.0,302.0,194.0,1994.3675484935409,,,,,,,,,,,,,,,,,,,,,,,1994.3380228645287,,1994.3380550809416,1994.338061923365,1994.3675484935409,1995.355538614221,1995.367216065783,1996.3414871266923,1996.3649663338488,1996.588534834637,1996.5885525108988,1996.6963503366612,1996.6963503366612,1996.6963503366612,1996.6963503366612,1996.6963503366612,1996.6963503366612,0.0005119701077092,1999.767472200515,[210.0],[199.0],[1],[0],[0],[3.173747672506579],1999.768521657269,1999.771678865663,,,,,,,,,,,,,,,ED28,1,2024-02-02_14h00.22.905,rating,2023.2.3,85.10300836343751,2024-02-02 14h00.35.241320 +0800,
neu_101.jpg,0.0,194.0,194.0,195.0,1358.3854916096202,,,,,,,,,,,,,,,,,,,,,,,1358.355034555666,,1358.3550664869772,1358.355073329401,1358.3854916096202,1359.3734284164152,1359.385119267724,1360.3593569718169,1360.3828806547283,1360.60638985451,1360.6063978373377,1360.6789674440324,1360.6789674440324,1360.6789674440324,1360.6789674440324,1360.6789674440324,1360.6789674440324,0.0013458905118568,1364.490576699437,[-216.0],[202.0],[1],[0],[0],[3.881429918327285],1364.4913501784304,1364.4944942721786,,,,,,,,,,,,,,,ED28,1,2024-02-02_14h00.22.905,rating,2023.2.3,85.10300836343751,2024-02-02 14h00.35.241320 +0800,
neu_102.jpg,0.0,73.0,73.0,196.0,582.9350049564807,,,,,,,,,,,,,,,,,,,,,,,582.9041564588631,,582.9041878199723,582.9041946623961,582.9350049564807,583.922959439537,583.9346488653407,584.9088834333229,584.9324074013357,585.1559174564202,585.1559251541469,585.1932505761179,585.1932505761179,585.1932505761179,585.1932505761179,585.1932505761179,585.1932505761179,0.0017515892241135,588.5457272056767,[217.0],[170.0],[1],[0],[0],[3.3888520950220027],588.5462691826638,588.5493596774254,,,,,,,,,,,,,,,ED28,1,2024-02-02_14h00.22.905,rating,2023.2.3,85.10300836343751,2024-02-02 14h00.35.241320 +0800,
neu_103.jpg,0.0,329.0,329.0,197.0,2158.7704803010893,,,,,,,,,,,,,,,,,,,,,,,2158.7410701379804,,2158.7411023543923,2158.741109481917,2158.7704803010893,2159.7584202439957,2159.7700991210622,2160.744337965559,2160.767860508067,2160.9913731290603,2160.9913813969893,2161.099234247244,2161.099234247244,2161.099234247244,2161.099234247244,2161.099234247244,2161.099234247244,0.0002930125451712,2166.6051103212544,[305.0],[-355.0],[1],[0],[0],[5.607775445334937],2166.606166335332,2175.0958552302773,space,2166.627166304256,2166.627166304256,8.44823692120599,,,,,,,,,,,ED28,1,2024-02-02_14h00.22.905,rating,2023.2.3,85.10300836343751,2024-02-02 14h00.35.241320 +0800,
neu_104.jpg,0.0,281.0,281.0,198.0,1881.2332308585333,,,,,,,,,,,,,,,,,,,,,,,1881.2035561217024,,1881.2035900487208,1881.2035977464477,1881.2332308585333,1882.2212030178512,1882.232885886332,1883.2071272967376,1883.23065097965,1883.454166166552,1883.45417414938,1883.550272000602,1883.550272000602,1883.550272000602,1883.550272000602,1883.550272000602,1883.550272000602,0.0005997812131681,1885.057018487944,[213.0],[187.0],[1],[0],[0],[1.5981681120811118],1885.0580585363653,1885.0611943621848,,,,,,,,,,,,,,,ED28,1,2024-02-02_14h00.22.905,rating,2023.2.3,85.10300836343751,2024-02-02 14h00.35.241320 +0800,
neu_105.jpg,0.0,136.0,136.0,199.0,990.260839183368,,,,,,,,,,,,,,,,,,,,,,,990.2302079327068,,990.230239293816,990.23024613624,990.260839183368,991.2488127681908,991.2604993429848,992.2347361917748,992.2582695681205,992.481771640377,992.4817796232048,992.5426161836438,992.5426161836438,992.5426161836438,992.5426161836438,992.5426161836438,992.5426161836438,0.0015548695391771,996.1893629389806,[17.0],[-362.0],[1],[0],[0],[3.705822817145645],996.1900297902027,996.19311914456,,,,,,,,,,,,,,,ED28,1,2024-02-02_14h00.22.905,rating,2023.2.3,85.10300836343751,2024-02-02 14h00.35.241320 +0800,
neu_106.jpg,0.0,129.0,129.0,200.0,948.5661983122592,,,,,,,,,,,,,,,,,,,,,,,948.5355194497322,,948.5355510959424,948.5355579383664,948.5661983122592,949.554132838246,949.5658202683428,950.5400571171328,950.5635796596408,950.787091425331,950.7870991230576,950.8362359940572,950.8362359940572,950.8362359940572,950.8362359940572,950.8362359940572,950.8362359940572,0.0015625672660917,953.2948437489754,[257.0],[-356.0],[1],[0],[0],[2.5060956017755416],953.2954721115634,953.2986256136442,,,,,,,,,,,,,,,ED28,1,2024-02-02_14h00.22.905,rating,2023.2.3,85.10300836343751,2024-02-02 14h00.35.241320 +0800,
neu_107.jpg,0.0,338.0,338.0,201.0,2224.458694710721,,,,,,,,,,,,,,,,,,,,,,,2224.4294792715896,,2224.429508636992,2224.4295149092136,2224.458694710721,2225.446674852866,2225.458333772864,2226.432573757765,2226.456097725778,2226.679606640458,2226.679614623286,2226.7992290298957,2226.7992290298957,2226.7992290298957,2226.7992290298957,2226.7992290298957,2226.7992290298957,0.0001202413436658,2234.292859731167,[204.0],[-230.0],[1],[0],[0],[7.60712712567738],2234.2939394086266,2234.297102604141,,,,,,,,,,,,,,,ED28,1,2024-02-02_14h00.22.905,rating,2023.2.3,85.10300836343751,2024-02-02 14h00.35.241320 +0800,
neu_108.jpg,0.0,86.0,86.0,202.0,675.6277664418456,,,,,,,,,,,,,,,,,,,,,,,675.5970490906845,,675.5970804517938,675.5970875793187,675.6277664418456,676.6157428776783,676.627387257525,677.6016263871231,677.6251497849339,677.8486572741094,677.8486646867352,677.885958177395,677.885958177395,677.885958177395,677.885958177395,677.885958177395,677.885958177395,0.0015982048898877,680.8856169115065,[250.0],[-240.0],[1],[0],[0],[3.035810395295357],680.8862130576824,680.8892912931012,,,,,,,,,,,,,,,ED28,1,2024-02-02_14h00.22.905,rating,2023.2.3,85.10300836343751,2024-02-02 14h00.35.241320 +0800,
neu_109.jpg,0.0,271.0,271.0,203.0,1834.3752325354967,,,,,,,,,,,,,,,,,,,,,,,1834.345439766856,,1834.345469132258,1834.34547540448,1834.3752325354967,1835.3632257922889,1835.37488300168,1836.34912555249,1836.372648950301,1836.596160145789,1836.596168128617,1836.6922545758,1836.6922545758,1836.6922545758,1836.6922545758,1836.6922545758,1836.6922545758,0.000713251408797,1842.0566977493272,[-9.0],[192.0],[1],[0],[0],[5.456086321738439],1842.057647135633,1842.060797786704,,,,,,,,,,,,,,,ED28,1,2024-02-02_14h00.22.905,rating,2023.2.3,85.10300836343751,2024-02-02 14h00.35.241320 +0800,
neu_11.jpg,0.0,307.0,307.0,204.0,2023.7596581525052,,,,,,,,,,,,,,,,,,,,,,,2023.7301196939495,,2023.730151910362,2023.730159322988,2023.7596581525052,2024.7476337330356,2024.7593063378804,2025.7335477482864,2025.7570714311985,2025.9805846223933,2025.980592605221,2026.0884699741612,2026.0884699741612,2026.0884699741612,2026.0884699741612,2026.0884699741612,2026.0884699741612,0.0004546648083305,2029.5829739397736,[31.0],[-272.0],[1],[0],[0],[3.5970000533138773],2029.583987188702,2029.5871369844692,,,,,,,,,,,,,,,ED28,1,2024-02-02_14h00.22.905,rating,2023.2.3,85.10300836343751,2024-02-02 14h00.35.241320 +0800,
neu_110.jpg,0.0,65.0,65.0,205.0,532.5366838021866,,,,,,,,,,,,,,,,,,,,,,,532.5176122563776,,532.5176433323859,532.5176501748097,532.5366838021866,533.5365116011869,533.5481830656281,534.522399672248,534.545948158946,534.7694530822125,534.7694604948383,534.8067642491337,534.8067642491337,534.8067642491337,534.8067642491337,534.8067642491337,534.8067642491337,0.0018311324010937,542.3228115861623,[233.0],[-247.0],[1],[0],[0],[7.552468418650278],542.3233373123928,542.3264429175069,,,,,,,,,,,,,,,ED28,1,2024-02-02_14h00.22.905,rating,2023.2.3,85.10300836343751,2024-02-02 14h00.35.241320 +0800,
neu_111.jpg,0.0,224.0,224.0,206.0,1546.3584971072228,,,,,,,,,,,,,,,,,,,,,,,1546.328386165873,,1546.3284178120834,1546.3284249396083,1546.3584971072228,1547.34646042841,1547.3581581221424,1548.3323849923977,1548.3559072498049,1548.579420726101,1548.5794287089288,1548.6637544550597,1548.6637544550597,1548.6637544550597,1548.6637544550597,1548.6637544550597,1548.6637544550597,0.0010248667936139,1553.6869069364784,[212.0],[277.0],[1],[0],[0],[5.104121448461228],1553.6877488397104,1553.6908832400245,,,,,,,,,,,,,,,ED28,1,2024-02-02_14h00.22.905,rating,2023.2.3,85.10300836343751,2024-02-02 14h00.35.241320 +0800,
neu_112.jpg,0.0,91.0,91.0,207.0,710.2654857593479,,,,,,,,,,,,,,,,,,,,,,,710.2347396129867,,710.2347709740959,710.2347783867217,710.2654857593479,711.2535100921475,711.2651373659348,712.2393819124518,712.2629016039496,712.4864113739329,712.4864187865587,712.5354889439261,712.5354889439261,712.5354889439261,712.5354889439261,712.5354889439261,712.5354889439261,0.0016612122094556,715.5469383146938,[247.0],[-247.0],[1],[0],[0],[3.059331797399409],715.54748285759,715.550628947045,,,,,,,,,,,,,,,ED28,1,2024-02-02_14h00.22.905,rating,2023.2.3,85.10300836343751,2024-02-02 14h00.35.241320 +0800,
neu_113.jpg,0.0,31.0,31.0,208.0,290.58992840828955,,,,,,,,,,,,,,,,,,,,,,,290.5707696215768,,290.57080126778715,290.5708081102109,290.58992840828955,291.58973282900865,291.6014524755176,292.5756679417334,292.5991805057065,292.8227470107872,292.8227541383121,292.8482199291866,292.8482199291866,292.8482199291866,292.8482199291866,292.8482199291866,292.8482199291866,0.0019662702718505,298.7058142641158,[48.0],[-348.0],[1],[0],[0],[5.882521284927407],298.7063231693878,298.7094424593495,,,,,,,,,,,,,,,ED28,1,2024-02-02_14h00.22.905,rating,2023.2.3,85.10300836343751,2024-02-02 14h00.35.241320 +0800,
neu_114.jpg,0.0,306.0,306.0,209.0,2018.7492542470784,,,,,,,,,,,,,,,,,,,,,,,2018.7195914844897,,2018.719622845599,2018.7196302582247,2018.7492542470784,2019.737205594024,2019.7488893178077,2020.7231304431125,2020.74670173789,2020.9701624705024,2020.9701704533304,2021.0780213078776,2021.0780213078776,2021.0780213078776,2021.0780213078776,2021.0780213078776,2021.0780213078776,0.0005618627815238,2023.7257285684595,[11.0],[-79.0],[1],[0],[0],[2.7502441177252877],2023.726734974964,2023.729876217702,,,,,,,,,,,,,,,ED28,1,2024-02-02_14h00.22.905,rating,2023.2.3,85.10300836343751,2024-02-02 14h00.35.241320 +0800,
neu_115.jpg,0.0,242.0,242.0,210.0,1659.5398415807822,,,,,,,,,,,,,,,,,,,,,,,1659.5099242230071,,1659.5099558692173,1659.5099632818433,1659.5398415807822,1660.5278416799974,1660.539502880803,1661.513747142219,1661.537264267808,1661.760806824405,1661.760824785768,1661.8451146091734,1661.8451146091734,1661.8451146091734,1661.8451146091734,1661.8451146091734,1661.8451146091734,0.0008826013986436,1669.6675856421998,[214.0],[-230.0],[1],[0],[0],[7.903049126607129],1669.6684882719428,1669.671637212408,,,,,,,,,,,,,,,ED28,1,2024-02-02_14h00.22.905,rating,2023.2.3,85.10300836343751,2024-02-02 14h00.35.241320 +0800,
neu_116.jpg,0.0,268.0,268.0,211.0,1812.534066289972,,,,,,,,,,,,,,,,,,,,,,,1812.5043085887528,,1812.504340520064,1812.50434793269,1812.534066289972,1813.5220127902007,1813.5337016458025,1814.5079333627743,1814.5314576158885,1814.754968241175,1814.7549762240028,1814.851066092397,1814.851066092397,1814.851066092397,1814.851066092397,1814.851066092397,1814.851066092397,0.0006493887863143,1816.0754408587927,[-6.0],[209.0],[1],[0],[0],[1.3161154191452624],1816.0763888195931,1816.0795394706645,,,,,,,,,,,,,,,ED28,1,2024-02-02_14h00.22.905,rating,2023.2.3,85.10300836343751,2024-02-02 14h00.35.241320 +0800,
neu_117.jpg,0.0,367.0,367.0,212.0,2411.267334354185,,,,,,,,,,,,,,,,,,,,,,,2411.23835611908,,2411.238388905694,2411.2383960332186,2411.267334354185,2412.255283705423,2412.2669805438527,2413.241228226481,2413.264735943737,2413.488449846031,2413.488458399061,2413.6078689584606,2413.6078689584606,2413.6078689584606,2413.6078689584606,2413.6078689584606,2413.6078689584606,8.374841672775801e-05,2415.2561869053684,[23.0],[-258.0],[1],[0],[0],[1.7607817355178668],2415.257380623225,2415.2605974177263,,,,,,,2413.6078689584606,,,,,,,,ED28,1,2024-02-02_14h00.22.905,rating,2023.2.3,85.10300836343751,2024-02-02 14h00.35.241320 +0800,
neu_118.jpg,0.0,269.0,269.0,213.0,1816.109592536512,,,,,,,,,,,,,,,,,,,,,,,1816.079779810801,,1816.0798111719105,1816.0798180143345,1816.109592536512,1817.097519649873,1817.109205939566,1818.0834444989616,1818.106968181874,1818.3304773816556,1818.330485079382,1818.4266214192385,1818.4266214192385,1818.4266214192385,1818.4266214192385,1818.4266214192385,1818.4266214192385,0.000687877420205,1821.6269661633587,[2.0],[-82.0],[1],[0],[0],[3.292076843840732],1821.627906141332,1829.1065165819011,space,1821.6492636269008,1821.6492636269008,7.433905749603582,,,,,,,,,,,ED28,1,2024-02-02_14h00.22.905,rating,2023.2.3,85.10300836343751,2024-02-02 14h00.35.241320 +0800,
neu_119.jpg,0.0,133.0,133.0,214.0,968.396153531446,,,,,,,,,,,,,,,,,,,,,,,968.3654835070502,,968.3655123022504,968.3655182893712,968.396153531446,969.3840943296548,969.3957740620248,970.3700237403596,970.3935391553428,970.6170571932548,970.6170648909816,970.6778709456144,970.6778709456144,970.6778709456144,970.6778709456144,970.6778709456144,970.6778709456144,0.0015676990840347,974.7127439288456,[3.0],[-225.0],[1],[0],[0],[4.093895446053466],974.7133745722416,974.7165580099264,,,,,,,,,,,,,,,ED28,1,2024-02-02_14h00.22.905,rating,2023.2.3,85.10300836343751,2024-02-02 14h00.35.241320 +0800,
neu_12.jpg,0.0,343.0,343.0,215.0,2258.2731247553475,,,,,,,,,,,,,,,,,,,,,,,2258.2441111677194,,2258.2441428139296,2258.2441499414545,2258.2731247553475,2259.261118582341,2259.272777217237,2260.2470189127444,2260.270557420908,2260.4942105966907,2260.4942191497203,2260.613671048764,2260.613671048764,2260.613671048764,2260.613671048764,2260.613671048764,2260.613671048764,9.030573937707231e-05,2264.3553926425125,[6.0],[-315.0],[1],[0],[0],[3.8548767522661365],2264.3564822985068,2264.359723041492,,,,,,,2260.613671048764,,,,,,,,ED28,1,2024-02-02_14h00.22.905,rating,2023.2.3,85.10300836343751,2024-02-02 14h00.35.241320 +0800,
neu_120.jpg,0.0,95.0,95.0,216.0,729.789651632246,,,,,,,,,,,,,,,,,,,,,,,729.7589861694657,,729.7590178156759,729.7590249432008,729.789651632246,730.7776266425738,730.789334314841,731.7635492108548,731.7870677619487,732.0105860849617,732.0105943528906,732.059615757988,732.059615757988,732.059615757988,732.059615757988,732.059615757988,732.059615757988,0.0016013410008781,740.9049082701811,[0.0],[-50.0],[1],[0],[0],[8.893124761049876],740.9055178161036,740.9086333997523,,,,,,,,,,,,,,,ED28,1,2024-02-02_14h00.22.905,rating,2023.2.3,85.10300836343751,2024-02-02 14h00.35.241320 +0800,
neu_121.jpg,0.0,11.0,11.0,217.0,147.41661922110973,,,,,,,,,,,,,,,,,,,,,,,147.3973355601621,,147.39736720637234,147.39737433389712,147.41661922110973,148.41646327086676,148.4281144931374,149.40237443510796,149.42587473973833,149.64938308421677,149.64939078194357,149.66307648489862,149.66307648489862,149.66307648489862,149.66307648489862,149.66307648489862,149.66307648489862,0.0020369753178783,162.7658613799059,[107.0],[-169.0],[1],[0],[0],[13.116048648493006],162.7663201074032,162.76959990922376,,,,,,,,,,,,,,,ED28,1,2024-02-02_14h00.22.905,rating,2023.2.3,85.10300836343751,2024-02-02 14h00.35.241320 +0800,
neu_122.jpg,0.0,172.0,172.0,218.0,1208.9080078881743,,,,,,,,,,,,,,,,,,,,,,,1208.8775953099746,,1208.8776246753769,1208.8776309475986,1208.9080078881743,1209.895943554565,1209.9076301293587,1210.88187011426,1210.9054009246966,1211.128904707559,1211.1289126903869,1211.1896403422463,1211.1896403422463,1211.1896403422463,1211.1896403422463,1211.1896403422463,1211.1896403422463,0.0013036955647294,1214.8012398471974,[9.0],[365.0],[1],[0],[0],[3.66997393321617],1214.8019742673546,1214.8050884254983,,,,,,,,,,,,,,,ED28,1,2024-02-02_14h00.22.905,rating,2023.2.3,85.10300836343751,2024-02-02 14h00.35.241320 +0800,
neu_123.jpg,0.0,48.0,48.0,219.0,396.5498534723447,,,,,,,,,,,,,,,,,,,,,,,396.518738405299,,396.5187697664082,396.5187768939329,396.5498534723447,397.5377874281296,397.54942354004766,398.5236678014637,398.54719034397135,398.77069811824776,398.7707055308738,398.7962266313407,398.7962266313407,398.7962266313407,398.7962266313407,398.7962266313407,398.7962266313407,0.0019488791112962,401.83107680649255,[240.0],[-358.0],[1],[0],[0],[3.05966279965196],401.8315919839863,401.8346511176387,,,,,,,,,,,,,,,ED28,1,2024-02-02_14h00.22.905,rating,2023.2.3,85.10300836343751,2024-02-02 14h00.35.241320 +0800,
neu_124.jpg,0.0,164.0,164.0,220.0,1161.450151374372,,,,,,,,,,,,,,,,,,,,,,,1161.4197419322834,,1161.4197732933926,1161.4197801358164,1161.450151374372,1162.4381075680344,1162.4498272145431,1163.4240369787392,1163.4475549596311,1163.6710978013296,1163.6711057841574,1163.7318935923267,1163.7318935923267,1163.7318935923267,1163.7318935923267,1163.7318935923267,1163.7318935923267,0.0013470309154399,1166.0849264539224,[227.0],[221.0],[1],[0],[0],[2.411632804746432],1166.085647474333,1166.0886857956127,,,,,,,,,,,,,,,ED28,1,2024-02-02_14h00.22.905,rating,2023.2.3,85.10300836343751,2024-02-02 14h00.35.241320 +0800,
neu_125.jpg,0.0,278.0,278.0,221.0,1869.283533507492,,,,,,,,,,,,,,,,,,,,,,,1869.2537826486964,,1869.2538140098056,1869.2538211373308,1869.283533507492,1870.2714700291856,1870.283148621152,1871.2573957335776,1871.2809194164893,1871.504430041776,1871.504438024604,1871.600529603604,1871.600529603604,1871.600529603604,1871.600529603604,1871.600529603604,1871.600529603604,0.000637699645722,1873.389667483861,[51.0],[-322.0],[1],[0],[0],[1.8806895110487858],1873.3906165850656,1873.393804584367,,,,,,,,,,,,,,,ED28,1,2024-02-02_14h00.22.905,rating,2023.2.3,85.10300836343751,2024-02-02 14h00.35.241320 +0800,
neu_126.jpg,0.0,275.0,275.0,222.0,1854.605092644993,,,,,,,,,,,,,,,,,,,,,,,1854.575444707656,,1854.575477209169,1854.575484336694,1854.605092644993,1855.593058532089,1855.6047436813776,1856.5789853768847,1856.6025384251989,1856.826026242406,1856.826033940133,1856.9221166810023,1856.9221166810023,1856.9221166810023,1856.9221166810023,1856.9221166810023,1856.9221166810023,0.0005704158111257,1859.840186068312,[127.0],[-335.0],[1],[0],[0],[3.009627005222228],1859.8411331738096,1859.844264438013,,,,,,,,,,,,,,,ED28,1,2024-02-02_14h00.22.905,rating,2023.2.3,85.10300836343751,2024-02-02 14h00.35.241320 +0800,
neu_127.jpg,0.0,348.0,348.0,223.0,2289.370652102948,,,,,,,,,,,,,,,,,,,,,,,2289.3414372340185,,2289.341469450431,2289.341476577956,2289.370652102948,2290.358641368325,2290.3703045648376,2291.3445474007485,2291.368097883153,2291.591579998341,2291.591587696068,2291.711214932221,2291.711214932221,2291.711214932221,2291.711214932221,2291.711214932221,2291.711214932221,0.0001327857876276,2295.35888684028,[231.0],[-332.0],[1],[0],[0],[3.7607954203658664],2295.3600018702623,2295.363086377903,,,,,,,,,,,,,,,ED28,1,2024-02-02_14h00.22.905,rating,2023.2.3,85.10300836343751,2024-02-02 14h00.35.241320 +0800,
neu_128.jpg,0.0,273.0,273.0,224.0,1845.289953696748,,,,,,,,,,,,,,,,,,,,,,,1845.2602766791088,,1845.2603094657236,1845.260316308148,1845.289953696748,1846.2779227199549,1846.28960102682,1847.2638404415188,1847.287363269128,1847.510878741131,1847.5108875792616,1847.6070042471488,1847.6070042471488,1847.6070042471488,1847.6070042471488,1847.6070042471488,1847.6070042471488,0.0005932238905188,1850.6191073544935,[65.0],[-340.0],[1],[0],[0],[3.103684388639522],1850.6200516089816,1850.6232926370672,,,,,,,,,,,,,,,ED28,1,2024-02-02_14h00.22.905,rating,2023.2.3,85.10300836343751,2024-02-02 14h00.35.241320 +0800,
neu_129.jpg,0.0,270.0,270.0,225.0,1829.1295778310027,,,,,,,,,,,,,,,,,,,,,,,1829.10690660006,1829.1295778310027,1830.117583062036,1830.1175907597624,1830.1410810858583,1831.1290660747209,1831.1407261351223,1832.1149695412355,1832.1384920837431,1832.3620115471604,1832.362020670392,1832.458102270858,1832.458102270858,1832.458102270858,1832.458102270858,1832.458102270858,1832.458102270858,0.0052976753718212,1834.3411176358056,[222.0],[-326.0],[1],[0],[0],[1.9745022778147359],1834.3420872642816,1834.3451991416175,,,,,,,,,,,,,,,ED28,1,2024-02-02_14h00.22.905,rating,2023.2.3,85.10300836343751,2024-02-02 14h00.35.241320 +0800,
neu_13.jpg,0.0,96.0,96.0,226.0,740.9277616806589,,,,,,,,,,,,,,,,,,,,,,,740.9088708888792,,740.9089016797866,740.9089088073113,740.9277616806589,741.927564390772,741.9392455486468,742.9134900951638,742.9370183396916,743.160522977857,743.1605309606848,743.2095720377508,743.2095720377508,743.2095720377508,743.2095720377508,743.2095720377508,743.2095720377508,0.0016432508468824,747.7735562557002,[228.0],[-257.0],[1],[0],[0],[4.611825019836033],747.7741492657651,747.7772679855248,,,,,,,,,,,,,,,ED28,1,2024-02-02_14h00.22.905,rating,2023.2.3,85.10300836343751,2024-02-02 14h00.35.241320 +0800,
neu_130.jpg,0.0,29.0,29.0,227.0,274.5824590473805,,,,,,,,,,,,,,,,,,,,,,,274.5632663336496,,274.56329826496085,274.56330539248574,274.5824590473805,275.5822683148165,275.5939514683985,276.5681914532995,276.5917148511103,276.8152266168006,276.8152340294264,276.84076738923613,276.84076738923613,276.84076738923613,276.84076738923613,276.84076738923613,276.84076738923613,0.0019494493130878,280.4872204905505,[-9.0],[-343.0],[1],[0],[0],[3.6714219611583303],280.4876800733507,284.29591259259723,space,280.52209803539745,280.52209803539745,3.762183862200573,,,,,,,,,,,ED28,1,2024-02-02_14h00.22.905,rating,2023.2.3,85.10300836343751,2024-02-02 14h00.35.241320 +0800,
neu_131.jpg,0.0,308.0,308.0,228.0,2029.616900387709,,,,,,,,,,,,,,,,,,,,,,,2029.5873790352125,,2029.5874106814224,2029.5874178089475,2029.616900387709,2030.60487055132,2030.6165568410124,2031.5907979663173,2031.6143698312967,2031.8378319894143,2031.8378399722424,2031.945686265174,2031.945686265174,2031.945686265174,2031.945686265174,2031.945686265174,2031.945686265174,0.0004444011724444,2033.3231733793216,[20.0],[-323.0],[1],[0],[0],[1.4800194096756059],2033.3242259721876,2033.3273632235116,,,,,,,,,,,,,,,ED28,1,2024-02-02_14h00.22.905,rating,2023.2.3,85.10300836343751,2024-02-02 14h00.35.241320 +0800,
neu_132.jpg,0.0,158.0,158.0,229.0,1124.142515999155,,,,,,,,,,,,,,,,,,,,,,,1124.112115395197,,1124.1121447605992,1124.112151317922,1124.142515999155,1125.1304838819578,1125.1421693163477,1126.116410156552,1126.1399335543626,1126.363444179649,1126.3634521624767,1126.4242539405946,1126.4242539405946,1126.4242539405946,1126.4242539405946,1126.4242539405946,1126.4242539405946,0.0013219420281984,1131.4236272886126,[258.0],[-232.0],[1],[0],[0],[5.058039434599095],1131.424316377712,1131.4274832795395,,,,,,,,,,,,,,,ED28,1,2024-02-02_14h00.22.905,rating,2023.2.3,85.10300836343751,2024-02-02 14h00.35.241320 +0800,
neu_133.jpg,0.0,9.0,9.0,230.0,124.15229952482218,,,,,,,,,,,,,,,,,,,,,,,124.13303724644892,,124.13306889265914,124.13307602018392,124.15229952482218,125.15208455867356,125.16376942286148,126.13801140346948,126.16153508638126,126.38504200535476,126.38504941798055,126.3987351209355,126.3987351209355,126.3987351209355,126.3987351209355,126.3987351209355,126.3987351209355,0.0019944952700825,136.09074508008337,[183.0],[-60.0],[1],[0],[0],[9.705313341671626],136.09121093510555,136.0944257338998,,,,,,,,,,,,,,,ED28,1,2024-02-02_14h00.22.905,rating,2023.2.3,85.10300836343751,2024-02-02 14h00.35.241320 +0800,
neu_134.jpg,0.0,163.0,163.0,231.0,1156.3691538972307,,,,,,,,,,,,,,,,,,,,,,,1156.3386734649948,,1156.338705111205,1156.3387122387298,1156.3691538972307,1157.3571214949327,1157.3688060740196,1158.3430446334155,1158.3665688865294,1158.5900812224218,1158.590088920149,1158.6508887025595,1158.6508887025595,1158.6508887025595,1158.6508887025595,1158.6508887025595,1158.6508887025595,0.0013983490941882,1161.4156515883403,[260.0],[-351.0],[1],[0],[0],[2.8233722372644934],1161.416373178953,1161.4195010219444,,,,,,,,,,,,,,,ED28,1,2024-02-02_14h00.22.905,rating,2023.2.3,85.10300836343751,2024-02-02 14h00.35.241320 +0800,
neu_135.jpg,0.0,258.0,258.0,232.0,1751.291670289825,,,,,,,,,,,,,,,,,,,,,,,1751.2618795168903,,1751.2619111631006,1751.2619182906255,1751.291670289825,1752.2796356067192,1752.2913464150977,1753.2655627366162,1753.2890852791238,1753.5125967597132,1753.51260445744,1753.6086986023492,1753.6086986023492,1753.6086986023492,1753.6086986023492,1753.6086986023492,1753.6086986023492,0.0007075493886077,1757.1617566098523,[372.0],[266.0],[1],[0],[0],[3.6450216092298433],1757.1626697883326,1757.165834979554,,,,,,,,,,,,,,,ED28,1,2024-02-02_14h00.22.905,rating,2023.2.3,85.10300836343751,2024-02-02 14h00.35.241320 +0800,
neu_136.jpg,0.0,238.0,238.0,233.0,1629.677287058781,,,,,,,,,,,,,,,,,,,,,,,1629.6471940787949,,1629.6472265803077,1629.6472337078326,1629.677287058781,1630.6652931451172,1630.6769389504689,1631.6511766545625,1631.6747000523728,1631.8982072564472,1631.8982149541744,1631.9825464023247,1631.9825464023247,1631.9825464023247,1631.9825464023247,1631.9825464023247,1631.9825464023247,0.0010026289160123,1634.9475505405658,[19.0],[-270.0],[1],[0],[0],[3.0456557878778767],1634.9485019225783,1634.9516343271855,,,,,,,,,,,,,,,ED28,1,2024-02-02_14h00.22.905,rating,2023.2.3,85.10300836343751,2024-02-02 14h00.35.241320 +0800,
neu_137.jpg,0.0,372.0,372.0,234.0,2432.473387960584,,,,,,,,,,,,,,,,,,,,,,,2432.444413431792,,2432.444445363103,2432.444452490628,2432.473387960584,2433.46135669869,2433.4730923108546,2434.4473003644443,2434.4708046604887,2434.694521698894,2434.6945299668228,2434.825700657072,2434.825700657072,2434.825700657072,2434.825700657072,2434.825700657072,2434.825700657072,9.800346606425592e-05,2435.533130303413,[426.0],[-330.0],[1],[0],[0],[0.8315127259102155],2435.5342829667266,2435.5373663339637,,,,,,,2434.825700657072,,,,,,,,ED28,1,2024-02-02_14h00.22.905,rating,2023.2.3,85.10300836343751,2024-02-02 14h00.35.241320 +0800,
neu_138.jpg,0.0,78.0,78.0,235.0,612.2212563317366,,,,,,,,,,,,,,,,,,,,,,,612.190257015694,,612.1902886619041,612.190295789429,612.2212563317366,613.2092088190859,613.220887981254,614.1951339532759,614.2186787336611,614.4421656955651,614.4421739634938,614.4794757220823,614.4794757220823,614.4794757220823,614.4794757220823,614.4794757220823,614.4794757220823,0.0018998417406237,617.4791301796793,[7.0],[358.0],[1],[0],[0],[3.0359694816493175],617.4796838458071,617.4828091228896,,,,,,,,,,,,,,,ED28,1,2024-02-02_14h00.22.905,rating,2023.2.3,85.10300836343751,2024-02-02 14h00.35.241320 +0800,
neu_139.jpg,0.0,186.0,186.0,236.0,1303.200288864326,,,,,,,,,,,,,,,,,,,,,,,1303.1699392934456,,1303.169972365161,1303.1699794926851,1303.200288864326,1304.1882590279365,1304.1999667002042,1305.174182451521,1305.1977058493317,1305.421216189517,1305.4212241723449,1305.4937883621203,1305.4937883621203,1305.4937883621203,1305.4937883621203,1305.4937883621203,1305.4937883621203,0.0012660622337534,1310.2932876677569,[382.0],[-330.0],[1],[0],[0],[4.869446838501062],1310.2940505980137,1310.297166751864,,,,,,,,,,,,,,,ED28,1,2024-02-02_14h00.22.905,rating,2023.2.3,85.10300836343751,2024-02-02 14h00.35.241320 +0800,
neu_14.jpg,0.0,312.0,312.0,237.0,2055.0571293922303,,,,,,,,,,,,,,,,,,,,,,,2055.027639115742,,2055.0276707619523,2055.027677889477,2055.0571293922303,2056.0451126704866,2056.056785845534,2057.030997890537,2057.05454751764,2057.278058428027,2057.278066695956,2057.3859201164123,2057.3859201164123,2057.3859201164123,2057.3859201164123,2057.3859201164123,2057.3859201164123,0.0004101890531273,2059.1868509141336,[185.0],[-364.0],[1],[0],[0],[1.9033014409860698],2059.187972216338,2059.191121441904,,,,,,,,,,,,,,,ED28,1,2024-02-02_14h00.22.905,rating,2023.2.3,85.10300836343751,2024-02-02 14h00.35.241320 +0800,
neu_140.jpg,0.0,299.0,299.0,238.0,1973.0556274802,,,,,,,,,,,,,,,,,,,,,,,1973.0260992852805,,1973.0261280804807,1973.0261343527025,1973.0556274802,1974.0436002097204,1974.05528564411,1975.0295210673955,1975.053047031115,1975.2765562308964,1975.276564498825,1975.3844478548856,1975.3844478548856,1975.3844478548856,1975.3844478548856,1975.3844478548856,1975.3844478548856,0.0004512435962169,1979.5493257504072,[387.0],[-246.0],[1],[0],[0],[4.2675584435655765],1979.5503304463052,1984.064809442773,space,1979.5715773126892,1979.5715773126892,4.476318228587843,,,,,,,,,,,ED28,1,2024-02-02_14h00.22.905,rating,2023.2.3,85.10300836343751,2024-02-02 14h00.35.241320 +0800,
neu_141.jpg,0.0,113.0,113.0,239.0,839.2661186835519,,,,,,,,,,,,,,,,,,,,,,,839.2352775985601,,839.2353066788614,839.2353132361841,839.2661186835519,840.2540862812539,840.2658107744796,841.2400162621607,841.2635342430526,841.4870810761649,841.4870890589928,841.5360959239397,841.5360959239397,841.5360959239397,841.5360959239397,841.5360959239397,841.5360959239397,0.001796920282004,845.4414925721212,[220.0],[-340.0],[1],[0],[0],[3.952959476600199],845.4421177985982,845.4452148506825,,,,,,,,,,,,,,,ED28,1,2024-02-02_14h00.22.905,rating,2023.2.3,85.10300836343751,2024-02-02 14h00.35.241320 +0800,
neu_142.jpg,0.0,52.0,52.0,240.0,433.1281868232593,,,,,,,,,,,,,,,,,,,,,,,433.0971450271686,,433.0971772435808,433.0971840860048,433.1281868232593,434.1161498593453,434.1278398553511,435.1020752786362,435.1255983913461,435.3491058805216,435.3491132931474,435.3863982307773,435.3863982307773,435.3863982307773,435.3863982307773,435.3863982307773,435.3863982307773,0.0019505897171256,438.809390599479,[233.0],[-230.0],[1],[0],[0],[3.459562273041911],438.80986985424784,438.8130256371364,,,,,,,,,,,,,,,ED28,1,2024-02-02_14h00.22.905,rating,2023.2.3,85.10300836343751,2024-02-02 14h00.35.241320 +0800,
neu_143.jpg,0.0,351.0,351.0,241.0,2308.259697924094,,,,,,,,,,,,,,,,,,,,,,,2308.230450553652,,2308.230482770064,2308.230489897589,2308.259697924094,2309.2476891851784,2309.259352666792,2310.233590370885,2310.257134866169,2310.480624393982,2310.480632947012,2310.600247923823,2310.600247923823,2310.600247923823,2310.600247923823,2310.600247923823,2310.600247923823,0.000164717098869,2317.30617736874,[208.0],[-258.0],[1],[0],[0],[6.819537343811135],2317.3073286065487,2317.3104547389344,,,,,,,,,,,,,,,ED28,1,2024-02-02_14h00.22.905,rating,2023.2.3,85.10300836343751,2024-02-02 14h00.35.241320 +0800,
neu_144.jpg,0.0,360.0,360.0,242.0,2374.6771670312637,,,,,,,,,,,,,,,,,,,,,,,2374.6661544352164,2374.6771670312637,2375.6653282125394,2375.6653498802148,2375.688641205817,2376.688427094972,2376.7000560793654,2377.6742798135097,2377.697819462077,2377.9213278065554,2377.921335789383,2378.0409530470024,2378.0409530470024,2378.0409530470024,2378.0409530470024,2378.0409530470024,2378.0409530470024,0.0053504190555031,2379.6893140441603,[394.0],[-345.0],[1],[0],[0],[1.7611592092325736],2379.6905282892885,2379.6936686767235,,,,,,2375.688641205817,,,,,,,,,ED28,1,2024-02-02_14h00.22.905,rating,2023.2.3,85.10300836343751,2024-02-02 14h00.35.241320 +0800,
neu_145.jpg,0.0,140.0,140.0,243.0,1023.1108415639616,,,,,,,,,,,,,,,,,,,,,,,1023.0803408895548,,1023.0803696847552,1023.0803759569772,1023.1108415639616,1024.098828548531,1024.110493170548,1025.0847345809543,1025.1082571234622,1025.3317688891525,1025.3317768719803,1025.392581501108,1025.392581501108,1025.392581501108,1025.392581501108,1025.392581501108,1025.392581501108,0.001422582678515,1027.392939587955,[437.0],[-362.0],[1],[0],[0],[2.0592707857867936],1027.3936888333635,1027.396876262463,,,,,,,,,,,,,,,ED28,1,2024-02-02_14h00.22.905,rating,2023.2.3,85.10300836343751,2024-02-02 14h00.35.241320 +0800,
neu_146.jpg,0.0,231.0,231.0,244.0,1591.7227709307608,,,,,,,,,,,,,,,,,,,,,,,1591.692853572985,,1591.6928855042966,1591.6928923467203,1591.7227709307608,1592.7107465112904,1592.7224299499735,1593.6966679391676,1593.720191336978,1593.9437019622646,1593.9437099450925,1594.0280200106686,1594.0280200106686,1594.0280200106686,1594.0280200106686,1594.0280200106686,1594.0280200106686,0.0008392660474783,1597.9809005142938,[273.0],[-343.0],[1],[0],[0],[4.03362110477201],1597.9817797657552,1597.984956931219,,,,,,,,,,,,,,,ED28,1,2024-02-02_14h00.22.905,rating,2023.2.3,85.10300836343751,2024-02-02 14h00.35.241320 +0800,
neu_147.jpg,0.0,97.0,97.0,245.0,747.8083522616635,,,,,,,,,,,,,,,,,,,,,,,747.7775111766716,,747.7775436781849,747.7775505206087,747.8083522616635,748.7963751689579,748.8079916089075,749.7822341597175,749.8057567022254,750.0292647616027,750.0292727444305,750.0783543058376,750.0783543058376,750.0783543058376,750.0783543058376,750.0783543058376,750.0783543058376,0.001743891497199,751.1609244000549,[188.0],[-243.0],[1],[0],[0],[1.1304185938304272],751.161507716686,751.1646609336658,,,,,,,,,,,,,,,ED28,1,2024-02-02_14h00.22.905,rating,2023.2.3,85.10300836343751,2024-02-02 14h00.35.241320 +0800,
neu_148.jpg,0.0,24.0,24.0,246.0,246.7546437962451,,,,,,,,,,,,,,,,,,,,,,,246.73536013529747,,246.7353920666087,246.7353994792345,246.7546437962451,247.75446161671084,247.76613222584888,248.7404129801921,248.76389617876293,248.98741478687705,248.9874224846037,249.0129524232016,249.0129524232016,249.0129524232016,249.0129524232016,249.0129524232016,249.0129524232016,0.0020446730447929,250.11889880311745,[367.0],[-343.0],[1],[0],[0],[1.1309554389999903],250.11935382430192,250.12256577208632,,,,,,,,,,,,,,,ED28,1,2024-02-02_14h00.22.905,rating,2023.2.3,85.10300836343751,2024-02-02 14h00.35.241320 +0800,
neu_149.jpg,0.0,7.0,7.0,247.0,91.73746674653296,,,,,,,,,,,,,,,,,,,,,,,91.71807702801595,,91.7181086742262,91.71811551664996,91.73746674653296,92.73726432482806,92.74894747840996,93.723188033513,93.74672967778736,93.97022177150916,93.97022918413496,93.98391032547408,93.98391032547408,93.98391032547408,93.98391032547408,93.98391032547408,93.98391032547408,0.0021347649584413,111.34435638308332,[149.0],[-282.0],[1],[0],[0],[17.373738891396215],111.3447834643705,111.34791159246288,,,,,,,,,,,,,,,ED28,1,2024-02-02_14h00.22.905,rating,2023.2.3,85.10300836343751,2024-02-02 14h00.35.241320 +0800,
neu_15.jpg,0.0,76.0,76.0,248.0,599.8010436977142,,,,,,,,,,,,,,,,,,,,,,,599.7701863619659,,599.7702177230751,599.7702248506,599.8010436977142,600.7890560562721,600.8007030020278,601.7749455528378,601.7984632486289,602.0219832822479,602.0219912650757,602.0592696453828,602.0592696453828,602.0592696453828,602.0592696453828,602.0592696453828,602.0592696453828,0.00178751194926,605.0237320917374,[2.0],[372.0],[1],[0],[0],[3.000734990359433],605.024302008622,605.0274004862113,,,,,,,,,,,,,,,ED28,1,2024-02-02_14h00.22.905,rating,2023.2.3,85.10300836343751,2024-02-02 14h00.35.241320 +0800,
neu_150.jpg,0.0,370.0,370.0,249.0,2423.9345071701478,,,,,,,,,,,,,,,,,,,,,,,2423.905377831516,,2423.905409192625,2423.90541632015,2423.9345071701478,2424.922480184768,2424.934161342643,2425.908397906332,2425.931922444547,2426.155599568813,2426.155608406944,2426.286880022945,2426.286880022945,2426.286880022945,2426.286880022945,2426.286880022945,2426.286880022945,0.0002123289646078,2427.9351112991512,[419.0],[-345.0],[1],[0],[0],[1.7723847757210933],2427.936247711708,2427.9394183198483,,,,,,,2426.286880022945,,,,,,,,ED28,1,2024-02-02_14h00.22.905,rating,2023.2.3,85.10300836343751,2024-02-02 14h00.35.241320 +0800,
neu_151.jpg,0.0,49.0,49.0,250.0,401.8660552770909,,,,,,,,,,,,,,,,,,,,,,,401.8348683645952,,401.8348963044923,401.8349025767143,401.8660552770909,402.85395844196864,402.8656478677724,403.8398855718656,403.8634086845752,404.0869187396597,404.0869264373864,404.1123711307876,404.1123711307876,404.1123711307876,404.1123711307876,404.1123711307876,404.1123711307876,0.0020446730447929,409.7937602226525,[271.0],[-69.0],[1],[0],[0],[5.706107918138514],409.7942229415637,409.7973485037471,,,,,,,,,,,,,,,ED28,1,2024-02-02_14h00.22.905,rating,2023.2.3,85.10300836343751,2024-02-02 14h00.35.241320 +0800,
neu_152.jpg,0.0,149.0,149.0,251.0,1064.4291511203471,,,,,,,,,,,,,,,,,,,,,,,1064.3987904305282,,1064.3988217916374,1064.3988286340611,1064.4291511203471,1065.417155210976,1065.4287973100152,1066.4030569668846,1066.426565824545,1066.6500744541245,1066.650082436952,1066.7108944787055,1066.7108944787055,1066.7108944787055,1066.7108944787055,1066.7108944787055,1066.7108944787055,0.0012751854651469,1068.652251770406,[390.0],[-347.0],[1],[0],[0],[2.00016079695979],1068.652956254959,1072.8155405129935,space,1068.6750695432595,1068.6750695432595,4.122486799111357,,,,,,,,,,,ED28,1,2024-02-02_14h00.22.905,rating,2023.2.3,85.10300836343751,2024-02-02 14h00.35.241320 +0800,
neu_153.jpg,0.0,23.0,23.0,252.0,240.36821705536863,,,,,,,,,,,,,,,,,,,,,,,240.3370509552451,,240.33708231635435,240.3370891587781,240.36821705536863,241.35617096822284,241.3678546920069,242.3421109276644,242.3656155088097,242.5891788777797,242.5891959838393,242.6146592088048,242.6146592088048,242.6146592088048,242.6146592088048,242.6146592088048,242.6146592088048,0.0021282076356783,246.7315654410841,[372.0],[-360.0],[1],[0],[0],[4.1418383140953665],246.7320150453495,246.73511779945372,,,,,,,,,,,,,,,ED28,1,2024-02-02_14h00.22.905,rating,2023.2.3,85.10300836343751,2024-02-02 14h00.35.241320 +0800,
neu_154.jpg,0.0,34.0,34.0,253.0,313.3015715622023,,,,,,,,,,,,,,,,,,,,,,,313.2705865012092,,313.27061786231843,313.2706247047422,313.3015715622023,314.2895166369258,314.3012006458107,315.27544205621666,315.29896573912856,315.5224780750209,315.5224857727476,315.5479951840739,315.5479951840739,315.5479951840739,315.5479951840739,315.5479951840739,315.5479951840739,0.0018835909838799,320.5118780201103,[250.0],[13.0],[1],[0],[0],[4.988793820378987],320.5123578450812,320.5155720736734,,,,,,,,,,,,,,,ED28,1,2024-02-02_14h00.22.905,rating,2023.2.3,85.10300836343751,2024-02-02 14h00.35.241320 +0800,
neu_155.jpg,0.0,117.0,117.0,254.0,864.0124341095968,,,,,,,,,,,,,,,,,,,,,,,863.9816372152588,,863.9816697167721,863.981676844297,864.0124341095968,865.0003826055322,865.0120868565875,865.9863083099242,866.0098057635446,866.2333369161024,866.2333448989302,866.2823874015012,866.2823874015012,866.2823874015012,866.2823874015012,866.2823874015012,866.2823874015012,0.001688867005896,871.1757624812226,[217.0],[-348.0],[1],[0],[0],[4.940934486927972],871.1763543508835,871.1794140547377,,,,,,,,,,,,,,,ED28,1,2024-02-02_14h00.22.905,rating,2023.2.3,85.10300836343751,2024-02-02 14h00.35.241320 +0800,
neu_156.jpg,0.0,74.0,74.0,255.0,588.5805306242657,,,,,,,,,,,,,,,,,,,,,,,588.5495980218552,,588.5496290978635,588.5496362253882,588.5805306242657,589.5685030686845,589.5801862222663,590.5544404622171,590.5779487496752,590.8015086974333,590.801525518392,590.8387457380966,590.8387457380966,590.8387457380966,590.8387457380966,590.8387457380966,590.8387457380966,0.0019103904771782,594.7559176274808,[79.0],[-330.0],[1],[0],[0],[3.9534375909649953],594.756458464064,594.7595235848371,,,,,,,,,,,,,,,ED28,1,2024-02-02_14h00.22.905,rating,2023.2.3,85.10300836343751,2024-02-02 14h00.35.241320 +0800,
neu_157.jpg,0.0,365.0,365.0,256.0,2396.871184529052,,,,,,,,,,,,,,,,,,,,,,,2396.842118767942,,2396.842150129051,2396.842157256576,2396.871184529052,2397.859151556552,2397.870837561144,2398.8450798268523,2398.868603794865,2399.092272366101,2399.092280919132,2399.211758477264,2399.211758477264,2399.211758477264,2399.211758477264,2399.211758477264,2399.211758477264,0.0001439047259736,2401.918754484995,[-152.0],[-307.0],[1],[0],[0],[2.819490017046064],2401.919952194265,2401.923170699373,,,,,,,2399.211758477264,,,,,,,,ED28,1,2024-02-02_14h00.22.905,rating,2023.2.3,85.10300836343751,2024-02-02 14h00.35.241320 +0800,
neu_158.jpg,0.0,126.0,126.0,257.0,929.1360943843944,,,,,,,,,,,,,,,,,,,,,,,929.1053174471258,,929.1053684802037,929.1053750375264,929.1360943843944,930.1240594161872,930.1357465611832,931.109984265276,931.1335059524812,931.3570165777674,931.357024845696,931.406066492964,931.406066492964,931.406066492964,931.406066492964,931.406066492964,931.406066492964,0.001670620542427,936.6757785894284,[244.0],[-359.0],[1],[0],[0],[5.317112987519067],936.6764545638824,936.67954391824,,,,,,,,,,,,,,,ED28,1,2024-02-02_14h00.22.905,rating,2023.2.3,85.10300836343751,2024-02-02 14h00.35.241320 +0800,
neu_159.jpg,0.0,288.0,288.0,258.0,1915.200581377944,,,,,,,,,,,,,,,,,,,,,,,1915.1708194002103,,1915.1708510464205,1915.170857888844,1915.200581377944,1916.188549545848,1916.200232414329,1917.17450376034,1917.1979969374447,1917.421562872324,1917.421570855152,1917.5176883783429,1917.5176883783429,1917.5176883783429,1917.5176883783429,1917.5176883783429,1917.5176883783429,0.0007337786796597,1926.739901509011,[-103.0],[214.0],[1],[0],[0],[9.313509310970403],1926.740917323848,1926.744031767093,,,,,,,,,,,,,,,ED28,1,2024-02-02_14h00.22.905,rating,2023.2.3,85.10300836343751,2024-02-02 14h00.35.241320 +0800,
neu_16.jpg,0.0,179.0,179.0,259.0,1255.3190585166935,,,,,,,,,,,,,,,,,,,,,,,1255.2885179281484,,1255.2885495743585,1255.2885564167825,1255.3190585166935,1256.307005872225,1256.31869273212,1257.29292958091,1257.316452408519,1257.539963889108,1257.5399715868352,1257.6125400531257,1257.6125400531257,1257.6125400531257,1257.6125400531257,1257.6125400531257,1257.6125400531257,0.0014365526271831,1261.9888223304783,[-235.0],[173.0],[1],[0],[0],[4.446385760459634],1261.9897600276436,1268.0807739579632,space,1262.0113319091588,1262.0113319091588,6.063921638281499,,,,,,,,,,,ED28,1,2024-02-02_14h00.22.905,rating,2023.2.3,85.10300836343751,2024-02-02 14h00.35.241320 +0800,
neu_160.jpg,0.0,135.0,135.0,260.0,983.7096862206984,,,,,,,,,,,,,,,,,,,,,,,983.6791262452856,,983.6791576063948,983.6791644488184,983.7096862206984,984.697631010321,984.7093184404176,985.6835550041068,985.7071040610068,985.9305904527088,985.9305992908398,985.991428723754,985.991428723754,985.991428723754,985.991428723754,985.991428723754,985.991428723754,0.0014567947976047,990.2261677665388,[246.0],[-329.0],[1],[0],[0],[4.293822802320392],990.226827490236,990.2299655968632,,,,,,,,,,,,,,,ED28,1,2024-02-02_14h00.22.905,rating,2023.2.3,85.10300836343751,2024-02-02 14h00.35.241320 +0800,
neu_161.jpg,0.0,39.0,39.0,261.0,346.9983324442933,,,,,,,,,,,,,,,,,,,,,,,346.979157406824,,346.97918876793324,346.979195610357,346.9983324442933,347.99814000112315,348.0097952148078,348.98403491460795,349.0075574571158,349.2310680824021,349.231075209927,349.2566159823625,349.2566159823625,349.2566159823625,349.2566159823625,349.2566159823625,349.2566159823625,0.001900697043311,351.53871087024504,[216.0],[-341.0],[1],[0],[0],[2.307007012628901],351.53919326112486,351.5423615884572,,,,,,,,,,,,,,,ED28,1,2024-02-02_14h00.22.905,rating,2023.2.3,85.10300836343751,2024-02-02 14h00.35.241320 +0800,
neu_162.jpg,0.0,51.0,51.0,262.0,419.2730825604008,,,,,,,,,,,,,,,,,,,,,,,419.24209721430657,,419.2421282903149,419.24213513273867,419.2730825604008,420.2610564303245,420.2727381584016,421.2470172021385,421.2704972645986,421.4940201492275,421.4940278469544,421.5194531534878,421.5194531534878,421.5194531534878,421.5194531534878,421.5194531534878,421.5194531534878,0.0019132414870455,433.0933728559335,[-219.0],[-221.0],[1],[0],[0],[11.59859690397434],433.09388432711467,433.0968969893049,,,,,,,,,,,,,,,ED28,1,2024-02-02_14h00.22.905,rating,2023.2.3,85.10300836343751,2024-02-02 14h00.35.241320 +0800,
neu_163.jpg,0.0,45.0,45.0,263.0,378.7192693203676,,,,,,,,,,,,,,,,,,,,,,,378.6881787720072,,378.6882064268036,378.68821269902537,378.7192693203676,379.7072394839786,379.718944875438,380.6931631926634,380.71668573517127,380.9401937945488,380.9402014922755,380.9657234480456,380.9657234480456,380.9657234480456,380.9657234480456,380.9657234480456,380.9657234480456,0.0020087503196464,384.4709551938131,[236.0],[-345.0],[1],[0],[0],[3.530097969254257],384.4714558311564,384.47460619712615,,,,,,,,,,,,,,,ED28,1,2024-02-02_14h00.22.905,rating,2023.2.3,85.10300836343751,2024-02-02 14h00.35.241320 +0800,
neu_164.jpg,0.0,47.0,47.0,264.0,389.36341852055966,,,,,,,,,,,,,,,,,,,,,,,389.34405674194,,389.3440852520391,389.3440915242611,389.36341852055966,390.3632001331992,390.374887563296,391.3491235567831,391.3726475247959,391.5961564394763,391.5961638521021,391.621694360902,391.621694360902,391.621694360902,391.621694360902,391.621694360902,391.621694360902,0.0020928551125507,396.5147820588227,[182.0],[-72.0],[1],[0],[0],[4.91794479817554],396.5154001577748,396.518501201273,,,,,,,,,,,,,,,ED28,1,2024-02-02_14h00.22.905,rating,2023.2.3,85.10300836343751,2024-02-02 14h00.35.241320 +0800,
neu_165.jpg,0.0,214.0,214.0,265.0,1489.350304730196,,,,,,,,,,,,,,,,,,,,,,,1489.3201467471831,,1489.3201783933932,1489.320185235817,1489.350304730196,1490.3383019784014,1490.349926401179,1491.3241703774938,1491.3476937753044,1491.5712041154898,1491.5712120983176,1491.6555392699534,1491.6555392699534,1491.6555392699534,1491.6555392699534,1491.6555392699534,1491.6555392699534,0.0010479599741302,1495.514248634865,[-9.0],[360.0],[1],[0],[0],[3.939880468557476],1495.515072861835,1495.5183016305782,,,,,,,,,,,,,,,ED28,1,2024-02-02_14h00.22.905,rating,2023.2.3,85.10300836343751,2024-02-02 14h00.35.241320 +0800,
neu_166.jpg,0.0,251.0,251.0,266.0,1714.5368525819745,,,,,,,,,,,,,,,,,,,,,,,1714.507201508526,,1714.5072337249385,1714.5072408524634,1714.5368525819745,1715.5248079203334,1715.5365170181058,1716.5107302035135,1716.5342536013245,1716.7577647968128,1716.7577724945395,1716.8422085747543,1716.8422085747543,1716.8422085747543,1716.8422085747543,1716.8422085747543,1716.8422085747543,0.000553024650344,1721.6183720790332,[146.0],[-343.0],[1],[0],[0],[4.856682867055497],1721.6193049294816,1721.6225750378685,,,,,,,,,,,,,,,ED28,1,2024-02-02_14h00.22.905,rating,2023.2.3,85.10300836343751,2024-02-02 14h00.35.241320 +0800,
neu_167.jpg,0.0,192.0,192.0,267.0,1342.5074327254315,,,,,,,,,,,,,,,,,,,,,,,1342.4771085285397,,1342.477138464144,1342.4771447363655,1342.5074327254315,1343.495344158238,1343.5070327287383,1344.481269292428,1344.5047932604407,1344.7283181407763,1344.7283261236043,1344.8008769136336,1344.8008769136336,1344.8008769136336,1344.8008769136336,1344.8008769136336,1344.8008769136336,0.0012024847119391,1347.9774188609704,[-3.0],[-344.0],[1],[0],[0],[3.246328968342368],1347.9781675361774,1347.981400581435,,,,,,,,,,,,,,,ED28,1,2024-02-02_14h00.22.905,rating,2023.2.3,85.10300836343751,2024-02-02 14h00.35.241320 +0800,
neu_168.jpg,0.0,241.0,241.0,268.0,1651.1891707809114,,,,,,,,,,,,,,,,,,,,,,,1651.159462972366,,1651.159492622869,1651.159498895091,1651.1891707809114,1652.177120417251,1652.188806706944,1653.1630458365416,1653.1865680939486,1653.41007729373,1653.410084706356,1653.494430409556,1653.494430409556,1653.494430409556,1653.494430409556,1653.494430409556,1653.494430409556,0.0006074789403101,1659.5056229043294,[393.0],[67.0],[1],[0],[0],[6.091829604259601],1659.5065129896288,1659.5096767553457,,,,,,,,,,,,,,,ED28,1,2024-02-02_14h00.22.905,rating,2023.2.3,85.10300836343751,2024-02-02 14h00.35.241320 +0800,
neu_169.jpg,0.0,196.0,196.0,269.0,1368.265173858862,,,,,,,,,,,,,,,,,,,,,,,1368.2349739660026,,1368.2350024761022,1368.235008463223,1368.265173858862,1369.2531371800487,1369.2648183379238,1370.239055471815,1370.2625785845248,1370.486089209811,1370.486096907538,1370.5586670844343,1370.5586670844343,1370.5586670844343,1370.5586670844343,1370.5586670844343,1370.5586670844343,0.0011103970914518,1373.2412561663782,[375.0],[281.0],[1],[0],[0],[2.752296559771821],1373.2420812486512,1373.2452142234606,,,,,,,,,,,,,,,ED28,1,2024-02-02_14h00.22.905,rating,2023.2.3,85.10300836343751,2024-02-02 14h00.35.241320 +0800,
neu_17.jpg,0.0,173.0,173.0,270.0,1214.8357929471144,,,,,,,,,,,,,,,,,,,,,,,1214.805331331544,,1214.8053638330575,1214.8053706754813,1214.8357929471144,1215.8237673872404,1215.8354727786996,1216.809705350975,1216.833211927827,1217.0567579056365,1217.0567658884645,1217.129294440616,1217.129294440616,1217.129294440616,1217.129294440616,1217.129294440616,1217.129294440616,0.0014168806583256,1222.810808976918,[97.0],[247.0],[1],[0],[0],[5.751651376225254],1222.8115793198003,1222.8146826441066,,,,,,,,,,,,,,,ED28,1,2024-02-02_14h00.22.905,rating,2023.2.3,85.10300836343751,2024-02-02 14h00.35.241320 +0800,
neu_170.jpg,0.0,71.0,71.0,271.0,565.3985398267555,,,,,,,,,,,,,,,,,,,,,,,565.3676474235851,,565.3676790697953,565.367685912219,565.3985398267555,566.3864954502158,566.3981877270294,567.3724194440017,567.3959414163076,567.61945090119,567.6194583138158,567.6567423961426,567.6567423961426,567.6567423961426,567.6567423961426,567.6567423961426,567.6567423961426,0.0017929288683262,574.2907046527625,[12.0],[166.0],[1],[0],[0],[6.670321186225465],574.291246914851,574.2944389055656,,,,,,,,,,,,,,,ED28,1,2024-02-02_14h00.22.905,rating,2023.2.3,85.10300836343751,2024-02-02 14h00.35.241320 +0800,
neu_171.jpg,0.0,359.0,359.0,272.0,2360.2104413106777,,,,,,,,,,,,,,,,,,,,,,,2360.1813946513344,,2360.181426012444,2360.181432854867,2360.2104413106777,2361.198435137671,2361.2101011851933,2362.184317506712,2362.207864282804,2362.4315288626267,2362.4315374156563,2362.550997297528,2362.550997297528,2362.550997297528,2362.550997297528,2362.550997297528,2362.550997297528,0.0001267986663151,2366.198689732857,[-3.0],[-259.0],[1],[0],[0],[3.7604416100334674],2366.199828711324,2374.665776106199,space,2366.22059660804,2366.22059660804,8.439754026267565,,,2362.550997297528,,,,,,,,ED28,1,2024-02-02_14h00.22.905,rating,2023.2.3,85.10300836343751,2024-02-02 14h00.35.241320 +0800,
neu_172.jpg,0.0,6.0,6.0,273.0,77.56481927875711,,,,,,,,,,,,,,,,,,,,,,,77.54539221201014,,77.54542357311936,77.54543041554325,77.56481927875711,78.56459804038684,78.57628547048364,79.55052231927368,79.5740616827402,79.797553776462,79.7975614741888,79.81124461123477,79.81124461123477,79.81124461123477,79.81124461123477,79.81124461123477,79.81124461123477,0.0021515859170904,91.71430143556891,[53.0],[48.0],[1],[0],[0],[11.916374176806471],91.71471027039264,91.71783583257616,,,,,,,,,,,,,,,ED28,1,2024-02-02_14h00.22.905,rating,2023.2.3,85.10300836343751,2024-02-02 14h00.35.241320 +0800,
neu_173.jpg,0.0,25.0,25.0,274.0,250.1538040027608,,,,,,,,,,,,,,,,,,,,,,,250.12280896323296,,250.12284003924128,250.12284716676615,250.1538040027608,251.1417755918767,251.1534806982352,252.12769930056172,252.1512207026656,252.3747435872947,252.37475099992048,252.4003487925545,252.4003487925545,252.4003487925545,252.4003487925545,252.4003487925545,252.4003487925545,0.001925215728761,254.18854897564643,[210.0],[-247.0],[1],[0],[0],[1.813239177780133],254.18903963445496,254.1922752456217,,,,,,,,,,,,,,,ED28,1,2024-02-02_14h00.22.905,rating,2023.2.3,85.10300836343751,2024-02-02 14h00.35.241320 +0800,
neu_174.jpg,0.0,230.0,230.0,275.0,1584.7717005333384,,,,,,,,,,,,,,,,,,,,,,,1584.741676832893,,1584.7417087642038,1584.7417158917287,1584.7717005333384,1585.7596689863435,1585.7713527101273,1586.7455944056342,1586.769126926677,1586.9926421135792,1586.9926506666088,1587.0769806892545,1587.0769806892545,1587.0769806892545,1587.0769806892545,1587.0769806892545,1587.0769806892545,0.0009575829594723,1591.6884838300691,[200.0],[370.0],[1],[0],[0],[4.692320719229883],1591.6894009999633,1591.6926095265358,,,,,,,,,,,,,,,ED28,1,2024-02-02_14h00.22.905,rating,2023.2.3,85.10300836343751,2024-02-02 14h00.35.241320 +0800,
neu_175.jpg,0.0,35.0,35.0,276.0,320.5466631922359,,,,,,,,,,,,,,,,,,,,,,,320.51581041810346,,320.5158426345156,320.51584947693937,320.5466631922359,321.53464247907846,321.54631394351964,322.5205584900366,322.5440975684021,322.7675856707101,322.7675930833359,322.79314183859924,322.79314183859924,322.79314183859924,322.79314183859924,322.79314183859924,322.79314183859924,0.0017644187689711,329.09777338975664,[212.0],[-356.0],[1],[0],[0],[6.329609249132545],329.0982534998284,329.10137963221405,,,,,,,,,,,,,,,ED28,1,2024-02-02_14h00.22.905,rating,2023.2.3,85.10300836343751,2024-02-02 14h00.35.241320 +0800,
neu_176.jpg,0.0,280.0,280.0,277.0,1876.8108728395405,,,,,,,,,,,,,,,,,,,,,,,1876.781258829221,,1876.7812910456337,1876.781298173158,1876.8108728395405,1877.798861534716,1877.8105435478935,1878.7847855285015,1878.8083077859087,1879.031817840993,1879.0318258238208,1879.127916547518,1879.127916547518,1879.127916547518,1879.127916547518,1879.127916547518,1879.127916547518,0.0005487481357704,1881.199174689646,[182.0],[-76.0],[1],[0],[0],[2.1627171150971662],1881.2001594284752,1881.203310649748,,,,,,,,,,,,,,,ED28,1,2024-02-02_14h00.22.905,rating,2023.2.3,85.10300836343751,2024-02-02 14h00.35.241320 +0800,
neu_177.jpg,0.0,371.0,371.0,278.0,2427.9687144425607,,,,,,,,,,,,,,,,,,,,,,,2427.939657519581,,2427.939689165792,2427.9396957231143,2427.9687144425607,2428.956686316777,2428.9683723213693,2429.9426131615733,2429.966132282869,2430.1897974328936,2430.189805985923,2430.321081593338,2430.321081593338,2430.321081593338,2430.321081593338,2430.321081593338,2430.321081593338,0.0001307900802203,2432.4398771898964,[80.0],[-339.0],[1],[0],[0],[2.242871263501911],2432.4410458188654,2432.444174802261,,,,,,,2430.321081593338,,,,,,,,ED28,1,2024-02-02_14h00.22.905,rating,2023.2.3,85.10300836343751,2024-02-02 14h00.35.241320 +0800,
neu_178.jpg,0.0,235.0,235.0,279.0,1614.916543526796,,,,,,,,,,,,,,,,,,,,,,,1614.8864821930197,,1614.886513269028,1614.8865206816536,1614.916543526796,1615.9045786934337,1615.916193707878,1616.890435688486,1616.913958516095,1617.1374691413812,1617.137476268906,1617.221801444835,1617.221801444835,1617.221801444835,1617.221801444835,1617.221801444835,1617.221801444835,0.0009769698272066,1620.5160584559671,[238.0],[-237.0],[1],[0],[0],[3.3749805062193445],1620.5169320054088,1620.520075814056,,,,,,,,,,,,,,,ED28,1,2024-02-02_14h00.22.905,rating,2023.2.3,85.10300836343751,2024-02-02 14h00.35.241320 +0800,
neu_179.jpg,0.0,84.0,84.0,280.0,663.4898197563014,,,,,,,,,,,,,,,,,,,,,,,663.4589869392385,,663.4590188705495,663.4590259980744,663.4898197563014,664.4777879242054,664.4894736436961,665.4637119179913,665.4872569834774,665.7107425198765,665.7107502176034,665.7480345850313,665.7480345850313,665.7480345850313,665.7480345850313,665.7480345850313,665.7480345850313,0.00174531700236,668.1832366888484,[194.0],[-226.0],[1],[0],[0],[2.4714187680274335],668.1838336903272,668.1870490593235,,,,,,,,,,,,,,,ED28,1,2024-02-02_14h00.22.905,rating,2023.2.3,85.10300836343751,2024-02-02 14h00.35.241320 +0800,
neu_18.jpg,0.0,217.0,217.0,281.0,1508.2981526310973,,,,,,,,,,,,,,,,,,,,,,,1508.268115245804,,1508.2681474622163,1508.26815430464,1508.2981526310973,1509.2861085396585,1509.2977811445037,1510.272021129405,1510.2955476633265,1510.519056007805,1510.519064275734,1510.6033908771674,1510.6033908771674,1510.6033908771674,1510.6033908771674,1510.6033908771674,1510.6033908771674,0.0009330642742497,1514.5916321718223,[138.0],[-351.0],[1],[0],[0],[4.0693080513378845],1514.592444994753,1514.5956657806678,,,,,,,,,,,,,,,ED28,1,2024-02-02_14h00.22.905,rating,2023.2.3,85.10300836343751,2024-02-02 14h00.35.241320 +0800,
neu_180.jpg,0.0,240.0,240.0,282.0,1644.4615705244346,,,,,,,,,,,,,,,,,,,,,,,1644.4388479753125,1644.4615705244346,1645.4495463900653,1645.4495546579942,1645.473044128787,1646.4610724530005,1646.4726925992627,1647.446933439467,1647.4704556968736,1647.693965751958,1647.693974304988,1647.7783029021284,1647.7783029021284,1647.7783029021284,1647.7783029021284,1647.7783029021284,1647.7783029021284,0.0052942541601623,1651.1551154673275,[-14.0],[-342.0],[1],[0],[0],[3.457368420902185],1651.1560734066634,1651.1591932668266,,,,,,,,,,,,,,,ED28,1,2024-02-02_14h00.22.905,rating,2023.2.3,85.10300836343751,2024-02-02 14h00.35.241320 +0800,
neu_181.jpg,0.0,208.0,208.0,283.0,1431.2129559014338,,,,,,,,,,,,,,,,,,,,,,,1431.182785659078,,1431.1828173052882,1431.182824432813,1431.2129559014338,1432.2009263501454,1432.2126109292326,1433.1868494886285,1433.2103871414888,1433.4338832266249,1433.433891209453,1433.5064921772564,1433.5064921772564,1433.5064921772564,1433.5064921772564,1433.5064921772564,1433.5064921772564,0.0010881592138503,1440.9877517762502,[26.0],[-341.0],[1],[0],[0],[7.550811696781238],1440.9886526953874,1440.9918178866092,,,,,,,,,,,,,,,ED28,1,2024-02-02_14h00.22.905,rating,2023.2.3,85.10300836343751,2024-02-02 14h00.35.241320 +0800,
neu_182.jpg,0.0,2.0,2.0,284.0,37.12866322701814,,,,,,,,,,,,,,,,,,,,,,,37.10723247049418,,37.10726440180531,37.10727152933009,37.12866322701814,38.12839295127708,38.14007895586883,39.11431723016403,39.13783920246988,39.36135068305919,39.36135809568498,39.37309028663765,39.37309028663765,39.37309028663765,39.37309028663765,39.37309028663765,39.37309028663765,0.0041073787273262,48.87681641406243,[-34.0],[-289.0],[1],[0],[0],[9.515115056782179],48.87718619005,48.8802687019836,,,,,,,,,,,,,,,ED28,1,2024-02-02_14h00.22.905,rating,2023.2.3,85.10300836343751,2024-02-02 14h00.35.241320 +0800,
neu_183.jpg,0.0,174.0,174.0,285.0,1222.8454045568833,,,,,,,,,,,,,,,,,,,,,,,1222.8149018867698,,1222.81493068197,1222.814936954192,1222.8454045568833,1223.8333935371595,1223.845061295288,1224.819302420593,1224.8428243928988,1225.066338154296,1225.066346992427,1225.1271011586791,1225.1271011586791,1225.1271011586791,1225.1271011586791,1225.1271011586791,1225.1271011586791,0.0014314208096948,1228.1859867730243,[228.0],[-78.0],[1],[0],[0],[3.1172261155929846],1228.1868817050408,1228.1900126841433,,,,,,,,,,,,,,,ED28,1,2024-02-02_14h00.22.905,rating,2023.2.3,85.10300836343751,2024-02-02 14h00.35.241320 +0800,
neu_184.jpg,0.0,383.0,383.0,286.0,2490.704802155592,,,,,,,,,,,,,,,,,,,,,,,2490.675847298768,,2490.675879800281,2490.675886642705,2490.704802155592,2491.6927885699592,2491.7044571833903,2492.678700874604,2492.702233110546,2492.9258908479446,2492.9258994009742,2493.0571564768247,2493.0571564768247,2493.0571564768247,2493.0571564768247,2493.0571564768247,2493.0571564768247,3.414084403630113e-05,2497.2223613831843,[165.0],[-357.0],[1],[0],[0],[4.288994046806238],2497.2235371396787,2497.226667548579,,,,,,,2493.0571564768247,,,,,,,,ED28,1,2024-02-02_14h00.22.905,rating,2023.2.3,85.10300836343751,2024-02-02 14h00.35.241320 +0800,
neu_185.jpg,0.0,200.0,200.0,287.0,1387.671714189676,,,,,,,,,,,,,,,,,,,,,,,1387.6415188584328,,1387.641551645047,1387.6415584874708,1387.671714189676,1388.6596815022767,1388.6713692174749,1389.645606351366,1389.6691291789748,1389.892640089362,1389.892647787089,1389.9652513208016,1389.9652513208016,1389.9652513208016,1389.9652513208016,1389.9652513208016,1389.9652513208016,0.0011101119903287,1392.2242835340776,[198.0],[-336.0],[1],[0],[0],[2.3287733330216724],1392.2250749744337,1392.2282108002528,,,,,,,,,,,,,,,ED28,1,2024-02-02_14h00.22.905,rating,2023.2.3,85.10300836343751,2024-02-02 14h00.35.241320 +0800,
neu_186.jpg,0.0,0.0,0.0,288.0,17.45159341519343,,,,,,,,,,,,,,,,,,,,,,,17.435118284125338,17.45159341519343,18.41610489891877,18.41611459235253,18.439559017188454,19.42753060630423,19.4392129045832,20.425215871344108,20.43697742769905,20.6722467583304,20.672255026259226,20.68598805597901,20.68598805597901,20.68598805597901,20.68598805597901,20.68598805597901,20.68598805597901,0.0075796237180156,26.473111412621165,[246.0],[-227.0],[1],[0],[0],[5.800483189162492],26.47445566380202,26.478414576187333,,,,,,,,,,,,,,,ED28,1,2024-02-02_14h00.22.905,rating,2023.2.3,85.10300836343751,2024-02-02 14h00.35.241320 +0800,
neu_187.jpg,0.0,207.0,207.0,289.0,1424.014903369295,,,,,,,,,,,,,,,,,,,,,,,1423.984768194361,,1423.9848001256723,1423.9848072531972,1424.014903369295,1425.002860988462,1425.014540720832,1425.988789258763,1426.0122818656669,1426.2358152990323,1426.235822996759,1426.3084165519372,1426.3084165519372,1426.3084165519372,1426.3084165519372,1426.3084165519372,1426.3084165519372,0.0010368410353294,1431.1785872618589,[53.0],[-332.0],[1],[0],[0],[4.9396763362469756],1431.1793995145872,1431.182545889143,,,,,,,,,,,,,,,ED28,1,2024-02-02_14h00.22.905,rating,2023.2.3,85.10300836343751,2024-02-02 14h00.35.241320 +0800,
neu_188.jpg,0.0,171.0,171.0,290.0,1201.0630258509625,,,,,,,,,,,,,,,,,,,,,,,1201.0327666570968,,1201.0327971629029,1201.0328042904275,1201.0630258509625,1202.0510248097737,1202.0626805936602,1203.036927420985,1203.060442265766,1203.2839985072112,1203.284006204938,1203.344764077503,1203.344764077503,1203.344764077503,1203.344764077503,1203.344764077503,1203.344764077503,0.001223867286626,1208.8734285589655,[366.0],[207.0],[1],[0],[0],[5.587084240786226],1208.8742120164936,1208.8773672291804,,,,,,,,,,,,,,,ED28,1,2024-02-02_14h00.22.905,rating,2023.2.3,85.10300836343751,2024-02-02 14h00.35.241320 +0800,
neu_189.jpg,0.0,283.0,283.0,291.0,1889.231147625579,,,,,,,,,,,,,,,,,,,,,,,1889.2013976220865,,1889.201426702388,1889.2014332597105,1889.231147625579,1890.219078160152,1890.2307410715637,1891.2049790607573,1891.2285018883665,1891.4520125136528,1891.4520207815815,1891.54814913861,1891.54814913861,1891.54814913861,1891.54814913861,1891.54814913861,1891.54814913861,0.0006091895461395,1893.619532154973,[68.0],[-332.0],[1],[0],[0],[2.162824883272151],1893.6204929453183,1893.62363504336,,,,,,,,,,,,,,,ED28,1,2024-02-02_14h00.22.905,rating,2023.2.3,85.10300836343751,2024-02-02 14h00.35.241320 +0800,
neu_19.jpg,0.0,341.0,341.0,292.0,2245.48832012508,,,,,,,,,,,,,,,,,,,,,,,2245.459073039738,,2245.4591052561505,2245.459112098574,2245.48832012508,2246.476304258639,2246.487979429393,2247.462217988789,2247.485741671701,2247.709249731078,2247.7092574288054,2247.8289126048567,2247.8289126048567,2247.8289126048567,2247.8289126048567,2247.8289126048567,2247.8289126048567,0.0001655724013289,2252.4999263013933,[212.0],[-334.0],[1],[0],[0],[4.784448824229003],2252.501014816984,2252.504272095826,,,,,,,,,,,,,,,ED28,1,2024-02-02_14h00.22.905,rating,2023.2.3,85.10300836343751,2024-02-02 14h00.35.241320 +0800,
neu_190.jpg,0.0,54.0,54.0,293.0,450.2765456821596,,,,,,,,,,,,,,,,,,,,,,,450.24537730122825,,450.2454103729435,450.2454175004682,450.2765456821596,451.2645195520836,451.2761696339503,452.25041018905335,452.2739335868641,452.4974436419484,452.4974510545742,452.53473342629513,452.53473342629513,452.53473342629513,452.53473342629513,452.53473342629513,452.53473342629513,0.0020555068824705,463.3322358845785,[227.0],[-59.0],[1],[0],[0],[10.834001657577119],463.3327590449003,463.3358241656733,,,,,,,,,,,,,,,ED28,1,2024-02-02_14h00.22.905,rating,2023.2.3,85.10300836343751,2024-02-02 14h00.35.241320 +0800,
neu_191.jpg,0.0,190.0,190.0,294.0,1330.1577529366114,,,,,,,,,,,,,,,,,,,,,,,1330.1274370076485,,1330.1274683687575,1330.1274752111813,1330.1577529366114,1331.1457011474458,1331.1573840159267,1332.1316468089071,1332.1551605132845,1332.3786788362977,1332.3786865340244,1332.4512792338992,1332.4512792338992,1332.4512792338992,1332.4512792338992,1332.4512792338992,1332.4512792338992,0.001232705417351,1337.6036209536685,[-8.0],[-259.0],[1],[0],[0],[5.222286686724146],1337.604420661953,1337.6075476496417,,,,,,,,,,,,,,,ED28,1,2024-02-02_14h00.22.905,rating,2023.2.3,85.10300836343751,2024-02-02 14h00.35.241320 +0800,
neu_192.jpg,0.0,309.0,309.0,295.0,2033.3570770191775,,,,,,,,,,,,,,,,,,,,,,,2033.327583321478,,2033.3276121166784,2033.3276183889,2033.3570770191775,2034.3450631484443,2034.3567337575828,2035.33096975107,2035.3544920084764,2035.5780020635607,2035.578010046389,2035.685864037047,2035.685864037047,2035.685864037047,2035.685864037047,2035.685864037047,2035.685864037047,0.0004124698612031,2042.567740138428,[24.0],[181.0],[1],[0],[0],[6.984339402468322],2042.5687733444256,2042.5720166533192,,,,,,,,,,,,,,,ED28,1,2024-02-02_14h00.22.905,rating,2023.2.3,85.10300836343751,2024-02-02 14h00.35.241320 +0800,
neu_2.jpg,0.0,153.0,153.0,296.0,1091.3866140522289,,,,,,,,,,,,,,,,,,,,,,,1091.3562408179662,,1091.3562696131664,1091.3562758853882,1091.3866140522289,1092.3745819350318,1092.3862796287642,1093.3605401409368,1093.3840281862244,1093.607608946355,1093.607616358981,1093.6683531340725,1093.6683531340725,1093.6683531340725,1093.6683531340725,1093.6683531340725,1093.6683531340725,0.0013615710661269,1100.020323424268,[-14.0],[193.0],[1],[0],[0],[6.410697103288385],1100.021030189629,1100.0242010828706,,,,,,,,,,,,,,,ED28,1,2024-02-02_14h00.22.905,rating,2023.2.3,85.10300836343751,2024-02-02 14h00.35.241320 +0800,
neu_20.jpg,0.0,321.0,321.0,297.0,2107.9840945007154,,,,,,,,,,,,,,,,,,,,,,,2107.95490072926,,2107.954932090369,2107.9549392178938,2107.9840945007154,2108.9720843362948,2108.9837438264944,2109.9579809603856,2109.9815046432973,2110.205015268584,2110.205023251412,2110.3128775271707,2110.3128775271707,2110.3128775271707,2110.3128775271707,2110.3128775271707,2110.3128775271707,0.0001051309909598,2113.8076041566583,[6.0],[229.0],[1],[0],[0],[3.5967842318623298],2113.808672144977,2113.8118507359454,,,,,,,,,,,,,,,ED28,1,2024-02-02_14h00.22.905,rating,2023.2.3,85.10300836343751,2024-02-02 14h00.35.241320 +0800,
neu_21.jpg,0.0,101.0,101.0,298.0,773.6837397495501,,,,,,,,,,,,,,,,,,,,,,,773.6531649488857,,773.6531963099949,773.6532034375196,773.6837397495501,774.6717372828564,774.683391356137,775.6576401791688,775.6811319307694,775.9047223843338,775.9047397754944,775.9537685932175,775.9537685932175,775.9537685932175,775.9537685932175,775.9537685932175,775.9537685932175,0.0015574354481486,781.6939637562512,[5.0],[-234.0],[1],[0],[0],[5.787974098004497],781.6946089397977,781.6977364976883,,,,,,,,,,,,,,,ED28,1,2024-02-02_14h00.22.905,rating,2023.2.3,85.10300836343751,2024-02-02 14h00.35.241320 +0800,
neu_22.jpg,0.0,123.0,123.0,299.0,912.6699357296832,,,,,,,,,,,,,,,,,,,,,,,912.6393763244724,,912.6394088259854,912.6394159535104,912.6699357296832,913.6578967700624,913.6696018764208,914.6438219042524,914.6673424510532,914.8908525061374,914.8908602038643,914.9399323569384,914.9399323569384,914.9399323569384,914.9399323569384,914.9399323569384,914.9399323569384,0.0014656329283297,918.3748775847612,[396.0],[380.0],[1],[0],[0],[3.4823210299900893],918.3754882710878,918.3786095567564,,,,,,,,,,,,,,,ED28,1,2024-02-02_14h00.22.905,rating,2023.2.3,85.10300836343751,2024-02-02 14h00.35.241320 +0800,
neu_23.jpg,0.0,46.0,46.0,300.0,384.5059502002691,,,,,,,,,,,,,,,,,,,,,,,384.4748262950925,,384.474855090293,384.47486136251473,384.5059502002691,385.49389613029575,385.5056055131688,386.479844357666,386.5033577769421,386.7268758148544,386.726883512581,386.7524339784502,386.7524339784502,386.7524339784502,386.7524339784502,386.7524339784502,386.7524339784502,0.0020426773378403,389.3402477926768,[366.0],[-370.0],[1],[0],[0],[2.6126888758440145],389.3407723785035,389.3438406353873,,,,,,,,,,,,,,,ED28,1,2024-02-02_14h00.22.905,rating,2023.2.3,85.10300836343751,2024-02-02 14h00.35.241320 +0800,
neu_24.jpg,0.0,37.0,37.0,301.0,334.7546321071045,,,,,,,,,,,,,,,,,,,,,,,334.7235426991481,,334.7235749155602,334.7235820430849,334.7546321071045,335.74257775203,335.75426261621783,336.728502316018,336.75202656913166,336.97553377320605,336.97554118583184,337.001063426703,337.001063426703,337.001063426703,337.001063426703,337.001063426703,337.001063426703,0.0019799551193955,340.482832786272,[-45.0],[-343.0],[1],[0],[0],[3.5066940287592843],340.48334796376594,340.48646554312154,,,,,,,,,,,,,,,ED28,1,2024-02-02_14h00.22.905,rating,2023.2.3,85.10300836343751,2024-02-02 14h00.35.241320 +0800,
neu_25.jpg,0.0,320.0,320.0,302.0,2102.232759871693,,,,,,,,,,,,,,,,,,,,,,,2102.20319632425,,2102.203224834349,2102.203231106571,2102.232759871693,2103.2207126441435,2103.232344764648,2104.2065847495487,2104.2301084324604,2104.45361991305,2104.4536278958776,2104.561483597142,2104.561483597142,2104.561483597142,2104.561483597142,2104.561483597142,2104.561483597142,0.0004181718809377,2107.950363917162,[7.0],[-242.0],[1],[0],[0],[3.4910282994096633],2107.951403395382,2107.954660104022,,,,,,,,,,,,,,,ED28,1,2024-02-02_14h00.22.905,rating,2023.2.3,85.10300836343751,2024-02-02 14h00.35.241320 +0800,
neu_26.jpg,0.0,195.0,195.0,303.0,1364.5250533922886,,,,,,,,,,,,,,,,,,,,,,,1364.4947351825172,,1364.494767969131,1364.4947750966562,1364.5250533922886,1365.5130061647387,1365.524645697869,1366.498884827467,1366.522408510379,1366.745918565463,1366.7459265482908,1366.8184984357936,1366.8184984357936,1366.8184984357936,1366.8184984357936,1366.8184984357936,1366.8184984357936,0.0011734044110198,1368.2308499801425,[406.0],[-350.0],[1],[0],[0],[1.482045052228841],1368.2316762028197,1368.2347544382385,,,,,,,,,,,,,,,ED28,1,2024-02-02_14h00.22.905,rating,2023.2.3,85.10300836343751,2024-02-02 14h00.35.241320 +0800,
neu_27.jpg,0.0,104.0,104.0,304.0,793.3961655056878,,,,,,,,,,,,,,,,,,,,,,,793.3652531454479,,793.3652813704462,793.3652876426681,793.3961655056878,794.3841003167756,794.3957968701043,795.3699832560187,795.3935049432234,795.6170198450247,795.6170278278526,795.6660660539085,795.6660660539085,795.6660660539085,795.6660660539085,795.6660660539085,795.6660660539085,0.0017609975570849,799.853784815464,[349.0],[-363.0],[1],[0],[0],[4.2354509399635845],799.8544265777987,799.857526765994,,,,,,,,,,,,,,,ED28,1,2024-02-02_14h00.22.905,rating,2023.2.3,85.10300836343751,2024-02-02 14h00.35.241320 +0800,
neu_28.jpg,0.0,349.0,349.0,305.0,2295.3925706672703,,,,,,,,,,,,,,,,,,,,,,,2295.36332386703,,2295.3633569387453,2295.36336406627,2295.3925706672703,2296.3805610730515,2296.3922627581983,2297.366462258758,2297.389984231064,2297.613553872256,2297.613561855084,2297.7331175308886,2297.7331175308886,2297.7331175308886,2297.7331175308886,2297.7331175308886,2297.7331175308886,0.0002191713883803,2302.556922266359,[140.0],[-330.0],[1],[0],[0],[4.936875218993009],2302.558019049878,2302.5611027022155,,,,,,,,,,,,,,,ED28,1,2024-02-02_14h00.22.905,rating,2023.2.3,85.10300836343751,2024-02-02 14h00.35.241320 +0800,
neu_29.jpg,0.0,233.0,233.0,306.0,1604.3900469532823,,,,,,,,,,,,,,,,,,,,,,,1604.3600298101596,,1604.3600614563695,1604.3600685838946,1604.3900469532823,1605.3780285209332,1605.3896133146725,1606.3638532995735,1606.3874570958642,1606.6108856120643,1606.6108933097917,1606.6952532680411,1606.6952532680411,1606.6952532680411,1606.6952532680411,1606.6952532680411,1606.6952532680411,0.0008461084712507,1609.6601727312873,[-14.0],[-320.0],[1],[0],[0],[3.0457259227223403],1609.6610286044674,1609.6641909446794,,,,,,,,,,,,,,,ED28,1,2024-02-02_14h00.22.905,rating,2023.2.3,85.10300836343751,2024-02-02 14h00.35.241320 +0800,
neu_3.jpg,0.0,355.0,355.0,307.0,2334.934883788558,,,,,,,,,,,,,,,,,,,,,,,2334.905854520376,,2334.9058861665862,2334.90589300901,2334.934883788558,2335.9228690625223,2335.93453653555,2336.9087779459555,2336.9323227263408,2337.155967919296,2337.1559761872245,2337.275478549144,2337.275478549144,2337.275478549144,2337.275478549144,2337.275478549144,2337.275478549144,0.0001037054857988,2341.6288347152654,[-15.0],[219.0],[1],[0],[0],[4.4661771862752175],2341.630021305597,2341.633254635956,,,,,,,2337.275478549144,,,,,,,,ED28,1,2024-02-02_14h00.22.905,rating,2023.2.3,85.10300836343751,2024-02-02 14h00.35.241320 +0800,
neu_30.jpg,0.0,213.0,213.0,308.0,1481.787604036916,,,,,,,,,,,,,,,,,,,,,,,1481.7574873935469,,1481.757519039757,1481.7575258821807,1481.787604036916,1482.7755716346178,1482.7872610604218,1483.7614959135049,1483.7850201666188,1484.0085293664,1484.008537634329,1484.092895311771,1484.092895311771,1484.092895311771,1484.092895311771,1484.092895311771,1484.092895311771,0.001032564520301,1489.3159172739556,[2.0],[285.0],[1],[0],[0],[5.304253792342024],1489.3167483433494,1489.3199072623488,,,,,,,,,,,,,,,ED28,1,2024-02-02_14h00.22.905,rating,2023.2.3,85.10300836343751,2024-02-02 14h00.35.241320 +0800,
neu_31.jpg,0.0,353.0,353.0,309.0,2322.185367818769,,,,,,,,,,,,,,,,,,,,,,,2322.1562199485734,,2322.156251309683,2322.1562584372077,2322.185367818769,2323.1733345611683,2323.185022276366,2324.1592608357623,2324.182823862611,2324.4062959992634,2324.4063039820912,2324.5259178184983,2324.5259178184983,2324.5259178184983,2324.5259178184983,2324.5259178184983,2324.5259178184983,6.778276110708248e-05,2331.819694434458,[-238.0],[-98.0],[1],[0],[0],[7.406852516400704],2331.820785515957,2331.8238780064257,,,,,,,,,,,,,,,ED28,1,2024-02-02_14h00.22.905,rating,2023.2.3,85.10300836343751,2024-02-02 14h00.35.241320 +0800,
neu_32.jpg,0.0,187.0,187.0,310.0,1310.327782321971,,,,,,,,,,,,,,,,,,,,,,,1310.2974153599298,,1310.2974467210393,1310.297453563463,1310.327782321971,1311.315782136085,1311.3274407709814,1312.3016796154784,1312.3252024430872,1312.5487173448887,1312.5487253277165,1312.6213174573895,1312.6213174573895,1312.6213174573895,1312.6213174573895,1312.6213174573895,1312.6213174573895,0.0012931468277201,1316.8562848660697,[17.0],[-330.0],[1],[0],[0],[4.304955996087301],1316.857048366528,1316.8602112769418,,,,,,,,,,,,,,,ED28,1,2024-02-02_14h00.22.905,rating,2023.2.3,85.10300836343751,2024-02-02 14h00.35.241320 +0800,
neu_33.jpg,0.0,193.0,193.0,311.0,1348.011757564941,,,,,,,,,,,,,,,,,,,,,,,1347.9816186836945,,1347.9816474788945,1347.9816534660154,1348.011757564941,1348.9997508217325,1349.0114296987997,1349.9856733900133,1350.009236131761,1350.2327051323025,1350.2327134002312,1350.3053340400038,1350.3053340400038,1350.3053340400038,1350.3053340400038,1350.3053340400038,1350.3053340400038,0.0010804614871631,1358.351008359446,[-3.0],[-131.0],[1],[0],[0],[8.115481582618486],1358.3517889659645,1358.3547879433072,,,,,,,,,,,,,,,ED28,1,2024-02-02_14h00.22.905,rating,2023.2.3,85.10300836343751,2024-02-02 14h00.35.241320 +0800,
neu_34.jpg,0.0,291.0,291.0,312.0,1937.970934809092,,,,,,,,,,,,,,,,,,,,,,,1937.9411619975203,,1937.9411910778213,1937.9411973500432,1937.970934809092,1938.9589015514912,1938.9705892666889,1939.944827255883,1939.9683503685928,1940.191860423677,1940.191868406505,1940.2878821529343,1940.2878821529343,1940.2878821529343,1940.2878821529343,1940.2878821529343,1940.2878821529343,0.0006921539347786,1941.9829523861383,[-11.0],[-196.0],[1],[0],[0],[1.7861294945814734],1941.9840420421328,1941.987133392197,,,,,,,,,,,,,,,ED28,1,2024-02-02_14h00.22.905,rating,2023.2.3,85.10300836343751,2024-02-02 14h00.35.241320 +0800,
neu_35.jpg,0.0,50.0,50.0,313.0,409.8285664922514,,,,,,,,,,,,,,,,,,,,,,,409.7975874183792,,409.7976190645893,409.7976261921142,409.8285664922514,410.8165711530824,410.8282115415154,411.8024535221234,411.8259760646313,412.0494644520402,412.04947157956485,412.07493765554045,412.07493765554045,412.07493765554045,412.07493765554045,412.07493765554045,412.07493765554045,0.0018664849244487,419.2382189855023,[2.0],[169.0],[1],[0],[0],[7.187987326690745],419.238743571329,419.2418531678568,,,,,,,,,,,,,,,ED28,1,2024-02-02_14h00.22.905,rating,2023.2.3,85.10300836343751,2024-02-02 14h00.35.241320 +0800,
neu_36.jpg,0.0,189.0,189.0,314.0,1324.794489225891,,,,,,,,,,,,,,,,,,,,,,,1324.764009648958,,1324.7640606820355,1324.7640672393586,1324.794489225891,1325.7824819124803,1325.7941433983865,1326.76838110248,1326.7919064959974,1327.0153943132043,1327.0154022960323,1327.088009250957,1327.088009250957,1327.088009250957,1327.088009250957,1327.088009250957,1327.088009250957,0.0013570094502028,1330.1232625589123,[-212.0],[-230.0],[1],[0],[0],[3.1052225084949896],1330.1240380336126,1330.1271966675113,,,,,,,,,,,,,,,ED28,1,2024-02-02_14h00.22.905,rating,2023.2.3,85.10300836343751,2024-02-02 14h00.35.241320 +0800,
neu_37.jpg,0.0,99.0,99.0,315.0,756.8412061596639,,,,,,,,,,,,,,,,,,,,,,,756.8104808256753,,756.8105124718854,756.8105195994103,756.8412061596639,757.8291520896905,757.8408469324131,758.8150994617579,758.8386231446696,759.062132629552,759.0621400421778,759.1111836851526,759.1111836851526,759.1111836851526,759.1111836851526,759.1111836851526,759.1111836851526,0.001641540241053,763.910451203682,[206.0],[195.0],[1],[0],[0],[4.84704730880344],763.9110775705631,763.9143051989022,,,,,,,,,,,,,,,ED28,1,2024-02-02_14h00.22.905,rating,2023.2.3,85.10300836343751,2024-02-02 14h00.35.241320 +0800,
neu_38.jpg,0.0,305.0,305.0,316.0,2010.457344187318,,,,,,,,,,,,,,,,,,,,,,,2010.427892399464,,2010.4279240456744,2010.4279311731989,2010.457344187318,2011.445313210525,2011.4570111893584,2012.431274837642,2012.454762312728,2012.6783208349807,2012.6783288178085,2012.786145460237,2012.786145460237,2012.786145460237,2012.786145460237,2012.786145460237,2012.786145460237,0.0004190271843071,2018.715286459499,[207.0],[-59.0],[1],[0],[0],[6.031719481150503],2018.7162914404985,2018.719350859252,,,,,,,,,,,,,,,ED28,1,2024-02-02_14h00.22.905,rating,2023.2.3,85.10300836343751,2024-02-02 14h00.35.241320 +0800,
neu_39.jpg,0.0,326.0,326.0,317.0,2142.6689070853013,,,,,,,,,,,,,,,,,,,,,,,2142.639584163096,,2142.639616379508,2142.639623507033,2142.6689070853013,2143.6568649895694,2143.6685432964346,2144.6428003873957,2144.666308959954,2144.889872899126,2144.8898805968533,2144.997654474133,2144.997654474133,2144.997654474133,2144.997654474133,2144.997654474133,2144.997654474133,0.0002787574958347,2147.3279128982253,[-2.0],[-229.0],[1],[0],[0],[2.4322062625851686],2147.328952946647,2147.3321118656468,,,,,,,,,,,,,,,ED28,1,2024-02-02_14h00.22.905,rating,2023.2.3,85.10300836343751,2024-02-02 14h00.35.241320 +0800,
neu_4.jpg,0.0,72.0,72.0,318.0,574.3255482705915,,,,,,,,,,,,,,,,,,,,,,,574.2946818116116,,574.2947140280237,574.2947211555486,574.3255482705915,575.3135090258697,575.3251824860179,576.2994327345548,576.3229555621635,576.546463906642,576.5464713192678,576.5838041538643,576.5838041538643,576.5838041538643,576.5838041538643,576.5838041538643,576.5838041538643,0.0017712611927436,582.9001735979944,[2.0],[-260.0],[1],[0],[0],[6.352734931058194],582.9007212770016,582.9039152634232,,,,,,,,,,,,,,,ED28,1,2024-02-02_14h00.22.905,rating,2023.2.3,85.10300836343751,2024-02-02 14h00.35.241320 +0800,
neu_40.jpg,0.0,333.0,333.0,319.0,2194.043337916807,,,,,,,,,,,,,,,,,,,,,,,2194.014086840052,,2194.014115635252,2194.014121907474,2194.043337916807,2195.0313288927905,2195.042976693849,2196.0172149681443,2196.040739506359,2196.2642492763425,2196.2642572591703,2196.38387166578,2196.38387166578,2196.38387166578,2196.38387166578,2196.38387166578,2196.38387166578,0.0001567342710586,2201.901527257508,[221.0],[-261.0],[1],[0],[0],[5.631232129513137],2201.9031141296337,2201.9062647807045,,,,,,,,,,,,,,,ED28,1,2024-02-02_14h00.22.905,rating,2023.2.3,85.10300836343751,2024-02-02 14h00.35.241320 +0800,
neu_41.jpg,0.0,282.0,282.0,320.0,1885.0910216280463,,,,,,,,,,,,,,,,,,,,,,,1885.0614369831296,,1885.0614689144409,1885.0614757568649,1885.0910216280463,1886.0790077573129,1886.090673519734,1887.0649371680177,1887.0884434597688,1887.311958931772,1887.3119669146,1887.4080901398104,1887.4080901398104,1887.4080901398104,1887.4080901398104,1887.4080901398104,1887.4080901398104,0.0005122552083776,1889.1970452703315,[160.0],[-337.0],[1],[0],[0],[1.880390440107476],1889.198039132392,1889.20116013296,,,,,,,,,,,,,,,ED28,1,2024-02-02_14h00.22.905,rating,2023.2.3,85.10300836343751,2024-02-02 14h00.35.241320 +0800,
neu_42.jpg,0.0,18.0,18.0,321.0,205.64803655222795,,,,,,,,,,,,,,,,,,,,,,,205.62867676931523,,205.62870813042449,205.62871497284848,205.64803655222795,206.64787432976323,206.6595275477409,207.63376838794488,207.6572917857557,207.88081495548568,207.8808232234146,207.89449381601685,207.89449381601685,207.89449381601685,207.89449381601685,207.89449381601685,207.89449381601685,0.0021293480394888,212.7641898327854,[66.0],[-242.0],[1],[0],[0],[4.882903320257583],212.76463601583896,212.76769457928933,,,,,,,,,,,,,,,ED28,1,2024-02-02_14h00.22.905,rating,2023.2.3,85.10300836343751,2024-02-02 14h00.35.241320 +0800,
neu_43.jpg,0.0,44.0,44.0,322.0,371.3917444445933,,,,,,,,,,,,,,,,,,,,,,,371.3723872275896,,371.3724185886988,371.37242543112256,371.3917444445933,372.3915876390472,372.4032499802568,373.377481412128,373.4010267627152,373.6245140097201,373.6245219925479,373.6500391016011,373.6500391016011,373.6500391016011,373.6500391016011,373.6500391016011,373.6500391016011,0.0021176588988964,378.684447940416,[221.0],[-228.0],[1],[0],[0],[5.059216616598178],378.684966824223,378.68794727000113,,,,,,,,,,,,,,,ED28,1,2024-02-02_14h00.22.905,rating,2023.2.3,85.10300836343751,2024-02-02 14h00.35.241320 +0800,
neu_44.jpg,0.0,301.0,301.0,323.0,1990.0040518553087,,,,,,,,,,,,,,,,,,,,,,,1989.974415322012,,1989.974447538424,1989.9744543808476,1990.0040518553087,1990.9919878068008,1991.0036681093725,1991.9779100899805,1992.001409254207,1992.2249426875728,1992.2249515257035,1992.3328029504528,1992.3328029504528,1992.3328029504528,1992.3328029504528,1992.3328029504528,1992.3328029504528,0.0005182423296901,1994.3336941761563,[9.0],[300.0],[1],[0],[0],[2.1035067707207418],1994.3347327990728,1994.3377825243924,,,,,,,,,,,,,,,ED28,1,2024-02-02_14h00.22.905,rating,2023.2.3,85.10300836343751,2024-02-02 14h00.35.241320 +0800,
neu_45.jpg,0.0,225.0,225.0,324.0,1553.721219411158,,,,,,,,,,,,,,,,,,,,,,,1553.6911227248584,,1553.6911552263714,1553.6911623538963,1553.721219411158,1554.7092029745158,1554.720872728351,1555.6951124281509,1555.7186363961637,1555.9421450257432,1555.9421532936722,1556.0264590827333,1556.0264590827333,1556.0264590827333,1556.0264590827333,1556.0264590827333,1556.0264590827333,0.0010114670467373,1564.5075524678482,[365.0],[198.0],[1],[0],[0],[8.56204182488591],1564.508401213504,1564.5115319075053,,,,,,,,,,,,,,,ED28,1,2024-02-02_14h00.22.905,rating,2023.2.3,85.10300836343751,2024-02-02 14h00.35.241320 +0800,
neu_46.jpg,0.0,3.0,3.0,325.0,48.90199596354012,,,,,,,,,,,,,,,,,,,,,,,48.88051189313046,,48.88054325423957,48.880550096663455,48.90199596354012,49.90170316482056,49.91340627547197,50.8876499666859,50.9111511266193,51.13469083220696,51.13470736806448,51.14835315688049,51.14835315688049,51.14835315688049,51.14835315688049,51.14835315688049,51.14835315688049,0.0041780837735814,59.65244250296996,[1.0],[-279.0],[1],[0],[0],[8.517366499321952],59.652851052692654,59.65599942295557,,,,,,,,,,,,,,,ED28,1,2024-02-02_14h00.22.905,rating,2023.2.3,85.10300836343751,2024-02-02 14h00.35.241320 +0800,
neu_47.jpg,0.0,304.0,304.0,326.0,2005.0235219723056,,,,,,,,,,,,,,,,,,,,,,,2004.993982088245,,2004.994011738748,2004.9940182960709,2005.0235219723056,2006.011481016978,2006.023168447075,2006.997404440562,2007.0209466550384,2007.2444387487603,2007.24444730179,2007.3522992967412,2007.3522992967412,2007.3522992967412,2007.3522992967412,2007.3522992967412,2007.3522992967412,0.0004503882933022,2010.423498422964,[210.0],[351.0],[1],[0],[0],[3.173754514930806],2010.4245034039632,2010.4276514891253,,,,,,,,,,,,,,,ED28,1,2024-02-02_14h00.22.905,rating,2023.2.3,85.10300836343751,2024-02-02 14h00.35.241320 +0800,
neu_48.jpg,0.0,289.0,289.0,327.0,1926.7739861879973,,,,,,,,,,,,,,,,,,,,,,,1926.744276668846,,1926.744308029955,1926.74431515748,1926.7739861879973,1927.7619198586813,1927.773597025142,1928.7478358696396,1928.771339880583,1928.9948832924829,1928.994891845513,1929.0909044515383,1929.0909044515383,1929.0909044515383,1929.0909044515383,1929.0909044515383,1929.0909044515383,0.0006000663142913,1932.1031697813476,[-5.0],[119.0],[1],[0],[0],[3.1033818964860984],1932.1041399800256,1932.107233040696,,,,,,,,,,,,,,,ED28,1,2024-02-02_14h00.22.905,rating,2023.2.3,85.10300836343751,2024-02-02 14h00.35.241320 +0800,
neu_49.jpg,0.0,243.0,243.0,328.0,1669.7018268416314,,,,,,,,,,,,,,,,,,,,,,,1669.6718821141608,,1669.671914045472,1669.6719211729965,1669.7018268416314,1670.6897947244345,1670.701474456804,1671.6757178629173,1671.6992597922929,1671.9227496052065,1671.9227578731352,1672.0070881808815,1672.0070881808815,1672.0070881808815,1672.0070881808815,1672.0070881808815,1672.0070881808815,0.0008577976122978,1673.325507216049,[254.0],[-332.0],[1],[0],[0],[1.3989463807711218],1673.3263670806427,1673.3296163766572,,,,,,,,,,,,,,,ED28,1,2024-02-02_14h00.22.905,rating,2023.2.3,85.10300836343751,2024-02-02 14h00.35.241320 +0800,
neu_5.jpg,0.0,295.0,295.0,329.0,1957.1069761647016,,,,,,,,,,,,,,,,,,,,,,,1957.0773079851945,,1957.0773396314044,1957.0773467589293,1957.1069761647016,1958.0949434773024,1958.1066243500768,1959.080863764776,1959.1043868774852,1959.327898643176,1959.327906626004,1959.4357586209549,1959.4357586209549,1959.4357586209549,1959.4357586209549,1959.4357586209549,1959.4357586209549,0.0005809645476801,1962.636120186034,[8.0],[-275.0],[1],[0],[0],[3.3032217267482338],1962.6371080609736,1962.6401937090184,,,,,,,,,,,,,,,ED28,1,2024-02-02_14h00.22.905,rating,2023.2.3,85.10300836343751,2024-02-02 14h00.35.241320 +0800,
neu_50.jpg,0.0,284.0,284.0,330.0,1893.653428382203,,,,,,,,,,,,,,,,,,,,,,,1893.6238731026883,,1893.6239041786969,1893.6239110211204,1893.653428382203,1894.6414433066695,1894.6530811291937,1895.6273299522252,1895.6508436566028,1895.874352571283,1895.8743605541108,1895.9705094384108,1895.9705094384108,1895.9705094384108,1895.9705094384108,1895.9705094384108,1895.9705094384108,0.0004706304634964,1901.523309429516,[198.0],[197.0],[1],[0],[0],[5.644106720144009],1901.5243298059688,1901.5274297090627,,,,,,,,,,,,,,,ED28,1,2024-02-02_14h00.22.905,rating,2023.2.3,85.10300836343751,2024-02-02 14h00.35.241320 +0800,
neu_51.jpg,0.0,62.0,62.0,331.0,513.4242550809986,,,,,,,,,,,,,,,,,,,,,,,513.3934194129256,,513.3934513442368,513.3934584717617,513.4242550809986,514.4122383592551,514.4239075428884,515.3981586467282,515.4216940187807,515.6451789849777,515.6451866827044,515.6824719054355,515.6824719054355,515.6824719054355,515.6824719054355,515.6824719054355,515.6824719054355,0.0017493084162651,520.6227463835651,[215.0],[64.0],[1],[0],[0],[4.976742316314585],520.6232689736848,520.6263760043039,,,,,,,,,,,,,,,ED28,1,2024-02-02_14h00.22.905,rating,2023.2.3,85.10300836343751,2024-02-02 14h00.35.241320 +0800,
neu_52.jpg,0.0,293.0,293.0,332.0,1948.0505806224269,,,,,,,,,,,,,,,,,,,,,,,1948.0209070260005,,1948.0209383871097,1948.020945514634,1948.0505806224269,1949.0385596241688,1949.0502347949227,1950.0244482654311,1950.047972233444,1950.271509088022,1950.2715167857489,1950.379367355195,1950.379367355195,1950.379367355195,1950.379367355195,1950.379367355195,1950.379367355195,0.0005929387898504,1952.732945329889,[11.0],[-213.0],[1],[0],[0],[2.456497152268639],1952.73392778791,1952.736973236715,,,,,,,,,,,,,,,ED28,1,2024-02-02_14h00.22.905,rating,2023.2.3,85.10300836343751,2024-02-02 14h00.35.241320 +0800,
neu_53.jpg,0.0,259.0,259.0,333.0,1757.1959878307491,,,,,,,,,,,,,,,,,,,,,,,1757.1660810217109,,1757.166111812618,1757.1661189401425,1757.1959878307491,1758.1839349011798,1758.19564057774,1759.1698603204704,1759.1933825778774,1759.4168934882646,1759.4169020412946,1759.51299219479,1759.51299219479,1759.51299219479,1759.51299219479,1759.51299219479,1759.51299219479,0.0008053390292843,1770.3583420122827,[26.0],[-336.0],[1],[0],[0],[10.937313134118085],1770.3593318829294,1770.362530145866,,,,,,,,,,,,,,,ED28,1,2024-02-02_14h00.22.905,rating,2023.2.3,85.10300836343751,2024-02-02 14h00.35.241320 +0800,
neu_54.jpg,0.0,210.0,210.0,334.0,1464.5334313700614,,,,,,,,,,,,,,,,,,,,,,,1464.5106934254854,1464.5334313700614,1465.521418639732,1465.5214263374587,1465.544931773907,1466.5328791294382,1466.54456513403,1467.5188022679213,1467.542323955126,1467.765832869807,1467.7658414228365,1467.8384489479631,1467.8384489479631,1467.8384489479631,1467.8384489479631,1467.8384489479631,1467.8384489479631,0.0053144963308113,1471.297263686202,[232.0],[-354.0],[1],[0],[0],[3.5283674062279715],1471.2981295379168,1471.3014657897338,,,,,,,,,,,,,,,ED28,1,2024-02-02_14h00.22.905,rating,2023.2.3,85.10300836343751,2024-02-02 14h00.35.241320 +0800,
neu_55.jpg,0.0,290.0,290.0,335.0,1932.137306063613,,,,,,,,,,,,,,,,,,,,,,,1932.107471955328,,1932.107503316437,1932.107510729063,1932.137306063613,1933.1251832843009,1933.136861020964,1934.1111004356624,1934.1346261142817,1934.358131322649,1934.358138735275,1934.454250556446,1934.454250556446,1934.454250556446,1934.454250556446,1934.454250556446,1934.454250556446,0.000648818584068,1937.9369025886888,[7.0],[-114.0],[1],[0],[0],[3.573868384267371],1937.937912986607,1937.9409418995535,,,,,,,,,,,,,,,ED28,1,2024-02-02_14h00.22.905,rating,2023.2.3,85.10300836343751,2024-02-02 14h00.35.241320 +0800,
neu_56.jpg,0.0,169.0,169.0,336.0,1187.7372315382138,,,,,,,,,,,,,,,,,,,,,,,1187.7066689968922,,1187.7066975069913,1187.7067040643142,1187.7372315382138,1188.725159791979,1188.7368514985906,1189.7110877771786,1189.7346108898885,1189.9581206598718,1189.9581283575988,1190.0189327016255,1190.0189327016255,1190.0189327016255,1190.0189327016255,1190.0189327016255,1190.0189327016255,0.0014448205561166,1192.8308002585295,[381.0],[-354.0],[1],[0],[0],[2.8703816846559675],1192.8315383849997,1192.8347355075323,,,,,,,,,,,,,,,ED28,1,2024-02-02_14h00.22.905,rating,2023.2.3,85.10300836343751,2024-02-02 14h00.35.241320 +0800,
neu_57.jpg,0.0,366.0,366.0,337.0,2401.95217544887,,,,,,,,,,,,,,,,,,,,,,,2401.9234127501154,,2401.923444396325,2401.9234515238504,2401.95217544887,2402.940140765764,2402.951824204447,2403.92606761056,2403.949590438169,2404.173261005112,2404.173269273041,2404.292767928647,2404.292767928647,2404.292767928647,2404.292767928647,2404.292767928647,2404.292767928647,-0.0001608682350706,2411.233741759512,[21.0],[278.0],[1],[0],[0],[7.05351345633926],2411.2349072523707,2411.238114353438,,,,,,,2404.292767928647,,,,,,,,ED28,1,2024-02-02_14h00.22.905,rating,2023.2.3,85.10300836343751,2024-02-02 14h00.35.241320 +0800,
neu_58.jpg,0.0,310.0,310.0,338.0,2042.601674569191,,,,,,,,,,,,,,,,,,,,,,,2042.572266116688,,2042.572298903302,2042.572306030827,2042.601674569191,2043.589622494924,2043.6013056485065,2044.5755444930032,2044.5990713120264,2044.8225773756967,2044.8225847883225,2044.930440489587,2044.930440489587,2044.930440489587,2044.930440489587,2044.930440489587,2044.930440489587,0.0002998549689436,2048.6367342935723,[154.0],[-356.0],[1],[0],[0],[3.8087539689622645],2048.637808839214,2048.6409298397816,,,,,,,,,,,,,,,ED28,1,2024-02-02_14h00.22.905,rating,2023.2.3,85.10300836343751,2024-02-02 14h00.35.241320 +0800,
neu_59.jpg,0.0,330.0,330.0,339.0,2175.1072567040787,,,,,,,,,,,,,,,,,,,,,,,2175.09623783581,2175.1072567040787,2176.095395932578,2176.0954164598497,2176.1187439932783,2177.118483696072,2177.1301426160694,2178.1043902986976,2178.127904288176,2178.351413202856,2178.351421185684,2178.471058970574,2178.471058970574,2178.471058970574,2178.471058970574,2178.471058970574,2178.471058970574,0.0053512743588726,2181.5422709263416,[9.0],[-104.0],[1],[0],[0],[3.1849353205634543],2181.5433694204667,2181.54649213164,,,,,,2176.1187439932783,,,,,,,,,ED28,1,2024-02-02_14h00.22.905,rating,2023.2.3,85.10300836343751,2024-02-02 14h00.35.241320 +0800,
neu_6.jpg,0.0,132.0,132.0,340.0,960.2453781565312,,,,,,,,,,,,,,,,,,,,,,,960.2147027152164,,960.2147343614264,960.2147412038504,960.2453781565312,961.2333531668588,961.24503318433,962.2192708884232,962.242794856436,962.4663080476312,962.46631631556,962.5152835514688,962.5152835514688,962.5152835514688,962.5152835514688,962.5152835514688,962.5152835514688,0.0015956389811435,968.361515756534,[49.0],[20.0],[1],[0],[0],[5.893460039817228],968.362181467352,968.3652425967113,,,,,,,,,,,,,,,ED28,1,2024-02-02_14h00.22.905,rating,2023.2.3,85.10300836343751,2024-02-02 14h00.35.241320 +0800,
neu_60.jpg,0.0,118.0,118.0,341.0,871.2104789440086,,,,,,,,,,,,,,,,,,,,,,,871.1796506885617,,871.1796791986608,871.1796854708828,871.2104789440086,872.1984921578694,872.2101291250906,873.1843705354966,873.2078939333073,873.4314034181898,873.4314116861185,873.4804482015686,873.4804482015686,873.4804482015686,873.4804482015686,873.4804482015686,873.4804482015686,0.0017478829113315,878.656296783291,[219.0],[-83.0],[1],[0],[0],[5.2233689300928745],878.6569251458791,878.6599831391272,,,,,,,,,,,,,,,ED28,1,2024-02-02_14h00.22.905,rating,2023.2.3,85.10300836343751,2024-02-02 14h00.35.241320 +0800,
neu_61.jpg,0.0,374.0,374.0,342.0,2440.777061572406,,,,,,,,,,,,,,,,,,,,,,,2440.7479470590265,,2440.7479784201355,2440.7479852625597,2440.777061572406,2441.7650103534424,2441.7766957878325,2442.750933491925,2442.774456034433,2442.998121184458,2442.9981294523864,2443.12937312849,2443.12937312849,2443.12937312849,2443.12937312849,2443.12937312849,2443.12937312849,0.0001644319977458,2445.2482565361543,[28.0],[-320.0],[1],[0],[0],[2.2428279281512005],2445.249396940125,2445.252506251552,,,,,,,2443.12937312849,,,,,,,,ED28,1,2024-02-02_14h00.22.905,rating,2023.2.3,85.10300836343751,2024-02-02 14h00.35.241320 +0800,
neu_62.jpg,0.0,255.0,255.0,343.0,1738.1775594727796,,,,,,,,,,,,,,,,,,,,,,,1738.147542329657,,1738.147573975867,1738.147580818291,1738.1775594727796,1739.165525359876,1739.177201100832,1740.151438804925,1740.174965338847,1740.3984753939312,1740.3984836618597,1740.4945683984365,1740.4945683984365,1740.4945683984365,1740.4945683984365,1740.4945683984365,1740.4945683984365,0.0009245112446478,1743.3066731593667,[0.0],[-318.0],[1],[0],[0],[2.9041561737622033],1743.3076017333,1743.3106950790711,,,,,,,,,,,,,,,ED28,1,2024-02-02_14h00.22.905,rating,2023.2.3,85.10300836343751,2024-02-02 14h00.35.241320 +0800,
neu_63.jpg,0.0,340.0,340.0,344.0,2239.983926006029,,,,,,,,,,,,,,,,,,,,,,,2239.9545588931696,,2239.954602798722,2239.954623325994,2239.983926006029,2240.971884480499,2240.98360469721,2241.9578147465068,2241.9813378592166,2242.204847058998,2242.2048547567247,2242.324472299445,2242.324472299445,2242.324472299445,2242.324472299445,2242.324472299445,2242.324472299445,0.0002656428500813,2245.454598664758,[2.0],[-80.0],[1],[0],[0],[3.2436168025978986],2245.4556854697425,2245.4588287081874,,,,,,,,,,,,,,,ED28,1,2024-02-02_14h00.22.905,rating,2023.2.3,85.10300836343751,2024-02-02 14h00.35.241320 +0800,
neu_64.jpg,0.0,143.0,143.0,345.0,1037.5892974797928,,,,,,,,,,,,,,,,,,,,,,,1037.558663663223,,1037.558695024332,1037.5587018667557,1037.5892974797928,1038.577297293907,1038.5889542181974,1039.5631970541083,1039.586729575151,1039.8102262304888,1039.8102342133166,1039.8710399828483,1039.8710399828483,1039.8710399828483,1039.8710399828483,1039.8710399828483,1039.8710399828483,0.0015525887313287,1044.341108797675,[13.0],[193.0],[1],[0],[0],[4.528977237251638],1044.3417976016733,1044.3450600123335,,,,,,,,,,,,,,,ED28,1,2024-02-02_14h00.22.905,rating,2023.2.3,85.10300836343751,2024-02-02 14h00.35.241320 +0800,
neu_65.jpg,0.0,303.0,303.0,346.0,1999.8013863891076,,,,,,,,,,,,,,,,,,,,,,,1999.7719243376175,,1999.771956268929,1999.7719633964537,1999.8013863891076,2000.7893534166076,2000.8010374254925,2001.7752776954944,2001.7988016635072,2002.0223139994,2002.0223216971265,2002.130199636268,2002.130199636268,2002.130199636268,2002.130199636268,2002.130199636268,2002.130199636268,0.0003799683481702,2004.9895527592216,[13.0],[-15.0],[1],[0],[0],[2.962040798522594],2004.9905959437544,2004.9937294887652,,,,,,,,,,,,,,,ED28,1,2024-02-02_14h00.22.905,rating,2023.2.3,85.10300836343751,2024-02-02 14h00.35.241320 +0800,
neu_66.jpg,0.0,36.0,36.0,347.0,329.1325816550625,,,,,,,,,,,,,,,,,,,,,,,329.1016225382598,,329.1016536142681,329.1016604566919,329.1325816550625,330.1205583759963,330.1322401040732,331.1065445217987,331.1300069079971,331.3535420519688,331.3535494645946,331.3790460463763,331.3790460463763,331.3790460463763,331.3790460463763,331.3790460463763,331.3790460463763,0.0019103904771782,334.7196815764032,[194.0],[-357.0],[1],[0],[0],[3.36551486815938],334.72015740996017,334.7232980824963,,,,,,,,,,,,,,,ED28,1,2024-02-02_14h00.22.905,rating,2023.2.3,85.10300836343751,2024-02-02 14h00.35.241320 +0800,
neu_67.jpg,0.0,244.0,244.0,348.0,1673.35966516599,,,,,,,,,,,,,,,,,,,,,,,1673.3298672655303,,1673.3299011925487,1673.3299091753763,1673.35966516599,1674.347635329601,1674.359346993282,1675.3335633148008,1675.3570818658943,1675.5805950570898,1675.5806033250187,1675.6649296413516,1675.6649296413516,1675.6649296413516,1675.6649296413516,1675.6649296413516,1675.6649296413516,0.0007158173179959,1681.840879148825,[399.0],[-333.0],[1],[0],[0],[6.256500231359496],1681.8418214076064,1681.8449917306457,,,,,,,,,,,,,,,ED28,1,2024-02-02_14h00.22.905,rating,2023.2.3,85.10300836343751,2024-02-02 14h00.35.241320 +0800,
neu_68.jpg,0.0,234.0,234.0,349.0,1609.694439304707,,,,,,,,,,,,,,,,,,,,,,,1609.6644347060285,,1609.6644663522384,1609.6644734797633,1609.694439304707,1610.6823835241275,1610.6940700989217,1611.668326334579,1611.6918323412292,1611.9154299223187,1611.9154376200454,1611.9996821123932,1611.9996821123932,1611.9996821123932,1611.9996821123932,1611.9996821123932,1611.9996821123932,0.0009855228568085,1614.882257566509,[254.0],[-322.0],[1],[0],[0],[2.9635324469163606],1614.883118001305,1614.8862424230847,,,,,,,,,,,,,,,ED28,1,2024-02-02_14h00.22.905,rating,2023.2.3,85.10300836343751,2024-02-02 14h00.35.241320 +0800,
neu_69.jpg,0.0,292.0,292.0,350.0,1942.0168808297808,,,,,,,,,,,,,,,,,,,,,,,1941.987377438647,,1941.9874096550595,1941.987416782584,1942.0168808297808,1943.004876652481,1943.0165603762648,1943.990802641974,1944.0142989551905,1944.2378854173407,1944.2378934001688,1944.3457174552227,1944.3457174552227,1944.3457174552227,1944.3457174552227,1944.3457174552227,1944.3457174552227,0.0004980001590411,1948.0166096987364,[4.0],[277.0],[1],[0],[0],[3.77383137815832],1948.0176027054945,1948.0206601285404,,,,,,,,,,,,,,,ED28,1,2024-02-02_14h00.22.905,rating,2023.2.3,85.10300836343751,2024-02-02 14h00.35.241320 +0800,
neu_7.jpg,0.0,59.0,59.0,351.0,490.1481584329024,,,,,,,,,,,,,,,,,,,,,,,490.1173723724023,,490.1174048739156,490.11741171633935,490.1481584329024,491.1361237497965,491.1478106096913,492.1220491690874,492.14557171159527,492.3690809113766,492.3690886091033,492.4063726914303,492.4063726914303,492.4063726914303,492.4063726914303,492.4063726914303,492.4063726914303,0.0016974200357253,499.7813962478999,[221.0],[82.0],[1],[0],[0],[7.411498807280168],499.78191769761565,502.58056626188977,space,499.8043850813492,499.8043850813492,2.7707719594050104,,,,,,,,,,,ED28,1,2024-02-02_14h00.22.905,rating,2023.2.3,85.10300836343751,2024-02-02 14h00.35.241320 +0800,
neu_70.jpg,0.0,87.0,87.0,352.0,680.920404934642,,,,,,,,,,,,,,,,,,,,,,,680.8895313481371,,680.8895644198521,680.8895712622761,680.920404934642,681.9083956255245,681.9200884725401,682.8943227554212,682.9178455830302,683.1413539275084,683.1413613401344,683.1786471330672,683.1786471330672,683.1786471330672,683.1786471330672,683.1786471330672,683.1786471330672,0.0018108902306721,686.6488279925838,[221.0],[-338.0],[1],[0],[0],[3.5063610307997806],686.649412164518,686.6525474201353,,,,,,,,,,,,,,,ED28,1,2024-02-02_14h00.22.905,rating,2023.2.3,85.10300836343751,2024-02-02 14h00.35.241320 +0800,
neu_71.jpg,0.0,58.0,58.0,353.0,482.70315769306535,,,,,,,,,,,,,,,,,,,,,,,482.6721780489911,,482.67220655909045,482.6722128313122,482.70315769306535,483.6911064741018,483.7027460072318,484.67699026864784,484.7005139515595,484.924024006644,484.9240322745727,484.9613157866977,484.9613157866977,484.9613157866977,484.9613157866977,484.9613157866977,484.9613157866977,0.0018408258349609,490.1134046218863,[-1.0],[83.0],[1],[0],[0],[5.188532154687664],490.11393662033856,490.11713317266936,,,,,,,,,,,,,,,ED28,1,2024-02-02_14h00.22.905,rating,2023.2.3,85.10300836343751,2024-02-02 14h00.35.241320 +0800,
neu_72.jpg,0.0,161.0,161.0,354.0,1142.7375209157217,,,,,,,,,,,,,,,,,,,,,,,1142.7070171052042,,1142.7070490365154,1142.7070561640403,1142.7375209157217,1143.7254896538277,1143.7371730925104,1144.7114136476134,1144.7349361901213,1144.9584499515186,1144.9584579343464,1145.0192830907456,1145.0192830907456,1145.0192830907456,1145.0192830907456,1145.0192830907456,1145.0192830907456,0.0014228677796381,1151.0771825407571,[215.0],[249.0],[1],[0],[0],[6.11653959240266],1151.077943190206,1151.0810291233515,,,,,,,,,,,,,,,ED28,1,2024-02-02_14h00.22.905,rating,2023.2.3,85.10300836343751,2024-02-02 14h00.35.241320 +0800,
neu_73.jpg,0.0,175.0,175.0,355.0,1228.2204358110794,,,,,,,,,,,,,,,,,,,,,,,1228.190255019987,,1228.1902869512985,1228.190293793722,1228.2204358110794,1229.2084036938822,1229.2201256211993,1230.1943556275655,1230.2178545066913,1230.44139449738,1230.4414113183384,1230.5139629636706,1230.5139629636706,1230.5139629636706,1230.5139629636706,1230.5139629636706,1230.5139629636706,0.0011389071905796,1232.7023232024594,[371.0],[-346.0],[1],[0],[0],[2.258529580225968],1232.7030667458484,1232.7062025716675,,,,,,,,,,,,,,,ED28,1,2024-02-02_14h00.22.905,rating,2023.2.3,85.10300836343751,2024-02-02 14h00.35.241320 +0800,
neu_74.jpg,0.0,285.0,285.0,356.0,1901.5571862698785,,,,,,,,,,,,,,,,,,,,,,,1901.5276480964235,,1901.5276771767249,1901.5276834489464,1901.5571862698785,1902.545152727176,1902.556841867879,1903.5310792868715,1903.554603825086,1903.7781138801704,1903.778121862998,1903.8742134419983,1903.8742134419983,1903.8742134419983,1903.8742134419983,1903.8742134419983,1903.8742134419983,0.0004603668280651,1905.6632766257956,[291.0],[-342.0],[1],[0],[0],[1.88033513051505],1905.664270772957,1905.6674359641788,,,,,,,,,,,,,,,ED28,1,2024-02-02_14h00.22.905,rating,2023.2.3,85.10300836343751,2024-02-02 14h00.35.241320 +0800,
neu_75.jpg,0.0,356.0,356.0,357.0,2341.66251398064,,,,,,,,,,,,,,,,,,,,,,,2341.6334964015978,,2341.63352861801,2341.6335357455346,2341.66251398064,2342.6504562043533,2342.6621447748544,2343.6481426097976,2343.6599058767583,2343.8951749222883,2343.8951823349144,2344.014851195813,2344.014851195813,2344.014851195813,2344.014851195813,2344.014851195813,2344.014851195813,0.0116679719540115,2349.1914815244577,[197.0],[-332.0],[1],[0],[0],[5.289688552824373],2349.192580303684,2349.195688189606,,,,,,,,,,,,,,,ED28,1,2024-02-02_14h00.22.905,rating,2023.2.3,85.10300836343751,2024-02-02 14h00.35.241320 +0800,
neu_76.jpg,0.0,253.0,253.0,358.0,1726.3101468298623,,,,,,,,,,,,,,,,,,,,,,,1726.2802702415288,,1726.280303028143,1726.2803101556678,1726.3101468298623,1727.298118133877,1727.3097955854391,1728.2840686420554,1728.307561819161,1728.531082422982,1728.5310906909108,1728.627185691123,1728.627185691123,1728.627185691123,1728.627185691123,1728.627185691123,1728.627185691123,0.0008022029182939,1733.6506018909608,[361.0],[-353.0],[1],[0],[0],[5.115442808883472],1733.651505661108,1733.6546580227846,,,,,,,,,,,,,,,ED28,1,2024-02-02_14h00.22.905,rating,2023.2.3,85.10300836343751,2024-02-02 14h00.35.241320 +0800,
neu_77.jpg,0.0,352.0,352.0,359.0,2317.339612302564,,,,,,,,,,,,,,,,,,,,,,,2317.310698215182,,2317.3107304315945,2317.3107375591194,2317.339612302564,2318.327581325771,2318.3392770237965,2319.3135526463216,2319.3370278620646,2319.560747466379,2319.5607563045096,2319.6801879613827,2319.6801879613827,2319.6801879613827,2319.6801879613827,2319.6801879613827,2319.6801879613827,4.012796489405446e-05,2322.151786628136,[209.0],[-338.0],[1],[0],[0],[2.583864025073126],2322.152883981857,2322.1559853104563,,,,,,,2319.6801879613827,,,,,,,,ED28,1,2024-02-02_14h00.22.905,rating,2023.2.3,85.10300836343751,2024-02-02 14h00.35.241320 +0800,
neu_78.jpg,0.0,227.0,227.0,360.0,1568.775998145703,,,,,,,,,,,,,,,,,,,,,,,1568.745918850564,,1568.7459507818753,1568.7459581945009,1568.775998145703,1569.7639888365857,1569.775651747997,1570.749891732898,1570.773413990305,1570.9969240453893,1570.9969323133178,1571.0813301899998,1571.0813301899998,1571.0813301899998,1571.0813301899998,1571.0813301899998,1571.0813301899998,0.0009969268967324,1575.1987929394168,[219.0],[-263.0],[1],[0],[0],[4.198422023025159],1575.1996516636068,1575.2028636113914,,,,,,,,,,,,,,,ED28,1,2024-02-02_14h00.22.905,rating,2023.2.3,85.10300836343751,2024-02-02 14h00.35.241320 +0800,
neu_79.jpg,0.0,245.0,245.0,361.0,1681.875025694727,,,,,,,,,,,,,,,,,,,,,,,1681.8452423344183,,1681.8452759763354,1681.8452839591632,1681.875025694727,1682.862995288136,1682.8747135091398,1683.8489318263655,1683.872446100945,1684.0959986360767,1684.0960066189043,1684.1802864637752,1684.1802864637752,1684.1802864637752,1684.1802864637752,1684.1802864637752,1684.1802864637752,0.0007440423160005,1688.8742510753295,[205.0],[211.0],[1],[0],[0],[4.7744443452925225],1688.875149428558,1688.8782727099333,,,,,,,,,,,,,,,ED28,1,2024-02-02_14h00.22.905,rating,2023.2.3,85.10300836343751,2024-02-02 14h00.35.241320 +0800,
neu_8.jpg,0.0,53.0,53.0,362.0,438.83244614656064,,,,,,,,,,,,,,,,,,,,,,,438.8132751005053,,438.8133070318163,438.8133138742403,438.83244614656064,439.8322876304087,439.8439488312142,440.8181868204083,440.84170964801706,441.06522312431343,441.0652311071413,441.1025114831552,441.1025114831552,441.1025114831552,441.1025114831552,441.1025114831552,441.1025114831552,0.0019389005763059,450.2416421931223,[209.0],[-78.0],[1],[0],[0],[9.175502754218087],450.24213028602185,450.2451272676576,,,,,,,,,,,,,,,ED28,1,2024-02-02_14h00.22.905,rating,2023.2.3,85.10300836343751,2024-02-02 14h00.35.241320 +0800,
neu_80.jpg,0.0,183.0,183.0,363.0,1286.8282186690403,,,,,,,,,,,,,,,,,,,,,,,1286.7979189908338,,1286.7979514923468,1286.7979586198717,1286.8282186690403,1287.8162392955269,1287.8278708458292,1288.8021199539617,1288.825633658339,1289.0491445687262,1289.049152551554,1289.121750953449,1289.121750953449,1289.121750953449,1289.121750953449,1289.121750953449,1289.121750953449,0.0012155993576925,1290.25176470387,[237.0],[-326.0],[1],[0],[0],[1.200035694644157],1290.2525236427127,1290.2557036591857,,,,,,,,,,,,,,,ED28,1,2024-02-02_14h00.22.905,rating,2023.2.3,85.10300836343751,2024-02-02 14h00.35.241320 +0800,
neu_81.jpg,0.0,125.0,125.0,364.0,923.3023903722536,,,,,,,,,,,,,,,,,,,,,,,923.2717645385112,,923.2717958996204,923.2718030271452,923.3023903722536,924.2903320257652,924.3020257280835,925.2762565897532,925.299779702463,925.5232886171432,925.523296599971,925.5723399578447,925.5723399578447,925.5723399578447,925.5723399578447,925.5723399578447,925.5723399578447,0.0015146702992296,929.1014041508992,[380.0],[83.0],[1],[0],[0],[3.5764984409252065],929.102045913234,929.1051016256744,,,,,,,,,,,,,,,ED28,1,2024-02-02_14h00.22.905,rating,2023.2.3,85.10300836343751,2024-02-02 14h00.35.241320 +0800,
neu_82.jpg,0.0,277.0,277.0,365.0,1864.861159807945,,,,,,,,,,,,,,,,,,,,,,,1864.8315988264103,,1864.8316310428224,1864.831638170347,1864.861159807945,1865.8491296864545,1865.8608493329637,1866.8350599524624,1866.858577363152,1867.0821370258093,1867.082144723536,1867.1781858396607,1867.1781858396607,1867.1781858396607,1867.1781858396607,1867.1781858396607,1867.1781858396607,0.0005270804604151,1869.2494151865883,[295.0],[-334.0],[1],[0],[0],[2.1626121979320487],1869.2503876660749,1869.2535420234583,,,,,,,,,,,,,,,ED28,1,2024-02-02_14h00.22.905,rating,2023.2.3,85.10300836343751,2024-02-02 14h00.35.241320 +0800,
neu_83.jpg,0.0,120.0,120.0,366.0,891.6519635333023,,,,,,,,,,,,,,,,,,,,,,,891.6411103087103,891.6519635333023,892.640207108765,892.6402150915928,892.6635893815846,893.6632675025637,893.6749532220547,894.6491926367537,894.6727154643625,894.8962246641438,894.8962320767696,894.9452782856536,894.9452782856536,894.9452782856536,894.9452782856536,894.9452782856536,894.9452782856536,0.0052888372413235,897.063076028737,[403.0],[-363.0],[1],[0],[0],[2.1653340571097033],897.063744020363,897.0668593189107,,,,,,892.6635893815846,,,,,,,,,ED28,1,2024-02-02_14h00.22.905,rating,2023.2.3,85.10300836343751,2024-02-02 14h00.35.241320 +0800,
neu_84.jpg,0.0,57.0,57.0,367.0,475.5050330303754,,,,,,,,,,,,,,,,,,,,,,,475.4740898792284,,475.4741183893275,475.4741246615495,475.5050330303754,476.4929989174716,476.5047279723133,477.4789286132773,477.5024491600782,477.725979742434,477.7259874401609,477.76325099521614,477.76325099521614,477.76325099521614,477.76325099521614,477.76325099521614,477.76325099521614,0.0018841611858988,482.66824935731097,[248.0],[-349.0],[1],[0],[0],[4.941474753309194],482.66876852621886,482.6719368535512,,,,,,,,,,,,,,,ED28,1,2024-02-02_14h00.22.905,rating,2023.2.3,85.10300836343751,2024-02-02 14h00.35.241320 +0800,
neu_85.jpg,0.0,239.0,239.0,368.0,1634.9817404218184,,,,,,,,,,,,,,,,,,,,,,,1634.951875522626,,1634.951907168836,1634.9519142963609,1634.9817404218184,1635.9697085897224,1635.9813957347185,1636.955635149417,1636.979157121723,1637.2026922656946,1637.2026999634213,1637.287000905766,1637.287000905766,1637.287000905766,1637.287000905766,1637.287000905766,1637.287000905766,0.0008073347357822,1641.075286048953,[277.0],[-355.0],[1],[0],[0],[3.8689362226232333],1641.0761667259203,1644.4384724973052,space,1641.097762555919,1641.097762555919,3.332214502003808,,,,,,,,,,,ED28,1,2024-02-02_14h00.22.905,rating,2023.2.3,85.10300836343751,2024-02-02 14h00.35.241320 +0800,
neu_86.jpg,0.0,88.0,88.0,369.0,686.683587220519,,,,,,,,,,,,,,,,,,,,,,,686.6527846241613,,686.6528165554726,686.6528236829972,686.683587220519,687.671591311148,687.6832522268526,688.657479952411,688.6810030651206,688.9045111244982,688.9045188222249,688.9418100320768,688.9418100320768,688.9418100320768,688.9418100320768,688.9418100320768,688.9418100320768,0.0017162367012133,692.411928169375,[354.0],[-352.0],[1],[0],[0],[3.506301444692326],692.4124695761602,692.415629350463,,,,,,,,,,,,,,,ED28,1,2024-02-02_14h00.22.905,rating,2023.2.3,85.10300836343751,2024-02-02 14h00.35.241320 +0800,
neu_87.jpg,0.0,176.0,176.0,370.0,1232.736868034448,,,,,,,,,,,,,,,,,,,,,,,1232.7064457628148,,1232.706477409025,1232.70648453655,1232.736868034448,1233.724845610685,1233.7365301897717,1234.7107621918449,1234.7342853045548,1234.957799636154,1234.9578073338807,1235.030347860274,1235.030347860274,1235.030347860274,1235.030347860274,1235.030347860274,1235.030347860274,0.0013438948049042,1235.87797877081,[431.0],[-347.0],[1],[0],[0],[0.9177489337935185],1235.8787154717752,1235.8817985539108,,,,,,,,,,,,,,,ED28,1,2024-02-02_14h00.22.905,rating,2023.2.3,85.10300836343751,2024-02-02 14h00.35.241320 +0800,
neu_88.jpg,0.0,107.0,107.0,371.0,810.0034217821149,,,,,,,,,,,,,,,,,,,,,,,809.9726023647986,,809.9726342961098,809.9726411385336,810.0034217821149,810.9913890947159,811.0030540018342,811.9772857188066,812.0008125378292,812.2243223078126,812.2243302906404,812.2733819164432,812.2733819164432,812.2733819164432,812.2733819164432,812.2733819164432,812.2733819164432,0.0017105346812513,813.5442039110724,[397.0],[-357.0],[1],[0],[0],[1.318446975064262],813.5448425372961,813.5479327469566,,,,,,,,,,,,,,,ED28,1,2024-02-02_14h00.22.905,rating,2023.2.3,85.10300836343751,2024-02-02 14h00.35.241320 +0800,
neu_89.jpg,0.0,114.0,114.0,372.0,845.4762224346541,,,,,,,,,,,,,,,,,,,,,,,845.445434663548,,845.4454628885462,845.4454691607682,845.4762224346541,846.4641948790729,846.4758671988172,847.4501188728589,847.4736072032476,847.6971403515124,847.6971480492391,847.7462290404442,847.7462290404442,847.7462290404442,847.7462290404442,847.7462290404442,847.7462290404442,0.0016991306415548,849.5817631158573,[419.0],[-364.0],[1],[0],[0],[1.883112299285358],849.5824159971307,849.5854936623475,,,,,,,,,,,,,,,ED28,1,2024-02-02_14h00.22.905,rating,2023.2.3,85.10300836343751,2024-02-02 14h00.35.241320 +0800,
neu_9.jpg,0.0,38.0,38.0,373.0,340.5059407919364,,,,,,,,,,,,,,,,,,,,,,,340.4867081640664,,340.4867398102768,340.4867466527005,340.5059407919364,341.5057372298277,341.51742523012626,342.4916609385125,342.5151851916264,342.7386912552968,342.73869866792256,342.7642286065204,342.7642286065204,342.7642286065204,342.7642286065204,342.7642286065204,342.7642286065204,0.0019725424936041,346.97530854342176,[2.0],[-346.0],[1],[0],[0],[4.236003180586749],346.97581317217896,346.97891792199016,,,,,,,,,,,,,,,ED28,1,2024-02-02_14h00.22.905,rating,2023.2.3,85.10300836343751,2024-02-02 14h00.35.241320 +0800,
neu_90.jpg,0.0,151.0,151.0,374.0,1079.5780185994186,,,,,,,,,,,,,,,,,,,,,,,1079.54759775329,,1079.5476305399045,1079.5476376674292,1079.5780185994186,1080.566008434998,1080.5777092648414,1081.5518970762607,1081.575441286444,1081.7989912556675,1081.7989989533942,1081.859757966363,1081.859757966363,1081.859757966363,1081.859757966363,1081.859757966363,1081.859757966363,0.0013820983376717,1085.682920084196,[0.0],[-69.0],[1],[0],[0],[3.8819419597100477],1085.6836476619294,1085.6867903301725,,,,,,,,,,,,,,,ED28,1,2024-02-02_14h00.22.905,rating,2023.2.3,85.10300836343751,2024-02-02 14h00.35.241320 +0800,
neu_91.jpg,0.0,127.0,127.0,375.0,936.7105255580208,,,,,,,,,,,,,,,,,,,,,,,936.6797950922144,,936.6798236023136,936.6798298745356,936.7105255580208,937.698496576935,937.7101808709208,938.684418575014,938.7079419728248,938.9314488917984,938.9314568746258,938.9805204746704,938.9805204746704,938.9805204746704,938.9805204746704,938.9805204746704,938.9805204746704,0.0016475273619107,942.9331118858888,[226.0],[188.0],[1],[0],[0],[4.000009978534763],942.933730269942,942.936844428086,,,,,,,,,,,,,,,ED28,1,2024-02-02_14h00.22.905,rating,2023.2.3,85.10300836343751,2024-02-02 14h00.35.241320 +0800,
neu_92.jpg,0.0,42.0,42.0,376.0,360.2418286491716,,,,,,,,,,,,,,,,,,,,,,,360.2224135566662,,360.2224440624725,360.2224511899972,360.2418286491716,361.2416088363061,361.2532959813018,362.2275356811019,362.2510767551744,362.47456884889607,362.47457597642097,362.500174909459,362.500174909459,362.500174909459,362.500174909459,362.500174909459,362.500174909459,0.0021470243011663,364.476577670491,[-168.0],[-323.0],[1],[0],[0],[2.0013362683528158],364.47707289091545,364.4801650962829,,,,,,,,,,,,,,,ED28,1,2024-02-02_14h00.22.905,rating,2023.2.3,85.10300836343751,2024-02-02 14h00.35.241320 +0800,
neu_93.jpg,0.0,286.0,286.0,377.0,1905.6972529664044,,,,,,,,,,,,,,,,,,,,,,,1905.6676714575988,,1905.667702818708,1905.667709946233,1905.6972529664044,1906.6852208492076,1906.69692424496,1907.6711434174888,1907.6946685259052,1907.9181785809897,1907.9181868489184,1908.0142678791824,1908.0142678791824,1908.0142678791824,1908.0142678791824,1908.0142678791824,1908.0142678791824,0.0004982852601642,1909.3328200565124,[249.0],[-250.0],[1],[0],[0],[1.4098814293479336],1909.3337842680703,1909.3368054832904,,,,,,,,,,,,,,,ED28,1,2024-02-02_14h00.22.905,rating,2023.2.3,85.10300836343751,2024-02-02 14h00.35.241320 +0800,
neu_94.jpg,0.0,380.0,380.0,378.0,2470.7690108905726,,,,,,,,,,,,,,,,,,,,,,,2470.7400340809727,,2470.740063161274,2470.7400848289494,2470.7690108905726,2471.7569533993874,2471.768642254989,2472.7428765378704,2472.766403356893,2472.990093025603,2472.9901027190367,2473.1212930812544,2473.1212930812544,2473.1212930812544,2473.1212930812544,2473.1212930812544,2473.1212930812544,4.041306556246127e-05,2475.9459454219764,[183.0],[-234.0],[1],[0],[0],[2.948390448090322],2475.947096659785,2475.9502205113627,,,,,,,2473.1212930812544,,,,,,,,ED28,1,2024-02-02_14h00.22.905,rating,2023.2.3,85.10300836343751,2024-02-02 14h00.35.241320 +0800,
neu_95.jpg,0.0,150.0,150.0,379.0,1072.826816257257,,,,,,,,,,,,,,,,,,,,,,,1072.815914565496,1072.826816257257,1073.8150595476188,1073.8150672453455,1073.8384224335707,1074.8381598555563,1074.8498022396964,1075.8240396586884,1075.8476012600322,1076.0710733966846,1076.0710816646135,1076.131892280862,1076.131892280862,1076.131892280862,1076.131892280862,1076.131892280862,1076.131892280862,0.0053333129962993,1079.5434526699564,[375.0],[215.0],[1],[0],[0],[3.470397536271321],1079.5441833838008,1079.5473537068403,,,,,,1073.8384224335707,,,,,,,,,ED28,1,2024-02-02_14h00.22.905,rating,2023.2.3,85.10300836343751,2024-02-02 14h00.35.241320 +0800,
neu_96.jpg,0.0,378.0,378.0,380.0,2459.5014493108965,,,,,,,,,,,,,,,,,,,,,,,2459.4724633780647,,2459.472495024275,2459.4725021518,2459.5014493108965,2460.48939153461,2460.501076969,2461.475315528396,2461.498840921914,2461.7225049315343,2461.722513484564,2461.8537346376893,2461.8537346376893,2461.8537346376893,2461.8537346376893,2461.8537346376893,2461.8537346376893,3.214513662896934e-05,2464.5841896104066,[-8.0],[290.0],[1],[0],[0],[2.8543601492674497],2464.585339137609,2464.588539111152,,,,,,,2461.8537346376893,,,,,,,,ED28,1,2024-02-02_14h00.22.905,rating,2023.2.3,85.10300836343751,2024-02-02 14h00.35.241320 +0800,
neu_97.jpg,0.0,335.0,335.0,381.0,2207.91018064284,,,,,,,,,,,,,,,,,,,,,,,2207.880923293863,,2207.880953229467,2207.880959501689,2207.91018064284,2208.8981636359954,2208.909850210789,2209.88413324594,2209.9076007639565,2210.131189506915,2210.131197204642,2210.250732638276,2210.250732638276,2210.250732638276,2210.250732638276,2210.250732638276,2210.250732638276,0.0002579451233941,2216.497681986378,[210.0],[-239.0],[1],[0],[0],[6.360376207866011],2216.498829232773,2216.5020115300545,,,,,,,,,,,,,,,ED28,1,2024-02-02_14h00.22.905,rating,2023.2.3,85.10300836343751,2024-02-02 14h00.35.241320 +0800,
neu_98.jpg,0.0,170.0,170.0,382.0,1192.865228484212,,,,,,,,,,,,,,,,,,,,,,,1192.8349564608018,,1192.8349855411032,1192.834991813325,1192.865228484212,1193.853194656409,1193.8648806610008,1194.839121501205,1194.8626611497723,1195.086155524302,1195.086163792231,1195.1469815360044,1195.1469815360044,1195.1469815360044,1195.1469815360044,1195.1469815360044,1195.1469815360044,0.0011927912785267,1201.028541460384,[-24.0],[218.0],[1],[0],[0],[5.940060937486123],1201.0293103777617,1201.0325380061006,,,,,,,,,,,,,,,ED28,1,2024-02-02_14h00.22.905,rating,2023.2.3,85.10300836343751,2024-02-02 14h00.35.241320 +0800,
neu_99.jpg,0.0,246.0,246.0,383.0,1688.9084321184514,,,,,,,,,,,,,,,,,,,,,,,1688.8784922376976,,1688.878521032898,1688.8785270200187,1688.9084321184514,1689.8963994310525,1689.908135043217,1690.8823228546362,1690.9058453971445,1691.1293756943992,1691.129383677227,1691.2137025809338,1691.2137025809338,1691.2137025809338,1691.2137025809338,1691.2137025809338,1691.2137025809338,0.0008774695802458,1694.0139967481382,[-4.0],[-238.0],[1],[0],[0],[2.880791577204036],1694.0148848377305,1694.0180471779422,,,,,,,,,,,,,,,ED28,1,2024-02-02_14h00.22.905,rating,2023.2.3,85.10300836343751,2024-02-02 14h00.35.241320 +0800,
,,,,,,,0.0210663974552289,0.0425681441264487,0.0425681441264487,12.42784450249735,space,12.383215078193189,,,,,,,,,,,,,,,,,,,,,,,,,,,,,,,,,,,,,,,,,,,,,,,,,,,,,,,,,ED28,1,2024-02-02_14h00.22.905,rating,2023.2.3,85.10300836343751,2024-02-02 14h00.35.241320 +0800,
,,,,,,,,,,,,,,12.427864744667772,12.439127944487382,12.439127944487382,14.109624752924333,space,1.6616991620026056,,,,,,,,,,,,,,,,,,,,,,,,,,,,,,,,,,,,,,,,,,,,,,,,,,ED28,1,2024-02-02_14h00.22.905,rating,2023.2.3,85.10300836343751,2024-02-02 14h00.35.241320 +0800,
,,,,,,,,,,,,,,,,,,,,,14.109643284488811,14.121029647937348,14.121029647937348,17.414681389662064,return,3.2869860805142253,,,,,,,,,,,,,,,,,,,,,,,,,,,,,,,,,,,,,,,,,,,ED28,1,2024-02-02_14h00.22.905,rating,2023.2.3,85.10300836343751,2024-02-02 14h00.35.241320 +0800,
,,,,,,,,,,,,,,,,,,,,,,,,,,,,,,,,,,,,,,,,,,,,,,,,,,,,,,,,,,,,,,2497.226764197816,2497.2559887601783,2497.2559887601783,2662.835422600925,space,165.55970428184628,,ED28,1,2024-02-02_14h00.22.905,rating,2023.2.3,85.10300836343751,2024-02-02 14h00.35.241320 +0800,
