stimulus_filename,trials.thisRepN,trials.thisTrialN,trials.thisN,trials.thisIndex,thisRow.t,notes,welcome.started,welcome_image.started,welcome_key_resp.started,welcome.stopped,welcome_key_resp.keys,welcome_key_resp.rt,welcome_key_resp.duration,instruction.started,instruction_image.started,instruction_key_resp.started,instruction.stopped,instruction_key_resp.keys,instruction_key_resp.rt,instruction_key_resp.duration,start.started,start_image.started,key_resp.started,start.stopped,key_resp.keys,key_resp.rt,key_resp.duration,block_info.started,block_text.started,block_info.stopped,img_presentation.started,ISI_text.started,stimulus_image.started,ISI_text.stopped,stimulus_image.stopped,text.started,text.stopped,img_presentation.stopped,evaluation.started,horizontal_polygon.started,vertical_polygon.started,ha_text.started,la_text.started,negative_text.started,positive_text.started,mouse.started,evaluation.stopped,mouse.x,mouse.y,mouse.leftButton,mouse.midButton,mouse.rightButton,mouse.time,rest.started,rest.stopped,key_resp_2.keys,rest_image.started,key_resp_2.started,key_resp_2.rt,key_resp_2.duration,block_text.stopped,end.started,end_image.started,key_resp_3.started,end.stopped,key_resp_3.keys,key_resp_3.rt,key_resp_3.duration,participant,session,date,expName,psychopyVersion,frameRate,expStart,Unnamed: 76
neg_1.jpg,0.0,190.0,190.0,0.0,644.9362751848239,,,,,,,,,,,,,,,,,,,,,,,644.9078895937564,,644.9079206698534,644.9079277973979,644.9362751848239,645.9196608771053,645.9362894399146,646.9196372136539,646.9196372136539,647.2196481330539,647.1532074380775,647.153215420929,647.2196481330539,647.2196481330539,647.2196481330539,647.2196481330539,647.2196481330539,647.2196481330539,0.0618064364007295,647.5538068361147,[-487.0],[302.0],[1],[0],[0],[0.3333045380513795],647.5545498114188,647.5577255604312,,,,,,,,,,,,,,ED35,1,2024-02-06_15h46.54.486,rating,2023.2.3,60.0375371650119,2024-02-06 15h47.05.207181 +0800,
neg_10.jpg,0.0,7.0,7.0,1.0,33.225339050195544,,,,,,,,,,,,,,,,,,,,,,,33.1960990090156,,33.19612922980559,33.19613607224892,33.225339050195544,34.20868254740708,34.225350454267755,35.20872445737223,35.20872445737223,35.45870286091122,35.44222711266957,35.44223452531514,35.45870286091122,35.45870286091122,35.45870286091122,35.45870286091122,35.45870286091122,35.45870286091122,0.0126189622915262,37.79237318457854,[-168.0],[-156.0],[1],[0],[0],[2.3333980514435098],37.792770616495545,37.79583916722913,,,,,,,,,,,,,,ED35,1,2024-02-06_15h46.54.486,rating,2023.2.3,60.0375371650119,2024-02-06 15h47.05.207181 +0800,
neg_100.jpg,0.0,334.0,334.0,2.0,1102.9777697569134,,,,,,,,,,,,,,,,,,,,,,,1102.9503563630024,,1102.9503882944043,1102.950395136848,1102.9777697569134,1103.9611514577682,1103.9777917097526,1104.9611625767393,1104.9611625767393,1105.311172655087,1105.1947396436062,1105.194748766864,1105.311172655087,1105.311172655087,1105.311172655087,1105.311172655087,1105.311172655087,1105.311172655087,0.1108393853319285,1105.712607971618,[-496.0],[224.0],[1],[0],[0],[0.3999918460885965],1105.713690503173,1105.716735675558,,,,,,,,,,,,,,ED35,1,2024-02-06_15h46.54.486,rating,2023.2.3,60.0375371650119,2024-02-06 15h47.05.207181 +0800,
neg_101.jpg,0.0,383.0,383.0,3.0,1272.23078107346,,,,,,,,,,,,,,,,,,,,,,,1272.2038095873468,,1272.2038400932397,1272.203846935683,1272.23078107346,1273.2141354045416,1273.2307976093653,1274.2141502298346,1274.2141502298346,1274.580829925655,1274.4477204542582,1274.4477287222107,1274.580829925655,1274.580829925655,1274.580829925655,1274.580829925655,1274.580829925655,1274.580829925655,0.1270459974712139,1275.0492906809632,[-468.0],[343.0],[1],[0],[0],[0.46673332346836105],1275.0504376455265,1275.053552382753,,,,,,,,,,,,,,ED35,1,2024-02-06_15h46.54.486,rating,2023.2.3,60.0375371650119,2024-02-06 15h47.05.207181 +0800,
neg_102.jpg,0.0,180.0,180.0,4.0,617.902473799857,,,,,,,,,,,,,,,,,,,,,,,617.8865357536197,617.902473799857,618.8860428125972,618.8860505103457,618.9191434173281,619.8858221438004,619.9191556767055,620.8858423860293,620.8858423860293,621.1858527352233,621.1194163167747,621.1194242996262,621.1858527352233,621.1858527352233,621.1858527352233,621.1858527352233,621.1858527352233,621.1858527352233,0.0495077147115807,621.5199931917687,[-379.0],[304.0],[1],[0],[0],[0.33337011146613804],621.520717920559,621.5238851165177,,,,,,618.9191434173281,,,,,,,,ED35,1,2024-02-06_15h46.54.486,rating,2023.2.3,60.0375371650119,2024-02-06 15h47.05.207181 +0800,
neg_103.jpg,0.0,11.0,11.0,5.0,47.79226484589344,,,,,,,,,,,,,,,,,,,,,,,47.76301539635279,,47.76304675755091,47.7630541701983,47.79226484589344,48.77561261963274,48.7922748244564,49.77566108694009,49.77566108694009,50.02565374556798,50.00916146142117,50.00916915916969,50.02565374556798,50.02565374556798,50.02565374556798,50.02565374556798,50.02565374556798,50.02565374556798,0.0126514638977823,52.69279168551839,[-144.0],[152.0],[1],[0],[0],[2.6668488467221323],52.69316317317134,52.69621661350902,,,,,,,,,,,,,,ED35,1,2024-02-06_15h46.54.486,rating,2023.2.3,60.0375371650119,2024-02-06 15h47.05.207181 +0800,
neg_104.jpg,0.0,244.0,244.0,6.0,813.8059517282727,,,,,,,,,,,,,,,,,,,,,,,813.7779339185327,,813.7779649946297,813.777971837073,813.8059517282727,814.7892975063005,814.8059879362027,815.7893174634264,815.7893174634264,816.1060128255904,816.0228985217182,816.0229067896707,816.1060128255904,816.1060128255904,816.1060128255904,816.1060128255904,816.1060128255904,816.1060128255904,0.0780991492847533,816.4403708148129,[-426.0],[144.0],[1],[0],[0],[0.33333048231543216],816.4412392349132,816.4442402165187,,,,,,,,,,,,,,ED35,1,2024-02-06_15h46.54.486,rating,2023.2.3,60.0375371650119,2024-02-06 15h47.05.207181 +0800,
neg_105.jpg,0.0,282.0,282.0,7.0,922.341224381109,,,,,,,,,,,,,,,,,,,,,,,922.31340728304,,922.3134383591369,922.3134452015802,922.341224381109,923.324596958706,923.341260303936,924.3245986693164,924.3245986693164,924.657929721834,924.5581392431524,924.5581480813072,924.657929721834,924.657929721834,924.657929721834,924.657929721834,924.657929721834,924.657929721834,0.0945446767364046,924.9591517537046,[-461.0],[364.0],[1],[0],[0],[0.3000129151114379],924.9600888833392,924.9631882250668,,,,,,,,,,,,,,ED35,1,2024-02-06_15h46.54.486,rating,2023.2.3,60.0375371650119,2024-02-06 15h47.05.207181 +0800,
neg_106.jpg,0.0,201.0,201.0,8.0,674.8868097364557,,,,,,,,,,,,,,,,,,,,,,,674.8584757488134,,674.8585073951126,674.8585145226589,674.8868097364557,675.8702128199457,675.8868234213423,676.8701734758961,676.8701734758961,677.1868485958312,677.1037793380456,677.1037876059981,677.1868485958312,677.1868485958312,677.1868485958312,677.1868485958312,677.1868485958312,677.1868485958312,0.0783916637374204,677.5877299595522,[-331.0],[241.0],[1],[0],[0],[0.4000588450126088],677.5885014450378,677.5916726324213,,,,,,,,,,,,,,ED35,1,2024-02-06_15h46.54.486,rating,2023.2.3,60.0375371650119,2024-02-06 15h47.05.207181 +0800,
neg_107.jpg,0.0,302.0,302.0,9.0,987.4757140303444,,,,,,,,,,,,,,,,,,,,,,,987.4480178154428,,987.4480486064368,987.4480557339812,987.4757140303444,988.4590854675334,988.4757297109444,989.459145053812,989.459145053812,989.7924233624964,989.6926437176826,989.6926517005322,989.7924233624964,989.7924233624964,989.7924233624964,989.7924233624964,989.7924233624964,989.7924233624964,0.0944286403009755,992.5939511660526,[-142.0],[-93.0],[1],[0],[0],[2.800158459584054],992.5949396140112,992.5980469385904,,,,,,,,,,,,,,ED35,1,2024-02-06_15h46.54.486,rating,2023.2.3,60.0375371650119,2024-02-06 15h47.05.207181 +0800,
neg_108.jpg,0.0,40.0,40.0,10.0,147.69405098019524,,,,,,,,,,,,,,,,,,,,,,,147.664850568166,,147.6648816442612,147.66488877180743,147.69405098019524,148.67740160495305,148.69409174975226,149.67741586004195,149.67741586004195,149.94408897001085,149.91094987653742,149.910957289183,149.94408897001085,149.94408897001085,149.94408897001085,149.94408897001085,149.94408897001085,149.94408897001085,0.0292506612222496,150.27787133868696,[-306.0],[195.0],[1],[0],[0],[0.3334545016004995],150.27829585527616,150.28136355070455,,,,,,,,,,,,,,ED35,1,2024-02-06_15h46.54.486,rating,2023.2.3,60.0375371650119,2024-02-06 15h47.05.207181 +0800,
neg_109.jpg,0.0,74.0,74.0,11.0,283.06314349259446,,,,,,,,,,,,,,,,,,,,,,,283.03405740638846,,283.0340879122814,283.03409475472654,283.06314349259446,284.0464972534719,284.0631494797326,285.0465055214245,285.0465055214245,285.31318604403896,285.28003896771406,285.2800469505655,285.31318604403896,285.31318604403896,285.31318604403896,285.31318604403896,285.31318604403896,285.31318604403896,0.0291443182486546,287.1803100710222,[-214.0],[139.0],[1],[0],[0],[1.8667134803818044],287.18085689628424,287.1839257321208,,,,,,,,,,,,,,ED35,1,2024-02-06_15h46.54.486,rating,2023.2.3,60.0375371650119,2024-02-06 15h47.05.207181 +0800,
neg_11.jpg,0.0,4.0,4.0,12.0,22.908492584074335,,,,,,,,,,,,,,,,,,,,,,,22.87906123958237,,22.87909203057825,22.879098873021576,22.908492584074335,23.891835511083627,23.90850455835061,24.891847770461027,24.891847770461027,25.14185639479001,25.125382927362807,25.12539062511132,25.14185639479001,25.14185639479001,25.14185639479001,25.14185639479001,25.14185639479001,25.14185639479001,0.0128096954013017,25.575607715882143,[-161.0],[100.0],[1],[0],[0],[0.4334448366498691],25.575989182098056,25.578918032946603,,,,,,,,,,,,,,ED35,1,2024-02-06_15h46.54.486,rating,2023.2.3,60.0375371650119,2024-02-06 15h47.05.207181 +0800,
neg_110.jpg,0.0,345.0,345.0,13.0,1135.1117103000724,,,,,,,,,,,,,,,,,,,,,,,1135.0842880680048,,1135.0843194292029,1135.0843288375636,1135.1117103000724,1136.0950250020032,1136.1116906280477,1137.0950458144343,1137.0950458144343,1137.4450524715612,1137.3286331449672,1137.3286414129198,1137.4450524715612,1137.4450524715612,1137.4450524715612,1137.4450524715612,1137.4450524715612,1137.4450524715612,0.1107894925153232,1137.7965784362111,[-494.0],[169.0],[1],[0],[0],[0.34998727020501974],1137.797623049226,1137.8006753491572,,,,,,,,,,,,,,ED35,1,2024-02-06_15h46.54.486,rating,2023.2.3,60.0375371650119,2024-02-06 15h47.05.207181 +0800,
neg_111.jpg,0.0,316.0,316.0,14.0,1032.1098431683477,,,,,,,,,,,,,,,,,,,,,,,1032.0823710434634,,1032.0824021195604,1032.0824092471066,1032.1098431683477,1033.093166423332,1033.109824921832,1034.0932037716684,1034.0932037716684,1034.4432263944964,1034.326738358366,1034.3267466263187,1034.4432263944964,1034.4432263944964,1034.4432263944964,1034.4432263944964,1034.4432263944964,1034.4432263944964,0.1108795846866996,1035.2780557995557,[-424.0],[187.0],[1],[0],[0],[0.8334483719117998],1035.279100127469,1035.2822262687678,,,,,,,,,,,,,,ED35,1,2024-02-06_15h46.54.486,rating,2023.2.3,60.0375371650119,2024-02-06 15h47.05.207181 +0800,
neg_112.jpg,0.0,329.0,329.0,15.0,1073.5105990872744,,,,,,,,,,,,,,,,,,,,,,,1073.4830351596102,,1073.4830662357072,1073.4830727930494,1073.5105990872744,1074.4939306102117,1074.510597661767,1075.4939411589785,1075.4939411589785,1075.843956084058,1075.727511383402,1075.727519651355,1075.843956084058,1075.843956084058,1075.843956084058,1075.843956084058,1075.843956084058,1075.843956084058,0.1109491495280963,1076.3454575727174,[-369.0],[367.0],[1],[0],[0],[0.500048324754971],1076.3465560699751,1089.5945743985994,space,1076.3605842192155,1076.3605842192155,13.21740922857316,,,,,,,,,,ED35,1,2024-02-06_15h46.54.486,rating,2023.2.3,60.0375371650119,2024-02-06 15h47.05.207181 +0800,
neg_113.jpg,0.0,198.0,198.0,16.0,666.3366641777284,,,,,,,,,,,,,,,,,,,,,,,666.3082800121683,,666.3083073819416,666.3083136541809,666.3366641777284,667.3200053941255,667.3366707350688,668.3200225002347,668.3200225002347,668.6200262920884,668.5535556614232,668.5535633591717,668.6200262920884,668.6200262920884,668.6200262920884,668.6200262920884,668.6200262920884,668.6200262920884,0.061767377454089,669.3542250234423,[-349.0],[259.0],[1],[0],[0],[0.733395029363237],669.3549859601626,669.3580165923559,,,,,,,,,,,,,,ED35,1,2024-02-06_15h46.54.486,rating,2023.2.3,60.0375371650119,2024-02-06 15h47.05.207181 +0800,
neg_114.jpg,0.0,262.0,262.0,17.0,862.8068281312226,,,,,,,,,,,,,,,,,,,,,,,862.7788200149444,,862.7788516612454,862.7788587887899,862.8068281312226,863.7901784708793,863.8068426714162,864.7902178149288,864.7902178149288,865.1235742415083,865.0237983030165,865.0238065709691,865.1235742415083,865.1235742415083,865.1235742415083,865.1235742415083,865.1235742415083,865.1235742415083,0.094777034706567,865.3746947628788,[-347.0],[250.0],[1],[0],[0],[0.25001860289376054],865.3755931186697,865.3786819116303,,,,,,,,,,,,,,ED35,1,2024-02-06_15h46.54.486,rating,2023.2.3,60.0375371650119,2024-02-06 15h47.05.207181 +0800,
neg_115.jpg,0.0,307.0,307.0,18.0,1008.1594163852004,,,,,,,,,,,,,,,,,,,,,,,1008.1318986440274,,1008.1319320009388,1008.1319396986872,1008.1594163852004,1009.1427715715872,1009.1594275041698,1010.1427846862698,1010.1427846862698,1010.476149665903,1010.376336949279,1010.3763455023344,1010.476149665903,1010.476149665903,1010.476149665903,1010.476149665903,1010.476149665903,1010.476149665903,0.094272119409652,1010.6774948332422,[-413.0],[243.0],[1],[0],[0],[0.2000083249713498],1010.6784878428316,1010.6815740698768,,,,,,,,,,,,,,ED35,1,2024-02-06_15h46.54.486,rating,2023.2.3,60.0375371650119,2024-02-06 15h47.05.207181 +0800,
neg_116.jpg,0.0,78.0,78.0,19.0,294.8966828119828,,,,,,,,,,,,,,,,,,,,,,,294.8675265907332,,294.8675548158117,294.86756108805093,294.8966828119828,295.8800322963325,295.8967013435995,296.8800519683573,296.8800519683573,297.14674161422954,297.1135825636302,297.1135902613787,297.14674161422954,297.14674161422954,297.14674161422954,297.14674161422954,297.14674161422954,297.14674161422954,0.0292318445026467,297.4471913053076,[-214.0],[139.0],[1],[0],[0],[0.3000300212188449],297.4477540962707,297.4508260682269,,,,,,,,,,,,,,ED35,1,2024-02-06_15h46.54.486,rating,2023.2.3,60.0375371650119,2024-02-06 15h47.05.207181 +0800,
neg_117.jpg,0.0,357.0,357.0,20.0,1179.729147297563,,,,,,,,,,,,,,,,,,,,,,,1179.7017689711738,,1179.7018026131864,1179.701810310935,1179.729147297563,1180.7124870884527,1180.729155280413,1181.712526147399,1181.712526147399,1182.06251598352,1181.9461083460992,1181.9461166140518,1182.06251598352,1182.06251598352,1182.06251598352,1182.06251598352,1182.06251598352,1182.06251598352,0.1107692502882855,1183.11415903948,[-320.0],[336.0],[1],[0],[0],[1.0500350817765138],1183.115248983684,1183.1183320746095,,,,,,,,,,,,,,ED35,1,2024-02-06_15h46.54.486,rating,2023.2.3,60.0375371650119,2024-02-06 15h47.05.207181 +0800,
neg_118.jpg,0.0,263.0,263.0,21.0,865.406898437328,,,,,,,,,,,,,,,,,,,,,,,865.378912273889,,865.3789430648849,865.3789499073282,865.406898437328,866.3902650277869,866.4068876034598,867.3902422196425,867.3902422196425,867.7235832507249,867.6238047463175,867.6238130142701,867.7235832507249,867.7235832507249,867.7235832507249,867.7235832507249,867.7235832507249,867.7235832507249,0.09469720620109,867.9747416906375,[-355.0],[316.0],[1],[0],[0],[0.2500268708463409],867.9756471739711,867.9786729594343,,,,,,,,,,,,,,ED35,1,2024-02-06_15h46.54.486,rating,2023.2.3,60.0375371650119,2024-02-06 15h47.05.207181 +0800,
neg_119.jpg,0.0,18.0,18.0,22.0,73.776072773946,,,,,,,,,,,,,,,,,,,,,,,73.74679281851422,,73.7468207584916,73.74682703073086,73.776072773946,74.75940942871603,74.77607591006563,75.75942938584194,75.75942938584194,76.00942888691498,75.99295855560558,75.99296596825297,76.00942888691498,76.00942888691498,76.00942888691498,76.00942888691498,76.00942888691498,76.00942888691498,0.0126543149162898,76.30992048795815,[-258.0],[193.0],[1],[0],[0],[0.3001657296790654],76.31034671515772,76.31340300651209,,,,,,,,,,,,,,ED35,1,2024-02-06_15h46.54.486,rating,2023.2.3,60.0375371650119,2024-02-06 15h47.05.207181 +0800,
neg_12.jpg,0.0,225.0,225.0,23.0,750.9215197408776,,,,,,,,,,,,,,,,,,,,,,,750.893401005098,,750.893432651399,750.8934400640446,750.9215197408776,751.9048495532024,751.9215445447335,752.9048592466643,752.9048592466643,753.2215423494508,753.1384137904879,753.1384217733394,753.2215423494508,753.2215423494508,753.2215423494508,753.2215423494508,753.2215423494508,753.2215423494508,0.0781610163758159,753.4725000776907,[-316.0],[170.0],[1],[0],[0],[0.25001746248562995],753.473321741094,753.476764060295,,,,,,,,,,,,,,ED35,1,2024-02-06_15h46.54.486,rating,2023.2.3,60.0375371650119,2024-02-06 15h47.05.207181 +0800,
neg_120.jpg,0.0,22.0,22.0,24.0,88.65969279139972,,,,,,,,,,,,,,,,,,,,,,,88.63048097530009,,88.63051176629415,88.63051860873748,88.65969279139972,89.6430157612831,89.65970875710082,90.64305681594304,90.64305681594304,90.89303807049872,90.87659853018704,90.8766067981378,90.89303807049872,90.89303807049872,90.89303807049872,90.89303807049872,90.89303807049872,90.89303807049872,0.0125753417160012,91.37679653339,[-30.0],[105.0],[1],[0],[0],[0.4834593910964031],91.37721962446994,91.38028903050872,,,,,,,,,,,,,,ED35,1,2024-02-06_15h46.54.486,rating,2023.2.3,60.0375371650119,2024-02-06 15h47.05.207181 +0800,
neg_121.jpg,0.0,71.0,71.0,25.0,270.37957855680907,,,,,,,,,,,,,,,,,,,,,,,270.35052725302376,,270.3505574738156,270.3505643162589,270.37957855680907,271.36294885359166,271.3796067818876,272.3629633937835,272.3629633937835,272.62961455091136,272.5964939890564,272.5965016868049,272.62961455091136,272.62961455091136,272.62961455091136,272.62961455091136,272.62961455091136,272.62961455091136,0.0291021231823833,274.1967672876472,[-153.0],[161.0],[1],[0],[0],[1.566726224433296],274.1973104065873,274.2003709744695,,,,,,,,,,,,,,ED35,1,2024-02-06_15h46.54.486,rating,2023.2.3,60.0375371650119,2024-02-06 15h47.05.207181 +0800,
neg_122.jpg,0.0,49.0,49.0,26.0,175.64456443429117,,,,,,,,,,,,,,,,,,,,,,,175.6154119193652,,175.6154427103611,175.61544955280442,175.64456443429117,176.62792418230674,176.64458610202928,177.62791762496454,177.62791762496454,177.89459073493344,177.8614462245259,177.86145392227445,177.89459073493344,177.89459073493344,177.89459073493344,177.89459073493344,177.89459073493344,177.89459073493344,0.0291953514715714,178.0951036901006,[-206.0],[86.0],[1],[0],[0],[0.20012749752822856],178.09559035888378,178.09863895248964,,,,,,,,,,,,,,ED35,1,2024-02-06_15h46.54.486,rating,2023.2.3,60.0375371650119,2024-02-06 15h47.05.207181 +0800,
neg_123.jpg,0.0,277.0,277.0,27.0,908.2909709113484,,,,,,,,,,,,,,,,,,,,,,,908.263071418858,,908.2631030651572,908.2631101927036,908.2909709113484,909.2743186850876,909.290984881336,910.274342063436,910.274342063436,910.6076930730816,910.5078854882904,910.50789347114,910.6076930730816,910.6076930730816,910.6076930730816,910.6076930730816,910.6076930730816,910.6076930730816,0.0946436070626077,910.8088988256368,[-326.0],[299.0],[1],[0],[0],[0.20001260149911104],910.8098197044692,910.8129475563784,,,,,,,,,,,,,,ED35,1,2024-02-06_15h46.54.486,rating,2023.2.3,60.0375371650119,2024-02-06 15h47.05.207181 +0800,
neg_124.jpg,0.0,351.0,351.0,28.0,1158.7621005046583,,,,,,,,,,,,,,,,,,,,,,,1158.734865299375,,1158.7348975158802,1158.7349043583235,1158.7621005046583,1159.745449418806,1159.7621364274855,1160.745459397369,1160.745459397369,1161.0954763181617,1160.979000256306,1160.9790085242585,1161.0954763181617,1161.0954763181617,1161.0954763181617,1161.0954763181617,1161.0954763181617,1161.0954763181617,0.1106358226425072,1162.613800523961,[-181.0],[162.0],[1],[0],[0],[1.5167450268982066],1162.6149557564768,1162.6180151839526,,,,,,,,,,,,,,ED35,1,2024-02-06_15h46.54.486,rating,2023.2.3,60.0375371650119,2024-02-06 15h47.05.207181 +0800,
neg_125.jpg,0.0,195.0,195.0,29.0,658.5198794361495,,,,,,,,,,,,,,,,,,,,,,,658.4914182931007,,658.4914487989954,658.4914556414387,658.5198794361495,659.5031981295051,659.5198646108547,660.503217516427,660.503217516427,660.803223874198,660.7367666433165,660.7367749112691,660.803223874198,660.803223874198,660.803223874198,660.803223874198,660.803223874198,660.803223874198,0.0618289594440284,661.0041083170181,[-347.0],[254.0],[1],[0],[0],[0.2000322735257214],661.0049202869614,661.0080213392994,,,,,,,,,,,,,,ED35,1,2024-02-06_15h46.54.486,rating,2023.2.3,60.0375371650119,2024-02-06 15h47.05.207181 +0800,
neg_126.jpg,0.0,325.0,325.0,30.0,1060.743696042702,,,,,,,,,,,,,,,,,,,,,,,1060.7161611954198,,1060.7161925566195,1060.7161999692653,1060.743696042702,1061.7270372590992,1061.7436988937188,1062.7270532248003,1062.7270532248003,1063.077064158455,1062.9606106196425,1062.960619172698,1063.077064158455,1063.077064158455,1063.077064158455,1063.077064158455,1063.077064158455,1063.077064158455,0.1109271966870437,1063.4784957686625,[-456.0],[232.0],[1],[0],[0],[0.4000100926041341],1063.479519854347,1063.4825969581343,,,,,,,,,,,,,,ED35,1,2024-02-06_15h46.54.486,rating,2023.2.3,60.0375371650119,2024-02-06 15h47.05.207181 +0800,
neg_127.jpg,0.0,280.0,280.0,31.0,916.4411160709316,,,,,,,,,,,,,,,,,,,,,,,916.4134036052274,,916.4134346813224,916.413441523766,916.4411160709316,917.4244638446726,917.4411323217356,918.4244803805776,918.4244803805776,918.757820271252,918.6580414817416,918.6580494645932,918.757820271252,918.757820271252,918.757820271252,918.757820271252,918.757820271252,918.757820271252,0.0944400443731865,918.9590129091248,[-490.0],[276.0],[1],[0],[0],[0.19999349968020397],918.959917822256,918.9631198006336,,,,,,,,,,,,,,ED35,1,2024-02-06_15h46.54.486,rating,2023.2.3,60.0375371650119,2024-02-06 15h47.05.207181 +0800,
neg_128.jpg,0.0,279.0,279.0,32.0,913.7910916519633,,,,,,,,,,,,,,,,,,,,,,,913.7633281530344,,913.7633595142324,913.7633669268798,913.7910916519633,914.7744183281684,914.7911295705036,915.774432298158,915.774432298158,916.10775593803,916.0079751528084,916.007983705862,916.10775593803,916.10775593803,916.10775593803,916.10775593803,916.10775593803,916.10775593803,0.094475111895008,916.4090546622848,[-429.0],[275.0],[1],[0],[0],[0.3000685099632392],916.4100605014536,916.4131738131708,,,,,,,,,,,,,,ED35,1,2024-02-06_15h46.54.486,rating,2023.2.3,60.0375371650119,2024-02-06 15h47.05.207181 +0800,
neg_129.jpg,0.0,162.0,162.0,33.0,563.2848155633656,,,,,,,,,,,,,,,,,,,,,,,563.2562036014624,,563.2562332520502,563.2562403795964,563.2848155633656,564.2681659030222,564.2848483500729,565.2681818687233,565.2681818687233,565.5682232940144,565.501711038487,565.5017190213366,565.5682232940144,565.5682232940144,565.5682232940144,565.5682232940144,565.5682232940144,565.5682232940144,0.0620396496778994,565.8355569848663,[-326.0],[327.0],[1],[0],[0],[0.26661580450490874],565.8362149998338,565.8392533297756,,,,,,,,,,,,,,ED35,1,2024-02-06_15h46.54.486,rating,2023.2.3,60.0375371650119,2024-02-06 15h47.05.207181 +0800,
neg_13.jpg,0.0,278.0,278.0,34.0,910.8410263779042,,,,,,,,,,,,,,,,,,,,,,,910.8131764931276,,910.8132072841236,910.8132141265668,910.8410263779042,911.8243653134888,911.841050611558,912.824382419596,912.824382419596,913.1577248761878,913.0579378187268,913.0579455164752,913.1577248761878,913.1577248761878,913.1577248761878,913.1577248761878,913.1577248761878,913.1577248761878,0.0945691954912035,913.7589837717204,[-343.0],[356.0],[1],[0],[0],[0.6000825654828077],913.75998162804,913.7630980758768,,,,,,,,,,,,,,ED35,1,2024-02-06_15h46.54.486,rating,2023.2.3,60.0375371650119,2024-02-06 15h47.05.207181 +0800,
neg_130.jpg,0.0,355.0,355.0,35.0,1172.6623513657378,,,,,,,,,,,,,,,,,,,,,,,1172.6351016202625,,1172.6351332665618,1172.635140394108,1172.6623513657378,1173.6457182412978,1173.6624226411896,1174.6457099733452,1174.6457099733452,1174.9957440002472,1174.879245130247,1174.8792531130985,1174.9957440002472,1174.9957440002472,1174.9957440002472,1174.9957440002472,1174.9957440002472,1174.9957440002472,0.1106660434343211,1176.8640246852556,[-233.0],[387.0],[1],[0],[0],[1.866718327113631],1176.8651143443567,1176.8681866014122,,,,,,,,,,,,,,ED35,1,2024-02-06_15h46.54.486,rating,2023.2.3,60.0375371650119,2024-02-06 15h47.05.207181 +0800,
neg_131.jpg,0.0,243.0,243.0,36.0,810.0558865112343,,,,,,,,,,,,,,,,,,,,,,,810.0278823863828,,810.0279126071728,810.0279194496161,810.0558865112343,811.0392436933344,811.0559047577499,812.039252531491,812.039252531491,812.3559256557128,812.2727856926795,812.2727936755291,812.3559256557128,812.3559256557128,812.3559256557128,812.3559256557128,812.3559256557128,812.3559256557128,0.0780655072721856,813.7737591727946,[-414.0],[156.0],[1],[0],[0],[1.4168094313954498],813.7746204653486,813.7777044115792,,,,,,,,,,,,,,ED35,1,2024-02-06_15h46.54.486,rating,2023.2.3,60.0375371650119,2024-02-06 15h47.05.207181 +0800,
neg_132.jpg,0.0,159.0,159.0,37.0,555.2013374695907,,,,,,,,,,,,,,,,,,,,,,,555.1727366266587,,555.172763996432,555.1727702686712,555.2013374695907,556.1847003537259,556.2013608479392,557.1847014941341,557.1847014941341,557.4847107029218,557.4182714334547,557.4182794163062,557.4847107029218,557.4847107029218,557.4847107029218,557.4847107029218,557.4847107029218,557.4847107029218,0.0619997354242514,557.8854381116689,[-231.0],[263.0],[1],[0],[0],[0.40003404115486774],557.8861317643605,557.889226544461,,,,,,,,,,,,,,ED35,1,2024-02-06_15h46.54.486,rating,2023.2.3,60.0375371650119,2024-02-06 15h47.05.207181 +0800,
neg_133.jpg,0.0,87.0,87.0,38.0,322.58051260734464,,,,,,,,,,,,,,,,,,,,,,,322.5515690720422,,322.5516192499599,322.5516255221992,322.58051260734464,323.56389060187576,323.58052885814686,324.56388033820986,324.56388033820986,324.847243592978,324.7974360224416,324.79744457549714,324.847243592978,324.847243592978,324.847243592978,324.847243592978,324.847243592978,324.847243592978,0.0456705295109713,325.1477790996996,[-121.0],[160.0],[1],[0],[0],[0.30003714876511367],325.14829741478206,325.15137166755267,,,,,,,,,,,,,,ED35,1,2024-02-06_15h46.54.486,rating,2023.2.3,60.0375371650119,2024-02-06 15h47.05.207181 +0800,
neg_134.jpg,0.0,32.0,32.0,39.0,123.46028888225555,,,,,,,,,,,,,,,,,,,,,,,123.43116886893586,,123.43119680891324,123.43120279605137,123.46028888225555,124.44364349843818,124.46029743530926,125.44367143841556,125.44367143841556,125.71032402105266,125.67718321696884,125.67719091471736,125.71032402105266,125.71032402105266,125.71032402105266,125.71032402105266,125.71032402105266,125.71032402105266,0.0291733986341569,125.9108403974442,[-191.0],[173.0],[1],[0],[0],[0.20014203772007022],125.91130539848746,125.9143414476166,,,,,,,,,,,,,,ED35,1,2024-02-06_15h46.54.486,rating,2023.2.3,60.0375371650119,2024-02-06 15h47.05.207181 +0800,
neg_135.jpg,0.0,194.0,194.0,40.0,655.8698287878124,,,,,,,,,,,,,,,,,,,,,,,655.8413536747776,,655.8413844657716,655.841391308215,655.8698287878124,656.8531651574813,656.8698173837402,657.8531700042113,657.8531700042113,658.1531757917783,658.0867040207049,658.0867122886575,658.1531757917783,658.1531757917783,658.1531757917783,658.1531757917783,658.1531757917783,658.1531757917783,0.0618440698399354,658.487369277258,[-333.0],[233.0],[1],[0],[0],[0.3333427416928316],658.4881014186958,658.4911873606379,,,,,,,,,,,,,,ED35,1,2024-02-06_15h46.54.486,rating,2023.2.3,60.0375371650119,2024-02-06 15h47.05.207181 +0800,
neg_136.jpg,0.0,1.0,1.0,41.0,12.308309092552008,,,,,,,,,,,,,,,,,,,,,,,12.281042240969327,,12.281074172371518,12.281081299915968,12.308309092552008,13.291660287513878,13.308375521273774,14.291662853429443,14.291662853429443,14.541688583867654,14.525196014619723,14.525203712368238,14.541688583867654,14.541688583867654,14.541688583867654,14.541688583867654,14.541688583867654,14.541688583867654,0.0106597426856751,16.72543413164749,[-161.0],[100.0],[1],[0],[0],[2.1834846796264173],16.725846959061528,16.72881629436597,,,,,,,,,,,,,,ED35,1,2024-02-06_15h46.54.486,rating,2023.2.3,60.0375371650119,2024-02-06 15h47.05.207181 +0800,
neg_137.jpg,0.0,142.0,142.0,42.0,502.8837391900088,,,,,,,,,,,,,,,,,,,,,,,502.8550397018517,,502.855073343866,502.8550804714105,502.8837391900088,503.86708582334177,503.8837514493862,504.8671026443481,504.8671026443481,505.15047701808544,505.1006611795983,505.100669732652,505.15047701808544,505.15047701808544,505.15047701808544,505.15047701808544,505.15047701808544,505.15047701808544,0.0454544223430275,506.3511670214757,[-265.0],[-195.0],[1],[0],[0],[1.200042822290925],506.3518270321565,506.354895012686,,,,,,,,,,,,,,ED35,1,2024-02-06_15h46.54.486,rating,2023.2.3,60.0375371650119,2024-02-06 15h47.05.207181 +0800,
neg_138.jpg,0.0,103.0,103.0,43.0,382.6149209740561,,,,,,,,,,,,,,,,,,,,,,,382.5861333894409,,382.58616503574194,382.5861724483893,382.6149209740561,383.59826760738906,383.6149574670872,384.5982878496161,384.5982878496161,384.88162516012017,384.8318230065179,384.8318307042664,384.88162516012017,384.88162516012017,384.88162516012017,384.88162516012017,384.88162516012017,384.88162516012017,0.0455071661763213,385.0823034743371,[-214.0],[134.0],[1],[0],[0],[0.20015429709746968],385.0829201495417,385.0860710946963,,,,,,,,,,,,,,ED35,1,2024-02-06_15h46.54.486,rating,2023.2.3,60.0375371650119,2024-02-06 15h47.05.207181 +0800,
neg_139.jpg,0.0,330.0,330.0,44.0,1089.6108862133042,,,,,,,,,,,,,,,,,,,,,,,1089.5949666986835,1089.6108862133042,1090.5944098948569,1090.594417592607,1090.6275512691443,1091.5942331317383,1091.627564098726,1092.594248527235,1092.594248527235,1092.9442851200529,1092.8278019306526,1092.8278099135025,1092.9442851200529,1092.9442851200529,1092.9442851200529,1092.9442851200529,1092.9442851200529,1092.9442851200529,0.0995331030280795,1093.4457666515846,[-455.0],[347.0],[1],[0],[0],[0.5000209549816645],1093.4468488980383,1093.4499724734214,,,,,,1090.6275512691443,,,,,,,,ED35,1,2024-02-06_15h46.54.486,rating,2023.2.3,60.0375371650119,2024-02-06 15h47.05.207181 +0800,
neg_14.jpg,0.0,44.0,44.0,45.0,160.4609511737508,,,,,,,,,,,,,,,,,,,,,,,160.43176929333822,,160.43179951413003,160.43180664167448,160.4609511737508,161.44430436442417,161.46096485863745,162.44431092176637,162.44431092176637,162.7109871678531,162.67784892968484,162.67785634233223,162.7109871678531,162.7109871678531,162.7109871678531,162.7109871678531,162.7109871678531,162.7109871678531,0.0292315594015235,163.91139634596402,[-243.0],[166.0],[1],[0],[0],[1.2000422520868597],163.91183654315137,163.91488627716717,,,,,,,,,,,,,,ED35,1,2024-02-06_15h46.54.486,rating,2023.2.3,60.0375371650119,2024-02-06 15h47.05.207181 +0800,
neg_140.jpg,0.0,328.0,328.0,46.0,1070.4438707245772,,,,,,,,,,,,,,,,,,,,,,,1070.416451058427,,1070.416482419625,1070.4164895471697,1070.4438707245772,1071.427210800568,1071.443875286206,1072.4272293321865,1072.4272293321865,1072.7772422615526,1072.6607650592905,1072.660773327243,1072.7772422615526,1072.7772422615526,1072.7772422615526,1072.7772422615526,1072.7772422615526,1072.7772422615526,0.110815721880499,1073.4786699658653,[-499.0],[232.0],[1],[0],[0],[0.6999808126493008],1073.479700038688,1073.4828042271474,,,,,,,,,,,,,,ED35,1,2024-02-06_15h46.54.486,rating,2023.2.3,60.0375371650119,2024-02-06 15h47.05.207181 +0800,
neg_141.jpg,0.0,185.0,185.0,47.0,631.752705544859,,,,,,,,,,,,,,,,,,,,,,,631.7241420502651,,631.7241722710551,631.7241791134984,631.752705544859,632.7360547441076,632.7527166638301,633.7360952285653,633.7360952285653,634.036078493089,633.9696098581371,633.9696178409868,634.036078493089,634.036078493089,634.036078493089,634.036078493089,634.036078493089,634.036078493089,0.061957255256857,634.3035841003293,[-347.0],[318.0],[1],[0],[0],[0.26672442829294596],634.3044610734833,634.3075358964561,,,,,,,,,,,,,,ED35,1,2024-02-06_15h46.54.486,rating,2023.2.3,60.0375371650119,2024-02-06 15h47.05.207181 +0800,
neg_142.jpg,0.0,15.0,15.0,48.0,63.192539798074,,,,,,,,,,,,,,,,,,,,,,,63.163253285300016,,63.16328122527557,63.16328749751665,63.192539798074,64.17588928242367,64.19255889989472,65.17590296731032,65.17590296731032,65.4259133022515,65.40948088948426,65.4094888723339,65.4259133022515,65.4259133022515,65.4259133022515,65.4259133022515,65.4259133022515,65.4259133022515,0.0126776932647771,67.95959166579087,[-217.0],[244.0],[1],[0],[0],[2.533396112750779],67.95997028098827,67.96300747052192,,,,,,,,,,,,,,ED35,1,2024-02-06_15h46.54.486,rating,2023.2.3,60.0375371650119,2024-02-06 15h47.05.207181 +0800,
neg_143.jpg,0.0,122.0,122.0,49.0,447.48274606638006,,,,,,,,,,,,,,,,,,,,,,,447.4538846403975,,447.4539160015957,447.4539231291401,447.48274606638006,448.4660952656286,448.4827634575886,449.4661226354019,449.4661226354019,449.74945395876784,449.6996475286378,449.6996552263863,449.74945395876784,449.74945395876784,449.74945395876784,449.74945395876784,449.74945395876784,449.74945395876784,0.0455875648840446,450.050187896346,[-410.0],[-183.0],[1],[0],[0],[0.3001243899179826],450.0508450560064,450.0539275767296,,,,,,,,,,,,,,ED35,1,2024-02-06_15h46.54.486,rating,2023.2.3,60.0375371650119,2024-02-06 15h47.05.207181 +0800,
neg_144.jpg,0.0,82.0,82.0,50.0,309.53032328549125,,,,,,,,,,,,,,,,,,,,,,,309.50128452618446,,309.5013150320792,309.50132215962367,309.53032328549125,310.5136300045706,310.5303341193594,311.51367191453573,311.51367191453573,311.7802503707044,311.747204220419,311.7472124883716,311.7802503707044,311.7802503707044,311.7802503707044,311.7802503707044,311.7802503707044,311.7802503707044,0.0289806698128813,312.0141342071129,[-173.0],[175.0],[1],[0],[0],[0.23343223515075806],312.01469243644897,312.01776013187737,,,,,,,,,,,,,,ED35,1,2024-02-06_15h46.54.486,rating,2023.2.3,60.0375371650119,2024-02-06 15h47.05.207181 +0800,
neg_145.jpg,0.0,35.0,35.0,51.0,131.71043235973957,,,,,,,,,,,,,,,,,,,,,,,131.68135254577464,,131.68138305166758,131.68139017921203,131.71043235973957,132.69380721815105,132.71044547442216,133.69379609917996,133.69379609917996,133.96046977935111,133.9273506430054,133.92735862585505,133.96046977935111,133.96046977935111,133.96046977935111,133.96046977935111,133.96046977935111,133.96046977935111,0.0291320588712551,134.1942780637819,[-108.0],[137.0],[1],[0],[0],[0.233468157975949],134.1947404989114,134.1978740528557,,,,,,,,,,,,,,ED35,1,2024-02-06_15h46.54.486,rating,2023.2.3,60.0375371650119,2024-02-06 15h47.05.207181 +0800,
neg_146.jpg,0.0,283.0,283.0,52.0,924.991268757205,,,,,,,,,,,,,,,,,,,,,,,924.9634282807874,,924.9634590717832,924.9634659142266,924.991268757205,925.9746319264414,925.9912832973968,926.9746327817464,926.9746327817464,927.3079934848538,927.2081630919184,927.208171074768,927.3079934848538,927.3079934848538,927.3079934848538,927.3079934848538,927.3079934848538,927.3079934848538,0.094587156905618,932.2093853233582,[-452.0],[294.0],[1],[0],[0],[4.900154781771562],932.2103823243724,932.2134771044712,,,,,,,,,,,,,,ED35,1,2024-02-06_15h46.54.486,rating,2023.2.3,60.0375371650119,2024-02-06 15h47.05.207181 +0800,
neg_147.jpg,0.0,367.0,367.0,53.0,1224.996656326024,,,,,,,,,,,,,,,,,,,,,,,1224.969464456215,,1224.969495532312,1224.9695026598583,1224.996656326024,1225.9799630451034,1225.9966289562508,1226.9799810065178,1226.9799810065178,1227.3299870934406,1227.2135218654548,1227.2135298483065,1227.3299870934406,1227.3299870934406,1227.3299870934406,1227.3299870934406,1227.3299870934406,1227.3299870934406,0.1105465857763192,1227.9149815011697,[-430.0],[371.0],[1],[0],[0],[0.5833319790981477],1227.9161316018526,1227.9191984419758,,,,,,,,,,,,,,ED35,1,2024-02-06_15h46.54.486,rating,2023.2.3,60.0375371650119,2024-02-06 15h47.05.207181 +0800,
neg_148.jpg,0.0,83.0,83.0,54.0,312.0470007432614,,,,,,,,,,,,,,,,,,,,,,,312.01798621760827,,312.0180167235012,312.01802470635266,312.0470007432614,313.0303385384377,313.0470095814162,314.03037731228324,314.03037731228324,314.29696033007895,314.2638890908365,314.26389707368617,314.29696033007895,314.29696033007895,314.29696033007895,314.29696033007895,314.29696033007895,314.29696033007895,0.0289877973573311,314.8641934655243,[-173.0],[175.0],[1],[0],[0],[0.5667573005321174],314.8647582522008,314.86784020271807,,,,,,,,,,,,,,ED35,1,2024-02-06_15h46.54.486,rating,2023.2.3,60.0375371650119,2024-02-06 15h47.05.207181 +0800,
neg_149.jpg,0.0,189.0,189.0,55.0,642.2195569004762,,,,,,,,,,,,,,,,,,,,,,,642.1911653222687,,642.1911958281617,642.191202670605,642.2195569004762,643.202933469498,643.2195728661773,644.2029656860013,644.2029656860013,644.5029814521313,644.4364766092494,644.436484877202,644.5029814521313,644.5029814521313,644.5029814521313,644.5029814521313,644.5029814521313,644.5029814521313,0.0618377975988551,644.9038089316127,[-413.0],[257.0],[1],[0],[0],[0.40001379892783007],644.9045385071331,644.9076592314959,,,,,,,,,,,,,,ED35,1,2024-02-06_15h46.54.486,rating,2023.2.3,60.0375371650119,2024-02-06 15h47.05.207181 +0800,
neg_15.jpg,0.0,16.0,16.0,56.0,67.99264779463738,,,,,,,,,,,,,,,,,,,,,,,67.9632435348176,,67.9632746109146,67.96328173845905,67.99264779463738,68.97597846226927,68.99265292647033,69.9760389038529,69.9760389038529,70.22599620985602,70.20960399644355,70.20961169419206,70.22599620985602,70.22599620985602,70.22599620985602,70.22599620985602,70.22599620985602,70.22599620985602,0.0127669301291462,71.15971973352134,[-257.0],[192.0],[1],[0],[0],[0.9334369963489735],71.16013512685277,71.16319512453083,,,,,,,,,,,,,,ED35,1,2024-02-06_15h46.54.486,rating,2023.2.3,60.0375371650119,2024-02-06 15h47.05.207181 +0800,
neg_150.jpg,0.0,28.0,28.0,57.0,108.3767050157112,,,,,,,,,,,,,,,,,,,,,,,108.347401396828,,108.347432472925,108.34743931536832,108.3767050157112,109.36005849148567,109.37671613468046,110.36004566190604,110.36004566190604,110.62671620595574,110.5936711960785,110.59367917892996,110.62671620595574,110.62671620595574,110.62671620595574,110.62671620595574,110.62671620595574,110.62671620595574,0.0293310599317919,113.12720558320508,[-217.0],[106.0],[1],[0],[0],[2.500168067514096],113.12764777610572,113.13068924216896,,,,,,,,,,,,,,ED35,1,2024-02-06_15h46.54.486,rating,2023.2.3,60.0375371650119,2024-02-06 15h47.05.207181 +0800,
neg_151.jpg,0.0,143.0,143.0,58.0,506.3838248631018,,,,,,,,,,,,,,,,,,,,,,,506.3551259451488,,506.3551573063469,506.3551641487902,506.3838248631018,507.3671489733915,507.3838080420956,508.3671660794989,508.3671660794989,508.650431544349,508.6007522696236,508.6007608226792,508.650431544349,508.650431544349,508.650431544349,508.650431544349,508.650431544349,508.650431544349,0.0453235606128146,508.9511908559871,[-276.0],[260.0],[1],[0],[0],[0.3001221091035404],508.9518904958186,508.9549604720596,,,,,,,,,,,,,,ED35,1,2024-02-06_15h46.54.486,rating,2023.2.3,60.0375371650119,2024-02-06 15h47.05.207181 +0800,
neg_152.jpg,0.0,9.0,9.0,59.0,40.87547123764671,,,,,,,,,,,,,,,,,,,,,,,40.84626341297008,,40.84629391886483,40.84630104640928,40.87547123764671,41.85884267483743,41.87553652596034,42.85884124932818,42.85884124932818,43.10887524771715,43.09237555092295,43.09238296357034,43.10887524771715,43.10887524771715,43.10887524771715,43.10887524771715,43.10887524771715,43.10887524771715,0.0126357832996291,43.475942396891696,[-135.0],[150.0],[1],[0],[0],[0.36675439249120245],43.476338688400574,43.479413796476365,,,,,,,,,,,,,,ED35,1,2024-02-06_15h46.54.486,rating,2023.2.3,60.0375371650119,2024-02-06 15h47.05.207181 +0800,
neg_153.jpg,0.0,144.0,144.0,60.0,508.98386152719286,,,,,,,,,,,,,,,,,,,,,,,508.955189693912,,508.95522077000896,508.9552276124523,508.98386152719286,509.9671961862496,509.9838923181888,510.96721386256286,510.96721386256286,511.2504824635307,511.2007698318957,511.2007778147454,511.2504824635307,511.2504824635307,511.2504824635307,511.2504824635307,511.2504824635307,511.2504824635307,0.0453232755116914,511.6512668926389,[-311.0],[301.0],[1],[0],[0],[0.40011643557772913],511.6519571241097,511.655060172161,,,,,,,,,,,,,,ED35,1,2024-02-06_15h46.54.486,rating,2023.2.3,60.0375371650119,2024-02-06 15h47.05.207181 +0800,
neg_154.jpg,0.0,294.0,294.0,61.0,962.141933087176,,,,,,,,,,,,,,,,,,,,,,,962.1143771423611,,962.1144085035612,962.1144153460044,962.141933087176,963.1252928351914,963.141944491248,964.1253164986427,964.1253164986427,964.458639853412,964.3588342643344,964.358842247184,964.458639853412,964.458639853412,964.458639853412,964.458639853412,964.458639853412,964.458639853412,0.0942889404159359,964.7599069313674,[-353.0],[309.0],[1],[0],[0],[0.3000060726681113],964.7608648734332,964.7639696320966,,,,,,,,,,,,,,ED35,1,2024-02-06_15h46.54.486,rating,2023.2.3,60.0375371650119,2024-02-06 15h47.05.207181 +0800,
neg_155.jpg,0.0,239.0,239.0,62.0,795.9223228726623,,,,,,,,,,,,,,,,,,,,,,,795.8941972944413,,795.8942283705383,795.8942352129816,795.9223228726623,796.9056495488694,796.9223148898127,797.9056646592653,797.9056646592653,798.222342345116,798.1392596875448,798.1392676703963,798.222342345116,798.222342345116,798.222342345116,798.222342345116,798.222342345116,798.222342345116,0.0781670035139541,798.6400846296201,[-437.0],[242.0],[1],[0],[0],[0.4167270369744074],798.6409450668689,801.2894353530228,space,798.6556862557263,798.6556862557263,2.6241505748075724,,,,,,,,,,ED35,1,2024-02-06_15h46.54.486,rating,2023.2.3,60.0375371650119,2024-02-06 15h47.05.207181 +0800,
neg_156.jpg,0.0,297.0,297.0,63.0,970.1920973200722,,,,,,,,,,,,,,,,,,,,,,,970.1643868500778,,970.1644176410736,970.164424483517,970.1920973200722,971.1754231409724,971.1921141410784,972.1754616297168,972.1754616297168,972.5087829887744,972.409030713732,972.4090384114808,972.5087829887744,972.5087829887744,972.5087829887744,972.5087829887744,972.5087829887744,972.5087829887744,0.0944203723483951,972.9101601445344,[-213.0],[300.0],[1],[0],[0],[0.4000634066414932],972.9111870812394,972.9142516405464,,,,,,,,,,,,,,ED35,1,2024-02-06_15h46.54.486,rating,2023.2.3,60.0375371650119,2024-02-06 15h47.05.207181 +0800,
neg_157.jpg,0.0,17.0,17.0,64.0,71.19269460835494,,,,,,,,,,,,,,,,,,,,,,,71.1634246314843,,71.16345513737724,71.16346226492351,71.19269460835494,72.17603183332722,72.19269745937163,73.1760486543335,73.1760486543335,73.42605186172841,73.40963940608708,73.40964681873447,73.42605186172841,73.42605186172841,73.42605186172841,73.42605186172841,73.42605186172841,73.42605186172841,0.0126420555388904,73.74316033640935,[-258.0],[193.0],[1],[0],[0],[0.3168025604409195],73.74358399769153,73.74658697501036,,,,,,,,,,,,,,ED35,1,2024-02-06_15h46.54.486,rating,2023.2.3,60.0375371650119,2024-02-06 15h47.05.207181 +0800,
neg_158.jpg,0.0,287.0,287.0,65.0,940.8915706515054,,,,,,,,,,,,,,,,,,,,,,,940.8639246145212,,940.8639556906182,940.8639628181628,940.8915706515054,941.874900463832,941.891568370691,942.8749212762632,942.8749212762632,943.2082705752982,943.1084972027238,943.1085051855734,943.2082705752982,943.2082705752982,943.2082705752982,943.2082705752982,943.2082705752982,943.2082705752982,0.0943790325873124,943.6095827278476,[-431.0],[354.0],[1],[0],[0],[0.4000656874559354],943.6105372486928,943.6136448583748,,,,,,,,,,,,,,ED35,1,2024-02-06_15h46.54.486,rating,2023.2.3,60.0375371650119,2024-02-06 15h47.05.207181 +0800,
neg_159.jpg,0.0,174.0,174.0,66.0,599.8854711834774,,,,,,,,,,,,,,,,,,,,,,,599.8568235838502,,599.8568538046402,599.8568606470835,599.8854711834774,600.8688192423197,600.8854814471433,601.8688617224889,601.8688617224889,602.1688441317074,602.102392887964,602.1024005857125,602.1688441317074,602.1688441317074,602.1688441317074,602.1688441317074,602.1688441317074,602.1688441317074,0.0620396496778994,602.6362517209454,[-314.0],[326.0],[1],[0],[0],[0.4666688904599141],602.636967326478,602.6400173455932,,,,,,,,,,,,,,ED35,1,2024-02-06_15h46.54.486,rating,2023.2.3,60.0375371650119,2024-02-06 15h47.05.207181 +0800,
neg_16.jpg,0.0,117.0,117.0,67.0,425.3156843911602,,,,,,,,,,,,,,,,,,,,,,,425.2868520455632,,425.286881981252,425.2868891087983,425.3156843911602,426.29903273510354,426.3156975058446,427.2990495561117,427.2990495561117,427.5823900027335,427.5325844279105,427.53259241076194,427.5823900027335,427.5823900027335,427.5823900027335,427.5823900027335,427.5823900027335,427.5823900027335,0.0455542079744191,428.1329629290685,[-174.0],[106.0],[1],[0],[0],[0.5500406412629673],428.133569340609,428.1365532161053,,,,,,,,,,,,,,ED35,1,2024-02-06_15h46.54.486,rating,2023.2.3,60.0375371650119,2024-02-06 15h47.05.207181 +0800,
neg_160.jpg,0.0,199.0,199.0,68.0,669.3867129443915,,,,,,,,,,,,,,,,,,,,,,,669.3582426780868,,669.3582728988786,669.3582797413219,669.3867129443915,670.3700535905864,670.3867425949793,671.3700732626112,671.3700732626112,671.6700168979842,671.6036087046141,671.6036164023626,671.6700168979842,671.6700168979842,671.6700168979842,671.6700168979842,671.6700168979842,671.6700168979842,0.0617936068210838,671.87107097638,[-376.0],[294.0],[1],[0],[0],[0.20021844500297448],671.871886367544,671.8749591948035,,,,,,,,,,,,,,ED35,1,2024-02-06_15h46.54.486,rating,2023.2.3,60.0375371650119,2024-02-06 15h47.05.207181 +0800,
neg_161.jpg,0.0,371.0,371.0,69.0,1237.38018667896,,,,,,,,,,,,,,,,,,,,,,,1237.3529355079754,,1237.3529662989713,1237.3529734265155,1237.38018667896,1238.3635173465918,1238.380239137692,1239.363529320868,1239.363529320868,1239.7302386672743,1239.597116366298,1239.5971246342506,1239.7302386672743,1239.7302386672743,1239.7302386672743,1239.7302386672743,1239.7302386672743,1239.7302386672743,0.1273305290724238,1239.8487908404768,[-501.0],[305.0],[1],[0],[0],[0.11684726440580562],1239.84994863891,1239.8531087073225,,,,,,,,,,,,,,ED35,1,2024-02-06_15h46.54.486,rating,2023.2.3,60.0375371650119,2024-02-06 15h47.05.207181 +0800,
neg_162.jpg,0.0,54.0,54.0,70.0,193.161554648741,,,,,,,,,,,,,,,,,,,,,,,193.13241125707464,,193.13244290337389,193.13245003092013,193.161554648741,194.14491240104508,194.16154638079024,195.14491012023063,195.14491012023063,195.4115969150844,195.3784783489409,195.37848604668943,195.4115969150844,195.4115969150844,195.4115969150844,195.4115969150844,195.4115969150844,195.4115969150844,0.0292013386097096,195.61210131719963,[-352.0],[203.0],[1],[0],[0],[0.20008729817345738],195.61256660334584,195.6156323030609,,,,,,,,,,,,,,ED35,1,2024-02-06_15h46.54.486,rating,2023.2.3,60.0375371650119,2024-02-06 15h47.05.207181 +0800,
neg_163.jpg,0.0,182.0,182.0,71.0,624.1359054648037,,,,,,,,,,,,,,,,,,,,,,,624.107274686181,,624.1073054771769,624.1073126047213,624.1359054648037,625.119253238543,625.1359157284678,626.119268919143,626.119268919143,626.4192764173204,626.352903006371,626.3529109892206,626.4192764173204,626.4192764173204,626.4192764173204,626.4192764173204,626.4192764173204,626.4192764173204,0.0620205478589923,626.4869125441655,[-418.0],[295.0],[1],[0],[0],[0.06685494789962831],626.4876435451952,626.4907195085761,,,,,,,,,,,,,,ED35,1,2024-02-06_15h46.54.486,rating,2023.2.3,60.0375371650119,2024-02-06 15h47.05.207181 +0800,
neg_164.jpg,0.0,136.0,136.0,72.0,484.8334192915281,,,,,,,,,,,,,,,,,,,,,,,484.8046297112014,,484.8046596468903,484.80466677443474,484.8334192915281,485.8167630738426,485.8334284147859,486.81677875444257,486.81677875444257,487.1001243328974,487.05046216428127,487.050471572642,487.1001243328974,487.1001243328974,487.1001243328974,487.1001243328974,487.1001243328974,487.1001243328974,0.0455125831103941,487.4007373873101,[-318.0],[152.0],[1],[0],[0],[0.30000350675254595],487.4013475051743,487.4044174814171,,,,,,,,,,,,,,ED35,1,2024-02-06_15h46.54.486,rating,2023.2.3,60.0375371650119,2024-02-06 15h47.05.207181 +0800,
neg_165.jpg,0.0,382.0,382.0,73.0,1269.4974042906106,,,,,,,,,,,,,,,,,,,,,,,1269.4703201892844,,1269.4703509802805,1269.4703581078247,1269.4974042906106,1270.4807780086155,1270.4974179754972,1271.480768885358,1271.480768885358,1271.847444874853,1271.7143231440805,1271.714330841829,1271.847444874853,1271.847444874853,1271.847444874853,1271.847444874853,1271.847444874853,1271.847444874853,0.1271523404448089,1272.1992687708898,[-451.0],[310.0],[1],[0],[0],[0.3500545542301552],1272.200456790113,1272.2035809356985,,,,,,,,,,,,,,ED35,1,2024-02-06_15h46.54.486,rating,2023.2.3,60.0375371650119,2024-02-06 15h47.05.207181 +0800,
neg_166.jpg,0.0,146.0,146.0,74.0,514.3506090772426,,,,,,,,,,,,,,,,,,,,,,,514.3218200671181,,514.3218500028088,514.3218565601492,514.3506090772426,515.3339582764911,515.3506239025355,516.3340215690914,516.3340215690914,516.6339800297592,516.5675068331784,516.567514816028,516.6339800297592,516.6339800297592,516.6339800297592,516.6339800297592,516.6339800297592,516.6339800297592,0.0621779240536852,517.0347356635848,[-246.0],[233.0],[1],[0],[0],[0.40012669924180955],517.035438154433,517.0385166837295,,,,,,,,,,,,,,ED35,1,2024-02-06_15h46.54.486,rating,2023.2.3,60.0375371650119,2024-02-06 15h47.05.207181 +0800,
neg_167.jpg,0.0,372.0,372.0,75.0,1239.88024669289,,,,,,,,,,,,,,,,,,,,,,,1239.853337644072,,1239.8533690052718,1239.8533758477151,1239.88024669289,1240.8635613948209,1240.8802338633086,1241.863577360522,1241.863577360522,1242.2302636136828,1242.0971501508611,1242.0971581337126,1242.2302636136828,1242.2302636136828,1242.2302636136828,1242.2302636136828,1242.2302636136828,1242.2302636136828,0.1269521989761415,1242.4653223546338,[-503.0],[348.0],[1],[0],[0],[0.23336181500235398],1242.46655656035,1242.4697420028224,,,,,,,,,,,,,,ED35,1,2024-02-06_15h46.54.486,rating,2023.2.3,60.0375371650119,2024-02-06 15h47.05.207181 +0800,
neg_168.jpg,0.0,30.0,30.0,76.0,117.16022635943044,,,,,,,,,,,,,,,,,,,,,,,117.14449957363104,117.16022635943044,118.14373578589402,118.14374462404884,118.17685976897155,119.14353935074904,119.17686946243155,120.14355531645016,120.14355531645016,120.41022757111205,120.37710871986746,120.37711641761598,120.41022757111205,120.41022757111205,120.41022757111205,120.41022757111205,120.41022757111205,120.41022757111205,0.0159438195496477,120.844018806456,[-191.0],[173.0],[1],[0],[0],[0.43345538541689166],120.8444293530556,120.84748649971698,,,,,,118.17685976897155,,,,,,,,ED35,1,2024-02-06_15h46.54.486,rating,2023.2.3,60.0375371650119,2024-02-06 15h47.05.207181 +0800,
neg_169.jpg,0.0,299.0,299.0,77.0,975.4921695363593,,,,,,,,,,,,,,,,,,,,,,,975.4645933493156,,975.4646247105156,975.46463183806,975.4921695363593,976.475515599488,976.492184076551,977.47555066701,977.47555066701,977.8088757323912,977.7091054959365,977.709113763889,977.8088757323912,977.8088757323912,977.8088757323912,977.8088757323912,977.8088757323912,977.8088757323912,0.0943046210159082,978.1102006860128,[-419.0],[190.0],[1],[0],[0],[0.30003144672991766],978.1111626195034,980.0593080180042,space,978.1255710945552,978.1255710945552,1.9206675715795427,,,,,,,,,,ED35,1,2024-02-06_15h46.54.486,rating,2023.2.3,60.0375371650119,2024-02-06 15h47.05.207181 +0800,
neg_17.jpg,0.0,220.0,220.0,78.0,737.5879275351035,,,,,,,,,,,,,,,,,,,,,,,737.55962947029,,737.5596602612841,737.5596673888303,737.5879275351035,738.5712790151665,738.5879637430335,739.5712944106654,739.5712944106654,739.8879695306005,739.8048614989693,739.804869481819,739.8879695306005,739.8879695306005,739.8879695306005,739.8879695306005,739.8879695306005,739.8879695306005,0.0783597323352296,740.5555667695608,[-511.0],[228.0],[1],[0],[0],[0.6666666666660603],740.5563781692981,740.5594863491824,,,,,,,,,,,,,,ED35,1,2024-02-06_15h46.54.486,rating,2023.2.3,60.0375371650119,2024-02-06 15h47.05.207181 +0800,
neg_170.jpg,0.0,266.0,266.0,79.0,874.290365925317,,,,,,,,,,,,,,,,,,,,,,,874.2624350716269,,874.262467288132,874.2624744156765,874.290365925317,875.2737202563985,875.2903790399996,876.2737456304585,876.2737456304585,876.6070823850132,876.5072725194077,876.5072810724614,876.6070823850132,876.6070823850132,876.6070823850132,876.6070823850132,876.6070823850132,876.6070823850132,0.0946695513284794,876.6916250489303,[-401.0],[262.0],[1],[0],[0],[0.08338201446713356],876.6926075097526,876.6956461247973,,,,,,,,,,,,,,ED35,1,2024-02-06_15h46.54.486,rating,2023.2.3,60.0375371650119,2024-02-06 15h47.05.207181 +0800,
neg_171.jpg,0.0,3.0,3.0,80.0,19.708428094045303,,,,,,,,,,,,,,,,,,,,,,,19.67915583636204,,19.67918748266311,19.67919461020756,19.708428094045303,20.691780714516423,20.70844520015453,21.69180979490011,21.69180979490011,21.941820414942413,21.925381444832965,21.92538914258148,21.941820414942413,21.941820414942413,21.941820414942413,21.941820414942413,21.941820414942413,21.941820414942413,0.0126771230607118,22.87543303400525,[-161.0],[100.0],[1],[0],[0],[0.9333517509094236],22.875787700651927,22.878828881612208,,,,,,,,,,,,,,ED35,1,2024-02-06_15h46.54.486,rating,2023.2.3,60.0375371650119,2024-02-06 15h47.05.207181 +0800,
neg_172.jpg,0.0,129.0,129.0,81.0,466.6830888157692,,,,,,,,,,,,,,,,,,,,,,,466.6543910382243,,466.6544223994224,466.6544292418657,466.6830888157692,467.666465669894,467.6831022155548,468.66645626153513,468.66645626153513,468.9498198014044,468.9000937699839,468.9001014677324,468.9498198014044,468.9498198014044,468.9498198014044,468.9498198014044,468.9498198014044,468.9498198014044,0.0454444437782513,469.10053630500624,[-71.0],[175.0],[1],[0],[0],[0.15010267941397615],469.1011911838541,469.1043116231158,,,,,,,,,,,,,,ED35,1,2024-02-06_15h46.54.486,rating,2023.2.3,60.0375371650119,2024-02-06 15h47.05.207181 +0800,
neg_173.jpg,0.0,167.0,167.0,82.0,579.8017809739595,,,,,,,,,,,,,,,,,,,,,,,579.7732417130173,,579.7732719338092,579.7732790613536,579.8017809739595,580.7851270370884,580.8018034970028,581.7851444282987,581.7851444282987,582.0851581987154,582.0186741682646,582.018681866015,582.0851581987154,582.0851581987154,582.0851581987154,582.0851581987154,582.0851581987154,582.0851581987154,0.0619384385372541,582.5526612970589,[-380.0],[322.0],[1],[0],[0],[0.46678549709940853],582.5533578007708,582.5564046837662,,,,,,,,,,,,,,ED35,1,2024-02-06_15h46.54.486,rating,2023.2.3,60.0375371650119,2024-02-06 15h47.05.207181 +0800,
neg_174.jpg,0.0,378.0,378.0,83.0,1256.463838399735,,,,,,,,,,,,,,,,,,,,,,,1256.4371725427573,,1256.4372013380398,1256.437207610279,1256.463838399735,1257.4472032795838,1257.4638543654364,1258.4472309344585,1258.4472309344585,1258.8139191833325,1258.6807418577064,1258.6807498405578,1258.8139191833325,1258.8139191833325,1258.8139191833325,1258.8139191833325,1258.8139191833325,1258.8139191833325,0.126816490515921,1260.2156683969497,[-384.0],[395.0],[1],[0],[0],[1.3999710336574935],1260.2168561310718,1260.219922115888,,,,,,,,,,,,,,ED35,1,2024-02-06_15h46.54.486,rating,2023.2.3,60.0375371650119,2024-02-06 15h47.05.207181 +0800,
neg_175.jpg,0.0,374.0,374.0,84.0,1245.1803043689852,,,,,,,,,,,,,,,,,,,,,,,1245.1532322419353,,1245.1532630329311,1245.1532698753745,1245.1803043689852,1246.163655278846,1246.1803157730574,1247.1636820784151,1247.1636820784151,1247.5303463787368,1247.3972910766845,1247.3973004850432,1247.5303463787368,1247.5303463787368,1247.5303463787368,1247.5303463787368,1247.5303463787368,1247.5303463787368,0.1271417916777864,1247.7654558678096,[-454.0],[382.0],[1],[0],[0],[0.23339175069304474],1247.7665646287314,1247.769561048708,,,,,,,,,,,,,,ED35,1,2024-02-06_15h46.54.486,rating,2023.2.3,60.0375371650119,2024-02-06 15h47.05.207181 +0800,
neg_176.jpg,0.0,31.0,31.0,85.0,120.8769041593223,,,,,,,,,,,,,,,,,,,,,,,120.84772284911378,,120.8477542103119,120.84776133785816,120.8769041593223,121.86025506918122,121.87696203498854,122.86027103488232,122.86027103488232,123.12693986832346,123.09380419607078,123.09381246402336,123.12693986832346,123.12693986832346,123.12693986832346,123.12693986832346,123.12693986832346,123.12693986832346,0.0292315594015235,123.42743517569032,[-191.0],[173.0],[1],[0],[0],[0.300183976196422],123.4278437265766,123.43093080892868,,,,,,,,,,,,,,ED35,1,2024-02-06_15h46.54.486,rating,2023.2.3,60.0375371650119,2024-02-06 15h47.05.207181 +0800,
neg_177.jpg,0.0,224.0,224.0,86.0,748.504802112262,,,,,,,,,,,,,,,,,,,,,,,748.4766255008162,,748.476655721608,748.4766628491543,748.504802112262,749.4881379117269,749.5048012569569,750.4882123232983,750.4882123232983,750.8048287122601,750.7217249571568,750.7217332251093,750.8048287122601,750.8048287122601,750.8048287122601,750.8048287122601,750.8048287122601,750.8048287122601,0.0782283004027704,750.8891803579681,[-239.0],[106.0],[1],[0],[0],[0.08338657609601796],750.8900439313365,750.8931703577382,,,,,,,,,,,,,,ED35,1,2024-02-06_15h46.54.486,rating,2023.2.3,60.0375371650119,2024-02-06 15h47.05.207181 +0800,
neg_178.jpg,0.0,193.0,193.0,87.0,653.3530923139697,,,,,,,,,,,,,,,,,,,,,,,653.3246459962156,,653.3246765021086,653.3246836296548,653.3530923139697,654.3364794317586,654.3530983011078,655.3364936868475,655.3364936868475,655.6364960531937,655.5700017590789,655.5700097419285,655.6364960531937,655.6364960531937,655.6364960531937,655.6364960531937,655.6364960531937,655.6364960531937,0.0618705843080533,655.8372975313887,[-309.0],[255.0],[1],[0],[0],[0.19998979335468903],655.8380502001564,655.8411224572119,,,,,,,,,,,,,,ED35,1,2024-02-06_15h46.54.486,rating,2023.2.3,60.0375371650119,2024-02-06 15h47.05.207181 +0800,
neg_179.jpg,0.0,281.0,281.0,88.0,918.9911621291284,,,,,,,,,,,,,,,,,,,,,,,918.9633498777912,,918.9633809538882,918.9633880814326,918.9911621291284,919.9745292897916,919.9911758140152,920.9745389832532,920.9745389832532,921.3078831504554,921.2080863995324,921.2081072119636,921.3078831504554,921.3078831504554,921.3078831504554,921.3078831504554,921.3078831504554,921.3078831504554,0.0945577914189925,922.3091011053676,[-470.0],[347.0],[1],[0],[0],[1.0000225230432989],922.3100365243918,922.313174925068,,,,,,,,,,,,,,ED35,1,2024-02-06_15h46.54.486,rating,2023.2.3,60.0375371650119,2024-02-06 15h47.05.207181 +0800,
neg_18.jpg,0.0,271.0,271.0,89.0,891.3740239183317,,,,,,,,,,,,,,,,,,,,,,,891.3461663358066,,891.3461979821059,891.3462051096521,891.3740239183317,892.3573520200462,892.3740373181154,893.357392789605,893.357392789605,893.6907070211164,893.5909088446842,893.5909168275357,893.6907070211164,893.6907070211164,893.6907070211164,893.6907070211164,893.6907070211164,893.6907070211164,0.094564348761196,893.9419033795693,[-367.0],[288.0],[1],[0],[0],[0.25003684940929816],893.9428288200288,893.9459686462142,,,,,,,,,,,,,,ED35,1,2024-02-06_15h46.54.486,rating,2023.2.3,60.0375371650119,2024-02-06 15h47.05.207181 +0800,
neg_180.jpg,0.0,353.0,353.0,90.0,1165.362228401329,,,,,,,,,,,,,,,,,,,,,,,1165.3348683214554,,1165.3348991124494,1165.3349056697916,1165.362228401329,1166.3455701879302,1166.362231537449,1167.345558783858,1167.345558783858,1167.695592525657,1167.579161509888,1167.5791694927393,1167.695592525657,1167.695592525657,1167.695592525657,1167.695592525657,1167.695592525657,1167.695592525657,0.1107515739768132,1167.93052211549,[-445.0],[321.0],[1],[0],[0],[0.23337806580639153],1167.9316345827356,1167.9347210948818,,,,,,,,,,,,,,ED35,1,2024-02-06_15h46.54.486,rating,2023.2.3,60.0375371650119,2024-02-06 15h47.05.207181 +0800,
neg_181.jpg,0.0,169.0,169.0,91.0,585.1685393578773,,,,,,,,,,,,,,,,,,,,,,,585.1400180583478,,585.1400488493437,585.1400554066859,585.1685393578773,586.151889412431,586.1685538980691,587.1519495689117,587.1519495689117,587.4519502246458,587.3854365436091,587.3854442413576,587.4519502246458,587.4519502246458,587.4519502246458,587.4519502246458,587.4519502246458,587.4519502246458,0.0619578254609223,587.7193167022051,[-388.0],[206.0],[1],[0],[0],[0.2666565740637452],587.7200117804059,587.7230769099187,,,,,,,,,,,,,,ED35,1,2024-02-06_15h46.54.486,rating,2023.2.3,60.0375371650119,2024-02-06 15h47.05.207181 +0800,
neg_182.jpg,0.0,221.0,221.0,92.0,740.5880062232027,,,,,,,,,,,,,,,,,,,,,,,740.5597215581729,,740.559752349167,740.5597594767132,740.5880062232027,741.5713291930842,741.5880219038008,742.5713474395998,742.5713474395998,742.8880325380997,742.804916238516,742.8049245064667,742.8880325380997,742.8880325380997,742.8880325380997,742.8880325380997,742.8880325380997,742.8880325380997,0.0783320774608,743.2222850396538,[-377.0],[354.0],[1],[0],[0],[0.3333484437298466],743.2231058477519,743.2261618540051,,,,,,,,,,,,,,ED35,1,2024-02-06_15h46.54.486,rating,2023.2.3,60.0375371650119,2024-02-06 15h47.05.207181 +0800,
neg_183.jpg,0.0,363.0,363.0,93.0,1213.1964029275389,,,,,,,,,,,,,,,,,,,,,,,1213.169106140267,,1213.1691380716693,1213.1691451992135,1213.1964029275389,1214.179751271482,1214.196415186918,1215.179767237185,1215.179767237185,1215.5297781708375,1215.4133317595715,1215.413339742423,1215.5297781708375,1215.5297781708375,1215.5297781708375,1215.5297781708375,1215.5297781708375,1215.5297781708375,0.1106974046324467,1215.9981086346215,[-547.0],[232.0],[1],[0],[0],[0.46671564715688874],1215.9992185359515,1216.0023084693205,,,,,,,,,,,,,,ED35,1,2024-02-06_15h46.54.486,rating,2023.2.3,60.0375371650119,2024-02-06 15h47.05.207181 +0800,
neg_184.jpg,0.0,270.0,270.0,94.0,886.9405890602447,,,,,,,,,,,,,,,,,,,,,,,886.9248172283606,886.9405890602447,887.9241418221827,887.9241489497272,887.9572774944336,888.923967910081,888.9572900389139,889.9239841608851,889.9239841608851,890.2573163538109,890.1575287261458,890.1575364238943,890.2573163538109,890.2573163538109,890.2573163538109,890.2573163538109,890.2573163538109,890.2573163538109,0.0827089603790227,891.3418430520269,[-137.0],[-100.0],[1],[0],[0],[1.0833378236857243],891.3427898751233,891.3459311268161,,,,,,887.9572774944336,,,,,,,,ED35,1,2024-02-06_15h46.54.486,rating,2023.2.3,60.0375371650119,2024-02-06 15h47.05.207181 +0800,
neg_185.jpg,0.0,76.0,76.0,95.0,289.7965904104876,,,,,,,,,,,,,,,,,,,,,,,289.7675747444282,,289.76760496522,289.76761180766334,289.7965904104876,290.77995158401063,290.7966314651476,291.7799681199158,291.7799681199158,292.0466312513199,292.01350213641126,292.013510404362,292.0466312513199,292.0466312513199,292.0466312513199,292.0466312513199,292.0466312513199,292.0466312513199,0.0290761789183306,292.3470943421835,[-214.0],[139.0],[1],[0],[0],[0.30002118306401826],292.3476266272537,292.3507282497976,,,,,,,,,,,,,,ED35,1,2024-02-06_15h46.54.486,rating,2023.2.3,60.0375371650119,2024-02-06 15h47.05.207181 +0800,
neg_186.jpg,0.0,67.0,67.0,96.0,240.57904490325015,,,,,,,,,,,,,,,,,,,,,,,240.5500340839208,,240.55006516001777,240.5500720024611,240.57904490325015,241.56239752371948,241.579059443442,242.56241320431943,242.56241320431943,242.8290848887773,242.79600481137825,242.79601279422783,242.8290848887773,242.8290848887773,242.8290848887773,242.8290848887773,242.8290848887773,242.8290848887773,0.0290633493350469,244.5630047905652,[-244.0],[220.0],[1],[0],[0],[1.7335216145656887],244.5635174036124,244.56660990289677,,,,,,,,,,,,,,ED35,1,2024-02-06_15h46.54.486,rating,2023.2.3,60.0375371650119,2024-02-06 15h47.05.207181 +0800,
neg_187.jpg,0.0,245.0,245.0,97.0,816.4726682877554,,,,,,,,,,,,,,,,,,,,,,,816.4444691532681,,816.4444999442621,816.4445067867055,816.4726682877554,817.4560528396287,817.4726845385594,818.4560519843235,818.4560519843235,818.7727530485226,818.6896079536564,818.689615936506,818.7727530485226,818.7727530485226,818.7727530485226,818.7727530485226,818.7727530485226,818.7727530485226,0.0783161117578856,818.9404162885512,[-412.0],[274.0],[1],[0],[0],[0.1666382990370039],818.9412684578474,818.944367799575,,,,,,,,,,,,,,ED35,1,2024-02-06_15h46.54.486,rating,2023.2.3,60.0375371650119,2024-02-06 15h47.05.207181 +0800,
neg_188.jpg,0.0,214.0,214.0,98.0,719.7709623240808,,,,,,,,,,,,,,,,,,,,,,,719.7427395261439,,719.7427706022409,719.7427774446842,719.7709623240808,720.7542909960011,720.7709580475548,721.7543109531271,721.7543109531271,722.0709946261159,721.9878672075611,721.9878754755136,722.0709946261159,722.0709946261159,722.0709946261159,722.0709946261159,722.0709946261159,722.0709946261159,0.0782790485227451,722.638603240639,[-347.0],[209.0],[1],[0],[0],[0.5666814634514594],722.6394405846422,722.6425330839265,,,,,,,,,,,,,,ED35,1,2024-02-06_15h46.54.486,rating,2023.2.3,60.0375371650119,2024-02-06 15h47.05.207181 +0800,
neg_189.jpg,0.0,42.0,42.0,99.0,153.194150053072,,,,,,,,,,,,,,,,,,,,,,,153.16504857136897,,153.16507879216078,153.1650856346041,153.194150053072,154.17750010762575,154.19416544856904,155.17751607332684,155.17751607332684,155.44419517043207,155.4111216503752,155.41112934812372,155.44419517043207,155.44419517043207,155.44419517043207,155.44419517043207,155.44419517043207,155.44419517043207,0.0291619945601269,156.44471690673709,[-212.0],[190.0],[1],[0],[0],[1.000159657010954],156.44519758838032,156.44817804265583,,,,,,,,,,,,,,ED35,1,2024-02-06_15h46.54.486,rating,2023.2.3,60.0375371650119,2024-02-06 15h47.05.207181 +0800,
neg_19.jpg,0.0,118.0,118.0,100.0,428.1657342412109,,,,,,,,,,,,,,,,,,,,,,,428.1367778763288,,428.1368080971188,428.1368149395621,428.1657342412109,429.1490831553583,429.1657496367097,430.1491011167727,430.1491011167727,430.4324412782935,430.3826311418416,430.3826394097941,430.4324412782935,430.4324412782935,430.4324412782935,430.4324412782935,430.4324412782935,430.4324412782935,0.0456796527687402,430.68299957890486,[-174.0],[106.0],[1],[0],[0],[0.250025160234145],430.6836347857279,430.6867136001256,,,,,,,,,,,,,,ED35,1,2024-02-06_15h46.54.486,rating,2023.2.3,60.0375371650119,2024-02-06 15h47.05.207181 +0800,
neg_190.jpg,0.0,333.0,333.0,101.0,1100.044386359703,,,,,,,,,,,,,,,,,,,,,,,1100.0168971287112,,1100.0169282048082,1100.0169350472515,1100.044386359703,1101.0277358440544,1101.0444071721358,1102.0277509544503,1102.0277509544503,1102.377761603002,1102.2612929537954,1102.261300651544,1102.377761603002,1102.377761603002,1102.377761603002,1102.377761603002,1102.377761603002,1102.377761603002,0.1108881377404031,1102.9459655100943,[-470.0],[241.0],[1],[0],[0],[0.5667045566970046],1102.947010123109,1102.9501234348263,,,,,,,,,,,,,,ED35,1,2024-02-06_15h46.54.486,rating,2023.2.3,60.0375371650119,2024-02-06 15h47.05.207181 +0800,
neg_191.jpg,0.0,46.0,46.0,102.0,167.79441109228537,,,,,,,,,,,,,,,,,,,,,,,167.76523063738205,,167.76526085817386,167.7652679857183,167.79441109228537,168.77776257234837,168.79442449206908,169.77777169560613,169.77777169560613,170.04445250332174,170.0113085631183,170.01131654596975,170.04445250332174,170.04445250332174,170.04445250332174,170.04445250332174,170.04445250332174,170.04445250332174,0.0292366912326542,170.3781578945127,[-252.0],[99.0],[1],[0],[0],[0.3333364694535703],170.37862489126928,170.38175644950206,,,,,,,,,,,,,,ED35,1,2024-02-06_15h46.54.486,rating,2023.2.3,60.0375371650119,2024-02-06 15h47.05.207181 +0800,
neg_192.jpg,0.0,73.0,73.0,103.0,279.013066500851,,,,,,,,,,,,,,,,,,,,,,,278.98410129781223,,278.9841320888063,278.98413921635256,279.013066500851,279.99641969152617,280.0130836069602,280.9964376529388,280.9964376529388,281.2631090522955,281.22997366514574,281.22998136289425,281.2631090522955,281.2631090522955,281.2631090522955,281.2631090522955,281.2631090522955,281.2631090522955,0.0290222946769063,283.03023447627857,[-214.0],[138.0],[1],[0],[0],[1.7667165879920503],283.0307556423795,283.0338301802494,,,,,,,,,,,,,,ED35,1,2024-02-06_15h46.54.486,rating,2023.2.3,60.0375371650119,2024-02-06 15h47.05.207181 +0800,
neg_2.jpg,0.0,25.0,25.0,104.0,96.80980630468366,,,,,,,,,,,,,,,,,,,,,,,96.780614160607,,96.78064495160288,96.78065207914732,96.80980630468366,97.7931900012518,97.80982768732063,98.79319627349103,98.79319627349103,99.05986852815296,99.02670605633284,99.02671403918248,99.05986852815296,99.05986852815296,99.05986852815296,99.05986852815296,99.05986852815296,99.05986852815296,0.0292786011996213,99.32705909789728,[-165.0],[126.0],[1],[0],[0],[0.2668467369676364],99.3274950185587,99.33055729705302,,,,,,,,,,,,,,ED35,1,2024-02-06_15h46.54.486,rating,2023.2.3,60.0375371650119,2024-02-06 15h47.05.207181 +0800,
neg_20.jpg,0.0,96.0,96.0,105.0,360.21451915157195,,,,,,,,,,,,,,,,,,,,,,,360.18572871593824,,360.18575893673005,360.1857657791734,360.21451915157195,361.1978683508205,361.2145411044112,362.1978874526412,362.1978874526412,362.481228469469,362.4314234648482,362.4314308774956,362.481228469469,362.481228469469,362.481228469469,362.481228469469,362.481228469469,362.481228469469,0.0455305445229896,363.9818535551767,[-210.0],[-136.0],[1],[0],[0],[1.500112757763418],363.9823949635065,363.98549801155787,,,,,,,,,,,,,,ED35,1,2024-02-06_15h46.54.486,rating,2023.2.3,60.0375371650119,2024-02-06 15h47.05.207181 +0800,
neg_21.jpg,0.0,135.0,135.0,106.0,482.23341085251377,,,,,,,,,,,,,,,,,,,,,,,482.20463438686966,,482.2046660331707,482.2046728756141,482.23341085251377,483.2167167162879,483.233422256586,484.2167338223972,484.2167338223972,484.5000754094272,484.45050932012055,484.4505178731743,484.5000754094272,484.5000754094272,484.5000754094272,484.5000754094272,484.5000754094272,484.5000754094272,0.0454872090504068,484.8007107017802,[-318.0],[152.0],[1],[0],[0],[0.300005502464046],484.8013461937062,484.804405050978,,,,,,,,,,,,,,ED35,1,2024-02-06_15h46.54.486,rating,2023.2.3,60.0375371650119,2024-02-06 15h47.05.207181 +0800,
neg_22.jpg,0.0,303.0,303.0,107.0,992.6258055907892,,,,,,,,,,,,,,,,,,,,,,,992.5982761604428,,992.5983066663356,992.598313508779,992.6258055907892,993.6091567857512,993.6258212713892,994.6091744620626,994.6091744620626,994.942514922941,994.8427446864862,994.8427529544388,994.942514922941,994.942514922941,994.942514922941,994.942514922941,994.942514922941,994.942514922941,0.0942994891847774,995.1441175372112,[-384.0],[384.0],[1],[0],[0],[0.20017796054708015],995.1451578736996,995.1483604222811,,,,,,,,,,,,,,ED35,1,2024-02-06_15h46.54.486,rating,2023.2.3,60.0375371650119,2024-02-06 15h47.05.207181 +0800,
neg_23.jpg,0.0,77.0,77.0,108.0,292.3799751334209,,,,,,,,,,,,,,,,,,,,,,,292.35095633124183,,292.35098940305033,292.3509965305966,292.3799751334209,293.3633368771498,293.3799882481035,294.3633343112324,294.3633343112324,294.6300097020139,294.59689370178785,294.59690225484155,294.6300097020139,294.6300097020139,294.6300097020139,294.6300097020139,294.6300097020139,294.6300097020139,0.0290653450483659,294.8638159907332,[-214.0],[139.0],[1],[0],[0],[0.2333432833875122],294.8643705137456,294.86731932172006,,,,,,,,,,,,,,ED35,1,2024-02-06_15h46.54.486,rating,2023.2.3,60.0375371650119,2024-02-06 15h47.05.207181 +0800,
neg_24.jpg,0.0,158.0,158.0,109.0,552.0846159350822,,,,,,,,,,,,,,,,,,,,,,,552.0561125969671,,552.0561433879611,552.0561502304045,552.0846159350822,553.06796655984,553.0846324709855,554.0679776788093,554.0679776788093,554.3679897386155,554.301512265507,554.3015199632555,554.3679897386155,554.3679897386155,554.3679897386155,554.3679897386155,554.3679897386155,554.3679897386155,0.0618962434691638,555.1688016515382,[-184.0],[47.0],[1],[0],[0],[0.8001328004211246],555.1694816193449,555.1725336341733,,,,,,,,,,,,,,ED35,1,2024-02-06_15h46.54.486,rating,2023.2.3,60.0375371650119,2024-02-06 15h47.05.207181 +0800,
neg_25.jpg,0.0,365.0,365.0,110.0,1219.5632283103805,,,,,,,,,,,,,,,,,,,,,,,1219.5358810600885,,1219.5359124212864,1219.535919548833,1219.5632283103805,1220.5465293274249,1220.563215765902,1221.5465498547546,1221.5465498547546,1221.8965576522896,1221.780108104902,1221.7801166579577,1221.8965576522896,1221.8965576522896,1221.8965576522896,1221.8965576522896,1221.8965576522896,1221.8965576522896,0.1107019662613311,1222.248253822716,[-394.0],[351.0],[1],[0],[0],[0.3500442905660748],1222.2493959405492,1222.2524784612706,,,,,,,,,,,,,,ED35,1,2024-02-06_15h46.54.486,rating,2023.2.3,60.0375371650119,2024-02-06 15h47.05.207181 +0800,
neg_26.jpg,0.0,110.0,110.0,111.0,403.3153280139031,,,,,,,,,,,,,,,,,,,,,,,403.2864503371184,,403.28648027280906,403.2864871152524,403.3153280139031,404.2986395797143,404.3153419838927,405.29865811133095,405.29865811133095,405.58201281304537,405.532225769839,405.5322337526904,405.58201281304537,405.58201281304537,405.58201281304537,405.58201281304537,405.58201281304537,405.58201281304537,0.0455810075436602,405.9325888184776,[-164.0],[125.0],[1],[0],[0],[0.35006510299717775],405.933180119624,405.9362509511702,,,,,,,,,,,,,,ED35,1,2024-02-06_15h46.54.486,rating,2023.2.3,60.0375371650119,2024-02-06 15h47.05.207181 +0800,
neg_27.jpg,0.0,175.0,175.0,112.0,602.6688519720065,,,,,,,,,,,,,,,,,,,,,,,602.6402440015299,,602.6402745074229,602.6402813498662,602.6688519720065,603.6522006010509,603.6688830481035,604.6522197028735,604.6522197028735,604.9522360392057,604.8857497279423,604.8857579958949,604.9522360392057,604.9522360392057,604.9522360392057,604.9522360392057,604.9522360392057,604.9522360392057,0.0620105692942161,605.2197060087201,[-334.0],[345.0],[1],[0],[0],[0.2666887905670592],605.220464379523,605.2235052753822,,,,,,,,,,,,,,ED35,1,2024-02-06_15h46.54.486,rating,2023.2.3,60.0375371650119,2024-02-06 15h47.05.207181 +0800,
neg_28.jpg,0.0,340.0,340.0,113.0,1120.711419667292,,,,,,,,,,,,,,,,,,,,,,,1120.6840915188204,,1120.6841223098145,1120.6841291522578,1120.711419667292,1121.6947705771508,1121.7114333521786,1122.694791674685,1122.694791674685,1123.0448342546406,1122.9283713074692,1122.92837957542,1123.0448342546406,1123.0448342546406,1123.0448342546406,1123.0448342546406,1123.0448342546406,1123.0448342546406,0.1107723864079162,1123.1631178619427,[-451.0],[216.0],[1],[0],[0],[0.11678311649848183],1123.1642363163246,1123.1673484876355,,,,,,,,,,,,,,ED35,1,2024-02-06_15h46.54.486,rating,2023.2.3,60.0375371650119,2024-02-06 15h47.05.207181 +0800,
neg_29.jpg,0.0,309.0,309.0,114.0,1013.5595388079146,,,,,,,,,,,,,,,,,,,,,,,1013.5319771610648,,1013.5320076669576,1013.532014509401,1013.5595388079146,1014.5428614926968,1014.5595291144546,1015.542882590229,1015.542882590229,1015.8762256170248,1015.77641432591,1015.7764220236586,1015.8762256170248,1015.8762256170248,1015.8762256170248,1015.8762256170248,1015.8762256170248,1015.8762256170248,0.0942746853252174,1016.0775930223044,[-449.0],[299.0],[1],[0],[0],[0.20002400557314104],1016.0785897382176,1016.0816691228192,,,,,,,,,,,,,,ED35,1,2024-02-06_15h46.54.486,rating,2023.2.3,60.0375371650119,2024-02-06 15h47.05.207181 +0800,
neg_3.jpg,0.0,86.0,86.0,115.0,320.0138365608291,,,,,,,,,,,,,,,,,,,,,,,319.984879055537,,319.98491611877216,319.9849223910114,320.0138365608291,320.9971526882673,321.0138274375713,321.99716808376616,321.99716808376616,322.2805091005921,322.2308161409819,322.2308244089345,322.2805091005921,322.2805091005921,322.2805091005921,322.2805091005921,322.2805091005921,322.2805091005921,0.0456408789232227,322.5477621076316,[-121.0],[160.0],[1],[0],[0],[0.26676177662920963],322.548316630644,322.5513598073176,,,,,,,,,,,,,,ED35,1,2024-02-06_15h46.54.486,rating,2023.2.3,60.0375371650119,2024-02-06 15h47.05.207181 +0800,
neg_30.jpg,0.0,321.0,321.0,116.0,1046.1767759490394,,,,,,,,,,,,,,,,,,,,,,,1046.1490871467831,,1046.1491187930842,1046.1491256355275,1046.1767759490394,1047.160140828888,1047.176773953328,1048.1601297099169,1048.1601297099169,1048.51016886865,1048.3936597349857,1048.393667432736,1048.51016886865,1048.51016886865,1048.51016886865,1048.51016886865,1048.51016886865,1048.51016886865,0.1111048151142313,1048.9117125238663,[-492.0],[200.0],[1],[0],[0],[0.4000411686993175],1048.912795340524,1048.9157661013378,,,,,,,,,,,,,,ED35,1,2024-02-06_15h46.54.486,rating,2023.2.3,60.0375371650119,2024-02-06 15h47.05.207181 +0800,
neg_31.jpg,0.0,166.0,166.0,117.0,577.4184553241193,,,,,,,,,,,,,,,,,,,,,,,577.389709079267,,577.3897390149559,577.3897458573992,577.4184553241193,578.4017492136172,578.4184501922864,579.4017686005409,579.4017686005409,579.701774673209,579.6353191529397,579.6353268506882,579.701774673209,579.701774673209,579.701774673209,579.701774673209,579.701774673209,579.701774673209,0.0620886871893162,579.7692155053192,[-377.0],[320.0],[1],[0],[0],[0.06669129946203611],579.7698780819155,579.7730113507587,,,,,,,,,,,,,,ED35,1,2024-02-06_15h46.54.486,rating,2023.2.3,60.0375371650119,2024-02-06 15h47.05.207181 +0800,
neg_32.jpg,0.0,178.0,178.0,118.0,610.5523037793955,,,,,,,,,,,,,,,,,,,,,,,610.5238474830785,,610.5238779889714,610.5238848314148,610.5523037793955,611.5356757867885,611.5523357107977,612.5357419304073,612.5357419304073,612.8357009612773,612.7692385985647,612.7692462963132,612.8357009612773,612.8357009612773,612.8357009612773,612.8357009612773,612.8357009612773,612.8357009612773,0.0618745757328724,613.1033194688334,[-370.0],[300.0],[1],[0],[0],[0.2668552900213399],613.104080975756,613.1072270741806,,,,,,,,,,,,,,ED35,1,2024-02-06_15h46.54.486,rating,2023.2.3,60.0375371650119,2024-02-06 15h47.05.207181 +0800,
neg_33.jpg,0.0,75.0,75.0,119.0,287.21321595121844,,,,,,,,,,,,,,,,,,,,,,,287.18415637948056,,287.1841868853735,287.1841937278168,287.21321595121844,288.196565150467,288.21324788262064,289.1965782651496,289.1965782651496,289.4633089656818,289.43011826878137,289.4301262516328,289.4633089656818,289.4633089656818,289.4633089656818,289.4633089656818,289.4633089656818,289.4633089656818,0.0291708327167725,289.76372872107095,[-214.0],[139.0],[1],[0],[0],[0.30000806837961136],289.7642781122504,289.7673438119655,,,,,,,,,,,,,,ED35,1,2024-02-06_15h46.54.486,rating,2023.2.3,60.0375371650119,2024-02-06 15h47.05.207181 +0800,
neg_34.jpg,0.0,8.0,8.0,120.0,37.82546780216944,,,,,,,,,,,,,,,,,,,,,,,37.79604757664856,,37.79607551662593,37.7960817888652,37.82546780216944,38.808769104316525,38.82543387505575,39.80878621042393,39.80878621042393,40.05878770720847,40.04238922155491,40.04239691930343,40.05878770720847,40.05878770720847,40.05878770720847,40.05878770720847,40.05878770720847,40.05878770720847,0.0127977211250254,40.84256079582156,[-135.0],[150.0],[1],[0],[0],[0.7834634680530144],40.842957372433375,40.84603647193399,,,,,,,,,,,,,,ED35,1,2024-02-06_15h46.54.486,rating,2023.2.3,60.0375371650119,2024-02-06 15h47.05.207181 +0800,
neg_35.jpg,0.0,6.0,6.0,121.0,29.308598755986168,,,,,,,,,,,,,,,,,,,,,,,29.279168266801207,,29.279199057795267,29.279206185341536,29.308598755986168,30.29194938074397,30.308657772060545,31.291966201752075,31.291966201752075,31.54197026445217,31.52555096636752,31.525558664116037,31.54197026445217,31.54197026445217,31.54197026445217,31.54197026445217,31.54197026445217,31.54197026445217,0.0128173931479977,33.19243830183041,[-190.0],[-171.0],[1],[0],[0],[1.6501763782325725],33.19280237683597,33.19586921695918,,,,,,,,,,,,,,ED35,1,2024-02-06_15h46.54.486,rating,2023.2.3,60.0375371650119,2024-02-06 15h47.05.207181 +0800,
neg_36.jpg,0.0,165.0,165.0,122.0,574.8350244146932,,,,,,,,,,,,,,,,,,,,,,,574.80640275933,,574.8064352609344,574.8064421033778,574.8350244146932,575.818396136985,575.8350318273406,576.8183949965769,576.8183949965769,577.1184227369831,577.0520114074934,577.0520208158523,577.1184227369831,577.1184227369831,577.1184227369831,577.1184227369831,577.1184227369831,577.1184227369831,0.0620382241686456,577.385770682924,[-381.0],[244.0],[1],[0],[0],[0.2666591399774916],577.3864600590896,577.389486129654,,,,,,,,,,,,,,ED35,1,2024-02-06_15h46.54.486,rating,2023.2.3,60.0375371650119,2024-02-06 15h47.05.207181 +0800,
neg_37.jpg,0.0,139.0,139.0,123.0,494.9335938023432,,,,,,,,,,,,,,,,,,,,,,,494.9049413559842,,494.90497214698007,494.9049792745245,494.9335938023432,495.91694471220217,495.9336074872299,496.9169626736166,496.9169626736166,497.20029912881546,497.1504986858236,497.1505066686732,497.20029912881546,497.20029912881546,497.20029912881546,497.20029912881546,497.20029912881546,497.20029912881546,0.0453757342438621,497.6509287618974,[-332.0],[265.0],[1],[0],[0],[0.45002863847730623],497.6515756578938,497.6546598892273,,,,,,,,,,,,,,ED35,1,2024-02-06_15h46.54.486,rating,2023.2.3,60.0375371650119,2024-02-06 15h47.05.207181 +0800,
neg_38.jpg,0.0,152.0,152.0,124.0,533.9842917458191,,,,,,,,,,,,,,,,,,,,,,,533.95564899292,,533.95568035412,533.9556871965633,533.9842917458191,534.9676409450676,534.9843071413161,535.967658051175,535.967658051175,536.2676658344553,536.2011829444127,536.2011912123635,536.2676658344553,536.2676658344553,536.2676658344553,536.2676658344553,536.2676658344553,536.2676658344553,0.0620342327438265,536.468476150807,[-256.0],[211.0],[1],[0],[0],[0.20013519527492463],536.469172654517,536.4723503992427,,,,,,,,,,,,,,ED35,1,2024-02-06_15h46.54.486,rating,2023.2.3,60.0375371650119,2024-02-06 15h47.05.207181 +0800,
neg_39.jpg,0.0,116.0,116.0,125.0,422.8156383472197,,,,,,,,,,,,,,,,,,,,,,,422.7868975193014,,422.7869283102955,422.7869351527388,422.8156383472197,423.7990029419652,423.8156563086322,424.7990217586848,424.7990217586848,425.0823881495726,425.0325606219103,425.0325688898629,425.0823881495726,425.0823881495726,425.0823881495726,425.0823881495726,425.0823881495726,425.0823881495726,0.0455091618896403,425.28295698469447,[-174.0],[106.0],[1],[0],[0],[0.2000123163979879],425.2835819278535,425.2866296661541,,,,,,,,,,,,,,ED35,1,2024-02-06_15h46.54.486,rating,2023.2.3,60.0375371650119,2024-02-06 15h47.05.207181 +0800,
neg_4.jpg,0.0,154.0,154.0,126.0,539.0843787303784,,,,,,,,,,,,,,,,,,,,,,,539.0557488070626,,539.0557795980585,539.055786725603,539.0843787303784,540.0677316359506,540.0844015385228,541.0677481718558,541.0677481718558,541.367755384932,541.3013312258608,541.3013392087123,541.367755384932,541.367755384932,541.367755384932,541.367755384932,541.367755384932,541.367755384932,0.0620248243849346,542.6352213630198,[-313.0],[157.0],[1],[0],[0],[1.2668048270006693],542.6358674037128,542.638959617896,,,,,,,,,,,,,,ED35,1,2024-02-06_15h46.54.486,rating,2023.2.3,60.0375371650119,2024-02-06 15h47.05.207181 +0800,
neg_40.jpg,0.0,90.0,90.0,127.0,337.16410688010546,,,,,,,,,,,,,,,,,,,,,,,337.1481722550907,337.16410688010546,338.1476687653012,338.1476761779486,338.1808497687398,339.1474797428036,339.18084264119534,340.1474877256551,340.1474877256551,340.4308333041099,340.3810525331446,340.3810602308931,340.4308333041099,340.4308333041099,340.4308333041099,340.4308333041099,340.4308333041099,340.4308333041099,0.0328571990630734,342.08145928789054,[-124.0],[155.0],[1],[0],[0],[1.6501638337522309],342.0820483082207,342.0851142930369,,,,,,338.1808497687398,,,,,,,,ED35,1,2024-02-06_15h46.54.486,rating,2023.2.3,60.0375371650119,2024-02-06 15h47.05.207181 +0800,
neg_41.jpg,0.0,318.0,318.0,128.0,1037.9766407537645,,,,,,,,,,,,,,,,,,,,,,,1037.949255014728,,1037.9492880865364,1037.949296069388,1037.9766407537645,1038.9599657193594,1038.9766387580512,1039.9599819701616,1039.9599819701616,1040.309990337901,1040.19353565868,1040.1935439266326,1040.309990337901,1040.309990337901,1040.309990337901,1040.309990337901,1040.309990337901,1040.309990337901,0.1107604121334588,1040.7114273650404,[-472.0],[190.0],[1],[0],[0],[0.400032615645614],1040.7125155986323,1040.7155838642648,,,,,,,,,,,,,,ED35,1,2024-02-06_15h46.54.486,rating,2023.2.3,60.0375371650119,2024-02-06 15h47.05.207181 +0800,
neg_42.jpg,0.0,107.0,107.0,129.0,394.165125548856,,,,,,,,,,,,,,,,,,,,,,,394.1363262750674,,394.1363579213685,394.1363647638118,394.165125548856,395.1484781693271,395.1651429400663,396.1485155176633,396.1485155176633,396.4318625216292,396.3820563766021,396.3820640743506,396.4318625216292,396.4318625216292,396.4318625216292,396.4318625216292,396.4318625216292,396.4318625216292,0.0455516420570347,396.7323783563261,[-141.0],[-185.0],[1],[0],[0],[0.3000140555195685],396.7329901848007,396.7360496122765,,,,,,,,,,,,,,ED35,1,2024-02-06_15h46.54.486,rating,2023.2.3,60.0375371650119,2024-02-06 15h47.05.207181 +0800,
neg_43.jpg,0.0,197.0,197.0,130.0,663.7532748931662,,,,,,,,,,,,,,,,,,,,,,,663.7249041273899,,663.7249349183858,663.7249417608291,663.7532748931662,664.736650891984,664.7532900035603,665.7366648619718,665.7366648619718,666.0366381479325,665.9701857637829,665.9701943168384,666.0366381479325,666.0366381479325,666.0366381479325,666.0366381479325,666.0366381479325,666.0366381479325,0.0617810623407422,666.3042079030783,[-342.0],[197.0],[1],[0],[0],[0.2667030456577777],666.3050150262916,666.3080707474437,,,,,,,,,,,,,,ED35,1,2024-02-06_15h46.54.486,rating,2023.2.3,60.0375371650119,2024-02-06 15h47.05.207181 +0800,
neg_44.jpg,0.0,313.0,313.0,131.0,1023.7596970964388,,,,,,,,,,,,,,,,,,,,,,,1023.7320943949272,,1023.732125185923,1023.7321323134674,1023.7596970964388,1024.7430899162628,1024.759709355816,1025.743060835879,1025.743060835879,1026.07633230212,1025.9766045458346,1025.976612243583,1026.07633230212,1026.07633230212,1026.07633230212,1026.07633230212,1026.07633230212,1026.07633230212,0.0942649918633833,1026.3778266062145,[-444.0],[247.0],[1],[0],[0],[0.30009673504355305],1026.378907142058,1026.3819816799278,,,,,,,,,,,,,,ED35,1,2024-02-06_15h46.54.486,rating,2023.2.3,60.0375371650119,2024-02-06 15h47.05.207181 +0800,
neg_45.jpg,0.0,2.0,2.0,132.0,16.758377645281143,,,,,,,,,,,,,,,,,,,,,,,16.729044660913132,,16.72907516680607,16.72908229435052,16.758377645281143,17.741724563715252,17.758393325881116,18.74174395063892,18.74174395063892,18.99174544742345,18.97527511611588,18.97528309896552,18.99174544742345,18.99174544742345,18.99174544742345,18.99174544742345,18.99174544742345,18.99174544742345,0.0127164671084756,19.675502826927183,[-161.0],[100.0],[1],[0],[0],[0.6834802605480945],19.67588030171828,19.678926044307445,,,,,,,,,,,,,,ED35,1,2024-02-06_15h46.54.486,rating,2023.2.3,60.0375371650119,2024-02-06 15h47.05.207181 +0800,
neg_46.jpg,0.0,235.0,235.0,133.0,781.5053825795385,,,,,,,,,,,,,,,,,,,,,,,781.4772205082845,,781.4772515843815,781.4772584268248,781.5053825795385,782.4887391914344,782.5053942687118,783.4887557273396,783.4887557273396,783.8054183027944,783.7222857524084,783.722294020361,783.8054183027944,783.8054183027944,783.8054183027944,783.8054183027944,783.8054183027944,783.8054183027944,0.0782188920438784,784.1397899769036,[-425.0],[203.0],[1],[0],[0],[0.33335813718986174],784.1407111408371,784.1438794772039,,,,,,,,,,,,,,ED35,1,2024-02-06_15h46.54.486,rating,2023.2.3,60.0375371650119,2024-02-06 15h47.05.207181 +0800,
neg_47.jpg,0.0,253.0,253.0,134.0,837.2230739163497,,,,,,,,,,,,,,,,,,,,,,,837.1950415664178,,837.1950720723107,837.195079199857,837.2230739163497,838.2064253964127,838.223054529426,839.2064162731549,839.2064162731549,839.5230782784074,839.440051500791,839.4400609091499,839.5230782784074,839.5230782784074,839.5230782784074,839.5230782784074,839.5230782784074,839.5230782784074,0.0780595201340474,839.7742042167138,[-467.0],[238.0],[1],[0],[0],[0.2500291516589641],839.7751342188021,839.7782287137998,,,,,,,,,,,,,,ED35,1,2024-02-06_15h46.54.486,rating,2023.2.3,60.0375371650119,2024-02-06 15h47.05.207181 +0800,
neg_48.jpg,0.0,265.0,265.0,135.0,870.8569709814838,,,,,,,,,,,,,,,,,,,,,,,870.8291393432228,,870.8291704193198,870.8291772617631,870.8569709814838,871.840318755223,871.8569852365727,872.8403378570438,872.8403378570438,873.1736763222088,873.0738707331311,873.0738784308796,873.1736763222088,873.1736763222088,873.1736763222088,873.1736763222088,873.1736763222088,873.1736763222088,0.0945575063178694,874.2582155649052,[-372.0],[176.0],[1],[0],[0],[1.0834421709478192],874.2591230439521,874.2622052795723,,,,,,,,,,,,,,ED35,1,2024-02-06_15h46.54.486,rating,2023.2.3,60.0375371650119,2024-02-06 15h47.05.207181 +0800,
neg_49.jpg,0.0,275.0,275.0,136.0,901.5908637985996,,,,,,,,,,,,,,,,,,,,,,,901.5629831228288,,901.563014198926,901.5630213264704,901.5908637985996,902.5742010235736,902.5908763430798,903.5742195551902,903.5742195551902,903.9075851050276,903.807744448426,903.8077524312775,903.9075851050276,903.9075851050276,903.9075851050276,903.9075851050276,903.9075851050276,903.9075851050276,0.0946233648355701,904.1088370440756,[-475.0],[272.0],[1],[0],[0],[0.20007646430349268],904.1097656206566,904.1129641778134,,,,,,,,,,,,,,ED35,1,2024-02-06_15h46.54.486,rating,2023.2.3,60.0375371650119,2024-02-06 15h47.05.207181 +0800,
neg_5.jpg,0.0,99.0,99.0,137.0,370.4147413028986,,,,,,,,,,,,,,,,,,,,,,,370.38580061861467,,370.3858311245076,370.3858379669509,370.4147413028986,371.3980525836069,371.4147316094368,372.3980674089016,372.3980674089016,372.6814098512368,372.6316017104964,372.6316094082449,372.6814098512368,372.6814098512368,372.6814098512368,372.6814098512368,372.6814098512368,372.6814098512368,0.0456274791376927,373.0819428205523,[-204.0],[230.0],[1],[0],[0],[0.40004088359819434],373.082550087398,373.0856012469212,,,,,,,,,,,,,,ED35,1,2024-02-06_15h46.54.486,rating,2023.2.3,60.0375371650119,2024-02-06 15h47.05.207181 +0800,
neg_50.jpg,0.0,206.0,206.0,138.0,690.2204170526238,,,,,,,,,,,,,,,,,,,,,,,690.1921554808396,,690.1921857016314,690.1921925440747,690.2204170526238,691.2037907706272,691.2204313077145,692.2037833579798,692.2037833579798,692.5204738734137,692.43738294789,692.4373912158426,692.5204738734137,692.5204738734137,692.5204738734137,692.5204738734137,692.5204738734137,692.5204738734137,0.0783417709208151,693.1880488744318,[-343.0],[193.0],[1],[0],[0],[0.6667188402971078],693.1888366107214,693.191946216115,,,,,,,,,,,,,,ED35,1,2024-02-06_15h46.54.486,rating,2023.2.3,60.0375371650119,2024-02-06 15h47.05.207181 +0800,
neg_51.jpg,0.0,349.0,349.0,139.0,1151.6953059983423,,,,,,,,,,,,,,,,,,,,,,,1151.6679752839536,,1151.6680063600506,1151.668013202494,1151.6953059983423,1152.678680856754,1152.6953436317815,1153.6786991032695,1153.6786991032695,1154.0286952116294,1153.9122071754991,1153.9122151583506,1154.0286952116294,1154.0286952116294,1154.0286952116294,1154.0286952116294,1154.0286952116294,1154.0286952116294,0.1107447315316676,1156.0136221642715,[-358.0],[189.0],[1],[0],[0],[1.9833663053577766],1156.0147055511316,1156.017872461989,,,,,,,,,,,,,,ED35,1,2024-02-06_15h46.54.486,rating,2023.2.3,60.0375371650119,2024-02-06 15h47.05.207181 +0800,
neg_52.jpg,0.0,64.0,64.0,140.0,229.4955152060484,,,,,,,,,,,,,,,,,,,,,,,229.46656938993144,,229.46660018092552,229.46660702336885,229.4955152060484,230.4788649754992,230.4955271803228,231.47888094120023,231.47888094120023,231.74555576177957,231.71242636176797,231.7124346297205,231.74555576177957,231.74555576177957,231.74555576177957,231.74555576177957,231.74555576177957,231.74555576177957,0.0290023375491728,232.24598726336265,[-152.0],[183.0],[1],[0],[0],[0.5000286527319986],232.24646024725732,232.2494811859888,,,,,,,,,,,,,,ED35,1,2024-02-06_15h46.54.486,rating,2023.2.3,60.0375371650119,2024-02-06 15h47.05.207181 +0800,
neg_53.jpg,0.0,51.0,51.0,141.0,180.844642894308,,,,,,,,,,,,,,,,,,,,,,,180.8153629388744,,180.81539372987027,180.81540085741472,180.844642894308,181.82799893599983,181.84467995754312,182.827984395808,182.827984395808,183.09469941574025,183.0615432161594,183.06155091390792,183.09469941574025,183.09469941574025,183.09469941574025,183.09469941574025,183.09469941574025,183.09469941574025,0.0293507319547643,183.32855673768245,[-206.0],[86.0],[1],[0],[0],[0.2334846938811097],183.3290533850286,183.33210939128185,,,,,,,,,,,,,,ED35,1,2024-02-06_15h46.54.486,rating,2023.2.3,60.0375371650119,2024-02-06 15h47.05.207181 +0800,
neg_54.jpg,0.0,114.0,114.0,142.0,416.41555612385855,,,,,,,,,,,,,,,,,,,,,,,416.3867032509297,,416.3867331866204,416.3867400290637,416.41555612385855,417.3988759576223,417.4155481410089,418.3988654088553,418.3988654088553,418.6822315146401,418.63242251859447,418.6324302163448,418.6822315146401,418.6822315146401,418.6822315146401,418.6822315146401,418.6822315146401,418.6822315146401,0.0455453698177734,420.0828485889888,[-180.0],[-57.0],[1],[0],[0],[1.4000488664478326],420.0834148011745,420.0865928310013,,,,,,,,,,,,,,ED35,1,2024-02-06_15h46.54.486,rating,2023.2.3,60.0375371650119,2024-02-06 15h47.05.207181 +0800,
neg_55.jpg,0.0,242.0,242.0,143.0,807.6391782909795,,,,,,,,,,,,,,,,,,,,,,,807.6110264833915,,807.6110572743873,807.6110641168307,807.6391782909795,808.6225497281703,808.6392105074847,809.622547732457,809.622547732457,809.9392117334228,809.8560897318021,809.8560979997546,809.9392117334228,809.9392117334228,809.9392117334228,809.9392117334228,809.9392117334228,809.9392117334228,0.0782608020090265,810.0236665859829,[-387.0],[198.0],[1],[0],[0],[0.083377167737126],810.0245743501328,810.0276543049367,,,,,,,,,,,,,,ED35,1,2024-02-06_15h46.54.486,rating,2023.2.3,60.0375371650119,2024-02-06 15h47.05.207181 +0800,
neg_56.jpg,0.0,212.0,212.0,144.0,710.337472726449,,,,,,,,,,,,,,,,,,,,,,,710.3091689595985,,710.3092000356955,710.30920716324,710.337472726449,711.3207928453139,711.3374909729646,712.3208019685717,712.3208019685717,712.6375406662082,712.5543733334016,712.5543810311501,712.6375406662082,712.6375406662082,712.6375406662082,712.6375406662082,712.6375406662082,712.6375406662082,0.078390808432232,714.5885732906936,[-298.0],[110.0],[1],[0],[0],[1.9501493790903623],714.5893795585998,714.5925453290492,,,,,,,,,,,,,,ED35,1,2024-02-06_15h46.54.486,rating,2023.2.3,60.0375371650119,2024-02-06 15h47.05.207181 +0800,
neg_57.jpg,0.0,50.0,50.0,145.0,178.1279288864862,,,,,,,,,,,,,,,,,,,,,,,178.09886617862867,,178.09889582921642,178.0989029567627,178.1279288864862,179.11127609002324,179.12794513729023,180.11130745122136,180.11130745122136,180.37796659120067,180.3448272126261,180.34483519547572,180.37796659120067,180.37796659120067,180.37796659120067,180.37796659120067,180.37796659120067,180.37796659120067,0.0291160931701597,180.81171876759615,[-206.0],[86.0],[1],[0],[0],[0.43334562122072384],180.81220914270125,180.81513428722792,,,,,,,,,,,,,,ED35,1,2024-02-06_15h46.54.486,rating,2023.2.3,60.0375371650119,2024-02-06 15h47.05.207181 +0800,
neg_58.jpg,0.0,145.0,145.0,146.0,511.683923308754,,,,,,,,,,,,,,,,,,,,,,,511.655292815236,,511.6553247466381,511.6553327294878,511.683923308754,512.6672397212951,512.6839273001806,513.6672830567713,513.6672830567713,513.9672723084332,513.9008273369291,513.9008367452898,513.9672723084332,513.9672723084332,513.9672723084332,513.9672723084332,513.9672723084332,513.9672723084332,0.0619946035931207,514.3179432527668,[-344.0],[334.0],[1],[0],[0],[0.3500320311886753],514.3185733277569,514.3215865687398,,,,,,,,,,,,,,ED35,1,2024-02-06_15h46.54.486,rating,2023.2.3,60.0375371650119,2024-02-06 15h47.05.207181 +0800,
neg_59.jpg,0.0,68.0,68.0,147.0,244.5958057532971,,,,,,,,,,,,,,,,,,,,,,,244.566838839648,,244.5668702008461,244.56687704328945,244.5958057532971,245.57913043379085,245.59579919595672,246.57914525908564,246.57914525908564,246.8458257817001,246.81272489186813,246.8127328747196,246.8458257817001,246.8458257817001,246.8458257817001,246.8458257817001,246.8458257817001,246.8458257817001,0.0290034779573034,247.24627892250828,[-244.0],[220.0],[1],[0],[0],[0.4000360368681868],247.2468109224792,247.24989059218208,,,,,,,,,,,,,,ED35,1,2024-02-06_15h46.54.486,rating,2023.2.3,60.0375371650119,2024-02-06 15h47.05.207181 +0800,
neg_6.jpg,0.0,311.0,311.0,148.0,1018.6596215159498,,,,,,,,,,,,,,,,,,,,,,,1018.6319991424134,,1018.6320302185104,1018.6320373460568,1018.6596215159498,1019.642952753784,1019.6596562983686,1020.6429918127324,1020.6429918127324,1020.976316878112,1020.8765298206508,1020.8765383737044,1020.976316878112,1020.976316878112,1020.976316878112,1020.976316878112,1020.976316878112,1020.976316878112,0.0943627817832748,1021.0776745614204,[-466.0],[259.0],[1],[0],[0],[0.10003224501451768],1021.0786521755126,1021.0817130284976,,,,,,,,,,,,,,ED35,1,2024-02-06_15h46.54.486,rating,2023.2.3,60.0375371650119,2024-02-06 15h47.05.207181 +0800,
neg_60.jpg,0.0,33.0,33.0,149.0,125.9436467771102,,,,,,,,,,,,,,,,,,,,,,,125.91457095457008,,125.91460203066708,125.9146088731104,125.9436467771102,126.9270108016517,126.9437100697105,127.92704700958166,127.92704700958166,128.19374178728685,128.1606280678734,128.16063576562192,128.19374178728685,128.19374178728685,128.19374178728685,128.19374178728685,128.19374178728685,128.19374178728685,0.0291856580097373,128.42740238898296,[-191.0],[173.0],[1],[0],[0],[0.23332646237940935],128.42786111778696,128.43089602650798,,,,,,,,,,,,,,ED35,1,2024-02-06_15h46.54.486,rating,2023.2.3,60.0375371650119,2024-02-06 15h47.05.207181 +0800,
neg_61.jpg,0.0,163.0,163.0,150.0,565.8681948693647,,,,,,,,,,,,,,,,,,,,,,,565.839481696321,,565.8395122022157,565.839519044659,565.8681948693647,566.8515492004462,566.8682179626121,567.8515608896196,567.8515608896196,568.1515652516773,568.0851428032183,568.0851519264761,568.1515652516773,568.1515652516773,568.1515652516773,568.1515652516773,568.1515652516773,568.1515652516773,0.0621052230926579,568.6856672764989,[-334.0],[300.0],[1],[0],[0],[0.5333975382582139],568.6863954265118,568.6894357521651,,,,,,,,,,,,,,ED35,1,2024-02-06_15h46.54.486,rating,2023.2.3,60.0375371650119,2024-02-06 15h47.05.207181 +0800,
neg_62.jpg,0.0,308.0,308.0,151.0,1010.7094624433976,,,,,,,,,,,,,,,,,,,,,,,1010.6818069980528,,1010.6818377890468,1010.681844916593,1010.7094624433976,1011.6928079363224,1011.7094766984864,1012.692837016706,1012.692837016706,1013.0261797583988,1012.9263613397396,1012.9263693225894,1013.0261797583988,1013.0261797583988,1013.0261797583988,1013.0261797583988,1013.0261797583988,1013.0261797583988,0.0944089682761841,1013.5275569426703,[-428.0],[267.0],[1],[0],[0],[0.4999918745998002],1013.5286292105612,1013.5317448030928,,,,,,,,,,,,,,ED35,1,2024-02-06_15h46.54.486,rating,2023.2.3,60.0375371650119,2024-02-06 15h47.05.207181 +0800,
neg_63.jpg,0.0,376.0,376.0,152.0,1250.530402543793,,,,,,,,,,,,,,,,,,,,,,,1250.5034798100878,,1250.5035103159807,1250.503517158424,1250.530402543793,1251.5137691342516,1251.5304130925597,1252.5137631471134,1252.5137631471134,1252.8804360004888,1252.7473002997283,1252.7473082825782,1252.8804360004888,1252.8804360004888,1252.8804360004888,1252.8804360004888,1252.8804360004888,1252.8804360004888,0.1269832750713249,1253.3488423013532,[-443.0],[350.0],[1],[0],[0],[0.46668057963324827],1253.349977291642,1253.3530903182564,,,,,,,,,,,,,,ED35,1,2024-02-06_15h46.54.486,rating,2023.2.3,60.0375371650119,2024-02-06 15h47.05.207181 +0800,
neg_64.jpg,0.0,181.0,181.0,153.0,621.5525215971738,,,,,,,,,,,,,,,,,,,,,,,621.5241137681642,,621.5241448442612,621.5241516867045,621.5525215971738,622.5358973108905,622.5525378479779,623.5358933194657,623.5358933194657,623.8358993921338,623.7694815053037,623.7694897732563,623.8358993921338,623.8358993921338,623.8358993921338,623.8358993921338,623.8358993921338,623.8358993921338,0.0618169851677521,624.1033314431079,[-398.0],[284.0],[1],[0],[0],[0.2666762460885366],624.1040556016942,624.1070468898397,,,,,,,,,,,,,,ED35,1,2024-02-06_15h46.54.486,rating,2023.2.3,60.0375371650119,2024-02-06 15h47.05.207181 +0800,
neg_65.jpg,0.0,66.0,66.0,154.0,235.0956140223334,,,,,,,,,,,,,,,,,,,,,,,235.06659065852543,,235.0666214495213,235.06662829196463,235.0956140223334,236.078989165846,236.09563055823853,237.0789600854623,237.0789600854623,237.34565258235307,237.3125331609044,237.312541428857,237.34565258235307,237.34565258235307,237.34565258235307,237.34565258235307,237.34565258235307,237.34565258235307,0.0290773193246423,240.54622483869755,[-219.0],[-103.0],[1],[0],[0],[3.200177675445957],240.54674229847296,240.5498037216621,,,,,,,,,,,,,,ED35,1,2024-02-06_15h46.54.486,rating,2023.2.3,60.0375371650119,2024-02-06 15h47.05.207181 +0800,
neg_66.jpg,0.0,216.0,216.0,155.0,725.5043881444399,,,,,,,,,,,,,,,,,,,,,,,725.4761211557234,,725.4761522318204,725.4761593593648,725.5043881444399,726.4877496030676,726.5043949868832,727.4877518838821,727.4877518838821,727.8044201613739,727.7213104191305,727.7213186870831,727.8044201613739,727.8044201613739,727.8044201613739,727.8044201613739,727.8044201613739,727.8044201613739,0.0783195329804584,728.2220290182322,[-434.0],[209.0],[1],[0],[0],[0.4166748633451789],728.2228110524848,728.2259443213279,,,,,,,,,,,,,,ED35,1,2024-02-06_15h46.54.486,rating,2023.2.3,60.0375371650119,2024-02-06 15h47.05.207181 +0800,
neg_67.jpg,0.0,94.0,94.0,156.0,354.4644171563996,,,,,,,,,,,,,,,,,,,,,,,354.43545109805564,,354.4354844549671,354.4354915825116,354.4644171563996,355.4477652152418,355.4644510835151,356.4478131123451,356.4478131123451,356.7311207722614,356.6813123464199,356.6813203292695,356.7311207722614,356.7311207722614,356.7311207722614,356.7311207722614,356.7311207722614,356.7311207722614,0.0456822186861245,357.281654354545,[-153.0],[125.0],[1],[0],[0],[0.5500463432981633],357.2822416642648,357.28531933825616,,,,,,,,,,,,,,ED35,1,2024-02-06_15h46.54.486,rating,2023.2.3,60.0375371650119,2024-02-06 15h47.05.207181 +0800,
neg_68.jpg,0.0,370.0,370.0,157.0,1234.6634532842163,,,,,,,,,,,,,,,,,,,,,,,1234.6363438088283,,1234.6363754551294,1234.6363822975727,1234.6634532842163,1235.6467996324463,1235.663483505008,1236.646813317333,1236.646813317333,1236.9967552563503,1236.8803744184988,1236.8803824013503,1236.9967552563503,1236.9967552563503,1236.9967552563503,1236.9967552563503,1236.9967552563503,1236.9967552563503,0.1104368215819704,1237.3485036004076,[-391.0],[312.0],[1],[0],[0],[0.3500234781331528],1237.3496323184572,1237.3527045755127,,,,,,,,,,,,,,ED35,1,2024-02-06_15h46.54.486,rating,2023.2.3,60.0375371650119,2024-02-06 15h47.05.207181 +0800,
neg_69.jpg,0.0,125.0,125.0,158.0,455.73289125447445,,,,,,,,,,,,,,,,,,,,,,,455.70410709108,,455.7041378820759,455.70414500962033,455.73289125447445,456.7162395984178,456.7329080754808,457.7162849296037,457.7162849296037,457.9996008574726,457.9498306352725,457.949838618124,457.9996008574726,457.9996008574726,457.9996008574726,457.9996008574726,457.9996008574726,457.9996008574726,0.0455125831103941,458.3002073545431,[-259.0],[60.0],[1],[0],[0],[0.3000191873525182],458.3008283062754,458.3039487455371,,,,,,,,,,,,,,ED35,1,2024-02-06_15h46.54.486,rating,2023.2.3,60.0375371650119,2024-02-06 15h47.05.207181 +0800,
neg_7.jpg,0.0,157.0,157.0,159.0,548.3012151894254,,,,,,,,,,,,,,,,,,,,,,,548.272613206087,,548.272644282184,548.2726511246274,548.3012151894254,549.284570090711,549.3012280190069,550.2846108602698,550.2846108602698,550.5846160776327,550.5181192176005,550.518127200452,550.5846160776327,550.5846160776327,550.5846160776327,550.5846160776327,550.5846160776327,550.5846160776327,0.0620319519312033,552.0520387772667,[-156.0],[-158.0],[1],[0],[0],[1.4667230598042806],552.0527717740097,552.0558850857251,,,,,,,,,,,,,,ED35,1,2024-02-06_15h46.54.486,rating,2023.2.3,60.0375371650119,2024-02-06 15h47.05.207181 +0800,
neg_70.jpg,0.0,63.0,63.0,160.0,226.91213504474217,,,,,,,,,,,,,,,,,,,,,,,226.883048958538,,226.8830791793298,226.88308630687425,226.91213504474217,227.8954859546029,227.91214987003696,228.8954987841844,228.8954987841844,229.16217160904853,229.1290353665936,229.12904334944503,229.16217160904853,229.16217160904853,229.16217160904853,229.16217160904853,229.16217160904853,229.16217160904853,0.0291406119249586,229.46272678779496,[-152.0],[183.0],[1],[0],[0],[0.3000770630187617],229.46324909430223,229.4663407382832,,,,,,,,,,,,,,ED35,1,2024-02-06_15h46.54.486,rating,2023.2.3,60.0375371650119,2024-02-06 15h47.05.207181 +0800,
neg_71.jpg,0.0,81.0,81.0,161.0,307.01356970553934,,,,,,,,,,,,,,,,,,,,,,,306.9846783438661,,306.9847085646579,306.98471540710125,307.01356970553934,307.9969189047879,308.01358225001786,308.9969320194705,308.9969320194705,309.26361738881496,309.2305321795829,309.2305401624344,309.26361738881496,309.26361738881496,309.26361738881496,309.26361738881496,309.26361738881496,309.26361738881496,0.0289564361592056,309.49738918021467,[-173.0],[175.0],[1],[0],[0],[0.23334413869270065],309.4978969465319,309.5010584404536,,,,,,,,,,,,,,ED35,1,2024-02-06_15h46.54.486,rating,2023.2.3,60.0375371650119,2024-02-06 15h47.05.207181 +0800,
neg_72.jpg,0.0,88.0,88.0,162.0,325.1805598202027,,,,,,,,,,,,,,,,,,,,,,,325.1515963277743,,325.151626263465,325.1516331059084,325.1805598202027,326.16390816414605,326.180597738743,327.1639275510697,327.1639275510697,327.4472831080893,327.397485231013,327.3974929287633,327.4472831080893,327.4472831080893,327.4472831080893,327.4472831080893,327.4472831080893,327.4472831080893,0.0457044566264812,328.34786696807714,[-121.0],[160.0],[1],[0],[0],[0.9000937699838687],328.34844258862177,328.3515245391409,,,,,,,,,,,,,,ED35,1,2024-02-06_15h46.54.486,rating,2023.2.3,60.0375371650119,2024-02-06 15h47.05.207181 +0800,
neg_73.jpg,0.0,149.0,149.0,163.0,522.8840952821647,,,,,,,,,,,,,,,,,,,,,,,522.8553111187703,,522.8553419097661,522.8553490373106,522.8840952821647,523.867443055904,523.8841035501155,524.8674556003825,524.8674556003825,525.1674668048836,525.1010195525669,525.1010275354183,525.1674668048836,525.1674668048836,525.1674668048836,525.1674668048836,525.1674668048836,525.1674668048836,0.062175643239243,525.4180436371116,[-261.0],[146.0],[1],[0],[0],[0.2499427658112836],525.4187452726565,527.5012337780645,space,525.4341339277144,525.4341339277144,2.0512852531956014,,,,,,,,,,ED35,1,2024-02-06_15h46.54.486,rating,2023.2.3,60.0375371650119,2024-02-06 15h47.05.207181 +0800,
neg_74.jpg,0.0,320.0,320.0,164.0,1043.510069653223,,,,,,,,,,,,,,,,,,,,,,,1043.4824427180574,,1043.4824729388492,1043.4824797812926,1043.510069653223,1044.4933960443268,1044.510060244862,1045.4934094441123,1045.4934094441123,1045.8434235138848,1045.726995634237,1045.727003617087,1045.8434235138848,1045.8434235138848,1045.8434235138848,1045.8434235138848,1045.8434235138848,1045.8434235138848,0.1110041741758323,1046.1448359937604,[-432.0],[210.0],[1],[0],[0],[0.299994098391835],1046.145897712884,1046.1488579249326,,,,,,,,,,,,,,ED35,1,2024-02-06_15h46.54.486,rating,2023.2.3,60.0375371650119,2024-02-06 15h47.05.207181 +0800,
neg_75.jpg,0.0,179.0,179.0,165.0,613.1357036127247,,,,,,,,,,,,,,,,,,,,,,,613.1074622831693,,613.1074925039611,613.1074996315056,613.1357036127247,614.1190556629917,614.1357187231206,615.1190679223691,615.1190679223691,615.4190785566661,615.3526170492587,615.3526250321102,615.4190785566661,615.4190785566661,615.4190785566661,615.4190785566661,615.4190785566661,615.4190785566661,0.061634520012376,616.3533323696902,[-435.0],[273.0],[1],[0],[0],[0.933479761621129],616.3540263074847,617.8862044653215,space,616.3690996399455,616.3690996399455,1.5010701296268962,,,,,,,,,,ED35,1,2024-02-06_15h46.54.486,rating,2023.2.3,60.0375371650119,2024-02-06 15h47.05.207181 +0800,
neg_76.jpg,0.0,286.0,286.0,166.0,938.441511792238,,,,,,,,,,,,,,,,,,,,,,,938.413876304021,,938.413907380116,938.4139142225596,938.441511792238,939.4248561447566,939.4415394471145,940.4248755316784,940.4248755316784,940.7582154223546,940.6584226628564,940.6584312159102,940.7582154223546,940.7582154223546,940.7582154223546,940.7582154223546,940.7582154223546,940.7582154223546,0.0943622115792095,940.8596118795084,[-444.0],[214.0],[1],[0],[0],[0.10016624286254228],940.8606288376486,940.8636956777718,,,,,,,,,,,,,,ED35,1,2024-02-06_15h46.54.486,rating,2023.2.3,60.0375371650119,2024-02-06 15h47.05.207181 +0800,
neg_77.jpg,0.0,93.0,93.0,167.0,351.0143602928456,,,,,,,,,,,,,,,,,,,,,,,350.9853814049184,,350.9854119108131,350.98541875325645,351.0143602928456,351.997703504956,352.0143728373241,352.9977197557582,352.9977197557582,353.2810636236045,353.23126574653,353.2312734442785,353.2810636236045,353.2810636236045,353.2810636236045,353.2810636236045,353.2810636236045,353.2810636236045,0.0457007503027853,354.43159167491285,[-153.0],[125.0],[1],[0],[0],[1.1500048894959036],354.4321219642716,354.4351979276525,,,,,,,,,,,,,,ED35,1,2024-02-06_15h46.54.486,rating,2023.2.3,60.0375371650119,2024-02-06 15h47.05.207181 +0800,
neg_78.jpg,0.0,317.0,317.0,168.0,1035.3098973947108,,,,,,,,,,,,,,,,,,,,,,,1035.2825444423815,,1035.2825760886826,1035.282582931126,1035.3098973947108,1036.2932463088582,1036.3099122200056,1037.2932836571945,1037.2932836571945,1037.6432754890284,1037.5268399116303,1037.52684789448,1037.6432754890284,1037.6432754890284,1037.6432754890284,1037.6432754890284,1037.6432754890284,1037.6432754890284,0.1107541398923785,1037.9447224662215,[-449.0],[181.0],[1],[0],[0],[0.3000816246458271],1037.9457742067823,1037.9490132483952,,,,,,,,,,,,,,ED35,1,2024-02-06_15h46.54.486,rating,2023.2.3,60.0375371650119,2024-02-06 15h47.05.207181 +0800,
neg_79.jpg,0.0,337.0,337.0,169.0,1112.3279648663338,,,,,,,,,,,,,,,,,,,,,,,1112.3007613073514,,1112.3007920983473,1112.3007986556877,1112.3279648663338,1113.311302091308,1113.3279531771605,1114.3113043721223,1114.3113043721223,1114.6613175865914,1114.5448668987974,1114.5448751667482,1114.6613175865914,1114.6613175865914,1114.6613175865914,1114.6613175865914,1114.6613175865914,1114.6613175865914,0.1105913467599748,1115.0128988609904,[-480.0],[228.0],[1],[0],[0],[0.35006738381161995],1115.0139925115163,1115.0172073194751,,,,,,,,,,,,,,ED35,1,2024-02-06_15h46.54.486,rating,2023.2.3,60.0375371650119,2024-02-06 15h47.05.207181 +0800,
neg_8.jpg,0.0,177.0,177.0,170.0,607.9022802157306,,,,,,,,,,,,,,,,,,,,,,,607.8737329719388,,607.8737629076277,607.873770035174,607.9022802157306,608.8856277043687,608.902292475108,609.8856459508843,609.8856459508843,610.1856500278409,610.1192053414397,610.1192147497986,610.1856500278409,610.1856500278409,610.1856500278409,610.1856500278409,610.1856500278409,610.1856500278409,0.0619390087413194,610.5197337491263,[-331.0],[313.0],[1],[0],[0],[0.33332021865135175],610.5204570524074,610.5236171208198,,,,,,,,,,,,,,ED35,1,2024-02-06_15h46.54.486,rating,2023.2.3,60.0375371650119,2024-02-06 15h47.05.207181 +0800,
neg_80.jpg,0.0,215.0,215.0,171.0,722.6710330008191,,,,,,,,,,,,,,,,,,,,,,,722.6427651567956,,722.6427959477915,722.6428027902348,722.6710330008191,723.6543445666302,723.6710173202191,724.6543611025336,724.6543611025336,724.9710336565531,724.8879609775449,724.8879692454975,724.9710336565531,724.9710336565531,724.9710336565531,724.9710336565531,724.9710336565531,724.9710336565531,0.0782856058649486,725.4719894603568,[-434.0],[209.0],[1],[0],[0],[0.5000414823134633],725.4727700691001,725.4758916487699,,,,,,,,,,,,,,ED35,1,2024-02-06_15h46.54.486,rating,2023.2.3,60.0375371650119,2024-02-06 15h47.05.207181 +0800,
neg_81.jpg,0.0,101.0,101.0,172.0,376.0148355575548,,,,,,,,,,,,,,,,,,,,,,,375.98595160853074,,375.9859821144237,375.985988956867,376.0148355575548,376.9981856121103,377.01484297020215,377.9981750633433,377.9981750633433,378.28155570932,378.2317461430721,378.2317541259217,378.28155570932,378.28155570932,378.28155570932,378.28155570932,378.28155570932,378.28155570932,0.0456494319769262,378.5820504464846,[-207.0],[215.0],[1],[0],[0],[0.29995532454813656],378.5826286329448,378.5856834987917,,,,,,,,,,,,,,ED35,1,2024-02-06_15h46.54.486,rating,2023.2.3,60.0375371650119,2024-02-06 15h47.05.207181 +0800,
neg_82.jpg,0.0,123.0,123.0,173.0,450.0827793092503,,,,,,,,,,,,,,,,,,,,,,,450.0541570836831,,450.0541873044731,450.0541941469164,450.0827793092503,451.0661401976722,451.0828163724837,452.0661347807381,452.0661347807381,452.3495011716259,452.29969274578434,452.29970044353286,452.3495011716259,452.3495011716259,452.3495011716259,452.3495011716259,452.3495011716259,452.3495011716259,0.0453614791531435,452.6000668848829,[-257.0],[47.0],[1],[0],[0],[0.25001461146894144],452.600708363947,452.6037572426558,,,,,,,,,,,,,,ED35,1,2024-02-06_15h46.54.486,rating,2023.2.3,60.0375371650119,2024-02-06 15h47.05.207181 +0800,
neg_83.jpg,0.0,91.0,91.0,174.0,342.1141963878181,,,,,,,,,,,,,,,,,,,,,,,342.08532384286445,,342.0853520679429,342.0853583401822,342.1141963878181,343.0975470125759,343.1142086471955,344.09756269317404,344.09756269317404,344.3809022844925,344.3310921480406,344.33110013089026,344.3809022844925,344.3809022844925,344.3809022844925,344.3809022844925,344.3809022844925,344.3809022844925,0.0455972583476977,344.7814885678454,[-124.0],[155.0],[1],[0],[0],[0.400133256584013],344.7820704606311,344.7852376565879,,,,,,,,,,,,,,ED35,1,2024-02-06_15h46.54.486,rating,2023.2.3,60.0375371650119,2024-02-06 15h47.05.207181 +0800,
neg_84.jpg,0.0,138.0,138.0,175.0,492.1835779079174,,,,,,,,,,,,,,,,,,,,,,,492.15484249693327,,492.1548741432344,492.15488098567766,492.1835779079174,493.1669008778008,493.1835821844452,494.1669077202441,494.1669077202441,494.4502527284949,494.4004408814326,494.4004488642822,494.4502527284949,494.4502527284949,494.4502527284949,494.4502527284949,494.4502527284949,494.4502527284949,0.0454264823656558,494.9009160035912,[-311.0],[238.0],[1],[0],[0],[0.4500711186465196],494.9015640399957,494.9047152702533,,,,,,,,,,,,,,ED35,1,2024-02-06_15h46.54.486,rating,2023.2.3,60.0375371650119,2024-02-06 15h47.05.207181 +0800,
neg_85.jpg,0.0,257.0,257.0,176.0,848.473239631774,,,,,,,,,,,,,,,,,,,,,,,848.445253183234,,848.4452842593291,848.4452911017725,848.473239631774,849.4565871204122,849.4732513209474,850.4566039414185,850.4566039414185,850.7899478235195,850.6901807231843,850.690189276238,850.7899478235195,850.7899478235195,850.7899478235195,850.7899478235195,850.7899478235195,850.7899478235195,0.0947177335310698,851.0411687007254,[-502.0],[165.0],[1],[0],[0],[0.2500881677333382],851.0421069707681,851.0451863553699,,,,,,,,,,,,,,ED35,1,2024-02-06_15h46.54.486,rating,2023.2.3,60.0375371650119,2024-02-06 15h47.05.207181 +0800,
neg_86.jpg,0.0,227.0,227.0,177.0,756.1715962194357,,,,,,,,,,,,,,,,,,,,,,,756.143492879155,,756.143523955252,756.1435310827965,756.1715962194357,757.1549876137524,757.171608193712,758.1549773500865,758.1549773500865,758.4716333682009,758.3884914094542,758.3884993923057,758.4716333682009,758.4716333682009,758.4716333682009,758.4716333682009,758.4716333682009,758.4716333682009,0.0781632971920771,758.8892752968695,[-344.0],[211.0],[1],[0],[0],[0.4167119265785004],758.8901109302624,758.893200008326,,,,,,,,,,,,,,ED35,1,2024-02-06_15h46.54.486,rating,2023.2.3,60.0375371650119,2024-02-06 15h47.05.207181 +0800,
neg_87.jpg,0.0,161.0,161.0,178.0,560.5681021257478,,,,,,,,,,,,,,,,,,,,,,,560.5394280116525,,560.5394585175454,560.5394656450899,560.5681021257478,561.5514510398953,561.5681172361437,562.5514627290686,562.5514627290686,562.8514802058089,562.7850035880056,562.785011570857,562.8514802058089,562.8514802058089,562.8514802058089,562.8514802058089,562.8514802058089,562.8514802058089,0.0620727214864018,563.2521762533579,[-325.0],[306.0],[1],[0],[0],[0.40001607974227227],563.2528887227691,563.2559783710367,,,,,,,,,,,,,,ED35,1,2024-02-06_15h46.54.486,rating,2023.2.3,60.0375371650119,2024-02-06 15h47.05.207181 +0800,
neg_88.jpg,0.0,258.0,258.0,179.0,851.0732834234113,,,,,,,,,,,,,,,,,,,,,,,851.0454164325274,,851.0454480788267,851.04545492127,851.0732834234113,852.0566366140847,852.0733259035806,853.0566314822536,853.0566314822536,853.3900124275879,853.2902299317557,853.2902384848094,853.3900124275879,853.3900124275879,853.3900124275879,853.3900124275879,853.3900124275879,853.3900124275879,0.0946170925944898,853.6411101408139,[-386.0],[218.0],[1],[0],[0],[0.2500143263659993],853.6419948117182,853.645080183458,,,,,,,,,,,,,,ED35,1,2024-02-06_15h46.54.486,rating,2023.2.3,60.0375371650119,2024-02-06 15h47.05.207181 +0800,
neg_89.jpg,0.0,292.0,292.0,180.0,956.9418378061528,,,,,,,,,,,,,,,,,,,,,,,956.914100821692,,956.9141301871788,956.914136459418,956.9418378061528,957.9251864351992,957.9418517761424,958.925200690288,958.925200690288,959.2585459978982,959.1587751912392,959.158783459192,959.2585459978982,959.2585459978982,959.2585459978982,959.2585459978982,959.2585459978982,959.2585459978982,0.0944699800620583,959.4598566679178,[-391.0],[198.0],[1],[0],[0],[0.20006391982497007],959.4608188865112,959.4640245712144,,,,,,,,,,,,,,ED35,1,2024-02-06_15h46.54.486,rating,2023.2.3,60.0375371650119,2024-02-06 15h47.05.207181 +0800,
neg_9.jpg,0.0,222.0,222.0,181.0,743.2547227826853,,,,,,,,,,,,,,,,,,,,,,,743.2263910758575,,743.2264221519545,743.2264292794989,743.2547227826853,744.2380403356328,744.2547096680028,745.2380588672513,745.2380588672513,745.5547359828979,745.4715968751698,745.4716048580212,745.5547359828979,745.5547359828979,745.5547359828979,745.5547359828979,745.5547359828979,745.5547359828979,0.0783662896756141,745.7224397073824,[-431.0],[356.0],[1],[0],[0],[0.16675490567467932],745.7232297244864,745.7262284252774,,,,,,,,,,,,,,ED35,1,2024-02-06_15h46.54.486,rating,2023.2.3,60.0375371650119,2024-02-06 15h47.05.207181 +0800,
neg_90.jpg,0.0,348.0,348.0,182.0,1148.278602909921,,,,,,,,,,,,,,,,,,,,,,,1148.251174405612,,1148.251206337016,1148.2512131794592,1148.278602909921,1149.2619270202104,1149.278593786663,1150.2619743471096,1150.2619743471096,1150.6119564854816,1150.495486695867,1150.4954941085143,1150.6119564854816,1150.6119564854816,1150.6119564854816,1150.6119564854816,1150.6119564854816,1150.6119564854816,0.1108077390308608,1151.663581009825,[-350.0],[-73.0],[1],[0],[0],[1.050048766664986],1151.664657269141,1151.6677466323072,,,,,,,,,,,,,,ED35,1,2024-02-06_15h46.54.486,rating,2023.2.3,60.0375371650119,2024-02-06 15h47.05.207181 +0800,
neg_91.jpg,0.0,45.0,45.0,183.0,163.94434214041394,,,,,,,,,,,,,,,,,,,,,,,163.9151146437125,,163.9151454347084,163.91515227715172,163.94434214041394,164.92774294308947,164.94436181243873,165.9277845679535,165.9277845679535,166.19439124919882,166.16124075165317,166.1612484494035,166.19439124919882,166.19439124919882,166.19439124919882,166.19439124919882,166.19439124919882,166.19439124919882,0.0292902903729554,167.7614402088766,[-345.0],[-153.0],[1],[0],[0],[1.5667065524085046],167.76187470402874,167.7650022708367,,,,,,,,,,,,,,ED35,1,2024-02-06_15h46.54.486,rating,2023.2.3,60.0375371650119,2024-02-06 15h47.05.207181 +0800,
neg_92.jpg,0.0,336.0,336.0,184.0,1109.611246581986,,,,,,,,,,,,,,,,,,,,,,,1109.5837368236644,,1109.5837673295573,1109.5837741720006,1109.611246581986,1110.5945738283954,1110.6112397395427,1111.594608325715,1111.594608325715,1111.9446181189614,1111.8281842521735,1111.8281922350252,1111.9446181189614,1111.9446181189614,1111.9446181189614,1111.9446181189614,1111.9446181189614,1111.9446181189614,0.1109060991548176,1112.2962772261526,[-483.0],[197.0],[1],[0],[0],[0.3501551951667352],1112.2974296076518,1112.300531230194,,,,,,,,,,,,,,ED35,1,2024-02-06_15h46.54.486,rating,2023.2.3,60.0375371650119,2024-02-06 15h47.05.207181 +0800,
neg_93.jpg,0.0,65.0,65.0,185.0,232.27889970089927,,,,,,,,,,,,,,,,,,,,,,,232.2497138290637,,232.24974490515888,232.24975203270515,232.27889970089927,233.26228795909628,233.2789247898581,234.2622722784963,234.2622722784963,234.528938831123,234.4957948909196,234.4958028737692,234.528938831123,234.528938831123,234.528938831123,234.528938831123,234.528938831123,234.528938831123,0.0292652014140912,235.0627868302363,[-151.0],[183.0],[1],[0],[0],[0.5334137890622515],235.0632931710425,235.0663640025905,,,,,,,,,,,,,,ED35,1,2024-02-06_15h46.54.486,rating,2023.2.3,60.0375371650119,2024-02-06 15h47.05.207181 +0800,
neg_94.jpg,0.0,134.0,134.0,186.0,479.3333139464103,,,,,,,,,,,,,,,,,,,,,,,479.3044756136751,,479.304506119568,479.3045132471125,479.3333139464103,480.31666428606695,480.33336469453207,481.3166799666669,481.3166799666669,481.6000226941033,481.5502208256039,481.5502288084536,481.6000226941033,481.6000226941033,481.6000226941033,481.6000226941033,481.6000226941033,481.6000226941033,0.0455647567396226,482.2006689058562,[-318.0],[152.0],[1],[0],[0],[0.6000597573383857],482.20133034204446,482.2044083011388,,,,,,,,,,,,,,ED35,1,2024-02-06_15h46.54.486,rating,2023.2.3,60.0375371650119,2024-02-06 15h47.05.207181 +0800,
neg_95.jpg,0.0,127.0,127.0,187.0,461.0829885739749,,,,,,,,,,,,,,,,,,,,,,,461.0542066913968,,461.0542371972897,461.054244039733,461.0829885739749,462.066371700339,462.0830108119153,463.0663389136316,463.0663389136316,463.3496924749379,463.2998897511316,463.299897733983,463.3496924749379,463.3496924749379,463.3496924749379,463.3496924749379,463.3496924749379,463.3496924749379,0.0455014641393063,463.70031010523417,[-265.0],[164.0],[1],[0],[0],[0.35003288649386377],463.7009327675769,463.7040013183105,,,,,,,,,,,,,,ED35,1,2024-02-06_15h46.54.486,rating,2023.2.3,60.0375371650119,2024-02-06 15h47.05.207181 +0800,
neg_96.jpg,0.0,322.0,322.0,188.0,1048.943501660291,,,,,,,,,,,,,,,,,,,,,,,1048.915995038089,,1048.916025543982,1048.9160326715264,1048.943501660291,1049.9268194983415,1049.94349054132,1050.926841736282,1050.926841736282,1051.2768518146297,1051.1603757527755,1051.160383450524,1051.2768518146297,1051.2768518146297,1051.2768518146297,1051.2768518146297,1051.2768518146297,1051.2768518146297,0.1108812952988955,1051.678341015402,[-455.0],[385.0],[1],[0],[0],[0.40003347095262143],1051.6794537677488,1051.682468719342,,,,,,,,,,,,,,ED35,1,2024-02-06_15h46.54.486,rating,2023.2.3,60.0375371650119,2024-02-06 15h47.05.207181 +0800,
neg_97.jpg,0.0,23.0,23.0,189.0,91.4097092560296,,,,,,,,,,,,,,,,,,,,,,,91.380517682157,,91.38054818804994,91.38055503049328,91.4097092560296,92.39306016589036,92.40972408132438,93.39307613159144,93.39307613159144,93.6430938791782,93.62665291335544,93.62666032600282,93.6430938791782,93.6430938791782,93.6430938791782,93.6430938791782,93.6430938791782,93.6430938791782,0.0125918776193429,94.12677850070033,[-166.0],[126.0],[1],[0],[0],[0.4833462056813005],94.12717650282138,94.13030349942528,,,,,,,,,,,,,,ED35,1,2024-02-06_15h46.54.486,rating,2023.2.3,60.0375371650119,2024-02-06 15h47.05.207181 +0800,
neg_98.jpg,0.0,24.0,24.0,190.0,94.15975993287611,,,,,,,,,,,,,,,,,,,,,,,94.13053015536023,,94.13056237186538,94.13056921430872,94.15975993287611,95.14311198314316,95.15981381711754,96.14314248903612,96.14314248903612,96.39306928914812,96.37666053982866,96.37666795247604,96.39306928914812,96.39306928914812,96.39306928914812,96.39306928914812,96.39306928914812,96.39306928914812,0.0125556696912099,96.77681118762304,[-166.0],[126.0],[1],[0],[0],[0.3834183079270588],96.77720662382671,96.78038465365351,,,,,,,,,,,,,,ED35,1,2024-02-06_15h46.54.486,rating,2023.2.3,60.0375371650119,2024-02-06 15h47.05.207181 +0800,
neg_99.jpg,0.0,274.0,274.0,191.0,899.1408092158581,,,,,,,,,,,,,,,,,,,,,,,899.1128509923965,,899.1128820684935,899.1128891960379,899.1408092158581,900.1241843593725,900.1408223305425,901.1241678234674,901.1241678234674,901.4575593175688,901.357734056466,901.3577426095198,901.4575593175688,901.4575593175688,901.4575593175688,901.4575593175688,901.4575593175688,901.4575593175688,0.0947342694362305,901.5587120126784,[-520.0],[229.0],[1],[0],[0],[0.09998605852160836],901.5596725206616,901.5627556115868,,,,,,,,,,,,,,ED35,1,2024-02-06_15h46.54.486,rating,2023.2.3,60.0375371650119,2024-02-06 15h47.05.207181 +0800,
neu_1.jpg,0.0,150.0,150.0,192.0,527.517513091163,,,,,,,,,,,,,,,,,,,,,,,527.5016192357052,527.517513091163,528.5012976408689,528.5013076194318,528.5342422949107,529.5008793965189,529.5342089379992,530.5009181703645,530.5009181703645,530.8009308003748,530.7344239617814,530.73443165953,530.8009308003748,530.8009308003748,530.8009308003748,530.8009308003748,530.8009308003748,530.8009308003748,0.0495151273589726,531.1850011361312,[93.0],[-180.0],[1],[0],[0],[0.38342714608188544],531.1856734061876,531.1887576375211,,,,,,528.5342422949107,,,,,,,,ED35,1,2024-02-06_15h46.54.486,rating,2023.2.3,60.0375371650119,2024-02-06 15h47.05.207181 +0800,
neu_10.jpg,0.0,14.0,14.0,193.0,59.80918193173056,,,,,,,,,,,,,,,,,,,,,,,59.77986633857108,,59.77989684446402,59.77990397201029,59.80918193173056,60.79249606345729,60.809179080712056,61.79251430997283,61.79251430997283,62.04252122369144,62.02606201135313,62.026069424000525,62.04252122369144,62.04252122369144,62.04252122369144,62.04252122369144,62.04252122369144,62.04252122369144,0.0126842506051616,63.15955323406706,[178.0],[134.0],[1],[0],[0],[1.1167058539085701],63.15997318902555,63.163045731185775,,,,,,,,,,,,,,ED35,1,2024-02-06_15h46.54.486,rating,2023.2.3,60.0375371650119,2024-02-06 15h47.05.207181 +0800,
neu_100.jpg,0.0,69.0,69.0,194.0,247.27916769659717,,,,,,,,,,,,,,,,,,,,,,,247.2501189587292,,247.25014946462213,247.2501565921666,247.27916769659717,248.2625171809468,248.27917824536416,249.2625468315364,249.2625468315364,249.5292267839468,249.496065452533,249.49607286517855,249.5292267839468,249.5292267839468,249.5292267839468,249.5292267839468,249.5292267839468,249.5292267839468,0.0291220803082978,267.49664221348576,[-285.0],[-163.0],[1],[0],[0],[17.966993763968276],267.4972041491437,267.50039928507977,,,,,,,,,,,,,,ED35,1,2024-02-06_15h46.54.486,rating,2023.2.3,60.0375371650119,2024-02-06 15h47.05.207181 +0800,
neu_101.jpg,0.0,256.0,256.0,195.0,845.8898617512841,,,,,,,,,,,,,,,,,,,,,,,845.861967105524,,845.8619984667221,845.8620055942683,845.8898617512841,846.8732083846153,846.8898742957626,847.8732987618878,847.8732987618878,848.1898293352078,848.1067763282244,848.1067840259748,848.1898293352078,848.1898293352078,848.1898293352078,848.1898293352078,848.1898293352078,848.1898293352078,0.0778841825231211,848.4410043110238,[-409.0],[163.0],[1],[0],[0],[0.2500875975310919],848.4419260451614,848.4450219656683,,,,,,,,,,,,,,ED35,1,2024-02-06_15h46.54.486,rating,2023.2.3,60.0375371650119,2024-02-06 15h47.05.207181 +0800,
neu_102.jpg,0.0,219.0,219.0,196.0,734.8378757178507,,,,,,,,,,,,,,,,,,,,,,,734.8097604032937,,734.8097909091866,734.8097980367329,734.8378757178507,735.8212480103466,735.837887692127,736.8212443040229,736.8212443040229,737.1379790102346,737.0547900096899,737.0547979925414,737.1379790102346,737.1379790102346,737.1379790102346,737.1379790102346,737.1379790102346,737.1379790102346,0.078240844883112,737.5555188724575,[84.0],[-114.0],[1],[0],[0],[0.4166129962504783],737.5563048981348,737.5593962570128,,,,,,,,,,,,,,ED35,1,2024-02-06_15h46.54.486,rating,2023.2.3,60.0375371650119,2024-02-06 15h47.05.207181 +0800,
neu_103.jpg,0.0,350.0,350.0,197.0,1156.045387352142,,,,,,,,,,,,,,,,,,,,,,,1156.018109666691,,1156.0181410278892,1156.0181484405366,1156.045387352142,1157.0287325599656,1157.0454252706822,1158.02875052138,1158.02875052138,1158.3787899652143,1158.2622851080778,1158.2622930909292,1158.3787899652143,1158.3787899652143,1158.3787899652143,1158.3787899652143,1158.3787899652143,1158.3787899652143,0.1107062427872733,1158.730340163518,[89.0],[-153.0],[1],[0],[0],[0.34999924447947706],1158.7314571923926,1158.7346343669124,,,,,,,,,,,,,,ED35,1,2024-02-06_15h46.54.486,rating,2023.2.3,60.0375371650119,2024-02-06 15h47.05.207181 +0800,
neu_104.jpg,0.0,314.0,314.0,198.0,1026.409740902331,,,,,,,,,,,,,,,,,,,,,,,1026.3822137527986,,1026.3822448288956,1026.382251671339,1026.409740902331,1027.393109773604,1027.40977254863,1028.3931226031857,1028.3931226031857,1028.726375822911,1028.6266435049963,1028.6266514878462,1028.726375822911,1028.726375822911,1028.726375822911,1028.726375822911,1028.726375822911,1028.726375822911,0.0941851633579062,1029.0279425428637,[248.0],[-206.0],[1],[0],[0],[0.3001834059905377],1029.0289492373377,1029.0321264118593,,,,,,,,,,,,,,ED35,1,2024-02-06_15h46.54.486,rating,2023.2.3,60.0375371650119,2024-02-06 15h47.05.207181 +0800,
neu_105.jpg,0.0,151.0,151.0,199.0,531.2175728770108,,,,,,,,,,,,,,,,,,,,,,,531.1889834381509,,531.1890145142479,531.1890213566912,531.2175728770108,532.2009349058408,532.2175885576107,533.2009397525726,533.2009397525726,533.5009461103418,533.4344706329466,533.4344783306951,533.5009461103418,533.5009461103418,533.5009461103418,533.5009461103418,533.5009461103418,533.5009461103418,0.06198006339946,533.9515746030174,[96.0],[95.0],[1],[0],[0],[0.44996563097811304],533.9522782342738,533.9554237624943,,,,,,,,,,,,,,ED35,1,2024-02-06_15h46.54.486,rating,2023.2.3,60.0375371650119,2024-02-06 15h47.05.207181 +0800,
neu_106.jpg,0.0,249.0,249.0,200.0,826.88952019932,,,,,,,,,,,,,,,,,,,,,,,826.8614667518559,,826.8614978279529,826.8615049554974,826.88952019932,827.8728885003911,827.8895641049985,828.8728879301871,828.8728879301871,829.189571888277,829.1064521674725,829.1064601503222,829.189571888277,829.189571888277,829.189571888277,829.189571888277,829.189571888277,829.189571888277,0.0781273743632482,829.4407394514474,[145.0],[-161.0],[1],[0],[0],[0.250063078774474],829.4416620408902,829.4447248895867,,,,,,,,,,,,,,ED35,1,2024-02-06_15h46.54.486,rating,2023.2.3,60.0375371650119,2024-02-06 15h47.05.207181 +0800,
neu_107.jpg,0.0,97.0,97.0,201.0,364.01458694878056,,,,,,,,,,,,,,,,,,,,,,,363.9857260930021,,363.9857580244043,363.9857651519487,364.01458694878056,364.9979697900435,365.01460177407535,365.997956390258,365.997956390258,366.2813498658161,366.2315625375086,366.2315708054612,366.2813498658161,366.2813498658161,366.2813498658161,366.2813498658161,366.2813498658161,366.2813498658161,0.0456385981087805,367.681833797622,[166.0],[-75.0],[1],[0],[0],[1.400006101177496],367.68240457143656,367.6855697716819,,,,,,,,,,,,,,ED35,1,2024-02-06_15h46.54.486,rating,2023.2.3,60.0375371650119,2024-02-06 15h47.05.207181 +0800,
neu_108.jpg,0.0,115.0,115.0,202.0,420.1155933866648,,,,,,,,,,,,,,,,,,,,,,,420.0868211975466,,420.0868522736437,420.086859116087,420.1155933866648,421.09894030509895,421.11560479073705,422.098955700596,422.098955700596,422.3822975727289,422.3325168017618,422.33252478461327,422.3822975727289,422.3822975727289,422.3822975727289,422.3822975727289,422.3822975727289,422.3822975727289,0.0454931961867259,422.78296568030055,[150.0],[-57.0],[1],[0],[0],[0.40012555883549794],422.78352989677296,422.7866694378572,,,,,,,,,,,,,,ED35,1,2024-02-06_15h46.54.486,rating,2023.2.3,60.0375371650119,2024-02-06 15h47.05.207181 +0800,
neu_109.jpg,0.0,13.0,13.0,203.0,56.19241492348374,,,,,,,,,,,,,,,,,,,,,,,56.16326468937223,,56.16329548036629,56.16330232280961,56.19241492348374,57.17575984620453,57.19242946367558,58.17577723741488,58.17577723741488,58.42578557664274,58.40935658509625,58.40936428284476,58.42578557664274,58.42578557664274,58.42578557664274,58.42578557664274,58.42578557664274,58.42578557664274,0.0125357125652953,59.776130934715184,[178.0],[134.0],[1],[0],[0],[1.350063677489743],59.77650555848777,59.77963711672055,,,,,,,,,,,,,,ED35,1,2024-02-06_15h46.54.486,rating,2023.2.3,60.0375371650119,2024-02-06 15h47.05.207181 +0800,
neu_11.jpg,0.0,344.0,344.0,204.0,1132.0449611249442,,,,,,,,,,,,,,,,,,,,,,,1132.0178180075436,,1132.0178487985377,1132.017855926084,1132.0449611249442,1133.028306332766,1133.0449981881775,1134.028332277032,1134.028332277032,1134.378380844124,1134.2619064928804,1134.261914760833,1134.378380844124,1134.378380844124,1134.378380844124,1134.378380844124,1134.378380844124,1134.378380844124,0.1105873553351557,1135.0798744069525,[147.0],[-187.0],[1],[0],[0],[0.69999820385965],1135.0809429685196,1135.0840562802368,,,,,,,,,,,,,,ED35,1,2024-02-06_15h46.54.486,rating,2023.2.3,60.0375371650119,2024-02-06 15h47.05.207181 +0800,
neu_110.jpg,0.0,205.0,205.0,205.0,686.8203550714916,,,,,,,,,,,,,,,,,,,,,,,686.7920073989626,,686.7920387601607,686.792045602604,686.8203550714916,687.803703130332,687.8203918496238,688.8037219470516,688.8037219470516,689.1203979222919,689.0373035755474,689.0373126988052,689.1203979222919,689.1203979222919,689.1203979222919,689.1203979222919,689.1203979222919,689.1203979222919,0.078409910252958,690.1880662656422,[-278.0],[-66.0],[1],[0],[0],[1.0667731236808322],690.1888234960388,690.191926258989,,,,,,,,,,,,,,ED35,1,2024-02-06_15h46.54.486,rating,2023.2.3,60.0375371650119,2024-02-06 15h47.05.207181 +0800,
neu_111.jpg,0.0,300.0,300.0,206.0,980.0756389345296,,,,,,,,,,,,,,,,,,,,,,,980.059642442422,980.0756389345296,981.0591403781418,981.0591489311956,981.0922903054834,982.0589476493224,982.09225808898,983.058965610735,983.058965610735,983.3923086375308,983.2925472392308,983.2925555071834,983.3923086375308,983.3923086375308,983.3923086375308,983.3923086375308,983.3923086375308,983.3923086375308,0.0828788810540572,984.6937801334788,[141.0],[-102.0],[1],[0],[0],[1.3001392152109474],984.694782266326,984.697874195408,,,,,,981.0922903054834,,,,,,,,ED35,1,2024-02-06_15h46.54.486,rating,2023.2.3,60.0375371650119,2024-02-06 15h47.05.207181 +0800,
neu_112.jpg,0.0,39.0,39.0,207.0,144.71068467483747,,,,,,,,,,,,,,,,,,,,,,,144.6815441341878,,144.68157435497778,144.68158119742293,144.71068467483747,145.69401448716417,145.71068096851377,146.69405040999118,146.69405040999118,146.96072066893976,146.92759982198186,146.9276075197322,146.96072066893976,146.96072066893976,146.96072066893976,146.96072066893976,146.96072066893976,146.96072066893976,0.0291922153519408,147.66107553515758,[61.0],[-109.0],[1],[0],[0],[0.7000164503733686],147.6615371149801,147.66462334202697,,,,,,,,,,,,,,ED35,1,2024-02-06_15h46.54.486,rating,2023.2.3,60.0375371650119,2024-02-06 15h47.05.207181 +0800,
neu_113.jpg,0.0,43.0,43.0,208.0,156.47754096271456,,,,,,,,,,,,,,,,,,,,,,,156.44840669430414,,156.44843748530002,156.44844461284447,156.47754096271456,157.46091325521047,157.47755692841565,158.4609089786827,158.4609089786827,158.7275812333446,158.6944629523041,158.6944706500526,158.7275812333446,158.7275812333446,158.7275812333446,158.7275812333446,158.7275812333446,158.7275812333446,0.0291879388259985,160.4281100116641,[123.0],[-108.0],[1],[0],[0],[1.7001510184272774],160.42857729352363,160.43154064168994,,,,,,,,,,,,,,ED35,1,2024-02-06_15h46.54.486,rating,2023.2.3,60.0375371650119,2024-02-06 15h47.05.207181 +0800,
neu_114.jpg,0.0,246.0,246.0,209.0,818.9727300122959,,,,,,,,,,,,,,,,,,,,,,,818.9445938853078,,818.9446246763018,818.9446318038481,818.9727300122959,819.9560626756411,819.9727491141184,820.9560789264433,820.9560789264433,821.2727554718876,821.1896283384358,821.1896366063884,821.2727554718876,821.2727554718876,821.2727554718876,821.2727554718876,821.2727554718876,821.2727554718876,0.078185820233557,821.7739424932552,[217.0],[-161.0],[1],[0],[0],[0.5001201704108098],821.7747778415451,821.7779538756604,,,,,,,,,,,,,,ED35,1,2024-02-06_15h46.54.486,rating,2023.2.3,60.0375371650119,2024-02-06 15h47.05.207181 +0800,
neu_115.jpg,0.0,112.0,112.0,210.0,408.5153825253692,,,,,,,,,,,,,,,,,,,,,,,408.4866072001314,,408.4866379911273,408.4866448335706,408.5153825253692,409.498728303397,409.51541702268696,410.4987482605229,410.4987482605229,410.78208842204367,410.7323258975939,410.7323338804436,410.78208842204367,410.78208842204367,410.78208842204367,410.78208842204367,410.78208842204367,410.78208842204367,0.0454960472052334,411.4327543200761,[-236.0],[187.0],[1],[0],[0],[0.6501290513333515],411.43334704673,411.43651338738346,,,,,,,,,,,,,,ED35,1,2024-02-06_15h46.54.486,rating,2023.2.3,60.0375371650119,2024-02-06 15h47.05.207181 +0800,
neu_116.jpg,0.0,137.0,137.0,211.0,487.4334585215365,,,,,,,,,,,,,,,,,,,,,,,487.404643567148,,487.4046743581439,487.40468148568834,487.4334585215365,488.41680943139545,488.4334744872376,489.4168365160676,489.4168365160676,489.7001675543306,489.6503565625735,489.6503645454232,489.7001675543306,489.7001675543306,489.7001675543306,489.7001675543306,489.7001675543306,489.7001675543306,0.0455416634958965,492.150851641858,[-318.0],[152.0],[1],[0],[0],[2.4500594294713665],492.1514654660459,492.1546166963035,,,,,,,,,,,,,,ED35,1,2024-02-06_15h46.54.486,rating,2023.2.3,60.0375371650119,2024-02-06 15h47.05.207181 +0800,
neu_117.jpg,0.0,366.0,366.0,212.0,1222.2799166590412,,,,,,,,,,,,,,,,,,,,,,,1222.252707968226,,1222.2527396145251,1222.2527467420714,1222.2799166590412,1223.263246186265,1223.2799112421053,1224.2632644327805,1224.2632644327805,1224.6132710899074,1224.4967961684597,1224.4968041513112,1224.6132710899074,1224.6132710899074,1224.6132710899074,1224.6132710899074,1224.6132710899074,1224.6132710899074,0.1105865000299672,1224.9649883578677,[229.0],[-195.0],[1],[0],[0],[0.34997358531836653],1224.966172385666,1224.9692358045668,,,,,,,,,,,,,,ED35,1,2024-02-06_15h46.54.486,rating,2023.2.3,60.0375371650119,2024-02-06 15h47.05.207181 +0800,
neu_118.jpg,0.0,108.0,108.0,213.0,396.7651747574291,,,,,,,,,,,,,,,,,,,,,,,396.73627740861775,,396.7363079145125,396.73631504205696,396.7651747574291,397.7485233864736,397.7651861615013,398.7485687176613,398.7485687176613,399.0318758073736,398.98207051765166,398.9820782154002,399.0318758073736,399.0318758073736,399.0318758073736,399.0318758073736,399.0318758073736,399.0318758073736,0.0456152197602932,400.7324385128068,[109.0],[-159.0],[1],[0],[0],[1.700056934829263],400.7330303841554,400.7360972242768,,,,,,,,,,,,,,ED35,1,2024-02-06_15h46.54.486,rating,2023.2.3,60.0375371650119,2024-02-06 15h47.05.207181 +0800,
neu_119.jpg,0.0,346.0,346.0,214.0,1137.8283957977128,,,,,,,,,,,,,,,,,,,,,,,1137.8009079922303,,1137.8009384981233,1137.8009456256696,1137.8283957977128,1138.8117170569858,1138.8283832532345,1139.8117578265428,1139.8117578265428,1140.1617701857067,1140.045336889123,1140.0453460123808,1140.1617701857067,1140.1617701857067,1140.1617701857067,1140.1617701857067,1140.1617701857067,1140.1617701857067,0.1108887079444684,1140.5133309327755,[192.0],[-211.0],[1],[0],[0],[0.3500602562671702],1140.5144134643324,1140.5175099550415,,,,,,,,,,,,,,ED35,1,2024-02-06_15h46.54.486,rating,2023.2.3,60.0375371650119,2024-02-06 15h47.05.207181 +0800,
neu_12.jpg,0.0,192.0,192.0,215.0,650.6363768806386,,,,,,,,,,,,,,,,,,,,,,,650.6081617804502,,650.6081922863432,650.6081988436836,650.6363768806386,651.619725224582,651.636409097142,652.6197426157923,652.6197426157923,652.9197498288686,652.8532706451479,652.8532783428964,652.9197498288686,652.9197498288686,652.9197498288686,652.9197498288686,652.9197498288686,652.9197498288686,0.0616077204431348,653.3205733169234,[111.0],[-132.0],[1],[0],[0],[0.39996362101010163],653.3213308324212,653.3244164892621,,,,,,,,,,,,,,ED35,1,2024-02-06_15h46.54.486,rating,2023.2.3,60.0375371650119,2024-02-06 15h47.05.207181 +0800,
neu_120.jpg,0.0,121.0,121.0,216.0,444.8826991386213,,,,,,,,,,,,,,,,,,,,,,,444.8539332217442,,444.8539651531464,444.8539722806927,444.8826991386213,445.8660486229728,445.8827131086109,446.86606487377503,446.86606487377503,447.1494050352976,447.0995974647613,447.0996054476109,447.1494050352976,447.1494050352976,447.1494050352976,447.1494050352976,447.1494050352976,447.1494050352976,0.0454869239474646,447.4499838774937,[230.0],[-197.0],[1],[0],[0],[0.300028310610287],447.45059599106935,447.45365912486886,,,,,,,,,,,,,,ED35,1,2024-02-06_15h46.54.486,rating,2023.2.3,60.0375371650119,2024-02-06 15h47.05.207181 +0800,
neu_121.jpg,0.0,60.0,60.0,217.0,212.2285353265379,,,,,,,,,,,,,,,,,,,,,,,212.2125978505028,212.2285353265379,213.2120886586781,213.2120960713255,213.24524343275152,214.2119406908423,214.24526652599707,215.21192301452905,215.21192301452905,215.47859583939496,215.44549323895265,215.4455015069052,215.47859583939496,215.47859583939496,215.47859583939496,215.47859583939496,215.47859583939496,215.47859583939496,0.0161938538331014,216.1456696314399,[152.0],[-143.0],[1],[0],[0],[0.6666948917445552],216.1461836699964,216.14930410925808,,,,,,213.24524343275152,,,,,,,,ED35,1,2024-02-06_15h46.54.486,rating,2023.2.3,60.0375371650119,2024-02-06 15h47.05.207181 +0800,
neu_122.jpg,0.0,155.0,155.0,218.0,542.6677791339116,,,,,,,,,,,,,,,,,,,,,,,542.6391882695425,,542.6392190605384,542.6392261880828,542.6677791339116,543.6511291884672,543.6678144865364,544.6511482902879,544.6511482902879,544.9511948474119,544.8846768898475,544.8846848726971,544.9511948474119,544.9511948474119,544.9511948474119,544.9511948474119,544.9511948474119,544.9511948474119,0.062023683976804,545.4185200422289,[-205.0],[-99.0],[1],[0],[0],[0.46662270396882377],545.4191666531242,545.4223623592625,,,,,,,,,,,,,,ED35,1,2024-02-06_15h46.54.486,rating,2023.2.3,60.0375371650119,2024-02-06 15h47.05.207181 +0800,
neu_123.jpg,0.0,268.0,268.0,219.0,879.4071481865103,,,,,,,,,,,,,,,,,,,,,,,879.3791722867354,,879.3792025075272,879.3792093499706,879.4071481865103,880.3904720116989,880.4071387781514,881.3904899731115,881.3904899731115,881.7238304339899,881.624045087141,881.6240530699906,881.7238304339899,881.7238304339899,881.7238304339899,881.7238304339899,881.7238304339899,881.7238304339899,0.0946798149907408,882.4916167239571,[221.0],[-124.0],[1],[0],[0],[0.7666296319421235],882.492571529905,882.4956215490201,,,,,,,,,,,,,,ED35,1,2024-02-06_15h46.54.486,rating,2023.2.3,60.0375371650119,2024-02-06 15h47.05.207181 +0800,
neu_124.jpg,0.0,140.0,140.0,220.0,497.6836427685776,,,,,,,,,,,,,,,,,,,,,,,497.6548919620964,,497.6549224679893,497.6549295955356,497.6836427685776,498.6669928231331,498.6836584491775,499.6670330224879,499.6670330224879,499.9503589289179,499.9005582008249,499.9005658985734,499.9503589289179,499.9503589289179,499.9503589289179,499.9503589289179,499.9503589289179,499.9503589289179,0.0454849282359646,500.2011478768891,[177.0],[-257.0],[1],[0],[0],[0.2501386307540088],500.2018070322647,500.2048912635965,,,,,,,,,,,,,,ED35,1,2024-02-06_15h46.54.486,rating,2023.2.3,60.0375371650119,2024-02-06 15h47.05.207181 +0800,
neu_125.jpg,0.0,230.0,230.0,221.0,766.6717796824487,,,,,,,,,,,,,,,,,,,,,,,766.6436714954361,,766.6437022864302,766.6437091288735,766.6717796824487,767.6551260306787,767.6717956481498,768.6551465580087,768.6551465580087,768.9718205375375,768.8887016720364,768.8887102250901,768.9718205375375,768.9718205375375,768.9718205375375,768.9718205375375,768.9718205375375,768.9718205375375,0.0781681439220847,769.5561785980353,[-94.0],[-161.0],[1],[0],[0],[0.5833607743807079],769.5570162271397,769.5600930458259,,,,,,,,,,,,,,ED35,1,2024-02-06_15h46.54.486,rating,2023.2.3,60.0375371650119,2024-02-06 15h47.05.207181 +0800,
neu_126.jpg,0.0,204.0,204.0,222.0,683.0869554804976,,,,,,,,,,,,,,,,,,,,,,,683.058584429622,,683.0586157908201,683.0586229183646,683.0869554804976,684.0703032542369,684.0870028073969,685.0703149434121,685.0703149434121,685.3870165778153,685.3038754743739,685.3038834572253,685.3870165778153,685.3870165778153,685.3870165778153,685.3870165778153,685.3870165778153,685.3870165778153,0.0784506798117945,686.7879224602912,[123.0],[-47.0],[1],[0],[0],[1.4000220668785914],686.7887144731085,686.7917761813987,,,,,,,,,,,,,,ED35,1,2024-02-06_15h46.54.486,rating,2023.2.3,60.0375371650119,2024-02-06 15h47.05.207181 +0800,
neu_127.jpg,0.0,327.0,327.0,223.0,1066.177182219113,,,,,,,,,,,,,,,,,,,,,,,1066.149591776979,,1066.149622853076,1066.1496296955193,1066.177182219113,1067.1604652747428,1067.1771693895316,1068.1604806702398,1068.1604806702398,1068.5104921740983,1068.3940534605808,1068.3940614434305,1068.5104921740983,1068.5104921740983,1068.5104921740983,1068.5104921740983,1068.5104921740983,1068.5104921740983,0.1109229201611015,1070.4119906406777,[190.0],[-154.0],[1],[0],[0],[1.9000053884228691],1070.4130204283992,1070.4162204110653,,,,,,,,,,,,,,ED35,1,2024-02-06_15h46.54.486,rating,2023.2.3,60.0375371650119,2024-02-06 15h47.05.207181 +0800,
neu_128.jpg,0.0,20.0,20.0,224.0,80.97619941616904,,,,,,,,,,,,,,,,,,,,,,,80.94689095055583,,80.94692202665283,80.94692915419728,80.97619941616904,81.95953977726094,81.97623448369086,82.95955773867536,82.95955773867536,83.20958090319618,83.19313166942266,83.1931396522723,83.20958090319618,83.20958090319618,83.20958090319618,83.20958090319618,83.20958090319618,83.20958090319618,0.0127050630380836,84.82669088891635,[161.0],[-144.0],[1],[0],[0],[1.6167992247519578],84.8271131246911,84.83017996481249,,,,,,,,,,,,,,ED35,1,2024-02-06_15h46.54.486,rating,2023.2.3,60.0375371650119,2024-02-06 15h47.05.207181 +0800,
neu_129.jpg,0.0,207.0,207.0,225.0,693.2204968811293,,,,,,,,,,,,,,,,,,,,,,,693.192178288984,,693.1922096501839,693.1922164926273,693.2204968811293,694.203820991419,694.2204840515478,695.2038577695512,695.2038577695512,695.5205075154263,695.4374026199148,695.4374106027644,695.5205075154263,695.5205075154263,695.5205075154263,695.5205075154263,695.5205075154263,695.5205075154263,0.0783537451970914,696.9214293636051,[-261.0],[-110.0],[1],[0],[0],[1.4000465856352093],696.9222641416909,696.9253828703422,,,,,,,,,,,,,,ED35,1,2024-02-06_15h46.54.486,rating,2023.2.3,60.0375371650119,2024-02-06 15h47.05.207181 +0800,
neu_13.jpg,0.0,223.0,223.0,226.0,745.7547406015474,,,,,,,,,,,,,,,,,,,,,,,745.726458502435,,745.726489578532,745.7264964209753,745.7547406015474,746.7380875199815,746.7547551417392,747.7381051962948,747.7381051962948,748.0547825970443,747.9716682931721,747.9716759909206,748.0547825970443,748.0547825970443,748.0547825970443,748.0547825970443,748.0547825970443,748.0547825970443,0.0783474729578301,748.4724544614019,[49.0],[-140.0],[1],[0],[0],[0.4167190541229502],748.4733114774299,748.4763979895761,,,,,,,,,,,,,,ED35,1,2024-02-06_15h46.54.486,rating,2023.2.3,60.0375371650119,2024-02-06 15h47.05.207181 +0800,
neu_130.jpg,0.0,289.0,289.0,227.0,946.791679246784,,,,,,,,,,,,,,,,,,,,,,,946.7639944359526,,946.7640257971524,946.7640326395958,946.791679246784,947.7750070633974,947.7916721192396,948.775019607876,948.775019607876,949.1083455285624,949.0086043724932,949.0086123553428,949.1083455285624,949.1083455285624,949.1083455285624,949.1083455285624,949.1083455285624,949.1083455285624,0.0943724752451089,951.2097742022216,[-248.0],[-231.0],[1],[0],[0],[2.100165672660296],951.210727012456,951.2139173016604,,,,,,,,,,,,,,ED35,1,2024-02-06_15h46.54.486,rating,2023.2.3,60.0375371650119,2024-02-06 15h47.05.207181 +0800,
neu_131.jpg,0.0,186.0,186.0,228.0,634.3360934039138,,,,,,,,,,,,,,,,,,,,,,,634.3077642630014,,634.3077947688944,634.3078016113377,634.3360934039138,635.3194759600738,635.336099105949,636.3194771004801,636.3194771004801,636.6194934368141,636.5530037043281,636.5530116871778,636.6194934368141,636.6194934368141,636.6194934368141,636.6194934368141,636.6194934368141,636.6194934368141,0.061754262771501,636.8869551383759,[179.0],[-197.0],[1],[0],[0],[0.2666802375133557],636.8877214920285,636.8908105700921,,,,,,,,,,,,,,ED35,1,2024-02-06_15h46.54.486,rating,2023.2.3,60.0375371650119,2024-02-06 15h47.05.207181 +0800,
neu_132.jpg,0.0,368.0,368.0,229.0,1227.9466731327757,,,,,,,,,,,,,,,,,,,,,,,1227.919431655253,,1227.9194630164511,1227.9194698588944,1227.9466731327757,1228.930016059785,1228.9466979366334,1229.9300297446716,1229.9300297446716,1230.279966551856,1230.163624772953,1230.1636327558026,1230.279966551856,1230.279966551856,1230.279966551856,1230.279966551856,1230.279966551856,1230.279966551856,0.110561411071103,1230.5151113935517,[227.0],[-236.0],[1],[0],[0],[0.23347585572628304],1230.5163187996986,1230.519380507989,,,,,,,,,,,,,,ED35,1,2024-02-06_15h46.54.486,rating,2023.2.3,60.0375371650119,2024-02-06 15h47.05.207181 +0800,
neu_133.jpg,0.0,260.0,260.0,230.0,856.5233804863219,,,,,,,,,,,,,,,,,,,,,,,856.4954932532091,,856.4955220484917,856.495528320731,856.5233804863219,857.5067319663849,857.5233973073282,858.5067459363727,858.5067459363727,858.8400918141851,858.74034524118,858.7403535091325,858.8400918141851,858.8400918141851,858.8400918141851,858.8400918141851,858.8400918141851,858.8400918141851,0.0946236499348742,859.1745575718905,[126.0],[-124.0],[1],[0],[0],[0.33335984780023864],859.1755337604736,859.1786661740116,,,,,,,,,,,,,,ED35,1,2024-02-06_15h46.54.486,rating,2023.2.3,60.0375371650119,2024-02-06 15h47.05.207181 +0800,
neu_134.jpg,0.0,324.0,324.0,231.0,1055.7769312154833,,,,,,,,,,,,,,,,,,,,,,,1055.7496119051666,,1055.7496429812636,1055.749649823707,1055.7769312154833,1056.7602829806474,1056.776944330166,1057.7603377201958,1057.7603377201958,1058.110355496292,1057.9938569113947,1057.9938646091432,1058.110355496292,1058.110355496292,1058.110355496292,1058.110355496292,1058.110355496292,1058.110355496292,0.110766399267959,1060.7117928655553,[195.0],[-194.0],[1],[0],[0],[2.600005587995838],1060.7128220830746,1060.7159302629589,,,,,,,,,,,,,,ED35,1,2024-02-06_15h46.54.486,rating,2023.2.3,60.0375371650119,2024-02-06 15h47.05.207181 +0800,
neu_135.jpg,0.0,147.0,147.0,232.0,517.0673242254707,,,,,,,,,,,,,,,,,,,,,,,517.0388474018255,,517.0388787630236,517.0388856054669,517.0673242254707,518.0507233175358,518.0673584376873,519.0507184708058,519.0507184708058,519.3506985992099,519.2842211261013,519.2842288238498,519.3506985992099,519.3506985992099,519.3506985992099,519.3506985992099,519.3506985992099,519.3506985992099,0.0618711545121186,519.5513943046353,[249.0],[217.0],[1],[0],[0],[0.2000123163979879],519.5520967954835,519.5551448188871,,,,,,,,,,,,,,ED35,1,2024-02-06_15h46.54.486,rating,2023.2.3,60.0375371650119,2024-02-06 15h47.05.207181 +0800,
neu_136.jpg,0.0,359.0,359.0,233.0,1189.12930621331,,,,,,,,,,,,,,,,,,,,,,,1189.1020251066348,,1189.1020564678347,1189.1020635953791,1189.12930621331,1190.1126998884392,1190.1293198981966,1191.1126913353855,1191.1126913353855,1191.462710822094,1191.346201118227,1191.346209101077,1191.462710822094,1191.462710822094,1191.462710822094,1191.462710822094,1191.462710822094,1191.462710822094,0.1107102342139114,1192.2810234242495,[115.0],[-93.0],[1],[0],[0],[0.8167185979618807],1192.2821458700582,1202.8633780743603,space,1192.2959513547903,1192.2959513547903,10.562024040353208,,,,,,,,,,ED35,1,2024-02-06_15h46.54.486,rating,2023.2.3,60.0375371650119,2024-02-06 15h47.05.207181 +0800,
neu_137.jpg,0.0,273.0,273.0,234.0,896.5074259041794,,,,,,,,,,,,,,,,,,,,,,,896.479427481363,,896.4794582723571,896.4794651148004,896.5074259041794,897.4907816607702,897.5074427251857,898.4907902138239,898.4907902138239,898.8241278236837,898.7243299323545,898.7243382003071,898.8241278236837,898.8241278236837,898.8241278236837,898.8241278236837,898.8241278236837,898.8241278236837,0.094722010058831,899.1085710440911,[87.0],[229.0],[1],[0],[0],[0.2832888431967149],899.1094956292472,899.1126169238141,,,,,,,,,,,,,,ED35,1,2024-02-06_15h46.54.486,rating,2023.2.3,60.0375371650119,2024-02-06 15h47.05.207181 +0800,
neu_138.jpg,0.0,285.0,285.0,235.0,935.7914648502264,,,,,,,,,,,,,,,,,,,,,,,935.7636172462644,,935.7636486074624,935.763655449906,935.7914648502264,936.774808917642,936.791498207138,937.7748265939535,937.7748265939535,938.1081670548338,938.0083634614676,938.0083708741132,938.1081670548338,938.1081670548338,938.1081670548338,938.1081670548338,938.1081670548338,938.1081670548338,0.0945714763056457,938.4095484586124,[134.0],[-215.0],[1],[0],[0],[0.3001452023490856],938.410573399602,938.4136459417604,,,,,,,,,,,,,,ED35,1,2024-02-06_15h46.54.486,rating,2023.2.3,60.0375371650119,2024-02-06 15h47.05.207181 +0800,
neu_139.jpg,0.0,375.0,375.0,236.0,1247.7970209142131,,,,,,,,,,,,,,,,,,,,,,,1247.7697857089297,,1247.7698159297215,1247.7698227721648,1247.7970209142131,1248.7803909258946,1248.7970337437946,1249.7804014746616,1249.7804014746616,1250.1470603580474,1250.0139426186995,1250.0139506015512,1250.1470603580474,1250.1470603580474,1250.1470603580474,1250.1470603580474,1250.1470603580474,1250.1470603580474,0.1273034444002405,1250.4989486870927,[99.0],[-51.0],[1],[0],[0],[0.3501569057789311],1250.500142693454,1250.5032494478291,,,,,,,,,,,,,,ED35,1,2024-02-06_15h46.54.486,rating,2023.2.3,60.0375371650119,2024-02-06 15h47.05.207181 +0800,
neu_14.jpg,0.0,52.0,52.0,237.0,183.3613768022351,,,,,,,,,,,,,,,,,,,,,,,183.33234117904976,,183.3323722551468,183.3323790975901,183.3613768022351,184.34474966493508,184.36137138530103,185.34475764778472,185.34475764778472,185.6113948349248,185.57825374573804,185.5782614434884,185.6113948349248,185.6113948349248,185.6113948349248,185.6113948349248,185.6113948349248,185.6113948349248,0.0290662003553734,188.01187620081328,[218.0],[-230.0],[1],[0],[0],[2.400102750691076],188.01237227795536,188.01535330243496,,,,,,,,,,,,,,ED35,1,2024-02-06_15h46.54.486,rating,2023.2.3,60.0375371650119,2024-02-06 15h47.05.207181 +0800,
neu_140.jpg,0.0,228.0,228.0,238.0,758.9216420495522,,,,,,,,,,,,,,,,,,,,,,,758.8934335067042,,758.8934640125972,758.8934711401416,758.9216420495522,759.9050137718423,759.9216802531937,760.9050525456878,760.9050525456878,761.2217017213588,761.13855919241,761.1385674603625,761.2217017213588,761.2217017213588,761.2217017213588,761.2217017213588,761.2217017213588,761.2217017213588,0.0782904525949561,762.8893326023317,[132.0],[173.0],[1],[0],[0],[1.6666968874578743],762.8901759334731,762.8932558882789,,,,,,,,,,,,,,ED35,1,2024-02-06_15h46.54.486,rating,2023.2.3,60.0375371650119,2024-02-06 15h47.05.207181 +0800,
neu_141.jpg,0.0,102.0,102.0,239.0,378.6148685153239,,,,,,,,,,,,,,,,,,,,,,,378.5859112951348,,378.5859418010277,378.585948928574,378.6148685153239,379.59820146377024,379.614889327755,380.5982248421187,380.5982248421187,380.8815558803817,380.8317500204557,380.8317577182042,380.8815558803817,380.8815558803817,380.8815558803817,380.8815558803817,380.8815558803817,380.8815558803817,0.0456596956428256,382.58214823640265,[158.0],[-108.0],[1],[0],[0],[1.700055224218886],382.5827626307946,382.5858939039245,,,,,,,,,,,,,,ED35,1,2024-02-06_15h46.54.486,rating,2023.2.3,60.0375371650119,2024-02-06 15h47.05.207181 +0800,
neu_142.jpg,0.0,269.0,269.0,240.0,882.5238486234866,,,,,,,,,,,,,,,,,,,,,,,882.4958310988477,,882.4958593239262,882.4958655961673,882.5238486234866,883.5071958270219,883.5238586020496,884.5072120778241,884.5072120778241,884.840581619088,884.7407991232558,884.7408071061054,884.840581619088,884.840581619088,884.840581619088,884.840581619088,884.840581619088,884.840581619088,0.0947756091973133,885.1750599212719,[214.0],[-150.0],[1],[0],[0],[0.3333427416928316],885.1759819405106,886.9244446002995,space,885.1905805784663,885.1905805784663,1.7317747958022665,,,,,,,,,,ED35,1,2024-02-06_15h46.54.486,rating,2023.2.3,60.0375371650119,2024-02-06 15h47.05.207181 +0800,
neu_143.jpg,0.0,347.0,347.0,241.0,1140.545108380025,,,,,,,,,,,,,,,,,,,,,,,1140.5177406024031,,1140.517771393399,1140.5177785209437,1140.545108380025,1141.5284552984613,1141.545127196745,1142.528474115179,1142.528474115179,1142.8784827680192,1142.76200585086,1142.7620138337095,1142.8784827680192,1142.8784827680192,1142.8784827680192,1142.8784827680192,1142.8784827680192,1142.8784827680192,0.1107641184553358,1148.2467829825018,[126.0],[-156.0],[1],[0],[0],[5.3667697879900516],1148.247855820597,1148.2509391966232,,,,,,,,,,,,,,ED35,1,2024-02-06_15h46.54.486,rating,2023.2.3,60.0375371650119,2024-02-06 15h47.05.207181 +0800,
neu_144.jpg,0.0,342.0,342.0,242.0,1125.9115163738245,,,,,,,,,,,,,,,,,,,,,,,1125.8842318459283,,1125.8842632071282,1125.8842700495716,1125.9115163738245,1126.8948846748935,1126.9115289183046,1127.894882679182,1127.894882679182,1128.2448904767152,1128.128419831795,1128.1284278146468,1128.2448904767152,1128.2448904767152,1128.2448904767152,1128.2448904767152,1128.2448904767152,1128.2448904767152,0.1106817240342934,1128.8298141791963,[113.0],[-139.0],[1],[0],[0],[0.58335906377215],1128.8309605735558,1128.8340656173204,,,,,,,,,,,,,,ED35,1,2024-02-06_15h46.54.486,rating,2023.2.3,60.0375371650119,2024-02-06 15h47.05.207181 +0800,
neu_145.jpg,0.0,255.0,255.0,243.0,843.1398099340313,,,,,,,,,,,,,,,,,,,,,,,843.1117969710212,,843.1118277620171,843.1118348895616,843.1398099340313,844.1231639800098,844.1398244742231,845.1231773797954,845.1231773797954,845.4398670399223,845.3567518807449,845.3567595784934,845.4398670399223,845.4398670399223,845.4398670399223,845.4398670399223,845.4398670399223,845.4398670399223,0.0780931621466152,845.8577011272064,[203.0],[-172.0],[1],[0],[0],[0.4167236157536536],845.858638541944,845.861735317756,,,,,,,,,,,,,,ED35,1,2024-02-06_15h46.54.486,rating,2023.2.3,60.0375371650119,2024-02-06 15h47.05.207181 +0800,
neu_146.jpg,0.0,361.0,361.0,244.0,1207.646302985102,,,,,,,,,,,,,,,,,,,,,,,1207.619369132426,,1207.619400493626,1207.6194076211705,1207.646302985102,1208.629678698819,1208.6463115381555,1209.6297254555138,1209.6297254555138,1209.9797016067478,1209.8632021665453,1209.863210434498,1209.9797016067478,1209.9797016067478,1209.9797016067478,1209.9797016067478,1209.9797016067478,1209.9797016067478,0.1103606994001893,1210.4480491766408,[118.0],[-232.0],[1],[0],[0],[0.4667033877794893],1210.449195856103,1210.452276381111,,,,,,,,,,,,,,ED35,1,2024-02-06_15h46.54.486,rating,2023.2.3,60.0375371650119,2024-02-06 15h47.05.207181 +0800,
neu_147.jpg,0.0,251.0,251.0,245.0,832.0562833729491,,,,,,,,,,,,,,,,,,,,,,,832.0282949286939,,832.0283262898938,832.0283334174383,832.0562833729491,833.0396274403647,833.0562970578358,834.0396462570843,834.0396462570843,834.3563185260009,834.2731968094831,834.2732042221305,834.3563185260009,834.3563185260009,834.3563185260009,834.3563185260009,834.3563185260009,834.3563185260009,0.0780438395358942,834.690782858197,[128.0],[-153.0],[1],[0],[0],[0.33336098820836924],834.6916689546088,834.6947705771508,,,,,,,,,,,,,,ED35,1,2024-02-06_15h46.54.486,rating,2023.2.3,60.0375371650119,2024-02-06 15h47.05.207181 +0800,
neu_148.jpg,0.0,53.0,53.0,246.0,188.04477381305696,,,,,,,,,,,,,,,,,,,,,,,188.0155822391844,,188.01561303017843,188.01561987262176,188.04477381305696,189.0281238676107,189.044789208554,190.02818801551803,190.02818801551803,190.29481693470552,190.2616889602032,190.2616960877476,190.29481693470552,190.29481693470552,190.29481693470552,190.29481693470552,190.29481693470552,190.29481693470552,0.0292523718326265,193.12862510509515,[162.0],[-129.0],[1],[0],[0],[2.833422427645928],193.1291334416146,193.13218289052747,,,,,,,,,,,,,,ED35,1,2024-02-06_15h46.54.486,rating,2023.2.3,60.0375371650119,2024-02-06 15h47.05.207181 +0800,
neu_149.jpg,0.0,254.0,254.0,247.0,839.8064170144189,,,,,,,,,,,,,,,,,,,,,,,839.778456795244,,839.7784873011387,839.7784941435821,839.8064170144189,840.7897605116323,840.8064321248148,841.7897813240634,841.7897813240634,842.1064701288869,842.0233723609199,842.0233800586684,842.1064701288869,842.1064701288869,842.1064701288869,842.1064701288869,842.1064701288869,842.1064701288869,0.0780375672948139,843.1075646347181,[137.0],[-204.0],[1],[0],[0],[1.0000136848866532],843.1084741094783,843.1115651832533,,,,,,,,,,,,,,ED35,1,2024-02-06_15h46.54.486,rating,2023.2.3,60.0375371650119,2024-02-06 15h47.05.207181 +0800,
neu_15.jpg,0.0,92.0,92.0,248.0,344.8142459100018,,,,,,,,,,,,,,,,,,,,,,,344.7854668784403,,344.7854970992321,344.7855039416754,344.8142459100018,345.7975939688422,345.81425617366585,346.7976350235021,346.7976350235021,347.0809586491196,347.0311499381751,347.03115735082247,347.0809586491196,347.0809586491196,347.0809586491196,347.0809586491196,347.0809586491196,347.0809586491196,0.0455074512792634,350.9815276838126,[-125.0],[-82.0],[1],[0],[0],[3.900111731396464],350.9820651007158,350.9851507575586,,,,,,,,,,,,,,ED35,1,2024-02-06_15h46.54.486,rating,2023.2.3,60.0375371650119,2024-02-06 15h47.05.207181 +0800,
neu_150.jpg,0.0,293.0,293.0,249.0,959.4918824388404,,,,,,,,,,,,,,,,,,,,,,,959.464258924898,,959.464290571199,959.4642974136424,959.4918824388404,960.475231923192,960.4919135149376,961.475251880318,961.475251880318,961.8085926262976,961.7087810500816,961.7087890329312,961.8085926262976,961.8085926262976,961.8085926262976,961.8085926262976,961.8085926262976,961.8085926262976,0.094359360560702,962.109927558482,[87.0],[199.0],[1],[0],[0],[0.30004883793844783],962.1109362486714,962.1141456396964,,,,,,,,,,,,,,ED35,1,2024-02-06_15h46.54.486,rating,2023.2.3,60.0375371650119,2024-02-06 15h47.05.207181 +0800,
neu_151.jpg,0.0,264.0,264.0,250.0,868.006920276126,,,,,,,,,,,,,,,,,,,,,,,867.9788993302682,,867.9789304063652,867.9789375339096,868.006920276126,868.990266909459,869.0069342461156,869.9902820198549,869.9902820198549,870.3236273274651,870.223818317163,870.2238263000145,870.3236273274651,870.3236273274651,870.3236273274651,870.3236273274651,870.3236273274651,870.3236273274651,0.0947499500362027,870.8248913263196,[204.0],[-266.0],[1],[0],[0],[0.5001438338604203],870.8258019414861,870.8289089809641,,,,,,,,,,,,,,ED35,1,2024-02-06_15h46.54.486,rating,2023.2.3,60.0375371650119,2024-02-06 15h47.05.207181 +0800,
neu_152.jpg,0.0,84.0,84.0,251.0,314.89709563939687,,,,,,,,,,,,,,,,,,,,,,,314.8680682841641,,314.86809964536224,314.8681064878056,314.89709563939687,315.88039237991325,315.8970582910606,316.88041119663285,316.88041119663285,317.14700903972334,317.1139403663965,317.11394834924613,317.14700903972334,317.14700903972334,317.14700903972334,317.14700903972334,317.14700903972334,317.14700903972334,0.028955295751075,317.3808746296181,[195.0],[-228.0],[1],[0],[0],[0.23343109474262747],317.381420599575,317.3844777462364,,,,,,,,,,,,,,ED35,1,2024-02-06_15h46.54.486,rating,2023.2.3,60.0375371650119,2024-02-06 15h47.05.207181 +0800,
neu_153.jpg,0.0,232.0,232.0,252.0,772.421880822314,,,,,,,,,,,,,,,,,,,,,,,772.3936956578145,,772.3937261637075,772.3937332912519,772.421880822314,773.4052325874782,773.4218953625059,774.405247412773,774.405247412773,774.7219345069843,774.638829896574,774.6388375943225,774.7219345069843,774.7219345069843,774.7219345069843,774.7219345069843,774.7219345069843,774.7219345069843,0.0782610871101496,775.139581282383,[167.0],[-70.0],[1],[0],[0],[0.41666944640928705],775.1404191965885,775.1434863218128,,,,,,,,,,,,,,ED35,1,2024-02-06_15h46.54.486,rating,2023.2.3,60.0375371650119,2024-02-06 15h47.05.207181 +0800,
neu_154.jpg,0.0,247.0,247.0,253.0,821.806097700397,,,,,,,,,,,,,,,,,,,,,,,821.7781828124098,,821.7782138885068,821.7782210160512,821.806097700397,822.789444903934,822.8061111001825,823.7894625802455,823.7894625802455,824.1061357044673,824.0230795613661,824.0230872591146,824.1061357044673,824.1061357044673,824.1061357044673,824.1061357044673,824.1061357044673,824.1061357044673,0.0779762704078166,824.3572106095507,[108.0],[-146.0],[1],[0],[0],[0.2500154667723109],824.3580847316862,824.3612676082448,,,,,,,,,,,,,,ED35,1,2024-02-06_15h46.54.486,rating,2023.2.3,60.0375371650119,2024-02-06 15h47.05.207181 +0800,
neu_155.jpg,0.0,153.0,153.0,254.0,536.5010048413133,,,,,,,,,,,,,,,,,,,,,,,536.4725750594644,,536.4726052802562,536.4726121226995,536.5010048413133,537.4843708615699,537.5010176708947,538.484371146671,538.484371146671,538.7844000274836,538.717901456841,538.7179091545913,538.7844000274836,538.7844000274836,538.7844000274836,538.7844000274836,538.7844000274836,538.7844000274836,0.0618443549410585,539.0517419862881,[216.0],[-141.0],[1],[0],[0],[0.26669420750113204],539.0524427665259,539.0555250021462,,,,,,,,,,,,,,ED35,1,2024-02-06_15h46.54.486,rating,2023.2.3,60.0375371650119,2024-02-06 15h47.05.207181 +0800,
neu_156.jpg,0.0,310.0,310.0,255.0,1016.1095828704,,,,,,,,,,,,,,,,,,,,,,,1016.0819003403832,,1016.081930846276,1016.0819376887192,1016.1095828704,1017.0929089764012,1017.1095771683632,1018.0929275080198,1018.0929275080198,1018.4261941275308,1018.3265085663116,1018.326516549163,1018.4261941275308,1018.4261941275308,1018.4261941275308,1018.4261941275308,1018.4261941275308,1018.4261941275308,0.0943174505973729,1018.627719479211,[-455.0],[263.0],[1],[0],[0],[0.20022585765036638],1018.6287127739016,1018.6317690652576,,,,,,,,,,,,,,ED35,1,2024-02-06_15h46.54.486,rating,2023.2.3,60.0375371650119,2024-02-06 15h47.05.207181 +0800,
neu_157.jpg,0.0,295.0,295.0,256.0,964.7920002714164,,,,,,,,,,,,,,,,,,,,,,,964.7641982837448,,964.7642285045348,964.7642356320812,964.7920002714164,965.7753258072152,965.7919897226512,966.7753434835286,966.7753434835286,967.1086876507306,967.0088752192078,967.0088829169564,967.1086876507306,967.1086876507306,967.1086876507306,967.1086876507306,967.1086876507306,967.1086876507306,0.0945130304353369,967.5100003734842,[-463.0],[259.0],[1],[0],[0],[0.40003803257968684],967.5110013659232,967.5140790399146,,,,,,,,,,,,,,ED35,1,2024-02-06_15h46.54.486,rating,2023.2.3,60.0375371650119,2024-02-06 15h47.05.207181 +0800,
neu_158.jpg,0.0,335.0,335.0,257.0,1105.744489481027,,,,,,,,,,,,,,,,,,,,,,,1105.7169760163815,,1105.71700424146,1105.7170102285982,1105.744489481027,1106.727837539867,1106.7445037361176,1107.7278535055684,1107.7278535055684,1108.0778883877756,1107.961382675332,1107.9613906581835,1108.0778883877756,1108.0778883877756,1108.0778883877756,1108.0778883877756,1108.0778883877756,1108.0778883877756,0.110973383179953,1109.5794220929383,[95.0],[116.0],[1],[0],[0],[1.5000277974268101],1109.5804766845176,1109.583507031608,,,,,,,,,,,,,,ED35,1,2024-02-06_15h46.54.486,rating,2023.2.3,60.0375371650119,2024-02-06 15h47.05.207181 +0800,
neu_159.jpg,0.0,164.0,164.0,258.0,568.7182461449247,,,,,,,,,,,,,,,,,,,,,,,568.6896641187122,,568.6896940544011,568.6897008968444,568.7182461449247,569.701610169468,569.7182795018362,570.7016104545692,570.7016104545692,571.0016353439569,570.9351342073987,570.9351419051472,571.0016353439569,571.0016353439569,571.0016353439569,571.0016353439569,571.0016353439569,571.0016353439569,0.0620262498941883,574.802408483034,[-272.0],[-78.0],[1],[0],[0],[3.800044703963067],574.8031032761337,574.8061746778858,,,,,,,,,,,,,,ED35,1,2024-02-06_15h46.54.486,rating,2023.2.3,60.0375371650119,2024-02-06 15h47.05.207181 +0800,
neu_16.jpg,0.0,34.0,34.0,259.0,128.46041660786432,,,,,,,,,,,,,,,,,,,,,,,128.43110301041816,,128.43113038019146,128.43113665243254,128.46041660786432,129.44372503755585,129.4603895231921,130.44374927120953,130.44374927120953,130.7104166791396,130.67727102832578,130.6772790111754,130.7104166791396,130.7104166791396,130.7104166791396,130.7104166791396,130.7104166791396,130.7104166791396,0.0293307748306688,131.67754187504033,[-185.0],[-74.0],[1],[0],[0],[0.9667591251818521],131.67798349773693,131.68111847719229,,,,,,,,,,,,,,ED35,1,2024-02-06_15h46.54.486,rating,2023.2.3,60.0375371650119,2024-02-06 15h47.05.207181 +0800,
neu_160.jpg,0.0,301.0,301.0,260.0,984.7256647790072,,,,,,,,,,,,,,,,,,,,,,,984.6981079788876,,984.6981407655948,984.6981476080382,984.7256647790072,985.7090139782558,985.7256821702176,986.7090285184496,986.7090285184496,987.0423729707528,986.9426064406216,986.942623831832,987.0423729707528,987.0423729707528,987.0423729707528,987.0423729707528,987.0423729707528,987.0423729707528,0.0943040508118429,987.4437287438795,[162.0],[229.0],[1],[0],[0],[0.39999954383711156],987.4446978049164,987.4477900190996,,,,,,,,,,,,,,ED35,1,2024-02-06_15h46.54.486,rating,2023.2.3,60.0375371650119,2024-02-06 15h47.05.207181 +0800,
neu_161.jpg,0.0,130.0,130.0,261.0,469.1331305689291,,,,,,,,,,,,,,,,,,,,,,,469.1045382790508,,469.1045682147415,469.1045750571848,469.1331305689291,470.1164823340951,470.1331804617457,471.1164863255199,471.1164863255199,471.3998735288387,471.3500785027827,471.35008734093753,471.3998735288387,471.3998735288387,471.3998735288387,471.3998735288387,471.3998735288387,471.3998735288387,0.0453591983405203,471.6506268390858,[153.0],[-71.0],[1],[0],[0],[0.2501477540099586],471.65129939424514,471.6543710810984,,,,,,,,,,,,,,ED35,1,2024-02-06_15h46.54.486,rating,2023.2.3,60.0375371650119,2024-02-06 15h47.05.207181 +0800,
neu_162.jpg,0.0,62.0,62.0,262.0,219.6286694384271,,,,,,,,,,,,,,,,,,,,,,,219.5995642504004,,219.5995947562933,219.59960159873663,219.6286694384271,220.6120220588964,220.6287062165593,221.61203916500563,221.61203916500563,221.87872367904487,221.8455706155837,221.8455780282311,221.87872367904487,221.87872367904487,221.87872367904487,221.87872367904487,221.87872367904487,221.87872367904487,0.0291728284282726,226.8792300198511,[-159.0],[-117.0],[1],[0],[0],[5.00010577276953],226.8797534667665,226.8828211621949,,,,,,,,,,,,,,ED35,1,2024-02-06_15h46.54.486,rating,2023.2.3,60.0375371650119,2024-02-06 15h47.05.207181 +0800,
neu_163.jpg,0.0,172.0,172.0,263.0,593.5853573423265,,,,,,,,,,,,,,,,,,,,,,,593.556826634438,,593.5568585658402,593.5568654082836,593.5853573423265,594.568706826678,594.585391269442,595.5687210817669,595.5687210817669,595.8687311458616,595.8022573790768,595.8022653619264,595.8687311458616,595.8687311458616,595.8687311458616,595.8687311458616,595.8687311458616,595.8687311458616,0.0619236132424703,596.7362357837555,[-173.0],[-119.0],[1],[0],[0],[0.8667288758806535],596.7369907333359,596.740046454488,,,,,,,,,,,,,,ED35,1,2024-02-06_15h46.54.486,rating,2023.2.3,60.0375371650119,2024-02-06 15h47.05.207181 +0800,
neu_164.jpg,0.0,241.0,241.0,264.0,804.9724620165998,,,,,,,,,,,,,,,,,,,,,,,804.9443315916469,,804.9443635230491,804.9443703654924,804.9724620165998,805.9558115009495,805.9724979394268,806.955829747465,806.955829747465,807.272529956359,807.1893783041523,807.1893865721049,807.272529956359,807.272529956359,807.272529956359,807.272529956359,807.272529956359,807.272529956359,0.0782171814316825,807.6068736904926,[-283.0],[-112.0],[1],[0],[0],[0.3333250653813593],807.6077352681477,807.6107978317432,,,,,,,,,,,,,,ED35,1,2024-02-06_15h46.54.486,rating,2023.2.3,60.0375371650119,2024-02-06 15h47.05.207181 +0800,
neu_165.jpg,0.0,331.0,331.0,265.0,1093.477620506119,,,,,,,,,,,,,,,,,,,,,,,1093.450217375872,,1093.4502513029877,1093.450259285837,1093.477620506119,1094.4609537396664,1094.4776367569211,1095.4609796839304,1095.4609796839304,1095.8109780731047,1095.6945989458654,1095.694606643614,1095.8109780731047,1095.8109780731047,1095.8109780731047,1095.8109780731047,1095.8109780731047,1095.8109780731047,0.1107812245627428,1097.2291611250002,[103.0],[-73.0],[1],[0],[0],[1.4167481345066335],1097.2302405204373,1097.2332480593832,,,,,,,,,,,,,,ED35,1,2024-02-06_15h46.54.486,rating,2023.2.3,60.0375371650119,2024-02-06 15h47.05.207181 +0800,
neu_166.jpg,0.0,379.0,379.0,266.0,1260.2472397155943,,,,,,,,,,,,,,,,,,,,,,,1260.2201527632496,,1260.2201835542437,1260.2201903966888,1260.2472397155943,1261.2305889148429,1261.247253400481,1262.2306128633936,1262.2306128633936,1262.5972837210577,1262.464219010646,1262.4642272785986,1262.5972837210577,1262.5972837210577,1262.5972837210577,1262.5972837210577,1262.5972837210577,1262.5972837210577,0.1271571871748165,1262.8325143783968,[157.0],[-146.0],[1],[0],[0],[0.233396027220806],1262.8337149421004,1262.8367991734322,,,,,,,,,,,,,,ED35,1,2024-02-06_15h46.54.486,rating,2023.2.3,60.0375371650119,2024-02-06 15h47.05.207181 +0800,
neu_167.jpg,0.0,106.0,106.0,267.0,390.8650678727609,,,,,,,,,,,,,,,,,,,,,,,390.83615569865833,,390.8361890555698,390.8361958980131,390.8650678727609,391.84841735711234,391.8650647366412,392.84845242463416,392.84845242463416,393.1317749098434,393.08201894273407,393.08202806599184,393.1317749098434,393.1317749098434,393.1317749098434,393.1317749098434,393.1317749098434,393.1317749098434,0.045633751376954,394.1324908004772,[-142.0],[-186.0],[1],[0],[0],[1.0001816098501877],394.1330464638959,394.1360981936232,,,,,,,,,,,,,,ED35,1,2024-02-06_15h46.54.486,rating,2023.2.3,60.0375371650119,2024-02-06 15h47.05.207181 +0800,
neu_168.jpg,0.0,5.0,5.0,268.0,25.608542676462093,,,,,,,,,,,,,,,,,,,,,,,25.579152386630085,,25.579183177625964,25.57919002006929,25.608542676462093,26.591908126512863,26.608554365635428,27.59190156917248,27.59190156917248,27.841903351058136,27.82545468748685,27.825462955439438,27.841903351058136,27.841903351058136,27.841903351058136,27.841903351058136,27.841903351058136,27.841903351058136,0.0127663599250809,29.275653246639195,[270.0],[-129.0],[1],[0],[0],[1.4334736319306103],29.276052104065457,29.27893619393035,,,,,,,,,,,,,,ED35,1,2024-02-06_15h46.54.486,rating,2023.2.3,60.0375371650119,2024-02-06 15h47.05.207181 +0800,
neu_169.jpg,0.0,339.0,339.0,269.0,1118.111377586265,,,,,,,,,,,,,,,,,,,,,,,1118.0842558515014,,1118.084283791477,1118.084290063718,1118.111377586265,1119.0947256451072,1119.1113895605413,1120.094740185299,1120.094740185299,1120.444756250787,1120.3283004311595,1120.3283084140094,1120.444756250787,1120.444756250787,1120.444756250787,1120.444756250787,1120.444756250787,1120.444756250787,0.1105286243637238,1120.679682419397,[127.0],[162.0],[1],[0],[0],[0.233413133328213],1120.6807487001497,1120.6838631522733,,,,,,,,,,,,,,ED35,1,2024-02-06_15h46.54.486,rating,2023.2.3,60.0375371650119,2024-02-06 15h47.05.207181 +0800,
neu_17.jpg,0.0,56.0,56.0,270.0,198.2282892836793,,,,,,,,,,,,,,,,,,,,,,,198.19913477304,,198.19916527893287,198.19917212137625,198.2282892836793,199.2116496018989,199.22830353877,200.21166585270112,200.21166585270112,200.4783244224764,200.44518304818848,200.44519046083587,200.4783244224764,200.4783244224764,200.4783244224764,200.4783244224764,200.4783244224764,200.4783244224764,0.0292033343230286,200.8454009800098,[-219.0],[137.0],[1],[0],[0],[0.3667087762023584],200.8459019038819,200.84895591442364,,,,,,,,,,,,,,ED35,1,2024-02-06_15h46.54.486,rating,2023.2.3,60.0375371650119,2024-02-06 15h47.05.207181 +0800,
neu_170.jpg,0.0,196.0,196.0,271.0,661.0365657320745,,,,,,,,,,,,,,,,,,,,,,,661.008252556865,,661.0082833478591,661.0082901903024,661.0365657320745,662.01993032682,662.0365816977755,663.0199542753726,663.0199542753726,663.319967475587,663.253503117161,663.2535282061199,663.319967475587,663.319967475587,663.319967475587,663.319967475587,663.319967475587,663.319967475587,0.0617345907467097,663.7208824813206,[58.0],[-64.0],[1],[0],[0],[0.40010531660846027],663.7216528263998,663.7246743353353,,,,,,,,,,,,,,ED35,1,2024-02-06_15h46.54.486,rating,2023.2.3,60.0375371650119,2024-02-06 15h47.05.207181 +0800,
neu_171.jpg,0.0,57.0,57.0,272.0,200.8783661613816,,,,,,,,,,,,,,,,,,,,,,,200.8491882723938,,200.84921877828677,200.84922562073007,200.8783661613816,201.86168628024643,201.87835874873417,202.861709373492,202.861709373492,203.12837678142387,203.09523255611748,203.095240253866,203.12837678142387,203.12837678142387,203.12837678142387,203.12837678142387,203.12837678142387,203.12837678142387,0.0292013386097096,203.6289026517043,[297.0],[-253.0],[1],[0],[0],[0.500139557332659],203.6294084223064,203.6325414060484,,,,,,,,,,,,,,ED35,1,2024-02-06_15h46.54.486,rating,2023.2.3,60.0375371650119,2024-02-06 15h47.05.207181 +0800,
neu_172.jpg,0.0,120.0,120.0,273.0,441.1826296593117,,,,,,,,,,,,,,,,,,,,,,,441.1666722261525,441.1826296593117,442.1661778596208,442.1661849871671,442.1993349145087,443.1660016667047,443.1993551567357,444.1660407256532,444.1660407256532,444.4493942869594,444.3995884270335,444.3995964098849,444.4493942869594,444.4493942869594,444.4493942869594,444.4493942869594,444.4493942869594,444.4493942869594,0.0329099428963672,444.85000223804855,[192.0],[171.0],[1],[0],[0],[0.4000400282930059],444.850634878956,444.8537042849948,,,,,,442.1993349145087,,,,,,,,ED35,1,2024-02-06_15h46.54.486,rating,2023.2.3,60.0375371650119,2024-02-06 15h47.05.207181 +0800,
neu_173.jpg,0.0,12.0,12.0,274.0,52.72568217021762,,,,,,,,,,,,,,,,,,,,,,,52.69644954168507,,52.6964809028832,52.69648774532652,52.72568217021762,53.70903536089281,53.72570839958462,54.7090484755754,54.7090484755754,54.95905595949807,54.94262297652495,54.9426309593764,54.95905595949807,54.95905595949807,54.95905595949807,54.95905595949807,54.95905595949807,54.95905595949807,0.0126212431059684,56.15946656311826,[223.0],[-260.0],[1],[0],[0],[1.2001329144623014],56.15990134337153,56.16303404201062,,,,,,,,,,,,,,ED35,1,2024-02-06_15h46.54.486,rating,2023.2.3,60.0375371650119,2024-02-06 15h47.05.207181 +0800,
neu_174.jpg,0.0,356.0,356.0,275.0,1176.8957761882411,,,,,,,,,,,,,,,,,,,,,,,1176.868417533875,,1176.868449180176,1176.8684563077204,1176.8957761882411,1177.8791051452608,1177.8957682053897,1178.8791225364712,1178.8791225364712,1179.2291317595136,1179.1126901949792,1179.1127075861878,1179.2291317595136,1179.2291317595136,1179.2291317595136,1179.2291317595136,1179.2291317595136,1179.2291317595136,0.1107373188860947,1179.6974779038974,[182.0],[-187.0],[1],[0],[0],[0.4667455828457605],1179.6985501717882,1179.7015249240285,,,,,,,,,,,,,,ED35,1,2024-02-06_15h46.54.486,rating,2023.2.3,60.0375371650119,2024-02-06 15h47.05.207181 +0800,
neu_175.jpg,0.0,19.0,19.0,276.0,76.34277276901412,,,,,,,,,,,,,,,,,,,,,,,76.31363251346556,,76.31366358956257,76.31367043200589,76.34277276901412,77.32613964457596,77.34280612592556,78.32616159741337,78.32616159741337,78.57617763439157,78.55967166535629,78.55967907800368,78.57617763439157,78.57617763439157,78.57617763439157,78.57617763439157,78.57617763439157,78.57617763439157,0.0125590909119637,80.94318975891474,[161.0],[-145.0],[1],[0],[0],[2.3667213206827],80.94357806757398,80.94665460115903,,,,,,,,,,,,,,ED35,1,2024-02-06_15h46.54.486,rating,2023.2.3,60.0375371650119,2024-02-06 15h47.05.207181 +0800,
neu_176.jpg,0.0,209.0,209.0,277.0,699.6205839512204,,,,,,,,,,,,,,,,,,,,,,,699.5922895927288,,699.5923198135206,699.592326941065,699.6205839512204,700.6039516820874,700.6205982063111,701.6039710690093,701.6039710690093,701.9206601589322,701.837489975107,701.8374979579585,701.9206601589322,701.9206601589322,701.9206601589322,701.9206601589322,701.9206601589322,701.9206601589322,0.0784287269707419,702.12153918482,[227.0],[-102.0],[1],[0],[0],[0.1999664150080207],702.1223927796254,704.0377209645903,space,702.1372927701887,702.1372927701887,1.89442993751436,,,,,,,,,,ED35,1,2024-02-06_15h46.54.486,rating,2023.2.3,60.0375371650119,2024-02-06 15h47.05.207181 +0800,
neu_177.jpg,0.0,184.0,184.0,278.0,629.1026797003815,,,,,,,,,,,,,,,,,,,,,,,629.0742353783407,,629.0742684501492,629.0742761478978,629.1026797003815,630.0860003894486,630.1026725728352,631.0860260486115,631.0860260486115,631.3860326914837,631.3195677628555,631.319575460604,631.3860326914837,631.3860326914837,631.3860326914837,631.3860326914837,631.3860326914837,631.3860326914837,0.061814989456252,631.720187973322,[276.0],[-93.0],[1],[0],[0],[0.3334034683775826],631.7209232508794,631.7239165347364,,,,,,,,,,,,,,ED35,1,2024-02-06_15h46.54.486,rating,2023.2.3,60.0375371650119,2024-02-06 15h47.05.207181 +0800,
neu_178.jpg,0.0,229.0,229.0,279.0,762.9217127548,,,,,,,,,,,,,,,,,,,,,,,762.8934902419624,,762.8935218882634,762.8935290158079,762.9217127548,763.9050628093537,763.921749247831,764.9050782048507,764.9050782048507,765.2217547502951,765.1386373103032,765.1386452931547,765.2217547502951,765.2217547502951,765.2217547502951,765.2217547502951,765.2217547502951,765.2217547502951,0.0782838952545716,766.6394602566652,[166.0],[-147.0],[1],[0],[0],[1.4167113563762541],766.6403366596169,766.6434397076682,,,,,,,,,,,,,,ED35,1,2024-02-06_15h46.54.486,rating,2023.2.3,60.0375371650119,2024-02-06 15h47.05.207181 +0800,
neu_179.jpg,0.0,250.0,250.0,280.0,829.4729029265418,,,,,,,,,,,,,,,,,,,,,,,829.4449552518454,,829.4449874683505,829.4449943107938,829.4729029265418,830.4562498449759,830.4729126200036,831.4562672361862,831.4562672361862,831.7729415008162,831.6898135120573,831.6898214949088,831.7729415008162,831.7729415008162,831.7729415008162,831.7729415008162,831.7729415008162,831.7729415008162,0.0780082018081884,832.0240551797433,[155.0],[-159.0],[1],[0],[0],[0.25004027063005196],832.024931297592,832.0280662770474,,,,,,,,,,,,,,ED35,1,2024-02-06_15h46.54.486,rating,2023.2.3,60.0375371650119,2024-02-06 15h47.05.207181 +0800,
neu_18.jpg,0.0,48.0,48.0,281.0,172.99450551800328,,,,,,,,,,,,,,,,,,,,,,,172.9654516483024,,172.96548215419534,172.96548899663867,172.99450551800328,173.97787381907256,173.9945209135003,174.9778715382581,174.9778715382581,175.24454692903964,175.2114774004076,175.21148509815612,175.24454692903964,175.24454692903964,175.24454692903964,175.24454692903964,175.24454692903964,175.24454692903964,0.0291095358279562,175.61164657981865,[185.0],[-219.0],[1],[0],[0],[0.3667284482271498],175.61213752512776,175.61518212731062,,,,,,,,,,,,,,ED35,1,2024-02-06_15h46.54.486,rating,2023.2.3,60.0375371650119,2024-02-06 15h47.05.207181 +0800,
neu_180.jpg,0.0,252.0,252.0,282.0,834.7229959410051,,,,,,,,,,,,,,,,,,,,,,,834.6950017947165,,834.6950328708135,834.695039998358,834.7229959410051,835.7063454253566,835.7230461189229,836.7063591102433,836.7063591102433,837.0230607446465,836.9399088073369,836.9399165050854,837.0230607446465,837.0230607446465,837.0230607446465,837.0230607446465,837.0230607446465,837.0230607446465,0.0780831835836579,837.1908750886305,[224.0],[-203.0],[1],[0],[0],[0.1666325969999889],837.1917383768978,837.1948180466024,,,,,,,,,,,,,,ED35,1,2024-02-06_15h46.54.486,rating,2023.2.3,60.0375371650119,2024-02-06 15h47.05.207181 +0800,
neu_181.jpg,0.0,319.0,319.0,283.0,1040.7433476482947,,,,,,,,,,,,,,,,,,,,,,,1040.715812515913,,1040.7158441622123,1040.7158510046556,1040.7433476482947,1041.726679741436,1041.743354490738,1042.7266968475433,1042.7266968475433,1043.076718329965,1042.9602434085173,1042.960251961571,1043.076718329965,1043.076718329965,1043.076718329965,1043.076718329965,1043.076718329965,1043.076718329965,0.110927766891109,1043.478088358181,[176.0],[-113.0],[1],[0],[0],[0.399983293034893],1043.4791463709826,1043.482213211104,,,,,,,,,,,,,,ED35,1,2024-02-06_15h46.54.486,rating,2023.2.3,60.0375371650119,2024-02-06 15h47.05.207181 +0800,
neu_182.jpg,0.0,126.0,126.0,284.0,458.33298807504616,,,,,,,,,,,,,,,,,,,,,,,458.3041734057606,,458.3042044818576,458.3042113243009,458.33298807504616,459.3162902324984,459.3329498714047,460.3163039173851,460.3163039173851,460.5996429384995,460.5498385040828,460.5498467720354,460.5996429384995,460.5996429384995,460.5996429384995,460.5996429384995,460.5996429384995,460.5996429384995,0.0454946216977987,461.0502446316041,[253.0],[-114.0],[1],[0],[0],[0.45002521725473343],461.0508333668331,461.053980890767,,,,,,,,,,,,,,ED35,1,2024-02-06_15h46.54.486,rating,2023.2.3,60.0375371650119,2024-02-06 15h47.05.207181 +0800,
neu_183.jpg,0.0,267.0,267.0,285.0,876.7237403418203,,,,,,,,,,,,,,,,,,,,,,,876.6958850401097,,876.6959129800871,876.6959195374275,876.7237403418203,877.707090681477,877.7237580181318,878.7071072173803,878.7071072173803,879.0404525249905,878.9406389530614,878.940646935911,879.0404525249905,879.0404525249905,879.0404525249905,879.0404525249905,879.0404525249905,879.0404525249905,0.094594854654133,879.3749704563252,[-440.0],[259.0],[1],[0],[0],[0.3333501543402235],879.3758551272276,879.3789427797819,,,,,,,,,,,,,,ED35,1,2024-02-06_15h46.54.486,rating,2023.2.3,60.0375371650119,2024-02-06 15h47.05.207181 +0800,
neu_184.jpg,0.0,47.0,47.0,286.0,170.41112678220634,,,,,,,,,,,,,,,,,,,,,,,170.3819848160474,,170.3820147517381,170.38202187928255,170.41112678220634,171.3944737006423,171.4111658411548,172.39449137695374,172.39449137695374,172.66118273343636,172.62802852956702,172.62803651241848,172.66118273343636,172.66118273343636,172.66118273343636,172.66118273343636,172.66118273343636,172.66118273343636,0.0292130277848627,172.96167690039692,[55.0],[145.0],[1],[0],[0],[0.3001280962398596],172.96216214366905,172.96522584767263,,,,,,,,,,,,,,ED35,1,2024-02-06_15h46.54.486,rating,2023.2.3,60.0375371650119,2024-02-06 15h47.05.207181 +0800,
neu_185.jpg,0.0,360.0,360.0,287.0,1202.879549904077,,,,,,,,,,,,,,,,,,,,,,,1202.8637401536523,1202.879549904077,1203.863128610279,1203.8631360229265,1203.8962371978596,1204.8629190604534,1204.8962648527358,1205.8629336006452,1205.8629336006452,1206.212949951234,1206.096468757547,1206.0964761701923,1206.212949951234,1206.212949951234,1206.212949951234,1206.212949951234,1206.212949951234,1206.212949951234,0.099414500677085,1207.6148186225073,[71.0],[-213.0],[1],[0],[0],[1.4001509328954853],1207.615927098328,1207.619133353233,,,,,,1203.8962371978596,,,,,,,,ED35,1,2024-02-06_15h46.54.486,rating,2023.2.3,60.0375371650119,2024-02-06 15h47.05.207181 +0800,
neu_186.jpg,0.0,37.0,37.0,288.0,138.54395742403722,,,,,,,,,,,,,,,,,,,,,,,138.51473848039132,,138.51476642036687,138.51477269260795,138.54395742403722,139.52723876905657,139.54390325469467,140.52725444965472,140.52725444965472,140.79392413840105,140.76078561513168,140.76079302777907,140.79392413840105,140.79392413840105,140.79392413840105,140.79392413840105,140.79392413840105,140.79392413840105,0.0292039045270939,141.82772010643384,[61.0],[-109.0],[1],[0],[0],[1.0334455779156997],141.82817284810153,141.8312260033381,,,,,,,,,,,,,,ED35,1,2024-02-06_15h46.54.486,rating,2023.2.3,60.0375371650119,2024-02-06 15h47.05.207181 +0800,
neu_187.jpg,0.0,36.0,36.0,289.0,134.22714231911596,,,,,,,,,,,,,,,,,,,,,,,134.1980813218688,,134.19810869164212,134.19811496388138,134.22714231911596,135.21051575201818,135.22717339521114,136.2105103350823,136.2105103350823,136.47720169156673,136.44406288319442,136.4440705809429,136.47720169156673,136.47720169156673,136.47720169156673,136.47720169156673,136.47720169156673,136.47720169156673,0.0291414672301471,138.51104099507393,[-217.0],[-158.0],[1],[0],[0],[2.033461543616795],138.511464371255,138.51453292198858,,,,,,,,,,,,,,ED35,1,2024-02-06_15h46.54.486,rating,2023.2.3,60.0375371650119,2024-02-06 15h47.05.207181 +0800,
neu_188.jpg,0.0,381.0,381.0,290.0,1266.764022946134,,,,,,,,,,,,,,,,,,,,,,,1266.7368478973312,,1266.7368795436323,1266.7368866711768,1266.764022946134,1267.747378987826,1267.7640565881466,1268.7474117745332,1268.7474117745332,1269.114066666496,1268.9809360975669,1268.9809440804163,1269.114066666496,1269.114066666496,1269.114066666496,1269.114066666496,1269.114066666496,1269.114066666496,0.127245568733997,1269.4658420952255,[224.0],[-89.0],[1],[0],[0],[0.3500160654857609],1269.4669890597888,1269.4700889717203,,,,,,,,,,,,,,ED35,1,2024-02-06_15h46.54.486,rating,2023.2.3,60.0375371650119,2024-02-06 15h47.05.207181 +0800,
neu_189.jpg,0.0,113.0,113.0,291.0,411.46545264615816,,,,,,,,,,,,,,,,,,,,,,,411.43674232413287,,411.4367731151288,411.43677967246913,411.46545264615816,412.44878702011374,412.4654509355478,413.4488044113241,413.4488044113241,413.73213687509633,413.6823347214941,413.6823427043455,413.73213687509633,413.73213687509633,413.73213687509633,413.73213687509633,413.73213687509633,413.73213687509633,0.0454085209512413,416.3827839564092,[160.0],[-80.0],[1],[0],[0],[2.6500563503723242],416.3834114654837,416.3864740290792,,,,,,,,,,,,,,ED35,1,2024-02-06_15h46.54.486,rating,2023.2.3,60.0375371650119,2024-02-06 15h47.05.207181 +0800,
neu_19.jpg,0.0,234.0,234.0,292.0,777.9220240859704,,,,,,,,,,,,,,,,,,,,,,,777.8937485441984,,777.8937799053983,777.8937870329428,777.9220240859704,778.9053219668949,778.9220320688219,779.9053367921879,779.9053367921879,780.2220578135148,780.1389212717022,780.1389289694507,780.2220578135148,780.2220578135148,780.2220578135148,780.2220578135148,780.2220578135148,780.2220578135148,0.0783295115434157,781.4730560262105,[66.0],[-30.0],[1],[0],[0],[1.2499989308689692],781.4739016381664,781.476991001331,,,,,,,,,,,,,,ED35,1,2024-02-06_15h46.54.486,rating,2023.2.3,60.0375371650119,2024-02-06 15h47.05.207181 +0800,
neu_190.jpg,0.0,124.0,124.0,293.0,452.6328863792333,,,,,,,,,,,,,,,,,,,,,,,452.6039827581826,,452.6040135491785,452.6040206767229,452.6328863792333,453.6162093491148,453.6328812474003,454.61620535769,454.61620535769,454.8995694677633,454.8497909776106,454.84979896046207,454.8995694677633,454.8995694677633,454.8995694677633,454.8995694677633,454.8995694677633,454.8995694677633,0.0456029603828938,455.7001558651573,[381.0],[-210.0],[1],[0],[0],[0.8000358658064215],455.7007768168896,455.7038801500439,,,,,,,,,,,,,,ED35,1,2024-02-06_15h46.54.486,rating,2023.2.3,60.0375371650119,2024-02-06 15h47.05.207181 +0800,
neu_191.jpg,0.0,326.0,326.0,294.0,1063.5104206135456,,,,,,,,,,,,,,,,,,,,,,,1063.4828287459022,,1063.4828598219992,1063.4828669495455,1063.5104206135456,1064.4937512811755,1064.510416907222,1065.4937706680994,1065.4937706680994,1065.8437770401251,1065.7273263523311,1065.7273343351808,1065.8437770401251,1065.8437770401251,1065.8437770401251,1065.8437770401251,1065.8437770401251,1065.8437770401251,0.1109745235880836,1066.1451935114255,[-199.0],[-126.0],[1],[0],[0],[0.30000236634441535],1066.146202201613,1066.1493619849243,,,,,,,,,,,,,,ED35,1,2024-02-06_15h46.54.486,rating,2023.2.3,60.0375371650119,2024-02-06 15h47.05.207181 +0800,
neu_192.jpg,0.0,38.0,38.0,295.0,141.8606145825579,,,,,,,,,,,,,,,,,,,,,,,141.83145265927303,,141.83148259496193,141.8314897225082,141.8606145825579,142.84396349670533,142.86062056969604,143.843982883629,143.843982883629,144.11068963560865,144.0775379976567,144.0775456954052,144.11068963560865,144.11068963560865,144.11068963560865,144.11068963560865,144.11068963560865,144.11068963560865,0.0292523718326265,144.677777939336,[61.0],[-109.0],[1],[0],[0],[0.5667595813447406],144.678200745313,144.68131092091062,,,,,,,,,,,,,,ED35,1,2024-02-06_15h46.54.486,rating,2023.2.3,60.0375371650119,2024-02-06 15h47.05.207181 +0800,
neu_2.jpg,0.0,261.0,261.0,296.0,859.2067709398016,,,,,,,,,,,,,,,,,,,,,,,859.1789005276951,,859.178931033588,859.1789378760313,859.2067709398016,860.1901132966068,860.2067800630593,861.1901264112894,861.1901264112894,861.5234717188996,861.4236609979871,861.4236686957356,861.5234717188996,861.5234717188996,861.5234717188996,861.5234717188996,861.5234717188996,861.5234717188996,0.0945968503674521,862.7746156186186,[-99.0],[-113.0],[1],[0],[0],[1.2500314324734063],862.7755219572591,862.7785873718713,,,,,,,,,,,,,,ED35,1,2024-02-06_15h46.54.486,rating,2023.2.3,60.0375371650119,2024-02-06 15h47.05.207181 +0800,
neu_20.jpg,0.0,119.0,119.0,297.0,430.71576918043866,,,,,,,,,,,,,,,,,,,,,,,430.68693911565424,,430.6869699066501,430.6869767490935,430.71576918043866,431.6991297837594,431.7158156520327,432.69914803027496,432.69914803027496,432.9824990256639,432.9326766298345,432.9326843275831,432.9824990256639,432.9824990256639,432.9824990256639,432.9824990256639,432.9824990256639,432.9824990256639,0.0455804373414139,433.1831970119056,[261.0],[162.0],[1],[0],[0],[0.20011039141900255],433.1838319336257,441.1663315294936,space,433.1991575811844,433.1991575811844,7.957709423668348,,,,,,,,,,ED35,1,2024-02-06_15h46.54.486,rating,2023.2.3,60.0375371650119,2024-02-06 15h47.05.207181 +0800,
neu_21.jpg,0.0,306.0,306.0,298.0,1004.1093465210032,,,,,,,,,,,,,,,,,,,,,,,1004.081827639422,,1004.0818581453168,1004.0818652728613,1004.1093465210032,1005.0926934394374,1005.10936020589,1006.0927105455448,1006.0927105455448,1006.4260729592625,1006.3262639489622,1006.3262722169148,1006.4260729592625,1006.4260729592625,1006.4260729592625,1006.4260729592625,1006.4260729592625,1006.4260729592625,0.094270123698152,1008.1275605349527,[141.0],[-71.0],[1],[0],[0],[1.7001604267861694],1008.1285803441116,1008.1316602989172,,,,,,,,,,,,,,ED35,1,2024-02-06_15h46.54.486,rating,2023.2.3,60.0375371650119,2024-02-06 15h47.05.207181 +0800,
neu_22.jpg,0.0,148.0,148.0,299.0,519.5840310487274,,,,,,,,,,,,,,,,,,,,,,,519.5553706195169,,519.5554011254117,519.555407967855,519.5840310487274,520.5674059071389,520.5840558525852,521.5674295705885,521.5674295705885,521.8674347879514,521.8009407789377,521.8009490468903,521.8674347879514,521.8674347879514,521.8674347879514,521.8674347879514,521.8674347879514,521.8674347879514,0.0620829851523012,522.8513855520105,[157.0],[-264.0],[1],[0],[0],[0.9832656644193776],522.8520201886295,522.8550813267157,,,,,,,,,,,,,,ED35,1,2024-02-06_15h46.54.486,rating,2023.2.3,60.0375371650119,2024-02-06 15h47.05.207181 +0800,
neu_23.jpg,0.0,132.0,132.0,300.0,474.2832463630275,,,,,,,,,,,,,,,,,,,,,,,474.2544927055278,,474.2545232114208,474.254530338967,474.2832463630275,475.2665750349461,475.2832389503801,476.2665907155461,476.2665907155461,476.549932587679,476.5001270128541,476.50013471060265,476.549932587679,476.549932587679,476.549932587679,476.549932587679,476.549932587679,476.549932587679,0.0454581286649045,476.75057098764046,[154.0],[-70.0],[1],[0],[0],[0.20003027781240235],476.75123670035646,476.75428557906525,,,,,,,,,,,,,,ED35,1,2024-02-06_15h46.54.486,rating,2023.2.3,60.0375371650119,2024-02-06 15h47.05.207181 +0800,
neu_24.jpg,0.0,29.0,29.0,301.0,113.16009920402394,,,,,,,,,,,,,,,,,,,,,,,113.13092445115764,,113.13095552725464,113.13096208459685,113.16009920402394,114.1434503989858,114.1601553690798,115.14346664978802,115.14346664978802,115.41015487015284,115.37699867057016,115.37700636831867,115.41015487015284,115.41015487015284,115.41015487015284,115.41015487015284,115.41015487015284,115.41015487015284,0.0292441038818651,116.04394245619189,[120.0],[-111.0],[1],[0],[0],[0.6334574381489801],116.044391776637,117.14390314065348,space,116.07681954110558,116.07681954110558,1.055010678488543,,,,,,,,,,ED35,1,2024-02-06_15h46.54.486,rating,2023.2.3,60.0375371650119,2024-02-06 15h47.05.207181 +0800,
neu_25.jpg,0.0,377.0,377.0,302.0,1253.3804489726208,,,,,,,,,,,,,,,,,,,,,,,1253.3533178294963,,1253.3533486204924,1253.3533557480368,1253.3804489726208,1254.3637995973786,1254.3804863209589,1255.3638155630797,1255.3638155630797,1255.7304926929828,1255.597374383431,1255.5973829364866,1255.7304926929828,1255.7304926929828,1255.7304926929828,1255.7304926929828,1255.7304926929828,1255.7304926929828,0.1272019481566531,1256.432629445486,[56.0],[-83.0],[1],[0],[0],[0.700089436435519],1256.4338622256928,1256.4369632780326,,,,,,,,,,,,,,ED35,1,2024-02-06_15h46.54.486,rating,2023.2.3,60.0375371650119,2024-02-06 15h47.05.207181 +0800,
neu_26.jpg,0.0,98.0,98.0,303.0,367.71465272176647,,,,,,,,,,,,,,,,,,,,,,,367.6857793215095,,367.6858072614869,367.6858135337261,367.71465272176647,368.6980421203698,368.71466669175607,369.6980215930398,369.6980215930398,369.9813571929335,369.931569009319,369.9315769921705,369.9813571929335,369.9813571929335,369.9813571929335,369.9813571929335,369.9813571929335,369.9813571929335,0.0455978285499441,370.381889877146,[169.0],[-73.0],[1],[0],[0],[0.4000377474785637],370.3824903015502,370.3855742477808,,,,,,,,,,,,,,ED35,1,2024-02-06_15h46.54.486,rating,2023.2.3,60.0375371650119,2024-02-06 15h47.05.207181 +0800,
neu_27.jpg,0.0,380.0,380.0,304.0,1262.863953694905,,,,,,,,,,,,,,,,,,,,,,,1262.837031531404,,1262.8370623224,1262.8370705903526,1262.863953694905,1263.847300898442,1263.8639668095875,1264.8473482253412,1264.8473482253412,1265.2139945642484,1265.0808765397996,1265.0808848077522,1265.2139945642484,1265.2139945642484,1265.2139945642484,1265.2139945642484,1265.2139945642484,1265.2139945642484,0.1269886920072167,1266.732475290939,[96.0],[-98.0],[1],[0],[0],[1.5167170869208348],1266.7336196895867,1266.7366155393593,,,,,,,,,,,,,,ED35,1,2024-02-06_15h46.54.486,rating,2023.2.3,60.0375371650119,2024-02-06 15h47.05.207181 +0800,
neu_28.jpg,0.0,105.0,105.0,305.0,388.2650294980576,,,,,,,,,,,,,,,,,,,,,,,388.2362022842936,,388.2362327901865,388.2362396326298,388.2650294980576,389.2483633018092,389.2650380511132,390.2483846844443,390.2483846844443,390.53172655657727,390.4819198413461,390.4819275390946,390.53172655657727,390.53172655657727,390.53172655657727,390.53172655657727,390.53172655657727,390.53172655657727,0.0455402379866427,390.8322905734804,[-142.0],[-188.0],[1],[0],[0],[0.3000360083569831],390.8328465220002,390.835926476806,,,,,,,,,,,,,,ED35,1,2024-02-06_15h46.54.486,rating,2023.2.3,60.0375371650119,2024-02-06 15h47.05.207181 +0800,
neu_29.jpg,0.0,291.0,291.0,306.0,954.1917874144092,,,,,,,,,,,,,,,,,,,,,,,954.1639991116226,,954.1640301877196,954.164037030163,954.1917874144092,955.1751366136576,955.1918022397022,956.1751773832166,956.1751773832166,956.5084967465608,956.408736203568,956.4087453268256,956.5084967465608,956.5084967465608,956.5084967465608,956.5084967465608,956.5084967465608,956.5084967465608,0.0945204430827288,956.9097889419844,[189.0],[-184.0],[1],[0],[0],[0.4000229221837799],956.9108435335638,956.913867893516,,,,,,,,,,,,,,ED35,1,2024-02-06_15h46.54.486,rating,2023.2.3,60.0375371650119,2024-02-06 15h47.05.207181 +0800,
neu_3.jpg,0.0,231.0,231.0,307.0,769.5885516229573,,,,,,,,,,,,,,,,,,,,,,,769.560330535629,,769.5603610415219,769.5603681690682,769.5885516229573,770.5718477932696,770.5885675886584,771.5718646142759,771.5718646142759,771.8885534190977,771.8053969201592,771.8054049030106,771.8885534190977,771.8885534190977,771.8885534190977,771.8885534190977,771.8885534190977,771.8885534190977,0.0782436958998005,772.3895554093942,[139.0],[-59.0],[1],[0],[0],[0.5000155380494107],772.3904041574679,772.3934650104529,,,,,,,,,,,,,,ED35,1,2024-02-06_15h46.54.486,rating,2023.2.3,60.0375371650119,2024-02-06 15h47.05.207181 +0800,
neu_30.jpg,0.0,170.0,170.0,308.0,587.7519597185365,,,,,,,,,,,,,,,,,,,,,,,587.7233038509567,,587.7233337866455,587.7233406290889,587.7519597185365,588.7352695737354,588.7519337742724,589.7352826884198,589.7352826884198,590.0352953184283,589.9689201968686,589.9689278946171,590.0352953184283,590.0352953184283,590.0352953184283,590.0352953184283,590.0352953184283,590.0352953184283,0.0620134203127236,590.9694564733654,[184.0],[-137.0],[1],[0],[0],[0.9333979374041519],590.9701364411721,590.9732232384195,,,,,,,,,,,,,,ED35,1,2024-02-06_15h46.54.486,rating,2023.2.3,60.0375371650119,2024-02-06 15h47.05.207181 +0800,
neu_31.jpg,0.0,168.0,168.0,309.0,582.585159481674,,,,,,,,,,,,,,,,,,,,,,,582.5566293439897,,582.5566601349838,582.5566669774271,582.585159481674,583.5685346251867,583.585174306967,584.5685232211144,584.5685232211144,584.8685361362259,584.802139632031,584.8021487552887,584.8685361362259,584.8685361362259,584.8685361362259,584.8685361362259,584.8685361362259,584.8685361362259,0.0619253238546662,585.1359545023133,[-326.0],[-87.0],[1],[0],[0],[0.26669648831557424],585.1367026094522,585.1397945385324,,,,,,,,,,,,,,ED35,1,2024-02-06_15h46.54.486,rating,2023.2.3,60.0375371650119,2024-02-06 15h47.05.207181 +0800,
neu_32.jpg,0.0,217.0,217.0,310.0,728.2544291278246,,,,,,,,,,,,,,,,,,,,,,,728.2261755388918,,728.2262060447865,728.226213172331,728.2544291278246,729.2377800376853,729.2544912800186,730.2377948629783,730.2377948629783,730.55450419513,730.471329449676,730.4713371474263,730.55450419513,730.55450419513,730.55450419513,730.55450419513,730.55450419513,730.55450419513,0.078349183568207,730.88883338907,[128.0],[-203.0],[1],[0],[0],[0.33342285529943183],730.8896427930977,730.8927290201427,,,,,,,,,,,,,,ED35,1,2024-02-06_15h46.54.486,rating,2023.2.3,60.0375371650119,2024-02-06 15h47.05.207181 +0800,
neu_33.jpg,0.0,312.0,312.0,311.0,1021.1096481587138,,,,,,,,,,,,,,,,,,,,,,,1021.0819422503482,,1021.0819733264452,1021.0819804539896,1021.1096481587138,1022.0929984983686,1022.1096609882934,1023.0930121832552,1023.0930121832552,1023.4263731714636,1023.3265667270808,1023.3265747099304,1023.4263731714636,1023.4263731714636,1023.4263731714636,1023.4263731714636,1023.4263731714636,1023.4263731714636,0.094454299463905,1023.7277505838174,[153.0],[-143.0],[1],[0],[0],[0.29999980042885],1023.7287589889038,1023.7318663134828,,,,,,,,,,,,,,ED35,1,2024-02-06_15h46.54.486,rating,2023.2.3,60.0375371650119,2024-02-06 15h47.05.207181 +0800,
neu_34.jpg,0.0,373.0,373.0,312.0,1242.496927315291,,,,,,,,,,,,,,,,,,,,,,,1242.46997207998,,1242.470004011382,1242.4700108538254,1242.496927315291,1243.4802713827066,1243.496937293854,1244.4803155734862,1244.4803155734862,1244.913635820647,1244.7138207946991,1244.7138287775488,1244.913635820647,1244.913635820647,1244.913635820647,1244.913635820647,1244.913635820647,1244.913635820647,0.1936948167640366,1245.1486979828187,[-503.0],[348.0],[1],[0],[0],[0.23338462314859498],1245.1498389602457,1245.1530044455922,,,,,,,,,,,,,,ED35,1,2024-02-06_15h46.54.486,rating,2023.2.3,60.0375371650119,2024-02-06 15h47.05.207181 +0800,
neu_35.jpg,0.0,95.0,95.0,313.0,357.3144738488936,,,,,,,,,,,,,,,,,,,,,,,357.2855525515333,,357.28558277232514,357.28558961476847,357.3144738488936,358.2978498477132,358.31448268705026,359.29784528608434,359.29784528608434,359.58117546904214,359.5313673283017,359.5313755962543,359.58117546904214,359.58117546904214,359.58117546904214,359.58117546904214,359.58117546904214,359.58117546904214,0.0456388832099037,360.1818356507829,[324.0],[-197.0],[1],[0],[0],[0.6001598280727194],360.1824232456056,360.185495787764,,,,,,,,,,,,,,ED35,1,2024-02-06_15h46.54.486,rating,2023.2.3,60.0375371650119,2024-02-06 15h47.05.207181 +0800,
neu_36.jpg,0.0,55.0,55.0,314.0,195.64490912237488,,,,,,,,,,,,,,,,,,,,,,,195.61585952919995,,195.61589345631543,195.6159005838599,195.64490912237488,196.62825946202972,196.64494476009892,197.6282759979349,197.6282759979349,197.8949508185124,197.86180716341187,197.8618151462615,197.8949508185124,197.8949508185124,197.8949508185124,197.8949508185124,197.8949508185124,197.8949508185124,0.0291018380812602,198.19536145064376,[64.0],[-176.0],[1],[0],[0],[0.3000129151114379],198.19585097044364,198.19890441078127,,,,,,,,,,,,,,ED35,1,2024-02-06_15h46.54.486,rating,2023.2.3,60.0375371650119,2024-02-06 15h47.05.207181 +0800,
neu_37.jpg,0.0,259.0,259.0,315.0,853.6733332021868,,,,,,,,,,,,,,,,,,,,,,,853.6453096904115,,853.6453399112015,853.6453467536448,853.6733332021868,854.6566809759261,854.6733457466653,855.6566989373405,855.6566989373405,855.9900650573818,855.89026859156,855.8902768595126,855.9900650573818,855.9900650573818,855.9900650573818,855.9900650573818,855.9900650573818,855.9900650573818,0.0947801708261977,856.4911959136934,[88.0],[-148.0],[1],[0],[0],[0.5000263719175564],856.4920891376496,856.4952817076683,,,,,,,,,,,,,,ED35,1,2024-02-06_15h46.54.486,rating,2023.2.3,60.0375371650119,2024-02-06 15h47.05.207181 +0800,
neu_38.jpg,0.0,352.0,352.0,316.0,1162.645502419231,,,,,,,,,,,,,,,,,,,,,,,1162.6182498227372,,1162.6182808988342,1162.6182880263805,1162.645502419231,1163.6288692947928,1163.6455192402373,1164.628864448061,1164.628864448061,1164.978879088039,1164.8624187067835,1164.862426404532,1164.978879088039,1164.978879088039,1164.978879088039,1164.978879088039,1164.978879088039,1164.978879088039,0.1106874260694894,1165.3304669197803,[239.0],[-146.0],[1],[0],[0],[0.34999411264652736],1165.331548310929,1165.334638529399,,,,,,,,,,,,,,ED35,1,2024-02-06_15h46.54.486,rating,2023.2.3,60.0375371650119,2024-02-06 15h47.05.207181 +0800,
neu_39.jpg,0.0,131.0,131.0,317.0,471.68317748243135,,,,,,,,,,,,,,,,,,,,,,,471.6545997327448,,471.6546305237407,471.6546376512852,471.68317748243135,472.666537515548,472.6831894567076,473.6665933955028,473.6665933955028,473.9499002001139,473.90008721264167,473.9000954805943,473.9499002001139,473.9499002001139,473.9499002001139,473.9499002001139,473.9499002001139,473.9499002001139,0.0453170032706111,474.2505275096155,[154.0],[-70.0],[1],[0],[0],[0.30002916591547546],474.25119664355407,474.2542666197969,,,,,,,,,,,,,,ED35,1,2024-02-06_15h46.54.486,rating,2023.2.3,60.0375371650119,2024-02-06 15h47.05.207181 +0800,
neu_4.jpg,0.0,203.0,203.0,318.0,680.4869521733162,,,,,,,,,,,,,,,,,,,,,,,680.4587456261816,,680.4587761320745,680.4587829745178,680.4869521733162,681.4702517648511,681.4869250886459,682.4702711517748,682.4702711517748,682.7869759222976,682.7038738778047,682.7038818606543,682.7869759222976,682.7869759222976,682.7869759222976,682.7869759222976,682.7869759222976,682.7869759222976,0.078254244666823,683.0544852358598,[165.0],[-37.0],[1],[0],[0],[0.26666598242263717],683.0552649892998,683.0583512163448,,,,,,,,,,,,,,ED35,1,2024-02-06_15h46.54.486,rating,2023.2.3,60.0375371650119,2024-02-06 15h47.05.207181 +0800,
neu_40.jpg,0.0,237.0,237.0,319.0,787.0888237526306,,,,,,,,,,,,,,,,,,,,,,,787.0608909032289,,787.0609219793259,787.0609288217693,787.0888237526306,788.0721621180091,788.0888234675276,789.0721820751369,789.0721820751369,789.388852063239,789.3057694056679,789.3057776736205,789.388852063239,789.388852063239,789.388852063239,789.388852063239,789.388852063239,789.388852063239,0.0779848234615201,790.3065705417412,[160.0],[218.0],[1],[0],[0],[0.9166918269020243],790.3075022544435,790.3106184171775,,,,,,,,,,,,,,ED35,1,2024-02-06_15h46.54.486,rating,2023.2.3,60.0375371650119,2024-02-06 15h47.05.207181 +0800,
neu_41.jpg,0.0,188.0,188.0,320.0,639.5028471691821,,,,,,,,,,,,,,,,,,,,,,,639.4743677796196,,639.4743982855125,639.474405413057,639.5028471691821,640.4862109086225,640.502856577541,641.4862094831133,641.4862094831133,641.7862115643566,641.7197611759202,641.7197694438728,641.7862115643566,641.7862115643566,641.7862115643566,641.7862115643566,641.7862115643566,641.7862115643566,0.0618628865595383,642.1870758219702,[300.0],[-194.0],[1],[0],[0],[0.4000366070722521],642.1878689751939,642.1909389514349,,,,,,,,,,,,,,ED35,1,2024-02-06_15h46.54.486,rating,2023.2.3,60.0375371650119,2024-02-06 15h47.05.207181 +0800,
neu_42.jpg,0.0,89.0,89.0,321.0,328.3806183230936,,,,,,,,,,,,,,,,,,,,,,,328.35175490139954,,328.35178597749655,328.351793105041,328.3806183230936,329.3640017345588,329.3806354292028,330.3639837731462,330.3639837731462,330.64733334302764,330.597539172275,330.5975468700235,330.64733334302764,330.64733334302764,330.64733334302764,330.64733334302764,330.64733334302764,330.64733334302764,0.0455949775332555,330.9479244446011,[261.0],[182.0],[1],[0],[0],[0.30011441135502537],330.9485057671827,337.1478153076296,space,330.9639953482784,330.9639953482784,6.169414050214982,,,,,,,,,,ED35,1,2024-02-06_15h46.54.486,rating,2023.2.3,60.0375371650119,2024-02-06 15h47.05.207181 +0800,
neu_43.jpg,0.0,305.0,305.0,322.0,999.2259283556268,,,,,,,,,,,,,,,,,,,,,,,999.1984117548618,,999.1984434011628,999.1984502436062,999.2259283556268,1000.2092935205764,1000.2259651337608,1001.2092886738463,1001.2092886738463,1001.5593526364356,1001.442852911132,1001.4428608939834,1001.5593526364356,1001.5593526364356,1001.5593526364356,1001.5593526364356,1001.5593526364356,1001.5593526364356,0.1109736682828952,1004.0775083470688,[171.0],[-165.0],[1],[0],[0],[2.5168134513314726],1004.0785119054236,1004.081595851654,,,,,,,,,,,,,,ED35,1,2024-02-06_15h46.54.486,rating,2023.2.3,60.0375371650119,2024-02-06 15h47.05.207181 +0800,
neu_44.jpg,0.0,200.0,200.0,323.0,671.9034206229535,,,,,,,,,,,,,,,,,,,,,,,671.8751884166559,,671.8752186374477,671.875225479891,671.9034206229535,672.8867729583217,672.903464243529,673.8867877836165,673.8867877836165,674.1867242914432,674.1203608590567,674.1203688419082,674.1867242914432,674.1867242914432,674.1867242914432,674.1867242914432,674.1867242914432,674.1867242914432,0.061556687220218,674.8543851081067,[-176.0],[-77.0],[1],[0],[0],[0.6667710139281553],674.8551454746212,674.8582448163506,,,,,,,,,,,,,,ED35,1,2024-02-06_15h46.54.486,rating,2023.2.3,60.0375371650119,2024-02-06 15h47.05.207181 +0800,
neu_45.jpg,0.0,160.0,160.0,324.0,557.9180554688373,,,,,,,,,,,,,,,,,,,,,,,557.8894563365157,,557.8894868424086,557.8894933997508,557.9180554688373,558.9014423015251,558.9180654474003,559.9014308974529,559.9014308974529,560.201442101954,560.1349731818991,560.1349814498517,560.201442101954,560.201442101954,560.201442101954,560.201442101954,560.201442101954,560.201442101954,0.0620071480716433,560.5354841983753,[112.0],[-93.0],[1],[0],[0],[0.3333726773817034],560.5361750000502,560.5391999302065,,,,,,,,,,,,,,ED35,1,2024-02-06_15h46.54.486,rating,2023.2.3,60.0375371650119,2024-02-06 15h47.05.207181 +0800,
neu_46.jpg,0.0,341.0,341.0,325.0,1123.1947926725425,,,,,,,,,,,,,,,,,,,,,,,1123.16757827969,,1123.167609070686,1123.1676161982305,1123.1947926725425,1124.178198321948,1124.1948083531406,1125.1781712372758,1125.1781712372758,1125.5281895835778,1125.4117722526953,1125.411780520648,1125.5281895835778,1125.5281895835778,1125.5281895835778,1125.5281895835778,1125.5281895835778,1125.5281895835778,0.1106346822361956,1125.8798093467212,[129.0],[-169.0],[1],[0],[0],[0.3501135703045293],1125.880900146229,1125.8840011985685,,,,,,,,,,,,,,ED35,1,2024-02-06_15h46.54.486,rating,2023.2.3,60.0375371650119,2024-02-06 15h47.05.207181 +0800,
neu_47.jpg,0.0,176.0,176.0,326.0,605.2522304227004,,,,,,,,,,,,,,,,,,,,,,,605.223730790909,,605.223761867006,605.2237689945523,605.2522304227004,606.2355861792912,606.2522466735027,607.2356332210893,607.2356332210893,607.5356412894707,607.4691715141107,607.4691794969604,607.5356412894707,607.5356412894707,607.5356412894707,607.5356412894707,607.5356412894707,607.5356412894707,0.061930740788739,607.8697538060387,[363.0],[-415.0],[1],[0],[0],[0.3333102400883945],607.8704406162869,607.8735083117153,,,,,,,,,,,,,,ED35,1,2024-02-06_15h46.54.486,rating,2023.2.3,60.0375371650119,2024-02-06 15h47.05.207181 +0800,
neu_48.jpg,0.0,104.0,104.0,327.0,385.1149661626933,,,,,,,,,,,,,,,,,,,,,,,385.0863031675672,,385.0863345287653,385.0863413712086,385.1149661626933,386.09833303825326,386.11497956247695,387.09837523331953,387.09837523331953,387.3816729146729,387.3318761780047,387.3318841608561,387.3816729146729,387.3816729146729,387.3816729146729,387.3816729146729,387.3816729146729,387.3816729146729,0.0453857128086383,388.2322445010286,[137.0],[-177.0],[1],[0],[0],[0.8500527010692167],388.2328001644473,388.2359676455071,,,,,,,,,,,,,,ED35,1,2024-02-06_15h46.54.486,rating,2023.2.3,60.0375371650119,2024-02-06 15h47.05.207181 +0800,
neu_49.jpg,0.0,41.0,41.0,328.0,150.3107655297099,,,,,,,,,,,,,,,,,,,,,,,150.2815976192869,,150.2816286953821,150.28163582292837,150.3107655297099,151.29411586936476,151.31080202274097,152.29413154996473,152.29413154996473,152.56080665564514,152.52766157503356,152.52766898768095,152.56080665564514,152.56080665564514,152.56080665564514,152.56080665564514,152.56080665564514,152.56080665564514,0.0292267126715159,153.16128864875645,[142.0],[-142.0],[1],[0],[0],[0.6001273264664633],153.1617644836715,153.16481849421143,,,,,,,,,,,,,,ED35,1,2024-02-06_15h46.54.486,rating,2023.2.3,60.0375371650119,2024-02-06 15h47.05.207181 +0800,
neu_5.jpg,0.0,210.0,210.0,329.0,704.0540099711507,,,,,,,,,,,,,,,,,,,,,,,704.0380628016555,704.0540099711507,705.0375407802494,705.0375479077957,705.0706812992321,706.0373657277414,706.0706975500343,707.0373808381373,707.0373808381373,707.3540556729695,707.2709339564517,707.2709422244043,707.3540556729695,707.3540556729695,707.3540556729695,707.3540556729695,707.3540556729695,707.3540556729695,0.0661884511537209,707.7548971224387,[161.0],[-83.0],[1],[0],[0],[0.39995848917715193],707.7557338962379,707.7588338081714,,,,,,705.0706812992321,,,,,,,,ED35,1,2024-02-06_15h46.54.486,rating,2023.2.3,60.0375371650119,2024-02-06 15h47.05.207181 +0800,
neu_50.jpg,0.0,213.0,213.0,330.0,714.6208522320194,,,,,,,,,,,,,,,,,,,,,,,714.5927768317142,,714.5928079078112,714.5928150353575,714.6208522320194,715.6042028567772,715.6208676275164,716.604216826765,716.604216826765,716.9208936573123,716.8377531240749,716.8377611069245,716.9208936573123,716.9208936573123,716.9208936573123,716.9208936573123,716.9208936573123,716.9208936573123,0.0781362125198938,719.7385348447151,[68.0],[-148.0],[1],[0],[0],[2.8167468230385566],719.7393057599966,719.7425091638852,,,,,,,,,,,,,,ED35,1,2024-02-06_15h46.54.486,rating,2023.2.3,60.0375371650119,2024-02-06 15h47.05.207181 +0800,
neu_51.jpg,0.0,80.0,80.0,331.0,304.19685025227227,,,,,,,,,,,,,,,,,,,,,,,304.1677869742125,,304.1678180503095,304.16782489275283,304.19685025227227,305.1802000217249,305.19686792858374,306.1802407912837,306.1802407912837,306.44688966759713,306.413845227924,306.41385463628285,306.44688966759713,306.44688966759713,306.44688966759713,306.44688966759713,306.44688966759713,306.44688966759713,0.0291189441886672,306.9808291843892,[122.0],[-106.0],[1],[0],[0],[0.5334702392192412],306.9813343847891,306.9844485518115,,,,,,,,,,,,,,ED35,1,2024-02-06_15h46.54.486,rating,2023.2.3,60.0375371650119,2024-02-06 15h47.05.207181 +0800,
neu_52.jpg,0.0,59.0,59.0,332.0,206.1784392329737,,,,,,,,,,,,,,,,,,,,,,,206.1494229967102,,206.1494566387246,206.14946376626904,206.1784392329737,207.1617775983541,207.178446075417,208.1617952746656,208.1617952746656,208.4284686697356,208.39532957626216,208.39533727401067,208.4284686697356,208.4284686697356,208.4284686697356,208.4284686697356,208.4284686697356,208.4284686697356,0.0290590728091046,208.76219373294956,[297.0],[-253.0],[1],[0],[0],[0.33332649089061306],208.76268866968348,212.21224746038388,space,208.77847732257575,208.77847732257575,3.427361049220053,,,,,,,,,,ED35,1,2024-02-06_15h46.54.486,rating,2023.2.3,60.0375371650119,2024-02-06 15h47.05.207181 +0800,
neu_53.jpg,0.0,109.0,109.0,333.0,400.7652446073717,,,,,,,,,,,,,,,,,,,,,,,400.7363241653147,,400.73635438610654,400.736361513651,400.7652446073717,401.7485923811109,401.7652602879698,402.74862174659575,402.74862174659575,403.0319467977224,402.9821415080005,402.982149205749,403.0319467977224,403.0319467977224,403.0319467977224,403.0319467977224,403.0319467977224,403.0319467977224,0.0456388832117227,403.2825872076537,[109.0],[-159.0],[1],[0],[0],[0.2501363499377476],403.2831708110498,403.2862239662845,,,,,,,,,,,,,,ED35,1,2024-02-06_15h46.54.486,rating,2023.2.3,60.0375371650119,2024-02-06 15h47.05.207181 +0800,
neu_54.jpg,0.0,10.0,10.0,334.0,43.50885312381797,,,,,,,,,,,,,,,,,,,,,,,43.47965242668761,,43.4796806517661,43.47968692400536,43.50885312381797,44.49221657815724,44.50886737890869,45.492219999378,45.492219999378,45.74222349187585,45.72578338135827,45.72579164931085,45.74222349187585,45.74222349187585,45.74222349187585,45.74222349187585,45.74222349187585,45.74222349187585,0.0125878861945238,47.75933387673831,[202.0],[-231.0],[1],[0],[0],[2.016833836110891],47.75970507928832,47.76278389368599,,,,,,,,,,,,,,ED35,1,2024-02-06_15h46.54.486,rating,2023.2.3,60.0375371650119,2024-02-06 15h47.05.207181 +0800,
neu_55.jpg,0.0,70.0,70.0,335.0,267.52953241308205,,,,,,,,,,,,,,,,,,,,,,,267.5006364897817,,267.5006669956747,267.50067412321914,267.52953241308205,268.51287534009134,268.52953897042426,269.5129209563802,269.5129209563802,269.77956840718434,269.7464364412572,269.7464441390057,269.77956840718434,269.77956840718434,269.77956840718434,269.77956840718434,269.77956840718434,269.77956840718434,0.0289453171899367,270.34668636149945,[252.0],[-196.0],[1],[0],[0],[0.5667236585177307],270.3472366079841,270.3502997417836,,,,,,,,,,,,,,ED35,1,2024-02-06_15h46.54.486,rating,2023.2.3,60.0375371650119,2024-02-06 15h47.05.207181 +0800,
neu_56.jpg,0.0,240.0,240.0,336.0,801.3057465975235,,,,,,,,,,,,,,,,,,,,,,,801.2898057002694,801.3057465975235,802.2892888106944,802.2892965084447,802.3224176405038,803.2890980775865,803.3224310402875,804.2891146134916,804.2891146134916,804.6057897334267,804.5227184799278,804.5227278882885,804.6057897334267,804.6057897334267,804.6057897334267,804.6057897334267,804.6057897334267,804.6057897334267,0.0661989999189245,804.940176803033,[208.0],[217.0],[1],[0],[0],[0.33332306966804026],804.9410332488569,804.9440983783697,,,,,,802.3224176405038,,,,,,,,ED35,1,2024-02-06_15h46.54.486,rating,2023.2.3,60.0375371650119,2024-02-06 15h47.05.207181 +0800,
neu_57.jpg,0.0,21.0,21.0,337.0,84.85959334789004,,,,,,,,,,,,,,,,,,,,,,,84.83038666362154,,84.83041488870003,84.83042144604224,84.85959334789004,85.84294254714041,85.85960674767557,86.842960508553,86.842960508553,87.09296229044048,87.07650963544256,87.07651875870033,87.09296229044048,87.09296229044048,87.09296229044048,87.09296229044048,87.09296229044048,87.09296229044048,0.0125967243511695,88.62678520059308,[161.0],[-144.0],[1],[0],[0],[1.5335087279636355],88.62719147066673,88.6302543193633,,,,,,,,,,,,,,ED35,1,2024-02-06_15h46.54.486,rating,2023.2.3,60.0375371650119,2024-02-06 15h47.05.207181 +0800,
neu_58.jpg,0.0,226.0,226.0,338.0,753.5048770940375,,,,,,,,,,,,,,,,,,,,,,,753.4769944225536,,753.4770246433454,753.4770314857888,753.5048770940375,754.4882459653109,754.5048930597386,755.4882433993953,755.4882433993953,755.8049196597367,755.7218124834108,755.7218204662622,755.8049196597367,755.8049196597367,755.8049196597367,755.8049196597367,755.8049196597367,755.8049196597367,0.0779477602263796,756.1393281119781,[133.0],[-179.0],[1],[0],[0],[0.33343882100234623],756.1401169886758,756.1432642275067,,,,,,,,,,,,,,ED35,1,2024-02-06_15h46.54.486,rating,2023.2.3,60.0375371650119,2024-02-06 15h47.05.207181 +0800,
neu_59.jpg,0.0,133.0,133.0,339.0,476.7832681733162,,,,,,,,,,,,,,,,,,,,,,,476.7545102392887,,476.7545401749794,476.7545467323198,476.7832681733162,477.7666239299069,477.78328413901727,478.7666353339792,478.7666353339792,479.0500031503743,479.0001910182091,479.00019928616166,479.0500031503743,479.0500031503743,479.0500031503743,479.0500031503743,479.0500031503743,479.0500031503743,0.0455148639248363,479.3005802677053,[154.0],[-70.0],[1],[0],[0],[0.24998895230601192],479.3011883898562,479.3042503832476,,,,,,,,,,,,,,ED35,1,2024-02-06_15h46.54.486,rating,2023.2.3,60.0375371650119,2024-02-06 15h47.05.207181 +0800,
neu_6.jpg,0.0,332.0,332.0,340.0,1097.261006711582,,,,,,,,,,,,,,,,,,,,,,,1097.2334829832707,,1097.2335137742666,1097.23352061671,1097.261006711582,1098.2443473577769,1098.2610181156542,1099.2443724467355,1099.2443724467355,1099.5943822399822,1099.477905322823,1099.4779133056727,1099.5943822399822,1099.5943822399822,1099.5943822399822,1099.5943822399822,1099.5943822399822,1099.5943822399822,0.110925771179609,1100.0124848931682,[-260.0],[-152.0],[1],[0],[0],[0.41660700911415915],1100.01360933469,1100.0166647707392,,,,,,,,,,,,,,ED35,1,2024-02-06_15h46.54.486,rating,2023.2.3,60.0375371650119,2024-02-06 15h47.05.207181 +0800,
neu_60.jpg,0.0,171.0,171.0,341.0,591.0019928616202,,,,,,,,,,,,,,,,,,,,,,,590.9734521751707,,590.9734838214699,590.9734909490162,591.0019928616202,591.9853272355758,592.001992291418,592.9853409204625,592.9853409204625,593.2853621035265,593.2188934685746,593.2189014514242,593.2853621035265,593.2853621035265,593.2853621035265,593.2853621035265,593.2853621035265,593.2853621035265,0.0619273195661662,593.5528551662865,[263.0],[-91.0],[1],[0],[0],[0.26677375090548594],593.5535374149076,593.556599408299,,,,,,,,,,,,,,ED35,1,2024-02-06_15h46.54.486,rating,2023.2.3,60.0375371650119,2024-02-06 15h47.05.207181 +0800,
neu_61.jpg,0.0,284.0,284.0,342.0,932.2413971242931,,,,,,,,,,,,,,,,,,,,,,,932.2137108879524,,932.2137425342536,932.213749661798,932.2413971242931,933.2247463235416,933.2414145155016,934.2247614339376,934.2247614339376,934.5581113031748,934.4583071396046,934.458315122456,934.5581113031748,934.5581113031748,934.5581113031748,934.5581113031748,934.5581113031748,934.5581113031748,0.0944206574513373,935.7593375830602,[139.0],[-221.0],[1],[0],[0],[1.2000394010701712],935.760307499404,935.7633888797192,,,,,,,,,,,,,,ED35,1,2024-02-06_15h46.54.486,rating,2023.2.3,60.0375371650119,2024-02-06 15h47.05.207181 +0800,
neu_62.jpg,0.0,128.0,128.0,343.0,463.73304492434727,,,,,,,,,,,,,,,,,,,,,,,463.70422711894025,,463.7042579099361,463.70426475237946,463.73304492434727,464.7163946937999,464.7330517667906,465.71642833581245,465.71642833581245,465.9997445487825,465.9499523737432,465.94996007149166,465.9997445487825,465.9997445487825,465.9997445487825,465.9997445487825,465.9997445487825,465.9997445487825,0.0455356763559393,466.6504232763964,[271.0],[-182.0],[1],[0],[0],[0.6500383889597288],466.6510961166568,466.6541615312708,,,,,,,,,,,,,,ED35,1,2024-02-06_15h46.54.486,rating,2023.2.3,60.0375371650119,2024-02-06 15h47.05.207181 +0800,
neu_63.jpg,0.0,156.0,156.0,344.0,545.4511699010036,,,,,,,,,,,,,,,,,,,,,,,545.4225904407085,,545.4226209466015,545.4226277890448,545.4511699010036,546.4345735546976,546.4511784540591,547.4345370616666,547.4345370616666,547.7345391429099,547.6680921756943,547.6680998734428,547.7345391429099,547.7345391429099,547.7345391429099,547.7345391429099,547.7345391429099,547.7345391429099,0.0619700848383217,548.2686314742696,[209.0],[-139.0],[1],[0],[0],[0.5333946872415254],548.2693137228907,548.2723856948469,,,,,,,,,,,,,,ED35,1,2024-02-06_15h46.54.486,rating,2023.2.3,60.0375371650119,2024-02-06 15h47.05.207181 +0800,
neu_64.jpg,0.0,0.0,0.0,345.0,6.208189036182375,,,,,,,,,,,,,,,,,,,,,,,6.195649403467542,6.208189036182375,7.19157159234237,7.191580715600139,7.224872338538262,8.174898268547622,8.224886023424915,9.174905110990949,9.174905110990949,9.42491059920212,9.4084907309134,9.408500424373416,9.42491059920212,9.42491059920212,9.42491059920212,9.42491059920212,9.42491059920212,9.42491059920212,-0.0002987154166476,12.27526750389734,[-171.0],[-174.0],[1],[0],[0],[2.8500746539066313],12.27661346952118,12.280652791901955,,,,,,,,,,,,,,ED35,1,2024-02-06_15h46.54.486,rating,2023.2.3,60.0375371650119,2024-02-06 15h47.05.207181 +0800,
neu_65.jpg,0.0,315.0,315.0,346.0,1029.0597992484145,,,,,,,,,,,,,,,,,,,,,,,1029.0323587698313,,1029.0323895608271,1029.0323966883716,1029.0597992484145,1030.0431567156156,1030.059801529229,1031.0431570007186,1031.0431570007186,1031.376423335127,1031.2766881661937,1031.2766958639422,1031.376423335127,1031.376423335127,1031.376423335127,1031.376423335127,1031.376423335127,1031.376423335127,0.094087943643899,1032.0779414167118,[58.0],[-176.0],[1],[0],[0],[0.7001413249654433],1032.0789694938212,1032.0821406812047,,,,,,,,,,,,,,ED35,1,2024-02-06_15h46.54.486,rating,2023.2.3,60.0375371650119,2024-02-06 15h47.05.207181 +0800,
neu_66.jpg,0.0,218.0,218.0,347.0,730.9211425511876,,,,,,,,,,,,,,,,,,,,,,,730.8929602377066,,730.8929904584984,730.8929978711458,730.9211425511876,731.9045191202094,731.9211836058475,732.9045239669413,732.9045239669413,733.2211831211753,733.1380403071234,733.138048004872,733.2211831211753,733.2211831211753,733.2211831211753,733.2211831211753,733.2211831211753,733.2211831211753,0.0782761975060566,734.8055893638775,[-384.0],[142.0],[1],[0],[0],[1.583474815104637],734.8064227164559,734.8095297559339,,,,,,,,,,,,,,ED35,1,2024-02-06_15h46.54.486,rating,2023.2.3,60.0375371650119,2024-02-06 15h47.05.207181 +0800,
neu_67.jpg,0.0,304.0,304.0,348.0,995.1758525042916,,,,,,,,,,,,,,,,,,,,,,,995.1485885037256,,995.1486195798224,995.1486264222658,995.1758525042916,996.1592005631336,996.1759109501618,997.159217099037,997.159217099037,997.4925857849958,997.3927690769452,997.3927770597966,997.4925857849958,997.4925857849958,997.4925857849958,997.4925857849958,997.4925857849958,997.4925857849958,0.0940218000250752,999.1939567540484,[-214.0],[-68.0],[1],[0],[0],[1.7000652027818433],999.1949560358772,999.1981782564836,,,,,,,,,,,,,,ED35,1,2024-02-06_15h46.54.486,rating,2023.2.3,60.0375371650119,2024-02-06 15h47.05.207181 +0800,
neu_68.jpg,0.0,354.0,354.0,349.0,1167.9622627846074,,,,,,,,,,,,,,,,,,,,,,,1167.93494974653,,1167.934980537526,1167.9349876650704,1167.9622627846074,1168.9456541789225,1168.9622790354097,1169.9456419195449,1169.9456419195449,1170.2956671082902,1170.179223548041,1170.1792335266036,1170.2956671082902,1170.2956671082902,1170.2956671082902,1170.2956671082902,1170.2956671082902,1170.2956671082902,0.1107760927316121,1172.6306363557833,[-224.0],[-126.0],[1],[0],[0],[2.333231837090352],1172.6317930138084,1172.634871828206,,,,,,,,,,,,,,ED35,1,2024-02-06_15h46.54.486,rating,2023.2.3,60.0375371650119,2024-02-06 15h47.05.207181 +0800,
neu_69.jpg,0.0,276.0,276.0,350.0,904.1409004484376,,,,,,,,,,,,,,,,,,,,,,,904.1132008123112,,904.1132321735112,904.1132390159546,904.1409004484376,905.1242656133873,905.1409092865924,906.1243214933402,906.1243214933402,906.4576055040616,906.357810748852,906.3578187317016,906.4576055040616,906.4576055040616,906.4576055040616,906.4576055040616,906.4576055040616,906.4576055040616,0.0944274998946639,908.2588040150312,[55.0],[-188.0],[1],[0],[0],[1.8000201852082682],908.2597055069418,908.262838490682,,,,,,,,,,,,,,ED35,1,2024-02-06_15h46.54.486,rating,2023.2.3,60.0375371650119,2024-02-06 15h47.05.207181 +0800,
neu_7.jpg,0.0,288.0,288.0,351.0,943.6416050775496,,,,,,,,,,,,,,,,,,,,,,,943.6138755057344,,943.6139068669344,943.6139137093778,943.6416050775496,944.62494344293,944.6416244644716,945.6249653957692,945.6249653957692,945.9583092778684,945.8585527263004,945.8585607091518,945.9583092778684,945.9583092778684,945.9583092778684,945.9583092778684,945.9583092778684,945.9583092778684,0.094456295177224,946.7597013729646,[131.0],[-132.0],[1],[0],[0],[0.8000806267900771],946.760647340756,946.7637660694072,,,,,,,,,,,,,,ED35,1,2024-02-06_15h46.54.486,rating,2023.2.3,60.0375371650119,2024-02-06 15h47.05.207181 +0800,
neu_70.jpg,0.0,27.0,27.0,352.0,104.24327024315426,,,,,,,,,,,,,,,,,,,,,,,104.2139001955511,,104.21393070144404,104.21393782899032,104.24327024315426,105.22662286362538,105.24329105558718,106.22663939953054,106.22663939953054,106.49335413436164,106.460172560719,106.46018025846752,106.49335413436164,106.49335413436164,106.49335413436164,106.49335413436164,106.49335413436164,106.49335413436164,0.0294684790023893,108.34366114624028,[118.0],[-257.0],[1],[0],[0],[1.8499817107185663],108.34410704546464,108.34716704314452,,,,,,,,,,,,,,ED35,1,2024-02-06_15h46.54.486,rating,2023.2.3,60.0375371650119,2024-02-06 15h47.05.207181 +0800,
neu_71.jpg,0.0,290.0,290.0,353.0,951.2417372507462,,,,,,,,,,,,,,,,,,,,,,,951.214147663919,,951.214178454913,951.2141852973564,951.2417372507462,952.2251326364876,952.241751220734,953.2251112538524,953.2251112538524,953.5584431616772,953.4586563893172,953.4586646572698,953.5584431616772,953.5584431616772,953.5584431616772,953.5584431616772,953.5584431616772,953.5584431616772,0.094319446308873,954.1597200186224,[189.0],[-185.0],[1],[0],[0],[0.6000646040702122],954.1607153090264,954.1637647579392,,,,,,,,,,,,,,ED35,1,2024-02-06_15h46.54.486,rating,2023.2.3,60.0375371650119,2024-02-06 15h47.05.207181 +0800,
neu_72.jpg,0.0,183.0,183.0,354.0,626.5192764458297,,,,,,,,,,,,,,,,,,,,,,,626.4909464496122,,626.490976670404,626.4909835128474,626.5192764458297,627.5026236493668,627.519293266836,628.5026438915938,628.5026438915938,628.8026516748741,628.7361750570708,628.7361830399204,628.8026516748741,628.8026516748741,628.8026516748741,628.8026516748741,628.8026516748741,628.8026516748741,0.0617391523755941,629.070159277826,[243.0],[291.0],[1],[0],[0],[0.2667024754537124],629.0709373206537,629.0740007395543,,,,,,,,,,,,,,ED35,1,2024-02-06_15h46.54.486,rating,2023.2.3,60.0375371650119,2024-02-06 15h47.05.207181 +0800,
neu_73.jpg,0.0,72.0,72.0,355.0,274.22964807888457,,,,,,,,,,,,,,,,,,,,,,,274.2005999112189,,274.2006307022148,274.2006375446581,274.22964807888457,275.2130021248631,275.2296691764186,276.21301181832496,276.21301181832496,276.4796863538013,276.44662509312184,276.4466330759715,276.4796863538013,276.4796863538013,276.4796863538013,276.4796863538013,276.4796863538013,276.4796863538013,0.0291049742008908,278.98027124015607,[126.0],[143.0],[1],[0],[0],[2.5001760503637342],278.9808223419459,278.9838740716732,,,,,,,,,,,,,,ED35,1,2024-02-06_15h46.54.486,rating,2023.2.3,60.0375371650119,2024-02-06 15h47.05.207181 +0800,
neu_74.jpg,0.0,338.0,338.0,356.0,1115.0447202139185,,,,,,,,,,,,,,,,,,,,,,,1115.0174408178557,,1115.0174724641547,1115.017479306598,1115.0447202139185,1116.0280055503626,1116.0446897080235,1117.028017239536,1117.028017239536,1117.3780324497166,1117.2616111274092,1117.2616191102609,1117.3780324497166,1117.3780324497166,1117.3780324497166,1117.3780324497166,1117.3780324497166,1117.3780324497166,0.1106152953143464,1118.0797612215356,[110.0],[217.0],[1],[0],[0],[0.7002057579738903],1118.0808910799915,1118.084046871878,,,,,,,,,,,,,,ED35,1,2024-02-06_15h46.54.486,rating,2023.2.3,60.0375371650119,2024-02-06 15h47.05.207181 +0800,
neu_75.jpg,0.0,248.0,248.0,357.0,824.3894949678106,,,,,,,,,,,,,,,,,,,,,,,824.3614959747902,,824.361526765786,824.3615338933305,824.3894949678106,825.3728259205436,825.3895058016788,826.3728427415499,826.3728427415499,826.689569464912,826.6063818898765,826.606389872728,826.689569464912,826.689569464912,826.689569464912,826.689569464912,826.689569464912,826.689569464912,0.0780954429610574,826.8572500961509,[133.0],[-136.0],[1],[0],[0],[0.16660665273593622],826.8580948528015,826.8612372449024,,,,,,,,,,,,,,ED35,1,2024-02-06_15h46.54.486,rating,2023.2.3,60.0375371650119,2024-02-06 15h47.05.207181 +0800,
neu_76.jpg,0.0,58.0,58.0,358.0,203.66173497563432,,,,,,,,,,,,,,,,,,,,,,,203.6327692023915,,203.6327994231815,203.6328062656248,203.66173497563432,204.64509158753023,204.66177289417465,205.64508331957768,205.64508331957768,205.91176954422733,205.87865810563017,205.87866580337868,205.91176954422733,205.91176954422733,205.91176954422733,205.91176954422733,205.91176954422733,205.91176954422733,0.0290177330480219,206.1455179572804,[297.0],[-253.0],[1],[0],[0],[0.23335041093196196],206.14603199583507,206.14919434506373,,,,,,,,,,,,,,ED35,1,2024-02-06_15h46.54.486,rating,2023.2.3,60.0375371650119,2024-02-06 15h47.05.207181 +0800,
neu_77.jpg,0.0,211.0,211.0,359.0,707.7873973027654,,,,,,,,,,,,,,,,,,,,,,,707.7590664512445,,707.7590983826467,707.75910522509,707.7873973027654,708.7707447914036,708.7874124131613,709.770783850352,709.770783850352,710.0874464258068,710.0042967693116,710.0043047521631,710.0874464258068,710.0874464258068,710.0874464258068,710.0874464258068,710.0874464258068,710.0874464258068,0.0784096251518349,710.3049719759183,[161.0],[-57.0],[1],[0],[0],[0.21658756516990252],710.3058201537897,710.3089363165254,,,,,,,,,,,,,,ED35,1,2024-02-06_15h46.54.486,rating,2023.2.3,60.0375371650119,2024-02-06 15h47.05.207181 +0800,
neu_78.jpg,0.0,208.0,208.0,360.0,696.9538659662285,,,,,,,,,,,,,,,,,,,,,,,696.9256152283142,,696.9256463044112,696.9256534319557,696.9538659662285,697.9372188718007,697.9538856382533,698.937235692807,698.937235692807,699.2539356165998,699.170782253781,699.1707902366325,699.2539356165998,699.2539356165998,699.2539356165998,699.2539356165998,699.2539356165998,699.2539356165998,0.078341485819692,699.5881573271599,[99.0],[-123.0],[1],[0],[0],[0.33334701822059287],699.5889795607673,699.592059515573,,,,,,,,,,,,,,ED35,1,2024-02-06_15h46.54.486,rating,2023.2.3,60.0375371650119,2024-02-06 15h47.05.207181 +0800,
neu_79.jpg,0.0,369.0,369.0,361.0,1230.5467251923656,,,,,,,,,,,,,,,,,,,,,,,1230.5196103000435,,1230.5196419463446,1230.519649073889,1230.5467251923656,1231.530057855709,1231.546726902976,1232.5300746767152,1232.5300746767152,1232.880107278108,1232.7636685645905,1232.7636762623388,1232.880107278108,1232.880107278108,1232.880107278108,1232.880107278108,1232.880107278108,1232.880107278108,0.1105197862070781,1234.631821238887,[236.0],[-226.0],[1],[0],[0],[1.7500441195043095],1234.6330312109494,1234.6361094551448,,,,,,,,,,,,,,ED35,1,2024-02-06_15h46.54.486,rating,2023.2.3,60.0375371650119,2024-02-06 15h47.05.207181 +0800,
neu_8.jpg,0.0,26.0,26.0,362.0,99.35988942611584,,,,,,,,,,,,,,,,,,,,,,,99.33078651890357,,99.33081730989944,99.33082415234276,99.35988942611584,100.3432152470159,100.35986861368474,101.34322123415404,101.34322123415404,101.60989263351075,101.57675268473211,101.57676009737952,101.60989263351075,101.60989263351075,101.60989263351075,101.60989263351075,101.60989263351075,101.60989263351075,0.0291220803064788,104.21023179061922,[150.0],[-45.0],[1],[0],[0],[2.599963392927748],104.2106346394703,104.21367268431096,,,,,,,,,,,,,,ED35,1,2024-02-06_15h46.54.486,rating,2023.2.3,60.0375371650119,2024-02-06 15h47.05.207181 +0800,
neu_80.jpg,0.0,362.0,362.0,363.0,1210.479688919719,,,,,,,,,,,,,,,,,,,,,,,1210.4525070284726,,1210.4525381045696,1210.452544947013,1210.479688919719,1211.4630384040684,1211.4797040301146,1212.4630552250746,1212.4630552250746,1212.8130385038548,1212.6966103391023,1212.696618036853,1212.8130385038548,1212.8130385038548,1212.8130385038548,1212.8130385038548,1212.8130385038548,1212.8130385038548,0.110559415359603,1213.164708159813,[126.0],[-205.0],[1],[0],[0],[0.35004628627757484],1213.165812359106,1213.168878343924,,,,,,,,,,,,,,ED35,1,2024-02-06_15h46.54.486,rating,2023.2.3,60.0375371650119,2024-02-06 15h47.05.207181 +0800,
neu_81.jpg,0.0,364.0,364.0,364.0,1216.029787436646,,,,,,,,,,,,,,,,,,,,,,,1216.0025399719852,,1216.0025707629811,1216.0025776054244,1216.029787436646,1217.0131526015975,1217.0298034023472,1218.0131691375009,1218.0131691375009,1218.363187483803,1218.2467080007264,1218.246717123984,1218.363187483803,1218.363187483803,1218.363187483803,1218.363187483803,1218.363187483803,1218.363187483803,0.1106731709787709,1219.53150417717,[167.0],[150.0],[1],[0],[0],[1.1666981704165664],1219.5326628309067,1219.5356512680337,,,,,,,,,,,,,,ED35,1,2024-02-06_15h46.54.486,rating,2023.2.3,60.0375371650119,2024-02-06 15h47.05.207181 +0800,
neu_82.jpg,0.0,61.0,61.0,365.0,216.17861200466723,,,,,,,,,,,,,,,,,,,,,,,216.14953618212712,,216.14956754332707,216.1495743857704,216.17861200466723,217.16195607208465,217.1786245491476,218.16197688451572,218.16197688451572,218.4286485689736,218.39550776488977,218.3955154626383,218.4286485689736,218.4286485689736,218.4286485689736,218.4286485689736,218.4286485689736,218.4286485689736,0.0291263568360591,219.59574673722452,[104.0],[127.0],[1],[0],[0],[1.1667232593754306],219.59624110375444,219.59932961161397,,,,,,,,,,,,,,ED35,1,2024-02-06_15h46.54.486,rating,2023.2.3,60.0375371650119,2024-02-06 15h47.05.207181 +0800,
neu_83.jpg,0.0,238.0,238.0,366.0,790.3388671593802,,,,,,,,,,,,,,,,,,,,,,,790.3108490645391,,790.310879570432,790.3108864128753,790.3388671593802,791.3222169288329,791.3388808442669,792.3222351753484,792.3222351753484,792.6389553413683,792.5557663408235,792.555774038572,792.6389553413683,792.6389553413683,792.6389553413683,792.6389553413683,792.6389553413683,792.6389553413683,0.078127089262125,795.8899960342333,[115.0],[-122.0],[1],[0],[0],[3.250034853695979],795.8908521949561,795.8939677874878,,,,,,,,,,,,,,ED35,1,2024-02-06_15h46.54.486,rating,2023.2.3,60.0375371650119,2024-02-06 15h47.05.207181 +0800,
neu_84.jpg,0.0,111.0,111.0,367.0,405.9653817983599,,,,,,,,,,,,,,,,,,,,,,,405.9364796028185,,405.9365098236103,405.9365166660537,405.9653817983599,406.94871503190734,406.9653746708136,407.94870391293625,407.94870391293625,408.232065457094,408.1823131963083,408.182321179158,408.232065457094,408.232065457094,408.232065457094,408.232065457094,408.232065457094,408.232065457094,0.0456457256532303,408.482719551912,[62.0],[-84.0],[1],[0],[0],[0.2500576618404011],408.4833145593802,408.4863771229757,,,,,,,,,,,,,,ED35,1,2024-02-06_15h46.54.486,rating,2023.2.3,60.0375371650119,2024-02-06 15h47.05.207181 +0800,
neu_85.jpg,0.0,272.0,272.0,368.0,893.9741027774908,,,,,,,,,,,,,,,,,,,,,,,893.9462007190832,,893.9462317951802,893.9462389227265,893.9741027774908,894.9573989478031,894.9741027774908,895.9574166241146,895.9574166241146,896.2907579403,896.1909837124185,896.1909919803711,896.2907579403,896.2907579403,896.2907579403,896.2907579403,896.2907579403,896.2907579403,0.0946071140315325,896.4751726220165,[87.0],[229.0],[1],[0],[0],[0.1832423430914787],896.4760920753397,896.4791979744095,,,,,,,,,,,,,,ED35,1,2024-02-06_15h46.54.486,rating,2023.2.3,60.0375371650119,2024-02-06 15h47.05.207181 +0800,
neu_86.jpg,0.0,202.0,202.0,369.0,677.6201907958311,,,,,,,,,,,,,,,,,,,,,,,677.5919064159025,,677.5919377771006,677.5919446195439,677.6201907958311,678.6035391397745,678.620205906227,679.6035559607808,679.6035559607808,679.9202826841429,679.8370914027837,679.8370993856352,679.9202826841429,679.9202826841429,679.9202826841429,679.9202826841429,679.9202826841429,679.9202826841429,0.0783962253663048,680.4546572662894,[127.0],[-93.0],[1],[0],[0],[0.5334249080333393],680.455414496686,680.4585144086177,,,,,,,,,,,,,,ED35,1,2024-02-06_15h46.54.486,rating,2023.2.3,60.0375371650119,2024-02-06 15h47.05.207181 +0800,
neu_87.jpg,0.0,298.0,298.0,370.0,972.9421348822344,,,,,,,,,,,,,,,,,,,,,,,972.9144805772976,,972.9145116533946,972.914518780939,972.9421348822344,973.9254729625136,973.9421343120302,974.9254883580106,974.9254883580106,975.2588310997036,975.1590252255228,975.1590332083742,975.2588310997036,975.2588310997036,975.2588310997036,975.2588310997036,975.2588310997036,975.2588310997036,0.0943747560595511,975.4602914481712,[260.0],[-140.0],[1],[0],[0],[0.20014517383970087],975.4613072659048,975.4643649827703,,,,,,,,,,,,,,ED35,1,2024-02-06_15h46.54.486,rating,2023.2.3,60.0375371650119,2024-02-06 15h47.05.207181 +0800,
neu_88.jpg,0.0,323.0,323.0,371.0,1051.710191163611,,,,,,,,,,,,,,,,,,,,,,,1051.6826979411944,,1051.6827287321903,1051.6827355746336,1051.710191163611,1052.6935474904058,1052.710207984619,1053.6935577540717,1053.6935577540717,1054.0435584240604,1053.927119710543,1053.9271279784934,1054.0435584240604,1054.0435584240604,1054.0435584240604,1054.0435584240604,1054.0435584240604,1054.0435584240604,0.1108918440640991,1055.7452144949184,[154.0],[-174.0],[1],[0],[0],[1.7001906475779833],1055.746295600964,1055.7493801173987,,,,,,,,,,,,,,ED35,1,2024-02-06_15h46.54.486,rating,2023.2.3,60.0375371650119,2024-02-06 15h47.05.207181 +0800,
neu_89.jpg,0.0,173.0,173.0,372.0,596.7687456575441,,,,,,,,,,,,,,,,,,,,,,,596.7402722551178,,596.7403036163178,596.7403104587611,596.7687456575441,597.7521262179907,597.7687827207774,598.7521515920507,598.7521515920507,599.0521602306362,598.9856702130473,598.9856781958988,599.0521602306362,599.0521602306362,599.0521602306362,599.0521602306362,599.0521602306362,599.0521602306362,0.0619381534361309,599.8529005830042,[145.0],[242.0],[1],[0],[0],[0.7999908197216428],599.8536355754604,599.8565986385256,,,,,,,,,,,,,,ED35,1,2024-02-06_15h46.54.486,rating,2023.2.3,60.0375371650119,2024-02-06 15h47.05.207181 +0800,
neu_9.jpg,0.0,85.0,85.0,373.0,317.41378393103514,,,,,,,,,,,,,,,,,,,,,,,317.38468387484136,,317.3847115297176,317.38471780195687,317.41378393103514,318.39710547540926,318.4137873522577,319.3971211560074,319.3971211560074,319.68046958548257,319.6306517512803,319.6306591639277,319.68046958548257,319.68046958548257,319.68046958548257,319.68046958548257,319.68046958548257,319.68046958548257,0.0458056677671265,319.9810048071013,[211.0],[176.0],[1],[0],[0],[0.30006480364136223],319.9815824233592,319.9846501187876,,,,,,,,,,,,,,ED35,1,2024-02-06_15h46.54.486,rating,2023.2.3,60.0375371650119,2024-02-06 15h47.05.207181 +0800,
neu_90.jpg,0.0,79.0,79.0,374.0,297.48006354349127,,,,,,,,,,,,,,,,,,,,,,,297.4510521539578,,297.4510823747496,297.45108921719293,297.48006354349127,298.4634147384513,298.4800780836831,299.4634537973998,299.4634537973998,299.73010495452763,299.6969915202171,299.6969997881697,299.73010495452763,299.73010495452763,299.73010495452763,299.73010495452763,299.73010495452763,299.73010495452763,0.0290679109639313,304.1639914138741,[-221.0],[-136.0],[1],[0],[0],[4.4334588066376455],304.164497184478,304.16755689705496,,,,,,,,,,,,,,ED35,1,2024-02-06_15h46.54.486,rating,2023.2.3,60.0375371650119,2024-02-06 15h47.05.207181 +0800,
neu_91.jpg,0.0,296.0,296.0,375.0,967.542026429508,,,,,,,,,,,,,,,,,,,,,,,967.5143056958495,,967.5143376272516,967.5143447547962,967.542026429508,968.5253750585524,968.5420386888854,969.5253941603733,969.5253941603733,969.8587349063546,969.7589891886546,969.7589968864032,969.8587349063546,969.8587349063546,969.8587349063546,969.8587349063546,969.8587349063546,969.8587349063546,0.0944511633424554,970.160043324071,[108.0],[-192.0],[1],[0],[0],[0.30002574469472165],970.1610619928216,970.1641570580232,,,,,,,,,,,,,,ED35,1,2024-02-06_15h46.54.486,rating,2023.2.3,60.0375371650119,2024-02-06 15h47.05.207181 +0800,
neu_92.jpg,0.0,236.0,236.0,376.0,784.1720920114767,,,,,,,,,,,,,,,,,,,,,,,784.1441089841574,,784.1441394900503,784.1441463324936,784.1720920114767,785.1554537552038,785.1721068367697,786.1554908184389,786.1554908184389,786.4721340069718,786.3890040225015,786.389012290454,786.4721340069718,786.4721340069718,786.4721340069718,786.4721340069718,786.4721340069718,786.4721340069718,0.0780446948392636,787.0565758874018,[-444.0],[204.0],[1],[0],[0],[0.5834215010672779],787.0574739580879,787.0606611111725,,,,,,,,,,,,,,ED35,1,2024-02-06_15h46.54.486,rating,2023.2.3,60.0375371650119,2024-02-06 15h47.05.207181 +0800,
neu_93.jpg,0.0,358.0,358.0,377.0,1183.1458652112797,,,,,,,,,,,,,,,,,,,,,,,1183.1185647176826,,1183.1185957937796,1183.118602921324,1183.1458652112797,1184.12921327012,1184.1458788961663,1185.1292318017386,1185.1292318017386,1185.4792401694758,1185.362768099047,1185.362776081898,1185.4792401694758,1185.4792401694758,1185.4792401694758,1185.4792401694758,1185.4792401694758,1185.4792401694758,0.1107011109561426,1189.0976285516915,[-315.0],[-113.0],[1],[0],[0],[3.6167989396508347],1189.0987165001825,1189.101777638269,,,,,,,,,,,,,,ED35,1,2024-02-06_15h46.54.486,rating,2023.2.3,60.0375371650119,2024-02-06 15h47.05.207181 +0800,
neu_94.jpg,0.0,100.0,100.0,378.0,373.1147537618472,,,,,,,,,,,,,,,,,,,,,,,373.0858150732747,,373.08584358345615,373.0858507110006,373.1147537618472,374.0981055270131,374.1147663063275,375.0980952633472,375.0980952633472,375.38145680750495,375.3316455306449,375.3316535134945,375.38145680750495,375.38145680750495,375.38145680750495,375.38145680750495,375.38145680750495,375.38145680750495,0.0456616913543257,375.981999527301,[427.0],[-231.0],[1],[0],[0],[0.6000340981754562],375.9826099302664,375.98572210157727,,,,,,,,,,,,,,ED35,1,2024-02-06_15h46.54.486,rating,2023.2.3,60.0375371650119,2024-02-06 15h47.05.207181 +0800,
neu_95.jpg,0.0,191.0,191.0,379.0,647.5863269735673,,,,,,,,,,,,,,,,,,,,,,,647.557952216368,,647.5579827222609,647.5579895647043,647.5863269735673,648.5696690452714,648.5863366670292,649.5696881470922,649.5696881470922,649.8697221597376,649.8032318570476,649.8032398398991,649.8697221597376,649.8697221597376,649.8697221597376,649.8697221597376,649.8697221597376,649.8697221597376,0.0617893302933225,650.6039890304237,[133.0],[-115.0],[1],[0],[0],[0.733412135472463],650.6047416991896,650.6078265007254,,,,,,,,,,,,,,ED35,1,2024-02-06_15h46.54.486,rating,2023.2.3,60.0375371650119,2024-02-06 15h47.05.207181 +0800,
neu_96.jpg,0.0,141.0,141.0,380.0,500.2337104945127,,,,,,,,,,,,,,,,,,,,,,,500.2051219109581,,500.20515298705504,500.2051601145995,500.2337104945127,501.21703888132834,501.2337039371705,502.21706340008495,502.21706340008495,502.5005147513093,502.4506002675971,502.4506082504468,502.5005147513093,502.5005147513093,502.5005147513093,502.5005147513093,502.5005147513093,502.5005147513093,0.0454105166645604,502.8510428596401,[217.0],[-132.0],[1],[0],[0],[0.34992540311213816],502.85171855091903,502.8548161820363,,,,,,,,,,,,,,ED35,1,2024-02-06_15h46.54.486,rating,2023.2.3,60.0375371650119,2024-02-06 15h47.05.207181 +0800,
neu_97.jpg,0.0,187.0,187.0,381.0,636.9194715695048,,,,,,,,,,,,,,,,,,,,,,,636.8910355154167,,636.8910663064125,636.8910731488559,636.9194715695048,637.9028162071263,637.9194786970511,638.902829892013,638.902829892013,639.202866470574,639.1364109503047,639.1364189331543,639.202866470574,639.202866470574,639.202866470574,639.202866470574,639.202866470574,639.202866470574,0.0618506271821388,639.4703227552018,[179.0],[-115.0],[1],[0],[0],[0.2666394679545192],639.4710349395118,639.474141978988,,,,,,,,,,,,,,ED35,1,2024-02-06_15h46.54.486,rating,2023.2.3,60.0375371650119,2024-02-06 15h47.05.207181 +0800,
neu_98.jpg,0.0,233.0,233.0,382.0,775.1719314991587,,,,,,,,,,,,,,,,,,,,,,,775.1437169691744,,775.1437483303725,775.143755457917,775.1719314991587,776.1552804133062,776.1719457542495,777.1553169063372,777.1553169063372,777.4719914560701,777.3888306806039,777.3888386634535,777.4719914560701,777.4719914560701,777.4719914560701,777.4719914560701,777.4719914560701,777.4719914560701,0.078295869530848,777.8896422228936,[194.0],[-64.0],[1],[0],[0],[0.4166426468400459],777.8904627458905,777.893514760719,,,,,,,,,,,,,,ED35,1,2024-02-06_15h46.54.486,rating,2023.2.3,60.0375371650119,2024-02-06 15h47.05.207181 +0800,
neu_99.jpg,0.0,343.0,343.0,383.0,1128.861565682182,,,,,,,,,,,,,,,,,,,,,,,1128.834296264682,,1128.834327340779,1128.8343341832224,1128.861565682182,1129.844916877144,1129.8615785117636,1130.8449490936473,1130.8449490936473,1131.1949423509886,1131.0784976503328,1131.0785056331842,1131.1949423509886,1131.1949423509886,1131.1949423509886,1131.1949423509886,1131.1949423509886,1131.1949423509886,0.1106717454695171,1132.013320241458,[189.0],[-116.0],[1],[0],[0],[0.8168260813399684],1132.0144566572562,1132.0175850793676,,,,,,,,,,,,,,ED35,1,2024-02-06_15h46.54.486,rating,2023.2.3,60.0375371650119,2024-02-06 15h47.05.207181 +0800,
,,,,,,,0.0248221036017639,0.0582006825916323,0.0582006825916323,1.8752431562024867,space,1.8125689411808708,,,,,,,,,,,,,,,,,,,,,,,,,,,,,,,,,,,,,,,,,,,,,,,,,,,,,,,,,ED35,1,2024-02-06_15h46.54.486,rating,2023.2.3,60.0375371650119,2024-02-06 15h47.05.207181 +0800,
,,,,,,,,,,,,,,1.8752611176169007,1.9081342111057893,1.9081342111057893,3.475247033587948,space,1.5527023517188354,,,,,,,,,,,,,,,,,,,,,,,,,,,,,,,,,,,,,,,,,,,,,,,,,,ED35,1,2024-02-06_15h46.54.486,rating,2023.2.3,60.0375371650119,2024-02-06 15h47.05.207181 +0800,
,,,,,,,,,,,,,,,,,,,,,3.475266420509797,3.5081514882749616,3.5081514882749616,6.175248088464286,return,2.6538003072819265,,,,,,,,,,,,,,,,,,,,,,,,,,,,,,,,,,,,,,,,,,,ED35,1,2024-02-06_15h46.54.486,rating,2023.2.3,60.0375371650119,2024-02-06 15h47.05.207181 +0800,
,,,,,,,,,,,,,,,,,,,,,,,,,,,,,,,,,,,,,,,,,,,,,,,,,,,,,,,,,,,,,,1275.0536496024688,1275.0808357702408,1275.0808357702408,1466.2679754550154,space,191.17997279558583,,ED35,1,2024-02-06_15h46.54.486,rating,2023.2.3,60.0375371650119,2024-02-06 15h47.05.207181 +0800,
