stimulus_filename,trials.thisRepN,trials.thisTrialN,trials.thisN,trials.thisIndex,thisRow.t,notes,welcome.started,welcome_image.started,welcome_key_resp.started,welcome.stopped,welcome_key_resp.keys,welcome_key_resp.rt,welcome_key_resp.duration,instruction.started,instruction_image.started,instruction_key_resp.started,instruction.stopped,instruction_key_resp.keys,instruction_key_resp.rt,instruction_key_resp.duration,start.started,start_image.started,key_resp.started,start.stopped,key_resp.keys,key_resp.rt,key_resp.duration,block_info.started,block_text.started,block_info.stopped,img_presentation.started,ISI_text.started,stimulus_image.started,ISI_text.stopped,stimulus_image.stopped,text.started,text.stopped,img_presentation.stopped,evaluation.started,horizontal_polygon.started,vertical_polygon.started,ha_text.started,la_text.started,negative_text.started,positive_text.started,mouse.started,evaluation.stopped,mouse.x,mouse.y,mouse.leftButton,mouse.midButton,mouse.rightButton,mouse.time,rest.started,rest.stopped,key_resp_2.keys,rest_image.started,key_resp_2.started,key_resp_2.rt,key_resp_2.duration,block_text.stopped,end.started,end_image.started,key_resp_3.started,end.stopped,key_resp_3.keys,key_resp_3.rt,key_resp_3.duration,participant,session,date,expName,psychopyVersion,frameRate,expStart,Unnamed: 76
neg_1.jpg,0.0,106.0,106.0,0.0,470.56364902205314,,,,,,,,,,,,,,,,,,,,,,,470.5347815625028,,470.5348095022491,470.5348157744375,470.56364902205314,471.54698781028856,471.56367582139865,472.5470151798363,472.5470151798363,472.8303347523688,472.7805857539206,472.7805937367084,472.8303347523688,472.8303347523688,472.8303347523688,472.8303347523688,472.8303347523688,472.8303347523688,0.045575712720165,473.3309075171601,[-292.0],[230.0],[1],[0],[0],[0.49996721356365015],473.33151363858633,473.3345240036615,,,,,,,,,,,,,,ED09,1,2024-01-15_17h37.38.109,rating,2023.2.3,60.0382390855328,2024-01-15 17h37.51.915872 +0800,
neg_10.jpg,0.0,344.0,344.0,1.0,1321.3051020256898,,,,,,,,,,,,,,,,,,,,,,,1321.2776840117367,,1321.2777142322775,1321.2777210746644,1321.3051020256898,1322.2884433798208,1322.3051074425784,1323.288452217901,1323.288452217901,1323.6384591173082,1323.5219834482668,1323.521991431051,1323.6384591173082,1323.6384591173082,1323.6384591173082,1323.6384591173082,1323.6384591173082,1323.6384591173082,0.1107996241262299,1324.4566902576953,[-237.0],[-112.0],[1],[0],[0],[0.8166930288607546],1324.4577944478588,1324.4608909129674,,,,,,,,,,,,,,ED09,1,2024-01-15_17h37.38.109,rating,2023.2.3,60.0382390855328,2024-01-15 17h37.51.915872 +0800,
neg_100.jpg,0.0,277.0,277.0,2.0,1082.0861607595943,,,,,,,,,,,,,,,,,,,,,,,1082.0582680550615,,1082.0582965650065,1082.0583028371948,1082.0861607595943,1083.0694989776312,1083.0861599042985,1084.0695066753178,1084.0695066753178,1084.4028458056746,1084.3030504500566,1084.3030584328408,1084.4028458056746,1084.4028458056746,1084.4028458056746,1084.4028458056746,1084.4028458056746,1084.4028458056746,0.0946019840630469,1084.904019845202,[-312.0],[-206.0],[1],[0],[0],[0.5],1084.9049626690794,1084.90804231332,,,,,,,,,,,,,,ED09,1,2024-01-15_17h37.38.109,rating,2023.2.3,60.0382390855328,2024-01-15 17h37.51.915872 +0800,
neg_101.jpg,0.0,309.0,309.0,3.0,1194.6206081855453,,,,,,,,,,,,,,,,,,,,,,,1194.592830376092,,1194.592860881734,1194.5928677241172,1194.6206081855453,1195.603935569805,1195.6205722630148,1196.6039181787382,1196.6039181787382,1196.9372752703605,1196.8374516898984,1196.8374599577835,1196.9372752703605,1196.9372752703605,1196.9372752703605,1196.9372752703605,1196.9372752703605,1196.9372752703605,0.094471693613741,1197.5385956229256,[-228.0],[-245.0],[1],[0],[0],[0.5999934997344099],1197.539576650128,1197.5425704794325,,,,,,,,,,,,,,ED09,1,2024-01-15_17h37.38.109,rating,2023.2.3,60.0382390855328,2024-01-15 17h37.51.915872 +0800,
neg_102.jpg,0.0,63.0,63.0,4.0,296.1453103421518,,,,,,,,,,,,,,,,,,,,,,,296.1163003328802,,296.1163308385221,296.11633768090906,296.1453103421518,297.12865027078806,297.1453149037443,298.12868562312,298.12868562312,298.3953300140165,298.36219347532824,298.3622014581124,298.3953300140165,298.3953300140165,298.3953300140165,298.3953300140165,298.3953300140165,298.3953300140165,0.0290459318021021,299.46254620036416,[-248.0],[-224.0],[1],[0],[0],[1.0668338679897715],299.46303828201417,299.4661085179723,,,,,,,,,,,,,,ED09,1,2024-01-15_17h37.38.109,rating,2023.2.3,60.0382390855328,2024-01-15 17h37.51.915872 +0800,
neg_103.jpg,0.0,138.0,138.0,5.0,587.8314338107411,,,,,,,,,,,,,,,,,,,,,,,587.8026880886573,,587.8027188794003,587.8027257217873,587.8314338107411,588.8147771605691,588.8314417935253,589.8148096619043,589.8148096619043,590.0981566039845,590.0483617045284,590.0483696873125,590.0981566039845,590.0981566039845,590.0981566039845,590.0981566039845,590.0981566039845,590.0981566039845,0.0454844808955385,590.5987912353594,[-394.0],[-297.0],[1],[0],[0],[0.5000228079552471],590.5994304283231,590.6024849838104,,,,,,,,,,,,,,ED09,1,2024-01-15_17h37.38.109,rating,2023.2.3,60.0382390855328,2024-01-15 17h37.51.915872 +0800,
neg_104.jpg,0.0,274.0,274.0,6.0,1074.3360823572475,,,,,,,,,,,,,,,,,,,,,,,1074.3082141712655,,1074.3082446769076,1074.3082515192946,1074.3360823572475,1075.319421145483,1075.33609176553,1076.3194590637104,1076.3194590637104,1076.6527893559833,1076.5529854473823,1076.5529940003653,1076.6527893559833,1076.6527893559833,1076.6527893559833,1076.6527893559833,1076.6527893559833,1076.6527893559833,0.0945982777702738,1076.8540042787718,[-369.0],[-217.0],[1],[0],[0],[0.20002263689457322],1076.8549850208728,1076.85807806479,,,,,,,,,,,,,,ED09,1,2024-01-15_17h37.38.109,rating,2023.2.3,60.0382390855328,2024-01-15 17h37.51.915872 +0800,
neg_105.jpg,0.0,316.0,316.0,7.0,1219.8374730723554,,,,,,,,,,,,,,,,,,,,,,,1219.80985520369,,1219.8098828583388,1219.8098891305272,1219.8374730723554,1220.8208281112602,1220.837475638251,1221.8208546255082,1221.8208546255082,1222.1708284533815,1222.0543827197798,1222.054390702564,1222.1708284533815,1222.1708284533815,1222.1708284533815,1222.1708284533815,1222.1708284533815,1222.1708284533815,0.1110388225642964,1222.4722649554606,[-344.0],[-229.0],[1],[0],[0],[0.30002411941313767],1222.473257101541,1222.4765106564482,,,,,,,,,,,,,,ED09,1,2024-01-15_17h37.38.109,rating,2023.2.3,60.0382390855328,2024-01-15 17h37.51.915872 +0800,
neg_106.jpg,0.0,73.0,73.0,8.0,335.27901742185713,,,,,,,,,,,,,,,,,,,,,,,335.2499848897278,,335.2500156804708,335.2500225228541,335.27901742185713,336.2623587759881,336.27902283874573,337.2623670438734,337.2623670438734,337.52903851921656,337.49593590736185,337.49594474544574,337.52903851921656,337.52903851921656,337.52903851921656,337.52903851921656,337.52903851921656,337.52903851921656,0.029070165252051,339.0962638287492,[-175.0],[-261.0],[1],[0],[0],[1.5667990858564735],339.0968055177,339.0997505950036,,,,,,,,,,,,,,ED09,1,2024-01-15_17h37.38.109,rating,2023.2.3,60.0382390855328,2024-01-15 17h37.51.915872 +0800,
neg_107.jpg,0.0,298.0,298.0,9.0,1152.0368223043552,,,,,,,,,,,,,,,,,,,,,,,1152.009119190956,,1152.009149696598,1152.0091565389848,1152.0368223043552,1153.020184185647,1153.0368587970845,1154.0201998661178,1154.0201998661178,1154.35351362262,1154.253707433225,1154.2537154160127,1154.35351362262,1154.35351362262,1154.35351362262,1154.35351362262,1154.35351362262,1154.35351362262,0.0944180949190922,1155.7548560989053,[-153.0],[-182.0],[1],[0],[0],[1.4000435631969594],1155.7558912950008,1155.7589270339267,,,,,,,,,,,,,,ED09,1,2024-01-15_17h37.38.109,rating,2023.2.3,60.0382390855328,2024-01-15 17h37.51.915872 +0800,
neg_108.jpg,0.0,207.0,207.0,10.0,814.2502674232819,,,,,,,,,,,,,,,,,,,,,,,814.2218726586216,,814.2219028791624,814.2219097215493,814.2502674232819,815.2336070668171,815.2502956481258,816.2336156197998,816.2336156197998,816.5502869811025,816.4671605349358,816.4671685177236,816.5502869811025,816.5502869811025,816.5502869811025,816.5502869811025,816.5502869811025,816.5502869811025,0.0784348496454185,816.9511045893014,[-177.0],[-103.0],[1],[0],[0],[0.39992667242040625],816.9519473432701,816.9550018987611,,,,,,,,,,,,,,ED09,1,2024-01-15_17h37.38.109,rating,2023.2.3,60.0382390855328,2024-01-15 17h37.51.915872 +0800,
neg_109.jpg,0.0,248.0,248.0,11.0,978.2018324481942,,,,,,,,,,,,,,,,,,,,,,,978.173801755529,,978.1738296952752,978.17383596746,978.2018324481942,979.1851729470254,979.2018404309785,980.1851820702104,980.1851820702104,980.5018540017118,980.4187640482742,980.418772886358,980.5018540017118,980.5018540017118,980.5018540017118,980.5018540017118,980.5018540017118,980.5018540017118,0.078079045531922,980.7862826111012,[-356.0],[-287.0],[1],[0],[0],[0.28331101955336635],980.787141900837,980.7901961712269,,,,,,,,,,,,,,ED09,1,2024-01-15_17h37.38.109,rating,2023.2.3,60.0382390855328,2024-01-15 17h37.51.915872 +0800,
neg_11.jpg,0.0,311.0,311.0,12.0,1200.220624493235,,,,,,,,,,,,,,,,,,,,,,,1200.192886312601,,1200.192917388442,1200.1929250861283,1200.220624493235,1201.203961000676,1201.2206230677366,1202.203969553659,1202.203969553659,1202.5372468174355,1202.4375073413105,1202.4375153240944,1202.5372468174355,1202.5372468174355,1202.5372468174355,1202.5372468174355,1202.5372468174355,1202.5372468174355,0.0943818872910924,1202.8386850301104,[-364.0],[-242.0],[1],[0],[0],[0.3001090790494345],1202.839660640424,1202.8427080684269,,,,,,,,,,,,,,ED09,1,2024-01-15_17h37.38.109,rating,2023.2.3,60.0382390855328,2024-01-15 17h37.51.915872 +0800,
neg_110.jpg,0.0,381.0,381.0,13.0,1446.0562700781263,,,,,,,,,,,,,,,,,,,,,,,1446.0291970345097,,1446.0292281103502,1446.0292349527372,1446.0562700781263,1447.039632529617,1447.0562994433712,1448.0396419378994,1448.0396419378994,1448.4063163212595,1448.2731928401265,1448.273201393109,1448.4063163212595,1448.4063163212595,1448.4063163212595,1448.4063163212595,1448.4063163212595,1448.4063163212595,0.1271458009978232,1448.6415396168486,[-344.0],[133.0],[1],[0],[0],[0.23347677637138986],1448.6426854315323,1448.6457473996088,,,,,,,,,,,,,,ED09,1,2024-01-15_17h37.38.109,rating,2023.2.3,60.0382390855328,2024-01-15 17h37.51.915872 +0800,
neg_111.jpg,0.0,57.0,57.0,14.0,273.9617636023795,,,,,,,,,,,,,,,,,,,,,,,273.93255801488704,,273.9325853844348,273.9325919417206,273.9617636023795,274.94514230453933,274.96179040172865,275.9451314707585,275.9451314707585,276.2117832742406,276.1786792368912,276.1786869345742,276.2117832742406,276.2117832742406,276.2117832742406,276.2117832742406,276.2117832742406,276.2117832742406,0.0292808537487871,276.6123479992275,[-375.0],[280.0],[1],[0],[0],[0.40012025494797854],276.61285918254,276.61598472779224,,,,,,,,,,,,,,ED09,1,2024-01-15_17h37.38.109,rating,2023.2.3,60.0382390855328,2024-01-15 17h37.51.915872 +0800,
neg_112.jpg,0.0,346.0,346.0,15.0,1327.3218496225854,,,,,,,,,,,,,,,,,,,,,,,1327.2943500701913,,1327.2943777248363,1327.2943839970249,1327.3218496225854,1328.30516788366,1328.3218929577015,1329.3051772919423,1329.3051772919423,1329.655209850298,1329.5387398832463,1329.538748151128,1329.655209850298,1329.655209850298,1329.655209850298,1329.655209850298,1329.655209850298,1329.655209850298,0.1108877198566915,1330.8233871639095,[-296.0],[71.0],[1],[0],[0],[1.166666571632959],1330.8244437424655,1330.8274056406335,,,,,,,,,,,,,,ED09,1,2024-01-15_17h37.38.109,rating,2023.2.3,60.0382390855328,2024-01-15 17h37.51.915872 +0800,
neg_113.jpg,0.0,377.0,377.0,16.0,1434.7728498654906,,,,,,,,,,,,,,,,,,,,,,,1434.745672760571,,1434.745702981112,1434.745709823499,1434.7728498654906,1435.7561952110118,1435.772858418473,1436.756200342803,1436.756200342803,1437.1228701645705,1436.989738415552,1436.9897463983398,1437.1228701645705,1437.1228701645705,1437.1228701645705,1437.1228701645705,1437.1228701645705,1437.1228701645705,0.1272224927524803,1437.8245945600756,[-259.0],[-308.0],[1],[0],[0],[0.7000195008004084],1437.8257329621702,1437.8287267914784,,,,,,,,,,,,,,ED09,1,2024-01-15_17h37.38.109,rating,2023.2.3,60.0382390855328,2024-01-15 17h37.51.915872 +0800,
neg_114.jpg,0.0,167.0,167.0,17.0,685.9990423509516,,,,,,,,,,,,,,,,,,,,,,,685.9705016153712,,685.9705281296228,685.97053411671,685.9990423509516,686.9824167766201,686.9990714310952,687.9824087938359,687.9824087938359,688.2823955652202,688.2159126546503,688.2159206374345,688.2823955652202,688.2823955652202,688.2823955652202,688.2823955652202,688.2823955652202,688.2823955652202,0.0619178982015,688.6830994187403,[-324.0],[87.0],[1],[0],[0],[0.4000139128547744],688.6837890743045,688.6868667228482,,,,,,,,,,,,,,ED09,1,2024-01-15_17h37.38.109,rating,2023.2.3,60.0382390855328,2024-01-15 17h37.51.915872 +0800,
neg_115.jpg,0.0,99.0,99.0,18.0,442.3133778924748,,,,,,,,,,,,,,,,,,,,,,,442.2844870547742,,442.28451470941945,442.2845212667089,442.3133778924748,443.2967158254141,443.31338387956566,444.29674718635215,444.29674718635215,444.5800641929927,444.5302844038051,444.5302926716904,444.5800641929927,444.5800641929927,444.5800641929927,444.5800641929927,444.5800641929927,444.5800641929927,0.0455979504768038,447.63063285234966,[-370.0],[257.0],[1],[0],[0],[3.0500201280192414],447.6312087532351,447.6342593173358,,,,,,,,,,,,,,ED09,1,2024-01-15_17h37.38.109,rating,2023.2.3,60.0382390855328,2024-01-15 17h37.51.915872 +0800,
neg_116.jpg,0.0,111.0,111.0,19.0,485.9137941946901,,,,,,,,,,,,,,,,,,,,,,,485.8848811192329,,485.8849116248712,485.8849184672581,485.9137941946901,486.8971857263241,486.9137998966799,487.89714353160525,487.89714353160525,488.18048790778994,488.1306927232363,488.1307001358218,488.18048790778994,488.18048790778994,488.18048790778994,488.18048790778994,488.18048790778994,488.18048790778994,0.0456247498259472,488.78105816370953,[-354.0],[280.0],[1],[0],[0],[0.6000279967665847],488.78167854010826,488.7847091472431,,,,,,,,,,,,,,ED09,1,2024-01-15_17h37.38.109,rating,2023.2.3,60.0382390855328,2024-01-15 17h37.51.915872 +0800,
neg_117.jpg,0.0,59.0,59.0,20.0,279.3284858824445,,,,,,,,,,,,,,,,,,,,,,,279.2993549910061,,279.29938179035526,279.29938777744246,279.3284858824445,280.3118241004813,280.32848189105425,281.3118423468477,281.3118423468477,281.5785106860967,281.5453784238998,281.5453861215865,281.5785106860967,281.5785106860967,281.5785106860967,281.5785106860967,281.5785106860967,281.5785106860967,0.0291776477461098,282.6455726336462,[-349.0],[215.0],[1],[0],[0],[1.0666878970732796],282.646032784156,283.87899096462934,space,282.6618426889654,282.6618426889654,1.213365861280181,,,,,,,,,,ED09,1,2024-01-15_17h37.38.109,rating,2023.2.3,60.0382390855328,2024-01-15 17h37.51.915872 +0800,
neg_118.jpg,0.0,29.0,29.0,21.0,150.3106121427263,,,,,,,,,,,,,,,,,,,,,,,150.28141539331773,,150.28144304796297,150.2814493201513,150.3106121427263,151.2939178594279,151.3106169894163,152.2939289783062,152.2939289783062,152.560596177158,152.52755885307852,152.5275671209638,152.560596177158,152.560596177158,152.560596177158,152.560596177158,152.560596177158,152.560596177158,0.0291996004052634,153.16104184461437,[-379.0],[259.0],[1],[0],[0],[0.6001354792570055],153.1614800424686,157.06102525182723,space,153.19394032526543,153.19394032526543,3.858630302420352,,,,,,,,,,ED09,1,2024-01-15_17h37.38.109,rating,2023.2.3,60.0382390855328,2024-01-15 17h37.51.915872 +0800,
neg_119.jpg,0.0,0.0,0.0,22.0,15.342657320725266,,,,,,,,,,,,,,,,,,,,,,,15.330091277439353,15.342657320725266,16.325991547371814,16.326000100354577,16.359327085472614,17.30938279390648,17.359298005329038,18.30929868956809,18.30929868956809,18.559315510436136,18.542876391142272,18.542884944125035,18.559315510436136,18.559315510436136,18.559315510436136,18.559315510436136,18.559315510436136,18.559315510436136,-0.0003170305863022,20.47636839182269,[-305.0],[141.0],[1],[0],[0],[1.9167632203461835],20.47770294234033,20.481654705794423,,,,,,,,,,,,,,ED09,1,2024-01-15_17h37.38.109,rating,2023.2.3,60.0382390855328,2024-01-15 17h37.51.915872 +0800,
neg_12.jpg,0.0,46.0,46.0,23.0,223.9446177215541,,,,,,,,,,,,,,,,,,,,,,,223.9153126343517,,223.915339718802,223.91534599098668,223.9446177215541,224.92798416443475,224.94462085764823,225.9280314909447,225.9280314909447,226.19464281030375,226.1614951527372,226.16150313552495,226.19464281030375,226.19464281030375,226.19464281030375,226.19464281030375,226.19464281030375,226.19464281030375,0.0293478521198267,228.9284614209137,[-197.0],[-120.0],[1],[0],[0],[2.7334656574894325],228.92894494957727,228.93205082296845,,,,,,,,,,,,,,ED09,1,2024-01-15_17h37.38.109,rating,2023.2.3,60.0382390855328,2024-01-15 17h37.51.915872 +0800,
neg_120.jpg,0.0,95.0,95.0,24.0,427.2132364261306,,,,,,,,,,,,,,,,,,,,,,,427.1842669009784,,427.1842965513242,427.1843033937075,427.2132364261306,428.1965997329171,428.2132384218276,429.1965746441674,429.1965746441674,429.4799295690318,429.43016546031504,429.4301742983989,429.4799295690318,429.4799295690318,429.4799295690318,429.4799295690318,429.4799295690318,429.4799295690318,0.0456837654128321,430.78041155816027,[-296.0],[286.0],[1],[0],[0],[1.3000149962317664],430.78096892758185,430.78403232115306,,,,,,,,,,,,,,ED09,1,2024-01-15_17h37.38.109,rating,2023.2.3,60.0382390855328,2024-01-15 17h37.51.915872 +0800,
neg_121.jpg,0.0,42.0,42.0,25.0,208.37780694661703,,,,,,,,,,,,,,,,,,,,,,,208.3485112677008,,208.3485414882416,208.34854804552745,208.37780694661703,209.3611674024141,209.37780609132096,210.36115229214192,210.36115229214192,210.62781721019928,210.59469207549049,210.5946997731735,210.62781721019928,210.62781721019928,210.62781721019928,210.62781721019928,210.62781721019928,210.62781721019928,0.0293239037637249,211.96160679768215,[-375.0],[240.0],[1],[0],[0],[1.3334198135016777],211.96207150978444,211.9652329775672,,,,,,,,,,,,,,ED09,1,2024-01-15_17h37.38.109,rating,2023.2.3,60.0382390855328,2024-01-15 17h37.51.915872 +0800,
neg_122.jpg,0.0,343.0,343.0,26.0,1315.0884196025254,,,,,,,,,,,,,,,,,,,,,,,1315.060856758053,,1315.060887263695,1315.060894391179,1315.0884196025254,1316.071719332136,1316.0884107644415,1317.0717247490247,1317.0717247490247,1317.421737065324,1317.3052608260805,1317.3052685237672,1317.421737065324,1317.421737065324,1317.421737065324,1317.421737065324,1317.421737065324,1317.421737065324,0.1109210764880117,1321.2733063097076,[-59.0],[2.0],[1],[0],[0],[3.849995210330235],1321.2743546203783,1321.2774590682711,,,,,,,,,,,,,,ED09,1,2024-01-15_17h37.38.109,rating,2023.2.3,60.0382390855328,2024-01-15 17h37.51.915872 +0800,
neg_123.jpg,0.0,379.0,379.0,27.0,1440.4729449176448,,,,,,,,,,,,,,,,,,,,,,,1440.445890120391,,1440.445918060137,1440.4459243323254,1440.4729449176448,1441.4562480684508,1441.4729979461445,1442.4562594724302,1442.4562594724302,1442.8229543829475,1442.6898739518329,1442.6898830750142,1442.8229543829475,1442.8229543829475,1442.8229543829475,1442.8229543829475,1442.8229543829475,1442.8229543829475,0.1270941980001225,1443.291345692203,[-319.0],[286.0],[1],[0],[0],[0.4666675979933643],1443.2924584353495,1443.2955218289244,,,,,,,,,,,,,,ED09,1,2024-01-15_17h37.38.109,rating,2023.2.3,60.0382390855328,2024-01-15 17h37.51.915872 +0800,
neg_124.jpg,0.0,275.0,275.0,28.0,1076.8861298548145,,,,,,,,,,,,,,,,,,,,,,,1076.8583010125585,,1076.858332088399,1076.8583392158837,1076.8861298548145,1077.869450111586,1077.886114744546,1078.8694675026527,1078.8694675026527,1079.2028248793722,1079.1030223962734,1079.1030303790576,1079.2028248793722,1079.2028248793722,1079.2028248793722,1079.2028248793722,1079.2028248793722,1079.2028248793722,0.0945478151697898,1079.4041458591564,[-373.0],[267.0],[1],[0],[0],[0.200149221051106],1079.4051280267597,1079.4082105219932,,,,,,,,,,,,,,ED09,1,2024-01-15_17h37.38.109,rating,2023.2.3,60.0382390855328,2024-01-15 17h37.51.915872 +0800,
neg_125.jpg,0.0,358.0,358.0,29.0,1368.0555630314957,,,,,,,,,,,,,,,,,,,,,,,1368.028177233784,,1368.0282077394222,1368.0282145818092,1368.0555630314957,1369.0389012495325,1369.05555647421,1370.038899538937,1370.038899538937,1370.3889052979466,1370.2724512964596,1370.2724589941463,1370.3889052979466,1370.3889052979466,1370.3889052979466,1370.3889052979466,1370.3889052979466,1370.3889052979466,0.1107514423201792,1371.4405342421524,[-264.0],[-209.0],[1],[0],[0],[1.0500323872947774],1371.4416036501862,1371.4445373235103,,,,,,,,,,,,,,ED09,1,2024-01-15_17h37.38.109,rating,2023.2.3,60.0382390855328,2024-01-15 17h37.51.915872 +0800,
neg_126.jpg,0.0,262.0,262.0,30.0,1033.8356966176943,,,,,,,,,,,,,,,,,,,,,,,1033.8075441875626,,1033.807574123006,1033.8075809653928,1033.8356966176943,1034.8190362612297,1034.835723702141,1035.8190479503064,1035.8190479503064,1036.1523842296665,1036.0526390515552,1036.0526496002349,1036.1523842296665,1036.1523842296665,1036.1523842296665,1036.1523842296665,1036.1523842296665,1036.1523842296665,0.0948642755574837,1036.4034875645302,[-289.0],[271.0],[1],[0],[0],[0.25000798278779257],1036.4043625347404,1036.4073421090725,,,,,,,,,,,,,,ED09,1,2024-01-15_17h37.38.109,rating,2023.2.3,60.0382390855328,2024-01-15 17h37.51.915872 +0800,
neg_127.jpg,0.0,97.0,97.0,31.0,435.8633566810786,,,,,,,,,,,,,,,,,,,,,,,435.8344897917305,,435.83452058246985,435.8345274248568,435.8633566810786,436.8466729464562,436.8633524045836,437.8466609722782,437.8466609722782,438.13004953887867,438.0802426652445,438.08025007783,438.13004953887867,438.13004953887867,438.13004953887867,438.13004953887867,438.13004953887867,438.13004953887867,0.0455737170232168,438.880524229462,[-343.0],[303.0],[1],[0],[0],[0.7500025658955565],438.8810830243783,438.8841227546982,,,,,,,,,,,,,,ED09,1,2024-01-15_17h37.38.109,rating,2023.2.3,60.0382390855328,2024-01-15 17h37.51.915872 +0800,
neg_128.jpg,0.0,122.0,122.0,32.0,534.0642936319055,,,,,,,,,,,,,,,,,,,,,,,534.0354475548156,,534.0354774902589,534.0354846177434,534.0642936319055,535.0476341307367,535.0642631262635,536.047604765492,536.047604765492,536.330962256252,536.2811525316247,536.2811599442102,536.330962256252,536.330962256252,536.330962256252,536.330962256252,536.330962256252,536.330962256252,0.0455309521057643,536.7315472233022,[-329.0],[-278.0],[1],[0],[0],[0.4000176191475475],536.7321861311648,536.735256652224,,,,,,,,,,,,,,ED09,1,2024-01-15_17h37.38.109,rating,2023.2.3,60.0382390855328,2024-01-15 17h37.51.915872 +0800,
neg_129.jpg,0.0,80.0,80.0,33.0,362.79597399665,,,,,,,,,,,,,,,,,,,,,,,362.7668587856824,,362.7668892913207,362.7668964188088,362.79597399665,363.7792902620277,363.7959557502836,364.7792982448118,364.7792982448118,365.0460062128877,365.0128864950675,365.0128950480503,365.0460062128877,365.0460062128877,365.0460062128877,365.0460062128877,365.0460062128877,365.0460062128877,0.0291639629758719,366.2131124078696,[-327.0],[321.0],[1],[0],[0],[1.1666831073998765],366.2136466842349,366.2166741552792,,,,,,,,,,,,,,ED09,1,2024-01-15_17h37.38.109,rating,2023.2.3,60.0382390855328,2024-01-15 17h37.51.915872 +0800,
neg_13.jpg,0.0,218.0,218.0,34.0,859.1507152574959,,,,,,,,,,,,,,,,,,,,,,,859.1224074481652,,859.1224348177129,859.1224408048001,859.1507152574959,860.1340543308324,860.1506958707323,861.1340343738702,861.1340343738702,861.4507373812121,861.3675718764207,861.3675798592049,861.4507373812121,861.4507373812121,861.4507373812121,861.4507373812121,861.4507373812121,861.4507373812121,0.078390374128503,861.7849982380867,[-346.0],[-242.0],[1],[0],[0],[0.3333083396173606],861.7857819764686,861.7888718842914,,,,,,,,,,,,,,ED09,1,2024-01-15_17h37.38.109,rating,2023.2.3,60.0382390855328,2024-01-15 17h37.51.915872 +0800,
neg_130.jpg,0.0,7.0,7.0,35.0,45.70959969756586,,,,,,,,,,,,,,,,,,,,,,,45.680387267686456,,45.680415777631424,45.68042204981976,45.70959969756586,46.6929136821509,46.70958002570478,47.692925086128525,47.692925086128525,47.94292451592992,47.92647826914981,47.92648596683466,47.94292451592992,47.94292451592992,47.94292451592992,47.94292451592992,47.94292451592992,47.94292451592992,0.0125543542089872,49.41000579322099,[-368.0],[343.0],[1],[0],[0],[1.466812998711248],49.410399800657615,49.41344836905955,,,,,,,,,,,,,,ED09,1,2024-01-15_17h37.38.109,rating,2023.2.3,60.0382390855328,2024-01-15 17h37.51.915872 +0800,
neg_131.jpg,0.0,251.0,251.0,36.0,985.9019044072955,,,,,,,,,,,,,,,,,,,,,,,985.8739281686248,,985.8739581040644,985.8739649464516,985.9019044072955,986.885297364428,986.9019172367698,987.8852965091282,987.8852965091282,988.2019271012103,988.1188200418072,988.1188280245916,988.2019271012103,988.2019271012103,988.2019271012103,988.2019271012103,988.2019271012103,988.2019271012103,0.0780214554470148,988.4531128298186,[-315.0],[140.0],[1],[0],[0],[0.2501305755467911],988.4539681281605,988.4569944588076,,,,,,,,,,,,,,ED09,1,2024-01-15_17h37.38.109,rating,2023.2.3,60.0382390855328,2024-01-15 17h37.51.915872 +0800,
neg_132.jpg,0.0,264.0,264.0,37.0,1041.785801078131,,,,,,,,,,,,,,,,,,,,,,,1041.757637814222,,1041.7576657539685,1041.7576720261568,1041.785801078131,1042.7691122117212,1042.785798227138,1043.7691221902023,1043.7691221902023,1044.1024616056566,1044.0026534205645,1044.0026616884495,1044.1024616056566,1044.1024616056566,1044.1024616056566,1044.1024616056566,1044.1024616056566,1044.1024616056566,0.0948534417766495,1044.436996443099,[-388.0],[232.0],[1],[0],[0],[0.33337619328449364],1044.437912467627,1044.4409507724486,,,,,,,,,,,,,,ED09,1,2024-01-15_17h37.38.109,rating,2023.2.3,60.0382390855328,2024-01-15 17h37.51.915872 +0800,
neg_133.jpg,0.0,186.0,186.0,38.0,747.8996321646919,,,,,,,,,,,,,,,,,,,,,,,747.8711014075925,,747.8711287771403,747.8711350493286,747.8996321646919,748.8829735188228,748.8996398623749,749.8829826420042,749.8829826420042,750.1829922213474,750.1165449482069,750.1165532160921,750.1829922213474,750.1829922213474,750.1829922213474,750.1829922213474,750.1829922213474,750.1829922213474,0.0619136217101186,750.4504890595927,[-256.0],[-157.0],[1],[0],[0],[0.2667096786717593],750.4512682363857,750.4543096773014,,,,,,,,,,,,,,ED09,1,2024-01-15_17h37.38.109,rating,2023.2.3,60.0382390855328,2024-01-15 17h37.51.915872 +0800,
neg_134.jpg,0.0,79.0,79.0,39.0,359.14598032585855,,,,,,,,,,,,,,,,,,,,,,,359.1168668254868,,359.1168973311251,359.116904173512,359.14598032585855,360.1292772044726,360.14595096061385,361.1292612389043,361.1292612389043,361.3959338546483,361.3628397957764,361.36284806366166,361.3959338546483,361.3959338546483,361.3959338546483,361.3959338546483,361.3959338546483,361.3959338546483,0.0290829947298334,362.763084639184,[-362.0],[265.0],[1],[0],[0],[1.3667314032463764],362.7636211963436,362.7666304210216,,,,,,,,,,,,,,ED09,1,2024-01-15_17h37.38.109,rating,2023.2.3,60.0382390855328,2024-01-15 17h37.51.915872 +0800,
neg_135.jpg,0.0,341.0,341.0,40.0,1309.3050236233394,,,,,,,,,,,,,,,,,,,,,,,1309.2775825163335,,1309.2776101709787,1309.277616443167,1309.3050236233394,1310.2883339016298,1310.305010508764,1311.2883435950134,1311.2883435950134,1311.638345647727,1311.5219660572002,1311.5219743250818,1311.638345647727,1311.638345647727,1311.638345647727,1311.638345647727,1311.638345647727,1311.638345647727,0.1107913562409521,1311.989957942129,[-323.0],[102.0],[1],[0],[0],[0.350098131231789],1311.9911536492143,1311.9942512547204,,,,,,,,,,,,,,ED09,1,2024-01-15_17h37.38.109,rating,2023.2.3,60.0382390855328,2024-01-15 17h37.51.915872 +0800,
neg_136.jpg,0.0,197.0,197.0,41.0,782.7833301212122,,,,,,,,,,,,,,,,,,,,,,,782.7548492565184,,782.7548769111636,782.7548831833519,782.7833301212122,783.7666575054718,783.7833050324625,784.7666455312938,784.7666455312938,785.0666508341419,785.0001736255654,785.0001816083495,785.0666508341419,785.0666508341419,785.0666508341419,785.0666508341419,785.0666508341419,785.0666508341419,0.0618249557810486,785.2008391617164,[-355.0],[-289.0],[1],[0],[0],[0.1333891938193119],785.2015980964461,785.2046788810876,,,,,,,,,,,,,,ED09,1,2024-01-15_17h37.38.109,rating,2023.2.3,60.0382390855328,2024-01-15 17h37.51.915872 +0800,
neg_137.jpg,0.0,44.0,44.0,42.0,216.9445974794908,,,,,,,,,,,,,,,,,,,,,,,216.91534798668363,,216.9153756413325,216.9153819135172,216.9445974794908,217.9279006302968,217.94458037352524,218.9278997750007,218.9278997750007,219.1945683993472,219.16145181762116,219.1614595153078,219.1945683993472,219.1945683993472,219.1945683993472,219.1945683993472,219.1945683993472,219.1945683993472,0.0292375186290883,221.29503231316997,[0.0],[-2.0],[1],[0],[0],[2.100127496476489],221.2955015868647,221.2984446684677,,,,,,,,,,,,,,ED09,1,2024-01-15_17h37.38.109,rating,2023.2.3,60.0382390855328,2024-01-15 17h37.51.915872 +0800,
neg_138.jpg,0.0,166.0,166.0,43.0,683.4823697352113,,,,,,,,,,,,,,,,,,,,,,,683.4536759012262,,683.4537061217707,683.453712964154,683.4823697352113,684.4656891366831,684.4824162064215,685.4657016810597,685.4657016810597,685.7657200984831,685.6992297753313,685.699238043213,685.7657200984831,685.7657200984831,685.7657200984831,685.7657200984831,685.7657200984831,685.7657200984831,0.0620641542191151,685.9665187760802,[-290.0],[114.0],[1],[0],[0],[0.20008250778118963],685.9672449243735,685.97029719907,,,,,,,,,,,,,,ED09,1,2024-01-15_17h37.38.109,rating,2023.2.3,60.0382390855328,2024-01-15 17h37.51.915872 +0800,
neg_139.jpg,0.0,12.0,12.0,44.0,68.29311758527547,,,,,,,,,,,,,,,,,,,,,,,68.2639174146716,,68.26394849051212,68.26395533289906,68.29311758527547,69.27646407119755,69.29314581011931,70.27647433477614,70.27647433477614,70.52647461987726,70.51000556514191,70.51001297772746,70.52647461987726,70.52647461987726,70.52647461987726,70.52647461987726,70.52647461987726,70.52647461987726,0.0125720303731213,71.82694748582071,[-338.0],[349.0],[1],[0],[0],[1.3001390144891047],71.82731982570112,71.83038065338042,,,,,,,,,,,,,,ED09,1,2024-01-15_17h37.38.109,rating,2023.2.3,60.0382390855328,2024-01-15 17h37.51.915872 +0800,
neg_14.jpg,0.0,82.0,82.0,45.0,371.0626933687017,,,,,,,,,,,,,,,,,,,,,,,371.03364800709824,,371.03367509154486,371.0336813637332,371.0626933687017,372.0460347228327,372.062702206782,373.0460438460141,373.0460438460141,373.3126409104007,373.2795867654568,373.2795950333384,373.3126409104007,373.3126409104007,373.3126409104007,373.3126409104007,373.3126409104007,373.3126409104007,0.0290128602646291,375.7132181797642,[-185.0],[-307.0],[1],[0],[0],[2.4001251016379683],375.71378210647526,375.7168184155999,,,,,,,,,,,,,,ED09,1,2024-01-15_17h37.38.109,rating,2023.2.3,60.0382390855328,2024-01-15 17h37.51.915872 +0800,
neg_140.jpg,0.0,131.0,131.0,46.0,563.4145345979596,,,,,,,,,,,,,,,,,,,,,,,563.38573014539,,563.3857603659308,563.3857669232166,563.4145345979596,564.3978748116897,564.414539729747,565.3978856454705,565.3978856454705,565.6812231792683,565.6314268543138,565.6314348370979,565.6812231792683,565.6812231792683,565.6812231792683,565.6812231792683,565.6812231792683,565.6812231792683,0.0455118504469282,566.0984975829269,[-384.0],[316.0],[1],[0],[0],[0.41669023488793755],566.0991590136473,566.102263176439,,,,,,,,,,,,,,ED09,1,2024-01-15_17h37.38.109,rating,2023.2.3,60.0382390855328,2024-01-15 17h37.51.915872 +0800,
neg_141.jpg,0.0,221.0,221.0,47.0,870.4841345007953,,,,,,,,,,,,,,,,,,,,,,,870.4559780792733,,870.45600516372,870.4560114359083,870.4841345007953,871.4674772804246,871.4841467600709,872.4674866887071,872.4674866887071,872.7841882705507,872.7010469992128,872.7010558372967,872.7841882705507,872.7841882705507,872.7841882705507,872.7841882705507,872.7841882705507,872.7841882705507,0.0782358502292481,873.2852146285659,[-341.0],[-249.0],[1],[0],[0],[0.5000664281687932],873.286039991468,873.2890631860209,,,,,,,,,,,,,,ED09,1,2024-01-15_17h37.38.109,rating,2023.2.3,60.0382390855328,2024-01-15 17h37.51.915872 +0800,
neg_142.jpg,0.0,227.0,227.0,48.0,890.9009986463461,,,,,,,,,,,,,,,,,,,,,,,890.8727504228009,,890.8727775072512,890.8727837794358,890.9009986463461,891.8843417110766,891.9010017824403,892.8843511193554,892.8843511193554,893.201020770066,893.1178772179301,893.1178854858153,893.201020770066,893.201020770066,893.201020770066,893.201020770066,893.201020770066,893.201020770066,0.078296576411958,897.2855410674347,[-84.0],[-249.0],[1],[0],[0],[4.083502777441026],897.2863772641176,897.2894318196086,,,,,,,,,,,,,,ED09,1,2024-01-15_17h37.38.109,rating,2023.2.3,60.0382390855328,2024-01-15 17h37.51.915872 +0800,
neg_143.jpg,0.0,250.0,250.0,49.0,983.318578106413,,,,,,,,,,,,,,,,,,,,,,,983.2906178333104,,983.290648053855,983.290654896242,983.318578106413,984.3018903804004,984.3185595749492,985.3018983631882,985.3018983631882,985.6185708648882,985.53544983561,985.5354578183942,985.6185708648882,985.6185708648882,985.6185708648882,985.6185708648882,985.6185708648882,985.6185708648882,0.0779766948289761,985.8696739146544,[-347.0],[-295.0],[1],[0],[0],[0.2500196718610823],985.8705956411724,985.8737032251591,,,,,,,,,,,,,,ED09,1,2024-01-15_17h37.38.109,rating,2023.2.3,60.0382390855328,2024-01-15 17h37.51.915872 +0800,
neg_144.jpg,0.0,69.0,69.0,50.0,319.74553363204177,,,,,,,,,,,,,,,,,,,,,,,319.7165951827301,,319.7166239777762,319.7166302499645,319.74553363204177,320.7288778371658,320.745561286687,321.72888524975133,321.72888524975133,321.99555444430007,321.9624469857554,321.96245468344205,321.99555444430007,321.99555444430007,321.99555444430007,321.99555444430007,321.99555444430007,321.99555444430007,0.0289783632324542,322.3626579023294,[-263.0],[281.0],[1],[0],[0],[0.3667088803886145],322.3631927488932,322.3662558573669,,,,,,,,,,,,,,ED09,1,2024-01-15_17h37.38.109,rating,2023.2.3,60.0382390855328,2024-01-15 17h37.51.915872 +0800,
neg_145.jpg,0.0,195.0,195.0,51.0,777.5499152114244,,,,,,,,,,,,,,,,,,,,,,,777.5215244381543,,777.521551807702,777.5215580798904,777.5499152114244,778.5332756672178,778.5499211985116,779.5332628377437,779.5332628377437,779.8332647194002,779.7668174462597,779.7668251439463,779.8332647194002,779.8332647194002,779.8332647194002,779.8332647194002,779.8332647194002,779.8332647194002,0.0617656550966785,780.0341911215473,[-323.0],[-277.0],[1],[0],[0],[0.20010873692808673],780.034906721161,780.0379903567955,,,,,,,,,,,,,,ED09,1,2024-01-15_17h37.38.109,rating,2023.2.3,60.0382390855328,2024-01-15 17h37.51.915872 +0800,
neg_146.jpg,0.0,294.0,294.0,52.0,1136.5366783291356,,,,,,,,,,,,,,,,,,,,,,,1136.5090980935963,,1136.5091297396357,1136.5091374373187,1136.5366783291356,1137.520035648835,1137.5366797546303,1138.5200256703538,1138.5200256703538,1138.8533639454108,1138.7535631729045,1138.7535711556884,1138.8533639454108,1138.8533639454108,1138.8533639454108,1138.8533639454108,1138.8533639454108,1138.8533639454108,0.0942852385778678,1140.7546456955097,[-44.0],[-136.0],[1],[0],[0],[1.90003244431864],1140.7555870938886,1140.7586801378056,,,,,,,,,,,,,,ED09,1,2024-01-15_17h37.38.109,rating,2023.2.3,60.0382390855328,2024-01-15 17h37.51.915872 +0800,
neg_147.jpg,0.0,181.0,181.0,53.0,732.5828456232084,,,,,,,,,,,,,,,,,,,,,,,732.5541720312867,,732.5542002561342,732.55420681342,732.5828456232084,733.5661598928928,733.5828262364485,734.5661695862764,734.5661695862764,734.8662122371534,734.7997353136707,734.7997432964548,734.8662122371534,734.8662122371534,734.8662122371534,734.8662122371534,734.8662122371534,734.8662122371534,0.0620667201146716,735.9336305590114,[-322.0],[123.0],[1],[0],[0],[1.0666707911041158],735.9343475841233,735.9374158243882,,,,,,,,,,,,,,ED09,1,2024-01-15_17h37.38.109,rating,2023.2.3,60.0382390855328,2024-01-15 17h37.51.915872 +0800,
neg_148.jpg,0.0,153.0,153.0,54.0,636.6985734763985,,,,,,,,,,,,,,,,,,,,,,,636.6698479963779,,636.6698750808246,636.6698810679154,636.6985734763985,637.6819165411289,637.6985777528898,638.6819327917947,638.6819327917947,638.9819369542492,638.915538433117,638.9155484115981,638.9819369542492,638.9819369542492,638.9819369542492,638.9819369542492,638.9819369542492,638.9819369542492,0.0621399906740407,639.1827384828357,[-427.0],[295.0],[1],[0],[0],[0.2001247024963959],639.1834392572819,639.1864664432251,,,,,,,,,,,,,,ED09,1,2024-01-15_17h37.38.109,rating,2023.2.3,60.0382390855328,2024-01-15 17h37.51.915872 +0800,
neg_149.jpg,0.0,128.0,128.0,55.0,553.7145170928525,,,,,,,,,,,,,,,,,,,,,,,553.6861154858016,,553.686145706346,553.6861525487329,553.7145170928525,554.6977689257546,554.7144312779164,555.6977900231141,555.6977900231141,555.9811318334068,555.9313608823031,555.9313694352859,555.9811318334068,555.9811318334068,555.9811318334068,555.9811318334068,555.9811318334068,555.9811318334068,0.045034879065497,556.2318363141421,[-343.0],[319.0],[1],[0],[0],[0.25010406129877083],556.2324723710117,556.2355286370985,,,,,,,,,,,,,,ED09,1,2024-01-15_17h37.38.109,rating,2023.2.3,60.0382390855328,2024-01-15 17h37.51.915872 +0800,
neg_15.jpg,0.0,189.0,189.0,56.0,757.9164330751846,,,,,,,,,,,,,,,,,,,,,,,757.8879068796778,,757.8879342492255,757.8879405214138,757.9164330751846,758.8997373663879,758.9163923059641,759.8997655912317,759.8997655912317,760.1997691834877,760.1332948259005,760.1333173487583,760.1997691834877,760.1997691834877,760.1997691834877,760.1997691834877,760.1997691834877,760.1997691834877,0.0618859670612437,760.7338881748728,[-263.0],[-228.0],[1],[0],[0],[0.5332813692075433],760.7346508158953,760.7377672379662,,,,,,,,,,,,,,ED09,1,2024-01-15_17h37.38.109,rating,2023.2.3,60.0382390855328,2024-01-15 17h37.51.915872 +0800,
neg_150.jpg,0.0,58.0,58.0,57.0,276.6451352910917,,,,,,,,,,,,,,,,,,,,,,,276.616189144097,,276.61621622854364,276.616222500732,276.6451352910917,277.6284669518427,277.6451290189034,278.62847379422965,278.62847379422965,278.89514099308144,278.862156697498,278.8621655355819,278.89514099308144,278.89514099308144,278.89514099308144,278.89514099308144,278.89514099308144,278.89514099308144,0.0289683847513515,279.2956233243276,[-357.0],[279.0],[1],[0],[0],[0.400105429776886],279.2961094188868,279.2991494343041,,,,,,,,,,,,,,ED09,1,2024-01-15_17h37.38.109,rating,2023.2.3,60.0382390855328,2024-01-15 17h37.51.915872 +0800,
neg_151.jpg,0.0,312.0,312.0,58.0,1202.870645533574,,,,,,,,,,,,,,,,,,,,,,,1202.842925599307,,1202.8429538241508,1202.8429695046216,1202.870645533574,1203.8539848920082,1203.8706458186753,1204.8539945853918,1204.8539945853918,1205.2039986338025,1205.0875734273611,1205.0875814101455,1205.2039986338025,1205.2039986338025,1205.2039986338025,1205.2039986338025,1205.2039986338025,1205.2039986338025,0.111130339486408,1205.5053969325563,[-363.0],[281.0],[1],[0],[0],[0.2999802140984684],1205.5063733981697,1205.509437076842,,,,,,,,,,,,,,ED09,1,2024-01-15_17h37.38.109,rating,2023.2.3,60.0382390855328,2024-01-15 17h37.51.915872 +0800,
neg_152.jpg,0.0,145.0,145.0,59.0,610.7149889324392,,,,,,,,,,,,,,,,,,,,,,,610.6863102087264,,610.6863401441697,610.6863469865566,610.7149889324392,611.6983288610718,611.7150125956941,612.6983379842568,612.6983379842568,612.9983566867777,612.9319119795364,612.931919677223,612.9983566867777,612.9983566867777,612.9983566867777,612.9983566867777,612.9983566867777,612.9983566867777,0.0620661499160632,613.199206682275,[-366.0],[353.0],[1],[0],[0],[0.20018514358162065],613.1998966229403,613.2029583059157,,,,,,,,,,,,,,ED09,1,2024-01-15_17h37.38.109,rating,2023.2.3,60.0382390855328,2024-01-15 17h37.51.915872 +0800,
neg_153.jpg,0.0,26.0,26.0,60.0,138.91046736922726,,,,,,,,,,,,,,,,,,,,,,,138.88163098552104,,138.88165835506516,138.88166462725349,138.91046736922726,139.89381442534795,139.9104707904189,140.8938432203904,140.8938432203904,141.16050671294943,141.1273596255851,141.12736732326812,141.16050671294943,141.16050671294943,141.16050671294943,141.16050671294943,141.16050671294943,141.16050671294943,0.0288988204883935,142.5607469947645,[-321.0],[324.0],[1],[0],[0],[1.3999289532148396],142.56117036744763,142.56421323385803,,,,,,,,,,,,,,ED09,1,2024-01-15_17h37.38.109,rating,2023.2.3,60.0382390855328,2024-01-15 17h37.51.915872 +0800,
neg_154.jpg,0.0,136.0,136.0,61.0,579.8813638473366,,,,,,,,,,,,,,,,,,,,,,,579.8525422888015,,579.8525725093423,579.8525796368267,579.8813638473366,580.864721452137,580.8813655579324,581.8647248733287,581.8647248733287,582.1480444458648,582.0983259530585,582.0983347911424,582.1480444458648,582.1480444458648,582.1480444458648,582.1480444458648,582.1480444458648,582.1480444458648,0.0455206885271763,583.5486986920769,[-374.0],[82.0],[1],[0],[0],[1.4000164787503309],583.5493310426536,583.5524218057726,,,,,,,,,,,,,,ED09,1,2024-01-15_17h37.38.109,rating,2023.2.3,60.0382390855328,2024-01-15 17h37.51.915872 +0800,
neg_155.jpg,0.0,350.0,350.0,62.0,1342.0052999987456,,,,,,,,,,,,,,,,,,,,,,,1341.9777397201688,,1341.9777688003123,1341.977775072501,1342.0052999987456,1342.988655607849,1343.005309121927,1343.9886718585185,1343.9886718585185,1344.3386798983229,1344.222219909749,1344.2222381561114,1344.3386798983229,1344.3386798983229,1344.3386798983229,1344.3386798983229,1344.3386798983229,1344.3386798983229,0.1109706837924022,1344.8068838972397,[-388.0],[343.0],[1],[0],[0],[0.4666695936866745],1344.8079775387232,1344.8110973819894,,,,,,,,,,,,,,ED09,1,2024-01-15_17h37.38.109,rating,2023.2.3,60.0382390855328,2024-01-15 17h37.51.915872 +0800,
neg_156.jpg,0.0,96.0,96.0,63.0,430.8132649930958,,,,,,,,,,,,,,,,,,,,,,,430.7842373076565,,430.7842646772042,430.7842709493925,430.8132649930958,431.796607487624,431.8132664185905,432.7966228829937,432.7966228829937,433.07995100850894,433.03014841136974,433.0301561090528,433.07995100850894,433.07995100850894,433.07995100850894,433.07995100850894,433.07995100850894,433.07995100850894,0.0457347982119245,435.830560266033,[-382.0],[338.0],[1],[0],[0],[2.750140839129017],435.8311715192504,435.8342628525679,,,,,,,,,,,,,,ED09,1,2024-01-15_17h37.38.109,rating,2023.2.3,60.0382390855328,2024-01-15 17h37.51.915872 +0800,
neg_157.jpg,0.0,185.0,185.0,64.0,745.3829547022578,,,,,,,,,,,,,,,,,,,,,,,745.3544484637132,,745.3544764034596,745.3544826756479,745.3829547022578,746.3662809461202,746.3829541320592,747.3662920649986,747.3662920649986,747.6662950870523,747.5998452480198,747.5998535159015,747.6662950870523,747.6662950870523,747.6662950870523,747.6662950870523,747.6662950870523,747.6662950870523,0.0618705716915428,747.8671174279007,[-338.0],[286.0],[1],[0],[0],[0.20003689186705742],747.8678415805007,747.8708987018836,,,,,,,,,,,,,,ED09,1,2024-01-15_17h37.38.109,rating,2023.2.3,60.0382390855328,2024-01-15 17h37.51.915872 +0800,
neg_158.jpg,0.0,74.0,74.0,65.0,339.1290713626732,,,,,,,,,,,,,,,,,,,,,,,339.09997810436107,,339.10000746960577,339.1000143119927,339.1290713626732,340.1123970363333,340.12911754878223,341.1124033085216,341.1124033085216,341.3791007279142,341.3459681806198,341.3459758783065,341.3791007279142,341.3791007279142,341.3791007279142,341.3791007279142,341.3791007279142,341.3791007279142,0.0291394444211618,341.6796634001876,[-311.0],[346.0],[1],[0],[0],[0.3001321721058048],341.68020480404084,341.6831393326611,,,,,,,,,,,,,,ED09,1,2024-01-15_17h37.38.109,rating,2023.2.3,60.0382390855328,2024-01-15 17h37.51.915872 +0800,
neg_159.jpg,0.0,289.0,289.0,66.0,1120.8865438192151,,,,,,,,,,,,,,,,,,,,,,,1120.8587691458524,,1120.8587993663932,1120.8588062087802,1120.8865438192151,1121.869868352478,1121.8865352662324,1122.869875194865,1122.869875194865,1123.2032157507165,1123.103441777559,1123.1034497603432,1123.2032157507165,1123.2032157507165,1123.2032157507165,1123.2032157507165,1123.2032157507165,1123.2032157507165,0.0944728340145957,1123.5045165454612,[-326.0],[338.0],[1],[0],[0],[0.30000045616179705],1123.505526367706,1123.5085267543036,,,,,,,,,,,,,,ED09,1,2024-01-15_17h37.38.109,rating,2023.2.3,60.0382390855328,2024-01-15 17h37.51.915872 +0800,
neg_16.jpg,0.0,244.0,244.0,67.0,966.0350489857884,,,,,,,,,,,,,,,,,,,,,,,966.0068021877378,,966.006830127484,966.0068363996724,966.0350489857884,967.0183920505152,967.0350532622796,968.0184145733692,968.0184145733692,968.335071394602,968.2519326891596,968.251940671944,968.335071394602,968.335071394602,968.335071394602,968.335071394602,968.335071394602,968.335071394602,0.0782977168091747,968.502938234913,[-389.0],[-286.0],[1],[0],[0],[0.16678887929811026],968.5038374385732,968.5067731075942,,,,,,,,,,,,,,ED09,1,2024-01-15_17h37.38.109,rating,2023.2.3,60.0382390855328,2024-01-15 17h37.51.915872 +0800,
neg_160.jpg,0.0,132.0,132.0,68.0,566.1312438204695,,,,,,,,,,,,,,,,,,,,,,,566.1024904007027,,566.1025203361423,566.1025271785293,566.1312438204695,567.114568068635,567.1312352674868,568.1145746259208,568.1145746259208,568.3979135852169,568.3481078519799,568.3481155496665,568.3979135852169,568.3979135852169,568.3979135852169,568.3979135852169,568.3979135852169,568.3979135852169,0.0454420010792091,568.5485016883576,[-389.0],[322.0],[1],[0],[0],[0.15001419795225956],568.5491577021894,568.5522248020534,,,,,,,,,,,,,,ED09,1,2024-01-15_17h37.38.109,rating,2023.2.3,60.0382390855328,2024-01-15 17h37.51.915872 +0800,
neg_161.jpg,0.0,16.0,16.0,69.0,85.05994871630901,,,,,,,,,,,,,,,,,,,,,,,85.03057834133506,,85.03060542578532,85.03061169797365,85.05994871630901,86.04329235123805,86.05995783949402,87.04330061911969,87.04330061911969,87.29330261481664,87.27684353856239,87.27685152134654,87.29330261481664,87.29330261481664,87.29330261481664,87.29330261481664,87.29330261481664,87.29330261481664,0.0127428049454465,91.22708456163672,[-198.0],[235.0],[1],[0],[0],[3.93348743909155],91.22746431410268,91.23054481364306,,,,,,,,,,,,,,ED09,1,2024-01-15_17h37.38.109,rating,2023.2.3,60.0382390855328,2024-01-15 17h37.51.915872 +0800,
neg_162.jpg,0.0,2.0,2.0,70.0,24.442728082409303,,,,,,,,,,,,,,,,,,,,,,,24.41333347398177,,24.41336369452256,24.413370536909497,24.442728082409303,25.42607741932443,25.44272209532028,26.426059172959867,26.426059172959867,26.676065160048893,26.65961834307018,26.65962775135085,26.676065160048893,26.676065160048893,26.676065160048893,26.676065160048893,26.676065160048893,26.676065160048893,0.0127582003151474,28.193212751471947,[-404.0],[311.0],[1],[0],[0],[1.516837973422298],28.19360675890857,28.196625676968324,,,,,,,,,,,,,,ED09,1,2024-01-15_17h37.38.109,rating,2023.2.3,60.0382390855328,2024-01-15 17h37.51.915872 +0800,
neg_163.jpg,0.0,9.0,9.0,71.0,54.45966156414579,,,,,,,,,,,,,,,,,,,,,,,54.43051185614604,,54.43054264688544,54.43054948927238,54.45966156414579,55.44304824908977,55.45966241944552,56.44301945404368,56.44301945404368,56.69301204145813,56.67653500393863,56.676542701625294,56.69301204145813,56.69301204145813,56.69301204145813,56.69301204145813,56.69301204145813,56.69301204145813,0.012533256849565,58.47675042508126,[-359.0],[334.0],[1],[0],[0],[1.7834299060195917],58.47711563747725,58.48011231777855,,,,,,,,,,,,,,ED09,1,2024-01-15_17h37.38.109,rating,2023.2.3,60.0382390855328,2024-01-15 17h37.51.915872 +0800,
neg_164.jpg,0.0,378.0,378.0,72.0,1437.8562320458625,,,,,,,,,,,,,,,,,,,,,,,1437.828948883951,,1437.8289788193906,1437.8289856617776,1437.8562320458625,1438.8395540132296,1438.8562220673812,1439.839565132108,1439.839565132108,1440.20623723467,1440.0731148939376,1440.0731225916206,1440.20623723467,1440.20623723467,1440.20623723467,1440.20623723467,1440.20623723467,1440.20623723467,0.1273148649706854,1440.4414112080558,[-340.0],[331.0],[1],[0],[0],[0.23341063329644385],1440.442600072758,1440.4456871295845,,,,,,,,,,,,,,ED09,1,2024-01-15_17h37.38.109,rating,2023.2.3,60.0382390855328,2024-01-15 17h37.51.915872 +0800,
neg_165.jpg,0.0,301.0,301.0,73.0,1167.7203074626486,,,,,,,,,,,,,,,,,,,,,,,1167.692659943641,,1167.6926915896802,1167.6926984320671,1167.7203074626486,1168.7036508124766,1168.7203177262272,1169.7036790373204,1169.7036790373204,1170.0369959299203,1169.9372039954978,1169.9372116931809,1170.0369959299203,1170.0369959299203,1170.0369959299203,1170.0369959299203,1170.0369959299203,1170.0369959299203,0.0943605048305471,1170.3382910226755,[-407.0],[344.0],[1],[0],[0],[0.30001328563594143],1170.3393131041958,1170.3423400050417,,,,,,,,,,,,,,ED09,1,2024-01-15_17h37.38.109,rating,2023.2.3,60.0382390855328,2024-01-15 17h37.51.915872 +0800,
neg_166.jpg,0.0,14.0,14.0,74.0,76.72653774089486,,,,,,,,,,,,,,,,,,,,,,,76.69727171231716,,76.69729965206352,76.69730592425185,76.72653774089486,77.70988052052417,77.72654914487066,78.7098882182072,78.7098882182072,78.95989449039553,78.94341431678185,78.9434217293674,78.95989449039553,78.95989449039553,78.95989449039553,78.95989449039553,78.95989449039553,78.95989449039553,0.0126390287477988,80.91023501317613,[-368.0],[-306.0],[1],[0],[0],[1.9500408832609537],80.91064270538845,80.91370837975774,,,,,,,,,,,,,,ED09,1,2024-01-15_17h37.38.109,rating,2023.2.3,60.0382390855328,2024-01-15 17h37.51.915872 +0800,
neg_167.jpg,0.0,266.0,266.0,75.0,1047.735829987214,,,,,,,,,,,,,,,,,,,,,,,1047.707697228947,,1047.7077271643902,1047.7077342918749,1047.735829987214,1048.719173337042,1048.735843957089,1049.7191827453244,1049.7191827453244,1050.0525438283366,1049.9527322220529,1049.952740204837,1050.0525438283366,1050.0525438283366,1050.0525438283366,1050.0525438283366,1050.0525438283366,1050.0525438283366,0.0948694073449587,1051.7202883609862,[-5.0],[-239.0],[1],[0],[0],[1.6666012838613824],1051.7211664672868,1051.7241659985848,,,,,,,,,,,,,,ED09,1,2024-01-15_17h37.38.109,rating,2023.2.3,60.0382390855328,2024-01-15 17h37.51.915872 +0800,
neg_168.jpg,0.0,113.0,113.0,76.0,493.2638897600264,,,,,,,,,,,,,,,,,,,,,,,493.23505651241067,,493.235086447854,493.2350932902409,493.2638897600264,494.2472068807037,494.2639105722847,495.24721286779095,495.24721286779095,495.5305963026003,495.4808088157297,495.4808173687125,495.5305963026003,495.5305963026003,495.5305963026003,495.5305963026003,495.5305963026003,495.5305963026003,0.0455591769496095,498.6811456322175,[-377.0],[202.0],[1],[0],[0],[3.1500332996147336],498.6817315115841,498.6847655399142,,,,,,,,,,,,,,ED09,1,2024-01-15_17h37.38.109,rating,2023.2.3,60.0382390855328,2024-01-15 17h37.51.915872 +0800,
neg_169.jpg,0.0,87.0,87.0,77.0,394.2629184262041,,,,,,,,,,,,,,,,,,,,,,,394.23367691618114,,394.2337048559275,394.2337108430147,394.2629184262041,395.2462506571537,395.2629304003822,396.24626747802176,396.24626747802176,396.5296249687817,396.479877680933,396.47988623391575,396.5296249687817,396.5296249687817,396.5296249687817,396.5296249687817,396.5296249687817,396.5296249687817,0.0459677244616614,397.2801065017484,[-398.0],[355.0],[1],[0],[0],[0.7500379182274628],397.2806447695075,397.2835624772633,,,,,,,,,,,,,,ED09,1,2024-01-15_17h37.38.109,rating,2023.2.3,60.0382390855328,2024-01-15 17h37.51.915872 +0800,
neg_17.jpg,0.0,228.0,228.0,78.0,897.3177496074168,,,,,,,,,,,,,,,,,,,,,,,897.2896413677008,,897.2896690223497,897.2896752945344,897.3177496074168,898.3010670131953,898.3177444756293,899.3010892509519,899.3010892509519,899.6177397999963,899.5346586846426,899.5346669525243,899.6177397999963,899.6177397999963,899.6177397999963,899.6177397999963,899.6177397999963,899.6177397999963,0.0781238061426847,900.7854549674012,[-222.0],[-294.0],[1],[0],[0],[1.1667863134025538],900.786271492223,900.7893348857942,,,,,,,,,,,,,,ED09,1,2024-01-15_17h37.38.109,rating,2023.2.3,60.0382390855328,2024-01-15 17h37.51.915872 +0800,
neg_170.jpg,0.0,133.0,133.0,79.0,568.5812707338555,,,,,,,,,,,,,,,,,,,,,,,568.5524506008187,,568.5524808213595,568.5524876637464,568.5812707338555,569.5645909906307,569.581273299751,570.5646197856731,570.5646197856731,570.8479350817142,570.798154722328,570.7981627051158,570.8479350817142,570.8479350817142,570.8479350817142,570.8479350817142,570.8479350817142,570.8479350817142,0.0455015868610644,571.2485642391766,[-420.0],[345.0],[1],[0],[0],[0.4000512608799909],571.2491934536592,571.2522745233982,,,,,,,,,,,,,,ED09,1,2024-01-15_17h37.38.109,rating,2023.2.3,60.0382390855328,2024-01-15 17h37.51.915872 +0800,
neg_171.jpg,0.0,81.0,81.0,80.0,366.2459800977777,,,,,,,,,,,,,,,,,,,,,,,366.2169022348353,,366.2169290341844,366.2169350212753,366.2459800977777,367.2293265836997,367.2459886507604,368.2294081221408,368.2294081221408,368.4960231477926,368.4628595246577,368.4628675074418,368.4960231477926,368.4960231477926,368.4960231477926,368.4960231477926,368.4960231477926,368.4960231477926,0.0291400146197702,371.0298558993345,[-387.0],[345.0],[1],[0],[0],[2.5333586311608087],371.03039160119806,371.03343902920096,,,,,,,,,,,,,,ED09,1,2024-01-15_17h37.38.109,rating,2023.2.3,60.0382390855328,2024-01-15 17h37.51.915872 +0800,
neg_172.jpg,0.0,337.0,337.0,81.0,1296.221550211143,,,,,,,,,,,,,,,,,,,,,,,1296.194064628624,,1296.194094849165,1296.1941016915516,1296.221550211143,1297.2048747444096,1297.2215368114703,1298.2048821569952,1298.2048821569952,1298.5548947583884,1298.4384498800864,1298.4384578628706,1298.5548947583884,1298.5548947583884,1298.5548947583884,1298.5548947583884,1298.5548947583884,1298.5548947583884,0.1108552185178268,1299.2563907892363,[-391.0],[294.0],[1],[0],[0],[0.7000080968246039],1299.2574231343388,1299.2605723428424,,,,,,,,,,,,,,ED09,1,2024-01-15_17h37.38.109,rating,2023.2.3,60.0382390855328,2024-01-15 17h37.51.915872 +0800,
neg_173.jpg,0.0,242.0,242.0,82.0,959.2849831278144,,,,,,,,,,,,,,,,,,,,,,,959.256731483074,,959.25676027812,959.2567665503084,959.2849831278144,960.2683244819456,960.284992250996,961.2683344604266,961.2683344604266,961.5850089578234,961.5019161533928,961.501924136177,961.5850089578234,961.5850089578234,961.5850089578234,961.5850089578234,961.5850089578234,961.5850089578234,0.0783008529033395,961.9194043816352,[-389.0],[329.0],[1],[0],[0],[0.33335253002951504],961.92022375745,961.923168264555,,,,,,,,,,,,,,ED09,1,2024-01-15_17h37.38.109,rating,2023.2.3,60.0382390855328,2024-01-15 17h37.51.915872 +0800,
neg_174.jpg,0.0,91.0,91.0,83.0,414.0631007758129,,,,,,,,,,,,,,,,,,,,,,,414.0340853496528,,414.0341135744966,414.0341198466849,414.0631007758129,415.0464475468325,415.0631144605868,416.0464780524744,416.0464780524744,416.3298192925649,416.2800577497437,416.2800654474304,416.3298192925649,416.3298192925649,416.3298192925649,416.3298192925649,416.3298192925649,416.3298192925649,0.0457536147769133,416.8802864565223,[-261.0],[351.0],[1],[0],[0],[0.5499833501926332],416.88081702659474,416.8839457079412,,,,,,,,,,,,,,ED09,1,2024-01-15_17h37.38.109,rating,2023.2.3,60.0382390855328,2024-01-15 17h37.51.915872 +0800,
neg_175.jpg,0.0,247.0,247.0,84.0,975.3684707949832,,,,,,,,,,,,,,,,,,,,,,,975.3403645509608,,975.340394486404,975.340401613892,975.3684707949832,976.351825833888,976.3684773522692,977.351832391174,977.351832391174,977.6684943441978,977.5853664725328,977.585374740418,977.6684943441978,977.6684943441978,977.6684943441978,977.6684943441978,977.6684943441978,977.6684943441978,0.0781557372865791,978.1696011002568,[-371.0],[333.0],[1],[0],[0],[0.5000401990218961],978.170484623446,978.1736004753184,,,,,,,,,,,,,,ED09,1,2024-01-15_17h37.38.109,rating,2023.2.3,60.0382390855328,2024-01-15 17h37.51.915872 +0800,
neg_176.jpg,0.0,214.0,214.0,85.0,845.900569856778,,,,,,,,,,,,,,,,,,,,,,,845.8723361733028,,845.8723638279516,845.8723701001363,845.900569856778,846.8839132066059,846.9005923796321,847.8839169128987,847.8839169128987,848.2006008185781,848.1174834955928,848.117491763478,848.2006008185781,848.2006008185781,848.2006008185781,848.2006008185781,848.2006008185781,848.2006008185781,0.078289448923897,849.4516696564096,[-388.0],[254.0],[1],[0],[0],[1.2501422646237188],849.4525049977929,849.455592054619,,,,,,,,,,,,,,ED09,1,2024-01-15_17h37.38.109,rating,2023.2.3,60.0382390855328,2024-01-15 17h37.51.915872 +0800,
neg_177.jpg,0.0,276.0,276.0,86.0,1079.4361323066696,,,,,,,,,,,,,,,,,,,,,,,1079.408422921082,,1079.4084759495818,1079.4084825068676,1079.4361323066696,1080.4194748012014,1080.4361402894538,1081.4194708098075,1081.4194708098075,1081.752832177921,1081.6530399583971,1081.6530479411813,1081.752832177921,1081.752832177921,1081.752832177921,1081.752832177921,1081.752832177921,1081.752832177921,0.094416099225782,1082.0540337580533,[-343.0],[265.0],[1],[0],[0],[0.2999893372798397],1082.055026189235,1082.0580659195548,,,,,,,,,,,,,,ED09,1,2024-01-15_17h37.38.109,rating,2023.2.3,60.0382390855328,2024-01-15 17h37.51.915872 +0800,
neg_178.jpg,0.0,229.0,229.0,87.0,900.8177658580862,,,,,,,,,,,,,,,,,,,,,,,900.7896755796356,,900.7897069405736,900.789713497863,900.8177658580862,901.80111091851,901.8177664282848,902.8011271691794,902.8011271691794,903.1177831351124,903.0346994538633,903.0347077217484,903.1177831351124,903.1177831351124,903.1177831351124,903.1177831351124,903.1177831351124,903.1177831351124,0.078132929327694,903.7021420661948,[-336.0],[213.0],[1],[0],[0],[0.5833793293786584],903.702974271484,903.7059130765992,,,,,,,,,,,,,,ED09,1,2024-01-15_17h37.38.109,rating,2023.2.3,60.0382390855328,2024-01-15 17h37.51.915872 +0800,
neg_179.jpg,0.0,263.0,263.0,88.0,1036.4357197677673,,,,,,,,,,,,,,,,,,,,,,,1036.4075707588308,,1036.4075986985772,1036.4076049707655,1036.4357197677673,1037.4190554199122,1037.435727465454,1038.4190873510488,1038.4190873510488,1038.7524082350392,1038.6526969837614,1038.6527058218453,1038.7524082350392,1038.7524082350392,1038.7524082350392,1038.7524082350392,1038.7524082350392,1038.7524082350392,0.0948634202577523,1041.753562032507,[-357.0],[-209.0],[1],[0],[0],[3.0000447606144007],1041.7544529682857,1041.7574314022204,,,,,,,,,,,,,,ED09,1,2024-01-15_17h37.38.109,rating,2023.2.3,60.0382390855328,2024-01-15 17h37.51.915872 +0800,
neg_18.jpg,0.0,108.0,108.0,89.0,475.8637104894915,,,,,,,,,,,,,,,,,,,,,,,475.83481936668977,,475.8348498723317,475.8348567147186,475.8637104894915,476.8470507032253,476.86372731035954,477.8470481373297,477.8470481373297,478.1303913731172,478.08058934617657,478.0805973289607,478.1303913731172,478.1303913731172,478.1303913731172,478.1303913731172,478.1303913731172,478.1303913731172,0.0455899676926492,478.5810560539721,[-340.0],[-280.0],[1],[0],[0],[0.4501138687191997],478.5816707283848,478.5846993398227,,,,,,,,,,,,,,ED09,1,2024-01-15_17h37.38.109,rating,2023.2.3,60.0382390855328,2024-01-15 17h37.51.915872 +0800,
neg_180.jpg,0.0,75.0,75.0,90.0,341.7124127738243,,,,,,,,,,,,,,,,,,,,,,,341.68334488936307,,341.68337282910943,341.6833793863989,341.7124127738243,342.69577693591054,342.71241391422154,343.69576154054084,343.69576154054084,343.9624327307829,343.9292913454083,343.9292990430913,343.9624327307829,343.9624327307829,343.9624327307829,343.9624327307829,343.9624327307829,343.9624327307829,0.029104947385349,344.72963962289214,[-273.0],[335.0],[1],[0],[0],[0.7667858002205321],344.7301576485916,344.7332107785842,,,,,,,,,,,,,,ED09,1,2024-01-15_17h37.38.109,rating,2023.2.3,60.0382390855328,2024-01-15 17h37.51.915872 +0800,
neg_181.jpg,0.0,323.0,323.0,91.0,1242.904358258245,,,,,,,,,,,,,,,,,,,,,,,1242.8768652631406,,1242.8768954836814,1242.8769023260684,1242.904358258245,1243.88770445907,1243.9043622496392,1244.8877167183457,1244.8877167183457,1245.237713069073,1245.1212402510246,1245.1212479487076,1245.237713069073,1245.237713069073,1245.237713069073,1245.237713069073,1245.237713069073,1245.237713069073,0.1108731797830842,1245.7392235259504,[-395.0],[377.0],[1],[0],[0],[0.5000453308130091],1245.7402322077978,1245.7433004480629,,,,,,,,,,,,,,ED09,1,2024-01-15_17h37.38.109,rating,2023.2.3,60.0382390855328,2024-01-15 17h37.51.915872 +0800,
neg_182.jpg,0.0,13.0,13.0,92.0,71.8598242989101,,,,,,,,,,,,,,,,,,,,,,,71.83060873293653,,71.83063923857844,71.83064608096538,71.8598242989101,72.84319074179439,72.85983969428344,73.84317677191939,73.84317677191939,74.09318161861302,74.07670201519795,74.0767099979821,74.09318161861302,74.09318161861302,74.09318161861302,74.09318161861302,74.09318161861302,74.09318161861302,0.0125879959450685,76.69360105691885,[-205.0],[-306.0],[1],[0],[0],[2.6001303474695305],76.69400589813813,76.69703479467717,,,,,,,,,,,,,,ED09,1,2024-01-15_17h37.38.109,rating,2023.2.3,60.0382390855328,2024-01-15 17h37.51.915872 +0800,
neg_183.jpg,0.0,357.0,357.0,93.0,1364.872191912982,,,,,,,,,,,,,,,,,,,,,,,1364.8447756096284,,1364.8448032642737,1364.844809536462,1364.872191912982,1365.8555743214347,1365.8721941937763,1366.8555751767344,1366.8555751767344,1367.2055572724855,1367.089087020333,1367.0890947180196,1367.2055572724855,1367.2055572724855,1367.2055572724855,1367.2055572724855,1367.2055572724855,1367.2055572724855,0.1108093175062094,1368.0238257609017,[-389.0],[-340.0],[1],[0],[0],[0.816695594756311],1368.0249020113188,1368.02795571151,,,,,,,,,,,,,,ED09,1,2024-01-15_17h37.38.109,rating,2023.2.3,60.0382390855328,2024-01-15 17h37.51.915872 +0800,
neg_184.jpg,0.0,194.0,194.0,94.0,774.5665547556309,,,,,,,,,,,,,,,,,,,,,,,774.5381782373333,,774.5382056068811,774.5382115939683,774.5665547556309,775.5498946842636,775.5665584619237,776.5499020968491,776.5499020968491,776.8499059742026,776.7834358931068,776.783443875891,776.8499059742026,776.8499059742026,776.8499059742026,776.8499059742026,776.8499059742026,776.8499059742026,0.0617542511172359,777.5174056064243,[-334.0],[-316.0],[1],[0],[0],[0.6666825372012681],777.5182748746411,777.5213191665498,,,,,,,,,,,,,,ED09,1,2024-01-15_17h37.38.109,rating,2023.2.3,60.0382390855328,2024-01-15 17h37.51.915872 +0800,
neg_185.jpg,0.0,365.0,365.0,95.0,1392.4391187233923,,,,,,,,,,,,,,,,,,,,,,,1392.4118694883146,,1392.4118999939565,1392.4119068363434,1392.4391187233923,1393.422456086133,1393.4391207190893,1394.4224731920986,1394.4224731920986,1394.7724735342165,1394.6560280857157,1394.656036353601,1394.7724735342165,1394.7724735342165,1394.7724735342165,1394.7724735342165,1394.7724735342165,1394.7724735342165,0.1106305601533677,1395.0075069535742,[-343.0],[142.0],[1],[0],[0],[0.23338668494398007],1395.0086584702476,1395.0116095346384,,,,,,,,,,,,,,ED09,1,2024-01-15_17h37.38.109,rating,2023.2.3,60.0382390855328,2024-01-15 17h37.51.915872 +0800,
neg_186.jpg,0.0,66.0,66.0,96.0,308.66211096754705,,,,,,,,,,,,,,,,,,,,,,,308.63313117881626,,308.6331611142596,308.6331679566465,308.66211096754705,309.64543550081,309.6620978529718,310.64546287035773,310.64546287035773,310.91211638443565,310.87903230404845,310.87904171233095,310.91211638443565,310.91211638443565,310.91211638443565,310.91211638443565,310.91211638443565,310.91211638443565,0.029005732776568,311.44602525753,[-363.0],[335.0],[1],[0],[0],[0.5335028914778377],311.4465398620341,311.44959299202674,,,,,,,,,,,,,,ED09,1,2024-01-15_17h37.38.109,rating,2023.2.3,60.0382390855328,2024-01-15 17h37.51.915872 +0800,
neg_187.jpg,0.0,318.0,318.0,97.0,1226.9708750956488,,,,,,,,,,,,,,,,,,,,,,,1226.9431668504585,,1226.9431967859018,1226.9432036282888,1226.9708750956488,1227.954210177595,1227.9708762360497,1228.9542235772678,1228.9542235772678,1229.3042279107794,1229.1877858834705,1229.1877935811572,1229.3042279107794,1229.3042279107794,1229.3042279107794,1229.3042279107794,1229.3042279107794,1229.3042279107794,0.1110850086733989,1229.7056536361015,[-418.0],[372.0],[1],[0],[0],[0.4000449886916613],1229.7066865514023,1229.709789573797,,,,,,,,,,,,,,ED09,1,2024-01-15_17h37.38.109,rating,2023.2.3,60.0382390855328,2024-01-15 17h37.51.915872 +0800,
neg_188.jpg,0.0,238.0,238.0,98.0,940.8181419042594,,,,,,,,,,,,,,,,,,,,,,,940.789903374094,,940.7899335946348,940.7899401519244,940.8181419042594,941.8014826881918,941.8181604357231,942.8014903858748,942.8014903858748,943.1181626024772,943.035043568896,943.0350512665829,943.1181626024772,943.1181626024772,943.1181626024772,943.1181626024772,943.1181626024772,943.1181626024772,0.0782831767355674,946.7025859660351,[-9.0],[-212.0],[1],[0],[0],[3.5834004267380806],946.7034332815964,946.7065263255136,,,,,,,,,,,,,,ED09,1,2024-01-15_17h37.38.109,rating,2023.2.3,60.0382390855328,2024-01-15 17h37.51.915872 +0800,
neg_189.jpg,0.0,356.0,356.0,99.0,1360.6388163469164,,,,,,,,,,,,,,,,,,,,,,,1360.6119557023885,,1360.611986778229,1360.611993620616,1360.6388163469164,1361.6221537096571,1361.638818057516,1362.6221921980832,1362.6221921980832,1362.972168876946,1362.8556940632045,1362.8557020459884,1362.972168876946,1362.972168876946,1362.972168876946,1362.972168876946,1362.972168876946,1362.972168876946,0.1102385484118713,1364.840550720903,[-161.0],[-179.0],[1],[0],[0],[1.8668152224854566],1364.8416583322578,1364.844572618822,,,,,,,,,,,,,,ED09,1,2024-01-15_17h37.38.109,rating,2023.2.3,60.0382390855328,2024-01-15 17h37.51.915872 +0800,
neg_19.jpg,0.0,35.0,35.0,100.0,179.62754950181625,,,,,,,,,,,,,,,,,,,,,,,179.59849729782582,,179.59853721175023,179.59855289222105,179.62754950181625,180.61086776289085,180.6275215620699,181.61087317978308,181.61087317978308,181.87755434850624,181.84441638432327,181.84442436710745,181.87755434850624,181.87755434850624,181.87755434850624,181.87755434850624,181.87755434850624,181.87755434850624,0.0290536294887715,184.37805754903457,[-102.0],[-89.0],[1],[0],[0],[2.5001228778637596],184.37852083563848,184.3815694040386,,,,,,,,,,,,,,ED09,1,2024-01-15_17h37.38.109,rating,2023.2.3,60.0382390855328,2024-01-15 17h37.51.915872 +0800,
neg_190.jpg,0.0,156.0,156.0,101.0,644.6486377378169,,,,,,,,,,,,,,,,,,,,,,,644.6205369106865,,644.6205642802306,644.6205705524189,644.6486377378169,645.6319827982406,645.6486662477619,646.631999619105,646.631999619105,646.9320026411624,646.8655901501552,646.8655981329393,646.9320026411624,646.9320026411624,646.9320026411624,646.9320026411624,646.9320026411624,646.9320026411624,0.0614936702222621,647.0660142070737,[-443.0],[368.0],[1],[0],[0],[0.13331791895689094],647.0666890374705,647.0698028936458,,,,,,,,,,,,,,ED09,1,2024-01-15_17h37.38.109,rating,2023.2.3,60.0382390855328,2024-01-15 17h37.51.915872 +0800,
neg_191.jpg,0.0,342.0,342.0,102.0,1312.0216843789458,,,,,,,,,,,,,,,,,,,,,,,1311.9944539604294,,1311.9944816150785,1311.994487887263,1312.0216843789458,1313.005017180094,1313.0216846640433,1314.0050308648642,1314.0050308648642,1314.3550380493723,1314.2385623803275,1314.2385703631153,1314.3550380493723,1314.3550380493723,1314.3550380493723,1314.3550380493723,1314.3550380493723,1314.3550380493723,0.1106117435883788,1315.0565557477748,[-395.0],[353.0],[1],[0],[0],[0.7000260580898612],1315.0575929395673,1315.0606272529983,,,,,,,,,,,,,,ED09,1,2024-01-15_17h37.38.109,rating,2023.2.3,60.0382390855328,2024-01-15 17h37.51.915872 +0800,
neg_192.jpg,0.0,317.0,317.0,103.0,1222.5042134847463,,,,,,,,,,,,,,,,,,,,,,,1222.4767358850113,,1222.4767663906532,1222.476772947939,1222.5042134847463,1223.4875000997854,1223.5041755665188,1224.4875117888623,1224.4875117888623,1224.837514411778,1224.7210635463853,1224.7210715291694,1224.837514411778,1224.837514411778,1224.837514411778,1224.837514411778,1224.837514411778,1224.837514411778,0.1108024751192715,1226.938918583579,[-353.0],[67.0],[1],[0],[0],[2.1000431070351624],1226.9399021766767,1226.9429267967244,,,,,,,,,,,,,,ED09,1,2024-01-15_17h37.38.109,rating,2023.2.3,60.0382390855328,2024-01-15 17h37.51.915872 +0800,
neg_2.jpg,0.0,319.0,319.0,104.0,1229.7375816382264,,,,,,,,,,,,,,,,,,,,,,,1229.7100150874612,,1229.7100464484029,1229.7100532907898,1229.7375816382264,1230.7209044608935,1230.7376053014814,1231.7209181456674,1231.7209181456674,1232.0709236195762,1231.9544744647828,1231.954482162466,1232.0709236195762,1232.0709236195762,1232.0709236195762,1232.0709236195762,1232.0709236195762,1232.0709236195762,0.1109316251713607,1232.3723621173522,[-380.0],[-335.0],[1],[0],[0],[0.30003694888728205],1232.373358539924,1232.3764370437675,,,,,,,,,,,,,,ED09,1,2024-01-15_17h37.38.109,rating,2023.2.3,60.0382390855328,2024-01-15 17h37.51.915872 +0800,
neg_20.jpg,0.0,230.0,230.0,105.0,903.7344583737686,,,,,,,,,,,,,,,,,,,,,,,903.7061465730476,,903.7061770786896,903.706184206174,903.7344583737686,904.7177954514082,904.7344831774208,905.7178125573772,905.7178125573772,906.0344767911956,905.9513802804686,905.9513882632529,906.0344767911956,906.0344767911956,906.0344767911956,906.0344767911956,906.0344767911956,906.0344767911956,0.0783533112007717,906.4521406406966,[-338.0],[-238.0],[1],[0],[0],[0.4167039196618134],906.4529654334036,906.4558914090412,,,,,,,,,,,,,,ED09,1,2024-01-15_17h37.38.109,rating,2023.2.3,60.0382390855328,2024-01-15 17h37.51.915872 +0800,
neg_21.jpg,0.0,259.0,259.0,106.0,1018.2855459141248,,,,,,,,,,,,,,,,,,,,,,,1018.2576292612392,,1018.2576566307872,1018.2576629029718,1018.2855459141248,1019.2688864129595,1019.285552471414,1020.2689454285428,1020.2689454285428,1020.6022472108708,1020.5024390257822,1020.5024478638624,1020.6022472108708,1020.6022472108708,1020.6022472108708,1020.6022472108708,1020.6022472108708,1020.6022472108708,0.0946436085832829,1024.9367495469778,[-120.0],[-134.0],[1],[0],[0],[4.33341781780473],1024.9376481804393,1024.9406961786408,,,,,,,,,,,,,,ED09,1,2024-01-15_17h37.38.109,rating,2023.2.3,60.0382390855328,2024-01-15 17h37.51.915872 +0800,
neg_22.jpg,0.0,249.0,249.0,107.0,980.8185960676784,,,,,,,,,,,,,,,,,,,,,,,980.7903994471344,,980.7904259613824,980.7904322335708,980.8185960676784,981.8018652916508,981.8185621408448,982.801873559536,982.801873559536,983.1185663032956,983.0354284531531,983.0354367210348,983.1185663032956,983.1185663032956,983.1185663032956,983.1185663032956,983.1185663032956,983.1185663032956,0.0781950810087437,983.2863966508776,[-338.0],[-293.0],[1],[0],[0],[0.1667176044320513],983.2872693402896,983.2903908941516,,,,,,,,,,,,,,ED09,1,2024-01-15_17h37.38.109,rating,2023.2.3,60.0382390855328,2024-01-15 17h37.51.915872 +0800,
neg_23.jpg,0.0,272.0,272.0,108.0,1068.0360237408022,,,,,,,,,,,,,,,,,,,,,,,1068.00800559251,,1068.008033817354,1068.0080400895422,1068.0360237408022,1069.019402157861,1069.0360325788824,1070.0194064343525,1070.0194064343525,1070.3527116378718,1070.2529003166892,1070.2529082994731,1070.3527116378718,1070.3527116378718,1070.3527116378718,1070.3527116378718,1070.3527116378718,1070.3527116378718,0.0947299937142815,1071.5539103099943,[-178.0],[-150.0],[1],[0],[0],[1.2000514319406648],1071.5548120795502,1071.5578586522531,,,,,,,,,,,,,,ED09,1,2024-01-15_17h37.38.109,rating,2023.2.3,60.0382390855328,2024-01-15 17h37.51.915872 +0800,
neg_24.jpg,0.0,48.0,48.0,109.0,239.4780992305714,,,,,,,,,,,,,,,,,,,,,,,239.4488585758481,,239.44888623049337,239.4488925026817,239.4780992305714,240.46144029960487,240.4781043623625,241.4614722307415,241.4614722307415,241.7281248895233,241.6949943379259,241.6950020356089,241.7281248895233,241.7281248895233,241.7281248895233,241.7281248895233,241.7281248895233,241.7281248895233,0.0292868408359936,242.39515638845117,[-208.0],[-211.0],[1],[0],[0],[0.6666819670026598],242.3956236664453,242.39864714609573,,,,,,,,,,,,,,ED09,1,2024-01-15_17h37.38.109,rating,2023.2.3,60.0382390855328,2024-01-15 17h37.51.915872 +0800,
neg_25.jpg,0.0,151.0,151.0,110.0,631.1985481025476,,,,,,,,,,,,,,,,,,,,,,,631.1698009549691,,631.1698288947155,631.1698348818027,631.1985481025476,632.181857525542,632.1985247243938,633.1818677891206,633.1818677891206,633.4818748025682,633.4154480565921,633.4154563244738,633.4818748025682,633.4818748025682,633.4818748025682,633.4818748025682,633.4818748025682,633.4818748025682,0.0621117658265575,633.6159744642137,[-424.0],[-354.0],[1],[0],[0],[0.1334439329111774],633.6166233505573,633.61966678717,,,,,,,,,,,,,,ED09,1,2024-01-15_17h37.38.109,rating,2023.2.3,60.0382390855328,2024-01-15 17h37.51.915872 +0800,
neg_26.jpg,0.0,55.0,55.0,111.0,266.09501965475647,,,,,,,,,,,,,,,,,,,,,,,266.06585939807337,,266.06588790801834,266.06589418020667,266.09501965475647,267.07836043868883,267.0950253567462,268.078390089031,268.078390089031,268.3450413223145,268.31189765613817,268.31190535382484,268.3450413223145,268.3450413223145,268.3450413223145,268.3450413223145,268.3450413223145,268.3450413223145,0.0291990302066551,269.8121981509576,[-215.0],[-273.0],[1],[0],[0],[1.4667950374423526],269.81268937730783,269.8156199145378,,,,,,,,,,,,,,ED09,1,2024-01-15_17h37.38.109,rating,2023.2.3,60.0382390855328,2024-01-15 17h37.51.915872 +0800,
neg_27.jpg,0.0,93.0,93.0,112.0,420.8631716515338,,,,,,,,,,,,,,,,,,,,,,,420.8343754668495,,420.83440654269,420.8344133850769,420.8631716515338,421.8465104397728,421.8631759280252,422.846540090115,422.846540090115,423.1298590924489,423.08005250391216,423.0800602015988,423.1298590924489,423.1298590924489,423.1298590924489,423.1298590924489,423.1298590924489,423.1298590924489,0.045501016666094,423.43040095246033,[-263.0],[-244.0],[1],[0],[0],[0.30005262935810606],423.4309885424227,423.4340704674614,,,,,,,,,,,,,,ED09,1,2024-01-15_17h37.38.109,rating,2023.2.3,60.0382390855328,2024-01-15 17h37.51.915872 +0800,
neg_28.jpg,0.0,103.0,103.0,113.0,462.1135659440733,,,,,,,,,,,,,,,,,,,,,,,462.084674251073,,462.0847039014152,462.0847110288996,462.1135659440733,463.096901026016,463.11356537387474,464.0969184170826,464.0969184170826,464.38027961413536,464.3304721703025,464.33048043818417,464.38027961413536,464.38027961413536,464.38027961413536,464.38027961413536,464.38027961413536,464.38027961413536,0.0456233243276074,465.38078138916535,[-176.0],[-269.0],[1],[0],[0],[1.0000171059691638],465.38137125992216,465.3845347234019,,,,,,,,,,,,,,ED09,1,2024-01-15_17h37.38.109,rating,2023.2.3,60.0382390855328,2024-01-15 17h37.51.915872 +0800,
neg_29.jpg,0.0,292.0,292.0,114.0,1130.5366213092457,,,,,,,,,,,,,,,,,,,,,,,1130.508727464312,,1130.508757969954,1130.508765097442,1130.5366213092457,1131.5199606676797,1131.5366238751412,1132.519969790861,1132.519969790861,1132.853308065918,1132.7535144208996,1132.7535224036835,1132.853308065918,1132.853308065918,1132.853308065918,1132.853308065918,1132.853308065918,1132.853308065918,0.0946031244639016,1132.9546991231473,[-348.0],[304.0],[1],[0],[0],[0.10011780308923335],1132.9556852821406,1132.9588436138292,,,,,,,,,,,,,,ED09,1,2024-01-15_17h37.38.109,rating,2023.2.3,60.0382390855328,2024-01-15 17h37.51.915872 +0800,
neg_3.jpg,0.0,270.0,270.0,115.0,1061.135965352434,,,,,,,,,,,,,,,,,,,,,,,1061.1200508161237,1061.135965352434,1062.1195079867755,1062.1195156844587,1062.1526294151918,1063.119306421464,1063.1526371128784,1064.119332080416,1064.119332080416,1064.4526589514935,1064.3529063607966,1064.3529157690791,1064.4526589514935,1064.4526589514935,1064.4526589514935,1064.4526589514935,1064.4526589514935,1064.4526589514935,0.08281682816596,1064.5539562110062,[-414.0],[-235.0],[1],[0],[0],[0.10008729745095479],1064.554849142478,1064.5578845963028,,,,,,1062.1526294151918,,,,,,,,ED09,1,2024-01-15_17h37.38.109,rating,2023.2.3,60.0382390855328,2024-01-15 17h37.51.915872 +0800,
neg_30.jpg,0.0,116.0,116.0,116.0,506.8139908562917,,,,,,,,,,,,,,,,,,,,,,,506.78537342896016,,506.7854033643998,506.7854104918879,506.8139908562917,507.7973333508198,507.8140005496716,508.7973399081056,508.7973399081056,509.08068029290007,509.0308728490672,509.0308811169525,509.08068029290007,509.08068029290007,509.08068029290007,509.08068029290007,509.08068029290007,509.08068029290007,0.0453245401076856,510.0312426230521,[-405.0],[345.0],[1],[0],[0],[0.9500260580898612],510.0318387659973,510.0348944618854,,,,,,,,,,,,,,ED09,1,2024-01-15_17h37.38.109,rating,2023.2.3,60.0382390855328,2024-01-15 17h37.51.915872 +0800,
neg_31.jpg,0.0,302.0,302.0,117.0,1170.3703570129328,,,,,,,,,,,,,,,,,,,,,,,1170.342572361089,,1170.3425997306367,1170.342606002825,1170.3703570129328,1171.3536727081118,1171.3703359155734,1172.353683541893,1172.353683541893,1172.6870412037133,1172.5872572520748,1172.5872649497578,1172.6870412037133,1172.6870412037133,1172.6870412037133,1172.6870412037133,1172.6870412037133,1172.6870412037133,0.0944999184612243,1173.9885007988487,[-344.0],[100.0],[1],[0],[0],[1.3001504184721853],1173.9894858174412,1173.9925577639988,,,,,,,,,,,,,,ED09,1,2024-01-15_17h37.38.109,rating,2023.2.3,60.0382390855328,2024-01-15 17h37.51.915872 +0800,
neg_32.jpg,0.0,252.0,252.0,118.0,988.4852717624964,,,,,,,,,,,,,,,,,,,,,,,988.457224248963,,988.4572553248036,988.4572621671869,988.4852717624964,989.4686037083447,989.485270336998,990.4686122613276,990.4686122613276,990.7853092815822,990.7021720016382,990.7021799844224,990.7853092815822,990.7853092815822,990.7853092815822,990.7853092815822,990.7853092815822,990.7853092815822,0.078106985278282,991.1197979329154,[-372.0],[218.0],[1],[0],[0],[0.33339814594000927],991.120668911728,991.1237114930408,,,,,,,,,,,,,,ED09,1,2024-01-15_17h37.38.109,rating,2023.2.3,60.0382390855328,2024-01-15 17h37.51.915872 +0800,
neg_33.jpg,0.0,184.0,184.0,119.0,742.2662483877612,,,,,,,,,,,,,,,,,,,,,,,742.2376449303047,,742.2376717296538,742.2376780018385,742.2662483877612,743.2496105541541,743.2662486728623,744.2496000054743,744.2496000054743,744.5496107252111,744.4831685838653,744.4831765666495,744.5496107252111,744.5496107252111,744.5496107252111,744.5496107252111,744.5496107252111,744.5496107252111,0.0619988664439006,745.3504559310386,[-280.0],[-174.0],[1],[0],[0],[0.8000902624844457],745.3512057425869,745.3542440474084,,,,,,,,,,,,,,ED09,1,2024-01-15_17h37.38.109,rating,2023.2.3,60.0382390855328,2024-01-15 17h37.51.915872 +0800,
neg_34.jpg,0.0,308.0,308.0,120.0,1191.8705377659826,,,,,,,,,,,,,,,,,,,,,,,1191.8428072830357,,1191.8428389290748,1191.8428460565592,1191.8705377659826,1192.8539104810552,1192.8705437530698,1193.8539675009415,1193.8539675009415,1194.187230794847,1194.0874314478388,1194.0874391455218,1194.187230794847,1194.187230794847,1194.187230794847,1194.187230794847,1194.187230794847,1194.187230794847,0.0944477452612773,1194.5885615820516,[-215.0],[-242.0],[1],[0],[0],[0.3999551823690126],1194.5895500218394,1194.5926071432225,,,,,,,,,,,,,,ED09,1,2024-01-15_17h37.38.109,rating,2023.2.3,60.0382390855328,2024-01-15 17h37.51.915872 +0800,
neg_35.jpg,0.0,354.0,354.0,121.0,1354.155417687798,,,,,,,,,,,,,,,,,,,,,,,1354.1278953274486,,1354.1279252628883,1354.1279321052752,1354.155417687798,1355.138780424386,1355.1554256705822,1356.1387693055076,1356.1387693055076,1356.4887736390192,1356.3723350329055,1356.3723430156897,1356.4887736390192,1356.4887736390192,1356.4887736390192,1356.4887736390192,1356.4887736390192,1356.4887736390192,0.1109433142482885,1357.7737236953,[18.0],[-264.0],[1],[0],[0],[1.2832768076150387],1357.7749253894726,1357.7780027529188,,,,,,,,,,,,,,ED09,1,2024-01-15_17h37.38.109,rating,2023.2.3,60.0382390855328,2024-01-15 17h37.51.915872 +0800,
neg_36.jpg,0.0,254.0,254.0,122.0,994.402008753692,,,,,,,,,,,,,,,,,,,,,,,994.3738794166164,,994.3739067861644,994.3739130583526,994.402008753692,995.385328725366,995.4020121748872,996.3853338571572,996.3853338571572,996.7019576068524,996.6189124140292,996.6189201117122,996.7019576068524,996.7019576068524,996.7019576068524,996.7019576068524,996.7019576068524,996.7019576068524,0.0781024236894154,997.203100285442,[-380.0],[279.0],[1],[0],[0],[0.5000687089668645],997.203957009282,997.2068892571116,,,,,,,,,,,,,,ED09,1,2024-01-15_17h37.38.109,rating,2023.2.3,60.0382390855328,2024-01-15 17h37.51.915872 +0800,
neg_37.jpg,0.0,304.0,304.0,123.0,1177.0703927644026,,,,,,,,,,,,,,,,,,,,,,,1177.042770904347,,1177.0428031205847,1177.0428111033689,1177.0703927644026,1178.0537361142306,1178.0704016024863,1179.053744667213,1179.053744667213,1179.387085508166,1179.2872927184471,1179.2873007012313,1179.387085508166,1179.387085508166,1179.387085508166,1179.387085508166,1179.387085508166,1179.387085508166,0.0943351309797435,1180.4884300941849,[-291.0],[-233.0],[1],[0],[0],[1.1000331285576976],1180.4894350697396,1180.4925523471102,,,,,,,,,,,,,,ED09,1,2024-01-15_17h37.38.109,rating,2023.2.3,60.0382390855328,2024-01-15 17h37.51.915872 +0800,
neg_38.jpg,0.0,1.0,1.0,124.0,20.50933330064072,,,,,,,,,,,,,,,,,,,,,,,20.48203787945204,,20.48207038078908,20.482077508275324,20.50933330064072,21.492672373977257,21.509336721834188,22.492700028624316,22.492700028624316,22.74268178225793,22.726234965279215,22.72624294806519,22.74268178225793,22.74268178225793,22.74268178225793,22.74268178225793,22.74268178225793,22.74268178225793,0.0106575875797716,24.409634023539184,[-373.0],[-162.0],[1],[0],[0],[1.6666925156841899],24.41004627734219,24.413107390118967,,,,,,,,,,,,,,ED09,1,2024-01-15_17h37.38.109,rating,2023.2.3,60.0382390855328,2024-01-15 17h37.51.915872 +0800,
neg_39.jpg,0.0,84.0,84.0,125.0,380.66279007443154,,,,,,,,,,,,,,,,,,,,,,,380.6337204793781,,380.6337512701175,380.6337581125045,380.66279007443154,381.64612743717225,381.6627929254282,382.6461354199564,382.6461354199564,382.9294738090539,382.8797199639157,382.8797279467035,382.9294738090539,382.9294738090539,382.9294738090539,382.9294738090539,382.9294738090539,382.9294738090539,0.0457818396207585,386.3632933890003,[-15.0],[179.0],[1],[0],[0],[3.4333380469761323],386.3638518988191,386.3670635441049,,,,,,,,,,,,,,ED09,1,2024-01-15_17h37.38.109,rating,2023.2.3,60.0382390855328,2024-01-15 17h37.51.915872 +0800,
neg_4.jpg,0.0,300.0,300.0,126.0,1161.7702474777252,,,,,,,,,,,,,,,,,,,,,,,1161.7543643023564,1161.7702474777252,1162.753803226642,1162.753810069029,1162.7869240848595,1163.75366438321,1163.786936059034,1164.7536498431364,1164.7536498431364,1165.086950485067,1164.9871602612402,1164.987168244028,1165.086950485067,1165.086950485067,1165.086950485067,1165.086950485067,1165.086950485067,1165.086950485067,0.0827806205379602,1167.6883948558934,[-236.0],[271.0],[1],[0],[0],[2.6001411812467268],1167.689375027796,1167.6924301534857,,,,,,1162.7869240848595,,,,,,,,ED09,1,2024-01-15_17h37.38.109,rating,2023.2.3,60.0382390855328,2024-01-15 17h37.51.915872 +0800,
neg_40.jpg,0.0,255.0,255.0,127.0,997.23534731385,,,,,,,,,,,,,,,,,,,,,,,997.2071150558731,,997.2071455615152,997.207152403902,997.23534731385,998.2187143269292,998.2353544413344,999.2186995017582,999.2186995017582,999.5352961670068,999.452259242069,999.4522675099506,999.5352961670068,999.5352961670068,999.5352961670068,999.5352961670068,999.5352961670068,999.5352961670068,0.0782039190889918,1002.703160441426,[-196.0],[-20.0],[1],[0],[0],[3.16676721174008],1002.7040485262078,1002.7069716508522,,,,,,,,,,,,,,ED09,1,2024-01-15_17h37.38.109,rating,2023.2.3,60.0382390855328,2024-01-15 17h37.51.915872 +0800,
neg_41.jpg,0.0,36.0,36.0,128.0,184.41090385648204,,,,,,,,,,,,,,,,,,,,,,,184.38179833889444,,184.3818254233447,184.38183169553304,184.41090385648204,185.3943099281896,185.41093920881397,186.3942871202344,186.3942871202344,186.660924668744,186.62778641945988,186.62779497244264,186.660924668744,186.660924668744,186.660924668744,186.660924668744,186.660924668744,186.660924668744,0.0291488527000183,188.6947953385097,[-272.0],[80.0],[1],[0],[0],[2.03352398883726],188.6952429446428,188.69842208859336,,,,,,,,,,,,,,ED09,1,2024-01-15_17h37.38.109,rating,2023.2.3,60.0382390855328,2024-01-15 17h37.51.915872 +0800,
neg_42.jpg,0.0,322.0,322.0,129.0,1239.937663290708,,,,,,,,,,,,,,,,,,,,,,,1239.9101745720943,,1239.910205362834,1239.910212205221,1239.937663290708,1240.921029733592,1240.937678115879,1241.9210397120733,1241.9210397120733,1242.271065713143,1242.154541006992,1242.15454898978,1242.271065713143,1242.271065713143,1242.271065713143,1242.271065713143,1242.271065713143,1242.271065713143,0.1109145192021969,1242.872481003822,[-212.0],[-233.0],[1],[0],[0],[0.5999960656299663],1242.8735658072255,1242.8766391792778,,,,,,,,,,,,,,ED09,1,2024-01-15_17h37.38.109,rating,2023.2.3,60.0382390855328,2024-01-15 17h37.51.915872 +0800,
neg_43.jpg,0.0,130.0,130.0,130.0,560.1645049476138,,,,,,,,,,,,,,,,,,,,,,,560.1356885208697,,560.1357190265117,560.1357258688986,560.1645049476138,561.1478936282547,561.1645097943074,562.1478899219619,562.1478899219619,562.4312397150352,562.3814088930485,562.3814165907352,562.4312397150352,562.4312397150352,562.4312397150352,562.4312397150352,562.4312397150352,562.4312397150352,0.0455702958315669,563.3818108832711,[-359.0],[51.0],[1],[0],[0],[0.9499536428302235],563.382434395764,563.3854969340391,,,,,,,,,,,,,,ED09,1,2024-01-15_17h37.38.109,rating,2023.2.3,60.0382390855328,2024-01-15 17h37.51.915872 +0800,
neg_44.jpg,0.0,149.0,149.0,131.0,623.6817822592857,,,,,,,,,,,,,,,,,,,,,,,623.6530761660288,,623.6531063865696,623.653113514054,623.6817822592857,624.6651196220264,624.6817853953798,625.66513900879,625.66513900879,625.9651368990526,625.8986585500752,625.8986665328594,625.9651368990526,625.9651368990526,625.9651368990526,625.9651368990526,625.9651368990526,625.9651368990526,0.0620806899860326,626.1324227066871,[-368.0],[321.0],[1],[0],[0],[0.1666052752516407],626.1331217705338,627.2988489394884,space,626.1484638271504,626.1484638271504,1.1389771430040128,,,,,,,,,,ED09,1,2024-01-15_17h37.38.109,rating,2023.2.3,60.0382390855328,2024-01-15 17h37.51.915872 +0800,
neg_45.jpg,0.0,372.0,372.0,132.0,1419.1227045217893,,,,,,,,,,,,,,,,,,,,,,,1419.0954133770938,,1419.0954407466415,1419.0954467337287,1419.1227045217893,1420.1060672583808,1420.122711649277,1421.1060709646736,1421.1060709646736,1421.4727302377614,1421.339650947044,1421.339658929828,1421.4727302377614,1421.4727302377614,1421.4727302377614,1421.4727302377614,1421.4727302377614,1421.4727302377614,0.1273505024000769,1422.0578116108445,[-104.0],[-160.0],[1],[0],[0],[0.5833579469181132],1422.0589203626005,1422.0620604479263,,,,,,,,,,,,,,ED09,1,2024-01-15_17h37.38.109,rating,2023.2.3,60.0382390855328,2024-01-15 17h37.51.915872 +0800,
neg_46.jpg,0.0,340.0,340.0,133.0,1306.0049761257724,,,,,,,,,,,,,,,,,,,,,,,1305.9775675201015,,1305.9775985959425,1305.9776054383292,1306.0049761257724,1306.9883077865234,1307.004981827762,1307.988306075924,1307.988306075924,1308.338314685927,1308.2218635354366,1308.2218718033218,1308.338314685927,1308.338314685927,1308.338314685927,1308.338314685927,1308.338314685927,1308.338314685927,0.1107711141812615,1309.2732866378428,[-255.0],[-254.0],[1],[0],[0],[0.9335036897573445],1309.2743206935447,1309.277379525527,,,,,,,,,,,,,,ED09,1,2024-01-15_17h37.38.109,rating,2023.2.3,60.0382390855328,2024-01-15 17h37.51.915872 +0800,
neg_47.jpg,0.0,56.0,56.0,134.0,269.8450598537784,,,,,,,,,,,,,,,,,,,,,,,269.8158257563409,,269.81585255568643,269.8158588278748,269.8450598537784,270.82839778671405,270.84508351703334,271.82840748009767,271.82840748009767,272.0950920700161,272.06193414887093,272.061941846554,272.0950920700161,272.0950920700161,272.0950920700161,272.0950920700161,272.0950920700161,272.0950920700161,0.0292837047418288,273.92884858596153,[-324.0],[279.0],[1],[0],[0],[1.8333713465945038],273.92935178648986,273.93235302838366,,,,,,,,,,,,,,ED09,1,2024-01-15_17h37.38.109,rating,2023.2.3,60.0382390855328,2024-01-15 17h37.51.915872 +0800,
neg_48.jpg,0.0,299.0,299.0,135.0,1155.7868855964334,,,,,,,,,,,,,,,,,,,,,,,1155.7592606002836,,1155.7592916761205,1155.7592985185074,1155.7868855964334,1156.7702101296964,1156.786889587827,1157.7702095594975,1157.7702095594975,1158.1035495451506,1158.0037427855568,1158.003751053442,1158.1035495451506,1158.1035495451506,1158.1035495451506,1158.1035495451506,1158.1035495451506,1158.1035495451506,0.0943140336203214,1158.5050014996232,[-281.0],[-219.0],[1],[0],[0],[0.4001382162095979],1158.50602643214,1161.7539885412807,space,1158.520294234033,1158.520294234033,3.218861153145553,,,,,,,,,,ED09,1,2024-01-15_17h37.38.109,rating,2023.2.3,60.0382390855328,2024-01-15 17h37.51.915872 +0800,
neg_49.jpg,0.0,15.0,15.0,136.0,80.94324525280899,,,,,,,,,,,,,,,,,,,,,,,80.91393702951245,,80.91396496925881,80.91397095634966,80.94324525280899,81.92665474570822,81.94325694188592,82.92662024867604,82.92662024867604,83.17663136755436,83.16014121545959,83.16014891314262,83.17663136755436,83.17663136755436,83.17663136755436,83.17663136755436,83.17663136755436,83.17663136755436,0.0127117291049216,85.02691538362342,[-167.0],[-316.0],[1],[0],[0],[1.850002337814658],85.02732820762321,85.03034940647922,,,,,,,,,,,,,,ED09,1,2024-01-15_17h37.38.109,rating,2023.2.3,60.0382390855328,2024-01-15 17h37.51.915872 +0800,
neg_5.jpg,0.0,239.0,239.0,137.0,946.7348988524172,,,,,,,,,,,,,,,,,,,,,,,946.7067569709652,,946.706787191506,946.706794033893,946.7348988524172,947.7182059946136,947.7348683467752,948.7182196793874,948.7182196793874,949.0348841983068,948.9517759985029,948.9517851216842,949.0348841983068,949.0348841983068,949.0348841983068,949.0348841983068,949.0348841983068,949.0348841983068,0.07814860979488,949.285917968904,[-447.0],[-342.0],[1],[0],[0],[0.2500290801435767],949.2868200235608,950.768712502293,space,949.3015650819324,949.3015650819324,1.4582469006854808,,,,,,,,,,ED09,1,2024-01-15_17h37.38.109,rating,2023.2.3,60.0382390855328,2024-01-15 17h37.51.915872 +0800,
neg_50.jpg,0.0,261.0,261.0,138.0,1029.2356683358266,,,,,,,,,,,,,,,,,,,,,,,1029.2076527534336,,1029.2076809782775,1029.2076869653683,1029.2356683358266,1030.2190219492368,1030.235674893116,1031.2190017071734,1031.2190017071734,1031.5523670666807,1031.4525759875542,1031.4525836852408,1031.5523670666807,1031.5523670666807,1031.5523670666807,1031.5523670666807,1031.5523670666807,1031.5523670666807,0.094737691400951,1033.8034838012209,[-192.0],[-181.0],[1],[0],[0],[2.2500322162377415],1033.804350218441,1033.8073106911145,,,,,,,,,,,,,,ED09,1,2024-01-15_17h37.38.109,rating,2023.2.3,60.0382390855328,2024-01-15 17h37.51.915872 +0800,
neg_51.jpg,0.0,53.0,53.0,139.0,258.9949565907591,,,,,,,,,,,,,,,,,,,,,,,258.9656899919828,,258.9657179317292,258.9657239188164,258.9949565907591,259.9783090637684,259.99495602055686,260.9783392843092,260.9783392843092,261.244973126526,261.2118303156494,261.2118380133361,261.244973126526,261.244973126526,261.244973126526,261.244973126526,261.244973126526,261.244973126526,0.0293039468015194,262.64543065412,[8.0],[-40.0],[1],[0],[0],[1.4000432780958363],262.64591646358167,262.6489419389254,,,,,,,,,,,,,,ED09,1,2024-01-15_17h37.38.109,rating,2023.2.3,60.0382390855328,2024-01-15 17h37.51.915872 +0800,
neg_52.jpg,0.0,303.0,303.0,140.0,1174.0203666492926,,,,,,,,,,,,,,,,,,,,,,,1173.9927804266665,,1173.992811217409,1173.9928183448935,1174.0203666492926,1175.0037202627027,1175.0203746320803,1176.00371655641,1176.00371655641,1176.337069371537,1176.2372737308217,1176.2372817136056,1176.337069371537,1176.337069371537,1176.337069371537,1176.337069371537,1176.337069371537,1176.337069371537,0.0943140336203214,1177.0384214271617,[-342.0],[-78.0],[1],[0],[0],[0.7000391726651287],1177.039390765287,1177.042538833397,,,,,,,,,,,,,,ED09,1,2024-01-15_17h37.38.109,rating,2023.2.3,60.0382390855328,2024-01-15 17h37.51.915872 +0800,
neg_53.jpg,0.0,121.0,121.0,141.0,531.5642631262635,,,,,,,,,,,,,,,,,,,,,,,531.5353625951793,,531.5353936710198,531.5354005134068,531.5642631262635,532.5476127482798,532.5642408885069,533.5476173098687,533.5476173098687,533.8309214870314,533.7811257322792,533.7811337150633,533.8309214870314,533.8309214870314,533.8309214870314,533.8309214870314,533.8309214870314,533.8309214870314,0.0455925335845677,534.0315873082836,[-344.0],[-282.0],[1],[0],[0],[0.2000742398959119],534.0321612134758,534.0352211858553,,,,,,,,,,,,,,ED09,1,2024-01-15_17h37.38.109,rating,2023.2.3,60.0382390855328,2024-01-15 17h37.51.915872 +0800,
neg_54.jpg,0.0,338.0,338.0,142.0,1299.2882381082163,,,,,,,,,,,,,,,,,,,,,,,1299.260795575712,,1299.260825796253,1299.2608326386398,1299.2882381082163,1300.2715982789125,1300.2882563545827,1301.2715774666503,1301.2715774666503,1301.621586646852,1301.5051124033089,1301.505120386093,1301.621586646852,1301.621586646852,1301.621586646852,1301.621586646852,1301.621586646852,1301.621586646852,0.1108227171826001,1301.9730663700102,[-41.0],[-291.0],[1],[0],[0],[0.3499820957549673],1301.9740944386213,1301.9772311027518,,,,,,,,,,,,,,ED09,1,2024-01-15_17h37.38.109,rating,2023.2.3,60.0382390855328,2024-01-15 17h37.51.915872 +0800,
neg_55.jpg,0.0,364.0,364.0,143.0,1389.6057704698542,,,,,,,,,,,,,,,,,,,,,,,1389.5785545914114,,1389.5785853821508,1389.5785925096388,1389.6057704698542,1390.589089301131,1390.6057676188611,1391.5891095431907,1391.5891095431907,1391.9391281316748,1391.8226404884554,1391.8226484712395,1391.9391281316748,1391.9391281316748,1391.9391281316748,1391.9391281316748,1391.9391281316748,1391.9391281316748,0.1106009098075446,1392.4074761058146,[-356.0],[76.0],[1],[0],[0],[0.4666656022964162],1392.4085697472983,1392.411641693856,,,,,,,,,,,,,,ED09,1,2024-01-15_17h37.38.109,rating,2023.2.3,60.0382390855328,2024-01-15 17h37.51.915872 +0800,
neg_56.jpg,0.0,70.0,70.0,144.0,322.3955615147679,,,,,,,,,,,,,,,,,,,,,,,322.3664856475225,,322.366516723363,322.36652356575,322.3955615147679,323.3789185493697,323.39556436576095,324.3789088559861,324.3789088559861,324.6455826121273,324.61248228106706,324.61249026385485,324.6455826121273,324.6455826121273,324.6455826121273,324.6455826121273,324.6455826121273,324.6455826121273,0.0291177768631314,326.27937066007144,[-235.0],[-126.0],[1],[0],[0],[1.6333775047423842],326.27989837915084,326.2829537899416,,,,,,,,,,,,,,ED09,1,2024-01-15_17h37.38.109,rating,2023.2.3,60.0382390855328,2024-01-15 17h37.51.915872 +0800,
neg_57.jpg,0.0,174.0,174.0,145.0,709.7492692901142,,,,,,,,,,,,,,,,,,,,,,,709.7206313356219,,709.7206618412638,709.7206689687482,709.7492692901142,710.7326060826526,710.7492764175986,711.7326154909351,711.7326154909351,712.0326273510727,711.9661937627061,711.9662017454939,712.0326273510727,712.0326273510727,712.0326273510727,712.0326273510727,712.0326273510727,712.0326273510727,0.0620154022108181,712.9000284529247,[-153.0],[-157.0],[1],[0],[0],[0.8666863575344905],712.9007577373122,712.9036771556639,,,,,,,,,,,,,,ED09,1,2024-01-15_17h37.38.109,rating,2023.2.3,60.0382390855328,2024-01-15 17h37.51.915872 +0800,
neg_58.jpg,0.0,109.0,109.0,146.0,478.6137238891679,,,,,,,,,,,,,,,,,,,,,,,478.58493312137216,,478.5849604909163,478.5849664780071,478.6137238891679,479.59706467310025,479.6137489779176,480.5970746515777,480.5970746515777,480.8804121853791,480.8306526382512,480.83066033593786,480.8804121853791,480.8804121853791,480.8804121853791,480.8804121853791,480.8804121853791,480.8804121853791,0.0455007315686089,481.1810623831807,[-386.0],[184.0],[1],[0],[0],[0.3001085088508262],481.1816733512969,481.1847279067879,,,,,,,,,,,,,,ED09,1,2024-01-15_17h37.38.109,rating,2023.2.3,60.0382390855328,2024-01-15 17h37.51.915872 +0800,
neg_59.jpg,0.0,288.0,288.0,147.0,1118.236510804698,,,,,,,,,,,,,,,,,,,,,,,1118.208733280342,,1118.2087632157854,1118.20877034327,1118.236510804698,1119.219838759156,1119.2365119450951,1120.219870975394,1120.219870975394,1120.5531918593842,1120.4534520981615,1120.4534600809457,1120.5531918593842,1120.5531918593842,1120.5531918593842,1120.5531918593842,1120.5531918593842,1120.5531918593842,0.0944825273945753,1120.8544707014698,[-346.0],[134.0],[1],[0],[0],[0.30002754060478765],1120.8554765323242,1120.8585461980838,,,,,,,,,,,,,,ED09,1,2024-01-15_17h37.38.109,rating,2023.2.3,60.0382390855328,2024-01-15 17h37.51.915872 +0800,
neg_6.jpg,0.0,286.0,286.0,148.0,1112.936475281305,,,,,,,,,,,,,,,,,,,,,,,1112.908677799991,,1112.9087083056293,1112.9087151480162,1112.936475281305,1113.9197918317875,1113.9364570349426,1114.919802950666,1114.919802950666,1115.2531600422844,1115.153344729708,1115.153352712492,1115.2531600422844,1115.2531600422844,1115.2531600422844,1115.2531600422844,1115.2531600422844,1115.2531600422844,0.0945532320583879,1115.554491342671,[-295.0],[-263.0],[1],[0],[0],[0.30004949326394126],1115.5554193413736,1115.558466484279,,,,,,,,,,,,,,ED09,1,2024-01-15_17h37.38.109,rating,2023.2.3,60.0382390855328,2024-01-15 17h37.51.915872 +0800,
neg_60.jpg,0.0,45.0,45.0,149.0,221.3279162537474,,,,,,,,,,,,,,,,,,,,,,,221.29867730962,,221.29870667486105,221.298713517248,221.3279162537474,222.31126587576364,222.3279319342182,223.31129381551,223.31129381551,223.5779652908532,223.5448182034852,223.54482618626932,223.5779652908532,223.5779652908532,223.5779652908532,223.5779652908532,223.5779652908532,223.5779652908532,0.0293042319026426,223.9116562339259,[-355.0],[301.0],[1],[0],[0],[0.33333285816479474],223.91212066092703,223.91510821804692,,,,,,,,,,,,,,ED09,1,2024-01-15_17h37.38.109,rating,2023.2.3,60.0382390855328,2024-01-15 17h37.51.915872 +0800,
neg_61.jpg,0.0,40.0,40.0,150.0,200.9443987651757,,,,,,,,,,,,,,,,,,,,,,,200.9152778522184,,200.91530721746312,200.91531434494755,200.9443987651757,201.92775636997607,201.9444036118657,202.9277446808992,202.9277446808992,203.19441501584515,203.1612736304669,203.16128104305244,203.19441501584515,203.19441501584515,203.19441501584515,203.19441501584515,203.19441501584515,203.19441501584515,0.0291514185992127,205.7281445613844,[193.0],[-178.0],[1],[0],[0],[2.533380298715201],205.72857819764613,205.73154950409665,,,,,,,,,,,,,,ED09,1,2024-01-15_17h37.38.109,rating,2023.2.3,60.0382390855328,2024-01-15 17h37.51.915872 +0800,
neg_62.jpg,0.0,155.0,155.0,151.0,642.0652903395749,,,,,,,,,,,,,,,,,,,,,,,642.0366520999851,,642.0366791844317,642.0366851715225,642.0652903395749,643.0486499400722,643.0652949011674,644.0486362552983,644.0486362552983,644.3486672170984,644.282220229059,644.2822384754254,644.3486672170984,644.3486672170984,644.3486672170984,644.3486672170984,644.3486672170984,644.3486672170984,0.0620390654657967,644.616368186551,[-379.0],[227.0],[1],[0],[0],[0.2670355473383097],644.6170829308685,644.620331639082,,,,,,,,,,,,,,ED09,1,2024-01-15_17h37.38.109,rating,2023.2.3,60.0382390855328,2024-01-15 17h37.51.915872 +0800,
neg_63.jpg,0.0,101.0,101.0,152.0,452.2634755105282,,,,,,,,,,,,,,,,,,,,,,,452.234393085997,,452.2344230214367,452.2344295787261,452.2634755105282,453.2468123030667,453.26347265953154,454.24682000075336,454.24682000075336,454.5301803425064,454.4803660562866,454.48037403907074,454.5301803425064,454.5301803425064,454.5301803425064,454.5301803425064,454.5301803425064,454.5301803425064,0.0458094942659954,456.03071319337687,[-250.0],[315.0],[1],[0],[0],[1.5000410543216276],456.031314183012,456.03438898056265,,,,,,,,,,,,,,ED09,1,2024-01-15_17h37.38.109,rating,2023.2.3,60.0382390855328,2024-01-15 17h37.51.915872 +0800,
neg_64.jpg,0.0,348.0,348.0,153.0,1334.0385702490748,,,,,,,,,,,,,,,,,,,,,,,1334.0111670602928,,1334.0111947149417,1334.0112009871264,1334.0385702490748,1335.021901054526,1335.038579087155,1336.021921581687,1336.021921581687,1336.371928195993,1336.255488449482,1336.255496147165,1336.371928195993,1336.371928195993,1336.371928195993,1336.371928195993,1336.371928195993,1336.371928195993,0.1107896456451271,1339.2569068192352,[-309.0],[145.0],[1],[0],[0],[2.8834236908514868],1339.2580728759783,1339.2611796046697,,,,,,,,,,,,,,ED09,1,2024-01-15_17h37.38.109,rating,2023.2.3,60.0382390855328,2024-01-15 17h37.51.915872 +0800,
neg_65.jpg,0.0,176.0,176.0,154.0,716.0493772287628,,,,,,,,,,,,,,,,,,,,,,,716.0205944437548,,716.0206252344942,716.0206323619786,716.0493772287628,717.0326686904918,717.0493367446434,718.0326769583771,718.0326769583771,718.3326794102322,718.2662261500045,718.2662338476912,718.3326794102322,718.3326794102322,718.3326794102322,718.3326794102322,718.3326794102322,718.3326794102322,0.0621052085407427,718.6668322144142,[-238.0],[-204.0],[1],[0],[0],[0.3334072691213805],718.6675463885294,718.6704931764289,,,,,,,,,,,,,,ED09,1,2024-01-15_17h37.38.109,rating,2023.2.3,60.0382390855328,2024-01-15 17h37.51.915872 +0800,
neg_66.jpg,0.0,125.0,125.0,155.0,544.9143612574917,,,,,,,,,,,,,,,,,,,,,,,544.8854476118358,,544.8854752664811,544.8854812535719,544.9143612574917,545.8976983351313,545.914364678687,546.8977111646091,546.8977111646091,547.181046987811,547.1312358376854,547.1312438204695,547.181046987811,547.181046987811,547.181046987811,547.181046987811,547.181046987811,547.181046987811,0.0456213286342972,547.8816178709458,[-410.0],[327.0],[1],[0],[0],[0.7000209263023862],547.8822202860792,547.8852956538285,,,,,,,,,,,,,,ED09,1,2024-01-15_17h37.38.109,rating,2023.2.3,60.0382390855328,2024-01-15 17h37.51.915872 +0800,
neg_67.jpg,0.0,160.0,160.0,156.0,657.5154381351313,,,,,,,,,,,,,,,,,,,,,,,657.4869652532179,,657.4869957588598,657.4870026012468,657.5154381351313,658.4988253902739,658.5154424116226,659.4987834806525,659.4987834806525,659.7987865027062,659.732330961684,659.7323389444718,659.7987865027062,659.7987865027062,659.7987865027062,659.7987865027062,659.7987865027062,659.7987865027062,0.061869146196841,662.1328614747399,[-376.0],[39.0],[1],[0],[0],[2.333336564461206],662.1335964611171,662.136669548072,,,,,,,,,,,,,,ED09,1,2024-01-15_17h37.38.109,rating,2023.2.3,60.0382390855328,2024-01-15 17h37.51.915872 +0800,
neg_68.jpg,0.0,306.0,306.0,157.0,1183.3704693421168,,,,,,,,,,,,,,,,,,,,,,,1183.342797019457,,1183.3428266697993,1183.3428337972837,1183.3704693421168,1184.3537992922684,1184.370505834846,1185.353811836645,1185.353811836645,1185.687145835211,1185.58738925312,1185.587397235904,1185.687145835211,1185.687145835211,1185.687145835211,1185.687145835211,1185.687145835211,1185.687145835211,0.0943935763680201,1187.2885314755476,[-378.0],[166.0],[1],[0],[0],[1.6000416815404606],1187.289536451106,1187.2926158102457,,,,,,,,,,,,,,ED09,1,2024-01-15_17h37.38.109,rating,2023.2.3,60.0382390855328,2024-01-15 17h37.51.915872 +0800,
neg_69.jpg,0.0,360.0,360.0,158.0,1375.5222845132848,,,,,,,,,,,,,,,,,,,,,,,1375.506340611733,1375.5222845132848,1376.5058793208227,1376.5058867334085,1376.5389813624788,1377.5056372713916,1377.5389716690988,1378.5056461094755,1378.5056461094755,1378.855652438684,1378.7391742037437,1378.73918190143,1378.855652438684,1378.855652438684,1378.855652438684,1378.855652438684,1378.855652438684,1378.855652438684,0.0995048392796889,1379.6741729550083,[-165.0],[-153.0],[1],[0],[0],[0.8168076388392365],1379.675252626621,1379.6782909314425,,,,,,1376.5389813624788,,,,,,,,ED09,1,2024-01-15_17h37.38.109,rating,2023.2.3,60.0382390855328,2024-01-15 17h37.51.915872 +0800,
neg_7.jpg,0.0,11.0,11.0,159.0,63.326413209455495,,,,,,,,,,,,,,,,,,,,,,,63.29702715401072,,63.2970562341543,63.29706222124514,63.326413209455495,64.30975171259342,64.32642888992632,65.30979675830531,65.30979675830531,65.55975884007785,65.54332941416578,65.54333711185245,65.55975884007785,65.55975884007785,65.55975884007785,65.55975884007785,65.55975884007785,65.55975884007785,0.0127499324335076,68.26020399435583,[-112.0],[-291.0],[1],[0],[0],[2.700147510451643],68.26061168656815,68.26368847981576,,,,,,,,,,,,,,ED09,1,2024-01-15_17h37.38.109,rating,2023.2.3,60.0382390855328,2024-01-15 17h37.51.915872 +0800,
neg_70.jpg,0.0,234.0,234.0,160.0,922.234630288738,,,,,,,,,,,,,,,,,,,,,,,922.20639289897,,922.2064231195108,922.2064299618978,922.234630288738,923.2179907445316,923.2346385566198,924.218013837588,924.218013837588,924.5346521273532,924.4515345192704,924.4515439275528,924.5346521273532,924.5346521273532,924.5346521273532,924.5346521273532,924.5346521273532,924.5346521273532,0.0782831767355674,926.035685042658,[12.0],[-228.0],[1],[0],[0],[1.5000655728726997],926.0364978611832,926.039479431216,,,,,,,,,,,,,,ED09,1,2024-01-15_17h37.38.109,rating,2023.2.3,60.0382390855328,2024-01-15 17h37.51.915872 +0800,
neg_71.jpg,0.0,291.0,291.0,161.0,1127.786597075792,,,,,,,,,,,,,,,,,,,,,,,1127.7588817031135,,1127.7589159150484,1127.7589230425365,1127.786597075792,1128.7699458425086,1128.7866141817576,1129.7699429915156,1129.7699429915156,1130.1032818367712,1130.003476502672,1130.003485055655,1130.1032818367712,1130.1032818367712,1130.1032818367712,1130.1032818367712,1130.1032818367712,1130.1032818367712,0.0944209459157718,1130.5045578848803,[-391.0],[329.0],[1],[0],[0],[0.4000338698133419],1130.5055332100928,1130.5085010953517,,,,,,,,,,,,,,ED09,1,2024-01-15_17h37.38.109,rating,2023.2.3,60.0382390855328,2024-01-15 17h37.51.915872 +0800,
neg_72.jpg,0.0,283.0,283.0,162.0,1101.286341056486,,,,,,,,,,,,,,,,,,,,,,,1101.2585809231969,,1101.258610573539,1101.258617415926,1101.286341056486,1102.269701227182,1102.286345903176,1103.2696898232025,1103.2696898232025,1103.603054042309,1103.503239299931,1103.5032472827152,1103.603054042309,1103.603054042309,1103.603054042309,1103.603054042309,1103.603054042309,1103.603054042309,0.0944964972659363,1106.7044191554887,[-238.0],[165.0],[1],[0],[0],[3.100106969312037],1106.7053725280457,1106.708404560679,,,,,,,,,,,,,,ED09,1,2024-01-15_17h37.38.109,rating,2023.2.3,60.0382390855328,2024-01-15 17h37.51.915872 +0800,
neg_73.jpg,0.0,324.0,324.0,163.0,1245.771054024066,,,,,,,,,,,,,,,,,,,,,,,1245.7435256766255,,1245.7435558971663,1245.7435627395537,1245.771054024066,1246.754391101702,1246.7710577303587,1247.754421892445,1247.754421892445,1248.1044242302596,1247.9879756456648,1247.987983628449,1248.1044242302596,1248.1044242302596,1248.1044242302596,1248.1044242302596,1248.1044242302596,1248.1044242302596,0.1109270635788561,1251.5058741890352,[-168.0],[-249.0],[1],[0],[0],[3.400040997301403],1251.5069310526887,1251.5100172542188,,,,,,,,,,,,,,ED09,1,2024-01-15_17h37.38.109,rating,2023.2.3,60.0382390855328,2024-01-15 17h37.51.915872 +0800,
neg_74.jpg,0.0,315.0,315.0,164.0,1214.0707428665264,,,,,,,,,,,,,,,,,,,,,,,1214.043330839664,,1214.0433627708007,1214.0433696131877,1214.0707428665264,1215.0540882120513,1215.0707556960006,1216.0540956246368,1216.0540956246368,1216.404105375037,1216.2876781728992,1216.287686155683,1216.404105375037,1216.404105375037,1216.404105375037,1216.404105375037,1216.404105375037,1216.404105375037,0.1107973433317965,1219.8055196963796,[-195.0],[-238.0],[1],[0],[0],[3.400056392671104],1219.8065050000732,1219.8096325410224,,,,,,,,,,,,,,ED09,1,2024-01-15_17h37.38.109,rating,2023.2.3,60.0382390855328,2024-01-15 17h37.51.915872 +0800,
neg_75.jpg,0.0,383.0,383.0,165.0,1453.2730728132592,,,,,,,,,,,,,,,,,,,,,,,1453.2460764613895,,1453.2461041160386,1453.246110388223,1453.2730728132592,1454.2563714024727,1454.2730309036378,1455.256380525654,1455.256380525654,1455.6230543388156,1455.4899240152954,1455.4899319980796,1455.6230543388156,1455.6230543388156,1455.6230543388156,1455.6230543388156,1455.6230543388156,1455.6230543388156,0.1270075277643627,1455.7415188616103,[-354.0],[-289.0],[1],[0],[0],[0.11664872440815088],1455.7426638209945,1455.745759145706,,,,,,,,,,,,,,ED09,1,2024-01-15_17h37.38.109,rating,2023.2.3,60.0382390855328,2024-01-15 17h37.51.915872 +0800,
neg_76.jpg,0.0,51.0,51.0,166.0,249.7281998706785,,,,,,,,,,,,,,,,,,,,,,,249.69896833913663,,249.69899855967745,249.6990054020644,249.7281998706785,250.71153951421363,250.7282038620724,251.71154664169808,251.71154664169808,251.97823322731347,251.9450895611408,251.94509754392493,251.97823322731347,251.97823322731347,251.97823322731347,251.97823322731347,251.97823322731347,251.97823322731347,0.0292819941460038,252.5787456080434,[-372.0],[265.0],[1],[0],[0],[0.6001252156784176],252.57924225128227,252.5822665862288,,,,,,,,,,,,,,ED09,1,2024-01-15_17h37.38.109,rating,2023.2.3,60.0382390855328,2024-01-15 17h37.51.915872 +0800,
neg_77.jpg,0.0,150.0,150.0,167.0,627.3151423729614,,,,,,,,,,,,,,,,,,,,,,,627.2992078796924,627.3151423729614,628.2987058195649,628.2987132321505,628.3318720085917,629.2984999777618,629.331856613222,630.2985045393543,630.2985045393543,630.598509557105,630.5320859472195,630.5320939300036,630.598509557105,630.598509557105,630.598509557105,630.598509557105,630.598509557105,630.598509557105,0.0495323228642519,631.1658474809192,[-415.0],[345.0],[1],[0],[0],[0.566664233818301],631.1665163242251,631.169580573096,,,,,,628.3318720085917,,,,,,,,ED09,1,2024-01-15_17h37.38.109,rating,2023.2.3,60.0382390855328,2024-01-15 17h37.51.915872 +0800,
neg_78.jpg,0.0,88.0,88.0,168.0,397.3129476774084,,,,,,,,,,,,,,,,,,,,,,,397.2837922674189,,397.2838219177611,397.2838290452455,397.3129476774084,398.2962921676335,398.3129510986,399.2963172563832,399.2963172563832,399.579663913366,399.529860460927,399.5298684437112,399.579663913366,399.579663913366,399.579663913366,399.579663913366,399.579663913366,399.579663913366,0.0458901774109108,401.8301172214888,[-359.0],[-161.0],[1],[0],[0],[2.2500057019897213],401.8306617614362,401.8337436864713,,,,,,,,,,,,,,ED09,1,2024-01-15_17h37.38.109,rating,2023.2.3,60.0382390855328,2024-01-15 17h37.51.915872 +0800,
neg_79.jpg,0.0,325.0,325.0,169.0,1251.5377782428077,,,,,,,,,,,,,,,,,,,,,,,1251.510245618876,,1251.5102775500127,1251.5102843923996,1251.5377782428077,1252.521152383375,1252.5377796683024,1253.521121877733,1253.521121877733,1253.8711293473389,1253.754690456124,1253.7546984389082,1253.8711293473389,1253.8711293473389,1253.8711293473389,1253.8711293473389,1253.8711293473389,1253.8711293473389,0.1109304847705061,1254.172544466961,[-327.0],[-282.0],[1],[0],[0],[0.29996339323042776],1254.1735765269625,1254.1766325079516,,,,,,,,,,,,,,ED09,1,2024-01-15_17h37.38.109,rating,2023.2.3,60.0382390855328,2024-01-15 17h37.51.915872 +0800,
neg_8.jpg,0.0,222.0,222.0,170.0,873.3174992901004,,,,,,,,,,,,,,,,,,,,,,,873.2892661768274,,873.289307231149,873.2893226265187,873.3174992901004,874.3008372230397,874.3175047069926,875.3008882558424,875.3008882558424,875.6175131459349,875.5343892656638,875.5344095077235,875.6175131459349,875.6175131459349,875.6175131459349,875.6175131459349,875.6175131459349,875.6175131459349,0.0782603687839582,876.0351228265426,[-379.0],[-268.0],[1],[0],[0],[0.4167024941634736],876.0359547467342,876.038972809496,,,,,,,,,,,,,,ED09,1,2024-01-15_17h37.38.109,rating,2023.2.3,60.0382390855328,2024-01-15 17h37.51.915872 +0800,
neg_80.jpg,0.0,366.0,366.0,171.0,1395.0391435840647,,,,,,,,,,,,,,,,,,,,,,,1395.0118333377031,,1395.0118635582476,1395.0118701155334,1395.0391435840647,1396.022503184562,1396.0391464350578,1397.0224883593874,1397.0224883593874,1397.3891616023502,1397.2560201599515,1397.256028142736,1397.3891616023502,1397.3891616023502,1397.3891616023502,1397.3891616023502,1397.3891616023502,1397.3891616023502,0.1273527831981482,1399.9576059971223,[-359.0],[-141.0],[1],[0],[0],[2.566824174609792],1399.9587278634535,1399.9617801381464,,,,,,,,,,,,,,ED09,1,2024-01-15_17h37.38.109,rating,2023.2.3,60.0382390855328,2024-01-15 17h37.51.915872 +0800,
neg_81.jpg,0.0,201.0,201.0,172.0,793.5167350525189,,,,,,,,,,,,,,,,,,,,,,,793.4884768504962,,793.4885039349429,793.4885102071312,793.5167350525189,794.5000761215524,794.5167410396098,795.5000812533435,795.5000812533435,795.8167759928001,795.7336181856954,795.7336261684795,795.8167759928001,795.8167759928001,795.8167759928001,795.8167759928001,795.8167759928001,795.8167759928001,0.078317388673895,796.2843168504041,[-280.0],[-274.0],[1],[0],[0],[0.46666987878779764],796.2851253924382,796.2882688989557,,,,,,,,,,,,,,ED09,1,2024-01-15_17h37.38.109,rating,2023.2.3,60.0382390855328,2024-01-15 17h37.51.915872 +0800,
neg_82.jpg,0.0,120.0,120.0,173.0,524.6641691004661,,,,,,,,,,,,,,,,,,,,,,,524.6483648976428,524.6641691004661,525.6477031818249,525.6477105944105,525.680844282102,526.6475187224787,526.6808471330951,527.6475247095696,527.6475247095696,527.9308625284684,527.8811018409433,527.88110953863,527.9308625284684,527.9308625284684,527.9308625284684,527.9308625284684,527.9308625284684,527.9308625284684,0.0326966302382061,531.5314792555946,[-85.0],[-265.0],[1],[0],[0],[3.600054511014605],531.5320554415775,531.5351359411179,,,,,,525.680844282102,,,,,,,,ED09,1,2024-01-15_17h37.38.109,rating,2023.2.3,60.0382390855328,2024-01-15 17h37.51.915872 +0800,
neg_83.jpg,0.0,114.0,114.0,174.0,498.7139163883148,,,,,,,,,,,,,,,,,,,,,,,498.684991623777,,498.6850218443178,498.6850286867048,498.7139163883148,499.69725688714607,499.7139500300473,500.6972660103274,500.6972660103274,500.98060639512187,500.9308516946876,500.9308593923743,500.98060639512187,500.98060639512187,500.98060639512187,500.98060639512187,500.98060639512187,500.98060639512187,0.045631307111762,501.58120345038697,[-365.0],[-273.0],[1],[0],[0],[0.600031988156843],501.5818258224826,501.58493882335824,,,,,,,,,,,,,,ED09,1,2024-01-15_17h37.38.109,rating,2023.2.3,60.0382390855328,2024-01-15 17h37.51.915872 +0800,
neg_84.jpg,0.0,217.0,217.0,175.0,856.5673359281172,,,,,,,,,,,,,,,,,,,,,,,856.5390392376648,,856.5390694582093,856.5390763005962,856.5673359281172,857.550680988541,857.5673424854067,858.5506943882174,858.5506943882174,858.8673549157429,858.7842897659539,858.7842974636405,858.8673549157429,858.8673549157429,858.8673549157429,858.8673549157429,858.8673549157429,858.8673549157429,0.078336490332731,859.118282629348,[-376.0],[-265.0],[1],[0],[0],[0.25001311457526754],859.1191014349606,859.1222030318604,,,,,,,,,,,,,,ED09,1,2024-01-15_17h37.38.109,rating,2023.2.3,60.0382390855328,2024-01-15 17h37.51.915872 +0800,
neg_85.jpg,0.0,257.0,257.0,176.0,1011.3354790868144,,,,,,,,,,,,,,,,,,,,,,,1011.3072588030154,,1011.3072867427618,1011.30729301495,1011.3354790868144,1012.3188503763886,1012.3355141540452,1013.3188423936044,1013.3188423936044,1013.6521686944834,1013.5523992829184,1013.5524075508,1013.6521686944834,1013.6521686944834,1013.6521686944834,1013.6521686944834,1013.6521686944834,1013.6521686944834,0.0949384014129464,1013.8200426622824,[-279.0],[-223.0],[1],[0],[0],[0.16677063293172978],1013.8209595421068,1013.8240916446484,,,,,,,,,,,,,,ED09,1,2024-01-15_17h37.38.109,rating,2023.2.3,60.0382390855328,2024-01-15 17h37.51.915872 +0800,
neg_86.jpg,0.0,205.0,205.0,177.0,809.1169078798048,,,,,,,,,,,,,,,,,,,,,,,809.0884492528676,,809.0884797585095,809.0884866008964,809.1169078798048,810.1002267110816,810.1169309728612,811.100233838566,811.100233838566,811.4169431180962,811.3338069785495,811.3338146762362,811.4169431180962,811.4169431180962,811.4169431180962,811.4169431180962,811.4169431180962,811.4169431180962,0.0785186688808607,811.5511043612241,[-363.0],[-151.0],[1],[0],[0],[0.1333253315424372],811.5518972227874,811.5549837094186,,,,,,,,,,,,,,ED09,1,2024-01-15_17h37.38.109,rating,2023.2.3,60.0382390855328,2024-01-15 17h37.51.915872 +0800,
neg_87.jpg,0.0,326.0,326.0,178.0,1254.2044667670962,,,,,,,,,,,,,,,,,,,,,,,1254.1768346434585,,1254.1768622981072,1254.1768682851944,1254.2044667670962,1255.1878323546807,1255.204472469086,1256.1878112573213,1256.1878112573213,1256.5378215779238,1256.4214015032703,1256.4214109115528,1256.5378215779238,1256.5378215779238,1256.5378215779238,1256.5378215779238,1256.5378215779238,1256.5378215779238,0.1110134487098548,1256.7559118221616,[-327.0],[-282.0],[1],[0],[0],[0.21667843177056056],1256.7569242103018,1256.7600662913246,,,,,,,,,,,,,,ED09,1,2024-01-15_17h37.38.109,rating,2023.2.3,60.0382390855328,2024-01-15 17h37.51.915872 +0800,
neg_88.jpg,0.0,183.0,183.0,179.0,739.6828878749475,,,,,,,,,,,,,,,,,,,,,,,739.6544144228392,,739.65444464338,739.6544514857669,739.6828878749475,740.6662283737824,740.6829123935022,741.6662403479568,741.6662403479568,741.966266748168,741.8997712932214,741.8997795611067,741.966266748168,741.966266748168,741.966266748168,741.966266748168,741.966266748168,741.966266748168,0.0618717120923975,742.2336991539378,[-320.0],[-199.0],[1],[0],[0],[0.2666386889068235],742.2343967922898,742.2374185613407,,,,,,,,,,,,,,ED09,1,2024-01-15_17h37.38.109,rating,2023.2.3,60.0382390855328,2024-01-15 17h37.51.915872 +0800,
neg_89.jpg,0.0,21.0,21.0,180.0,109.16021961780643,,,,,,,,,,,,,,,,,,,,,,,109.13083840905163,,109.13086862959608,109.1308757570805,109.16021961780643,110.1435247643094,110.1601968098512,111.14353673848382,111.14353673848382,111.39353189179384,111.37709818939038,111.3771058870734,111.39353189179384,111.39353189179384,111.39353189179384,111.39353189179384,111.39353189179384,111.39353189179384,0.0127214224849012,113.94398194978204,[-201.0],[-308.0],[1],[0],[0],[2.5501424356843927],113.94440931385545,113.9474436272867,,,,,,,,,,,,,,ED09,1,2024-01-15_17h37.38.109,rating,2023.2.3,60.0382390855328,2024-01-15 17h37.51.915872 +0800,
neg_9.jpg,0.0,198.0,198.0,181.0,785.2333245332629,,,,,,,,,,,,,,,,,,,,,,,785.2049018288562,,785.2049314791984,785.2049383215854,785.2333245332629,786.2166601854042,786.233329665054,787.2166718744811,787.2166718744811,787.51678751082,787.4502019644497,787.4502102323313,787.51678751082,787.51678751082,787.51678751082,787.51678751082,787.51678751082,787.51678751082,0.0619079197203973,788.2508604301365,[-196.0],[-260.0],[1],[0],[0],[0.7332632368816121],788.2516122373818,788.2546987240094,,,,,,,,,,,,,,ED09,1,2024-01-15_17h37.38.109,rating,2023.2.3,60.0382390855328,2024-01-15 17h37.51.915872 +0800,
neg_90.jpg,0.0,199.0,199.0,182.0,788.2833529291674,,,,,,,,,,,,,,,,,,,,,,,788.2549222419766,,788.2549524625174,788.2549593049043,788.2833529291674,789.2666914323054,789.2833543546658,790.2667025511837,790.2667025511837,790.5666613828216,790.50027455077,790.5002825335541,790.5666613828216,790.5666613828216,790.5666613828216,790.5666613828216,790.5666613828216,790.5666613828216,0.0617716421838849,790.8342508783899,[-394.0],[-326.0],[1],[0],[0],[0.26674103960976936],790.8350314806812,790.8382519640509,,,,,,,,,,,,,,ED09,1,2024-01-15_17h37.38.109,rating,2023.2.3,60.0382390855328,2024-01-15 17h37.51.915872 +0800,
neg_91.jpg,0.0,204.0,204.0,183.0,804.8501745378817,,,,,,,,,,,,,,,,,,,,,,,804.8218005854797,,804.8218308060204,804.8218373633099,804.8501745378817,805.8335176026085,805.850182805767,806.8335241598979,806.8335241598979,807.1502080655773,807.0670551051626,807.0670628028456,807.1502080655773,807.1502080655773,807.1502080655773,807.1502080655773,807.1502080655773,807.1502080655773,0.0784282923559658,809.0843865857278,[-197.0],[-134.0],[1],[0],[0],[1.9333220814114611],809.0851446651614,809.0882254497992,,,,,,,,,,,,,,ED09,1,2024-01-15_17h37.38.109,rating,2023.2.3,60.0382390855328,2024-01-15 17h37.51.915872 +0800,
neg_92.jpg,0.0,86.0,86.0,184.0,390.92955249650186,,,,,,,,,,,,,,,,,,,,,,,390.9003557470896,,390.900383686836,390.9003899590243,390.92955249650186,391.9128870082459,391.9295562027946,392.91289955262255,392.91289955262255,393.196240507612,393.146446748553,393.14645444623966,393.196240507612,393.196240507612,393.196240507612,393.196240507612,393.196240507612,393.196240507612,0.04590614297922,394.2299603597712,[-315.0],[-282.0],[1],[0],[0],[1.033237178791751],394.2305331245625,394.2334699339808,,,,,,,,,,,,,,ED09,1,2024-01-15_17h37.38.109,rating,2023.2.3,60.0382390855328,2024-01-15 17h37.51.915872 +0800,
neg_93.jpg,0.0,361.0,361.0,185.0,1379.7056961159178,,,,,,,,,,,,,,,,,,,,,,,1379.67849420735,,1379.678522717295,1379.6785289894833,1379.7056961159178,1380.689002402818,1380.70566389968,1381.6890215044805,1381.6890215044805,1382.039015859511,1381.92253933517,1381.9225470328563,1382.039015859511,1382.039015859511,1382.039015859511,1382.039015859511,1382.039015859511,1382.039015859511,0.1105490217123588,1382.274003948056,[-325.0],[-234.0],[1],[0],[0],[0.23336159619429964],1382.275101866031,1382.278221424196,,,,,,,,,,,,,,ED09,1,2024-01-15_17h37.38.109,rating,2023.2.3,60.0382390855328,2024-01-15 17h37.51.915872 +0800,
neg_94.jpg,0.0,380.0,380.0,186.0,1443.3229700634183,,,,,,,,,,,,,,,,,,,,,,,1443.2957490531844,,1443.2957792737252,1443.295786116112,1443.3229700634183,1444.3062760652174,1444.3229635061289,1445.3062820523046,1445.3062820523046,1445.672953584668,1445.539864030372,1445.5398722982536,1445.672953584668,1445.672953584668,1445.672953584668,1445.672953584668,1445.672953584668,1445.672953584668,0.1272321861288219,1446.0247537596042,[-366.0],[-280.0],[1],[0],[0],[0.3500422517354309],1446.0259007146851,1446.028972091044,,,,,,,,,,,,,,ED09,1,2024-01-15_17h37.38.109,rating,2023.2.3,60.0382390855328,2024-01-15 17h37.51.915872 +0800,
neg_95.jpg,0.0,165.0,165.0,187.0,680.9656620522364,,,,,,,,,,,,,,,,,,,,,,,680.9369887454122,,680.9370198212528,680.9370266636397,680.9656620522364,681.948999129876,681.9656649032295,682.9490034063674,682.9490034063674,683.2490588867186,683.1825403387193,683.1825483215034,683.2490588867186,683.2490588867186,683.2490588867186,683.2490588867186,683.2490588867186,683.2490588867186,0.0620980810526816,683.4497306950616,[-283.0],[-265.0],[1],[0],[0],[0.1999636213076883],683.4504708132299,683.4534509577643,,,,,,,,,,,,,,ED09,1,2024-01-15_17h37.38.109,rating,2023.2.3,60.0382390855328,2024-01-15 17h37.51.915872 +0800,
neg_96.jpg,0.0,49.0,49.0,188.0,242.4281304204524,,,,,,,,,,,,,,,,,,,,,,,242.3988527027977,,242.398879787248,242.3988857743352,242.4281304204524,243.41151596499915,243.42813412674516,244.41147918716888,244.41147918716888,244.67814553072455,244.6450694331179,244.64507713080457,244.67814553072455,244.67814553072455,244.67814553072455,244.67814553072455,244.67814553072455,244.67814553072455,0.0293529839073016,244.74524682199623,[-245.0],[-251.0],[1],[0],[0],[0.06671384112269152],244.7457420397368,244.74875040911863,,,,,,,,,,,,,,ED09,1,2024-01-15_17h37.38.109,rating,2023.2.3,60.0382390855328,2024-01-15 17h37.51.915872 +0800,
neg_97.jpg,0.0,135.0,135.0,189.0,576.0813237623552,,,,,,,,,,,,,,,,,,,,,,,576.0526128224046,,576.052643613144,576.0526507406321,576.0813237623552,577.0646662568834,577.0813314600382,578.0646899201383,578.0646899201383,578.3480094926708,578.2982194399046,578.2982277077899,578.3480094926708,578.3480094926708,578.3480094926708,578.3480094926708,578.3480094926708,578.3480094926708,0.0454137762353639,579.848641273049,[-350.0],[-140.0],[1],[0],[0],[1.5000250887533184],579.849246254078,579.8523179155345,,,,,,,,,,,,,,ED09,1,2024-01-15_17h37.38.109,rating,2023.2.3,60.0382390855328,2024-01-15 17h37.51.915872 +0800,
neg_98.jpg,0.0,123.0,123.0,190.0,536.7642783505726,,,,,,,,,,,,,,,,,,,,,,,536.7354844466827,,536.735514382126,536.7355209394118,536.7642783505726,537.7476231258988,537.7643128476084,538.7476305384844,538.7476305384844,539.0309689275819,538.9811620539476,538.9811697516307,539.0309689275819,539.0309689275819,539.0309689275819,539.0309689275819,539.0309689275819,539.0309689275819,0.0455030123594042,540.0815934664315,[-401.0],[-316.0],[1],[0],[0],[1.0500517740620126],540.0822075706456,540.0852806575967,,,,,,,,,,,,,,ED09,1,2024-01-15_17h37.38.109,rating,2023.2.3,60.0382390855328,2024-01-15 17h37.51.915872 +0800,
neg_99.jpg,0.0,4.0,4.0,191.0,32.79278116792739,,,,,,,,,,,,,,,,,,,,,,,32.76352625822801,,32.763555908572016,32.76356303605826,32.79278116792739,33.77614361941596,33.792789435810846,34.77615758928914,34.77615758928914,35.02615958498609,35.009701649129056,35.0097090617146,35.02615958498609,35.02615958498609,35.02615958498609,35.02615958498609,35.02615958498609,35.02615958498609,0.0126578453091497,37.84321354974964,[-271.0],[-307.0],[1],[0],[0],[2.8167608825315256],37.8436337863368,37.84667437195458,,,,,,,,,,,,,,ED09,1,2024-01-15_17h37.38.109,rating,2023.2.3,60.0382390855328,2024-01-15 17h37.51.915872 +0800,
neu_1.jpg,0.0,17.0,17.0,192.0,91.26005745324072,,,,,,,,,,,,,,,,,,,,,,,91.23077488889612,,91.23080539453804,91.23081223692498,91.26005745324072,92.24335233616148,92.2600412025713,93.24335490205704,93.24335490205704,93.49335974874704,93.47695826258132,93.47696596026437,93.49335974874704,93.49335974874704,93.49335974874704,93.49335974874704,93.49335974874704,93.49335974874704,0.0126005403217277,96.22704122652068,[4.0],[-300.0],[1],[0],[0],[2.733405786606454],96.22745718661464,96.2305322692664,,,,,,,,,,,,,,ED09,1,2024-01-15_17h37.38.109,rating,2023.2.3,60.0382390855328,2024-01-15 17h37.51.915872 +0800,
neu_10.jpg,0.0,188.0,188.0,193.0,753.5330430260692,,,,,,,,,,,,,,,,,,,,,,,753.5045946627106,,753.5046220322583,753.504628304443,753.5330430260692,754.5163752570152,754.5330646936272,755.5163592914469,755.5163592914469,755.8163919638428,755.7498999300915,755.7499079128793,755.8163919638428,755.8163919638428,755.8163919638428,755.8163919638428,755.8163919638428,755.8163919638428,0.0618198239899356,757.8838533357193,[28.0],[90.0],[1],[0],[0],[2.066701011644909],757.8846154065468,757.8877041739688,,,,,,,,,,,,,,ED09,1,2024-01-15_17h37.38.109,rating,2023.2.3,60.0382390855328,2024-01-15 17h37.51.915872 +0800,
neu_100.jpg,0.0,71.0,71.0,194.0,326.3122651493286,,,,,,,,,,,,,,,,,,,,,,,326.2831844353932,,326.28321522613624,326.2832220685232,326.3122651493286,327.2956076438568,327.31227826390386,328.29561534154345,328.29561534154345,328.56228368079246,328.5291870560286,328.5291950388128,328.56228368079246,328.56228368079246,328.56228368079246,328.56228368079246,328.56228368079246,328.56228368079246,0.0291143556678434,330.99607560609365,[86.0],[-151.0],[1],[0],[0],[2.433391645674419],330.99660874206165,330.9995261647164,,,,,,,,,,,,,,ED09,1,2024-01-15_17h37.38.109,rating,2023.2.3,60.0382390855328,2024-01-15 17h37.51.915872 +0800,
neu_101.jpg,0.0,24.0,24.0,195.0,126.44368174006377,,,,,,,,,,,,,,,,,,,,,,,126.41455141882398,,126.4145824946645,126.41458933705144,126.44368174006377,127.42701482630946,127.44368886755184,128.4270316471775,128.4270316471775,128.6769612276148,128.66056715403465,128.66057485171768,128.6769612276148,128.6769612276148,128.6769612276148,128.6769612276148,128.6769612276148,128.6769612276148,0.0124277700524544,133.29406297504465,[-275.0],[-189.0],[1],[0],[0],[4.616798116519931],133.2944803606406,133.29752180155265,,,,,,,,,,,,,,ED09,1,2024-01-15_17h37.38.109,rating,2023.2.3,60.0382390855328,2024-01-15 17h37.51.915872 +0800,
neu_102.jpg,0.0,333.0,333.0,196.0,1281.504701289905,,,,,,,,,,,,,,,,,,,,,,,1281.477363103797,,1281.477394464735,1281.477401592223,1281.504701289905,1282.4880685880853,1282.50473379124,1283.488075145371,1283.488075145371,1283.838080049081,1283.721632889985,1283.721640872769,1283.838080049081,1283.838080049081,1283.838080049081,1283.838080049081,1283.838080049081,1283.838080049081,0.1107420340340468,1285.5895637066133,[116.0],[124.0],[1],[0],[0],[1.7500305056419165],1285.5906262722565,1285.5937278691565,,,,,,,,,,,,,,ED09,1,2024-01-15_17h37.38.109,rating,2023.2.3,60.0382390855328,2024-01-15 17h37.51.915872 +0800,
neu_103.jpg,0.0,362.0,362.0,197.0,1382.305686194457,,,,,,,,,,,,,,,,,,,,,,,1382.2784249852011,,1382.2784529249475,1382.2784591971358,1382.305686194457,1383.289049501247,1383.305691896447,1384.2890341058774,1384.2890341058774,1384.6390421456815,1384.5226240667253,1384.5226326197117,1384.6390421456815,1384.6390421456815,1384.6390421456815,1384.6390421456815,1384.6390421456815,1384.6390421456815,0.110645100226975,1385.8074158928102,[34.0],[-246.0],[1],[0],[0],[1.1667167491359578],1385.8085326273504,1385.811688108046,,,,,,,,,,,,,,ED09,1,2024-01-15_17h37.38.109,rating,2023.2.3,60.0382390855328,2024-01-15 17h37.51.915872 +0800,
neu_104.jpg,0.0,143.0,143.0,198.0,604.9316012211384,,,,,,,,,,,,,,,,,,,,,,,604.9029321908056,,604.9029632666461,604.902970109033,604.9316012211384,605.9149385838755,605.9316077784242,606.9149670938205,606.9149670938205,607.2149695456756,607.1485256937303,607.148533391417,607.2149695456756,607.2149695456756,607.2149695456756,607.2149695456756,607.2149695456756,607.2149695456756,0.0620573118285392,607.6656590301827,[119.0],[-295.0],[1],[0],[0],[0.45003489617374726],607.6663127632164,607.6694522783437,,,,,,,,,,,,,,ED09,1,2024-01-15_17h37.38.109,rating,2023.2.3,60.0382390855328,2024-01-15 17h37.51.915872 +0800,
neu_105.jpg,0.0,368.0,368.0,199.0,1404.455903098118,,,,,,,,,,,,,,,,,,,,,,,1404.4286276338898,,1404.4286578544306,1404.4286646968176,1404.455903098118,1405.4392398906566,1405.4559213444843,1406.439248158542,1406.439248158542,1406.805918550508,1406.6727873716918,1406.6727956395737,1406.805918550508,1406.805918550508,1406.805918550508,1406.805918550508,1406.805918550508,1406.805918550508,0.1273476514070353,1407.0408986562688,[210.0],[-299.0],[1],[0],[0],[0.23329687861769344],1407.04202536929,1407.0451172728062,,,,,,,,,,,,,,ED09,1,2024-01-15_17h37.38.109,rating,2023.2.3,60.0382390855328,2024-01-15 17h37.51.915872 +0800,
neu_106.jpg,0.0,370.0,370.0,200.0,1409.8059644515197,,,,,,,,,,,,,,,,,,,,,,,1409.778730041613,,1409.778758551558,1409.7787648237463,1409.8059644515197,1410.7892915506782,1410.8059561836344,1411.7892872741868,1411.7892872741868,1412.1559522492644,1412.0228438783995,1412.0228518611875,1412.1559522492644,1412.1559522492644,1412.1559522492644,1412.1559522492644,1412.1559522492644,1412.1559522492644,0.1272629768718616,1415.8910483904983,[8.0],[-288.0],[1],[0],[0],[3.733402080313681],1415.892176529018,1415.8952630156457,,,,,,,,,,,,,,ED09,1,2024-01-15_17h37.38.109,rating,2023.2.3,60.0382390855328,2024-01-15 17h37.51.915872 +0800,
neu_107.jpg,0.0,373.0,373.0,201.0,1422.0893974936334,,,,,,,,,,,,,,,,,,,,,,,1422.0622899529808,,1422.0623204586227,1422.0623275861071,1422.0893974936334,1423.0727388477644,1423.0894140294004,1424.072768213009,1424.072768213009,1424.43942064371,1424.3062826225032,1424.3062906052874,1424.43942064371,1424.43942064371,1424.43942064371,1424.43942064371,1424.43942064371,1424.43942064371,0.1271557794789259,1424.6745056660657,[157.0],[-198.0],[1],[0],[0],[0.23343287105308264],1424.6756189794105,1424.6787462352622,,,,,,,,,,,,,,ED09,1,2024-01-15_17h37.38.109,rating,2023.2.3,60.0382390855328,2024-01-15 17h37.51.915872 +0800,
neu_108.jpg,0.0,369.0,369.0,202.0,1407.072586034461,,,,,,,,,,,,,,,,,,,,,,,1407.0453199785152,,1407.0453467778643,1407.045353050049,1407.072586034461,1408.0559288140869,1408.072595727841,1409.0559385074705,1409.0559385074705,1409.4226031974467,1409.289493971286,1409.2895022391713,1409.4226031974467,1409.4226031974467,1409.4226031974467,1409.4226031974467,1409.4226031974467,1409.4226031974467,0.1273254136503965,1409.7742995961853,[210.0],[-299.0],[1],[0],[0],[0.3500049037102144],1409.7754371429835,1409.7785042428477,,,,,,,,,,,,,,ED09,1,2024-01-15_17h37.38.109,rating,2023.2.3,60.0382390855328,2024-01-15 17h37.51.915872 +0800,
neu_109.jpg,0.0,161.0,161.0,203.0,662.1654819834257,,,,,,,,,,,,,,,,,,,,,,,662.1368859385511,,662.1369135932,662.1369195802872,662.1654819834257,663.1488412988219,663.1654819834257,664.1488290395464,664.1488290395464,664.4488332019973,664.3823979030349,664.3824056007215,664.4488332019973,664.4488332019973,664.4488332019973,664.4488332019973,664.4488332019973,664.4488332019973,0.0619712117986637,665.9163010741395,[-146.0],[-27.0],[1],[0],[0],[1.4667115033080336],665.9169602240654,665.9199822782175,,,,,,,,,,,,,,ED09,1,2024-01-15_17h37.38.109,rating,2023.2.3,60.0382390855328,2024-01-15 17h37.51.915872 +0800,
neu_11.jpg,0.0,141.0,141.0,204.0,599.2315540656891,,,,,,,,,,,,,,,,,,,,,,,599.2028419853414,,599.2028779078719,599.2028838949591,599.2315540656891,600.2148851562415,600.231575448146,601.2148911433287,601.2148911433287,601.4981619638565,601.4484466071444,601.4484543048311,601.4981619638565,601.4981619638565,601.4981619638565,601.4981619638565,601.4981619638565,601.4981619638565,0.0453319526895938,602.3988869147324,[248.0],[-292.0],[1],[0],[0],[0.9000877536091139],602.3995241119992,602.4026584953353,,,,,,,,,,,,,,ED09,1,2024-01-15_17h37.38.109,rating,2023.2.3,60.0382390855328,2024-01-15 17h37.51.915872 +0800,
neu_110.jpg,0.0,76.0,76.0,205.0,344.76244202502494,,,,,,,,,,,,,,,,,,,,,,,344.733436862447,,344.7334670829878,344.7334742104722,344.76244202502494,345.74578052816287,345.76244772701466,346.745812174202,346.745812174202,347.01246198198714,346.97932088171,346.9793282942956,347.01246198198714,347.01246198198714,347.01246198198714,347.01246198198714,347.01246198198714,347.01246198198714,0.0290396596137725,348.94639560171345,[18.0],[-228.0],[1],[0],[0],[1.9335207957228704],348.9469256015873,348.9499428090494,,,,,,,,,,,,,,ED09,1,2024-01-15_17h37.38.109,rating,2023.2.3,60.0382390855328,2024-01-15 17h37.51.915872 +0800,
neu_111.jpg,0.0,148.0,148.0,206.0,619.9151062223536,,,,,,,,,,,,,,,,,,,,,,,619.8863858741206,,619.8864160946614,619.8864229370483,619.9151062223536,620.8984267642227,620.9150808485028,621.8984284748185,621.8984284748185,622.1984297862764,622.131960560484,622.1319685432682,622.1984297862764,622.1984297862764,622.1984297862764,622.1984297862764,622.1984297862764,622.1984297862764,0.0620644393166003,623.6491018797169,[167.0],[184.0],[1],[0],[0],[1.4500463001495518],623.6497644508345,623.6528475162704,,,,,,,,,,,,,,ED09,1,2024-01-15_17h37.38.109,rating,2023.2.3,60.0382390855328,2024-01-15 17h37.51.915872 +0800,
neu_112.jpg,0.0,180.0,180.0,207.0,728.3327734930499,,,,,,,,,,,,,,,,,,,,,,,728.3168264554042,728.3327734930499,729.3163118509001,729.3163195485831,729.3494543766756,730.3161291021534,730.349458653167,731.3161382253347,731.3161382253347,731.6161423877857,731.5496882722618,731.5496956848474,731.6161423877857,731.6161423877857,731.6161423877857,731.6161423877857,731.6161423877857,731.6161423877857,0.0495223443867871,732.5502844152106,[163.0],[-223.0],[1],[0],[0],[0.9333597145378008],732.5510082827095,732.5539285563573,,,,,,729.3494543766756,,,,,,,,ED09,1,2024-01-15_17h37.38.109,rating,2023.2.3,60.0382390855328,2024-01-15 17h37.51.915872 +0800,
neu_113.jpg,0.0,307.0,307.0,208.0,1187.320496540604,,,,,,,,,,,,,,,,,,,,,,,1187.2928393282127,,1187.292868978555,1187.2928758209418,1187.320496540604,1188.3038393202296,1188.3205202038553,1189.303845022219,1189.303845022219,1189.6372089562285,1189.5374201578998,1189.537428140684,1189.6372089562285,1189.6372089562285,1189.6372089562285,1189.6372089562285,1189.6372089562285,1189.6372089562285,0.0943941465629905,1191.8385410548908,[132.0],[-251.0],[1],[0],[0],[2.200001539538789],1191.839520086396,1191.8425752120856,,,,,,,,,,,,,,ED09,1,2024-01-15_17h37.38.109,rating,2023.2.3,60.0382390855328,2024-01-15 17h37.51.915872 +0800,
neu_114.jpg,0.0,28.0,28.0,209.0,146.99389145921668,,,,,,,,,,,,,,,,,,,,,,,146.96459521010183,,146.96462286474707,146.9646291369354,146.99389145921668,147.97724022593684,147.99388860822364,148.977248208721,148.977248208721,149.24390029730057,149.21081279571808,149.21082049340475,149.24390029730057,149.24390029730057,149.24390029730057,149.24390029730057,149.24390029730057,149.24390029730057,0.0293250441609416,150.27772449585973,[109.0],[-212.0],[1],[0],[0],[1.0334940533975896],150.27816411920867,150.2811878839566,,,,,,,,,,,,,,ED09,1,2024-01-15_17h37.38.109,rating,2023.2.3,60.0382390855328,2024-01-15 17h37.51.915872 +0800,
neu_115.jpg,0.0,367.0,367.0,210.0,1399.989188458716,,,,,,,,,,,,,,,,,,,,,,,1399.9620053667131,,1399.9620361574523,1399.9620429998397,1399.989188458716,1400.9725286724497,1400.989190739514,1401.9725377956347,1401.9725377956347,1402.3224714244825,1402.206065889903,1402.206074157788,1402.3224714244825,1402.3224714244825,1402.3224714244825,1402.3224714244825,1402.3224714244825,1402.3224714244825,0.1104905763240822,1404.4242328258952,[-32.0],[-264.0],[1],[0],[0],[2.100119228591211],1404.4253301736717,1404.4284009798284,,,,,,,,,,,,,,ED09,1,2024-01-15_17h37.38.109,rating,2023.2.3,60.0382390855328,2024-01-15 17h37.51.915872 +0800,
neu_116.jpg,0.0,265.0,265.0,211.0,1044.4691308572255,,,,,,,,,,,,,,,,,,,,,,,1044.4411546185547,,1044.4411817030011,1044.4411879751897,1044.4691308572255,1045.452493308716,1045.4691394102083,1046.4524841855346,1046.4524841855346,1046.7858352900655,1046.6860539043228,1046.686061887107,1046.7858352900655,1046.7858352900655,1046.7858352900655,1046.7858352900655,1046.7858352900655,1046.7858352900655,0.0947083261598891,1047.7036262939218,[-7.0],[-233.0],[1],[0],[0],[0.9166868136926496],1047.704520935993,1047.707467153694,,,,,,,,,,,,,,ED09,1,2024-01-15_17h37.38.109,rating,2023.2.3,60.0382390855328,2024-01-15 17h37.51.915872 +0800,
neu_117.jpg,0.0,202.0,202.0,212.0,796.3167614527301,,,,,,,,,,,,,,,,,,,,,,,796.2884981189127,,796.2885283394535,796.2885351818404,796.3167614527301,797.3001199128266,797.3167671547199,798.3001090790494,798.3001090790494,798.6167713171708,798.5336827892315,798.5336910571132,798.6167713171708,798.6167713171708,798.6167713171708,798.6167713171708,798.6167713171708,798.6167713171708,0.0782940105200395,799.2843496368405,[186.0],[-295.0],[1],[0],[0],[0.666696221975144],799.285114558661,799.2881374681128,,,,,,,,,,,,,,ED09,1,2024-01-15_17h37.38.109,rating,2023.2.3,60.0382390855328,2024-01-15 17h37.51.915872 +0800,
neu_118.jpg,0.0,182.0,182.0,213.0,735.9662516378958,,,,,,,,,,,,,,,,,,,,,,,735.9376407678537,,735.9376707032934,735.9376778307815,735.9662516378958,736.9495254234571,736.9661906266156,737.9495336913424,737.9495336913424,738.2495378537933,738.1830615005128,738.183069483297,738.2495378537933,738.2495378537933,738.2495378537933,738.2495378537933,738.2495378537933,738.2495378537933,0.0619150472084584,739.650304999388,[318.0],[-238.0],[1],[0],[0],[1.4000301635205687],739.6510741976999,739.654186913478,,,,,,,,,,,,,,ED09,1,2024-01-15_17h37.38.109,rating,2023.2.3,60.0382390855328,2024-01-15 17h37.51.915872 +0800,
neu_119.jpg,0.0,27.0,27.0,214.0,142.5938553086089,,,,,,,,,,,,,,,,,,,,,,,142.5644464452089,,142.5644769508508,142.56448379323774,142.5938553086089,143.5771769908788,143.59387184437583,144.57718668425878,144.57718668425878,144.84388838014274,144.8107715133192,144.8107809216017,144.84388838014274,144.84388838014274,144.84388838014274,144.84388838014274,144.84388838014274,144.84388838014274,0.0294638875930104,146.96089575965743,[151.0],[-241.0],[1],[0],[0],[2.116637035331223],146.96135847606274,146.96439022359846,,,,,,,,,,,,,,ED09,1,2024-01-15_17h37.38.109,rating,2023.2.3,60.0382390855328,2024-01-15 17h37.51.915872 +0800,
neu_12.jpg,0.0,268.0,268.0,215.0,1054.7192295016357,,,,,,,,,,,,,,,,,,,,,,,1054.6911030155534,,1054.6911306701986,1054.691137227488,1054.7192295016357,1055.702570000467,1055.7192371993187,1056.7025776981536,1056.7025776981536,1057.0359205347995,1056.9361354427638,1056.936143425548,1057.0359205347995,1057.0359205347995,1057.0359205347995,1057.0359205347995,1057.0359205347995,1057.0359205347995,0.0948434632955468,1057.2871493134226,[245.0],[-300.0],[1],[0],[0],[0.25000342119165],1057.2880949882929,1057.2911991510882,,,,,,,,,,,,,,ED09,1,2024-01-15_17h37.38.109,rating,2023.2.3,60.0382390855328,2024-01-15 17h37.51.915872 +0800,
neu_120.jpg,0.0,334.0,334.0,216.0,1285.6214355441443,,,,,,,,,,,,,,,,,,,,,,,1285.593956518911,,1285.593987309654,1285.593994152041,1285.6214355441443,1286.604772051585,1286.6214395355382,1287.604791438349,1287.604791438349,1287.9547875039752,1287.838326660105,1287.838334642889,1287.9547875039752,1287.9547875039752,1287.9547875039752,1287.9547875039752,1287.9547875039752,1287.9547875039752,0.1108540781169722,1290.6396331568358,[-4.0],[-210.0],[1],[0],[0],[2.6833867989844293],1290.6407091221554,1290.643749422674,,,,,,,,,,,,,,ED09,1,2024-01-15_17h37.38.109,rating,2023.2.3,60.0382390855328,2024-01-15 17h37.51.915872 +0800,
neu_121.jpg,0.0,297.0,297.0,217.0,1148.5867939654709,,,,,,,,,,,,,,,,,,,,,,,1148.5592006153563,,1148.559230835901,1148.559237678288,1148.5867939654709,1149.5701350345007,1149.5867959611678,1150.5701395960932,1150.5701395960932,1150.9034810072444,1150.803692208916,1150.8037001917,1150.9034810072444,1150.9034810072444,1150.9034810072444,1150.9034810072444,1150.9034810072444,1150.9034810072444,0.0943040551392186,1152.0048589498983,[53.0],[-124.0],[1],[0],[0],[1.100056506711553],1152.0058314241178,1152.0088931070932,,,,,,,,,,,,,,ED09,1,2024-01-15_17h37.38.109,rating,2023.2.3,60.0382390855328,2024-01-15 17h37.51.915872 +0800,
neu_122.jpg,0.0,67.0,67.0,218.0,311.4787985795192,,,,,,,,,,,,,,,,,,,,,,,311.4498219268826,,311.4498527176256,311.44985956001256,311.4787985795192,312.462129099873,312.478833076555,313.462160460811,313.462160460811,313.72880998349865,313.69574700046724,313.6957549832514,313.72880998349865,313.72880998349865,313.72880998349865,313.72880998349865,313.72880998349865,313.72880998349865,0.0290045923793513,316.2292695638098,[-205.0],[347.0],[1],[0],[0],[2.500067853670771],316.22978074711864,316.2327537641686,,,,,,,,,,,,,,ED09,1,2024-01-15_17h37.38.109,rating,2023.2.3,60.0382390855328,2024-01-15 17h37.51.915872 +0800,
neu_123.jpg,0.0,170.0,170.0,219.0,695.2158473668787,,,,,,,,,,,,,,,,,,,,,,,695.1871290143426,,695.1871560987893,695.1871623709776,695.2158473668787,696.1991374031095,696.215843660586,697.1991656279533,697.1991656279533,697.499187466572,697.4327139642846,697.4327219470688,697.499187466572,697.499187466572,697.499187466572,697.499187466572,697.499187466572,697.499187466572,0.0620821154843724,699.3665515054963,[95.0],[21.0],[1],[0],[0],[1.8666338992370584],699.3672719517999,699.3702039145282,,,,,,,,,,,,,,ED09,1,2024-01-15_17h37.38.109,rating,2023.2.3,60.0382390855328,2024-01-15 17h37.51.915872 +0800,
neu_124.jpg,0.0,77.0,77.0,220.0,348.979148681643,,,,,,,,,,,,,,,,,,,,,,,348.9501694631108,,348.9501996836516,348.9502065260385,348.979148681643,349.9625011546523,349.9791637919152,350.96252025631475,350.96252025631475,351.22918203827794,351.19602725322693,351.19603495091,351.22918203827794,351.22918203827794,351.22918203827794,351.22918203827794,351.22918203827794,351.22918203827794,0.0290276854357216,355.3297825147347,[0.0],[-8.0],[1],[0],[0],[4.100174537881685],355.3302805834719,355.3333727720892,,,,,,,,,,,,,,ED09,1,2024-01-15_17h37.38.109,rating,2023.2.3,60.0382390855328,2024-01-15 17h37.51.915872 +0800,
neu_125.jpg,0.0,144.0,144.0,221.0,607.6982943640396,,,,,,,,,,,,,,,,,,,,,,,607.6696792175026,,607.669709438047,607.6697162804339,607.6982943640396,608.6816391393659,608.6983006362279,609.68166166222,609.68166166222,609.9816606928835,609.9152000200702,609.9152077177569,609.9816606928835,609.9816606928835,609.9816606928835,609.9816606928835,609.9816606928835,609.9816606928835,0.0619980111478071,610.6823233780415,[44.0],[-110.0],[1],[0],[0],[0.7000537127350981],610.6829964978388,610.6860861205605,,,,,,,,,,,,,,ED09,1,2024-01-15_17h37.38.109,rating,2023.2.3,60.0382390855328,2024-01-15 17h37.51.915872 +0800,
neu_126.jpg,0.0,118.0,118.0,222.0,514.364069144598,,,,,,,,,,,,,,,,,,,,,,,514.335188570476,,514.3352185059193,514.3352253483063,514.364069144598,515.3474065073387,515.3640748465878,516.3474147752204,516.3474147752204,516.6307551600148,516.5809822132142,516.5809901959983,516.6307551600148,516.6307551600148,516.6307551600148,516.6307551600148,516.6307551600148,516.6307551600148,0.0455865465009992,519.1313236483147,[278.0],[-73.0],[1],[0],[0],[2.500033356634958],519.1319195061624,519.1350008609988,,,,,,,,,,,,,,ED09,1,2024-01-15_17h37.38.109,rating,2023.2.3,60.0382390855328,2024-01-15 17h37.51.915872 +0800,
neu_127.jpg,0.0,119.0,119.0,223.0,519.1641095146806,,,,,,,,,,,,,,,,,,,,,,,519.1352278001614,,519.135257735601,519.135264577988,519.1641095146806,520.1474511539127,520.1641194931617,521.1474625578885,521.1474625578885,521.4307789943268,521.3809909372576,521.3809986349443,521.4307789943268,521.4307789943268,521.4307789943268,521.4307789943268,521.4307789943268,521.4307789943268,0.0455799892115464,523.1314841593048,[192.0],[-151.0],[1],[0],[0],[1.7001455147583329],523.1321022549091,524.6479780176924,space,523.1474813744535,523.1474813744535,1.4993992954623536,,,,,,,,,,ED09,1,2024-01-15_17h37.38.109,rating,2023.2.3,60.0382390855328,2024-01-15 17h37.51.915872 +0800,
neu_128.jpg,0.0,253.0,253.0,224.0,991.151987086134,,,,,,,,,,,,,,,,,,,,,,,991.123914483851,,991.1239424235972,991.123948695782,991.151987086134,992.1352965091282,992.152001911305,993.1353073429054,993.1353073429054,993.4520417111888,993.3688881805756,993.3688958782586,993.4520417111888,993.4520417111888,993.4520417111888,993.4520417111888,993.4520417111888,993.4520417111888,0.0781662859626521,994.369812187888,[188.0],[-286.0],[1],[0],[0],[0.9166477550679701],994.3707504501726,994.3736539029524,,,,,,,,,,,,,,ED09,1,2024-01-15_17h37.38.109,rating,2023.2.3,60.0382390855328,2024-01-15 17h37.51.915872 +0800,
neu_129.jpg,0.0,336.0,336.0,225.0,1293.5048444098247,,,,,,,,,,,,,,,,,,,,,,,1293.4773274663676,,1293.4773551210128,1293.4773611081,1293.5048444098247,1294.4881809172657,1294.5048466906228,1295.488189470252,1295.488189470252,1295.838198080255,1295.721769452619,1295.721777435403,1295.838198080255,1295.838198080255,1295.838198080255,1295.838198080255,1295.838198080255,1295.838198080255,0.1109011195294442,1296.1896683951309,[225.0],[-226.0],[1],[0],[0],[0.35001488219131716],1296.1907289650771,1296.193841395754,,,,,,,,,,,,,,ED09,1,2024-01-15_17h37.38.109,rating,2023.2.3,60.0382390855328,2024-01-15 17h37.51.915872 +0800,
neu_13.jpg,0.0,159.0,159.0,226.0,654.6654132744588,,,,,,,,,,,,,,,,,,,,,,,654.6368839428578,,654.6369138782975,654.6369207206844,654.6654132744588,655.6487551987884,655.6654201168458,656.6487566242868,656.6487566242868,656.948759931438,656.8823052457155,656.8823129434022,656.948759931438,656.948759931438,656.948759931438,656.948759931438,656.948759931438,656.948759931438,0.0618950902462529,657.4829667334561,[136.0],[-176.0],[1],[0],[0],[0.5334914875020331],657.4836874648609,657.4867400246549,,,,,,,,,,,,,,ED09,1,2024-01-15_17h37.38.109,rating,2023.2.3,60.0382390855328,2024-01-15 17h37.51.915872 +0800,
neu_130.jpg,0.0,226.0,226.0,227.0,884.984290735294,,,,,,,,,,,,,,,,,,,,,,,884.9563566913421,,884.9563846310848,884.9563909032731,884.984290735294,885.9676338000208,885.984300428674,886.9676243917384,886.9676243917384,887.2843328159724,887.2011761492649,887.201183846948,887.2843328159724,887.2843328159724,887.2843328159724,887.2843328159724,887.2843328159724,887.2843328159724,0.0779992176903761,890.8687245334913,[-87.0],[129.0],[1],[0],[0],[3.5834560211296775],890.8695521771915,890.872538023712,,,,,,,,,,,,,,ED09,1,2024-01-15_17h37.38.109,rating,2023.2.3,60.0382390855328,2024-01-15 17h37.51.915872 +0800,
neu_131.jpg,0.0,285.0,285.0,228.0,1110.0864184894965,,,,,,,,,,,,,,,,,,,,,,,1110.0586560754127,,1110.0586871512533,1110.0586939936366,1110.0864184894965,1111.0697661158156,1111.0864296083746,1112.0697712476067,1112.0697712476067,1112.4031140842526,1112.3033178733383,1112.3033258561263,1112.4031140842526,1112.4031140842526,1112.4031140842526,1112.4031140842526,1112.4031140842526,1112.4031140842526,0.0944808167987503,1112.90444949007,[7.0],[-171.0],[1],[0],[0],[0.5000145400736073],1112.9054054285225,1112.9084542820235,,,,,,,,,,,,,,ED09,1,2024-01-15_17h37.38.109,rating,2023.2.3,60.0382390855328,2024-01-15 17h37.51.915872 +0800,
neu_132.jpg,0.0,142.0,142.0,229.0,602.4315989403403,,,,,,,,,,,,,,,,,,,,,,,602.4028899960867,,602.4029205017287,602.4029276292167,602.4315989403403,603.4149163461188,603.4315826896745,604.4149246140041,604.4149246140041,604.6981925835353,604.648490056301,604.6484980390851,604.6981925835353,604.6981925835353,604.6981925835353,604.6981925835353,604.6981925835353,604.6981925835353,0.0453208338149124,604.8989100077888,[356.0],[-286.0],[1],[0],[0],[0.20004487465485],604.8995580388364,604.9027069622425,,,,,,,,,,,,,,ED09,1,2024-01-15_17h37.38.109,rating,2023.2.3,60.0382390855328,2024-01-15 17h37.51.915872 +0800,
neu_133.jpg,0.0,64.0,64.0,230.0,299.4953397644167,,,,,,,,,,,,,,,,,,,,,,,299.46631550017264,,299.4663428697204,299.4663488568076,299.4953397644167,300.4786819738474,300.49536684886334,301.4786939480218,301.4786939480218,301.7453859505258,301.7122422843531,301.7122499820398,301.7453859505258,301.7453859505258,301.7453859505258,301.7453859505258,301.7453859505258,301.7453859505258,0.0290881265209463,303.91261274257704,[174.0],[148.0],[1],[0],[0],[2.1668444736897072],303.9131142325059,303.91615909461325,,,,,,,,,,,,,,ED09,1,2024-01-15_17h37.38.109,rating,2023.2.3,60.0382390855328,2024-01-15 17h37.51.915872 +0800,
neu_134.jpg,0.0,147.0,147.0,231.0,615.8983700294339,,,,,,,,,,,,,,,,,,,,,,,615.8696474004064,,615.8696784762469,615.8696853186339,615.8983700294339,616.8817116686623,616.8983934075877,617.8817455954995,617.8817455954995,618.1817280903924,618.1152628559903,618.1152708387744,618.1817280903924,618.1817280903924,618.1817280903924,618.1817280903924,618.1817280903924,618.1817280903924,0.0621009320493612,619.8824258427812,[187.0],[-291.0],[1],[0],[0],[1.7000514319406648],619.8830730185291,619.8861597902578,,,,,,,,,,,,,,ED09,1,2024-01-15_17h37.38.109,rating,2023.2.3,60.0382390855328,2024-01-15 17h37.51.915872 +0800,
neu_135.jpg,0.0,281.0,281.0,232.0,1093.6862708650042,,,,,,,,,,,,,,,,,,,,,,,1093.6584009684266,,1093.658428908173,1093.6584351803576,1093.6862708650042,1094.6696073724415,1094.6862762818928,1095.669633601592,1095.669633601592,1096.0029573365791,1095.9031485812884,1095.9031562789714,1096.0029573365791,1096.0029573365791,1096.0029573365791,1096.0029573365791,1096.0029573365791,1096.0029573365791,0.0945845929963979,1098.2041791017546,[97.0],[269.0],[1],[0],[0],[2.200038032267912],1098.2050974070771,1098.2082380626016,,,,,,,,,,,,,,ED09,1,2024-01-15_17h37.38.109,rating,2023.2.3,60.0382390855328,2024-01-15 17h37.51.915872 +0800,
neu_136.jpg,0.0,152.0,152.0,233.0,633.6485439400967,,,,,,,,,,,,,,,,,,,,,,,633.6198757650636,,633.6199039899075,633.6199102620958,633.6485439400967,634.6318813028338,634.6485479314906,635.6318895707191,635.6318895707191,635.9319074179439,635.8654778209748,635.8655071862158,635.9319074179439,635.9319074179439,635.9319074179439,635.9319074179439,635.9319074179439,635.9319074179439,0.0620578820271475,636.665932725653,[115.0],[-299.0],[1],[0],[0],[0.7333541836051154],636.666571063317,636.6696199168182,,,,,,,,,,,,,,ED09,1,2024-01-15_17h37.38.109,rating,2023.2.3,60.0382390855328,2024-01-15 17h37.51.915872 +0800,
neu_137.jpg,0.0,224.0,224.0,234.0,879.7342254475188,,,,,,,,,,,,,,,,,,,,,,,879.7058016027149,,879.7058321083568,879.7058389507438,879.7342254475188,880.7175673718484,880.7342525319691,881.7175841927165,881.7175841927165,882.0342475712387,881.9511077253956,881.9511154230822,882.0342475712387,882.0342475712387,882.0342475712387,882.0342475712387,882.0342475712387,882.0342475712387,0.0784690615764702,882.2852551126889,[344.0],[-306.0],[1],[0],[0],[0.250033071537473],882.2860987219574,882.2892134334288,,,,,,,,,,,,,,ED09,1,2024-01-15_17h37.38.109,rating,2023.2.3,60.0382390855328,2024-01-15 17h37.51.915872 +0800,
neu_138.jpg,0.0,52.0,52.0,235.0,252.61156112475143,,,,,,,,,,,,,,,,,,,,,,,252.5824729982305,,252.58250008267717,252.58250635486547,252.61156112475143,253.59490048318548,253.61156540124284,254.59490932126937,254.59490932126937,254.86158222211088,254.8285007076156,254.82850840530227,254.86158222211088,254.86158222211088,254.86158222211088,254.86158222211088,254.86158222211088,254.86158222211088,0.0291323169367387,258.9620162004903,[20.0],[85.0],[1],[0],[0],[4.1000502345195855],258.9625139841264,258.9654790183922,,,,,,,,,,,,,,ED09,1,2024-01-15_17h37.38.109,rating,2023.2.3,60.0382390855328,2024-01-15 17h37.51.915872 +0800,
neu_139.jpg,0.0,327.0,327.0,236.0,1256.7878232885196,,,,,,,,,,,,,,,,,,,,,,,1256.760287813595,,1256.760319459634,1256.760326302021,1256.7878232885196,1257.7711652128492,1257.7878315564012,1258.7711714850377,1258.7711714850377,1259.121178669542,1259.0046998644066,1259.0047078471907,1259.121178669542,1259.121178669542,1259.121178669542,1259.121178669542,1259.121178669542,1259.121178669542,0.1109128086063719,1259.7893306093029,[299.0],[-261.0],[1],[0],[0],[0.6667295786101022],1259.7903392911503,1259.7934913506542,,,,,,,,,,,,,,ED09,1,2024-01-15_17h37.38.109,rating,2023.2.3,60.0382390855328,2024-01-15 17h37.51.915872 +0800,
neu_14.jpg,0.0,83.0,83.0,237.0,375.7460713296023,,,,,,,,,,,,,,,,,,,,,,,375.7170490610515,,375.717079281596,375.7170864090804,375.7460713296023,376.7294123986321,376.7461098180247,377.7294181006218,377.7294181006218,377.9960183011026,377.9629695730473,377.96297812603007,377.9960183011026,377.9960183011026,377.9960183011026,377.9960183011026,377.9960183011026,377.9960183011026,0.0289869162152172,380.6299751279221,[340.0],[-310.0],[1],[0],[0],[2.63351948426498],380.6305430460234,380.6334772895461,,,,,,,,,,,,,,ED09,1,2024-01-15_17h37.38.109,rating,2023.2.3,60.0382390855328,2024-01-15 17h37.51.915872 +0800,
neu_140.jpg,0.0,112.0,112.0,238.0,488.81382150721765,,,,,,,,,,,,,,,,,,,,,,,488.7849155592448,,488.7849434989912,488.7849497711795,488.81382150721765,489.79716314644975,489.813827779406,490.7971711292339,490.7971711292339,491.0805109438261,491.0307040701919,491.030712052976,491.0805109438261,491.0805109438261,491.0805109438261,491.0805109438261,491.0805109438261,491.0805109438261,0.0456133458501426,493.2311694665332,[305.0],[104.0],[1],[0],[0],[2.150136505613773],493.23175677139807,493.2348301434504,,,,,,,,,,,,,,ED09,1,2024-01-15_17h37.38.109,rating,2023.2.3,60.0382390855328,2024-01-15 17h37.51.915872 +0800,
neu_141.jpg,0.0,140.0,140.0,239.0,593.2814869532776,,,,,,,,,,,,,,,,,,,,,,,593.2527215593327,,593.2527529202744,593.2527597626613,593.2814869532776,594.2648283074086,594.2815034890482,595.2648342944995,595.2648342944995,595.5481880789666,595.498367805656,595.4983757884438,595.5481880789666,595.5481880789666,595.5481880789666,595.5481880789666,595.5481880789666,595.5481880789666,0.0454836255958071,599.1988471718687,[-35.0],[-210.0],[1],[0],[0],[3.65006180956334],599.1995282744538,599.2026156163774,,,,,,,,,,,,,,ED09,1,2024-01-15_17h37.38.109,rating,2023.2.3,60.0382390855328,2024-01-15 17h37.51.915872 +0800,
neu_142.jpg,0.0,269.0,269.0,240.0,1057.3192574983989,,,,,,,,,,,,,,,,,,,,,,,1057.2914269455468,,1057.291458591586,1057.2914657190704,1057.3192574983989,1058.3025968568363,1058.3192865785422,1059.3026068353174,1059.3026068353174,1059.6359682034272,1059.5361577375406,1059.5361654352273,1059.6359682034272,1059.6359682034272,1059.6359682034272,1059.6359682034272,1059.6359682034272,1059.6359682034272,0.0945634956369758,1059.8871228561948,[218.0],[-274.0],[1],[0],[0],[0.25002166755803046],1059.8880123664749,1061.1196938716166,space,1059.9026316959862,1059.9026316959862,1.2020562512625474,,,,,,,,,,ED09,1,2024-01-15_17h37.38.109,rating,2023.2.3,60.0382390855328,2024-01-15 17h37.51.915872 +0800,
neu_143.jpg,0.0,163.0,163.0,241.0,670.8655644912069,,,,,,,,,,,,,,,,,,,,,,,670.8369747185207,,670.8370057943612,670.8370126367481,670.8655644912069,671.8489069857351,671.8655958521449,672.8489121175226,672.8489121175226,673.1489373773366,673.0824570326622,673.0824653005438,673.1489373773366,673.1489373773366,673.1489373773366,673.1489373773366,673.1489373773366,673.1489373773366,0.0619814753808896,675.749797294291,[-155.0],[46.0],[1],[0],[0],[2.600141751445335],675.7504524528231,675.7534631029994,,,,,,,,,,,,,,ED09,1,2024-01-15_17h37.38.109,rating,2023.2.3,60.0382390855328,2024-01-15 17h37.51.915872 +0800,
neu_144.jpg,0.0,54.0,54.0,242.0,262.6783231476802,,,,,,,,,,,,,,,,,,,,,,,262.649148065826,,262.6491751502763,262.6491811373635,262.6783231476802,263.6617055561328,263.67833512185825,264.66169842864474,264.66169842864474,264.9283368324541,264.8952017192641,264.8952099871458,264.9283368324541,264.9283368324541,264.9283368324541,264.9283368324541,264.9283368324541,264.9283368324541,0.0292155659735726,266.0620992214499,[288.0],[-272.0],[1],[0],[0],[1.1333743686482194],266.0626012815774,266.0656535562739,,,,,,,,,,,,,,ED09,1,2024-01-15_17h37.38.109,rating,2023.2.3,60.0382390855328,2024-01-15 17h37.51.915872 +0800,
neu_145.jpg,0.0,196.0,196.0,243.0,780.0666223241969,,,,,,,,,,,,,,,,,,,,,,,780.0382207171497,,780.0382483717949,780.0382546439832,780.0666223241969,781.0499445766654,781.0666494086472,782.0499574061432,782.0499574061432,782.3499601430958,782.2835208527431,782.2835288355272,782.3499601430958,782.3499601430958,782.3499601430958,782.3499601430958,782.3499601430958,782.3499601430958,0.0617633742986072,782.7508253629021,[199.0],[-276.0],[1],[0],[0],[0.4000432780958363],782.7516071055907,782.754647121008,,,,,,,,,,,,,,ED09,1,2024-01-15_17h37.38.109,rating,2023.2.3,60.0382390855328,2024-01-15 17h37.51.915872 +0800,
neu_146.jpg,0.0,191.0,191.0,244.0,763.7498220979433,,,,,,,,,,,,,,,,,,,,,,,763.7214167846032,,763.7214484306423,763.7214552730293,763.7498220979433,764.7331238232509,764.749799289988,765.7331352272304,765.7331352272304,766.0331388194827,765.9667422940474,765.9667505619291,766.0331388194827,766.0331388194827,766.0331388194827,766.0331388194827,766.0331388194827,766.0331388194827,0.0617399961447517,766.7674121637101,[228.0],[-246.0],[1],[0],[0],[0.7334368624469789],766.768152852077,766.7712273645302,,,,,,,,,,,,,,ED09,1,2024-01-15_17h37.38.109,rating,2023.2.3,60.0382390855328,2024-01-15 17h37.51.915872 +0800,
neu_147.jpg,0.0,329.0,329.0,245.0,1262.4046191242414,,,,,,,,,,,,,,,,,,,,,,,1262.3770155105483,,1262.3770477267865,1262.3770551393718,1262.4046191242414,1263.38788435682,1263.4045495599785,1264.3878937651025,1264.3878937651025,1264.7379317403502,1264.621441246134,1264.6214489438207,1264.7379317403502,1264.7379317403502,1264.7379317403502,1264.7379317403502,1264.7379317403502,1264.7379317403502,0.1109695433951856,1266.3893477722886,[19.0],[-228.0],[1],[0],[0],[1.6499275277201377],1266.39035559884,1267.9050769939568,space,1266.4045960311887,1266.4045960311887,1.49526421306291,,,,,,,,,,ED09,1,2024-01-15_17h37.38.109,rating,2023.2.3,60.0382390855328,2024-01-15 17h37.51.915872 +0800,
neu_148.jpg,0.0,98.0,98.0,246.0,438.9133639796237,,,,,,,,,,,,,,,,,,,,,,,438.8843482683624,,438.8843782038057,438.8843850461926,438.9133639796237,439.8966842363952,439.913351435247,440.8967124612391,440.8967124612391,441.1800300380783,441.1302807545326,441.13028902241786,441.1800300380783,441.1800300380783,441.1800300380783,441.1800300380783,441.1800300380783,441.1800300380783,0.0457025819741829,442.2806145489667,[363.0],[-299.0],[1],[0],[0],[1.1000679106873577],442.281208981316,442.2842809278736,,,,,,,,,,,,,,ED09,1,2024-01-15_17h37.38.109,rating,2023.2.3,60.0382390855328,2024-01-15 17h37.51.915872 +0800,
neu_149.jpg,0.0,273.0,273.0,247.0,1071.5860569833967,,,,,,,,,,,,,,,,,,,,,,,1071.5580898679073,,1071.5581203735492,1071.558127215936,1071.5860569833967,1072.5693963418307,1072.5860626853864,1073.569405465012,1073.569405465012,1073.90274972716,1073.802937835775,1073.8029458185592,1073.90274972716,1073.90274972716,1073.90274972716,1073.90274972716,1073.90274972716,1073.90274972716,0.0946849480023956,1074.3040488683257,[177.0],[-188.0],[1],[0],[0],[0.4001308036276896],1074.304949497484,1074.307986376807,,,,,,,,,,,,,,ED09,1,2024-01-15_17h37.38.109,rating,2023.2.3,60.0382390855328,2024-01-15 17h37.51.915872 +0800,
neu_15.jpg,0.0,65.0,65.0,248.0,303.9453857794688,,,,,,,,,,,,,,,,,,,,,,,303.9163866039744,,303.9164162543166,303.9164230967035,303.9453857794688,304.9287271335997,304.94539974934014,305.92873312068696,305.92873312068696,306.1954017450371,306.1623501659851,306.1623578636681,306.1954017450371,306.1954017450371,306.1954017450371,306.1954017450371,306.1954017450371,306.1954017450371,0.0290316768296179,308.6293182587942,[7.0],[35.0],[1],[0],[0],[2.4334788861051493],308.62982573581394,308.63290338435763,,,,,,,,,,,,,,ED09,1,2024-01-15_17h37.38.109,rating,2023.2.3,60.0382390855328,2024-01-15 17h37.51.915872 +0800,
neu_150.jpg,0.0,374.0,374.0,249.0,1424.706096680642,,,,,,,,,,,,,,,,,,,,,,,1424.6790059608577,,1424.6790364664994,1424.6790433088863,1424.706096680642,1425.6894291966928,1425.7060941147502,1426.6894366092783,1426.6894366092783,1427.0561115628334,1426.9230214383388,1426.923029421123,1427.0561115628334,1427.0561115628334,1427.0561115628334,1427.0561115628334,1427.0561115628334,1427.0561115628334,0.1271221377464826,1427.2911829004188,[312.0],[-198.0],[1],[0],[0],[0.23340265051228926],1427.2922942180703,1427.295385551388,,,,,,,,,,,,,,ED09,1,2024-01-15_17h37.38.109,rating,2023.2.3,60.0382390855328,2024-01-15 17h37.51.915872 +0800,
neu_151.jpg,0.0,39.0,39.0,250.0,197.4943658646989,,,,,,,,,,,,,,,,,,,,,,,197.46530624812655,,197.46535557032985,197.46536184251815,197.4943658646989,198.47771862280933,198.49438040477253,199.4777129208196,199.4777129208196,199.7443852514625,199.7112501382726,199.71125812105677,199.7443852514625,199.7443852514625,199.7443852514625,199.7443852514625,199.7443852514625,199.7443852514625,0.029110079176462,200.91152736897493,[196.0],[-121.0],[1],[0],[0],[1.166739842192328],200.91197982180165,200.91505091305956,,,,,,,,,,,,,,ED09,1,2024-01-15_17h37.38.109,rating,2023.2.3,60.0382390855328,2024-01-15 17h37.51.915872 +0800,
neu_152.jpg,0.0,335.0,335.0,251.0,1290.6714827566138,,,,,,,,,,,,,,,,,,,,,,,1290.6439854850178,,1290.644012854562,1290.6440191267502,1290.6714827566138,1291.6548338041284,1291.6714867480075,1292.6548315233304,1292.6548315233304,1293.0048347164447,1292.888362468595,1292.8883710215778,1293.0048347164447,1293.0048347164447,1293.0048347164447,1293.0048347164447,1293.0048347164447,1293.0048347164447,0.1108766009783721,1293.4730429918563,[-6.0],[-214.0],[1],[0],[0],[0.4666561940139218],1293.4740867409382,1293.477126186157,,,,,,,,,,,,,,ED09,1,2024-01-15_17h37.38.109,rating,2023.2.3,60.0382390855328,2024-01-15 17h37.51.915872 +0800,
neu_153.jpg,0.0,162.0,162.0,252.0,665.9488468867712,,,,,,,,,,,,,,,,,,,,,,,665.9202089322789,,665.9202368720253,665.9202431442136,665.9488468867712,666.9321945130905,666.9488494526668,667.9322446905935,667.9322446905935,668.2322183474025,668.1657285944493,668.1657365772335,668.2322183474025,668.2322183474025,668.2322183474025,668.2322183474025,668.2322183474025,668.2322183474025,0.0620507545427244,670.8330377802376,[22.0],[-55.0],[1],[0],[0],[2.6001263560756342],670.8337205934185,670.8367446432676,,,,,,,,,,,,,,ED09,1,2024-01-15_17h37.38.109,rating,2023.2.3,60.0382390855328,2024-01-15 17h37.51.915872 +0800,
neu_154.jpg,0.0,34.0,34.0,253.0,175.31083879678772,,,,,,,,,,,,,,,,,,,,,,,175.2816600086444,,175.28168709309102,175.28169336527935,175.31083879678772,176.294159908859,176.31083851169024,177.2941658959462,177.2941658959462,177.56086930242964,177.52769798160807,177.52770567929474,177.56086930242964,177.56086930242964,177.56086930242964,177.56086930242964,177.56086930242964,177.56086930242964,0.0292278252491087,179.59466442084158,[136.0],[1.0],[1],[0],[0],[2.0334330421137565],179.5951123120758,179.59829031562913,,,,,,,,,,,,,,ED09,1,2024-01-15_17h37.38.109,rating,2023.2.3,60.0382390855328,2024-01-15 17h37.51.915872 +0800,
neu_155.jpg,0.0,212.0,212.0,254.0,833.2337758456888,,,,,,,,,,,,,,,,,,,,,,,833.2055025333939,,833.2055518555972,833.2055581277855,833.2337758456888,834.2171246124053,834.2337892453652,835.2171317398934,835.2171317398934,835.5338016757014,835.4507023139813,835.4507102967655,835.5338016757014,835.5338016757014,835.5338016757014,835.5338016757014,835.5338016757014,835.5338016757014,0.0783005678058543,839.7014315983688,[77.0],[-148.0],[1],[0],[0],[4.1667643607434],839.7022241748346,839.7053825065268,,,,,,,,,,,,,,ED09,1,2024-01-15_17h37.38.109,rating,2023.2.3,60.0382390855328,2024-01-15 17h37.51.915872 +0800,
neu_156.jpg,0.0,220.0,220.0,255.0,866.2340971527701,,,,,,,,,,,,,,,,,,,,,,,866.2057702417769,,866.2058004623177,866.2058075898021,866.2340971527701,867.2174798463202,867.2341085567459,868.2174730039333,868.2174730039333,868.5341369526504,868.4509896942254,868.4509979621071,868.5341369526504,868.5341369526504,868.5341369526504,868.5341369526504,868.5341369526504,868.5341369526504,0.0783895188324095,870.4518735025158,[76.0],[-234.0],[1],[0],[0],[1.9167731988272863],870.4527262349657,870.4557739480697,,,,,,,,,,,,,,ED09,1,2024-01-15_17h37.38.109,rating,2023.2.3,60.0382390855328,2024-01-15 17h37.51.915872 +0800,
neu_157.jpg,0.0,296.0,296.0,256.0,1145.0368265808463,,,,,,,,,,,,,,,,,,,,,,,1145.009094672405,,1145.0091248929457,1145.0091317353326,1145.0368265808463,1146.0200995111118,1146.036787522222,1147.0201069236973,1147.0201069236973,1147.3534443434546,1147.253692893155,1147.2537011610402,1147.3534443434546,1147.3534443434546,1147.3534443434546,1147.3534443434546,1147.3534443434546,1147.3534443434546,0.0944046952463395,1148.5547815739085,[168.0],[-73.0],[1],[0],[0],[1.200025772988738],1148.5558863342703,1148.5589705401037,,,,,,,,,,,,,,ED09,1,2024-01-15_17h37.38.109,rating,2023.2.3,60.0382390855328,2024-01-15 17h37.51.915872 +0800,
neu_158.jpg,0.0,382.0,382.0,257.0,1448.6730356933112,,,,,,,,,,,,,,,,,,,,,,,1448.6459749089663,,1448.6460019934166,1448.6460082656013,1448.6730356933112,1449.6563448312045,1449.6729923581952,1450.6563536692847,1450.6563536692847,1451.0230100913795,1450.8898652277894,1450.8898729254724,1451.0230100913795,1451.0230100913795,1451.0230100913795,1451.0230100913795,1451.0230100913795,1451.0230100913795,0.1270628370584745,1453.241602680846,[138.0],[-282.0],[1],[0],[0],[2.2168805672808958],1453.2427245471772,1453.2458492371295,,,,,,,,,,,,,,ED09,1,2024-01-15_17h37.38.109,rating,2023.2.3,60.0382390855328,2024-01-15 17h37.51.915872 +0800,
neu_159.jpg,0.0,38.0,38.0,258.0,192.84431859521283,,,,,,,,,,,,,,,,,,,,,,,192.8150189249027,,192.81504657954792,192.8150531368337,192.84431859521283,193.82766280033684,193.8443248674012,194.82768731889155,194.82768731889155,195.09433912237364,195.06119517109985,195.0612040091837,195.09433912237364,195.09433912237364,195.09433912237364,195.09433912237364,195.09433912237364,195.09433912237364,0.0293375885376008,197.46142404893544,[244.0],[-79.0],[1],[0],[0],[2.366730547950283],197.4620452806339,197.4650995510237,,,,,,,,,,,,,,ED09,1,2024-01-15_17h37.38.109,rating,2023.2.3,60.0382390855328,2024-01-15 17h37.51.915872 +0800,
neu_16.jpg,0.0,231.0,231.0,259.0,906.4844877390132,,,,,,,,,,,,,,,,,,,,,,,906.4560963955446,,906.4561237650925,906.4561300372808,906.4844877390132,907.4678501905036,907.4844871688148,908.4678310888412,908.4678310888412,908.7845306749878,908.7013648850988,908.701372867883,908.7845306749878,908.7845306749878,908.7845306749878,908.7845306749878,908.7845306749878,908.7845306749878,0.0784679211792536,909.7021486234808,[12.0],[-287.0],[1],[0],[0],[0.9165992881607963],909.702978262878,909.7059224848816,,,,,,,,,,,,,,ED09,1,2024-01-15_17h37.38.109,rating,2023.2.3,60.0382390855328,2024-01-15 17h37.51.915872 +0800,
neu_160.jpg,0.0,178.0,178.0,260.0,722.1493878344627,,,,,,,,,,,,,,,,,,,,,,,722.1209069697688,,722.1209371903096,722.1209443177977,722.1493878344627,723.1327240568062,723.149410927519,724.1327374564789,724.1327374564789,724.4327507421149,724.3663009030788,724.3663091709641,724.4327507421149,724.4327507421149,724.4327507421149,724.4327507421149,724.4327507421149,724.4327507421149,0.0619027879329223,724.6335380157288,[85.0],[-246.0],[1],[0],[0],[0.2000132286157168],724.6342567514403,724.6372719632054,,,,,,,,,,,,,,ED09,1,2024-01-15_17h37.38.109,rating,2023.2.3,60.0382390855328,2024-01-15 17h37.51.915872 +0800,
neu_161.jpg,0.0,351.0,351.0,261.0,1344.8386907321,,,,,,,,,,,,,,,,,,,,,,,1344.8113246062494,,1344.8113522608946,1344.811358533083,1344.8386907321,1345.8220032911886,1345.8387158208534,1346.8220109888716,1346.8220109888716,1347.1720195988746,1347.055578997064,1347.0555869798482,1347.1720195988746,1347.1720195988746,1347.1720195988746,1347.1720195988746,1347.1720195988746,1347.1720195988746,0.1107252131696441,1348.5737945710207,[55.0],[-236.0],[1],[0],[0],[1.4001667261545663],1348.574881940316,1348.577985818014,,,,,,,,,,,,,,ED09,1,2024-01-15_17h37.38.109,rating,2023.2.3,60.0382390855328,2024-01-15 17h37.51.915872 +0800,
neu_162.jpg,0.0,43.0,43.0,262.0,211.9945004316396,,,,,,,,,,,,,,,,,,,,,,,211.96544138526224,,211.9654684697125,211.9654747418972,211.9945004316396,212.9778423559692,212.9945089846224,213.9778714361128,213.9778714361128,214.24451155051796,214.2114003856805,214.21140808336716,214.24451155051796,214.24451155051796,214.24451155051796,214.24451155051796,214.24451155051796,214.24451155051796,0.0290904073153797,216.911694722352,[-60.0],[-83.0],[1],[0],[0],[2.6668444736897072],216.9121691278342,216.91510907334668,,,,,,,,,,,,,,ED09,1,2024-01-15_17h37.38.109,rating,2023.2.3,60.0382390855328,2024-01-15 17h37.51.915872 +0800,
neu_163.jpg,0.0,219.0,219.0,263.0,861.8173618721667,,,,,,,,,,,,,,,,,,,,,,,861.7890757303976,,861.7891036701403,861.7891099423287,861.8173618721667,862.8007206173643,862.8173909523102,863.8007374382323,863.8007374382323,864.1174606876375,864.0342800725739,864.0342877702606,864.1174606876375,864.1174606876375,864.1174606876375,864.1174606876375,864.1174606876375,864.1174606876375,0.0784089055960066,866.2016822007863,[152.0],[-260.0],[1],[0],[0],[2.0833154671017837],866.2024790537434,866.205541877116,,,,,,,,,,,,,,ED09,1,2024-01-15_17h37.38.109,rating,2023.2.3,60.0382390855328,2024-01-15 17h37.51.915872 +0800,
neu_164.jpg,0.0,5.0,5.0,264.0,37.87618786685198,,,,,,,,,,,,,,,,,,,,,,,37.84688163925239,,37.84690957899875,37.84691585118708,37.87618786685198,38.85950840872283,38.87617332678019,39.8595175319042,39.8595175319042,40.109513540512125,40.09304705167233,40.09305474935718,40.109513540512125,40.109513540512125,40.109513540512125,40.109513540512125,40.109513540512125,40.109513540512125,0.0126492923263867,42.40993309286023,[196.0],[-290.0],[1],[0],[0],[2.300144716480645],42.410321683408256,42.4133400312694,,,,,,,,,,,,,,ED09,1,2024-01-15_17h37.38.109,rating,2023.2.3,60.0382390855328,2024-01-15 17h37.51.915872 +0800,
neu_165.jpg,0.0,332.0,332.0,265.0,1275.7546696438658,,,,,,,,,,,,,,,,,,,,,,,1275.7272986713217,,1275.727329747162,1275.727336589549,1275.7546696438658,1276.7380095724984,1276.7546767713502,1277.7380192658784,1277.7380192658784,1278.0880270205853,1277.9715633257183,1277.9715715936036,1278.0880270205853,1278.0880270205853,1278.0880270205853,1278.0880270205853,1278.0880270205853,1278.0880270205853,0.1107534380134893,1281.4729337987665,[36.0],[195.0],[1],[0],[0],[3.3834234057503636],1281.4740342826371,1281.4771347391395,,,,,,,,,,,,,,ED09,1,2024-01-15_17h37.38.109,rating,2023.2.3,60.0382390855328,2024-01-15 17h37.51.915872 +0800,
neu_166.jpg,0.0,293.0,293.0,266.0,1132.9866653286008,,,,,,,,,,,,,,,,,,,,,,,1132.9591803162766,,1132.9592108219183,1132.9592173792043,1132.9866653286008,1133.9699847300726,1133.9866433759416,1134.9699921426582,1134.9699921426582,1135.303375463427,1135.2035858098025,1135.2035937925866,1135.303375463427,1135.303375463427,1135.303375463427,1135.303375463427,1135.303375463427,1135.303375463427,0.0942202359001385,1136.504685609434,[1.0],[-151.0],[1],[0],[0],[1.2000163647098816],1136.5056757598177,1136.5088606057543,,,,,,,,,,,,,,ED09,1,2024-01-15_17h37.38.109,rating,2023.2.3,60.0382390855328,2024-01-15 17h37.51.915872 +0800,
neu_167.jpg,0.0,157.0,157.0,267.0,647.0987037098275,,,,,,,,,,,,,,,,,,,,,,,647.0702148623495,,647.0702456530889,647.0702524954759,647.0987037098275,648.0820097116266,648.0987039949287,649.082013988118,649.082013988118,649.3820235674611,649.3156296079178,649.3156373056045,649.3820235674611,649.3820235674611,649.3820235674611,649.3820235674611,649.3820235674611,649.3820235674611,0.0618283769763365,651.1160696874285,[-10.0],[-8.0],[1],[0],[0],[1.7333667279854126],651.116772457568,651.1202441135501,,,,,,,,,,,,,,ED09,1,2024-01-15_17h37.38.109,rating,2023.2.3,60.0382390855328,2024-01-15 17h37.51.915872 +0800,
neu_168.jpg,0.0,168.0,168.0,268.0,688.715736463193,,,,,,,,,,,,,,,,,,,,,,,688.6870979385021,,688.6871290143426,688.6871358567296,688.715736463193,689.6990772471254,689.7157472969702,690.6990849448084,690.6990849448084,690.9990879668658,690.9326270089514,690.932634706638,690.9990879668658,690.9990879668658,690.9990879668658,690.9990879668658,690.9990879668658,690.9990879668658,0.0620105555208283,692.66661639413,[285.0],[-180.0],[1],[0],[0],[1.666803989566688],692.6673137473808,692.670252267395,,,,,,,,,,,,,,ED09,1,2024-01-15_17h37.38.109,rating,2023.2.3,60.0382390855328,2024-01-15 17h37.51.915872 +0800,
neu_169.jpg,0.0,271.0,271.0,269.0,1064.5859888446284,,,,,,,,,,,,,,,,,,,,,,,1064.5580892977086,,1064.558117237455,1064.5581237947408,1064.5859888446284,1065.5693301987594,1065.5859993933082,1066.569359278903,1066.569359278903,1066.902690711573,1066.8029087556315,1066.8029167384157,1066.902690711573,1066.902690711573,1066.902690711573,1066.902690711573,1066.902690711573,1066.902690711573,0.0946276430149737,1068.0038328769842,[135.0],[85.0],[1],[0],[0],[1.0999880828421738],1068.004730655146,1068.007780363947,,,,,,,,,,,,,,ED09,1,2024-01-15_17h37.38.109,rating,2023.2.3,60.0382390855328,2024-01-15 17h37.51.915872 +0800,
neu_17.jpg,0.0,129.0,129.0,270.0,556.2644656609118,,,,,,,,,,,,,,,,,,,,,,,556.2357501593688,,556.2357795246135,556.2357863670004,556.2644656609118,557.2478095809383,557.2644727883962,558.2478149978269,558.2478149978269,558.5311550975202,558.4813964056921,558.4814041033787,558.5311550975202,558.5311550975202,558.5311550975202,558.5311550975202,558.5311550975202,558.5311550975202,0.0454240398139518,560.1317849392217,[-305.0],[-268.0],[1],[0],[0],[1.5999872275424423],560.1323825076652,560.1354598711114,,,,,,,,,,,,,,ED09,1,2024-01-15_17h37.38.109,rating,2023.2.3,60.0382390855328,2024-01-15 17h37.51.915872 +0800,
neu_170.jpg,0.0,200.0,200.0,271.0,790.8666846469387,,,,,,,,,,,,,,,,,,,,,,,790.8384789032098,,790.8385105492489,790.8385173916358,790.8666846469387,791.8500790295657,791.8667559218011,792.850070761684,792.850070761684,793.1500087810637,793.0835954347604,793.083603702642,793.1500087810637,793.1500087810637,793.1500087810637,793.1500087810637,793.1500087810637,793.1500087810637,0.0615486944152507,793.484421595942,[-66.0],[-302.0],[1],[0],[0],[0.3335697758120659],793.4852261465858,793.4882741447873,,,,,,,,,,,,,,ED09,1,2024-01-15_17h37.38.109,rating,2023.2.3,60.0382390855328,2024-01-15 17h37.51.915872 +0800,
neu_171.jpg,0.0,23.0,23.0,272.0,119.97698506193046,,,,,,,,,,,,,,,,,,,,,,,119.94752174453606,,119.9475493991813,119.94755567136964,119.97698506193046,120.96031301638504,120.97698050033796,121.96031130578922,121.96031130578922,122.21032841175474,122.19383113217556,122.1938391149597,122.21032841175474,122.21032841175474,122.21032841175474,122.21032841175474,122.21032841175474,122.21032841175474,0.0128249135850637,126.41076672364944,[55.0],[-168.0],[1],[0],[0],[4.200131829988095],126.4112040662003,126.4143210584698,,,,,,,,,,,,,,ED09,1,2024-01-15_17h37.38.109,rating,2023.2.3,60.0382390855328,2024-01-15 17h37.51.915872 +0800,
neu_172.jpg,0.0,240.0,240.0,273.0,950.7849226867328,,,,,,,,,,,,,,,,,,,,,,,950.7691093607282,950.7849226867328,951.768458763785,951.7684664614716,951.8015824729991,952.7682694577524,952.8015853239922,953.7683059504816,953.7683059504816,954.0849413892538,954.0017955563272,954.0018032540102,954.0849413892538,954.0849413892538,954.0849413892538,954.0849413892538,954.0849413892538,954.0849413892538,0.0660392958270676,956.4193045968276,[-2.0],[-276.0],[1],[0],[0],[2.3333816101730918],956.4201516272916,956.4231129552608,,,,,,951.8015824729991,,,,,,,,ED09,1,2024-01-15_17h37.38.109,rating,2023.2.3,60.0382390855328,2024-01-15 17h37.51.915872 +0800,
neu_173.jpg,0.0,68.0,68.0,274.0,316.26217089545025,,,,,,,,,,,,,,,,,,,,,,,316.23295903576945,,316.2329869755158,316.23299324770414,316.26217089545025,317.2455076879924,317.26217431664554,318.2455199472679,318.2455199472679,318.5121917077122,318.4790488968356,318.47905659452226,318.5121917077122,318.5121917077122,318.5121917077122,318.5121917077122,318.5121917077122,318.5121917077122,0.0292571904938085,319.7127300895081,[260.0],[-236.0],[1],[0],[0],[1.2001295491900237],319.7132709231628,319.7163901962267,,,,,,,,,,,,,,ED09,1,2024-01-15_17h37.38.109,rating,2023.2.3,60.0382390855328,2024-01-15 17h37.51.915872 +0800,
neu_174.jpg,0.0,94.0,94.0,275.0,423.46321019698007,,,,,,,,,,,,,,,,,,,,,,,423.4343056745056,,423.4343373205447,423.43434416293167,423.46321019698007,424.44653644084246,424.4631999334015,425.44654556402384,425.44654556402384,425.7298987782924,425.68010074274207,425.6801087255262,425.7298987782924,425.7298987782924,425.7298987782924,425.7298987782924,425.7298987782924,425.7298987782924,0.0456084991565148,427.1804055140492,[83.0],[76.0],[1],[0],[0],[1.4500474405467685],427.1809654493664,427.1840342598298,,,,,,,,,,,,,,ED09,1,2024-01-15_17h37.38.109,rating,2023.2.3,60.0382390855328,2024-01-15 17h37.51.915872 +0800,
neu_175.jpg,0.0,282.0,282.0,276.0,1098.236324064561,,,,,,,,,,,,,,,,,,,,,,,1098.2084707037502,,1098.2084983583954,1098.2085046305838,1098.236324064561,1099.2196577210052,1099.236351434105,1100.2196796736644,1100.2196796736644,1100.5530005576547,1100.4532049169393,1100.4532126146223,1100.5530005576547,1100.5530005576547,1100.5530005576547,1100.5530005576547,1100.5530005576547,1100.5530005576547,0.0945577936508925,1101.2543232480348,[57.0],[83.0],[1],[0],[0],[0.7000853587742313],1101.2552583742254,1101.2583536989368,,,,,,,,,,,,,,ED09,1,2024-01-15_17h37.38.109,rating,2023.2.3,60.0382390855328,2024-01-15 17h37.51.915872 +0800,
neu_176.jpg,0.0,30.0,30.0,277.0,157.07730642602837,,,,,,,,,,,,,,,,,,,,,,,157.06162424576905,157.07730642602837,158.0608425030805,158.06085020076716,158.0940212364876,159.06066602652209,159.0940118282051,160.0606925407701,160.0606925407701,160.32734006776082,160.29421322245616,160.2942209201392,160.32734006776082,160.32734006776082,160.32734006776082,160.32734006776082,160.32734006776082,160.32734006776082,0.0159347783664998,161.56107685482857,[294.0],[-300.0],[1],[0],[0],[1.2334169054847735],161.56148825333366,161.564533115441,,,,,,158.0940212364876,,,,,,,,ED09,1,2024-01-15_17h37.38.109,rating,2023.2.3,60.0382390855328,2024-01-15 17h37.51.915872 +0800,
neu_177.jpg,0.0,169.0,169.0,278.0,692.6991080378648,,,,,,,,,,,,,,,,,,,,,,,692.670477495958,,692.6705080016,692.6705148439869,692.6991080378648,693.682443690006,693.6991217226387,694.6824548088844,694.6824548088844,694.9824592564364,694.9160057111112,694.9160134087979,694.9824592564364,694.9824592564364,694.9824592564364,694.9824592564364,694.9824592564364,694.9824592564364,0.0619997217436321,695.1832895800726,[169.0],[-234.0],[1],[0],[0],[0.2001192856077978],695.184011736972,695.1869268788323,,,,,,,,,,,,,,ED09,1,2024-01-15_17h37.38.109,rating,2023.2.3,60.0382390855328,2024-01-15 17h37.51.915872 +0800,
neu_178.jpg,0.0,110.0,110.0,279.0,481.2137581581192,,,,,,,,,,,,,,,,,,,,,,,481.1849585522432,,481.1849893429826,481.1849961853695,481.2137581581192,482.1970932400618,482.2137547369275,483.1970983718529,483.1970983718529,483.4804552924143,483.4306621035539,483.4306703714392,483.4804552924143,483.4804552924143,483.4804552924143,483.4804552924143,483.4804552924143,483.4804552924143,0.0455155567397014,485.8809909372576,[168.0],[-307.0],[1],[0],[0],[2.4000247466319706],485.8816061818689,485.88465389497287,,,,,,,,,,,,,,ED09,1,2024-01-15_17h37.38.109,rating,2023.2.3,60.0382390855328,2024-01-15 17h37.51.915872 +0800,
neu_179.jpg,0.0,78.0,78.0,280.0,355.36254129665394,,,,,,,,,,,,,,,,,,,,,,,355.3336017069487,,355.33363164238835,355.3336387698764,355.36254129665394,356.34588379118213,356.36255070493644,357.3458917739663,357.3458917739663,357.6125923294567,357.5794398252001,357.57946206295674,357.6125923294567,357.6125923294567,357.6125923294567,357.6125923294567,357.6125923294567,357.6125923294567,0.0290068731774226,359.11314941377714,[94.0],[-281.0],[1],[0],[0],[1.500106056995719],359.1136996557143,359.11663446943567,,,,,,,,,,,,,,ED09,1,2024-01-15_17h37.38.109,rating,2023.2.3,60.0382390855328,2024-01-15 17h37.51.915872 +0800,
neu_18.jpg,0.0,353.0,353.0,281.0,1351.3220566047858,,,,,,,,,,,,,,,,,,,,,,,1351.2946306080485,,1351.2946582626937,1351.294664534882,1351.3220566047858,1352.305397103617,1352.3220665832669,1353.3054093628923,1353.3054093628923,1353.6554387851577,1353.538937457164,1353.5389454399483,1353.6554387851577,1353.6554387851577,1353.6554387851577,1353.6554387851577,1353.6554387851577,1353.6554387851577,0.1108383976497862,1354.1236809874026,[257.0],[-241.0],[1],[0],[0],[0.4666504920242005],1354.12473699576,1354.127667247889,,,,,,,,,,,,,,ED09,1,2024-01-15_17h37.38.109,rating,2023.2.3,60.0382390855328,2024-01-15 17h37.51.915872 +0800,
neu_180.jpg,0.0,90.0,90.0,282.0,408.3130793933524,,,,,,,,,,,,,,,,,,,,,,,408.297150316972,408.3130793933524,409.2965989346412,409.2966063472268,409.3297400349184,410.2964013607234,410.3297870763272,411.296409628605,411.296409628605,411.5797474475039,411.5299913215713,411.5299993043554,411.5797474475039,411.5797474475039,411.5797474475039,411.5797474475039,411.5797474475039,411.5797474475039,0.0328012617355852,414.0302627362471,[3.0],[-239.0],[1],[0],[0],[2.450036036570964],414.0308229566617,414.0338481469116,,,,,,409.3297400349184,,,,,,,,ED09,1,2024-01-15_17h37.38.109,rating,2023.2.3,60.0382390855328,2024-01-15 17h37.51.915872 +0800,
neu_181.jpg,0.0,193.0,193.0,283.0,770.0498504938478,,,,,,,,,,,,,,,,,,,,,,,770.0213636420667,,770.0213910116108,770.0213969987017,770.0498504938478,771.0332026817596,771.0498547703392,772.0332243493176,772.0332243493176,772.3332222395802,772.2667313462262,772.2667396141114,772.3332222395802,772.3332222395802,772.3332222395802,772.3332222395802,772.3332222395802,772.3332222395802,0.0618834011693252,774.5341526331213,[71.0],[-255.0],[1],[0],[0],[2.200117575011973],774.5349055807637,774.5379729657288,,,,,,,,,,,,,,ED09,1,2024-01-15_17h37.38.109,rating,2023.2.3,60.0382390855328,2024-01-15 17h37.51.915872 +0800,
neu_182.jpg,0.0,10.0,10.0,284.0,58.509694521642814,,,,,,,,,,,,,,,,,,,,,,,58.480348665219935,,58.4803771751649,58.48038344735323,58.509694521642814,59.49303673107352,59.509703644824185,60.49306581121709,60.49306581121709,60.74304899034905,60.72659504588228,60.72660274356895,60.74304899034905,60.74304899034905,60.74304899034905,60.74304899034905,60.74304899034905,60.74304899034905,0.0127171459971577,63.29349534204448,[133.0],[-261.0],[1],[0],[0],[2.550132742304413],63.293901893859584,63.29681960161179,,,,,,,,,,,,,,ED09,1,2024-01-15_17h37.38.109,rating,2023.2.3,60.0382390855328,2024-01-15 17h37.51.915872 +0800,
neu_183.jpg,0.0,100.0,100.0,285.0,447.66345321575136,,,,,,,,,,,,,,,,,,,,,,,447.6344939541814,,447.634525885318,447.63453272770494,447.66345321575136,448.6467797447112,448.6634315481933,449.6467757533173,449.6467757533173,449.93011613811177,449.8803326426314,449.8803417658128,449.93011613811177,449.93011613811177,449.93011613811177,449.93011613811177,449.93011613811177,449.93011613811177,0.0456370091014832,452.230666551106,[-18.0],[-296.0],[1],[0],[0],[2.3000551952536625],452.2312110910534,452.2341644362386,,,,,,,,,,,,,,ED09,1,2024-01-15_17h37.38.109,rating,2023.2.3,60.0382390855328,2024-01-15 17h37.51.915872 +0800,
neu_184.jpg,0.0,8.0,8.0,286.0,49.44294646858725,,,,,,,,,,,,,,,,,,,,,,,49.41367530822026,,49.41370609896149,49.41371294134842,49.44294646858725,50.42628611212058,50.44296528515042,51.42628696742031,51.42628696742031,51.67630663928139,51.65982418487329,51.65983216765744,51.67630663928139,51.67630663928139,51.67630663928139,51.67630663928139,51.67630663928139,51.67630663928139,0.0126472966294386,54.4268001464261,[288.0],[-237.0],[1],[0],[0],[2.7501901613322843],54.42721810221701,54.430284631886025,,,,,,,,,,,,,,ED09,1,2024-01-15_17h37.38.109,rating,2023.2.3,60.0382390855328,2024-01-15 17h37.51.915872 +0800,
neu_185.jpg,0.0,50.0,50.0,287.0,244.7781524301317,,,,,,,,,,,,,,,,,,,,,,,244.74895796151395,,244.7489853310617,244.74899160325003,244.7781524301317,245.7615151667196,245.77815670662312,246.7615200134096,246.7615200134096,247.02817010629587,246.9950361335032,246.99504383118983,247.02817010629587,247.02817010629587,247.02817010629587,247.02817010629587,247.02817010629587,247.02817010629587,0.0292298209460568,249.69523382146144,[89.0],[-173.0],[1],[0],[0],[2.6667130428431847],249.69571193323645,249.69873997447576,,,,,,,,,,,,,,ED09,1,2024-01-15_17h37.38.109,rating,2023.2.3,60.0382390855328,2024-01-15 17h37.51.915872 +0800,
neu_186.jpg,0.0,232.0,232.0,288.0,909.734512827763,,,,,,,,,,,,,,,,,,,,,,,909.7061514197376,,909.7061819253796,909.7061887677664,909.734512827763,910.7178547520924,910.7345356357182,911.7178618795806,911.7178618795806,912.03453609188,911.9513896887512,911.9513976715352,912.03453609188,912.03453609188,912.03453609188,912.03453609188,912.03453609188,912.03453609188,0.0784074800976668,915.2022005115832,[36.0],[223.0],[1],[0],[0],[3.1666862434940413],915.2030101940144,915.205976938876,,,,,,,,,,,,,,ED09,1,2024-01-15_17h37.38.109,rating,2023.2.3,60.0382390855328,2024-01-15 17h37.51.915872 +0800,
neu_187.jpg,0.0,117.0,117.0,289.0,510.0640250682227,,,,,,,,,,,,,,,,,,,,,,,510.03512282654265,,510.03515333218456,510.0351604596726,510.0640250682227,511.0474143190622,511.0640304851149,512.0473755455387,512.0473755455387,512.3307632568394,512.2809426984313,512.2809506812155,512.3307632568394,512.3307632568394,512.3307632568394,512.3307632568394,512.3307632568394,512.3307632568394,0.0456583915620285,514.3313080818843,[-30.0],[-196.0],[1],[0],[0],[1.999977477145876],514.3319093566206,514.3349607760174,,,,,,,,,,,,,,ED09,1,2024-01-15_17h37.38.109,rating,2023.2.3,60.0382390855328,2024-01-15 17h37.51.915872 +0800,
neu_188.jpg,0.0,20.0,20.0,290.0,106.01014982546258,,,,,,,,,,,,,,,,,,,,,,,105.9807338345745,,105.98076205942198,105.9807683316103,106.01014982546258,106.99349260508824,107.01015837844534,107.99350001767743,107.99350001767743,108.24350115807464,108.22708684243116,108.22709482521532,108.24350115807464,108.24350115807464,108.24350115807464,108.24350115807464,108.24350115807464,108.24350115807464,0.0127864251589926,109.1271936977064,[177.0],[-308.0],[1],[0],[0],[0.8834005977987545],109.12760937269924,109.13061146989276,,,,,,,,,,,,,,ED09,1,2024-01-15_17h37.38.109,rating,2023.2.3,60.0382390855328,2024-01-15 17h37.51.915872 +0800,
neu_189.jpg,0.0,213.0,213.0,291.0,839.7338653669176,,,,,,,,,,,,,,,,,,,,,,,839.7055943354171,,839.7056222751598,839.7056285473482,839.7338653669176,840.7172015892575,840.7338896003712,841.7171961723689,841.7171961723689,842.0338641124799,841.9507222709435,841.9507302537277,842.0338641124799,842.0338641124799,842.0338641124799,842.0338641124799,842.0338641124799,842.0338641124799,0.0783136823811219,845.8681440710134,[35.0],[-232.0],[1],[0],[0],[3.833352530029515],845.8689452004655,845.8721263401094,,,,,,,,,,,,,,ED09,1,2024-01-15_17h37.38.109,rating,2023.2.3,60.0382390855328,2024-01-15 17h37.51.915872 +0800,
neu_19.jpg,0.0,175.0,175.0,292.0,712.9326501020078,,,,,,,,,,,,,,,,,,,,,,,712.9038821421673,,712.9039100819136,712.9039160690045,712.9326501020078,713.9159994389229,713.9326654973775,714.9159794819607,714.9159794819607,715.2159867805094,715.1495588941325,715.1495668769167,715.2159867805094,715.2159867805094,715.2159867805094,715.2159867805094,715.2159867805094,715.2159867805094,0.0621274462973815,716.0167416098084,[119.0],[-177.0],[1],[0],[0],[0.8000130005348183],716.0174463756448,716.0203643684981,,,,,,,,,,,,,,ED09,1,2024-01-15_17h37.38.109,rating,2023.2.3,60.0382390855328,2024-01-15 17h37.51.915872 +0800,
neu_190.jpg,0.0,355.0,355.0,293.0,1357.8054780718594,,,,,,,,,,,,,,,,,,,,,,,1357.7782308324786,,1357.7782610530194,1357.778268465605,1357.8054780718594,1358.7887923415435,1358.8054575446986,1359.7887980435337,1359.7887980435337,1360.1388103598292,1360.0223315546937,1360.0223398225753,1360.1388103598292,1360.1388103598292,1360.1388103598292,1360.1388103598292,1360.1388103598292,1360.1388103598292,0.1106043310028326,1360.6075358056405,[156.0],[-256.0],[1],[0],[0],[0.4670986683559022],1360.6086893180072,1360.6117284781285,,,,,,,,,,,,,,ED09,1,2024-01-15_17h37.38.109,rating,2023.2.3,60.0382390855328,2024-01-15 17h37.51.915872 +0800,
neu_191.jpg,0.0,295.0,295.0,294.0,1140.7867185281575,,,,,,,,,,,,,,,,,,,,,,,1140.7589056514698,,1140.7589358720106,1140.7589427143976,1140.7867185281575,1141.7700595971874,1141.786725940743,1142.7700687203724,1142.7700687203724,1143.1034038593352,1143.0035951040445,1143.003603086829,1143.1034038593352,1143.1034038593352,1143.1034038593352,1143.1034038593352,1143.1034038593352,1143.1034038593352,0.0945207307231612,1145.0047058514938,[44.0],[9.0],[1],[0],[0],[1.9000261721303104],1145.0057595790568,1145.008865452448,,,,,,,,,,,,,,ED09,1,2024-01-15_17h37.38.109,rating,2023.2.3,60.0382390855328,2024-01-15 17h37.51.915872 +0800,
neu_192.jpg,0.0,347.0,347.0,295.0,1330.8551934285715,,,,,,,,,,,,,,,,,,,,,,,1330.827639422183,,1330.827669927825,1330.827677055309,1330.8551934285715,1331.838535352901,1331.8552256448093,1332.8385436207864,1332.8385436207864,1333.1885761791418,1333.072077987243,1333.072085684929,1333.1885761791418,1333.1885761791418,1333.1885761791418,1333.1885761791418,1333.1885761791418,1333.1885761791418,0.110961560611031,1334.0069096702318,[64.0],[241.0],[1],[0],[0],[0.8167480530573812],1334.008031251462,1334.0109632141866,,,,,,,,,,,,,,ED09,1,2024-01-15_17h37.38.109,rating,2023.2.3,60.0382390855328,2024-01-15 17h37.51.915872 +0800,
neu_2.jpg,0.0,124.0,124.0,296.0,540.1143129046286,,,,,,,,,,,,,,,,,,,,,,,540.0855044606651,,540.0855358216031,540.08554266399,540.1143129046286,541.0976779220109,541.1143180364161,542.0976602458468,542.0976602458468,542.3810462465517,542.3312482110014,542.3312561937855,542.3810462465517,542.3810462465517,542.3810462465517,542.3810462465517,542.3810462465517,542.3810462465517,0.0455588918521243,544.881587650405,[-1.0],[-6.0],[1],[0],[0],[2.499992872515577],544.8822026099151,544.8852426253325,,,,,,,,,,,,,,ED09,1,2024-01-15_17h37.38.109,rating,2023.2.3,60.0382390855328,2024-01-15 17h37.51.915872 +0800,
neu_20.jpg,0.0,339.0,339.0,297.0,1302.0049282290638,,,,,,,,,,,,,,,,,,,,,,,1301.9774594674127,,1301.977487122058,1301.9774931091451,1302.0049282290638,1302.9882718639928,1303.004926518468,1303.9882704384945,1303.9882704384945,1304.338274486905,1304.2218062304491,1304.2218139281322,1304.338274486905,1304.338274486905,1304.338274486905,1304.338274486905,1304.338274486905,1304.338274486905,0.1108440996395074,1305.973208919735,[111.0],[321.0],[1],[0],[0],[1.6334564772878366],1305.9742806085596,1305.9773311726603,,,,,,,,,,,,,,ED09,1,2024-01-15_17h37.38.109,rating,2023.2.3,60.0382390855328,2024-01-15 17h37.51.915872 +0800,
neu_21.jpg,0.0,359.0,359.0,298.0,1371.472251270687,,,,,,,,,,,,,,,,,,,,,,,1371.4447605563764,,1371.4447910620183,1371.4447979044053,1371.472251270687,1372.4555883483265,1372.4722737935444,1373.4555977566088,1373.4555977566088,1373.8056209066854,1373.6891483737345,1373.6891566416198,1373.8056209066854,1373.8056209066854,1373.8056209066854,1373.8056209066854,1373.8056209066854,1373.8056209066854,0.1108874347555683,1374.390766712244,[-12.0],[-254.0],[1],[0],[0],[0.583510760225181],1374.3919042590423,1375.5060195897531,space,1374.405583045478,1374.405583045478,1.088031011979183,,,,,,,,,,ED09,1,2024-01-15_17h37.38.109,rating,2023.2.3,60.0382390855328,2024-01-15 17h37.51.915872 +0800,
neu_22.jpg,0.0,22.0,22.0,299.0,113.97691834865692,,,,,,,,,,,,,,,,,,,,,,,113.94767484293698,,113.94770221248471,113.94770848467306,113.97691834865692,114.96023746503124,114.9769023830886,115.9602440223207,115.9602440223207,116.21024715841486,116.19381716230056,116.19382485998722,116.21024715841486,116.21024715841486,116.21024715841486,116.21024715841486,116.21024715841486,116.21024715841486,0.0125894214434083,119.94395714612985,[70.0],[106.0],[1],[0],[0],[3.7333886806372902],119.94438336980602,119.94731647293156,,,,,,,,,,,,,,ED09,1,2024-01-15_17h37.38.109,rating,2023.2.3,60.0382390855328,2024-01-15 17h37.51.915872 +0800,
neu_23.jpg,0.0,223.0,223.0,300.0,876.0675494676034,,,,,,,,,,,,,,,,,,,,,,,876.0391763705011,,876.0392045953449,876.0392108675333,876.0675494676034,877.0509025108149,877.0675352126309,878.0508942429296,878.0508942429296,878.3675596171452,878.2844163501104,878.2844246179957,878.3675596171452,878.3675596171452,878.3675596171452,878.3675596171452,878.3675596171452,878.3675596171452,0.0784080502962751,879.7018216144133,[328.0],[-281.0],[1],[0],[0],[1.3333411260500725],879.7026253097611,879.7055769443505,,,,,,,,,,,,,,ED09,1,2024-01-15_17h37.38.109,rating,2023.2.3,60.0382390855328,2024-01-15 17h37.51.915872 +0800,
neu_24.jpg,0.0,208.0,208.0,301.0,816.983628449274,,,,,,,,,,,,,,,,,,,,,,,816.9552271273278,,816.9552573478686,816.9552641902555,816.983628449274,817.9669917560641,817.9836318704693,818.9669763606944,818.9669763606944,819.283646866701,819.2005640407478,819.200572023532,819.283646866701,819.283646866701,819.283646866701,819.283646866701,819.283646866701,819.283646866701,0.078440836732625,819.6013651131798,[-296.0],[-203.0],[1],[0],[0],[0.31683928487836965],819.6021451452689,819.6052279256037,,,,,,,,,,,,,,ED09,1,2024-01-15_17h37.38.109,rating,2023.2.3,60.0382390855328,2024-01-15 17h37.51.915872 +0800,
neu_25.jpg,0.0,363.0,363.0,302.0,1385.8390710547646,,,,,,,,,,,,,,,,,,,,,,,1385.811912481313,,1385.811942131655,1385.8119492591395,1385.8390710547646,1386.8224044261117,1386.8390573699908,1387.822399864519,1387.822399864519,1388.1724073341247,1388.0559328054806,1388.0559407882647,1388.1724073341247,1388.1724073341247,1388.1724073341247,1388.1724073341247,1388.1724073341247,1388.1724073341247,0.1105188011679274,1389.574134409566,[133.0],[-291.0],[1],[0],[0],[1.4001273824324016],1389.5752628331793,1389.5783287926497,,,,,,,,,,,,,,ED09,1,2024-01-15_17h37.38.109,rating,2023.2.3,60.0382390855328,2024-01-15 17h37.51.915872 +0800,
neu_26.jpg,0.0,314.0,314.0,303.0,1210.1040421969992,,,,,,,,,,,,,,,,,,,,,,,1210.0765303853295,,1210.0765603207692,1210.076567163156,1210.1040421969992,1211.0874112057754,1211.104048754285,1212.0873983763013,1212.0873983763013,1212.4374012843143,1212.3210137110036,1212.321022834185,1212.4374012843143,1212.4374012843143,1212.4374012843143,1212.4374012843143,1212.4374012843143,1212.4374012843143,0.1108962728394544,1214.038912653512,[185.0],[-245.0],[1],[0],[0],[1.600143176943675],1214.039964385378,1214.0431030452055,,,,,,,,,,,,,,ED09,1,2024-01-15_17h37.38.109,rating,2023.2.3,60.0382390855328,2024-01-15 17h37.51.915872 +0800,
neu_27.jpg,0.0,85.0,85.0,304.0,386.396191014348,,,,,,,,,,,,,,,,,,,,,,,386.3673061637346,,386.3673372395752,386.3673443670632,386.396191014348,387.3795144072137,387.3961964312402,388.37952181979927,388.37952181979927,388.66286505558674,388.6130564713567,388.61306416904335,388.66286505558674,388.66286505558674,388.66286505558674,388.66286505558674,388.66286505558674,388.66286505558674,0.0455748574204335,390.89661581252585,[237.0],[-311.0],[1],[0],[0],[2.2333128441860026],390.8971962750038,390.9001473393946,,,,,,,,,,,,,,ED09,1,2024-01-15_17h37.38.109,rating,2023.2.3,60.0382390855328,2024-01-15 17h37.51.915872 +0800,
neu_28.jpg,0.0,278.0,278.0,305.0,1084.9362087133231,,,,,,,,,,,,,,,,,,,,,,,1084.908291205138,,1084.9083200001803,1084.9083262723689,1084.9362087133231,1085.9195244085022,1085.93621070902,1086.9195366677814,1086.9195366677814,1087.2528723769428,1087.153080157419,1087.1530878551057,1087.2528723769428,1087.2528723769428,1087.2528723769428,1087.2528723769428,1087.2528723769428,1087.2528723769428,0.0946056903594581,1087.7541992297738,[133.0],[-231.0],[1],[0],[0],[0.5001610811887076],1087.755120100992,1087.7581695246918,,,,,,,,,,,,,,ED09,1,2024-01-15_17h37.38.109,rating,2023.2.3,60.0382390855328,2024-01-15 17h37.51.915872 +0800,
neu_29.jpg,0.0,146.0,146.0,306.0,613.231680649842,,,,,,,,,,,,,,,,,,,,,,,613.2031875258726,,613.203218316612,613.203225158999,613.231680649842,614.2150080341016,614.231689773027,615.2150302718583,615.2150302718583,615.5150315833162,615.4485743316982,615.4485823144823,615.5150315833162,615.5150315833162,615.5150315833162,615.5150315833162,615.5150315833162,615.5150315833162,0.0618631591096345,615.8656970624506,[138.0],[-265.0],[1],[0],[0],[0.35004510273211054],615.8663476593902,615.8694244526378,,,,,,,,,,,,,,ED09,1,2024-01-15_17h37.38.109,rating,2023.2.3,60.0382390855328,2024-01-15 17h37.51.915872 +0800,
neu_3.jpg,0.0,313.0,313.0,307.0,1205.537341185351,,,,,,,,,,,,,,,,,,,,,,,1205.5096585991123,,1205.5096885345556,1205.5096953769423,1205.537341185351,1206.5206759821958,1206.5373394747548,1207.5206836798825,1207.5206836798825,1207.8706908643871,1207.7542608112562,1207.7542687940404,1207.8706908643871,1207.8706908643871,1207.8706908643871,1207.8706908643871,1207.8706908643871,1207.8706908643871,0.1110556434286991,1210.072199154507,[180.0],[47.0],[1],[0],[0],[2.200154352838581],1210.073184173103,1210.0763051567628,,,,,,,,,,,,,,ED09,1,2024-01-15_17h37.38.109,rating,2023.2.3,60.0382390855328,2024-01-15 17h37.51.915872 +0800,
neu_30.jpg,0.0,237.0,237.0,308.0,936.818082603575,,,,,,,,,,,,,,,,,,,,,,,936.7899655257752,,936.7899928953228,936.7899991675076,936.818082603575,937.801443344466,937.8181265088896,938.801453322947,938.801453322947,939.1181255395496,939.0350013741772,939.0350096420624,939.1181255395496,939.1181255395496,939.1181255395496,939.1181255395496,939.1181255395496,939.1181255395496,0.0781865280223428,940.7858572427212,[-5.0],[-245.0],[1],[0],[0],[1.666704774961545],940.7866962904008,940.7896747243358,,,,,,,,,,,,,,ED09,1,2024-01-15_17h37.38.109,rating,2023.2.3,60.0382390855328,2024-01-15 17h37.51.915872 +0800,
neu_31.jpg,0.0,203.0,203.0,309.0,799.316787681877,,,,,,,,,,,,,,,,,,,,,,,799.2883413142154,,799.2883683986656,799.288374670854,799.316787681877,800.3001344529002,800.3167996560551,801.3001626777441,801.3001626777441,801.6168066695027,801.5337013206954,801.5337098736782,801.6168066695027,801.6168066695027,801.6168066695027,801.6168066695027,801.6168066695027,801.6168066695027,0.0784898738347692,804.8177122593916,[-17.0],[-24.0],[1],[0],[0],[3.200046585250675],804.8184951424737,804.8215759271152,,,,,,,,,,,,,,ED09,1,2024-01-15_17h37.38.109,rating,2023.2.3,60.0382390855328,2024-01-15 17h37.51.915872 +0800,
neu_32.jpg,0.0,3.0,3.0,310.0,28.226071318196773,,,,,,,,,,,,,,,,,,,,,,,28.196854896925288,,28.19688568766469,28.196892530051628,28.226071318196773,29.20943861637716,29.226077875484407,30.20942293590815,30.20942293590815,30.459439471676887,30.44301603285203,30.443024015636183,30.459439471676887,30.459439471676887,30.459439471676887,30.459439471676887,30.459439471676887,30.459439471676887,0.0125993999226921,32.759846764747635,[5.0],[-279.0],[1],[0],[0],[2.300144431381341],32.760225091715256,32.763299604166605,,,,,,,,,,,,,,ED09,1,2024-01-15_17h37.38.109,rating,2023.2.3,60.0382390855328,2024-01-15 17h37.51.915872 +0800,
neu_33.jpg,0.0,72.0,72.0,311.0,331.028976082438,,,,,,,,,,,,,,,,,,,,,,,330.99973571281225,,330.9997630823564,330.9997693545447,331.028976082438,332.0123288405448,332.0289914778077,333.0123576355909,333.0123576355909,333.27899860529214,333.24590397622524,333.2459128143091,333.27899860529214,333.27899860529214,333.27899860529214,333.27899860529214,333.27899860529214,333.27899860529214,0.029282279247127,335.2462047561421,[-215.0],[-264.0],[1],[0],[0],[1.9667941821462591],335.246751576884,335.2497568101717,,,,,,,,,,,,,,ED09,1,2024-01-15_17h37.38.109,rating,2023.2.3,60.0382390855328,2024-01-15 17h37.51.915872 +0800,
neu_34.jpg,0.0,216.0,216.0,312.0,853.7339737047078,,,,,,,,,,,,,,,,,,,,,,,853.7056787248512,,853.7057092304931,853.7057157877789,853.7339737047078,854.7173164843371,854.7340082017399,855.7173290287101,855.7173290287101,856.0340180661806,855.9508571229817,855.950865390867,856.0340180661806,856.0340180661806,856.0340180661806,856.0340180661806,856.0340180661806,856.0340180661806,0.0783581578907615,856.5349828427134,[147.0],[-221.0],[1],[0],[0],[0.5000279397463601],856.5358193244974,856.5388142942029,,,,,,,,,,,,,,ED09,1,2024-01-15_17h37.38.109,rating,2023.2.3,60.0382390855328,2024-01-15 17h37.51.915872 +0800,
neu_35.jpg,0.0,209.0,209.0,313.0,819.6336531959059,,,,,,,,,,,,,,,,,,,,,,,819.6054323419085,,819.6054594263551,819.6054656985434,819.6336531959059,820.6169808652667,820.6336999522173,821.6170207791874,821.6170207791874,821.9336727537302,821.8505494436577,821.8505577115393,821.9336727537302,821.9336727537302,821.9336727537302,821.9336727537302,821.9336727537302,821.9336727537302,0.0782649303728248,823.7178419226184,[15.0],[218.0],[1],[0],[0],[1.7832922029883775],823.7186210994114,824.800800160112,space,823.7336868946622,823.7336868946622,1.062507198759704,,,,,,,,,,ED09,1,2024-01-15_17h37.38.109,rating,2023.2.3,60.0382390855328,2024-01-15 17h37.51.915872 +0800,
neu_36.jpg,0.0,267.0,267.0,314.0,1051.7525450827743,,,,,,,,,,,,,,,,,,,,,,,1051.724399209932,,1051.724429715574,1051.7244365579609,1051.7525450827743,1052.735885296508,1052.752541091384,1053.7358895729994,1053.7358895729994,1054.0692326947465,1053.9694401901252,1053.9694484580104,1054.0692326947465,1054.0692326947465,1054.0692326947465,1054.0692326947465,1054.0692326947465,1054.0692326947465,0.0948557225710828,1054.6869505420873,[1.0],[-241.0],[1],[0],[0],[0.6165486545032763],1054.6878705580093,1054.6908966035517,,,,,,,,,,,,,,ED09,1,2024-01-15_17h37.38.109,rating,2023.2.3,60.0382390855328,2024-01-15 17h37.51.915872 +0800,
neu_37.jpg,0.0,33.0,33.0,315.0,168.92744504137954,,,,,,,,,,,,,,,,,,,,,,,168.89816988962048,,168.89819725916823,168.89820353135656,168.92744504137954,169.9107652981511,169.92745159866536,170.9107712852383,170.9107712852383,171.17744447118093,171.14433786793597,171.144345565619,171.17744447118093,171.17744447118093,171.17744447118093,171.17744447118093,171.17744447118093,171.17744447118093,0.0292928279232,175.27781430218602,[282.0],[-4.0],[1],[0],[0],[4.100054511014605],175.278270746403,175.28144960525242,,,,,,,,,,,,,,ED09,1,2024-01-15_17h37.38.109,rating,2023.2.3,60.0382390855328,2024-01-15 17h37.51.915872 +0800,
neu_38.jpg,0.0,256.0,256.0,316.0,1002.7354519453474,,,,,,,,,,,,,,,,,,,,,,,1002.7072020112064,,1002.70723109135,1002.7072373635384,1002.7354519453474,1003.71874055608,1003.7354165930155,1004.7187482537664,1004.7187482537664,1005.0520870990222,1004.9523427762068,1004.9523507589912,1005.0520870990222,1005.0520870990222,1005.0520870990222,1005.0520870990222,1005.0520870990222,1005.0520870990222,0.0949210103462974,1011.3032175183324,[18.0],[-12.0],[1],[0],[0],[6.250048181806051],1011.304098760731,1011.3070498251182,,,,,,,,,,,,,,ED09,1,2024-01-15_17h37.38.109,rating,2023.2.3,60.0382390855328,2024-01-15 17h37.51.915872 +0800,
neu_39.jpg,0.0,92.0,92.0,317.0,416.9131347596667,,,,,,,,,,,,,,,,,,,,,,,416.8841743576995,,416.8842017272473,416.8842079994356,416.9131347596667,417.8964946452616,417.9131461636425,418.8965419717715,418.8965419717715,419.1798202048849,419.13001276105206,419.1300204587351,419.1798202048849,419.1798202048849,419.1798202048849,419.1798202048849,419.1798202048849,419.1798202048849,0.045664378645597,420.8304527835389,[71.0],[-240.0],[1],[0],[0],[1.650129663230473],420.8309836387125,420.83414225550223,,,,,,,,,,,,,,ED09,1,2024-01-15_17h37.38.109,rating,2023.2.3,60.0382390855328,2024-01-15 17h37.51.915872 +0800,
neu_4.jpg,0.0,105.0,105.0,318.0,468.0136240473403,,,,,,,,,,,,,,,,,,,,,,,467.984857227897,,467.9848868782392,467.9848937206261,468.0136240473403,468.9970115875804,469.01362832383165,469.9969705332624,469.9969705332624,470.2803277389212,470.2305559325214,470.2305636302044,470.2803277389212,470.2803277389212,470.2803277389212,470.2803277389212,470.2803277389212,470.2803277389212,0.0454893275855283,470.5309344305461,[258.0],[-283.0],[1],[0],[0],[0.25005331359716365],470.5315408370734,470.5345765759994,,,,,,,,,,,,,,ED09,1,2024-01-15_17h37.38.109,rating,2023.2.3,60.0382390855328,2024-01-15 17h37.51.915872 +0800,
neu_40.jpg,0.0,305.0,305.0,319.0,1180.520428230775,,,,,,,,,,,,,,,,,,,,,,,1180.4927795713702,,1180.4928103621096,1180.4928172044963,1180.520428230775,1181.5037838398785,1181.520433077465,1182.5037801335857,1182.5037801335857,1182.837122685134,1182.7373122192475,1182.7373207722303,1182.837122685134,1182.837122685134,1182.837122685134,1182.837122685134,1182.837122685134,1182.837122685134,0.09436563662166,1183.3385222383258,[239.0],[-221.0],[1],[0],[0],[0.5001046315010171],1183.3395166652044,1183.342572361089,,,,,,,,,,,,,,ED09,1,2024-01-15_17h37.38.109,rating,2023.2.3,60.0382390855328,2024-01-15 17h37.51.915872 +0800,
neu_41.jpg,0.0,375.0,375.0,320.0,1427.3227801871835,,,,,,,,,,,,,,,,,,,,,,,1427.295607928958,,1427.2956378643976,1427.2956449918856,1427.3227801871835,1428.3061223966142,1428.322786744473,1429.3061320899942,1429.3061320899942,1429.6728004862634,1429.5396598991647,1429.5396678819488,1429.6728004862634,1429.6728004862634,1429.6728004862634,1429.6728004862634,1429.6728004862634,1429.6728004862634,0.1272182162574608,1430.1413018439089,[180.0],[-212.0],[1],[0],[0],[0.4667722294907435],1430.1424157274523,1430.145449185584,,,,,,,,,,,,,,ED09,1,2024-01-15_17h37.38.109,rating,2023.2.3,60.0382390855328,2024-01-15 17h37.51.915872 +0800,
neu_42.jpg,0.0,211.0,211.0,321.0,829.9837738499955,,,,,,,,,,,,,,,,,,,,,,,829.9554925549128,,829.9555247711505,829.955531898635,829.9837738499955,830.9670935365684,830.983757599326,831.9671183402206,831.9671183402206,832.2837717402581,832.2006504258825,832.2006586937641,832.2837717402581,832.2837717402581,832.2837717402581,832.2837717402581,832.2837717402581,832.2837717402581,0.0782980019102979,833.2014583977179,[86.0],[3.0],[1],[0],[0],[0.9168222359330684],833.2022341533157,833.2053006829847,,,,,,,,,,,,,,ED09,1,2024-01-15_17h37.38.109,rating,2023.2.3,60.0382390855328,2024-01-15 17h37.51.915872 +0800,
neu_43.jpg,0.0,47.0,47.0,322.0,228.96132996611777,,,,,,,,,,,,,,,,,,,,,,,228.9322595157646,,228.93228774060844,228.9322937276993,228.96132996611777,229.9446736010468,229.96133766380444,230.9446810136324,230.9446810136324,231.21135847606277,231.17821309929425,231.1782213671759,231.21135847606277,231.21135847606277,231.21135847606277,231.21135847606277,231.21135847606277,231.21135847606277,0.0291183470617397,239.4452563443192,[5.0],[-31.0],[1],[0],[0],[8.233516120093554],239.445702524954,239.44865016814947,,,,,,,,,,,,,,ED09,1,2024-01-15_17h37.38.109,rating,2023.2.3,60.0382390855328,2024-01-15 17h37.51.915872 +0800,
neu_44.jpg,0.0,164.0,164.0,323.0,675.7822778191476,,,,,,,,,,,,,,,,,,,,,,,675.753690897458,,675.7537188372044,675.7537248242916,675.7822778191476,676.7656371345438,676.7822778191476,677.7656824653568,677.7656824653568,678.0656541264725,677.9992059980359,677.9992151212173,678.0656541264725,678.0656541264725,678.0656541264725,678.0656541264725,678.0656541264725,678.0656541264725,0.0619917389594775,680.9331048356289,[-88.0],[-105.0],[1],[0],[0],[2.8667473688146856],680.9337782405237,680.9367201817331,,,,,,,,,,,,,,ED09,1,2024-01-15_17h37.38.109,rating,2023.2.3,60.0382390855328,2024-01-15 17h37.51.915872 +0800,
neu_45.jpg,0.0,31.0,31.0,324.0,161.59401867059205,,,,,,,,,,,,,,,,,,,,,,,161.56476746718909,,161.5647982579285,161.56480510031545,161.59401867059205,162.5773594545244,162.59406514180228,163.57737057340273,163.57737057340273,163.84403634675618,163.81092603721845,163.81093373490512,163.84403634675618,163.84403634675618,163.84403634675618,163.84403634675618,163.84403634675618,163.84403634675618,0.0292859855362621,165.3444098270338,[337.0],[-302.0],[1],[0],[0],[1.500041624516598],165.3448602841636,165.3479835486214,,,,,,,,,,,,,,ED09,1,2024-01-15_17h37.38.109,rating,2023.2.3,60.0382390855328,2024-01-15 17h37.51.915872 +0800,
neu_46.jpg,0.0,173.0,173.0,325.0,706.0992656408416,,,,,,,,,,,,,,,,,,,,,,,706.0705586922813,,706.0705889128258,706.0705960403102,706.0992656408416,707.0825742085362,707.099265070643,708.0825807658221,708.0825807658221,708.3825860686702,708.3161727223669,708.3161804200536,708.3825860686702,708.3825860686702,708.3825860686702,708.3825860686702,708.3825860686702,708.3825860686702,0.0620470482535893,709.7166818529622,[-104.0],[-203.0],[1],[0],[0],[1.333345402545092],709.7173772105198,709.7204015454663,,,,,,,,,,,,,,ED09,1,2024-01-15_17h37.38.109,rating,2023.2.3,60.0382390855328,2024-01-15 17h37.51.915872 +0800,
neu_47.jpg,0.0,330.0,330.0,326.0,1267.9212760595146,,,,,,,,,,,,,,,,,,,,,,,1267.9054347937636,1267.9212760595146,1268.9048149875634,1268.90482268525,1268.9379515262517,1269.9046122818545,1269.9379455391609,1270.9046191242414,1270.9046191242414,1271.25463030014,1271.1382096552916,1271.1382176380755,1271.25463030014,1271.25463030014,1271.25463030014,1271.25463030014,1271.25463030014,1271.25463030014,0.0993990673814551,1272.189495339764,[107.0],[-218.0],[1],[0],[0],[0.9334318446963152],1272.190518276584,1272.193550879416,,,,,,1268.9379515262517,,,,,,,,ED09,1,2024-01-15_17h37.38.109,rating,2023.2.3,60.0382390855328,2024-01-15 17h37.51.915872 +0800,
neu_48.jpg,0.0,215.0,215.0,327.0,849.4839212464103,,,,,,,,,,,,,,,,,,,,,,,849.4557998921191,,849.455828116963,849.4558346742488,849.4839212464103,850.4673027995632,850.483948330857,851.4672851233954,851.4672851233954,851.7839607611932,851.700810936869,851.7008192047542,851.7839607611932,851.7839607611932,851.7839607611932,851.7839607611932,851.7839607611932,851.7839607611932,0.0781848174265178,853.7015533358353,[-15.0],[-1.0],[1],[0],[0],[1.9166722736226802],853.7023273808372,853.7054477942984,,,,,,,,,,,,,,ED09,1,2024-01-15_17h37.38.109,rating,2023.2.3,60.0382390855328,2024-01-15 17h37.51.915872 +0800,
neu_49.jpg,0.0,287.0,287.0,328.0,1115.5865082958226,,,,,,,,,,,,,,,,,,,,,,,1115.5586714707824,,1115.5586988403302,1115.5587048274174,1115.5865082958226,1116.569818859214,1116.5865262570878,1117.569827697298,1117.569827697298,1117.9032075968717,1117.8034028329748,1117.803410815759,1117.9032075968717,1117.9032075968717,1117.9032075968717,1117.9032075968717,1117.9032075968717,1117.9032075968717,0.0945629254383675,1118.2044870091595,[240.0],[-241.0],[1],[0],[0],[0.30003780418701353],1118.2054523558909,1118.2085123282704,,,,,,,,,,,,,,ED09,1,2024-01-15_17h37.38.109,rating,2023.2.3,60.0382390855328,2024-01-15 17h37.51.915872 +0800,
neu_5.jpg,0.0,243.0,243.0,329.0,961.9516747882008,,,,,,,,,,,,,,,,,,,,,,,961.923395488815,,961.9234225732616,961.92342884545,961.9516747882008,962.9350178529276,962.9516910388666,963.9350284016072,963.9350284016072,964.2517217155691,964.1686029670856,964.1686109498696,964.2517217155691,964.2517217155691,964.2517217155691,964.2517217155691,964.2517217155691,964.2517217155691,0.0783524559046782,966.002738665302,[153.0],[-262.0],[1],[0],[0],[1.750001710599463],966.003582844769,966.00659976713,,,,,,,,,,,,,,ED09,1,2024-01-15_17h37.38.109,rating,2023.2.3,60.0382390855328,2024-01-15 17h37.51.915872 +0800,
neu_50.jpg,0.0,25.0,25.0,330.0,133.32708091236418,,,,,,,,,,,,,,,,,,,,,,,133.2977350559413,,133.29776299568766,133.29776898277487,133.32708091236418,134.31042226649515,134.3270868994514,135.31044649994874,135.31044649994874,135.577101439525,135.54396119454395,135.54396832202838,135.577101439525,135.577101439525,135.577101439525,135.577101439525,135.577101439525,135.577101439525,0.0293840597478265,138.87758856044093,[105.0],[-186.0],[1],[0],[0],[3.300184345302114],138.87829788786985,138.88142029702794,,,,,,,,,,,,,,ED09,1,2024-01-15_17h37.38.109,rating,2023.2.3,60.0382390855328,2024-01-15 17h37.51.915872 +0800,
neu_51.jpg,0.0,321.0,321.0,331.0,1235.370955151575,,,,,,,,,,,,,,,,,,,,,,,1235.343318466348,,1235.3433492570875,1235.3433572398717,1235.370955151575,1236.3542933696117,1236.37097795953,1237.354301637497,1237.354301637497,1237.704327923664,1237.5878314423644,1237.5878394251486,1237.704327923664,1237.704327923664,1237.704327923664,1237.704327923664,1237.704327923664,1237.704327923664,0.1110314099751121,1239.9057623730296,[196.0],[-315.0],[1],[0],[0],[2.2000269133859547],1239.9068446105375,1239.9099507690262,,,,,,,,,,,,,,ED09,1,2024-01-15_17h37.38.109,rating,2023.2.3,60.0382390855328,2024-01-15 17h37.51.915872 +0800,
neu_52.jpg,0.0,352.0,352.0,332.0,1348.6053790283113,,,,,,,,,,,,,,,,,,,,,,,1348.5781882386218,,1348.578215893267,1348.5782221654554,1348.6053790283113,1349.588707267867,1349.605368194534,1350.588713540055,1350.588713540055,1350.938719013964,1350.8222507575083,1350.822258455195,1350.938719013964,1350.938719013964,1350.938719013964,1350.938719013964,1350.938719013964,1350.938719013964,0.1106379727389139,1351.2903244659792,[35.0],[-248.0],[1],[0],[0],[0.34995957289720536],1351.2914306518396,1351.2943831417288,,,,,,,,,,,,,,ED09,1,2024-01-15_17h37.38.109,rating,2023.2.3,60.0382390855328,2024-01-15 17h37.51.915872 +0800,
neu_53.jpg,0.0,245.0,245.0,333.0,968.5350755000364,,,,,,,,,,,,,,,,,,,,,,,968.5070000467568,,968.5070302672976,968.5070371096843,968.5350755000364,969.5184148584704,969.5350803467264,970.5184248369516,970.5184248369516,970.835138678074,970.751952646122,970.751960628906,970.835138678074,970.835138678074,970.835138678074,970.835138678074,970.835138678074,970.835138678074,0.0781634349659725,971.9194750862988,[159.0],[-284.0],[1],[0],[0],[1.0833129012062273],971.9203129935776,971.9232523688916,,,,,,,,,,,,,,ED09,1,2024-01-15_17h37.38.109,rating,2023.2.3,60.0382390855328,2024-01-15 17h37.51.915872 +0800,
neu_54.jpg,0.0,179.0,179.0,334.0,724.6660815475661,,,,,,,,,,,,,,,,,,,,,,,724.6375028937582,,724.637533114299,724.6375399566859,724.6660815475661,725.6494160593102,725.6660915260472,726.6494294589829,726.6494294589829,726.9494299151411,726.8829920502867,726.883000318172,726.9494299151411,726.9494299151411,726.9494299151411,726.9494299151411,726.9494299151411,726.9494299151411,0.061949259143148,727.150228307637,[193.0],[-241.0],[1],[0],[0],[0.20004287895790185],727.1509421966548,728.3164746426846,space,727.1660883899531,727.1660883899531,1.1368357610481326,,,,,,,,,,ED09,1,2024-01-15_17h37.38.109,rating,2023.2.3,60.0382390855328,2024-01-15 17h37.51.915872 +0800,
neu_55.jpg,0.0,190.0,190.0,335.0,760.7664220133265,,,,,,,,,,,,,,,,,,,,,,,760.7379745052676,,760.7380018748117,760.7380081470001,760.7664220133265,761.7498038515805,761.7664317067065,762.7497961538938,762.7497961538938,763.0498034524389,762.9833074272974,762.9833159802802,763.0498034524389,763.0498034524389,763.0498034524389,763.0498034524389,763.0498034524389,763.0498034524389,0.0618551763254799,763.7172859786951,[99.0],[-241.0],[1],[0],[0],[0.6667079110520717],763.7180232458668,763.7211861391479,,,,,,,,,,,,,,ED09,1,2024-01-15_17h37.38.109,rating,2023.2.3,60.0382390855328,2024-01-15 17h37.51.915872 +0800,
neu_56.jpg,0.0,279.0,279.0,336.0,1087.7862401312814,,,,,,,,,,,,,,,,,,,,,,,1087.7583924724604,,1087.7584226930048,1087.7584295353918,1087.7862401312814,1088.7695518350702,1088.786259518045,1089.769563524147,1089.769563524147,1090.1029000886083,1090.0031255452525,1090.0031335280364,1090.1029000886083,1090.1029000886083,1090.1029000886083,1090.1029000886083,1090.1029000886083,1090.1029000886083,0.0945714784211304,1090.5041436353822,[126.0],[189.0],[1],[0],[0],[0.3999990876800439],1090.505056238715,1090.5080916925435,,,,,,,,,,,,,,ED09,1,2024-01-15_17h37.38.109,rating,2023.2.3,60.0382390855328,2024-01-15 17h37.51.915872 +0800,
neu_57.jpg,0.0,320.0,320.0,337.0,1232.40428413239,,,,,,,,,,,,,,,,,,,,,,,1232.3766628425328,,1232.3766933481747,1232.3766999054606,1232.40428413239,1233.387608380555,1233.4042898343796,1234.3876055295586,1234.3876055295586,1234.737613854464,1234.6211416066144,1234.6211495893986,1234.737613854464,1234.737613854464,1234.737613854464,1234.737613854464,1234.737613854464,1234.737613854464,0.11097553048603,1235.3390163156691,[7.0],[214.0],[1],[0],[0],[0.6000191586826986],1235.3400130233422,1235.3430969440742,,,,,,,,,,,,,,ED09,1,2024-01-15_17h37.38.109,rating,2023.2.3,60.0382390855328,2024-01-15 17h37.51.915872 +0800,
neu_58.jpg,0.0,241.0,241.0,338.0,956.4516223298996,,,,,,,,,,,,,,,,,,,,,,,956.4233384689252,,956.4233701149642,956.4233769573513,956.4516223298996,957.4349662499262,957.4516528355416,958.43497024132,958.43497024132,958.751645023818,958.6685202882472,958.6685277008328,958.751645023818,958.751645023818,958.751645023818,958.751645023818,958.751645023818,958.751645023818,0.0783273671513598,959.2526713818296,[190.0],[-293.0],[1],[0],[0],[0.500012259275536],959.2535027318228,959.25652820717,,,,,,,,,,,,,,ED09,1,2024-01-15_17h37.38.109,rating,2023.2.3,60.0382390855328,2024-01-15 17h37.51.915872 +0800,
neu_59.jpg,0.0,331.0,331.0,339.0,1272.2213204209877,,,,,,,,,,,,,,,,,,,,,,,1272.1937915033525,,1272.1938242897886,1272.1938322725728,1272.2213204209877,1273.2046443840518,1273.2213101574089,1274.2046537923345,1274.2046537923345,1274.5546638278356,1274.438230068412,1274.4382377660986,1274.5546638278356,1274.5546638278356,1274.5546638278356,1274.5546638278356,1274.5546638278356,1274.5546638278356,0.1108985536338877,1275.722926671282,[144.0],[-214.0],[1],[0],[0],[1.1667503908684012],1275.7239581610847,1275.7270606132845,,,,,,,,,,,,,,ED09,1,2024-01-15_17h37.38.109,rating,2023.2.3,60.0382390855328,2024-01-15 17h37.51.915872 +0800,
neu_6.jpg,0.0,115.0,115.0,340.0,501.6139642280032,,,,,,,,,,,,,,,,,,,,,,,501.585166902918,,501.5851971234588,501.5852042509469,501.6139642280032,502.5973044417333,502.613951968724,503.597345781156,503.597345781156,503.8806331374508,503.8308268340152,503.8308348167993,503.8806331374508,503.8806331374508,503.8806331374508,503.8806331374508,503.8806331374508,503.8806331374508,0.0454816299024969,506.7813284379845,[140.0],[41.0],[1],[0],[0],[2.9001424927046173],506.7819057643683,506.785141072909,,,,,,,,,,,,,,ED09,1,2024-01-15_17h37.38.109,rating,2023.2.3,60.0382390855328,2024-01-15 17h37.51.915872 +0800,
neu_60.jpg,0.0,19.0,19.0,341.0,101.493464950443,,,,,,,,,,,,,,,,,,,,,,,101.46415986324428,,101.46418751788951,101.46419379007784,101.493464950443,102.47678235622152,102.49347606932132,103.47679290490125,103.47679290490125,103.72679090920428,103.71035007931278,103.71035806209692,103.72679090920428,103.72679090920428,103.72679090920428,103.72679090920428,103.72679090920428,103.72679090920428,0.0126487221241404,105.97714642821666,[114.0],[-302.0],[1],[0],[0],[2.250068138768256],105.97758890256227,105.98052742257642,,,,,,,,,,,,,,ED09,1,2024-01-15_17h37.38.109,rating,2023.2.3,60.0382390855328,2024-01-15 17h37.51.915872 +0800,
neu_61.jpg,0.0,280.0,280.0,342.0,1090.5362349994905,,,,,,,,,,,,,,,,,,,,,,,1090.508318631706,,1090.5083485671455,1090.5083556946338,1090.5362349994905,1091.519579204618,1091.5362424120794,1092.5195846215065,1092.5195846215065,1092.8529257475602,1092.7531594720858,1092.75316745487,1092.8529257475602,1092.8529257475602,1092.8529257475602,1092.8529257475602,1092.8529257475602,1092.8529257475602,0.0946296387119218,1093.654235095284,[130.0],[-209.0],[1],[0],[0],[0.8000637482364255],1093.655147128422,1093.6581968372193,,,,,,,,,,,,,,ED09,1,2024-01-15_17h37.38.109,rating,2023.2.3,60.0382390855328,2024-01-15 17h37.51.915872 +0800,
neu_62.jpg,0.0,236.0,236.0,343.0,933.234737486131,,,,,,,,,,,,,,,,,,,,,,,933.2065927536823,,933.2066206934288,933.206626965617,933.234737486131,934.2180762743664,934.23474204772,935.218092525036,935.218092525036,935.53475846945,935.4516830560824,935.4516921792638,935.53475846945,935.53475846945,935.53475846945,935.53475846945,935.53475846945,935.53475846945,0.0781905194162391,936.785789103953,[3.0],[-175.0],[1],[0],[0],[1.2500530284996785],936.7866264410331,936.7897582584736,,,,,,,,,,,,,,ED09,1,2024-01-15_17h37.38.109,rating,2023.2.3,60.0382390855328,2024-01-15 17h37.51.915872 +0800,
neu_63.jpg,0.0,137.0,137.0,344.0,583.5813981733118,,,,,,,,,,,,,,,,,,,,,,,583.5526481747365,,583.5526781101762,583.5526852376643,583.5813981733118,584.5647369615472,584.5814001690051,585.5647489357216,585.5647489357216,585.8480819079305,585.7982904296659,585.7982984124501,585.8480819079305,585.8480819079305,585.8480819079305,585.8480819079305,585.8480819079305,585.8480819079305,0.045452264657797,587.7987722477337,[121.0],[204.0],[1],[0],[0],[1.950055138233438],587.7993797946583,587.8024597240001,,,,,,,,,,,,,,ED09,1,2024-01-15_17h37.38.109,rating,2023.2.3,60.0382390855328,2024-01-15 17h37.51.915872 +0800,
neu_64.jpg,0.0,371.0,371.0,345.0,1415.9226790339017,,,,,,,,,,,,,,,,,,,,,,,1415.8954967971913,,1415.895526162436,1415.895533004823,1415.9226790339017,1416.9060152562415,1416.9226801742989,1417.9060437661865,1417.9060437661865,1418.2726956266888,1418.139593242915,1418.1396012256992,1418.2726956266888,1418.2726956266888,1418.2726956266888,1418.2726956266888,1418.2726956266888,1418.2726956266888,0.1272239182471821,1419.09105762772,[1.0],[-25.0],[1],[0],[0],[0.8167186878126813],1419.092156400995,1419.0952106713848,,,,,,,,,,,,,,ED09,1,2024-01-15_17h37.38.109,rating,2023.2.3,60.0382390855328,2024-01-15 17h37.51.915872 +0800,
neu_65.jpg,0.0,172.0,172.0,346.0,702.7825364043492,,,,,,,,,,,,,,,,,,,,,,,702.753788401471,,702.7538194773078,702.7538263196948,702.7825364043492,703.7658925836513,703.782544957332,704.7658854561632,704.7658854561632,705.0658901888164,704.9994611620423,704.999468859729,705.0658901888164,705.0658901888164,705.0658901888164,705.0658901888164,705.0658901888164,705.0658901888164,0.0621300121893,706.0666662295152,[-10.0],[-180.0],[1],[0],[0],[1.0000516030013387],706.0673749867419,706.0703291872269,,,,,,,,,,,,,,ED09,1,2024-01-15_17h37.38.109,rating,2023.2.3,60.0382390855328,2024-01-15 17h37.51.915872 +0800,
neu_66.jpg,0.0,376.0,376.0,347.0,1430.172804477657,,,,,,,,,,,,,,,,,,,,,,,1430.1456761247464,,1430.145706060186,1430.145712902573,1430.172804477657,1431.1561501082797,1431.1728158816368,1432.1561598016633,1432.1561598016633,1432.522850720787,1432.3897075677924,1432.3897158356776,1432.522850720787,1432.522850720787,1432.522850720787,1432.522850720787,1432.522850720787,1432.522850720787,0.1272013953894202,1434.7412531489244,[99.0],[-305.0],[1],[0],[0],[2.2166596152092097],1434.742371879158,1434.7454452512138,,,,,,,,,,,,,,ED09,1,2024-01-15_17h37.38.109,rating,2023.2.3,60.0382390855328,2024-01-15 17h37.51.915872 +0800,
neu_67.jpg,0.0,126.0,126.0,348.0,547.9143880568408,,,,,,,,,,,,,,,,,,,,,,,547.8855203121966,,547.8855496774377,547.8855565198246,547.9143880568408,548.8977311215676,548.914393188632,549.8977382490557,549.8977382490557,550.181080344446,550.1313079678439,550.131315950628,550.181080344446,550.181080344446,550.181080344446,550.181080344446,550.181080344446,550.181080344446,0.0455874017970927,550.631681163024,[317.0],[-311.0],[1],[0],[0],[0.4500137988143251],550.6323351811589,550.6354912320494,,,,,,,,,,,,,,ED09,1,2024-01-15_17h37.38.109,rating,2023.2.3,60.0382390855328,2024-01-15 17h37.51.915872 +0800,
neu_68.jpg,0.0,177.0,177.0,349.0,718.699352368094,,,,,,,,,,,,,,,,,,,,,,,718.6706981629322,,718.6707258175775,718.6707320897658,718.699352368094,719.6826940073224,719.699360065777,720.6827005646119,720.6827005646119,720.9827112843486,720.916272279097,720.9162799767801,720.9827112843486,720.9827112843486,720.9827112843486,720.9827112843486,720.9827112843486,720.9827112843486,0.0620359293752699,722.1168579874029,[8.0],[-184.0],[1],[0],[0],[1.133380640836549],722.1175382346883,722.1205802458026,,,,,,,,,,,,,,ED09,1,2024-01-15_17h37.38.109,rating,2023.2.3,60.0382390855328,2024-01-15 17h37.51.915872 +0800,
neu_69.jpg,0.0,233.0,233.0,350.0,915.2345732688482,,,,,,,,,,,,,,,,,,,,,,,915.2062072992304,,915.2062378048722,915.2062449323566,915.2345732688482,916.2179080656896,916.234593796009,917.217913482582,917.217913482582,917.534598813756,917.4515288172806,917.451537085166,917.534598813756,917.534598813756,917.534598813756,917.534598813756,917.534598813756,917.534598813756,0.0784157479793066,922.2022831904214,[55.0],[186.0],[1],[0],[0],[4.666735850798432],922.203121953,922.2061591174242,,,,,,,,,,,,,,ED09,1,2024-01-15_17h37.38.109,rating,2023.2.3,60.0382390855328,2024-01-15 17h37.51.915872 +0800,
neu_7.jpg,0.0,102.0,102.0,351.0,456.0635076127255,,,,,,,,,,,,,,,,,,,,,,,456.0346159197252,,456.03464557006737,456.0346526975518,456.0635076127255,457.0468786171987,457.0635133147152,458.04685866023647,458.04685866023647,458.33021814669337,458.2804349363141,458.2804426340008,458.33021814669337,458.33021814669337,458.33021814669337,458.33021814669337,458.33021814669337,458.33021814669337,0.0456184776376176,462.0807797926064,[86.0],[-288.0],[1],[0],[0],[3.7500516029977007],462.0813899054265,462.0844464566108,,,,,,,,,,,,,,ED09,1,2024-01-15_17h37.38.109,rating,2023.2.3,60.0382390855328,2024-01-15 17h37.51.915872 +0800,
neu_70.jpg,0.0,210.0,210.0,352.0,824.8170297313118,,,,,,,,,,,,,,,,,,,,,,,824.801161096013,824.8170297313118,825.800568089162,825.8005752166464,825.8337074788433,826.8003842000144,826.8337194530177,827.8003941784955,827.8003941784955,828.1170641143035,828.0339422297293,828.0339499274123,828.1170641143035,828.1170641143035,828.1170641143035,828.1170641143035,828.1170641143035,828.1170641143035,0.0661082898914173,829.951446708641,[149.0],[1.0],[1],[0],[0],[1.833462008216884],829.9522013668793,829.955259628663,,,,,,825.8337074788433,,,,,,,,ED09,1,2024-01-15_17h37.38.109,rating,2023.2.3,60.0382390855328,2024-01-15 17h37.51.915872 +0800,
neu_71.jpg,0.0,246.0,246.0,353.0,971.9517751432068,,,,,,,,,,,,,,,,,,,,,,,971.9234547894994,,971.9234815888484,971.9234878610368,971.9517751432068,972.935175512921,972.951788827977,973.9351435817844,973.9351435817844,974.25181380269,974.1686708207562,974.1686788035404,974.25181380269,974.25181380269,974.25181380269,974.25181380269,974.25181380269,974.25181380269,0.0783823913443484,975.336300458326,[30.0],[-297.0],[1],[0],[0],[1.0834762631893682],975.3371714371387,975.340141603192,,,,,,,,,,,,,,ED09,1,2024-01-15_17h37.38.109,rating,2023.2.3,60.0382390855328,2024-01-15 17h37.51.915872 +0800,
neu_72.jpg,0.0,134.0,134.0,354.0,571.2813304336814,,,,,,,,,,,,,,,,,,,,,,,571.2525031731566,,571.2525336787985,571.2525405211854,571.2813304336814,572.2646167636194,572.2813352803714,573.2646275973966,573.2646275973966,573.5479665566927,573.4982098605615,573.4982209794398,573.5479665566927,573.5479665566927,573.5479665566927,573.5479665566927,573.5479665566927,573.5479665566927,0.0455155567360634,576.0487078152582,[181.0],[76.0],[1],[0],[0],[2.5001191715709865],576.0493395956364,576.0523816067507,,,,,,,,,,,,,,ED09,1,2024-01-15_17h37.38.109,rating,2023.2.3,60.0382390855328,2024-01-15 17h37.51.915872 +0800,
neu_73.jpg,0.0,6.0,6.0,355.0,42.44291966923811,,,,,,,,,,,,,,,,,,,,,,,42.41357951480677,,42.4136068843527,42.41361315654103,42.44291966923811,43.42621683295511,43.44290855035979,44.42622681143621,44.42622681143621,44.676232798523415,44.65979909611997,44.65980679380482,44.676232798523415,44.676232798523415,44.676232798523415,44.676232798523415,44.676232798523415,44.676232798523415,0.0126718151823297,45.676659307298905,[289.0],[-288.0],[1],[0],[0],[1.000132001045131],45.67705930182456,45.68017857489031,,,,,,,,,,,,,,ED09,1,2024-01-15_17h37.38.109,rating,2023.2.3,60.0382390855328,2024-01-15 17h37.51.915872 +0800,
neu_74.jpg,0.0,235.0,235.0,356.0,926.0680563744244,,,,,,,,,,,,,,,,,,,,,,,926.0398204101548,,926.0398514859952,926.0398583283824,926.0680563744244,927.0513427043624,927.068028149577,928.0513512573452,928.0513512573452,928.3680029467868,928.2849229718304,928.2849309546144,928.3680029467868,928.3680029467868,928.3680029467868,928.3680029467868,928.3680029467868,928.3680029467868,0.0782195995634538,933.2024987256044,[233.0],[-271.0],[1],[0],[0],[4.833512470821006],933.203357160044,933.2063860565833,,,,,,,,,,,,,,ED09,1,2024-01-15_17h37.38.109,rating,2023.2.3,60.0382390855328,2024-01-15 17h37.51.915872 +0800,
neu_75.jpg,0.0,187.0,187.0,357.0,750.4830132046663,,,,,,,,,,,,,,,,,,,,,,,750.4545126681078,,750.4545397525544,750.4545460247427,750.4830132046663,751.4663480015079,751.4829960986972,752.4663787922509,752.4663787922509,752.7663769676146,752.699876380877,752.6998846487622,752.7663769676146,752.7663769676146,752.7663769676146,752.7663769676146,752.7663769676146,752.7663769676146,0.06188995845514,753.5005904409554,[241.0],[-195.0],[1],[0],[0],[0.7334328710567206],753.5013282783293,753.504391386803,,,,,,,,,,,,,,ED09,1,2024-01-15_17h37.38.109,rating,2023.2.3,60.0382390855328,2024-01-15 17h37.51.915872 +0800,
neu_76.jpg,0.0,104.0,104.0,358.0,465.4136373899928,,,,,,,,,,,,,,,,,,,,,,,465.3847665092544,,465.3847964446941,465.384803287081,465.4136373899928,466.3969399706002,466.413642806885,467.3969488086841,467.3969488086841,467.6802826361891,467.6305196678695,467.6305279357548,467.6802826361891,467.6802826361891,467.6802826361891,467.6802826361891,467.6802826361891,467.6802826361891,0.0455745723229483,467.9808621293269,[195.0],[-283.0],[1],[0],[0],[0.3000181323259312],467.9814671103559,467.9846297185395,,,,,,,,,,,,,,ED09,1,2024-01-15_17h37.38.109,rating,2023.2.3,60.0382390855328,2024-01-15 17h37.51.915872 +0800,
neu_77.jpg,0.0,260.0,260.0,359.0,1024.9689446872835,,,,,,,,,,,,,,,,,,,,,,,1024.9409336664794,,1024.9409641721213,1024.9409710145082,1024.9689446872835,1025.9522849010173,1025.9689615081516,1026.9522931689023,1026.9522931689023,1027.285633724754,1027.1858626025933,1027.1858725810744,1027.285633724754,1027.285633724754,1027.285633724754,1027.285633724754,1027.285633724754,1027.285633724754,0.0947242917281983,1029.2035687038333,[162.0],[134.0],[1],[0],[0],[1.916779756116739],1029.2044935664453,1029.2074437755364,,,,,,,,,,,,,,ED09,1,2024-01-15_17h37.38.109,rating,2023.2.3,60.0382390855328,2024-01-15 17h37.51.915872 +0800,
neu_78.jpg,0.0,310.0,310.0,360.0,1197.5705966105088,,,,,,,,,,,,,,,,,,,,,,,1197.542793427201,,1197.542824217944,1197.542831060331,1197.5705966105088,1198.5539385348384,1198.5705983211046,1199.5539505090164,1199.5539505090164,1199.887207815831,1199.7874845903752,1199.7874922880585,1199.887207815831,1199.887207815831,1199.887207815831,1199.887207815831,1199.887207815831,1199.887207815831,0.0944371965852042,1200.188618373861,[192.0],[-242.0],[1],[0],[0],[0.3000862710941874],1200.1895994010629,1200.192655096951,,,,,,,,,,,,,,ED09,1,2024-01-15_17h37.38.109,rating,2023.2.3,60.0382390855328,2024-01-15 17h37.51.915872 +0800,
neu_79.jpg,0.0,258.0,258.0,361.0,1013.8521702340222,,,,,,,,,,,,,,,,,,,,,,,1013.824299767246,,1013.8243274218912,1013.8243336940797,1013.8521702340222,1014.8355392427984,1014.852178787005,1015.8355204262334,1015.8355204262334,1016.1688826496464,1016.0690935662168,1016.0691015490012,1016.1688826496464,1016.1688826496464,1016.1688826496464,1016.1688826496464,1016.1688826496464,1016.1688826496464,0.0946082562513765,1018.25337529237,[84.0],[101.0],[1],[0],[0],[2.0834409108611],1018.2542864702044,1018.257420283342,,,,,,,,,,,,,,ED09,1,2024-01-15_17h37.38.109,rating,2023.2.3,60.0382390855328,2024-01-15 17h37.51.915872 +0800,
neu_8.jpg,0.0,60.0,60.0,362.0,283.89519687257416,,,,,,,,,,,,,,,,,,,,,,,283.87937527868417,283.89519687257416,284.8787303837307,284.8787380814174,284.91186834791733,285.8785464945868,285.9118774710987,286.87855020087954,286.87855020087954,287.1452208209266,287.1120879885312,287.1120956862178,287.1452208209266,287.1452208209266,287.1452208209266,287.1452208209266,287.1452208209266,287.1452208209266,0.0160496734461048,289.04570514786974,[268.0],[-196.0],[1],[0],[0],[1.9000261721266725],289.046174706662,289.0492238452607,,,,,,284.91186834791733,,,,,,,,ED09,1,2024-01-15_17h37.38.109,rating,2023.2.3,60.0382390855328,2024-01-15 17h37.51.915872 +0800,
neu_80.jpg,0.0,107.0,107.0,363.0,473.363672571264,,,,,,,,,,,,,,,,,,,,,,,473.3347520832213,,473.3347825888632,473.3347894312501,473.363672571264,474.3470524138211,474.3637238891679,475.3470452863367,475.3470452863367,475.6303674247647,475.5806141498288,475.5806221326129,475.6303674247647,475.6303674247647,475.6303674247647,475.6303674247647,475.6303674247647,475.6303674247647,0.0456341581048036,475.83092034663423,[209.0],[-264.0],[1],[0],[0],[0.20002149649735657],475.83152817866,475.8345907169351,,,,,,,,,,,,,,ED09,1,2024-01-15_17h37.38.109,rating,2023.2.3,60.0382390855328,2024-01-15 17h37.51.915872 +0800,
neu_81.jpg,0.0,284.0,284.0,364.0,1106.7363944841236,,,,,,,,,,,,,,,,,,,,,,,1106.7086246574509,,1106.7086617203822,1106.7086691329678,1106.7363944841236,1107.7197461018332,1107.7363981904164,1108.7197575058126,1108.7197575058126,1109.0530977765666,1108.953300995454,1108.9533092633355,1109.0530977765666,1109.0530977765666,1109.0530977765666,1109.0530977765666,1109.0530977765666,1109.0530977765666,0.0945002035623474,1110.054350503542,[295.0],[-236.0],[1],[0],[0],[0.9999572350825474],1110.055352057905,1110.058433127644,,,,,,,,,,,,,,ED09,1,2024-01-15_17h37.38.109,rating,2023.2.3,60.0382390855328,2024-01-15 17h37.51.915872 +0800,
neu_82.jpg,0.0,139.0,139.0,365.0,590.6314650576423,,,,,,,,,,,,,,,,,,,,,,,590.6027110676732,,590.6027415733151,590.6027492710018,590.6314650576423,591.6148466107952,591.6314687639351,592.6148106882647,592.6148106882647,592.8981499326583,592.8483578841951,592.8483658669829,592.8981499326583,592.8981499326583,592.8981499326583,592.8981499326583,592.8981499326583,592.8981499326583,0.0454579666475183,593.2487678001853,[297.0],[-323.0],[1],[0],[0],[0.3500160225885338],593.2494429156759,593.2524980413655,,,,,,,,,,,,,,ED09,1,2024-01-15_17h37.38.109,rating,2023.2.3,60.0382390855328,2024-01-15 17h37.51.915872 +0800,
neu_83.jpg,0.0,225.0,225.0,366.0,882.3175848199353,,,,,,,,,,,,,,,,,,,,,,,882.2894452192813,,882.2894757249232,882.2894825673102,882.3175848199353,883.3009427098368,883.3175916623222,884.3009338717529,884.3009338717529,884.617596965174,884.5345343812842,884.5345426491658,884.617596965174,884.617596965174,884.617596965174,884.617596965174,884.617596965174,884.617596965174,0.0781771197434864,884.9520032227629,[156.0],[-270.0],[1],[0],[0],[0.33341468171056476],884.9527872462459,884.9559290421676,,,,,,,,,,,,,,ED09,1,2024-01-15_17h37.38.109,rating,2023.2.3,60.0382390855328,2024-01-15 17h37.51.915872 +0800,
neu_84.jpg,0.0,328.0,328.0,367.0,1259.8211927534576,,,,,,,,,,,,,,,,,,,,,,,1259.7936971924537,,1259.7937239918028,1259.7937302639912,1259.8211927534576,1260.804536388383,1260.8211907577606,1261.804572881112,1261.804572881112,1262.154566665944,1262.038074461132,1262.038082729017,1262.154566665944,1262.154566665944,1262.154566665944,1262.154566665944,1262.154566665944,1262.154566665944,0.110905966219434,1262.3725730909464,[322.0],[-262.0],[1],[0],[0],[0.2165738002731814],1262.3736037254494,1262.3767845799955,,,,,,,,,,,,,,ED09,1,2024-01-15_17h37.38.109,rating,2023.2.3,60.0382390855328,2024-01-15 17h37.51.915872 +0800,
neu_85.jpg,0.0,18.0,18.0,368.0,96.2600560277424,,,,,,,,,,,,,,,,,,,,,,,96.23075863822667,,96.23078629287556,96.23079256506026,96.2600560277424,97.24344556367942,97.26008425258988,98.24340279876196,98.24340279876196,98.4934290279125,98.47698962351932,98.476997321206,98.4934290279125,98.4934290279125,98.4934290279125,98.4934290279125,98.4934290279125,98.4934290279125,0.0126900615468912,101.46052883666924,[165.0],[-290.0],[1],[0],[0],[2.9668090073209896],101.46091258052547,101.46391211182345,,,,,,,,,,,,,,ED09,1,2024-01-15_17h37.38.109,rating,2023.2.3,60.0382390855328,2024-01-15 17h37.51.915872 +0800,
neu_86.jpg,0.0,206.0,206.0,369.0,811.5836168172173,,,,,,,,,,,,,,,,,,,,,,,811.5552075124833,,811.5552374479266,811.5552440052124,811.5836168172173,812.5669236743161,812.5836210937086,813.5669296614033,813.5669296614033,813.8835964611171,813.8004680192535,813.8004760020376,813.8835964611171,813.8835964611171,813.8835964611171,813.8835964611171,813.8835964611171,813.8835964611171,0.0784146075857279,814.217839641824,[339.0],[-160.0],[1],[0],[0],[0.33334198135344195],814.2185769089956,814.2216271879952,,,,,,,,,,,,,,ED09,1,2024-01-15_17h37.38.109,rating,2023.2.3,60.0382390855328,2024-01-15 17h37.51.915872 +0800,
neu_87.jpg,0.0,158.0,158.0,370.0,651.148734101429,,,,,,,,,,,,,,,,,,,,,,,651.120472478211,,651.1205035540479,651.120510681536,651.148734101429,652.1320455201167,652.1487144295679,653.1320574942947,653.1320574942947,653.4320647928398,653.3656083965216,653.3656166644032,653.4320647928398,653.4320647928398,653.4320647928398,653.4320647928398,653.4320647928398,653.4320647928398,0.0616094205979607,654.6328822869982,[33.0],[-77.0],[1],[0],[0],[1.2001258428972505],654.6336167031768,654.6366541527022,,,,,,,,,,,,,,ED09,1,2024-01-15_17h37.38.109,rating,2023.2.3,60.0382390855328,2024-01-15 17h37.51.915872 +0800,
neu_88.jpg,0.0,61.0,61.0,371.0,289.078573978175,,,,,,,,,,,,,,,,,,,,,,,289.04946076290435,,289.0494921238424,289.0494992513268,289.078573978175,290.06191533230594,290.078624155678,291.0619424167526,291.0619424167526,291.32859764142995,291.2954716514214,291.2954921785822,291.32859764142995,291.32859764142995,291.32859764142995,291.32859764142995,291.32859764142995,291.32859764142995,0.0291517036966979,291.562369780826,[317.0],[-205.0],[1],[0],[0],[0.2333997995192476],291.5628541647893,291.5659141371689,,,,,,,,,,,,,,ED09,1,2024-01-15_17h37.38.109,rating,2023.2.3,60.0382390855328,2024-01-15 17h37.51.915872 +0800,
neu_89.jpg,0.0,41.0,41.0,372.0,205.76113826525037,,,,,,,,,,,,,,,,,,,,,,,205.7317855664405,,205.7318149316852,205.73182205916964,205.76113826525037,206.744476198186,206.76115394571752,207.7444596624191,207.7444596624191,208.01116734539391,207.9780641633406,207.97807243122588,208.01116734539391,208.01116734539391,208.01116734539391,208.01116734539391,208.01116734539391,208.01116734539391,0.0294034465077857,208.3448397570028,[217.0],[-219.0],[1],[0],[0],[0.33330434822346433],208.34529990751253,208.34828090734663,,,,,,,,,,,,,,ED09,1,2024-01-15_17h37.38.109,rating,2023.2.3,60.0382390855328,2024-01-15 17h37.51.915872 +0800,
neu_9.jpg,0.0,89.0,89.0,373.0,401.8629803498043,,,,,,,,,,,,,,,,,,,,,,,401.8339794637177,,401.8340071183629,401.83401339055126,401.8629803498043,402.8463487883855,402.8629960302751,403.8463390950019,403.8463390950019,404.1296943049674,404.0798746018591,404.0798825846432,404.1296943049674,404.1296943049674,404.1296943049674,404.1296943049674,404.1296943049674,404.1296943049674,0.0457487680869235,406.6802595431327,[87.0],[-188.0],[1],[0],[0],[2.5500882667874976],406.6808117807632,408.29677598139824,space,406.6963642407754,406.6963642407754,1.584343820810318,,,,,,,,,,ED09,1,2024-01-15_17h37.38.109,rating,2023.2.3,60.0382390855328,2024-01-15 17h37.51.915872 +0800,
neu_90.jpg,0.0,345.0,345.0,374.0,1324.4884643061196,,,,,,,,,,,,,,,,,,,,,,,1324.4610947590736,,1324.4611224137188,1324.4611286859072,1324.4884643061196,1325.4718310341011,1325.4884745696982,1326.4718766500118,1326.4718766500118,1326.821855039474,1326.705388493614,1326.7053967614993,1326.821855039474,1326.821855039474,1326.821855039474,1326.821855039474,1326.821855039474,1326.821855039474,0.110789360544004,1327.2900396516309,[2.0],[-222.0],[1],[0],[0],[0.4666764360772504],1327.2911227444347,1327.2941505005765,,,,,,,,,,,,,,ED09,1,2024-01-15_17h37.38.109,rating,2023.2.3,60.0382390855328,2024-01-15 17h37.51.915872 +0800,
neu_91.jpg,0.0,349.0,349.0,375.0,1339.2886078822012,,,,,,,,,,,,,,,,,,,,,,,1339.2613863017689,,1339.2614136713164,1339.2614199435047,1339.2886078822012,1340.271944104541,1340.2886150096856,1341.2719606403116,1341.2719606403116,1341.6219661142204,1341.5055161041273,1341.5055249422112,1341.6219661142204,1341.6219661142204,1341.6219661142204,1341.6219661142204,1341.6219661142204,1341.6219661142204,0.1106106031911622,1341.9735191079344,[103.0],[-240.0],[1],[0],[0],[0.3499772490649775],1341.97458138848,1341.9775293167768,,,,,,,,,,,,,,ED09,1,2024-01-15_17h37.38.109,rating,2023.2.3,60.0382390855328,2024-01-15 17h37.51.915872 +0800,
neu_92.jpg,0.0,171.0,171.0,376.0,699.3991711588824,,,,,,,,,,,,,,,,,,,,,,,699.3704089010316,,699.370436840778,699.3704428278652,699.3991711588824,700.3825190703028,700.3991734396805,701.3825182150031,701.3825182150031,701.6825218072554,701.6160619897419,701.6160702576271,701.6825218072554,701.6825218072554,701.6825218072554,701.6825218072554,701.6825218072554,701.6825218072554,0.0621365694787527,702.7499538138873,[-274.0],[-149.0],[1],[0],[0],[1.0666796291880019],702.750631495277,702.7535648835037,,,,,,,,,,,,,,ED09,1,2024-01-15_17h37.38.109,rating,2023.2.3,60.0382390855328,2024-01-15 17h37.51.915872 +0800,
neu_93.jpg,0.0,32.0,32.0,377.0,165.3773904163245,,,,,,,,,,,,,,,,,,,,,,,165.3482153344739,,165.34824498481612,165.34825182720306,165.3773904163245,166.36073091515573,166.3774112285828,167.36075828470348,167.36075828470348,167.62740125010532,167.59427183890148,167.59427953658815,167.62740125010532,167.62740125010532,167.62740125010532,167.62740125010532,167.62740125010532,167.62740125010532,0.0292027364994282,168.8944613159947,[233.0],[-309.0],[1],[0],[0],[1.2667444608014193],168.89490179464337,168.89793325707797,,,,,,,,,,,,,,ED09,1,2024-01-15_17h37.38.109,rating,2023.2.3,60.0382390855328,2024-01-15 17h37.51.915872 +0800,
neu_94.jpg,0.0,37.0,37.0,378.0,188.72761285091477,,,,,,,,,,,,,,,,,,,,,,,188.69865529994055,,188.69868609068,188.69869293306687,188.72761285091477,189.71095677094127,189.72761912310307,190.710962472931,190.710962472931,190.9776319525772,190.94449655428616,190.94450425197283,190.9776319525772,190.9776319525772,190.9776319525772,190.9776319525772,190.9776319525772,190.9776319525772,0.0289923331038153,192.81134256751463,[160.0],[-81.0],[1],[0],[0],[1.833395865145576],192.81177078688413,192.81481080230515,,,,,,,,,,,,,,ED09,1,2024-01-15_17h37.38.109,rating,2023.2.3,60.0382390855328,2024-01-15 17h37.51.915872 +0800,
neu_95.jpg,0.0,290.0,290.0,379.0,1123.5365543108746,,,,,,,,,,,,,,,,,,,,,,,1123.5087499871695,,1123.5087802077103,1123.5087873351986,1123.5365543108746,1124.5198982309012,1124.536561438359,1125.5199344385292,1125.5199344385292,1125.8532387867526,1125.7534442864344,1125.753451984121,1125.8532387867526,1125.8532387867526,1125.8532387867526,1125.8532387867526,1125.8532387867526,1125.8532387867526,0.0945161691306566,1127.754534791824,[134.0],[-9.0],[1],[0],[0],[1.900032159217517],1127.7555497458634,1127.7585803529985,,,,,,,,,,,,,,ED09,1,2024-01-15_17h37.38.109,rating,2023.2.3,60.0382390855328,2024-01-15 17h37.51.915872 +0800,
neu_96.jpg,0.0,62.0,62.0,380.0,291.5952651253792,,,,,,,,,,,,,,,,,,,,,,,291.56623886544185,,291.56626965618125,291.5662764985682,291.5952651253792,292.5786067646113,292.5952685465745,293.578624155678,293.578624155678,293.8452833717456,293.8121710665109,293.8121790492951,293.8452833717456,293.8452833717456,293.8452833717456,293.8452833717456,293.8452833717456,293.8452833717456,0.0290636079662363,296.1124614688088,[5.0],[146.0],[1],[0],[0],[2.266792357509985],296.112964384236,296.1160725384216,,,,,,,,,,,,,,ED09,1,2024-01-15_17h37.38.109,rating,2023.2.3,60.0382390855328,2024-01-15 17h37.51.915872 +0800,
neu_97.jpg,0.0,127.0,127.0,381.0,550.6644373790477,,,,,,,,,,,,,,,,,,,,,,,550.6357178861108,,550.6357481066552,550.6357552341397,550.6644373790477,551.6477544997251,551.6644761525713,552.647766188802,552.647766188802,552.9311231093634,552.8813356224928,552.8813430350783,552.9311231093634,552.9311231093634,552.9311231093634,552.9311231093634,552.9311231093634,552.9311231093634,0.0454211888172721,553.6820821839065,[37.0],[-95.0],[1],[0],[0],[0.7502822484530043],553.6827381977382,553.6858856956496,,,,,,,,,,,,,,ED09,1,2024-01-15_17h37.38.109,rating,2023.2.3,60.0382390855328,2024-01-15 17h37.51.915872 +0800,
neu_98.jpg,0.0,154.0,154.0,382.0,639.2152971249416,,,,,,,,,,,,,,,,,,,,,,,639.1866862548995,,639.1867130542487,639.1867190413359,639.2152971249416,640.198602556542,640.2152774530805,641.1986387641737,641.1986387641737,641.4986189782721,641.4322093382616,641.4322173210458,641.4986189782721,641.4986189782721,641.4986189782721,641.4986189782721,641.4986189782721,641.4986189782721,0.0619592376206128,642.0326344785572,[12.0],[3.0],[1],[0],[0],[0.533350363275531],642.0333369635991,642.0364456879834,,,,,,,,,,,,,,ED09,1,2024-01-15_17h37.38.109,rating,2023.2.3,60.0382390855328,2024-01-15 17h37.51.915872 +0800,
neu_99.jpg,0.0,192.0,192.0,383.0,766.7998142862198,,,,,,,,,,,,,,,,,,,,,,,766.7714554440863,,766.7714862348294,766.7714930772163,766.7998142862198,767.7831527893541,767.79981827761,768.7831627678352,768.7831627678352,769.0831965806319,769.0167547243836,769.016763847565,769.0831965806319,769.0831965806319,769.0831965806319,769.0831965806319,769.0831965806319,769.0831965806319,0.0617619488039054,770.0173454504402,[-26.0],[-262.0],[1],[0],[0],[0.933348025460873],770.0180895599988,770.0211569449639,,,,,,,,,,,,,,ED09,1,2024-01-15_17h37.38.109,rating,2023.2.3,60.0382390855328,2024-01-15 17h37.51.915872 +0800,
,,,,,,,0.0091511220944084,0.0426166655452107,0.0426166655452107,12.176317187961104,space,12.121531907760072,,,,,,,,,,,,,,,,,,,,,,,,,,,,,,,,,,,,,,,,,,,,,,,,,,,,,,,,,ED09,1,2024-01-15_17h37.38.109,rating,2023.2.3,60.0382390855328,2024-01-15 17h37.51.915872 +0800,
,,,,,,,,,,,,,,12.17633514922636,12.209250735841124,12.209250735841124,13.22632021001482,space,1.0009228669150616,,,,,,,,,,,,,,,,,,,,,,,,,,,,,,,,,,,,,,,,,,,,,,,,,,ED09,1,2024-01-15_17h37.38.109,rating,2023.2.3,60.0382390855328,2024-01-15 17h37.51.915872 +0800,
,,,,,,,,,,,,,,,,,,,,,13.226337886180772,13.259289965524658,13.259289965524658,15.30967245494503,return,2.044988122757786,,,,,,,,,,,,,,,,,,,,,,,,,,,,,,,,,,,,,,,,,,,ED09,1,2024-01-15_17h37.38.109,rating,2023.2.3,60.0382390855328,2024-01-15 17h37.51.915872 +0800,
,,,,,,,,,,,,,,,,,,,,,,,,,,,,,,,,,,,,,,,,,,,,,,,,,,,,,,,,,,,,,,1455.745858360311,1455.7730565625898,1455.7730565625898,1966.461721407661,space,510.671834284236,,ED09,1,2024-01-15_17h37.38.109,rating,2023.2.3,60.0382390855328,2024-01-15 17h37.51.915872 +0800,
